match_id,date,competition_id,competition_name,season_id,category,home_team,away_team,cohort,protocol,fold,seed,model,true_label,predicted_class,predicted_score,gate_value
3825637,2015-10-25,11.0,La Liga,27.0,male,Barcelona,Eibar,elite,authoritative_rolling_origin_primary,1,142,A-MLP,1,1,0.5877716541290283,
3825638,2015-10-25,11.0,La Liga,27.0,male,Atlético Madrid,Valencia,elite,authoritative_rolling_origin_primary,1,142,A-MLP,1,1,0.6519788503646851,
3825639,2015-10-25,11.0,La Liga,27.0,male,Las Palmas,Villarreal,elite,authoritative_rolling_origin_primary,1,142,A-MLP,0,0,0.4038355350494385,
3825640,2015-10-25,11.0,La Liga,27.0,male,Levante UD,Real Sociedad,elite,authoritative_rolling_origin_primary,1,142,A-MLP,0,0,0.3260850608348846,
3825641,2015-10-26,11.0,La Liga,27.0,male,Athletic Club,Sporting Gijón,elite,authoritative_rolling_origin_primary,1,142,A-MLP,1,1,0.6165328621864319,
3825642,2015-10-30,11.0,La Liga,27.0,male,RC Deportivo La Coruña,Atlético Madrid,elite,authoritative_rolling_origin_primary,1,142,A-MLP,0,0,0.2779272794723511,
3825643,2015-10-31,11.0,La Liga,27.0,male,Real Madrid,Las Palmas,elite,authoritative_rolling_origin_primary,1,142,A-MLP,1,1,0.5580199360847473,
3825644,2015-10-31,11.0,La Liga,27.0,male,Real Sociedad,Celta Vigo,elite,authoritative_rolling_origin_primary,1,142,A-MLP,0,0,0.4657201170921325,
3825645,2015-10-31,11.0,La Liga,27.0,male,Getafe,Barcelona,elite,authoritative_rolling_origin_primary,1,142,A-MLP,0,0,0.1884625554084777,
3825646,2015-10-31,11.0,La Liga,27.0,male,Villarreal,Sevilla,elite,authoritative_rolling_origin_primary,1,142,A-MLP,1,0,0.2197253853082656,
3825647,2015-10-31,11.0,La Liga,27.0,male,Valencia,Levante UD,elite,authoritative_rolling_origin_primary,1,142,A-MLP,1,0,0.2396925389766693,
3825648,2015-11-01,11.0,La Liga,27.0,male,Eibar,Rayo Vallecano,elite,authoritative_rolling_origin_primary,1,142,A-MLP,1,0,0.335417777299881,
3825649,2015-11-01,11.0,La Liga,27.0,male,Sporting Gijón,Málaga,elite,authoritative_rolling_origin_primary,1,142,A-MLP,1,0,0.2467159777879715,
3825650,2015-11-01,11.0,La Liga,27.0,male,Real Betis,Athletic Club,elite,authoritative_rolling_origin_primary,1,142,A-MLP,0,0,0.2317110747098922,
3825651,2015-11-01,11.0,La Liga,27.0,male,Espanyol,Granada,elite,authoritative_rolling_origin_primary,1,142,A-MLP,0,0,0.474158763885498,
3825652,2015-11-06,11.0,La Liga,27.0,male,Las Palmas,Real Sociedad,elite,authoritative_rolling_origin_primary,1,142,A-MLP,1,0,0.2357517629861831,
3825653,2015-11-07,11.0,La Liga,27.0,male,Eibar,Getafe,elite,authoritative_rolling_origin_primary,1,142,A-MLP,1,1,0.6404312252998352,
3825654,2015-11-07,11.0,La Liga,27.0,male,Celta Vigo,Valencia,elite,authoritative_rolling_origin_primary,1,142,A-MLP,0,1,0.5088068842887878,
3825655,2015-11-07,11.0,La Liga,27.0,male,Rayo Vallecano,Granada,elite,authoritative_rolling_origin_primary,1,142,A-MLP,1,1,0.5253881812095642,
3825656,2015-11-07,11.0,La Liga,27.0,male,Levante UD,RC Deportivo La Coruña,elite,authoritative_rolling_origin_primary,1,142,A-MLP,0,0,0.287579745054245,
3825657,2015-11-07,11.0,La Liga,27.0,male,Málaga,Real Betis,elite,authoritative_rolling_origin_primary,1,142,A-MLP,0,1,0.6109179258346558,
3825658,2015-11-08,11.0,La Liga,27.0,male,Atlético Madrid,Sporting Gijón,elite,authoritative_rolling_origin_primary,1,142,A-MLP,1,1,0.7168980836868286,
3825659,2015-11-08,11.0,La Liga,27.0,male,Athletic Club,Espanyol,elite,authoritative_rolling_origin_primary,1,142,A-MLP,1,1,0.7872655987739563,
3825660,2015-11-08,11.0,La Liga,27.0,male,Barcelona,Villarreal,elite,authoritative_rolling_origin_primary,1,142,A-MLP,1,1,0.5746046304702759,
3825661,2015-11-08,11.0,La Liga,27.0,male,Sevilla,Real Madrid,elite,authoritative_rolling_origin_primary,1,142,A-MLP,1,1,0.6180753111839294,
266424,2015-11-21,11.0,La Liga,27.0,male,Real Madrid,Barcelona,elite,authoritative_rolling_origin_primary,1,142,A-MLP,0,0,0.4664219319820404,
3825662,2015-11-21,11.0,La Liga,27.0,male,RC Deportivo La Coruña,Celta Vigo,elite,authoritative_rolling_origin_primary,1,142,A-MLP,1,0,0.3933054804801941,
3825663,2015-11-21,11.0,La Liga,27.0,male,Espanyol,Málaga,elite,authoritative_rolling_origin_primary,1,142,A-MLP,1,0,0.2517001330852508,
3825664,2015-11-21,11.0,La Liga,27.0,male,Real Sociedad,Sevilla,elite,authoritative_rolling_origin_primary,1,142,A-MLP,1,1,0.5284630656242371,
3825888,2015-11-21,11.0,La Liga,27.0,male,Valencia,Las Palmas,elite,authoritative_rolling_origin_primary,1,142,A-MLP,0,1,0.5771392583847046,
3825665,2015-11-22,11.0,La Liga,27.0,male,Granada,Athletic Club,elite,authoritative_rolling_origin_primary,1,142,A-MLP,1,0,0.3078658580780029,
3825666,2015-11-22,11.0,La Liga,27.0,male,Real Betis,Atlético Madrid,elite,authoritative_rolling_origin_primary,1,142,A-MLP,0,0,0.1381868720054626,
3825667,2015-11-22,11.0,La Liga,27.0,male,Villarreal,Eibar,elite,authoritative_rolling_origin_primary,1,142,A-MLP,0,0,0.3422510027885437,
3825668,2015-11-22,11.0,La Liga,27.0,male,Sporting Gijón,Levante UD,elite,authoritative_rolling_origin_primary,1,142,A-MLP,0,0,0.3000175058841705,
3825669,2015-11-23,11.0,La Liga,27.0,male,Getafe,Rayo Vallecano,elite,authoritative_rolling_origin_primary,1,142,A-MLP,0,0,0.0872273370623588,
3825670,2015-11-27,11.0,La Liga,27.0,male,Levante UD,Real Betis,elite,authoritative_rolling_origin_primary,1,142,A-MLP,0,1,0.6947751641273499,
266885,2015-11-28,11.0,La Liga,27.0,male,Barcelona,Real Sociedad,elite,authoritative_rolling_origin_primary,1,142,A-MLP,1,1,0.7273151874542236,
3825671,2015-11-28,11.0,La Liga,27.0,male,Celta Vigo,Sporting Gijón,elite,authoritative_rolling_origin_primary,1,142,A-MLP,1,0,0.4628447890281677,
3825672,2015-11-28,11.0,La Liga,27.0,male,Málaga,Granada,elite,authoritative_rolling_origin_primary,1,142,A-MLP,0,1,0.5385134816169739,
3825673,2015-11-28,11.0,La Liga,27.0,male,Las Palmas,RC Deportivo La Coruña,elite,authoritative_rolling_origin_primary,1,142,A-MLP,0,1,0.5818824172019958,
3825674,2015-11-28,11.0,La Liga,27.0,male,Atlético Madrid,Espanyol,elite,authoritative_rolling_origin_primary,1,142,A-MLP,1,1,0.6727308630943298,
3825675,2015-11-29,11.0,La Liga,27.0,male,Rayo Vallecano,Athletic Club,elite,authoritative_rolling_origin_primary,1,142,A-MLP,0,0,0.2945138812065124,
3825676,2015-11-29,11.0,La Liga,27.0,male,Getafe,Villarreal,elite,authoritative_rolling_origin_primary,1,142,A-MLP,1,0,0.4693978130817413,
3825677,2015-11-29,11.0,La Liga,27.0,male,Sevilla,Valencia,elite,authoritative_rolling_origin_primary,1,142,A-MLP,1,0,0.3600720167160034,
3825678,2015-11-29,11.0,La Liga,27.0,male,Eibar,Real Madrid,elite,authoritative_rolling_origin_primary,1,142,A-MLP,0,1,0.5582042336463928,
267274,2015-12-05,11.0,La Liga,27.0,male,Valencia,Barcelona,elite,authoritative_rolling_origin_primary,1,142,A-MLP,0,0,0.1131142452359199,
3825679,2015-12-05,11.0,La Liga,27.0,male,Real Betis,Celta Vigo,elite,authoritative_rolling_origin_primary,1,142,A-MLP,0,0,0.3217757940292358,
3825680,2015-12-05,11.0,La Liga,27.0,male,RC Deportivo La Coruña,Sevilla,elite,authoritative_rolling_origin_primary,1,142,A-MLP,0,0,0.3747938275337219,
3825681,2015-12-05,11.0,La Liga,27.0,male,Real Madrid,Getafe,elite,authoritative_rolling_origin_primary,1,142,A-MLP,1,0,0.4743062555789947,
3825682,2015-12-05,11.0,La Liga,27.0,male,Granada,Atlético Madrid,elite,authoritative_rolling_origin_primary,1,142,A-MLP,0,0,0.1912276446819305,
3825683,2015-12-06,11.0,La Liga,27.0,male,Real Sociedad,Eibar,elite,authoritative_rolling_origin_primary,1,142,A-MLP,1,0,0.4442456364631653,
3825684,2015-12-06,11.0,La Liga,27.0,male,Villarreal,Rayo Vallecano,elite,authoritative_rolling_origin_primary,1,142,A-MLP,1,0,0.2232387810945511,
3825685,2015-12-06,11.0,La Liga,27.0,male,Sporting Gijón,Las Palmas,elite,authoritative_rolling_origin_primary,1,142,A-MLP,1,0,0.3128084540367126,
3825686,2015-12-06,11.0,La Liga,27.0,male,Athletic Club,Málaga,elite,authoritative_rolling_origin_primary,1,142,A-MLP,0,0,0.4793727695941925,
3825687,2015-12-07,11.0,La Liga,27.0,male,Espanyol,Levante UD,elite,authoritative_rolling_origin_primary,1,142,A-MLP,0,0,0.2255921065807342,
3825688,2015-12-11,11.0,La Liga,27.0,male,Getafe,Real Sociedad,elite,authoritative_rolling_origin_primary,1,142,A-MLP,0,1,0.5417401790618896,
266961,2015-12-12,11.0,La Liga,27.0,male,Barcelona,RC Deportivo La Coruña,elite,authoritative_rolling_origin_primary,1,142,A-MLP,0,1,0.6768010854721069,
3825689,2015-12-12,11.0,La Liga,27.0,male,Celta Vigo,Espanyol,elite,authoritative_rolling_origin_primary,1,142,A-MLP,1,1,0.5511941909790039,
3825690,2015-12-12,11.0,La Liga,27.0,male,Las Palmas,Real Betis,elite,authoritative_rolling_origin_primary,1,142,A-MLP,1,0,0.2755048274993896,
3825691,2015-12-12,11.0,La Liga,27.0,male,Levante UD,Granada,elite,authoritative_rolling_origin_primary,1,142,A-MLP,0,1,0.7270028591156006,
3825692,2015-12-12,11.0,La Liga,27.0,male,Sevilla,Sporting Gijón,elite,authoritative_rolling_origin_primary,1,142,A-MLP,1,1,0.5353535413742065,
3825693,2015-12-13,11.0,La Liga,27.0,male,Atlético Madrid,Athletic Club,elite,authoritative_rolling_origin_primary,1,142,A-MLP,1,1,0.538888156414032,
3825694,2015-12-13,11.0,La Liga,27.0,male,Eibar,Valencia,elite,authoritative_rolling_origin_primary,1,142,A-MLP,0,1,0.605021595954895,
3825695,2015-12-13,11.0,La Liga,27.0,male,Villarreal,Real Madrid,elite,authoritative_rolling_origin_primary,1,142,A-MLP,1,0,0.2968565225601196,
3825696,2015-12-13,11.0,La Liga,27.0,male,Rayo Vallecano,Málaga,elite,authoritative_rolling_origin_primary,1,142,A-MLP,0,0,0.2818568050861358,
3825697,2015-12-19,11.0,La Liga,27.0,male,Valencia,Getafe,elite,authoritative_rolling_origin_primary,1,142,A-MLP,0,0,0.1521162539720535,
3825698,2015-12-19,11.0,La Liga,27.0,male,RC Deportivo La Coruña,Eibar,elite,authoritative_rolling_origin_primary,1,142,A-MLP,1,1,0.501346230506897,
3825699,2015-12-19,11.0,La Liga,27.0,male,Real Betis,Sevilla,elite,authoritative_rolling_origin_primary,1,142,A-MLP,0,0,0.2838712036609649,
3825891,2015-12-19,11.0,La Liga,27.0,male,Espanyol,Las Palmas,elite,authoritative_rolling_origin_primary,1,142,A-MLP,1,0,0.3131488859653473,
3825700,2015-12-20,11.0,La Liga,27.0,male,Real Madrid,Rayo Vallecano,elite,authoritative_rolling_origin_primary,1,142,A-MLP,1,1,0.7517553567886353,
3825701,2015-12-20,11.0,La Liga,27.0,male,Málaga,Atlético Madrid,elite,authoritative_rolling_origin_primary,1,142,A-MLP,1,0,0.4035115838050842,
3825702,2015-12-20,11.0,La Liga,27.0,male,Real Sociedad,Villarreal,elite,authoritative_rolling_origin_primary,1,142,A-MLP,0,0,0.4485383629798889,
3825703,2015-12-20,11.0,La Liga,27.0,male,Athletic Club,Levante UD,elite,authoritative_rolling_origin_primary,1,142,A-MLP,1,0,0.4848439991474151,
3825704,2015-12-20,11.0,La Liga,27.0,male,Granada,Celta Vigo,elite,authoritative_rolling_origin_primary,1,142,A-MLP,0,0,0.4350959956645965,
267327,2015-12-30,11.0,La Liga,27.0,male,Barcelona,Real Betis,elite,authoritative_rolling_origin_primary,1,142,A-MLP,1,1,0.5476871132850647,
3825705,2015-12-30,11.0,La Liga,27.0,male,Eibar,Sporting Gijón,elite,authoritative_rolling_origin_primary,1,142,A-MLP,1,0,0.4842818975448608,
3825706,2015-12-30,11.0,La Liga,27.0,male,Celta Vigo,Athletic Club,elite,authoritative_rolling_origin_primary,1,142,A-MLP,0,0,0.1986901313066482,
3825707,2015-12-30,11.0,La Liga,27.0,male,Las Palmas,Granada,elite,authoritative_rolling_origin_primary,1,142,A-MLP,1,0,0.3991604745388031,
3825708,2015-12-30,11.0,La Liga,27.0,male,Levante UD,Málaga,elite,authoritative_rolling_origin_primary,1,142,A-MLP,0,0,0.2872951328754425,
3825709,2015-12-30,11.0,La Liga,27.0,male,Sevilla,Espanyol,elite,authoritative_rolling_origin_primary,1,142,A-MLP,1,1,0.5669227242469788,
3825710,2015-12-30,11.0,La Liga,27.0,male,Real Madrid,Real Sociedad,elite,authoritative_rolling_origin_primary,1,142,A-MLP,1,1,0.7167836427688599,
3825711,2015-12-30,11.0,La Liga,27.0,male,Rayo Vallecano,Atlético Madrid,elite,authoritative_rolling_origin_primary,1,142,A-MLP,0,0,0.1525851786136627,
3825712,2015-12-30,11.0,La Liga,27.0,male,Getafe,RC Deportivo La Coruña,elite,authoritative_rolling_origin_primary,1,142,A-MLP,0,0,0.2922309935092926,
3825713,2015-12-31,11.0,La Liga,27.0,male,Villarreal,Valencia,elite,authoritative_rolling_origin_primary,1,142,A-MLP,1,1,0.5475736856460571,
266670,2016-01-02,11.0,La Liga,27.0,male,Espanyol,Barcelona,elite,authoritative_rolling_origin_primary,1,142,A-MLP,0,0,0.1886520385742187,
3825714,2016-01-02,11.0,La Liga,27.0,male,Atlético Madrid,Levante UD,elite,authoritative_rolling_origin_primary,1,142,A-MLP,1,1,0.6608731150627136,
3825715,2016-01-02,11.0,La Liga,27.0,male,Málaga,Celta Vigo,elite,authoritative_rolling_origin_primary,1,142,A-MLP,1,1,0.620404839515686,
3825716,2016-01-03,11.0,La Liga,27.0,male,Rayo Vallecano,Real Sociedad,elite,authoritative_rolling_origin_primary,1,142,A-MLP,0,0,0.194191962480545,
3825717,2016-01-03,11.0,La Liga,27.0,male,Granada,Sevilla,elite,authoritative_rolling_origin_primary,1,142,A-MLP,1,0,0.2316899597644806,
3825718,2016-01-03,11.0,La Liga,27.0,male,Valencia,Real Madrid,elite,authoritative_rolling_origin_primary,1,142,A-MLP,0,0,0.1980724781751632,
3825719,2016-01-03,11.0,La Liga,27.0,male,Athletic Club,Las Palmas,elite,authoritative_rolling_origin_primary,1,142,A-MLP,0,1,0.6249266862869263,
3825720,2016-01-03,11.0,La Liga,27.0,male,Real Betis,Eibar,elite,authoritative_rolling_origin_primary,1,142,A-MLP,0,0,0.1517588496208191,
3825721,2016-01-03,11.0,La Liga,27.0,male,RC Deportivo La Coruña,Villarreal,elite,authoritative_rolling_origin_primary,1,142,A-MLP,0,0,0.3543573915958404,
3825722,2016-01-04,11.0,La Liga,27.0,male,Sporting Gijón,Getafe,elite,authoritative_rolling_origin_primary,1,142,A-MLP,0,0,0.4046761393547058,
266620,2016-01-09,11.0,La Liga,27.0,male,Barcelona,Granada,elite,authoritative_rolling_origin_primary,1,142,A-MLP,1,1,0.720587432384491,
3825723,2016-01-09,11.0,La Liga,27.0,male,Levante UD,Rayo Vallecano,elite,authoritative_rolling_origin_primary,1,142,A-MLP,1,1,0.5776988863945007,
3825724,2016-01-09,11.0,La Liga,27.0,male,Real Madrid,RC Deportivo La Coruña,elite,authoritative_rolling_origin_primary,1,142,A-MLP,1,1,0.7500922083854675,
3825725,2016-01-09,11.0,La Liga,27.0,male,Getafe,Real Betis,elite,authoritative_rolling_origin_primary,1,142,A-MLP,1,1,0.5017235279083252,
3825726,2016-01-09,11.0,La Liga,27.0,male,Sevilla,Athletic Club,elite,authoritative_rolling_origin_primary,1,142,A-MLP,1,0,0.4499652981758117,
3825727,2016-01-10,11.0,La Liga,27.0,male,Eibar,Espanyol,elite,authoritative_rolling_origin_primary,1,142,A-MLP,1,1,0.5947206020355225,
3825728,2016-01-10,11.0,La Liga,27.0,male,Celta Vigo,Atlético Madrid,elite,authoritative_rolling_origin_primary,1,142,A-MLP,0,0,0.1850430816411972,
3825729,2016-01-10,11.0,La Liga,27.0,male,Villarreal,Sporting Gijón,elite,authoritative_rolling_origin_primary,1,142,A-MLP,1,0,0.4809005558490753,
3825730,2016-01-10,11.0,La Liga,27.0,male,Real Sociedad,Valencia,elite,authoritative_rolling_origin_primary,1,142,A-MLP,1,0,0.2457921206951141,
3825731,2016-01-10,11.0,La Liga,27.0,male,Las Palmas,Málaga,elite,authoritative_rolling_origin_primary,1,142,A-MLP,0,0,0.3465841114521026,
3825732,2016-01-16,11.0,La Liga,27.0,male,Celta Vigo,Levante UD,elite,authoritative_rolling_origin_primary,1,142,A-MLP,1,0,0.3332798182964325,
3825733,2016-01-16,11.0,La Liga,27.0,male,Sevilla,Málaga,elite,authoritative_rolling_origin_primary,1,142,A-MLP,1,1,0.5003514289855957,
3825734,2016-01-16,11.0,La Liga,27.0,male,Real Sociedad,RC Deportivo La Coruña,elite,authoritative_rolling_origin_primary,1,142,A-MLP,0,0,0.4769266545772552,
3825735,2016-01-16,11.0,La Liga,27.0,male,Villarreal,Real Betis,elite,authoritative_rolling_origin_primary,1,142,A-MLP,0,1,0.5428653359413147,
266149,2016-01-17,11.0,La Liga,27.0,male,Barcelona,Athletic Club,elite,authoritative_rolling_origin_primary,1,142,A-MLP,1,1,0.6540305614471436,
3825736,2016-01-17,11.0,La Liga,27.0,male,Valencia,Rayo Vallecano,elite,authoritative_rolling_origin_primary,1,142,A-MLP,0,0,0.475900650024414,
3825737,2016-01-17,11.0,La Liga,27.0,male,Getafe,Espanyol,elite,authoritative_rolling_origin_primary,1,142,A-MLP,1,1,0.7417497634887695,
3825738,2016-01-17,11.0,La Liga,27.0,male,Las Palmas,Atlético Madrid,elite,authoritative_rolling_origin_primary,1,142,A-MLP,0,0,0.3094927966594696,
3825739,2016-01-17,11.0,La Liga,27.0,male,Real Madrid,Sporting Gijón,elite,authoritative_rolling_origin_primary,1,142,A-MLP,1,1,0.6673783659934998,
3825740,2016-01-18,11.0,La Liga,27.0,male,Eibar,Granada,elite,authoritative_rolling_origin_primary,1,142,A-MLP,1,1,0.8404170870780945,
3825741,2016-01-22,11.0,La Liga,27.0,male,Sporting Gijón,Real Sociedad,elite,authoritative_rolling_origin_primary,1,142,A-MLP,1,0,0.233432337641716,
265894,2016-01-23,11.0,La Liga,27.0,male,Málaga,Barcelona,elite,authoritative_rolling_origin_primary,1,142,A-MLP,0,0,0.3657417297363281,
3825742,2016-01-23,11.0,La Liga,27.0,male,Granada,Getafe,elite,authoritative_rolling_origin_primary,1,142,A-MLP,1,0,0.1521874368190765,
3825743,2016-01-23,11.0,La Liga,27.0,male,Rayo Vallecano,Celta Vigo,elite,authoritative_rolling_origin_primary,1,142,A-MLP,1,1,0.5636703968048096,
3825744,2016-01-23,11.0,La Liga,27.0,male,Espanyol,Villarreal,elite,authoritative_rolling_origin_primary,1,142,A-MLP,0,0,0.3169390261173248,
3825745,2016-01-24,11.0,La Liga,27.0,male,RC Deportivo La Coruña,Valencia,elite,authoritative_rolling_origin_primary,1,142,A-MLP,0,0,0.4845365285873413,
3825746,2016-01-24,11.0,La Liga,27.0,male,Real Betis,Real Madrid,elite,authoritative_rolling_origin_primary,1,142,A-MLP,0,0,0.2801116108894348,
3825747,2016-01-24,11.0,La Liga,27.0,male,Athletic Club,Eibar,elite,authoritative_rolling_origin_primary,1,142,A-MLP,1,0,0.2492153048515319,
3825748,2016-01-24,11.0,La Liga,27.0,male,Atlético Madrid,Sevilla,elite,authoritative_rolling_origin_primary,1,142,A-MLP,0,1,0.6199313402175903,
3825749,2016-01-25,11.0,La Liga,27.0,male,Levante UD,Las Palmas,elite,authoritative_rolling_origin_primary,1,142,A-MLP,1,0,0.4283554553985595,
267576,2016-01-30,11.0,La Liga,27.0,male,Barcelona,Atlético Madrid,elite,authoritative_rolling_origin_primary,1,142,A-MLP,1,1,0.5703421831130981,
3825750,2016-01-30,11.0,La Liga,27.0,male,Real Sociedad,Real Betis,elite,authoritative_rolling_origin_primary,1,142,A-MLP,1,1,0.5658349990844727,
3825751,2016-01-30,11.0,La Liga,27.0,male,Getafe,Athletic Club,elite,authoritative_rolling_origin_primary,1,142,A-MLP,0,1,0.5495216846466064,
3825752,2016-01-30,11.0,La Liga,27.0,male,Eibar,Málaga,elite,authoritative_rolling_origin_primary,1,142,A-MLP,0,1,0.6000600457191467,
3825753,2016-01-30,11.0,La Liga,27.0,male,Villarreal,Granada,elite,authoritative_rolling_origin_primary,1,142,A-MLP,1,1,0.6187619566917419,
3825754,2016-01-31,11.0,La Liga,27.0,male,Las Palmas,Celta Vigo,elite,authoritative_rolling_origin_primary,1,142,A-MLP,1,1,0.6179176568984985,
3825755,2016-01-31,11.0,La Liga,27.0,male,Valencia,Sporting Gijón,elite,authoritative_rolling_origin_primary,1,142,A-MLP,0,0,0.3185431063175201,
3825756,2016-01-31,11.0,La Liga,27.0,male,Sevilla,Levante UD,elite,authoritative_rolling_origin_primary,1,142,A-MLP,1,0,0.4576466679573059,
3825757,2016-01-31,11.0,La Liga,27.0,male,Real Madrid,Espanyol,elite,authoritative_rolling_origin_primary,1,142,A-MLP,1,1,0.8574122190475464,
3825758,2016-02-01,11.0,La Liga,27.0,male,RC Deportivo La Coruña,Rayo Vallecano,elite,authoritative_rolling_origin_primary,1,142,A-MLP,0,0,0.1611032038927078,
3825759,2016-02-05,11.0,La Liga,27.0,male,Málaga,Getafe,elite,authoritative_rolling_origin_primary,1,142,A-MLP,1,1,0.646281898021698,
3825760,2016-02-06,11.0,La Liga,27.0,male,Atlético Madrid,Eibar,elite,authoritative_rolling_origin_primary,1,142,A-MLP,1,1,0.5841522216796875,
3825761,2016-02-06,11.0,La Liga,27.0,male,Athletic Club,Villarreal,elite,authoritative_rolling_origin_primary,1,142,A-MLP,0,0,0.3155834972858429,
3825762,2016-02-06,11.0,La Liga,27.0,male,Sporting Gijón,RC Deportivo La Coruña,elite,authoritative_rolling_origin_primary,1,142,A-MLP,0,1,0.5194722414016724,
3825763,2016-02-06,11.0,La Liga,27.0,male,Rayo Vallecano,Las Palmas,elite,authoritative_rolling_origin_primary,1,142,A-MLP,1,1,0.6822303533554077,
266160,2016-02-07,11.0,La Liga,27.0,male,Levante UD,Barcelona,elite,authoritative_rolling_origin_primary,1,142,A-MLP,0,0,0.466992050409317,
3825764,2016-02-07,11.0,La Liga,27.0,male,Granada,Real Madrid,elite,authoritative_rolling_origin_primary,1,142,A-MLP,0,0,0.278737723827362,
3825765,2016-02-07,11.0,La Liga,27.0,male,Celta Vigo,Sevilla,elite,authoritative_rolling_origin_primary,1,142,A-MLP,0,0,0.2322780489921569,
3825766,2016-02-07,11.0,La Liga,27.0,male,Real Betis,Valencia,elite,authoritative_rolling_origin_primary,1,142,A-MLP,1,0,0.2969800233840942,
3825767,2016-02-08,11.0,La Liga,27.0,male,Espanyol,Real Sociedad,elite,authoritative_rolling_origin_primary,1,142,A-MLP,0,0,0.3550313115119934,
3825768,2016-02-12,11.0,La Liga,27.0,male,Sporting Gijón,Rayo Vallecano,elite,authoritative_rolling_origin_primary,1,142,A-MLP,0,0,0.4368922710418701,
3825769,2016-02-13,11.0,La Liga,27.0,male,Villarreal,Málaga,elite,authoritative_rolling_origin_primary,1,142,A-MLP,1,1,0.5511906743049622,
3825770,2016-02-13,11.0,La Liga,27.0,male,Real Madrid,Athletic Club,elite,authoritative_rolling_origin_primary,1,142,A-MLP,1,1,0.5989394187927246,
3825771,2016-02-13,11.0,La Liga,27.0,male,RC Deportivo La Coruña,Real Betis,elite,authoritative_rolling_origin_primary,1,142,A-MLP,0,1,0.5968150496482849,
3825772,2016-02-13,11.0,La Liga,27.0,male,Valencia,Espanyol,elite,authoritative_rolling_origin_primary,1,142,A-MLP,1,1,0.6963467001914978,
266254,2016-02-14,11.0,La Liga,27.0,male,Barcelona,Celta Vigo,elite,authoritative_rolling_origin_primary,1,142,A-MLP,1,1,0.7187220454216003,
3825773,2016-02-14,11.0,La Liga,27.0,male,Eibar,Levante UD,elite,authoritative_rolling_origin_primary,1,142,A-MLP,1,0,0.3640000820159912,
3825774,2016-02-14,11.0,La Liga,27.0,male,Getafe,Atlético Madrid,elite,authoritative_rolling_origin_primary,1,142,A-MLP,0,0,0.1960295438766479,
3825775,2016-02-14,11.0,La Liga,27.0,male,Real Sociedad,Granada,elite,authoritative_rolling_origin_primary,1,142,A-MLP,1,1,0.5997943878173828,
3825776,2016-02-14,11.0,La Liga,27.0,male,Sevilla,Las Palmas,elite,authoritative_rolling_origin_primary,1,142,A-MLP,1,0,0.3863780498504638,
266815,2016-02-17,11.0,La Liga,27.0,male,Sporting Gijón,Barcelona,elite,authoritative_rolling_origin_primary,1,142,A-MLP,0,0,0.3574278354644775,
3825777,2016-02-19,11.0,La Liga,27.0,male,Levante UD,Getafe,elite,authoritative_rolling_origin_primary,1,142,A-MLP,1,0,0.2508622705936432,
267273,2016-02-20,11.0,La Liga,27.0,male,Las Palmas,Barcelona,elite,authoritative_rolling_origin_primary,1,142,A-MLP,0,0,0.303882360458374,
3825778,2016-02-20,11.0,La Liga,27.0,male,Real Betis,Sporting Gijón,elite,authoritative_rolling_origin_primary,1,142,A-MLP,0,0,0.4380667507648468,
3825779,2016-02-20,11.0,La Liga,27.0,male,Celta Vigo,Eibar,elite,authoritative_rolling_origin_primary,1,142,A-MLP,1,0,0.3462737798690796,
3825780,2016-02-20,11.0,La Liga,27.0,male,Espanyol,RC Deportivo La Coruña,elite,authoritative_rolling_origin_primary,1,142,A-MLP,1,0,0.1410613358020782,
3825781,2016-02-21,11.0,La Liga,27.0,male,Rayo Vallecano,Sevilla,elite,authoritative_rolling_origin_primary,1,142,A-MLP,0,1,0.5895829796791077,
3825782,2016-02-21,11.0,La Liga,27.0,male,Granada,Valencia,elite,authoritative_rolling_origin_primary,1,142,A-MLP,0,0,0.170518547296524,
3825783,2016-02-21,11.0,La Liga,27.0,male,Athletic Club,Real Sociedad,elite,authoritative_rolling_origin_primary,1,142,A-MLP,0,0,0.2465477287769317,
3825784,2016-02-21,11.0,La Liga,27.0,male,Atlético Madrid,Villarreal,elite,authoritative_rolling_origin_primary,1,142,A-MLP,0,0,0.381141722202301,
3825785,2016-02-21,11.0,La Liga,27.0,male,Málaga,Real Madrid,elite,authoritative_rolling_origin_primary,1,142,A-MLP,0,0,0.449095606803894,
3825786,2016-02-26,11.0,La Liga,27.0,male,Eibar,Las Palmas,elite,authoritative_rolling_origin_primary,1,142,A-MLP,0,1,0.6693724989891052,
3825637,2015-10-25,11.0,La Liga,27.0,male,Barcelona,Eibar,elite,authoritative_rolling_origin_primary,1,142,B-GNN-full,1,0,0.3071519136428833,
3825638,2015-10-25,11.0,La Liga,27.0,male,Atlético Madrid,Valencia,elite,authoritative_rolling_origin_primary,1,142,B-GNN-full,1,0,0.2117211371660232,
3825639,2015-10-25,11.0,La Liga,27.0,male,Las Palmas,Villarreal,elite,authoritative_rolling_origin_primary,1,142,B-GNN-full,0,0,0.1466216146945953,
3825640,2015-10-25,11.0,La Liga,27.0,male,Levante UD,Real Sociedad,elite,authoritative_rolling_origin_primary,1,142,B-GNN-full,0,0,0.0665691718459129,
3825641,2015-10-26,11.0,La Liga,27.0,male,Athletic Club,Sporting Gijón,elite,authoritative_rolling_origin_primary,1,142,B-GNN-full,1,0,0.26669642329216,
3825642,2015-10-30,11.0,La Liga,27.0,male,RC Deportivo La Coruña,Atlético Madrid,elite,authoritative_rolling_origin_primary,1,142,B-GNN-full,0,0,0.1223943680524826,
3825643,2015-10-31,11.0,La Liga,27.0,male,Real Madrid,Las Palmas,elite,authoritative_rolling_origin_primary,1,142,B-GNN-full,1,1,0.6669828295707703,
3825644,2015-10-31,11.0,La Liga,27.0,male,Real Sociedad,Celta Vigo,elite,authoritative_rolling_origin_primary,1,142,B-GNN-full,0,0,0.0629164949059486,
3825645,2015-10-31,11.0,La Liga,27.0,male,Getafe,Barcelona,elite,authoritative_rolling_origin_primary,1,142,B-GNN-full,0,0,0.0178568810224533,
3825646,2015-10-31,11.0,La Liga,27.0,male,Villarreal,Sevilla,elite,authoritative_rolling_origin_primary,1,142,B-GNN-full,1,0,0.1405991017818451,
3825647,2015-10-31,11.0,La Liga,27.0,male,Valencia,Levante UD,elite,authoritative_rolling_origin_primary,1,142,B-GNN-full,1,0,0.169894278049469,
3825648,2015-11-01,11.0,La Liga,27.0,male,Eibar,Rayo Vallecano,elite,authoritative_rolling_origin_primary,1,142,B-GNN-full,1,0,0.0249918736517429,
3825649,2015-11-01,11.0,La Liga,27.0,male,Sporting Gijón,Málaga,elite,authoritative_rolling_origin_primary,1,142,B-GNN-full,1,0,0.0415001846849918,
3825650,2015-11-01,11.0,La Liga,27.0,male,Real Betis,Athletic Club,elite,authoritative_rolling_origin_primary,1,142,B-GNN-full,0,0,0.1087025851011276,
3825651,2015-11-01,11.0,La Liga,27.0,male,Espanyol,Granada,elite,authoritative_rolling_origin_primary,1,142,B-GNN-full,0,0,0.0400004908442497,
3825652,2015-11-06,11.0,La Liga,27.0,male,Las Palmas,Real Sociedad,elite,authoritative_rolling_origin_primary,1,142,B-GNN-full,1,0,0.0552468262612819,
3825653,2015-11-07,11.0,La Liga,27.0,male,Eibar,Getafe,elite,authoritative_rolling_origin_primary,1,142,B-GNN-full,1,0,0.084971122443676,
3825654,2015-11-07,11.0,La Liga,27.0,male,Celta Vigo,Valencia,elite,authoritative_rolling_origin_primary,1,142,B-GNN-full,0,0,0.1275510191917419,
3825655,2015-11-07,11.0,La Liga,27.0,male,Rayo Vallecano,Granada,elite,authoritative_rolling_origin_primary,1,142,B-GNN-full,1,0,0.0470833294093608,
3825656,2015-11-07,11.0,La Liga,27.0,male,Levante UD,RC Deportivo La Coruña,elite,authoritative_rolling_origin_primary,1,142,B-GNN-full,0,0,0.0919589698314666,
3825657,2015-11-07,11.0,La Liga,27.0,male,Málaga,Real Betis,elite,authoritative_rolling_origin_primary,1,142,B-GNN-full,0,0,0.0515272356569767,
3825658,2015-11-08,11.0,La Liga,27.0,male,Atlético Madrid,Sporting Gijón,elite,authoritative_rolling_origin_primary,1,142,B-GNN-full,1,0,0.389335423707962,
3825659,2015-11-08,11.0,La Liga,27.0,male,Athletic Club,Espanyol,elite,authoritative_rolling_origin_primary,1,142,B-GNN-full,1,0,0.0313522405922412,
3825660,2015-11-08,11.0,La Liga,27.0,male,Barcelona,Villarreal,elite,authoritative_rolling_origin_primary,1,142,B-GNN-full,1,1,0.7863186001777649,
3825661,2015-11-08,11.0,La Liga,27.0,male,Sevilla,Real Madrid,elite,authoritative_rolling_origin_primary,1,142,B-GNN-full,1,0,0.1857468038797378,
266424,2015-11-21,11.0,La Liga,27.0,male,Real Madrid,Barcelona,elite,authoritative_rolling_origin_primary,1,142,B-GNN-full,0,0,0.1991474628448486,
3825662,2015-11-21,11.0,La Liga,27.0,male,RC Deportivo La Coruña,Celta Vigo,elite,authoritative_rolling_origin_primary,1,142,B-GNN-full,1,0,0.0194715354591608,
3825663,2015-11-21,11.0,La Liga,27.0,male,Espanyol,Málaga,elite,authoritative_rolling_origin_primary,1,142,B-GNN-full,1,0,0.0367389433085918,
3825664,2015-11-21,11.0,La Liga,27.0,male,Real Sociedad,Sevilla,elite,authoritative_rolling_origin_primary,1,142,B-GNN-full,1,0,0.1669739335775375,
3825888,2015-11-21,11.0,La Liga,27.0,male,Valencia,Las Palmas,elite,authoritative_rolling_origin_primary,1,142,B-GNN-full,0,0,0.0778686329722404,
3825665,2015-11-22,11.0,La Liga,27.0,male,Granada,Athletic Club,elite,authoritative_rolling_origin_primary,1,142,B-GNN-full,1,0,0.0169720668345689,
3825666,2015-11-22,11.0,La Liga,27.0,male,Real Betis,Atlético Madrid,elite,authoritative_rolling_origin_primary,1,142,B-GNN-full,0,0,0.0669799000024795,
3825667,2015-11-22,11.0,La Liga,27.0,male,Villarreal,Eibar,elite,authoritative_rolling_origin_primary,1,142,B-GNN-full,0,0,0.1270900964736938,
3825668,2015-11-22,11.0,La Liga,27.0,male,Sporting Gijón,Levante UD,elite,authoritative_rolling_origin_primary,1,142,B-GNN-full,0,0,0.0850764065980911,
3825669,2015-11-23,11.0,La Liga,27.0,male,Getafe,Rayo Vallecano,elite,authoritative_rolling_origin_primary,1,142,B-GNN-full,0,0,0.034814029932022,
3825670,2015-11-27,11.0,La Liga,27.0,male,Levante UD,Real Betis,elite,authoritative_rolling_origin_primary,1,142,B-GNN-full,0,0,0.1250706166028976,
266885,2015-11-28,11.0,La Liga,27.0,male,Barcelona,Real Sociedad,elite,authoritative_rolling_origin_primary,1,142,B-GNN-full,1,0,0.2329037934541702,
3825671,2015-11-28,11.0,La Liga,27.0,male,Celta Vigo,Sporting Gijón,elite,authoritative_rolling_origin_primary,1,142,B-GNN-full,1,0,0.1830903887748718,
3825672,2015-11-28,11.0,La Liga,27.0,male,Málaga,Granada,elite,authoritative_rolling_origin_primary,1,142,B-GNN-full,0,0,0.0466519854962825,
3825673,2015-11-28,11.0,La Liga,27.0,male,Las Palmas,RC Deportivo La Coruña,elite,authoritative_rolling_origin_primary,1,142,B-GNN-full,0,0,0.3398324847221374,
3825674,2015-11-28,11.0,La Liga,27.0,male,Atlético Madrid,Espanyol,elite,authoritative_rolling_origin_primary,1,142,B-GNN-full,1,0,0.2950485348701477,
3825675,2015-11-29,11.0,La Liga,27.0,male,Rayo Vallecano,Athletic Club,elite,authoritative_rolling_origin_primary,1,142,B-GNN-full,0,0,0.1528863310813903,
3825676,2015-11-29,11.0,La Liga,27.0,male,Getafe,Villarreal,elite,authoritative_rolling_origin_primary,1,142,B-GNN-full,1,0,0.0519434213638305,
3825677,2015-11-29,11.0,La Liga,27.0,male,Sevilla,Valencia,elite,authoritative_rolling_origin_primary,1,142,B-GNN-full,1,0,0.3383669555187225,
3825678,2015-11-29,11.0,La Liga,27.0,male,Eibar,Real Madrid,elite,authoritative_rolling_origin_primary,1,142,B-GNN-full,0,0,0.0418816916644573,
267274,2015-12-05,11.0,La Liga,27.0,male,Valencia,Barcelona,elite,authoritative_rolling_origin_primary,1,142,B-GNN-full,0,0,0.0392665229737758,
3825679,2015-12-05,11.0,La Liga,27.0,male,Real Betis,Celta Vigo,elite,authoritative_rolling_origin_primary,1,142,B-GNN-full,0,0,0.1989454329013824,
3825680,2015-12-05,11.0,La Liga,27.0,male,RC Deportivo La Coruña,Sevilla,elite,authoritative_rolling_origin_primary,1,142,B-GNN-full,0,0,0.0337594971060752,
3825681,2015-12-05,11.0,La Liga,27.0,male,Real Madrid,Getafe,elite,authoritative_rolling_origin_primary,1,142,B-GNN-full,1,1,0.8005886673927307,
3825682,2015-12-05,11.0,La Liga,27.0,male,Granada,Atlético Madrid,elite,authoritative_rolling_origin_primary,1,142,B-GNN-full,0,0,0.1304167360067367,
3825683,2015-12-06,11.0,La Liga,27.0,male,Real Sociedad,Eibar,elite,authoritative_rolling_origin_primary,1,142,B-GNN-full,1,0,0.1315465867519378,
3825684,2015-12-06,11.0,La Liga,27.0,male,Villarreal,Rayo Vallecano,elite,authoritative_rolling_origin_primary,1,142,B-GNN-full,1,0,0.076902650296688,
3825685,2015-12-06,11.0,La Liga,27.0,male,Sporting Gijón,Las Palmas,elite,authoritative_rolling_origin_primary,1,142,B-GNN-full,1,0,0.0895440950989723,
3825686,2015-12-06,11.0,La Liga,27.0,male,Athletic Club,Málaga,elite,authoritative_rolling_origin_primary,1,142,B-GNN-full,0,0,0.0545021221041679,
3825687,2015-12-07,11.0,La Liga,27.0,male,Espanyol,Levante UD,elite,authoritative_rolling_origin_primary,1,142,B-GNN-full,0,0,0.0483723618090152,
3825688,2015-12-11,11.0,La Liga,27.0,male,Getafe,Real Sociedad,elite,authoritative_rolling_origin_primary,1,142,B-GNN-full,0,0,0.0343615524470806,
266961,2015-12-12,11.0,La Liga,27.0,male,Barcelona,RC Deportivo La Coruña,elite,authoritative_rolling_origin_primary,1,142,B-GNN-full,0,1,0.8478893041610718,
3825689,2015-12-12,11.0,La Liga,27.0,male,Celta Vigo,Espanyol,elite,authoritative_rolling_origin_primary,1,142,B-GNN-full,1,0,0.0763818472623825,
3825690,2015-12-12,11.0,La Liga,27.0,male,Las Palmas,Real Betis,elite,authoritative_rolling_origin_primary,1,142,B-GNN-full,1,0,0.2287581413984298,
3825691,2015-12-12,11.0,La Liga,27.0,male,Levante UD,Granada,elite,authoritative_rolling_origin_primary,1,142,B-GNN-full,0,0,0.0528942719101905,
3825692,2015-12-12,11.0,La Liga,27.0,male,Sevilla,Sporting Gijón,elite,authoritative_rolling_origin_primary,1,142,B-GNN-full,1,0,0.4582162797451019,
3825693,2015-12-13,11.0,La Liga,27.0,male,Atlético Madrid,Athletic Club,elite,authoritative_rolling_origin_primary,1,142,B-GNN-full,1,0,0.0540233738720417,
3825694,2015-12-13,11.0,La Liga,27.0,male,Eibar,Valencia,elite,authoritative_rolling_origin_primary,1,142,B-GNN-full,0,0,0.0785781368613243,
3825695,2015-12-13,11.0,La Liga,27.0,male,Villarreal,Real Madrid,elite,authoritative_rolling_origin_primary,1,142,B-GNN-full,1,0,0.0535947419703006,
3825696,2015-12-13,11.0,La Liga,27.0,male,Rayo Vallecano,Málaga,elite,authoritative_rolling_origin_primary,1,142,B-GNN-full,0,0,0.0480958223342895,
3825697,2015-12-19,11.0,La Liga,27.0,male,Valencia,Getafe,elite,authoritative_rolling_origin_primary,1,142,B-GNN-full,0,0,0.2222514599561691,
3825698,2015-12-19,11.0,La Liga,27.0,male,RC Deportivo La Coruña,Eibar,elite,authoritative_rolling_origin_primary,1,142,B-GNN-full,1,0,0.0888560712337493,
3825699,2015-12-19,11.0,La Liga,27.0,male,Real Betis,Sevilla,elite,authoritative_rolling_origin_primary,1,142,B-GNN-full,0,0,0.0410935059189796,
3825891,2015-12-19,11.0,La Liga,27.0,male,Espanyol,Las Palmas,elite,authoritative_rolling_origin_primary,1,142,B-GNN-full,1,0,0.0692829564213752,
3825700,2015-12-20,11.0,La Liga,27.0,male,Real Madrid,Rayo Vallecano,elite,authoritative_rolling_origin_primary,1,142,B-GNN-full,1,1,0.7206190824508667,
3825701,2015-12-20,11.0,La Liga,27.0,male,Málaga,Atlético Madrid,elite,authoritative_rolling_origin_primary,1,142,B-GNN-full,1,0,0.1292083263397216,
3825702,2015-12-20,11.0,La Liga,27.0,male,Real Sociedad,Villarreal,elite,authoritative_rolling_origin_primary,1,142,B-GNN-full,0,0,0.4837386608123779,
3825703,2015-12-20,11.0,La Liga,27.0,male,Athletic Club,Levante UD,elite,authoritative_rolling_origin_primary,1,142,B-GNN-full,1,0,0.1405091285705566,
3825704,2015-12-20,11.0,La Liga,27.0,male,Granada,Celta Vigo,elite,authoritative_rolling_origin_primary,1,142,B-GNN-full,0,0,0.0641205087304115,
267327,2015-12-30,11.0,La Liga,27.0,male,Barcelona,Real Betis,elite,authoritative_rolling_origin_primary,1,142,B-GNN-full,1,1,0.5649515986442566,
3825705,2015-12-30,11.0,La Liga,27.0,male,Eibar,Sporting Gijón,elite,authoritative_rolling_origin_primary,1,142,B-GNN-full,1,0,0.0598259568214416,
3825706,2015-12-30,11.0,La Liga,27.0,male,Celta Vigo,Athletic Club,elite,authoritative_rolling_origin_primary,1,142,B-GNN-full,0,0,0.1604288816452026,
3825707,2015-12-30,11.0,La Liga,27.0,male,Las Palmas,Granada,elite,authoritative_rolling_origin_primary,1,142,B-GNN-full,1,0,0.2013671398162841,
3825708,2015-12-30,11.0,La Liga,27.0,male,Levante UD,Málaga,elite,authoritative_rolling_origin_primary,1,142,B-GNN-full,0,0,0.0367436371743679,
3825709,2015-12-30,11.0,La Liga,27.0,male,Sevilla,Espanyol,elite,authoritative_rolling_origin_primary,1,142,B-GNN-full,1,0,0.1275630742311477,
3825710,2015-12-30,11.0,La Liga,27.0,male,Real Madrid,Real Sociedad,elite,authoritative_rolling_origin_primary,1,142,B-GNN-full,1,0,0.4310483336448669,
3825711,2015-12-30,11.0,La Liga,27.0,male,Rayo Vallecano,Atlético Madrid,elite,authoritative_rolling_origin_primary,1,142,B-GNN-full,0,0,0.0810094028711319,
3825712,2015-12-30,11.0,La Liga,27.0,male,Getafe,RC Deportivo La Coruña,elite,authoritative_rolling_origin_primary,1,142,B-GNN-full,0,0,0.0811010152101516,
3825713,2015-12-31,11.0,La Liga,27.0,male,Villarreal,Valencia,elite,authoritative_rolling_origin_primary,1,142,B-GNN-full,1,0,0.084534615278244,
266670,2016-01-02,11.0,La Liga,27.0,male,Espanyol,Barcelona,elite,authoritative_rolling_origin_primary,1,142,B-GNN-full,0,0,0.0173346474766731,
3825714,2016-01-02,11.0,La Liga,27.0,male,Atlético Madrid,Levante UD,elite,authoritative_rolling_origin_primary,1,142,B-GNN-full,1,0,0.0981417670845985,
3825715,2016-01-02,11.0,La Liga,27.0,male,Málaga,Celta Vigo,elite,authoritative_rolling_origin_primary,1,142,B-GNN-full,1,0,0.0995012298226356,
3825716,2016-01-03,11.0,La Liga,27.0,male,Rayo Vallecano,Real Sociedad,elite,authoritative_rolling_origin_primary,1,142,B-GNN-full,0,0,0.0269666332751512,
3825717,2016-01-03,11.0,La Liga,27.0,male,Granada,Sevilla,elite,authoritative_rolling_origin_primary,1,142,B-GNN-full,1,0,0.046791948378086,
3825718,2016-01-03,11.0,La Liga,27.0,male,Valencia,Real Madrid,elite,authoritative_rolling_origin_primary,1,142,B-GNN-full,0,0,0.3546876609325409,
3825719,2016-01-03,11.0,La Liga,27.0,male,Athletic Club,Las Palmas,elite,authoritative_rolling_origin_primary,1,142,B-GNN-full,0,0,0.048907846212387,
3825720,2016-01-03,11.0,La Liga,27.0,male,Real Betis,Eibar,elite,authoritative_rolling_origin_primary,1,142,B-GNN-full,0,0,0.1425215601921081,
3825721,2016-01-03,11.0,La Liga,27.0,male,RC Deportivo La Coruña,Villarreal,elite,authoritative_rolling_origin_primary,1,142,B-GNN-full,0,0,0.1147540956735611,
3825722,2016-01-04,11.0,La Liga,27.0,male,Sporting Gijón,Getafe,elite,authoritative_rolling_origin_primary,1,142,B-GNN-full,0,0,0.0640863627195358,
266620,2016-01-09,11.0,La Liga,27.0,male,Barcelona,Granada,elite,authoritative_rolling_origin_primary,1,142,B-GNN-full,1,1,0.8071473240852356,
3825723,2016-01-09,11.0,La Liga,27.0,male,Levante UD,Rayo Vallecano,elite,authoritative_rolling_origin_primary,1,142,B-GNN-full,1,0,0.0264544319361448,
3825724,2016-01-09,11.0,La Liga,27.0,male,Real Madrid,RC Deportivo La Coruña,elite,authoritative_rolling_origin_primary,1,142,B-GNN-full,1,0,0.4277457594871521,
3825725,2016-01-09,11.0,La Liga,27.0,male,Getafe,Real Betis,elite,authoritative_rolling_origin_primary,1,142,B-GNN-full,1,0,0.068534605205059,
3825726,2016-01-09,11.0,La Liga,27.0,male,Sevilla,Athletic Club,elite,authoritative_rolling_origin_primary,1,142,B-GNN-full,1,0,0.0685067549347877,
3825727,2016-01-10,11.0,La Liga,27.0,male,Eibar,Espanyol,elite,authoritative_rolling_origin_primary,1,142,B-GNN-full,1,0,0.1395530700683593,
3825728,2016-01-10,11.0,La Liga,27.0,male,Celta Vigo,Atlético Madrid,elite,authoritative_rolling_origin_primary,1,142,B-GNN-full,0,0,0.1843649446964264,
3825729,2016-01-10,11.0,La Liga,27.0,male,Villarreal,Sporting Gijón,elite,authoritative_rolling_origin_primary,1,142,B-GNN-full,1,0,0.0872876793146133,
3825730,2016-01-10,11.0,La Liga,27.0,male,Real Sociedad,Valencia,elite,authoritative_rolling_origin_primary,1,142,B-GNN-full,1,0,0.1816218942403793,
3825731,2016-01-10,11.0,La Liga,27.0,male,Las Palmas,Málaga,elite,authoritative_rolling_origin_primary,1,142,B-GNN-full,0,0,0.1454229354858398,
3825732,2016-01-16,11.0,La Liga,27.0,male,Celta Vigo,Levante UD,elite,authoritative_rolling_origin_primary,1,142,B-GNN-full,1,1,0.5749995708465576,
3825733,2016-01-16,11.0,La Liga,27.0,male,Sevilla,Málaga,elite,authoritative_rolling_origin_primary,1,142,B-GNN-full,1,0,0.0769006609916687,
3825734,2016-01-16,11.0,La Liga,27.0,male,Real Sociedad,RC Deportivo La Coruña,elite,authoritative_rolling_origin_primary,1,142,B-GNN-full,0,1,0.6390054821968079,
3825735,2016-01-16,11.0,La Liga,27.0,male,Villarreal,Real Betis,elite,authoritative_rolling_origin_primary,1,142,B-GNN-full,0,0,0.1329738050699234,
266149,2016-01-17,11.0,La Liga,27.0,male,Barcelona,Athletic Club,elite,authoritative_rolling_origin_primary,1,142,B-GNN-full,1,1,0.7566441893577576,
3825736,2016-01-17,11.0,La Liga,27.0,male,Valencia,Rayo Vallecano,elite,authoritative_rolling_origin_primary,1,142,B-GNN-full,0,0,0.0861217305064201,
3825737,2016-01-17,11.0,La Liga,27.0,male,Getafe,Espanyol,elite,authoritative_rolling_origin_primary,1,142,B-GNN-full,1,0,0.1197239309549331,
3825738,2016-01-17,11.0,La Liga,27.0,male,Las Palmas,Atlético Madrid,elite,authoritative_rolling_origin_primary,1,142,B-GNN-full,0,0,0.4576888382434845,
3825739,2016-01-17,11.0,La Liga,27.0,male,Real Madrid,Sporting Gijón,elite,authoritative_rolling_origin_primary,1,142,B-GNN-full,1,1,0.8874437212944031,
3825740,2016-01-18,11.0,La Liga,27.0,male,Eibar,Granada,elite,authoritative_rolling_origin_primary,1,142,B-GNN-full,1,0,0.0755676850676536,
3825741,2016-01-22,11.0,La Liga,27.0,male,Sporting Gijón,Real Sociedad,elite,authoritative_rolling_origin_primary,1,142,B-GNN-full,1,0,0.2988472878932953,
265894,2016-01-23,11.0,La Liga,27.0,male,Málaga,Barcelona,elite,authoritative_rolling_origin_primary,1,142,B-GNN-full,0,0,0.0387295596301555,
3825742,2016-01-23,11.0,La Liga,27.0,male,Granada,Getafe,elite,authoritative_rolling_origin_primary,1,142,B-GNN-full,1,0,0.2088527381420135,
3825743,2016-01-23,11.0,La Liga,27.0,male,Rayo Vallecano,Celta Vigo,elite,authoritative_rolling_origin_primary,1,142,B-GNN-full,1,0,0.1548098176717758,
3825744,2016-01-23,11.0,La Liga,27.0,male,Espanyol,Villarreal,elite,authoritative_rolling_origin_primary,1,142,B-GNN-full,0,0,0.0816933289170265,
3825745,2016-01-24,11.0,La Liga,27.0,male,RC Deportivo La Coruña,Valencia,elite,authoritative_rolling_origin_primary,1,142,B-GNN-full,0,0,0.078285314142704,
3825746,2016-01-24,11.0,La Liga,27.0,male,Real Betis,Real Madrid,elite,authoritative_rolling_origin_primary,1,142,B-GNN-full,0,0,0.0275008864700794,
3825747,2016-01-24,11.0,La Liga,27.0,male,Athletic Club,Eibar,elite,authoritative_rolling_origin_primary,1,142,B-GNN-full,1,0,0.0661271139979362,
3825748,2016-01-24,11.0,La Liga,27.0,male,Atlético Madrid,Sevilla,elite,authoritative_rolling_origin_primary,1,142,B-GNN-full,0,0,0.3806636333465576,
3825749,2016-01-25,11.0,La Liga,27.0,male,Levante UD,Las Palmas,elite,authoritative_rolling_origin_primary,1,142,B-GNN-full,1,0,0.0330432765185833,
267576,2016-01-30,11.0,La Liga,27.0,male,Barcelona,Atlético Madrid,elite,authoritative_rolling_origin_primary,1,142,B-GNN-full,1,1,0.7257353663444519,
3825750,2016-01-30,11.0,La Liga,27.0,male,Real Sociedad,Real Betis,elite,authoritative_rolling_origin_primary,1,142,B-GNN-full,1,0,0.0663625374436378,
3825751,2016-01-30,11.0,La Liga,27.0,male,Getafe,Athletic Club,elite,authoritative_rolling_origin_primary,1,142,B-GNN-full,0,0,0.0534346960484981,
3825752,2016-01-30,11.0,La Liga,27.0,male,Eibar,Málaga,elite,authoritative_rolling_origin_primary,1,142,B-GNN-full,0,0,0.0490177646279335,
3825753,2016-01-30,11.0,La Liga,27.0,male,Villarreal,Granada,elite,authoritative_rolling_origin_primary,1,142,B-GNN-full,1,0,0.2901865839958191,
3825754,2016-01-31,11.0,La Liga,27.0,male,Las Palmas,Celta Vigo,elite,authoritative_rolling_origin_primary,1,142,B-GNN-full,1,0,0.1558864861726761,
3825755,2016-01-31,11.0,La Liga,27.0,male,Valencia,Sporting Gijón,elite,authoritative_rolling_origin_primary,1,142,B-GNN-full,0,0,0.286276638507843,
3825756,2016-01-31,11.0,La Liga,27.0,male,Sevilla,Levante UD,elite,authoritative_rolling_origin_primary,1,142,B-GNN-full,1,0,0.1344950944185257,
3825757,2016-01-31,11.0,La Liga,27.0,male,Real Madrid,Espanyol,elite,authoritative_rolling_origin_primary,1,142,B-GNN-full,1,1,0.8219175338745117,
3825758,2016-02-01,11.0,La Liga,27.0,male,RC Deportivo La Coruña,Rayo Vallecano,elite,authoritative_rolling_origin_primary,1,142,B-GNN-full,0,0,0.0848657116293907,
3825759,2016-02-05,11.0,La Liga,27.0,male,Málaga,Getafe,elite,authoritative_rolling_origin_primary,1,142,B-GNN-full,1,0,0.0862550437450409,
3825760,2016-02-06,11.0,La Liga,27.0,male,Atlético Madrid,Eibar,elite,authoritative_rolling_origin_primary,1,142,B-GNN-full,1,0,0.0524939410388469,
3825761,2016-02-06,11.0,La Liga,27.0,male,Athletic Club,Villarreal,elite,authoritative_rolling_origin_primary,1,142,B-GNN-full,0,0,0.1334616392850875,
3825762,2016-02-06,11.0,La Liga,27.0,male,Sporting Gijón,RC Deportivo La Coruña,elite,authoritative_rolling_origin_primary,1,142,B-GNN-full,0,0,0.0492478981614112,
3825763,2016-02-06,11.0,La Liga,27.0,male,Rayo Vallecano,Las Palmas,elite,authoritative_rolling_origin_primary,1,142,B-GNN-full,1,0,0.1669065058231353,
266160,2016-02-07,11.0,La Liga,27.0,male,Levante UD,Barcelona,elite,authoritative_rolling_origin_primary,1,142,B-GNN-full,0,0,0.0365068353712558,
3825764,2016-02-07,11.0,La Liga,27.0,male,Granada,Real Madrid,elite,authoritative_rolling_origin_primary,1,142,B-GNN-full,0,0,0.0734590291976928,
3825765,2016-02-07,11.0,La Liga,27.0,male,Celta Vigo,Sevilla,elite,authoritative_rolling_origin_primary,1,142,B-GNN-full,0,1,0.8008700013160706,
3825766,2016-02-07,11.0,La Liga,27.0,male,Real Betis,Valencia,elite,authoritative_rolling_origin_primary,1,142,B-GNN-full,1,0,0.0363880023360252,
3825767,2016-02-08,11.0,La Liga,27.0,male,Espanyol,Real Sociedad,elite,authoritative_rolling_origin_primary,1,142,B-GNN-full,0,0,0.117156334221363,
3825768,2016-02-12,11.0,La Liga,27.0,male,Sporting Gijón,Rayo Vallecano,elite,authoritative_rolling_origin_primary,1,142,B-GNN-full,0,0,0.0431108400225639,
3825769,2016-02-13,11.0,La Liga,27.0,male,Villarreal,Málaga,elite,authoritative_rolling_origin_primary,1,142,B-GNN-full,1,0,0.1148470118641853,
3825770,2016-02-13,11.0,La Liga,27.0,male,Real Madrid,Athletic Club,elite,authoritative_rolling_origin_primary,1,142,B-GNN-full,1,1,0.6327216029167175,
3825771,2016-02-13,11.0,La Liga,27.0,male,RC Deportivo La Coruña,Real Betis,elite,authoritative_rolling_origin_primary,1,142,B-GNN-full,0,0,0.1223316937685012,
3825772,2016-02-13,11.0,La Liga,27.0,male,Valencia,Espanyol,elite,authoritative_rolling_origin_primary,1,142,B-GNN-full,1,0,0.1533405035734176,
266254,2016-02-14,11.0,La Liga,27.0,male,Barcelona,Celta Vigo,elite,authoritative_rolling_origin_primary,1,142,B-GNN-full,1,0,0.362779289484024,
3825773,2016-02-14,11.0,La Liga,27.0,male,Eibar,Levante UD,elite,authoritative_rolling_origin_primary,1,142,B-GNN-full,1,0,0.1780878156423568,
3825774,2016-02-14,11.0,La Liga,27.0,male,Getafe,Atlético Madrid,elite,authoritative_rolling_origin_primary,1,142,B-GNN-full,0,1,0.5599126815795898,
3825775,2016-02-14,11.0,La Liga,27.0,male,Real Sociedad,Granada,elite,authoritative_rolling_origin_primary,1,142,B-GNN-full,1,0,0.0885907262563705,
3825776,2016-02-14,11.0,La Liga,27.0,male,Sevilla,Las Palmas,elite,authoritative_rolling_origin_primary,1,142,B-GNN-full,1,0,0.1222972422838211,
266815,2016-02-17,11.0,La Liga,27.0,male,Sporting Gijón,Barcelona,elite,authoritative_rolling_origin_primary,1,142,B-GNN-full,0,0,0.0176757238805294,
3825777,2016-02-19,11.0,La Liga,27.0,male,Levante UD,Getafe,elite,authoritative_rolling_origin_primary,1,142,B-GNN-full,1,0,0.0820219442248344,
267273,2016-02-20,11.0,La Liga,27.0,male,Las Palmas,Barcelona,elite,authoritative_rolling_origin_primary,1,142,B-GNN-full,0,0,0.1748654246330261,
3825778,2016-02-20,11.0,La Liga,27.0,male,Real Betis,Sporting Gijón,elite,authoritative_rolling_origin_primary,1,142,B-GNN-full,0,0,0.1272767186164856,
3825779,2016-02-20,11.0,La Liga,27.0,male,Celta Vigo,Eibar,elite,authoritative_rolling_origin_primary,1,142,B-GNN-full,1,0,0.1827506124973297,
3825780,2016-02-20,11.0,La Liga,27.0,male,Espanyol,RC Deportivo La Coruña,elite,authoritative_rolling_origin_primary,1,142,B-GNN-full,1,0,0.0901847556233406,
3825781,2016-02-21,11.0,La Liga,27.0,male,Rayo Vallecano,Sevilla,elite,authoritative_rolling_origin_primary,1,142,B-GNN-full,0,0,0.098545953631401,
3825782,2016-02-21,11.0,La Liga,27.0,male,Granada,Valencia,elite,authoritative_rolling_origin_primary,1,142,B-GNN-full,0,0,0.1669375896453857,
3825783,2016-02-21,11.0,La Liga,27.0,male,Athletic Club,Real Sociedad,elite,authoritative_rolling_origin_primary,1,142,B-GNN-full,0,0,0.0797353535890579,
3825784,2016-02-21,11.0,La Liga,27.0,male,Atlético Madrid,Villarreal,elite,authoritative_rolling_origin_primary,1,142,B-GNN-full,0,0,0.150842010974884,
3825785,2016-02-21,11.0,La Liga,27.0,male,Málaga,Real Madrid,elite,authoritative_rolling_origin_primary,1,142,B-GNN-full,0,0,0.0386498980224132,
3825786,2016-02-26,11.0,La Liga,27.0,male,Eibar,Las Palmas,elite,authoritative_rolling_origin_primary,1,142,B-GNN-full,0,0,0.0464308448135852,
3825637,2015-10-25,11.0,La Liga,27.0,male,Barcelona,Eibar,elite,authoritative_rolling_origin_primary,1,142,C-Hybrid-full,1,1,0.929704248905182,0.4802449643611908
3825638,2015-10-25,11.0,La Liga,27.0,male,Atlético Madrid,Valencia,elite,authoritative_rolling_origin_primary,1,142,C-Hybrid-full,1,1,0.8344100713729858,0.4802449643611908
3825639,2015-10-25,11.0,La Liga,27.0,male,Las Palmas,Villarreal,elite,authoritative_rolling_origin_primary,1,142,C-Hybrid-full,0,0,0.2356415688991546,0.4802449643611908
3825640,2015-10-25,11.0,La Liga,27.0,male,Levante UD,Real Sociedad,elite,authoritative_rolling_origin_primary,1,142,C-Hybrid-full,0,0,0.1691431254148483,0.4802449643611908
3825641,2015-10-26,11.0,La Liga,27.0,male,Athletic Club,Sporting Gijón,elite,authoritative_rolling_origin_primary,1,142,C-Hybrid-full,1,1,0.7571415305137634,0.4802449643611908
3825642,2015-10-30,11.0,La Liga,27.0,male,RC Deportivo La Coruña,Atlético Madrid,elite,authoritative_rolling_origin_primary,1,142,C-Hybrid-full,0,1,0.7751288414001465,0.4802449643611908
3825643,2015-10-31,11.0,La Liga,27.0,male,Real Madrid,Las Palmas,elite,authoritative_rolling_origin_primary,1,142,C-Hybrid-full,1,1,0.7534494400024414,0.4802449643611908
3825644,2015-10-31,11.0,La Liga,27.0,male,Real Sociedad,Celta Vigo,elite,authoritative_rolling_origin_primary,1,142,C-Hybrid-full,0,0,0.4688886106014251,0.4802449643611908
3825645,2015-10-31,11.0,La Liga,27.0,male,Getafe,Barcelona,elite,authoritative_rolling_origin_primary,1,142,C-Hybrid-full,0,0,0.0558411516249179,0.4802449643611908
3825646,2015-10-31,11.0,La Liga,27.0,male,Villarreal,Sevilla,elite,authoritative_rolling_origin_primary,1,142,C-Hybrid-full,1,0,0.4468340873718261,0.4802449643611908
3825647,2015-10-31,11.0,La Liga,27.0,male,Valencia,Levante UD,elite,authoritative_rolling_origin_primary,1,142,C-Hybrid-full,1,1,0.8757562637329102,0.4802449643611908
3825648,2015-11-01,11.0,La Liga,27.0,male,Eibar,Rayo Vallecano,elite,authoritative_rolling_origin_primary,1,142,C-Hybrid-full,1,0,0.2015006691217422,0.4802449643611908
3825649,2015-11-01,11.0,La Liga,27.0,male,Sporting Gijón,Málaga,elite,authoritative_rolling_origin_primary,1,142,C-Hybrid-full,1,0,0.0665885359048843,0.4802449643611908
3825650,2015-11-01,11.0,La Liga,27.0,male,Real Betis,Athletic Club,elite,authoritative_rolling_origin_primary,1,142,C-Hybrid-full,0,0,0.4595265090465545,0.4802449643611908
3825651,2015-11-01,11.0,La Liga,27.0,male,Espanyol,Granada,elite,authoritative_rolling_origin_primary,1,142,C-Hybrid-full,0,0,0.4285606443881988,0.4802449643611908
3825652,2015-11-06,11.0,La Liga,27.0,male,Las Palmas,Real Sociedad,elite,authoritative_rolling_origin_primary,1,142,C-Hybrid-full,1,0,0.1661460697650909,0.4802449643611908
3825653,2015-11-07,11.0,La Liga,27.0,male,Eibar,Getafe,elite,authoritative_rolling_origin_primary,1,142,C-Hybrid-full,1,1,0.950352132320404,0.4802449643611908
3825654,2015-11-07,11.0,La Liga,27.0,male,Celta Vigo,Valencia,elite,authoritative_rolling_origin_primary,1,142,C-Hybrid-full,0,0,0.2312069535255432,0.4802449643611908
3825655,2015-11-07,11.0,La Liga,27.0,male,Rayo Vallecano,Granada,elite,authoritative_rolling_origin_primary,1,142,C-Hybrid-full,1,1,0.8626668453216553,0.4802449643611908
3825656,2015-11-07,11.0,La Liga,27.0,male,Levante UD,RC Deportivo La Coruña,elite,authoritative_rolling_origin_primary,1,142,C-Hybrid-full,0,0,0.1290136724710464,0.4802449643611908
3825657,2015-11-07,11.0,La Liga,27.0,male,Málaga,Real Betis,elite,authoritative_rolling_origin_primary,1,142,C-Hybrid-full,0,0,0.3097166121006012,0.4802449643611908
3825658,2015-11-08,11.0,La Liga,27.0,male,Atlético Madrid,Sporting Gijón,elite,authoritative_rolling_origin_primary,1,142,C-Hybrid-full,1,0,0.3629729151725769,0.4802449643611908
3825659,2015-11-08,11.0,La Liga,27.0,male,Athletic Club,Espanyol,elite,authoritative_rolling_origin_primary,1,142,C-Hybrid-full,1,0,0.2913950085639953,0.4802449643611908
3825660,2015-11-08,11.0,La Liga,27.0,male,Barcelona,Villarreal,elite,authoritative_rolling_origin_primary,1,142,C-Hybrid-full,1,1,0.8864529728889465,0.4802449643611908
3825661,2015-11-08,11.0,La Liga,27.0,male,Sevilla,Real Madrid,elite,authoritative_rolling_origin_primary,1,142,C-Hybrid-full,1,1,0.6746277809143066,0.4802449643611908
266424,2015-11-21,11.0,La Liga,27.0,male,Real Madrid,Barcelona,elite,authoritative_rolling_origin_primary,1,142,C-Hybrid-full,0,1,0.7424401640892029,0.4802449643611908
3825662,2015-11-21,11.0,La Liga,27.0,male,RC Deportivo La Coruña,Celta Vigo,elite,authoritative_rolling_origin_primary,1,142,C-Hybrid-full,1,0,0.3000599145889282,0.4802449643611908
3825663,2015-11-21,11.0,La Liga,27.0,male,Espanyol,Málaga,elite,authoritative_rolling_origin_primary,1,142,C-Hybrid-full,1,0,0.1469542980194091,0.4802449643611908
3825664,2015-11-21,11.0,La Liga,27.0,male,Real Sociedad,Sevilla,elite,authoritative_rolling_origin_primary,1,142,C-Hybrid-full,1,1,0.5243873596191406,0.4802449643611908
3825888,2015-11-21,11.0,La Liga,27.0,male,Valencia,Las Palmas,elite,authoritative_rolling_origin_primary,1,142,C-Hybrid-full,0,1,0.9558314085006714,0.4802449643611908
3825665,2015-11-22,11.0,La Liga,27.0,male,Granada,Athletic Club,elite,authoritative_rolling_origin_primary,1,142,C-Hybrid-full,1,0,0.0590873770415782,0.4802449643611908
3825666,2015-11-22,11.0,La Liga,27.0,male,Real Betis,Atlético Madrid,elite,authoritative_rolling_origin_primary,1,142,C-Hybrid-full,0,0,0.0586513206362724,0.4802449643611908
3825667,2015-11-22,11.0,La Liga,27.0,male,Villarreal,Eibar,elite,authoritative_rolling_origin_primary,1,142,C-Hybrid-full,0,0,0.0949043333530426,0.4802449643611908
3825668,2015-11-22,11.0,La Liga,27.0,male,Sporting Gijón,Levante UD,elite,authoritative_rolling_origin_primary,1,142,C-Hybrid-full,0,1,0.5475441217422485,0.4802449643611908
3825669,2015-11-23,11.0,La Liga,27.0,male,Getafe,Rayo Vallecano,elite,authoritative_rolling_origin_primary,1,142,C-Hybrid-full,0,0,0.0355640836060047,0.4802449643611908
3825670,2015-11-27,11.0,La Liga,27.0,male,Levante UD,Real Betis,elite,authoritative_rolling_origin_primary,1,142,C-Hybrid-full,0,0,0.493475079536438,0.4802449643611908
266885,2015-11-28,11.0,La Liga,27.0,male,Barcelona,Real Sociedad,elite,authoritative_rolling_origin_primary,1,142,C-Hybrid-full,1,1,0.9755022525787354,0.4802449643611908
3825671,2015-11-28,11.0,La Liga,27.0,male,Celta Vigo,Sporting Gijón,elite,authoritative_rolling_origin_primary,1,142,C-Hybrid-full,1,0,0.2570516765117645,0.4802449643611908
3825672,2015-11-28,11.0,La Liga,27.0,male,Málaga,Granada,elite,authoritative_rolling_origin_primary,1,142,C-Hybrid-full,0,0,0.4616014361381531,0.4802449643611908
3825673,2015-11-28,11.0,La Liga,27.0,male,Las Palmas,RC Deportivo La Coruña,elite,authoritative_rolling_origin_primary,1,142,C-Hybrid-full,0,0,0.4755458533763885,0.4802449643611908
3825674,2015-11-28,11.0,La Liga,27.0,male,Atlético Madrid,Espanyol,elite,authoritative_rolling_origin_primary,1,142,C-Hybrid-full,1,1,0.7483640313148499,0.4802449643611908
3825675,2015-11-29,11.0,La Liga,27.0,male,Rayo Vallecano,Athletic Club,elite,authoritative_rolling_origin_primary,1,142,C-Hybrid-full,0,0,0.0730521157383918,0.4802449643611908
3825676,2015-11-29,11.0,La Liga,27.0,male,Getafe,Villarreal,elite,authoritative_rolling_origin_primary,1,142,C-Hybrid-full,1,1,0.9143564701080322,0.4802449643611908
3825677,2015-11-29,11.0,La Liga,27.0,male,Sevilla,Valencia,elite,authoritative_rolling_origin_primary,1,142,C-Hybrid-full,1,0,0.1299368292093277,0.4802449643611908
3825678,2015-11-29,11.0,La Liga,27.0,male,Eibar,Real Madrid,elite,authoritative_rolling_origin_primary,1,142,C-Hybrid-full,0,0,0.264280617237091,0.4802449643611908
267274,2015-12-05,11.0,La Liga,27.0,male,Valencia,Barcelona,elite,authoritative_rolling_origin_primary,1,142,C-Hybrid-full,0,0,0.0774208754301071,0.4802449643611908
3825679,2015-12-05,11.0,La Liga,27.0,male,Real Betis,Celta Vigo,elite,authoritative_rolling_origin_primary,1,142,C-Hybrid-full,0,0,0.249334305524826,0.4802449643611908
3825680,2015-12-05,11.0,La Liga,27.0,male,RC Deportivo La Coruña,Sevilla,elite,authoritative_rolling_origin_primary,1,142,C-Hybrid-full,0,0,0.1739843040704727,0.4802449643611908
3825681,2015-12-05,11.0,La Liga,27.0,male,Real Madrid,Getafe,elite,authoritative_rolling_origin_primary,1,142,C-Hybrid-full,1,1,0.8743326663970947,0.4802449643611908
3825682,2015-12-05,11.0,La Liga,27.0,male,Granada,Atlético Madrid,elite,authoritative_rolling_origin_primary,1,142,C-Hybrid-full,0,0,0.0909541696310043,0.4802449643611908
3825683,2015-12-06,11.0,La Liga,27.0,male,Real Sociedad,Eibar,elite,authoritative_rolling_origin_primary,1,142,C-Hybrid-full,1,1,0.9307253360748292,0.4802449643611908
3825684,2015-12-06,11.0,La Liga,27.0,male,Villarreal,Rayo Vallecano,elite,authoritative_rolling_origin_primary,1,142,C-Hybrid-full,1,1,0.5966988801956177,0.4802449643611908
3825685,2015-12-06,11.0,La Liga,27.0,male,Sporting Gijón,Las Palmas,elite,authoritative_rolling_origin_primary,1,142,C-Hybrid-full,1,1,0.9158344864845276,0.4802449643611908
3825686,2015-12-06,11.0,La Liga,27.0,male,Athletic Club,Málaga,elite,authoritative_rolling_origin_primary,1,142,C-Hybrid-full,0,0,0.1543442606925964,0.4802449643611908
3825687,2015-12-07,11.0,La Liga,27.0,male,Espanyol,Levante UD,elite,authoritative_rolling_origin_primary,1,142,C-Hybrid-full,0,0,0.0241172295063734,0.4802449643611908
3825688,2015-12-11,11.0,La Liga,27.0,male,Getafe,Real Sociedad,elite,authoritative_rolling_origin_primary,1,142,C-Hybrid-full,0,0,0.1974142789840698,0.4802449643611908
266961,2015-12-12,11.0,La Liga,27.0,male,Barcelona,RC Deportivo La Coruña,elite,authoritative_rolling_origin_primary,1,142,C-Hybrid-full,0,1,0.7745717763900757,0.4802449643611908
3825689,2015-12-12,11.0,La Liga,27.0,male,Celta Vigo,Espanyol,elite,authoritative_rolling_origin_primary,1,142,C-Hybrid-full,1,0,0.2435941398143768,0.4802449643611908
3825690,2015-12-12,11.0,La Liga,27.0,male,Las Palmas,Real Betis,elite,authoritative_rolling_origin_primary,1,142,C-Hybrid-full,1,0,0.1689177453517913,0.4802449643611908
3825691,2015-12-12,11.0,La Liga,27.0,male,Levante UD,Granada,elite,authoritative_rolling_origin_primary,1,142,C-Hybrid-full,0,0,0.323899358510971,0.4802449643611908
3825692,2015-12-12,11.0,La Liga,27.0,male,Sevilla,Sporting Gijón,elite,authoritative_rolling_origin_primary,1,142,C-Hybrid-full,1,0,0.2336653620004654,0.4802449643611908
3825693,2015-12-13,11.0,La Liga,27.0,male,Atlético Madrid,Athletic Club,elite,authoritative_rolling_origin_primary,1,142,C-Hybrid-full,1,0,0.0739416778087616,0.4802449643611908
3825694,2015-12-13,11.0,La Liga,27.0,male,Eibar,Valencia,elite,authoritative_rolling_origin_primary,1,142,C-Hybrid-full,0,1,0.9512731432914734,0.4802449643611908
3825695,2015-12-13,11.0,La Liga,27.0,male,Villarreal,Real Madrid,elite,authoritative_rolling_origin_primary,1,142,C-Hybrid-full,1,1,0.6964284777641296,0.4802449643611908
3825696,2015-12-13,11.0,La Liga,27.0,male,Rayo Vallecano,Málaga,elite,authoritative_rolling_origin_primary,1,142,C-Hybrid-full,0,0,0.1520391106605529,0.4802449643611908
3825697,2015-12-19,11.0,La Liga,27.0,male,Valencia,Getafe,elite,authoritative_rolling_origin_primary,1,142,C-Hybrid-full,0,0,0.06619593501091,0.4802449643611908
3825698,2015-12-19,11.0,La Liga,27.0,male,RC Deportivo La Coruña,Eibar,elite,authoritative_rolling_origin_primary,1,142,C-Hybrid-full,1,1,0.8723841905593872,0.4802449643611908
3825699,2015-12-19,11.0,La Liga,27.0,male,Real Betis,Sevilla,elite,authoritative_rolling_origin_primary,1,142,C-Hybrid-full,0,0,0.0936515629291534,0.4802449643611908
3825891,2015-12-19,11.0,La Liga,27.0,male,Espanyol,Las Palmas,elite,authoritative_rolling_origin_primary,1,142,C-Hybrid-full,1,0,0.1434050351381302,0.4802449643611908
3825700,2015-12-20,11.0,La Liga,27.0,male,Real Madrid,Rayo Vallecano,elite,authoritative_rolling_origin_primary,1,142,C-Hybrid-full,1,1,0.9670101404190063,0.4802449643611908
3825701,2015-12-20,11.0,La Liga,27.0,male,Málaga,Atlético Madrid,elite,authoritative_rolling_origin_primary,1,142,C-Hybrid-full,1,0,0.0839876979589462,0.4802449643611908
3825702,2015-12-20,11.0,La Liga,27.0,male,Real Sociedad,Villarreal,elite,authoritative_rolling_origin_primary,1,142,C-Hybrid-full,0,0,0.4222181141376495,0.4802449643611908
3825703,2015-12-20,11.0,La Liga,27.0,male,Athletic Club,Levante UD,elite,authoritative_rolling_origin_primary,1,142,C-Hybrid-full,1,1,0.6087233424186707,0.4802449643611908
3825704,2015-12-20,11.0,La Liga,27.0,male,Granada,Celta Vigo,elite,authoritative_rolling_origin_primary,1,142,C-Hybrid-full,0,0,0.2148871570825576,0.4802449643611908
267327,2015-12-30,11.0,La Liga,27.0,male,Barcelona,Real Betis,elite,authoritative_rolling_origin_primary,1,142,C-Hybrid-full,1,1,0.9693039059638976,0.4802449643611908
3825705,2015-12-30,11.0,La Liga,27.0,male,Eibar,Sporting Gijón,elite,authoritative_rolling_origin_primary,1,142,C-Hybrid-full,1,0,0.488226443529129,0.4802449643611908
3825706,2015-12-30,11.0,La Liga,27.0,male,Celta Vigo,Athletic Club,elite,authoritative_rolling_origin_primary,1,142,C-Hybrid-full,0,0,0.0811595469713211,0.4802449643611908
3825707,2015-12-30,11.0,La Liga,27.0,male,Las Palmas,Granada,elite,authoritative_rolling_origin_primary,1,142,C-Hybrid-full,1,1,0.6757078766822815,0.4802449643611908
3825708,2015-12-30,11.0,La Liga,27.0,male,Levante UD,Málaga,elite,authoritative_rolling_origin_primary,1,142,C-Hybrid-full,0,0,0.1475275158882141,0.4802449643611908
3825709,2015-12-30,11.0,La Liga,27.0,male,Sevilla,Espanyol,elite,authoritative_rolling_origin_primary,1,142,C-Hybrid-full,1,1,0.8658986687660217,0.4802449643611908
3825710,2015-12-30,11.0,La Liga,27.0,male,Real Madrid,Real Sociedad,elite,authoritative_rolling_origin_primary,1,142,C-Hybrid-full,1,1,0.9152264595031738,0.4802449643611908
3825711,2015-12-30,11.0,La Liga,27.0,male,Rayo Vallecano,Atlético Madrid,elite,authoritative_rolling_origin_primary,1,142,C-Hybrid-full,0,0,0.1558894664049148,0.4802449643611908
3825712,2015-12-30,11.0,La Liga,27.0,male,Getafe,RC Deportivo La Coruña,elite,authoritative_rolling_origin_primary,1,142,C-Hybrid-full,0,0,0.2037276625633239,0.4802449643611908
3825713,2015-12-31,11.0,La Liga,27.0,male,Villarreal,Valencia,elite,authoritative_rolling_origin_primary,1,142,C-Hybrid-full,1,0,0.2670727372169494,0.4802449643611908
266670,2016-01-02,11.0,La Liga,27.0,male,Espanyol,Barcelona,elite,authoritative_rolling_origin_primary,1,142,C-Hybrid-full,0,0,0.1047406941652298,0.4802449643611908
3825714,2016-01-02,11.0,La Liga,27.0,male,Atlético Madrid,Levante UD,elite,authoritative_rolling_origin_primary,1,142,C-Hybrid-full,1,0,0.162459909915924,0.4802449643611908
3825715,2016-01-02,11.0,La Liga,27.0,male,Málaga,Celta Vigo,elite,authoritative_rolling_origin_primary,1,142,C-Hybrid-full,1,1,0.8714203834533691,0.4802449643611908
3825716,2016-01-03,11.0,La Liga,27.0,male,Rayo Vallecano,Real Sociedad,elite,authoritative_rolling_origin_primary,1,142,C-Hybrid-full,0,0,0.1107494086027145,0.4802449643611908
3825717,2016-01-03,11.0,La Liga,27.0,male,Granada,Sevilla,elite,authoritative_rolling_origin_primary,1,142,C-Hybrid-full,1,1,0.6692126393318176,0.4802449643611908
3825718,2016-01-03,11.0,La Liga,27.0,male,Valencia,Real Madrid,elite,authoritative_rolling_origin_primary,1,142,C-Hybrid-full,0,1,0.6051765084266663,0.4802449643611908
3825719,2016-01-03,11.0,La Liga,27.0,male,Athletic Club,Las Palmas,elite,authoritative_rolling_origin_primary,1,142,C-Hybrid-full,0,0,0.3107924163341522,0.4802449643611908
3825720,2016-01-03,11.0,La Liga,27.0,male,Real Betis,Eibar,elite,authoritative_rolling_origin_primary,1,142,C-Hybrid-full,0,1,0.5698918104171753,0.4802449643611908
3825721,2016-01-03,11.0,La Liga,27.0,male,RC Deportivo La Coruña,Villarreal,elite,authoritative_rolling_origin_primary,1,142,C-Hybrid-full,0,0,0.4707796275615692,0.4802449643611908
3825722,2016-01-04,11.0,La Liga,27.0,male,Sporting Gijón,Getafe,elite,authoritative_rolling_origin_primary,1,142,C-Hybrid-full,0,1,0.5571452379226685,0.4802449643611908
266620,2016-01-09,11.0,La Liga,27.0,male,Barcelona,Granada,elite,authoritative_rolling_origin_primary,1,142,C-Hybrid-full,1,1,0.9684536457061768,0.4802449643611908
3825723,2016-01-09,11.0,La Liga,27.0,male,Levante UD,Rayo Vallecano,elite,authoritative_rolling_origin_primary,1,142,C-Hybrid-full,1,0,0.306546688079834,0.4802449643611908
3825724,2016-01-09,11.0,La Liga,27.0,male,Real Madrid,RC Deportivo La Coruña,elite,authoritative_rolling_origin_primary,1,142,C-Hybrid-full,1,1,0.6007734537124634,0.4802449643611908
3825725,2016-01-09,11.0,La Liga,27.0,male,Getafe,Real Betis,elite,authoritative_rolling_origin_primary,1,142,C-Hybrid-full,1,0,0.4956911206245422,0.4802449643611908
3825726,2016-01-09,11.0,La Liga,27.0,male,Sevilla,Athletic Club,elite,authoritative_rolling_origin_primary,1,142,C-Hybrid-full,1,0,0.4259881377220154,0.4802449643611908
3825727,2016-01-10,11.0,La Liga,27.0,male,Eibar,Espanyol,elite,authoritative_rolling_origin_primary,1,142,C-Hybrid-full,1,1,0.7124715447425842,0.4802449643611908
3825728,2016-01-10,11.0,La Liga,27.0,male,Celta Vigo,Atlético Madrid,elite,authoritative_rolling_origin_primary,1,142,C-Hybrid-full,0,0,0.1136826276779174,0.4802449643611908
3825729,2016-01-10,11.0,La Liga,27.0,male,Villarreal,Sporting Gijón,elite,authoritative_rolling_origin_primary,1,142,C-Hybrid-full,1,0,0.3586231768131256,0.4802449643611908
3825730,2016-01-10,11.0,La Liga,27.0,male,Real Sociedad,Valencia,elite,authoritative_rolling_origin_primary,1,142,C-Hybrid-full,1,0,0.3103556334972381,0.4802449643611908
3825731,2016-01-10,11.0,La Liga,27.0,male,Las Palmas,Málaga,elite,authoritative_rolling_origin_primary,1,142,C-Hybrid-full,0,0,0.1824327558279037,0.4802449643611908
3825732,2016-01-16,11.0,La Liga,27.0,male,Celta Vigo,Levante UD,elite,authoritative_rolling_origin_primary,1,142,C-Hybrid-full,1,1,0.8983510136604309,0.4802449643611908
3825733,2016-01-16,11.0,La Liga,27.0,male,Sevilla,Málaga,elite,authoritative_rolling_origin_primary,1,142,C-Hybrid-full,1,1,0.5428804755210876,0.4802449643611908
3825734,2016-01-16,11.0,La Liga,27.0,male,Real Sociedad,RC Deportivo La Coruña,elite,authoritative_rolling_origin_primary,1,142,C-Hybrid-full,0,1,0.99355149269104,0.4802449643611908
3825735,2016-01-16,11.0,La Liga,27.0,male,Villarreal,Real Betis,elite,authoritative_rolling_origin_primary,1,142,C-Hybrid-full,0,0,0.3399358689785003,0.4802449643611908
266149,2016-01-17,11.0,La Liga,27.0,male,Barcelona,Athletic Club,elite,authoritative_rolling_origin_primary,1,142,C-Hybrid-full,1,0,0.3753325045108795,0.4802449643611908
3825736,2016-01-17,11.0,La Liga,27.0,male,Valencia,Rayo Vallecano,elite,authoritative_rolling_origin_primary,1,142,C-Hybrid-full,0,0,0.3012767136096954,0.4802449643611908
3825737,2016-01-17,11.0,La Liga,27.0,male,Getafe,Espanyol,elite,authoritative_rolling_origin_primary,1,142,C-Hybrid-full,1,1,0.8535164594650269,0.4802449643611908
3825738,2016-01-17,11.0,La Liga,27.0,male,Las Palmas,Atlético Madrid,elite,authoritative_rolling_origin_primary,1,142,C-Hybrid-full,0,0,0.1078832000494003,0.4802449643611908
3825739,2016-01-17,11.0,La Liga,27.0,male,Real Madrid,Sporting Gijón,elite,authoritative_rolling_origin_primary,1,142,C-Hybrid-full,1,1,0.7968975305557251,0.4802449643611908
3825740,2016-01-18,11.0,La Liga,27.0,male,Eibar,Granada,elite,authoritative_rolling_origin_primary,1,142,C-Hybrid-full,1,1,0.8421486616134644,0.4802449643611908
3825741,2016-01-22,11.0,La Liga,27.0,male,Sporting Gijón,Real Sociedad,elite,authoritative_rolling_origin_primary,1,142,C-Hybrid-full,1,1,0.9995691180229188,0.4802449643611908
265894,2016-01-23,11.0,La Liga,27.0,male,Málaga,Barcelona,elite,authoritative_rolling_origin_primary,1,142,C-Hybrid-full,0,0,0.1542173027992248,0.4802449643611908
3825742,2016-01-23,11.0,La Liga,27.0,male,Granada,Getafe,elite,authoritative_rolling_origin_primary,1,142,C-Hybrid-full,1,1,0.7157682776451111,0.4802449643611908
3825743,2016-01-23,11.0,La Liga,27.0,male,Rayo Vallecano,Celta Vigo,elite,authoritative_rolling_origin_primary,1,142,C-Hybrid-full,1,1,0.8608893156051636,0.4802449643611908
3825744,2016-01-23,11.0,La Liga,27.0,male,Espanyol,Villarreal,elite,authoritative_rolling_origin_primary,1,142,C-Hybrid-full,0,0,0.3347363471984863,0.4802449643611908
3825745,2016-01-24,11.0,La Liga,27.0,male,RC Deportivo La Coruña,Valencia,elite,authoritative_rolling_origin_primary,1,142,C-Hybrid-full,0,1,0.963508129119873,0.4802449643611908
3825746,2016-01-24,11.0,La Liga,27.0,male,Real Betis,Real Madrid,elite,authoritative_rolling_origin_primary,1,142,C-Hybrid-full,0,0,0.0380263030529022,0.4802449643611908
3825747,2016-01-24,11.0,La Liga,27.0,male,Athletic Club,Eibar,elite,authoritative_rolling_origin_primary,1,142,C-Hybrid-full,1,0,0.1927487105131149,0.4802449643611908
3825748,2016-01-24,11.0,La Liga,27.0,male,Atlético Madrid,Sevilla,elite,authoritative_rolling_origin_primary,1,142,C-Hybrid-full,0,0,0.2799091637134552,0.4802449643611908
3825749,2016-01-25,11.0,La Liga,27.0,male,Levante UD,Las Palmas,elite,authoritative_rolling_origin_primary,1,142,C-Hybrid-full,1,0,0.4031243622303009,0.4802449643611908
267576,2016-01-30,11.0,La Liga,27.0,male,Barcelona,Atlético Madrid,elite,authoritative_rolling_origin_primary,1,142,C-Hybrid-full,1,1,0.596049427986145,0.4802449643611908
3825750,2016-01-30,11.0,La Liga,27.0,male,Real Sociedad,Real Betis,elite,authoritative_rolling_origin_primary,1,142,C-Hybrid-full,1,0,0.1416559368371963,0.4802449643611908
3825751,2016-01-30,11.0,La Liga,27.0,male,Getafe,Athletic Club,elite,authoritative_rolling_origin_primary,1,142,C-Hybrid-full,0,0,0.3996676206588745,0.4802449643611908
3825752,2016-01-30,11.0,La Liga,27.0,male,Eibar,Málaga,elite,authoritative_rolling_origin_primary,1,142,C-Hybrid-full,0,0,0.2378919720649719,0.4802449643611908
3825753,2016-01-30,11.0,La Liga,27.0,male,Villarreal,Granada,elite,authoritative_rolling_origin_primary,1,142,C-Hybrid-full,1,1,0.7979775667190552,0.4802449643611908
3825754,2016-01-31,11.0,La Liga,27.0,male,Las Palmas,Celta Vigo,elite,authoritative_rolling_origin_primary,1,142,C-Hybrid-full,1,1,0.5609283447265625,0.4802449643611908
3825755,2016-01-31,11.0,La Liga,27.0,male,Valencia,Sporting Gijón,elite,authoritative_rolling_origin_primary,1,142,C-Hybrid-full,0,1,0.8413165211677551,0.4802449643611908
3825756,2016-01-31,11.0,La Liga,27.0,male,Sevilla,Levante UD,elite,authoritative_rolling_origin_primary,1,142,C-Hybrid-full,1,1,0.817198634147644,0.4802449643611908
3825757,2016-01-31,11.0,La Liga,27.0,male,Real Madrid,Espanyol,elite,authoritative_rolling_origin_primary,1,142,C-Hybrid-full,1,1,0.9985727071762084,0.4802449643611908
3825758,2016-02-01,11.0,La Liga,27.0,male,RC Deportivo La Coruña,Rayo Vallecano,elite,authoritative_rolling_origin_primary,1,142,C-Hybrid-full,0,0,0.1476167738437652,0.4802449643611908
3825759,2016-02-05,11.0,La Liga,27.0,male,Málaga,Getafe,elite,authoritative_rolling_origin_primary,1,142,C-Hybrid-full,1,1,0.9055998921394348,0.4802449643611908
3825760,2016-02-06,11.0,La Liga,27.0,male,Atlético Madrid,Eibar,elite,authoritative_rolling_origin_primary,1,142,C-Hybrid-full,1,0,0.064240276813507,0.4802449643611908
3825761,2016-02-06,11.0,La Liga,27.0,male,Athletic Club,Villarreal,elite,authoritative_rolling_origin_primary,1,142,C-Hybrid-full,0,0,0.0724061653017997,0.4802449643611908
3825762,2016-02-06,11.0,La Liga,27.0,male,Sporting Gijón,RC Deportivo La Coruña,elite,authoritative_rolling_origin_primary,1,142,C-Hybrid-full,0,0,0.2957102954387665,0.4802449643611908
3825763,2016-02-06,11.0,La Liga,27.0,male,Rayo Vallecano,Las Palmas,elite,authoritative_rolling_origin_primary,1,142,C-Hybrid-full,1,1,0.9393069744110109,0.4802449643611908
266160,2016-02-07,11.0,La Liga,27.0,male,Levante UD,Barcelona,elite,authoritative_rolling_origin_primary,1,142,C-Hybrid-full,0,0,0.2477665096521377,0.4802449643611908
3825764,2016-02-07,11.0,La Liga,27.0,male,Granada,Real Madrid,elite,authoritative_rolling_origin_primary,1,142,C-Hybrid-full,0,0,0.1720486134290695,0.4802449643611908
3825765,2016-02-07,11.0,La Liga,27.0,male,Celta Vigo,Sevilla,elite,authoritative_rolling_origin_primary,1,142,C-Hybrid-full,0,0,0.2085479199886322,0.4802449643611908
3825766,2016-02-07,11.0,La Liga,27.0,male,Real Betis,Valencia,elite,authoritative_rolling_origin_primary,1,142,C-Hybrid-full,1,0,0.1008438318967819,0.4802449643611908
3825767,2016-02-08,11.0,La Liga,27.0,male,Espanyol,Real Sociedad,elite,authoritative_rolling_origin_primary,1,142,C-Hybrid-full,0,0,0.2175649553537368,0.4802449643611908
3825768,2016-02-12,11.0,La Liga,27.0,male,Sporting Gijón,Rayo Vallecano,elite,authoritative_rolling_origin_primary,1,142,C-Hybrid-full,0,1,0.6288496851921082,0.4802449643611908
3825769,2016-02-13,11.0,La Liga,27.0,male,Villarreal,Málaga,elite,authoritative_rolling_origin_primary,1,142,C-Hybrid-full,1,0,0.2753414809703827,0.4802449643611908
3825770,2016-02-13,11.0,La Liga,27.0,male,Real Madrid,Athletic Club,elite,authoritative_rolling_origin_primary,1,142,C-Hybrid-full,1,1,0.8648008704185486,0.4802449643611908
3825771,2016-02-13,11.0,La Liga,27.0,male,RC Deportivo La Coruña,Real Betis,elite,authoritative_rolling_origin_primary,1,142,C-Hybrid-full,0,1,0.5841522216796875,0.4802449643611908
3825772,2016-02-13,11.0,La Liga,27.0,male,Valencia,Espanyol,elite,authoritative_rolling_origin_primary,1,142,C-Hybrid-full,1,0,0.1672800928354263,0.4802449643611908
266254,2016-02-14,11.0,La Liga,27.0,male,Barcelona,Celta Vigo,elite,authoritative_rolling_origin_primary,1,142,C-Hybrid-full,1,1,0.9874562621116638,0.4802449643611908
3825773,2016-02-14,11.0,La Liga,27.0,male,Eibar,Levante UD,elite,authoritative_rolling_origin_primary,1,142,C-Hybrid-full,1,1,0.5826583504676819,0.4802449643611908
3825774,2016-02-14,11.0,La Liga,27.0,male,Getafe,Atlético Madrid,elite,authoritative_rolling_origin_primary,1,142,C-Hybrid-full,0,0,0.099455140531063,0.4802449643611908
3825775,2016-02-14,11.0,La Liga,27.0,male,Real Sociedad,Granada,elite,authoritative_rolling_origin_primary,1,142,C-Hybrid-full,1,1,0.9390721917152404,0.4802449643611908
3825776,2016-02-14,11.0,La Liga,27.0,male,Sevilla,Las Palmas,elite,authoritative_rolling_origin_primary,1,142,C-Hybrid-full,1,0,0.275982528924942,0.4802449643611908
266815,2016-02-17,11.0,La Liga,27.0,male,Sporting Gijón,Barcelona,elite,authoritative_rolling_origin_primary,1,142,C-Hybrid-full,0,0,0.1650327295064926,0.4802449643611908
3825777,2016-02-19,11.0,La Liga,27.0,male,Levante UD,Getafe,elite,authoritative_rolling_origin_primary,1,142,C-Hybrid-full,1,1,0.8238962292671204,0.4802449643611908
267273,2016-02-20,11.0,La Liga,27.0,male,Las Palmas,Barcelona,elite,authoritative_rolling_origin_primary,1,142,C-Hybrid-full,0,0,0.4353747963905334,0.4802449643611908
3825778,2016-02-20,11.0,La Liga,27.0,male,Real Betis,Sporting Gijón,elite,authoritative_rolling_origin_primary,1,142,C-Hybrid-full,0,0,0.2992067337036133,0.4802449643611908
3825779,2016-02-20,11.0,La Liga,27.0,male,Celta Vigo,Eibar,elite,authoritative_rolling_origin_primary,1,142,C-Hybrid-full,1,1,0.509765088558197,0.4802449643611908
3825780,2016-02-20,11.0,La Liga,27.0,male,Espanyol,RC Deportivo La Coruña,elite,authoritative_rolling_origin_primary,1,142,C-Hybrid-full,1,0,0.159165620803833,0.4802449643611908
3825781,2016-02-21,11.0,La Liga,27.0,male,Rayo Vallecano,Sevilla,elite,authoritative_rolling_origin_primary,1,142,C-Hybrid-full,0,0,0.4250028133392334,0.4802449643611908
3825782,2016-02-21,11.0,La Liga,27.0,male,Granada,Valencia,elite,authoritative_rolling_origin_primary,1,142,C-Hybrid-full,0,0,0.0897198840975761,0.4802449643611908
3825783,2016-02-21,11.0,La Liga,27.0,male,Athletic Club,Real Sociedad,elite,authoritative_rolling_origin_primary,1,142,C-Hybrid-full,0,0,0.0445737056434154,0.4802449643611908
3825784,2016-02-21,11.0,La Liga,27.0,male,Atlético Madrid,Villarreal,elite,authoritative_rolling_origin_primary,1,142,C-Hybrid-full,0,0,0.1081430912017822,0.4802449643611908
3825785,2016-02-21,11.0,La Liga,27.0,male,Málaga,Real Madrid,elite,authoritative_rolling_origin_primary,1,142,C-Hybrid-full,0,1,0.5971218347549438,0.4802449643611908
3825786,2016-02-26,11.0,La Liga,27.0,male,Eibar,Las Palmas,elite,authoritative_rolling_origin_primary,1,142,C-Hybrid-full,0,0,0.1825086325407028,0.4802449643611908
3825787,2016-02-27,11.0,La Liga,27.0,male,Real Madrid,Atlético Madrid,elite,authoritative_rolling_origin_primary,2,242,A-MLP,0,1,0.518744170665741,
3825788,2016-02-27,11.0,La Liga,27.0,male,Getafe,Celta Vigo,elite,authoritative_rolling_origin_primary,2,242,A-MLP,0,0,0.3547841906547546,
3825789,2016-02-27,11.0,La Liga,27.0,male,Real Sociedad,Málaga,elite,authoritative_rolling_origin_primary,2,242,A-MLP,0,1,0.6978793740272522,
3825790,2016-02-27,11.0,La Liga,27.0,male,Sporting Gijón,Espanyol,elite,authoritative_rolling_origin_primary,2,242,A-MLP,0,0,0.3322349488735199,
3825791,2016-02-27,11.0,La Liga,27.0,male,Real Betis,Rayo Vallecano,elite,authoritative_rolling_origin_primary,2,242,A-MLP,0,0,0.3830556869506836,
265839,2016-02-28,11.0,La Liga,27.0,male,Barcelona,Sevilla,elite,authoritative_rolling_origin_primary,2,242,A-MLP,1,1,0.7487955689430237,
3825792,2016-02-28,11.0,La Liga,27.0,male,RC Deportivo La Coruña,Granada,elite,authoritative_rolling_origin_primary,2,242,A-MLP,0,1,0.6532057523727417,
3825793,2016-02-28,11.0,La Liga,27.0,male,Valencia,Athletic Club,elite,authoritative_rolling_origin_primary,2,242,A-MLP,0,1,0.5407227873802185,
3825794,2016-02-28,11.0,La Liga,27.0,male,Villarreal,Levante UD,elite,authoritative_rolling_origin_primary,2,242,A-MLP,1,0,0.4386262893676758,
3825795,2016-03-01,11.0,La Liga,27.0,male,Atlético Madrid,Real Sociedad,elite,authoritative_rolling_origin_primary,2,242,A-MLP,1,0,0.4219569861888885,
3825796,2016-03-01,11.0,La Liga,27.0,male,Las Palmas,Getafe,elite,authoritative_rolling_origin_primary,2,242,A-MLP,1,0,0.4154773950576782,
3825797,2016-03-02,11.0,La Liga,27.0,male,Athletic Club,RC Deportivo La Coruña,elite,authoritative_rolling_origin_primary,2,242,A-MLP,1,0,0.3677640855312347,
3825798,2016-03-02,11.0,La Liga,27.0,male,Levante UD,Real Madrid,elite,authoritative_rolling_origin_primary,2,242,A-MLP,0,0,0.2608604431152344,
3825799,2016-03-02,11.0,La Liga,27.0,male,Málaga,Valencia,elite,authoritative_rolling_origin_primary,2,242,A-MLP,0,0,0.4099444448947906,
3825800,2016-03-02,11.0,La Liga,27.0,male,Celta Vigo,Villarreal,elite,authoritative_rolling_origin_primary,2,242,A-MLP,0,0,0.3954279124736786,
3825801,2016-03-02,11.0,La Liga,27.0,male,Sevilla,Eibar,elite,authoritative_rolling_origin_primary,2,242,A-MLP,1,1,0.6307311654090881,
266653,2016-03-03,11.0,La Liga,27.0,male,Rayo Vallecano,Barcelona,elite,authoritative_rolling_origin_primary,2,242,A-MLP,0,0,0.3325865864753723,
3825802,2016-03-03,11.0,La Liga,27.0,male,Espanyol,Real Betis,elite,authoritative_rolling_origin_primary,2,242,A-MLP,0,1,0.6275739669799805,
3825803,2016-03-03,11.0,La Liga,27.0,male,Granada,Sporting Gijón,elite,authoritative_rolling_origin_primary,2,242,A-MLP,1,1,0.7181772589683533,
3825804,2016-03-05,11.0,La Liga,27.0,male,RC Deportivo La Coruña,Málaga,elite,authoritative_rolling_origin_primary,2,242,A-MLP,0,0,0.3853215873241424,
3825805,2016-03-05,11.0,La Liga,27.0,male,Villarreal,Las Palmas,elite,authoritative_rolling_origin_primary,2,242,A-MLP,0,0,0.2777778804302215,
3825806,2016-03-05,11.0,La Liga,27.0,male,Real Madrid,Celta Vigo,elite,authoritative_rolling_origin_primary,2,242,A-MLP,1,1,0.5156715512275696,
3825867,2016-03-05,11.0,La Liga,27.0,male,Getafe,Sevilla,elite,authoritative_rolling_origin_primary,2,242,A-MLP,0,0,0.3365508019924164,
266056,2016-03-06,11.0,La Liga,27.0,male,Eibar,Barcelona,elite,authoritative_rolling_origin_primary,2,242,A-MLP,0,0,0.2237317115068435,
3825807,2016-03-06,11.0,La Liga,27.0,male,Valencia,Atlético Madrid,elite,authoritative_rolling_origin_primary,2,242,A-MLP,0,0,0.3330168128013611,
3825808,2016-03-06,11.0,La Liga,27.0,male,Sporting Gijón,Athletic Club,elite,authoritative_rolling_origin_primary,2,242,A-MLP,0,0,0.1638039946556091,
3825809,2016-03-06,11.0,La Liga,27.0,male,Real Betis,Granada,elite,authoritative_rolling_origin_primary,2,242,A-MLP,1,1,0.5408687591552734,
3825810,2016-03-06,11.0,La Liga,27.0,male,Real Sociedad,Levante UD,elite,authoritative_rolling_origin_primary,2,242,A-MLP,0,1,0.5199428200721741,
3825811,2016-03-07,11.0,La Liga,27.0,male,Espanyol,Rayo Vallecano,elite,authoritative_rolling_origin_primary,2,242,A-MLP,1,1,0.7368957996368408,
3825812,2016-03-11,11.0,La Liga,27.0,male,Málaga,Sporting Gijón,elite,authoritative_rolling_origin_primary,2,242,A-MLP,1,1,0.5482914447784424,
266498,2016-03-12,11.0,La Liga,27.0,male,Barcelona,Getafe,elite,authoritative_rolling_origin_primary,2,242,A-MLP,1,1,0.754774808883667,
3825813,2016-03-12,11.0,La Liga,27.0,male,Atlético Madrid,RC Deportivo La Coruña,elite,authoritative_rolling_origin_primary,2,242,A-MLP,1,1,0.716192901134491,
3825814,2016-03-12,11.0,La Liga,27.0,male,Celta Vigo,Real Sociedad,elite,authoritative_rolling_origin_primary,2,242,A-MLP,1,0,0.3379406929016113,
3825858,2016-03-12,11.0,La Liga,27.0,male,Rayo Vallecano,Eibar,elite,authoritative_rolling_origin_primary,2,242,A-MLP,0,0,0.3887201249599457,
3825815,2016-03-13,11.0,La Liga,27.0,male,Levante UD,Valencia,elite,authoritative_rolling_origin_primary,2,242,A-MLP,1,0,0.3343972563743591,
3825816,2016-03-13,11.0,La Liga,27.0,male,Sevilla,Villarreal,elite,authoritative_rolling_origin_primary,2,242,A-MLP,1,0,0.444063276052475,
3825844,2016-03-13,11.0,La Liga,27.0,male,Athletic Club,Real Betis,elite,authoritative_rolling_origin_primary,2,242,A-MLP,1,1,0.634861409664154,
3825879,2016-03-13,11.0,La Liga,27.0,male,Las Palmas,Real Madrid,elite,authoritative_rolling_origin_primary,2,242,A-MLP,0,0,0.4019172191619873,
3825881,2016-03-14,11.0,La Liga,27.0,male,Granada,Espanyol,elite,authoritative_rolling_origin_primary,2,242,A-MLP,0,1,0.5305484533309937,
3825817,2016-03-18,11.0,La Liga,27.0,male,Getafe,Eibar,elite,authoritative_rolling_origin_primary,2,242,A-MLP,0,0,0.4608215689659118,
3825818,2016-03-19,11.0,La Liga,27.0,male,Real Sociedad,Las Palmas,elite,authoritative_rolling_origin_primary,2,242,A-MLP,0,0,0.3887861669063568,
3825880,2016-03-19,11.0,La Liga,27.0,male,RC Deportivo La Coruña,Levante UD,elite,authoritative_rolling_origin_primary,2,242,A-MLP,1,0,0.4143496453762054,
3825887,2016-03-19,11.0,La Liga,27.0,male,Granada,Rayo Vallecano,elite,authoritative_rolling_origin_primary,2,242,A-MLP,0,1,0.6857210397720337,
3825903,2016-03-19,11.0,La Liga,27.0,male,Real Betis,Málaga,elite,authoritative_rolling_origin_primary,2,242,A-MLP,0,0,0.4214063286781311,
3825907,2016-03-19,11.0,La Liga,27.0,male,Sporting Gijón,Atlético Madrid,elite,authoritative_rolling_origin_primary,2,242,A-MLP,1,0,0.0883522927761077,
266106,2016-03-20,11.0,La Liga,27.0,male,Villarreal,Barcelona,elite,authoritative_rolling_origin_primary,2,242,A-MLP,0,0,0.182334154844284,
3825819,2016-03-20,11.0,La Liga,27.0,male,Valencia,Celta Vigo,elite,authoritative_rolling_origin_primary,2,242,A-MLP,0,0,0.49314945936203,
3825820,2016-03-20,11.0,La Liga,27.0,male,Real Madrid,Sevilla,elite,authoritative_rolling_origin_primary,2,242,A-MLP,1,1,0.7843636870384216,
3825821,2016-03-20,11.0,La Liga,27.0,male,Espanyol,Athletic Club,elite,authoritative_rolling_origin_primary,2,242,A-MLP,1,0,0.3938674032688141,
3825885,2016-04-01,11.0,La Liga,27.0,male,Rayo Vallecano,Getafe,elite,authoritative_rolling_origin_primary,2,242,A-MLP,1,1,0.7795440554618835,
267533,2016-04-02,11.0,La Liga,27.0,male,Barcelona,Real Madrid,elite,authoritative_rolling_origin_primary,2,242,A-MLP,0,1,0.5670004487037659,
3825822,2016-04-02,11.0,La Liga,27.0,male,Las Palmas,Valencia,elite,authoritative_rolling_origin_primary,2,242,A-MLP,1,1,0.680884063243866,
3825872,2016-04-02,11.0,La Liga,27.0,male,Atlético Madrid,Real Betis,elite,authoritative_rolling_origin_primary,2,242,A-MLP,1,1,0.7524157762527466,
3825898,2016-04-02,11.0,La Liga,27.0,male,Celta Vigo,RC Deportivo La Coruña,elite,authoritative_rolling_origin_primary,2,242,A-MLP,0,0,0.2884919047355652,
3825823,2016-04-03,11.0,La Liga,27.0,male,Sevilla,Real Sociedad,elite,authoritative_rolling_origin_primary,2,242,A-MLP,0,0,0.316618412733078,
3825824,2016-04-03,11.0,La Liga,27.0,male,Eibar,Villarreal,elite,authoritative_rolling_origin_primary,2,242,A-MLP,0,0,0.3720334470272064,
3825877,2016-04-03,11.0,La Liga,27.0,male,Athletic Club,Granada,elite,authoritative_rolling_origin_primary,2,242,A-MLP,0,1,0.6893993020057678,
3825905,2016-04-03,11.0,La Liga,27.0,male,Málaga,Espanyol,elite,authoritative_rolling_origin_primary,2,242,A-MLP,0,0,0.2845871746540069,
3825825,2016-04-04,11.0,La Liga,27.0,male,Levante UD,Sporting Gijón,elite,authoritative_rolling_origin_primary,2,242,A-MLP,0,0,0.4429098069667816,
3825826,2016-04-08,11.0,La Liga,27.0,male,Granada,Málaga,elite,authoritative_rolling_origin_primary,2,242,A-MLP,0,0,0.2787380218505859,
266664,2016-04-09,11.0,La Liga,27.0,male,Real Sociedad,Barcelona,elite,authoritative_rolling_origin_primary,2,242,A-MLP,1,0,0.3574636578559875,
3825827,2016-04-09,11.0,La Liga,27.0,male,Real Betis,Levante UD,elite,authoritative_rolling_origin_primary,2,242,A-MLP,1,0,0.2394496202468872,
3825828,2016-04-09,11.0,La Liga,27.0,male,Espanyol,Atlético Madrid,elite,authoritative_rolling_origin_primary,2,242,A-MLP,0,0,0.318427175283432,
3825856,2016-04-09,11.0,La Liga,27.0,male,Real Madrid,Eibar,elite,authoritative_rolling_origin_primary,2,242,A-MLP,1,1,0.6682108640670776,
3825829,2016-04-10,11.0,La Liga,27.0,male,Athletic Club,Rayo Vallecano,elite,authoritative_rolling_origin_primary,2,242,A-MLP,1,0,0.4651922285556793,
3825830,2016-04-10,11.0,La Liga,27.0,male,Villarreal,Getafe,elite,authoritative_rolling_origin_primary,2,242,A-MLP,1,1,0.7942289710044861,
3825831,2016-04-10,11.0,La Liga,27.0,male,Valencia,Sevilla,elite,authoritative_rolling_origin_primary,2,242,A-MLP,1,0,0.3294358253479004,
3825832,2016-04-10,11.0,La Liga,27.0,male,Sporting Gijón,Celta Vigo,elite,authoritative_rolling_origin_primary,2,242,A-MLP,0,0,0.4699949920177459,
3825863,2016-04-11,11.0,La Liga,27.0,male,RC Deportivo La Coruña,Las Palmas,elite,authoritative_rolling_origin_primary,2,242,A-MLP,0,0,0.3188730180263519,
3825857,2016-04-15,11.0,La Liga,27.0,male,Levante UD,Espanyol,elite,authoritative_rolling_origin_primary,2,242,A-MLP,1,0,0.4468512833118438,
3825833,2016-04-16,11.0,La Liga,27.0,male,Getafe,Real Madrid,elite,authoritative_rolling_origin_primary,2,242,A-MLP,0,0,0.2086090892553329,
3825852,2016-04-16,11.0,La Liga,27.0,male,Las Palmas,Sporting Gijón,elite,authoritative_rolling_origin_primary,2,242,A-MLP,0,1,0.5666161775588989,
3825889,2016-04-16,11.0,La Liga,27.0,male,Celta Vigo,Real Betis,elite,authoritative_rolling_origin_primary,2,242,A-MLP,0,1,0.7550323009490967,
3825897,2016-04-16,11.0,La Liga,27.0,male,Eibar,Real Sociedad,elite,authoritative_rolling_origin_primary,2,242,A-MLP,1,1,0.5397744178771973,
266557,2016-04-17,11.0,La Liga,27.0,male,Barcelona,Valencia,elite,authoritative_rolling_origin_primary,2,242,A-MLP,0,1,0.523331344127655,
3825834,2016-04-17,11.0,La Liga,27.0,male,Atlético Madrid,Granada,elite,authoritative_rolling_origin_primary,2,242,A-MLP,1,1,0.6365603804588318,
3825835,2016-04-17,11.0,La Liga,27.0,male,Málaga,Athletic Club,elite,authoritative_rolling_origin_primary,2,242,A-MLP,0,1,0.5590646862983704,
3825836,2016-04-17,11.0,La Liga,27.0,male,Rayo Vallecano,Villarreal,elite,authoritative_rolling_origin_primary,2,242,A-MLP,1,1,0.6292002201080322,
3825906,2016-04-17,11.0,La Liga,27.0,male,Sevilla,RC Deportivo La Coruña,elite,authoritative_rolling_origin_primary,2,242,A-MLP,0,0,0.3330378532409668,
3825837,2016-04-19,11.0,La Liga,27.0,male,Real Betis,Las Palmas,elite,authoritative_rolling_origin_primary,2,242,A-MLP,1,0,0.2567498981952667,
3825862,2016-04-19,11.0,La Liga,27.0,male,Espanyol,Celta Vigo,elite,authoritative_rolling_origin_primary,2,242,A-MLP,0,0,0.2044188231229782,
266310,2016-04-20,11.0,La Liga,27.0,male,RC Deportivo La Coruña,Barcelona,elite,authoritative_rolling_origin_primary,2,242,A-MLP,0,0,0.3380835354328155,
3825838,2016-04-20,11.0,La Liga,27.0,male,Athletic Club,Atlético Madrid,elite,authoritative_rolling_origin_primary,2,242,A-MLP,0,0,0.2481535226106643,
3825839,2016-04-20,11.0,La Liga,27.0,male,Sporting Gijón,Sevilla,elite,authoritative_rolling_origin_primary,2,242,A-MLP,1,0,0.4294103980064392,
3825840,2016-04-20,11.0,La Liga,27.0,male,Valencia,Eibar,elite,authoritative_rolling_origin_primary,2,242,A-MLP,1,1,0.5111075639724731,
3825843,2016-04-20,11.0,La Liga,27.0,male,Málaga,Rayo Vallecano,elite,authoritative_rolling_origin_primary,2,242,A-MLP,0,1,0.5474454164505005,
3825893,2016-04-20,11.0,La Liga,27.0,male,Real Madrid,Villarreal,elite,authoritative_rolling_origin_primary,2,242,A-MLP,1,1,0.7761587500572205,
3825841,2016-04-21,11.0,La Liga,27.0,male,Real Sociedad,Getafe,elite,authoritative_rolling_origin_primary,2,242,A-MLP,0,1,0.530267059803009,
3825896,2016-04-21,11.0,La Liga,27.0,male,Granada,Levante UD,elite,authoritative_rolling_origin_primary,2,242,A-MLP,1,0,0.3095363676548004,
3825871,2016-04-22,11.0,La Liga,27.0,male,Las Palmas,Espanyol,elite,authoritative_rolling_origin_primary,2,242,A-MLP,1,0,0.3480541110038757,
265944,2016-04-23,11.0,La Liga,27.0,male,Barcelona,Sporting Gijón,elite,authoritative_rolling_origin_primary,2,242,A-MLP,1,1,0.7929286360740662,
3825847,2016-04-23,11.0,La Liga,27.0,male,Eibar,RC Deportivo La Coruña,elite,authoritative_rolling_origin_primary,2,242,A-MLP,0,1,0.5156710743904114,
3825886,2016-04-23,11.0,La Liga,27.0,male,Rayo Vallecano,Real Madrid,elite,authoritative_rolling_origin_primary,2,242,A-MLP,0,0,0.2643840610980987,
3825890,2016-04-23,11.0,La Liga,27.0,male,Atlético Madrid,Málaga,elite,authoritative_rolling_origin_primary,2,242,A-MLP,1,0,0.3866926729679107,
3825842,2016-04-24,11.0,La Liga,27.0,male,Levante UD,Athletic Club,elite,authoritative_rolling_origin_primary,2,242,A-MLP,0,0,0.4848011434078216,
3825875,2016-04-24,11.0,La Liga,27.0,male,Villarreal,Real Sociedad,elite,authoritative_rolling_origin_primary,2,242,A-MLP,0,0,0.2889301478862762,
3825884,2016-04-24,11.0,La Liga,27.0,male,Sevilla,Real Betis,elite,authoritative_rolling_origin_primary,2,242,A-MLP,1,0,0.4321664273738861,
3825899,2016-04-24,11.0,La Liga,27.0,male,Getafe,Valencia,elite,authoritative_rolling_origin_primary,2,242,A-MLP,0,0,0.2440617382526397,
3825868,2016-04-25,11.0,La Liga,27.0,male,Celta Vigo,Granada,elite,authoritative_rolling_origin_primary,2,242,A-MLP,1,1,0.5733309388160706,
3825854,2016-04-29,11.0,La Liga,27.0,male,Sporting Gijón,Eibar,elite,authoritative_rolling_origin_primary,2,242,A-MLP,1,0,0.2881304323673248,
266986,2016-04-30,11.0,La Liga,27.0,male,Real Betis,Barcelona,elite,authoritative_rolling_origin_primary,2,242,A-MLP,0,0,0.2511772513389587,
3825859,2016-04-30,11.0,La Liga,27.0,male,Granada,Las Palmas,elite,authoritative_rolling_origin_primary,2,242,A-MLP,1,0,0.4787461757659912,
3825864,2016-04-30,11.0,La Liga,27.0,male,Real Sociedad,Real Madrid,elite,authoritative_rolling_origin_primary,2,242,A-MLP,0,0,0.2558765709400177,
3825878,2016-04-30,11.0,La Liga,27.0,male,Atlético Madrid,Rayo Vallecano,elite,authoritative_rolling_origin_primary,2,242,A-MLP,1,0,0.4722650051116943,
3825845,2016-05-01,11.0,La Liga,27.0,male,Espanyol,Sevilla,elite,authoritative_rolling_origin_primary,2,242,A-MLP,1,0,0.2668463885784149,
3825870,2016-05-01,11.0,La Liga,27.0,male,Athletic Club,Celta Vigo,elite,authoritative_rolling_origin_primary,2,242,A-MLP,1,0,0.4825218021869659,
3825873,2016-05-01,11.0,La Liga,27.0,male,Valencia,Villarreal,elite,authoritative_rolling_origin_primary,2,242,A-MLP,0,0,0.4775814414024353,
3825894,2016-05-01,11.0,La Liga,27.0,male,RC Deportivo La Coruña,Getafe,elite,authoritative_rolling_origin_primary,2,242,A-MLP,0,0,0.4035632014274597,
3825855,2016-05-02,11.0,La Liga,27.0,male,Málaga,Levante UD,elite,authoritative_rolling_origin_primary,2,242,A-MLP,1,1,0.616492748260498,
265958,2016-05-08,11.0,La Liga,27.0,male,Barcelona,Espanyol,elite,authoritative_rolling_origin_primary,2,242,A-MLP,1,1,0.8261009454727173,
3825850,2016-05-08,11.0,La Liga,27.0,male,Celta Vigo,Málaga,elite,authoritative_rolling_origin_primary,2,242,A-MLP,1,0,0.3382973670959472,
3825851,2016-05-08,11.0,La Liga,27.0,male,Villarreal,RC Deportivo La Coruña,elite,authoritative_rolling_origin_primary,2,242,A-MLP,0,0,0.4588245153427124,
3825853,2016-05-08,11.0,La Liga,27.0,male,Sevilla,Granada,elite,authoritative_rolling_origin_primary,2,242,A-MLP,0,1,0.5358270406723022,
3825860,2016-05-08,11.0,La Liga,27.0,male,Levante UD,Atlético Madrid,elite,authoritative_rolling_origin_primary,2,242,A-MLP,1,0,0.3248952031135559,
3825861,2016-05-08,11.0,La Liga,27.0,male,Real Sociedad,Rayo Vallecano,elite,authoritative_rolling_origin_primary,2,242,A-MLP,1,0,0.4918736219406128,
3825865,2016-05-08,11.0,La Liga,27.0,male,Getafe,Sporting Gijón,elite,authoritative_rolling_origin_primary,2,242,A-MLP,0,1,0.7877792119979858,
3825866,2016-05-08,11.0,La Liga,27.0,male,Las Palmas,Athletic Club,elite,authoritative_rolling_origin_primary,2,242,A-MLP,0,0,0.2994042336940765,
3825901,2016-05-08,11.0,La Liga,27.0,male,Real Madrid,Valencia,elite,authoritative_rolling_origin_primary,2,242,A-MLP,1,1,0.767568826675415,
3825904,2016-05-08,11.0,La Liga,27.0,male,Eibar,Real Betis,elite,authoritative_rolling_origin_primary,2,242,A-MLP,0,0,0.4568921327590942,
3825849,2016-05-13,11.0,La Liga,27.0,male,Valencia,Real Sociedad,elite,authoritative_rolling_origin_primary,2,242,A-MLP,0,0,0.4376716613769531,
267506,2016-05-14,11.0,La Liga,27.0,male,Granada,Barcelona,elite,authoritative_rolling_origin_primary,2,242,A-MLP,0,0,0.242050439119339,
3825846,2016-05-14,11.0,La Liga,27.0,male,RC Deportivo La Coruña,Real Madrid,elite,authoritative_rolling_origin_primary,2,242,A-MLP,0,0,0.4672621488571167,
3825869,2016-05-14,11.0,La Liga,27.0,male,Athletic Club,Sevilla,elite,authoritative_rolling_origin_primary,2,242,A-MLP,1,1,0.6707521080970764,
3825882,2016-05-14,11.0,La Liga,27.0,male,Atlético Madrid,Celta Vigo,elite,authoritative_rolling_origin_primary,2,242,A-MLP,1,1,0.5949081182479858,
3825876,2016-05-15,11.0,La Liga,27.0,male,Real Betis,Getafe,elite,authoritative_rolling_origin_primary,2,242,A-MLP,1,0,0.1191487312316894,
3825883,2016-05-15,11.0,La Liga,27.0,male,Málaga,Las Palmas,elite,authoritative_rolling_origin_primary,2,242,A-MLP,1,1,0.5645146369934082,
3825900,2016-05-15,11.0,La Liga,27.0,male,Sporting Gijón,Villarreal,elite,authoritative_rolling_origin_primary,2,242,A-MLP,1,0,0.1409076303243637,
3825902,2016-05-15,11.0,La Liga,27.0,male,Rayo Vallecano,Levante UD,elite,authoritative_rolling_origin_primary,2,242,A-MLP,1,1,0.6931513547897339,
3825908,2016-05-15,11.0,La Liga,27.0,male,Espanyol,Eibar,elite,authoritative_rolling_origin_primary,2,242,A-MLP,1,0,0.2245186269283294,
267670,2016-08-20,11.0,La Liga,2.0,male,Barcelona,Real Betis,elite,authoritative_rolling_origin_primary,2,242,A-MLP,1,1,0.9027647972106934,
266892,2016-08-28,11.0,La Liga,2.0,male,Athletic Club,Barcelona,elite,authoritative_rolling_origin_primary,2,242,A-MLP,0,0,0.268608808517456,
267220,2016-09-21,11.0,La Liga,2.0,male,Barcelona,Atlético Madrid,elite,authoritative_rolling_origin_primary,2,242,A-MLP,0,0,0.4980455040931701,
267492,2016-10-15,11.0,La Liga,2.0,male,Barcelona,RC Deportivo La Coruña,elite,authoritative_rolling_origin_primary,2,242,A-MLP,1,1,0.7180366516113281,
266033,2016-10-22,11.0,La Liga,2.0,male,Valencia,Barcelona,elite,authoritative_rolling_origin_primary,2,242,A-MLP,0,0,0.1892531067132949,
267058,2016-10-29,11.0,La Liga,2.0,male,Barcelona,Granada,elite,authoritative_rolling_origin_primary,2,242,A-MLP,1,1,0.846830427646637,
266989,2016-11-06,11.0,La Liga,2.0,male,Sevilla,Barcelona,elite,authoritative_rolling_origin_primary,2,242,A-MLP,0,0,0.1186436563730239,
266191,2016-11-27,11.0,La Liga,2.0,male,Real Sociedad,Barcelona,elite,authoritative_rolling_origin_primary,2,242,A-MLP,0,0,0.3824889957904815,
267076,2016-12-03,11.0,La Liga,2.0,male,Barcelona,Real Madrid,elite,authoritative_rolling_origin_primary,2,242,A-MLP,0,0,0.4783265590667724,
3825787,2016-02-27,11.0,La Liga,27.0,male,Real Madrid,Atlético Madrid,elite,authoritative_rolling_origin_primary,2,242,B-GNN-full,0,1,0.6422905325889587,
3825788,2016-02-27,11.0,La Liga,27.0,male,Getafe,Celta Vigo,elite,authoritative_rolling_origin_primary,2,242,B-GNN-full,0,0,0.2182435840368271,
3825789,2016-02-27,11.0,La Liga,27.0,male,Real Sociedad,Málaga,elite,authoritative_rolling_origin_primary,2,242,B-GNN-full,0,0,0.3932863473892212,
3825790,2016-02-27,11.0,La Liga,27.0,male,Sporting Gijón,Espanyol,elite,authoritative_rolling_origin_primary,2,242,B-GNN-full,0,1,0.6528482437133789,
3825791,2016-02-27,11.0,La Liga,27.0,male,Real Betis,Rayo Vallecano,elite,authoritative_rolling_origin_primary,2,242,B-GNN-full,0,0,0.3390772640705108,
265839,2016-02-28,11.0,La Liga,27.0,male,Barcelona,Sevilla,elite,authoritative_rolling_origin_primary,2,242,B-GNN-full,1,1,0.642286479473114,
3825792,2016-02-28,11.0,La Liga,27.0,male,RC Deportivo La Coruña,Granada,elite,authoritative_rolling_origin_primary,2,242,B-GNN-full,0,1,0.6969687342643738,
3825793,2016-02-28,11.0,La Liga,27.0,male,Valencia,Athletic Club,elite,authoritative_rolling_origin_primary,2,242,B-GNN-full,0,0,0.3992210030555725,
3825794,2016-02-28,11.0,La Liga,27.0,male,Villarreal,Levante UD,elite,authoritative_rolling_origin_primary,2,242,B-GNN-full,1,1,0.6141046285629272,
3825795,2016-03-01,11.0,La Liga,27.0,male,Atlético Madrid,Real Sociedad,elite,authoritative_rolling_origin_primary,2,242,B-GNN-full,1,1,0.9161361455917358,
3825796,2016-03-01,11.0,La Liga,27.0,male,Las Palmas,Getafe,elite,authoritative_rolling_origin_primary,2,242,B-GNN-full,1,1,0.777940571308136,
3825797,2016-03-02,11.0,La Liga,27.0,male,Athletic Club,RC Deportivo La Coruña,elite,authoritative_rolling_origin_primary,2,242,B-GNN-full,1,1,0.9739510416984558,
3825798,2016-03-02,11.0,La Liga,27.0,male,Levante UD,Real Madrid,elite,authoritative_rolling_origin_primary,2,242,B-GNN-full,0,0,0.3440699577331543,
3825799,2016-03-02,11.0,La Liga,27.0,male,Málaga,Valencia,elite,authoritative_rolling_origin_primary,2,242,B-GNN-full,0,0,0.1463303714990615,
3825800,2016-03-02,11.0,La Liga,27.0,male,Celta Vigo,Villarreal,elite,authoritative_rolling_origin_primary,2,242,B-GNN-full,0,1,0.6678093075752258,
3825801,2016-03-02,11.0,La Liga,27.0,male,Sevilla,Eibar,elite,authoritative_rolling_origin_primary,2,242,B-GNN-full,1,1,0.6352957487106323,
266653,2016-03-03,11.0,La Liga,27.0,male,Rayo Vallecano,Barcelona,elite,authoritative_rolling_origin_primary,2,242,B-GNN-full,0,0,0.2544691264629364,
3825802,2016-03-03,11.0,La Liga,27.0,male,Espanyol,Real Betis,elite,authoritative_rolling_origin_primary,2,242,B-GNN-full,0,0,0.2537936270236969,
3825803,2016-03-03,11.0,La Liga,27.0,male,Granada,Sporting Gijón,elite,authoritative_rolling_origin_primary,2,242,B-GNN-full,1,1,0.7150127291679382,
3825804,2016-03-05,11.0,La Liga,27.0,male,RC Deportivo La Coruña,Málaga,elite,authoritative_rolling_origin_primary,2,242,B-GNN-full,0,1,0.8245985507965088,
3825805,2016-03-05,11.0,La Liga,27.0,male,Villarreal,Las Palmas,elite,authoritative_rolling_origin_primary,2,242,B-GNN-full,0,0,0.3376387059688568,
3825806,2016-03-05,11.0,La Liga,27.0,male,Real Madrid,Celta Vigo,elite,authoritative_rolling_origin_primary,2,242,B-GNN-full,1,1,0.8911553025245667,
3825867,2016-03-05,11.0,La Liga,27.0,male,Getafe,Sevilla,elite,authoritative_rolling_origin_primary,2,242,B-GNN-full,0,0,0.2410611063241958,
266056,2016-03-06,11.0,La Liga,27.0,male,Eibar,Barcelona,elite,authoritative_rolling_origin_primary,2,242,B-GNN-full,0,0,0.2347966581583023,
3825807,2016-03-06,11.0,La Liga,27.0,male,Valencia,Atlético Madrid,elite,authoritative_rolling_origin_primary,2,242,B-GNN-full,0,0,0.2037897408008575,
3825808,2016-03-06,11.0,La Liga,27.0,male,Sporting Gijón,Athletic Club,elite,authoritative_rolling_origin_primary,2,242,B-GNN-full,0,0,0.1384285688400268,
3825809,2016-03-06,11.0,La Liga,27.0,male,Real Betis,Granada,elite,authoritative_rolling_origin_primary,2,242,B-GNN-full,1,0,0.1476465761661529,
3825810,2016-03-06,11.0,La Liga,27.0,male,Real Sociedad,Levante UD,elite,authoritative_rolling_origin_primary,2,242,B-GNN-full,0,0,0.3806948661804199,
3825811,2016-03-07,11.0,La Liga,27.0,male,Espanyol,Rayo Vallecano,elite,authoritative_rolling_origin_primary,2,242,B-GNN-full,1,1,0.5348277688026428,
3825812,2016-03-11,11.0,La Liga,27.0,male,Málaga,Sporting Gijón,elite,authoritative_rolling_origin_primary,2,242,B-GNN-full,1,0,0.2407496869564056,
266498,2016-03-12,11.0,La Liga,27.0,male,Barcelona,Getafe,elite,authoritative_rolling_origin_primary,2,242,B-GNN-full,1,1,0.9724383354187012,
3825813,2016-03-12,11.0,La Liga,27.0,male,Atlético Madrid,RC Deportivo La Coruña,elite,authoritative_rolling_origin_primary,2,242,B-GNN-full,1,1,0.9025444984436036,
3825814,2016-03-12,11.0,La Liga,27.0,male,Celta Vigo,Real Sociedad,elite,authoritative_rolling_origin_primary,2,242,B-GNN-full,1,0,0.1412601023912429,
3825858,2016-03-12,11.0,La Liga,27.0,male,Rayo Vallecano,Eibar,elite,authoritative_rolling_origin_primary,2,242,B-GNN-full,0,0,0.4059256911277771,
3825815,2016-03-13,11.0,La Liga,27.0,male,Levante UD,Valencia,elite,authoritative_rolling_origin_primary,2,242,B-GNN-full,1,0,0.1977524310350418,
3825816,2016-03-13,11.0,La Liga,27.0,male,Sevilla,Villarreal,elite,authoritative_rolling_origin_primary,2,242,B-GNN-full,1,1,0.966378390789032,
3825844,2016-03-13,11.0,La Liga,27.0,male,Athletic Club,Real Betis,elite,authoritative_rolling_origin_primary,2,242,B-GNN-full,1,1,0.7481865286827087,
3825879,2016-03-13,11.0,La Liga,27.0,male,Las Palmas,Real Madrid,elite,authoritative_rolling_origin_primary,2,242,B-GNN-full,0,1,0.6637073159217834,
3825881,2016-03-14,11.0,La Liga,27.0,male,Granada,Espanyol,elite,authoritative_rolling_origin_primary,2,242,B-GNN-full,0,0,0.1304227709770202,
3825817,2016-03-18,11.0,La Liga,27.0,male,Getafe,Eibar,elite,authoritative_rolling_origin_primary,2,242,B-GNN-full,0,0,0.195906177163124,
3825818,2016-03-19,11.0,La Liga,27.0,male,Real Sociedad,Las Palmas,elite,authoritative_rolling_origin_primary,2,242,B-GNN-full,0,0,0.1991620808839798,
3825880,2016-03-19,11.0,La Liga,27.0,male,RC Deportivo La Coruña,Levante UD,elite,authoritative_rolling_origin_primary,2,242,B-GNN-full,1,1,0.5181732177734375,
3825887,2016-03-19,11.0,La Liga,27.0,male,Granada,Rayo Vallecano,elite,authoritative_rolling_origin_primary,2,242,B-GNN-full,0,1,0.5115311145782471,
3825903,2016-03-19,11.0,La Liga,27.0,male,Real Betis,Málaga,elite,authoritative_rolling_origin_primary,2,242,B-GNN-full,0,0,0.3424012362957001,
3825907,2016-03-19,11.0,La Liga,27.0,male,Sporting Gijón,Atlético Madrid,elite,authoritative_rolling_origin_primary,2,242,B-GNN-full,1,1,0.658746063709259,
266106,2016-03-20,11.0,La Liga,27.0,male,Villarreal,Barcelona,elite,authoritative_rolling_origin_primary,2,242,B-GNN-full,0,1,0.6029344201087952,
3825819,2016-03-20,11.0,La Liga,27.0,male,Valencia,Celta Vigo,elite,authoritative_rolling_origin_primary,2,242,B-GNN-full,0,0,0.3723604381084442,
3825820,2016-03-20,11.0,La Liga,27.0,male,Real Madrid,Sevilla,elite,authoritative_rolling_origin_primary,2,242,B-GNN-full,1,1,0.9960675239562988,
3825821,2016-03-20,11.0,La Liga,27.0,male,Espanyol,Athletic Club,elite,authoritative_rolling_origin_primary,2,242,B-GNN-full,1,1,0.5512080788612366,
3825885,2016-04-01,11.0,La Liga,27.0,male,Rayo Vallecano,Getafe,elite,authoritative_rolling_origin_primary,2,242,B-GNN-full,1,1,0.9754526615142822,
267533,2016-04-02,11.0,La Liga,27.0,male,Barcelona,Real Madrid,elite,authoritative_rolling_origin_primary,2,242,B-GNN-full,0,1,0.6385726928710938,
3825822,2016-04-02,11.0,La Liga,27.0,male,Las Palmas,Valencia,elite,authoritative_rolling_origin_primary,2,242,B-GNN-full,1,1,0.5645519495010376,
3825872,2016-04-02,11.0,La Liga,27.0,male,Atlético Madrid,Real Betis,elite,authoritative_rolling_origin_primary,2,242,B-GNN-full,1,1,0.964163601398468,
3825898,2016-04-02,11.0,La Liga,27.0,male,Celta Vigo,RC Deportivo La Coruña,elite,authoritative_rolling_origin_primary,2,242,B-GNN-full,0,0,0.371059387922287,
3825823,2016-04-03,11.0,La Liga,27.0,male,Sevilla,Real Sociedad,elite,authoritative_rolling_origin_primary,2,242,B-GNN-full,0,1,0.7540772557258606,
3825824,2016-04-03,11.0,La Liga,27.0,male,Eibar,Villarreal,elite,authoritative_rolling_origin_primary,2,242,B-GNN-full,0,0,0.1756837218999862,
3825877,2016-04-03,11.0,La Liga,27.0,male,Athletic Club,Granada,elite,authoritative_rolling_origin_primary,2,242,B-GNN-full,0,1,0.8804018497467041,
3825905,2016-04-03,11.0,La Liga,27.0,male,Málaga,Espanyol,elite,authoritative_rolling_origin_primary,2,242,B-GNN-full,0,1,0.526628851890564,
3825825,2016-04-04,11.0,La Liga,27.0,male,Levante UD,Sporting Gijón,elite,authoritative_rolling_origin_primary,2,242,B-GNN-full,0,0,0.3617070913314819,
3825826,2016-04-08,11.0,La Liga,27.0,male,Granada,Málaga,elite,authoritative_rolling_origin_primary,2,242,B-GNN-full,0,0,0.2364260405302047,
266664,2016-04-09,11.0,La Liga,27.0,male,Real Sociedad,Barcelona,elite,authoritative_rolling_origin_primary,2,242,B-GNN-full,1,0,0.1912947297096252,
3825827,2016-04-09,11.0,La Liga,27.0,male,Real Betis,Levante UD,elite,authoritative_rolling_origin_primary,2,242,B-GNN-full,1,0,0.2478522360324859,
3825828,2016-04-09,11.0,La Liga,27.0,male,Espanyol,Atlético Madrid,elite,authoritative_rolling_origin_primary,2,242,B-GNN-full,0,0,0.2340813428163528,
3825856,2016-04-09,11.0,La Liga,27.0,male,Real Madrid,Eibar,elite,authoritative_rolling_origin_primary,2,242,B-GNN-full,1,1,0.9610010385513306,
3825829,2016-04-10,11.0,La Liga,27.0,male,Athletic Club,Rayo Vallecano,elite,authoritative_rolling_origin_primary,2,242,B-GNN-full,1,0,0.2115458399057388,
3825830,2016-04-10,11.0,La Liga,27.0,male,Villarreal,Getafe,elite,authoritative_rolling_origin_primary,2,242,B-GNN-full,1,0,0.415844976902008,
3825831,2016-04-10,11.0,La Liga,27.0,male,Valencia,Sevilla,elite,authoritative_rolling_origin_primary,2,242,B-GNN-full,1,0,0.4361136555671692,
3825832,2016-04-10,11.0,La Liga,27.0,male,Sporting Gijón,Celta Vigo,elite,authoritative_rolling_origin_primary,2,242,B-GNN-full,0,0,0.1451407074928283,
3825863,2016-04-11,11.0,La Liga,27.0,male,RC Deportivo La Coruña,Las Palmas,elite,authoritative_rolling_origin_primary,2,242,B-GNN-full,0,0,0.2711496949195862,
3825857,2016-04-15,11.0,La Liga,27.0,male,Levante UD,Espanyol,elite,authoritative_rolling_origin_primary,2,242,B-GNN-full,1,0,0.2706591188907623,
3825833,2016-04-16,11.0,La Liga,27.0,male,Getafe,Real Madrid,elite,authoritative_rolling_origin_primary,2,242,B-GNN-full,0,0,0.2468321025371551,
3825852,2016-04-16,11.0,La Liga,27.0,male,Las Palmas,Sporting Gijón,elite,authoritative_rolling_origin_primary,2,242,B-GNN-full,0,0,0.3673878908157348,
3825889,2016-04-16,11.0,La Liga,27.0,male,Celta Vigo,Real Betis,elite,authoritative_rolling_origin_primary,2,242,B-GNN-full,0,1,0.5520607829093933,
3825897,2016-04-16,11.0,La Liga,27.0,male,Eibar,Real Sociedad,elite,authoritative_rolling_origin_primary,2,242,B-GNN-full,1,0,0.3853804171085357,
266557,2016-04-17,11.0,La Liga,27.0,male,Barcelona,Valencia,elite,authoritative_rolling_origin_primary,2,242,B-GNN-full,0,1,0.8160128593444824,
3825834,2016-04-17,11.0,La Liga,27.0,male,Atlético Madrid,Granada,elite,authoritative_rolling_origin_primary,2,242,B-GNN-full,1,1,0.5407386422157288,
3825835,2016-04-17,11.0,La Liga,27.0,male,Málaga,Athletic Club,elite,authoritative_rolling_origin_primary,2,242,B-GNN-full,0,0,0.2817219495773315,
3825836,2016-04-17,11.0,La Liga,27.0,male,Rayo Vallecano,Villarreal,elite,authoritative_rolling_origin_primary,2,242,B-GNN-full,1,1,0.7504141330718994,
3825906,2016-04-17,11.0,La Liga,27.0,male,Sevilla,RC Deportivo La Coruña,elite,authoritative_rolling_origin_primary,2,242,B-GNN-full,0,1,0.50066077709198,
3825837,2016-04-19,11.0,La Liga,27.0,male,Real Betis,Las Palmas,elite,authoritative_rolling_origin_primary,2,242,B-GNN-full,1,0,0.3400823473930359,
3825862,2016-04-19,11.0,La Liga,27.0,male,Espanyol,Celta Vigo,elite,authoritative_rolling_origin_primary,2,242,B-GNN-full,0,0,0.28410205245018,
266310,2016-04-20,11.0,La Liga,27.0,male,RC Deportivo La Coruña,Barcelona,elite,authoritative_rolling_origin_primary,2,242,B-GNN-full,0,1,0.5174638628959656,
3825838,2016-04-20,11.0,La Liga,27.0,male,Athletic Club,Atlético Madrid,elite,authoritative_rolling_origin_primary,2,242,B-GNN-full,0,0,0.2888906896114349,
3825839,2016-04-20,11.0,La Liga,27.0,male,Sporting Gijón,Sevilla,elite,authoritative_rolling_origin_primary,2,242,B-GNN-full,1,0,0.3125814199447632,
3825840,2016-04-20,11.0,La Liga,27.0,male,Valencia,Eibar,elite,authoritative_rolling_origin_primary,2,242,B-GNN-full,1,1,0.9905956983566284,
3825843,2016-04-20,11.0,La Liga,27.0,male,Málaga,Rayo Vallecano,elite,authoritative_rolling_origin_primary,2,242,B-GNN-full,0,0,0.3497234284877777,
3825893,2016-04-20,11.0,La Liga,27.0,male,Real Madrid,Villarreal,elite,authoritative_rolling_origin_primary,2,242,B-GNN-full,1,1,0.844380795955658,
3825841,2016-04-21,11.0,La Liga,27.0,male,Real Sociedad,Getafe,elite,authoritative_rolling_origin_primary,2,242,B-GNN-full,0,0,0.4101165533065796,
3825896,2016-04-21,11.0,La Liga,27.0,male,Granada,Levante UD,elite,authoritative_rolling_origin_primary,2,242,B-GNN-full,1,1,0.995940089225769,
3825871,2016-04-22,11.0,La Liga,27.0,male,Las Palmas,Espanyol,elite,authoritative_rolling_origin_primary,2,242,B-GNN-full,1,1,0.5540891885757446,
265944,2016-04-23,11.0,La Liga,27.0,male,Barcelona,Sporting Gijón,elite,authoritative_rolling_origin_primary,2,242,B-GNN-full,1,1,0.9986041188240052,
3825847,2016-04-23,11.0,La Liga,27.0,male,Eibar,RC Deportivo La Coruña,elite,authoritative_rolling_origin_primary,2,242,B-GNN-full,0,0,0.3305230736732483,
3825886,2016-04-23,11.0,La Liga,27.0,male,Rayo Vallecano,Real Madrid,elite,authoritative_rolling_origin_primary,2,242,B-GNN-full,0,0,0.3955255448818207,
3825890,2016-04-23,11.0,La Liga,27.0,male,Atlético Madrid,Málaga,elite,authoritative_rolling_origin_primary,2,242,B-GNN-full,1,0,0.2204625159502029,
3825842,2016-04-24,11.0,La Liga,27.0,male,Levante UD,Athletic Club,elite,authoritative_rolling_origin_primary,2,242,B-GNN-full,0,0,0.1887276023626327,
3825875,2016-04-24,11.0,La Liga,27.0,male,Villarreal,Real Sociedad,elite,authoritative_rolling_origin_primary,2,242,B-GNN-full,0,0,0.1944841891527176,
3825884,2016-04-24,11.0,La Liga,27.0,male,Sevilla,Real Betis,elite,authoritative_rolling_origin_primary,2,242,B-GNN-full,1,0,0.3319487273693084,
3825899,2016-04-24,11.0,La Liga,27.0,male,Getafe,Valencia,elite,authoritative_rolling_origin_primary,2,242,B-GNN-full,0,0,0.3550574779510498,
3825868,2016-04-25,11.0,La Liga,27.0,male,Celta Vigo,Granada,elite,authoritative_rolling_origin_primary,2,242,B-GNN-full,1,1,0.9373725652694702,
3825854,2016-04-29,11.0,La Liga,27.0,male,Sporting Gijón,Eibar,elite,authoritative_rolling_origin_primary,2,242,B-GNN-full,1,0,0.2049393057823181,
266986,2016-04-30,11.0,La Liga,27.0,male,Real Betis,Barcelona,elite,authoritative_rolling_origin_primary,2,242,B-GNN-full,0,0,0.0980987027287483,
3825859,2016-04-30,11.0,La Liga,27.0,male,Granada,Las Palmas,elite,authoritative_rolling_origin_primary,2,242,B-GNN-full,1,0,0.4775177836418152,
3825864,2016-04-30,11.0,La Liga,27.0,male,Real Sociedad,Real Madrid,elite,authoritative_rolling_origin_primary,2,242,B-GNN-full,0,0,0.2684248089790344,
3825878,2016-04-30,11.0,La Liga,27.0,male,Atlético Madrid,Rayo Vallecano,elite,authoritative_rolling_origin_primary,2,242,B-GNN-full,1,0,0.1723512709140777,
3825845,2016-05-01,11.0,La Liga,27.0,male,Espanyol,Sevilla,elite,authoritative_rolling_origin_primary,2,242,B-GNN-full,1,0,0.3309035897254944,
3825870,2016-05-01,11.0,La Liga,27.0,male,Athletic Club,Celta Vigo,elite,authoritative_rolling_origin_primary,2,242,B-GNN-full,1,1,0.5222330093383789,
3825873,2016-05-01,11.0,La Liga,27.0,male,Valencia,Villarreal,elite,authoritative_rolling_origin_primary,2,242,B-GNN-full,0,0,0.3756978511810303,
3825894,2016-05-01,11.0,La Liga,27.0,male,RC Deportivo La Coruña,Getafe,elite,authoritative_rolling_origin_primary,2,242,B-GNN-full,0,0,0.1799169331789016,
3825855,2016-05-02,11.0,La Liga,27.0,male,Málaga,Levante UD,elite,authoritative_rolling_origin_primary,2,242,B-GNN-full,1,0,0.4927381575107574,
265958,2016-05-08,11.0,La Liga,27.0,male,Barcelona,Espanyol,elite,authoritative_rolling_origin_primary,2,242,B-GNN-full,1,1,0.7491093873977661,
3825850,2016-05-08,11.0,La Liga,27.0,male,Celta Vigo,Málaga,elite,authoritative_rolling_origin_primary,2,242,B-GNN-full,1,1,0.7332245707511902,
3825851,2016-05-08,11.0,La Liga,27.0,male,Villarreal,RC Deportivo La Coruña,elite,authoritative_rolling_origin_primary,2,242,B-GNN-full,0,1,0.582687497138977,
3825853,2016-05-08,11.0,La Liga,27.0,male,Sevilla,Granada,elite,authoritative_rolling_origin_primary,2,242,B-GNN-full,0,0,0.2590923607349396,
3825860,2016-05-08,11.0,La Liga,27.0,male,Levante UD,Atlético Madrid,elite,authoritative_rolling_origin_primary,2,242,B-GNN-full,1,0,0.4283841848373413,
3825861,2016-05-08,11.0,La Liga,27.0,male,Real Sociedad,Rayo Vallecano,elite,authoritative_rolling_origin_primary,2,242,B-GNN-full,1,0,0.3665991723537445,
3825865,2016-05-08,11.0,La Liga,27.0,male,Getafe,Sporting Gijón,elite,authoritative_rolling_origin_primary,2,242,B-GNN-full,0,0,0.2280732691287994,
3825866,2016-05-08,11.0,La Liga,27.0,male,Las Palmas,Athletic Club,elite,authoritative_rolling_origin_primary,2,242,B-GNN-full,0,0,0.3411650657653808,
3825901,2016-05-08,11.0,La Liga,27.0,male,Real Madrid,Valencia,elite,authoritative_rolling_origin_primary,2,242,B-GNN-full,1,1,0.9533864259719848,
3825904,2016-05-08,11.0,La Liga,27.0,male,Eibar,Real Betis,elite,authoritative_rolling_origin_primary,2,242,B-GNN-full,0,0,0.4281438887119293,
3825849,2016-05-13,11.0,La Liga,27.0,male,Valencia,Real Sociedad,elite,authoritative_rolling_origin_primary,2,242,B-GNN-full,0,0,0.4394745528697967,
267506,2016-05-14,11.0,La Liga,27.0,male,Granada,Barcelona,elite,authoritative_rolling_origin_primary,2,242,B-GNN-full,0,0,0.1696511507034301,
3825846,2016-05-14,11.0,La Liga,27.0,male,RC Deportivo La Coruña,Real Madrid,elite,authoritative_rolling_origin_primary,2,242,B-GNN-full,0,0,0.3801452815532684,
3825869,2016-05-14,11.0,La Liga,27.0,male,Athletic Club,Sevilla,elite,authoritative_rolling_origin_primary,2,242,B-GNN-full,1,1,0.956198513507843,
3825882,2016-05-14,11.0,La Liga,27.0,male,Atlético Madrid,Celta Vigo,elite,authoritative_rolling_origin_primary,2,242,B-GNN-full,1,0,0.3633630871772766,
3825876,2016-05-15,11.0,La Liga,27.0,male,Real Betis,Getafe,elite,authoritative_rolling_origin_primary,2,242,B-GNN-full,1,1,0.8570273518562317,
3825883,2016-05-15,11.0,La Liga,27.0,male,Málaga,Las Palmas,elite,authoritative_rolling_origin_primary,2,242,B-GNN-full,1,1,0.5244459509849548,
3825900,2016-05-15,11.0,La Liga,27.0,male,Sporting Gijón,Villarreal,elite,authoritative_rolling_origin_primary,2,242,B-GNN-full,1,0,0.4677412509918213,
3825902,2016-05-15,11.0,La Liga,27.0,male,Rayo Vallecano,Levante UD,elite,authoritative_rolling_origin_primary,2,242,B-GNN-full,1,1,0.8732157945632935,
3825908,2016-05-15,11.0,La Liga,27.0,male,Espanyol,Eibar,elite,authoritative_rolling_origin_primary,2,242,B-GNN-full,1,1,0.6365983486175537,
267670,2016-08-20,11.0,La Liga,2.0,male,Barcelona,Real Betis,elite,authoritative_rolling_origin_primary,2,242,B-GNN-full,1,1,0.9933933615684508,
266892,2016-08-28,11.0,La Liga,2.0,male,Athletic Club,Barcelona,elite,authoritative_rolling_origin_primary,2,242,B-GNN-full,0,0,0.2032373547554016,
267220,2016-09-21,11.0,La Liga,2.0,male,Barcelona,Atlético Madrid,elite,authoritative_rolling_origin_primary,2,242,B-GNN-full,0,1,0.8037531971931458,
267492,2016-10-15,11.0,La Liga,2.0,male,Barcelona,RC Deportivo La Coruña,elite,authoritative_rolling_origin_primary,2,242,B-GNN-full,1,1,0.7409353852272034,
266033,2016-10-22,11.0,La Liga,2.0,male,Valencia,Barcelona,elite,authoritative_rolling_origin_primary,2,242,B-GNN-full,0,0,0.2717945277690887,
267058,2016-10-29,11.0,La Liga,2.0,male,Barcelona,Granada,elite,authoritative_rolling_origin_primary,2,242,B-GNN-full,1,1,0.801253080368042,
266989,2016-11-06,11.0,La Liga,2.0,male,Sevilla,Barcelona,elite,authoritative_rolling_origin_primary,2,242,B-GNN-full,0,1,0.5333514213562012,
266191,2016-11-27,11.0,La Liga,2.0,male,Real Sociedad,Barcelona,elite,authoritative_rolling_origin_primary,2,242,B-GNN-full,0,1,0.6413470506668091,
267076,2016-12-03,11.0,La Liga,2.0,male,Barcelona,Real Madrid,elite,authoritative_rolling_origin_primary,2,242,B-GNN-full,0,1,0.7231833934783936,
3825787,2016-02-27,11.0,La Liga,27.0,male,Real Madrid,Atlético Madrid,elite,authoritative_rolling_origin_primary,2,242,C-Hybrid-full,0,0,0.410937637090683,0.4884176254272461
3825788,2016-02-27,11.0,La Liga,27.0,male,Getafe,Celta Vigo,elite,authoritative_rolling_origin_primary,2,242,C-Hybrid-full,0,0,0.2695945203304291,0.4884176254272461
3825789,2016-02-27,11.0,La Liga,27.0,male,Real Sociedad,Málaga,elite,authoritative_rolling_origin_primary,2,242,C-Hybrid-full,0,0,0.4220878183841705,0.4884176254272461
3825790,2016-02-27,11.0,La Liga,27.0,male,Sporting Gijón,Espanyol,elite,authoritative_rolling_origin_primary,2,242,C-Hybrid-full,0,0,0.3198424279689789,0.4884176254272461
3825791,2016-02-27,11.0,La Liga,27.0,male,Real Betis,Rayo Vallecano,elite,authoritative_rolling_origin_primary,2,242,C-Hybrid-full,0,0,0.3248451650142669,0.4884176254272461
265839,2016-02-28,11.0,La Liga,27.0,male,Barcelona,Sevilla,elite,authoritative_rolling_origin_primary,2,242,C-Hybrid-full,1,1,0.6289340853691101,0.4884176254272461
3825792,2016-02-28,11.0,La Liga,27.0,male,RC Deportivo La Coruña,Granada,elite,authoritative_rolling_origin_primary,2,242,C-Hybrid-full,0,1,0.5786225199699402,0.4884176254272461
3825793,2016-02-28,11.0,La Liga,27.0,male,Valencia,Athletic Club,elite,authoritative_rolling_origin_primary,2,242,C-Hybrid-full,0,0,0.4124966859817505,0.4884176254272461
3825794,2016-02-28,11.0,La Liga,27.0,male,Villarreal,Levante UD,elite,authoritative_rolling_origin_primary,2,242,C-Hybrid-full,1,0,0.4632323682308197,0.4884176254272461
3825795,2016-03-01,11.0,La Liga,27.0,male,Atlético Madrid,Real Sociedad,elite,authoritative_rolling_origin_primary,2,242,C-Hybrid-full,1,1,0.5648154020309448,0.4884176254272461
3825796,2016-03-01,11.0,La Liga,27.0,male,Las Palmas,Getafe,elite,authoritative_rolling_origin_primary,2,242,C-Hybrid-full,1,0,0.4241326749324798,0.4884176254272461
3825797,2016-03-02,11.0,La Liga,27.0,male,Athletic Club,RC Deportivo La Coruña,elite,authoritative_rolling_origin_primary,2,242,C-Hybrid-full,1,0,0.4558865129947662,0.4884176254272461
3825798,2016-03-02,11.0,La Liga,27.0,male,Levante UD,Real Madrid,elite,authoritative_rolling_origin_primary,2,242,C-Hybrid-full,0,0,0.234806939959526,0.4884176254272461
3825799,2016-03-02,11.0,La Liga,27.0,male,Málaga,Valencia,elite,authoritative_rolling_origin_primary,2,242,C-Hybrid-full,0,0,0.2577036917209625,0.4884176254272461
3825800,2016-03-02,11.0,La Liga,27.0,male,Celta Vigo,Villarreal,elite,authoritative_rolling_origin_primary,2,242,C-Hybrid-full,0,0,0.4049027264118194,0.4884176254272461
3825801,2016-03-02,11.0,La Liga,27.0,male,Sevilla,Eibar,elite,authoritative_rolling_origin_primary,2,242,C-Hybrid-full,1,1,0.5225640535354614,0.4884176254272461
266653,2016-03-03,11.0,La Liga,27.0,male,Rayo Vallecano,Barcelona,elite,authoritative_rolling_origin_primary,2,242,C-Hybrid-full,0,0,0.2263559997081756,0.4884176254272461
3825802,2016-03-03,11.0,La Liga,27.0,male,Espanyol,Real Betis,elite,authoritative_rolling_origin_primary,2,242,C-Hybrid-full,0,0,0.4339386224746704,0.4884176254272461
3825803,2016-03-03,11.0,La Liga,27.0,male,Granada,Sporting Gijón,elite,authoritative_rolling_origin_primary,2,242,C-Hybrid-full,1,1,0.5265856981277466,0.4884176254272461
3825804,2016-03-05,11.0,La Liga,27.0,male,RC Deportivo La Coruña,Málaga,elite,authoritative_rolling_origin_primary,2,242,C-Hybrid-full,0,0,0.4474936127662658,0.4884176254272461
3825805,2016-03-05,11.0,La Liga,27.0,male,Villarreal,Las Palmas,elite,authoritative_rolling_origin_primary,2,242,C-Hybrid-full,0,0,0.3508718013763428,0.4884176254272461
3825806,2016-03-05,11.0,La Liga,27.0,male,Real Madrid,Celta Vigo,elite,authoritative_rolling_origin_primary,2,242,C-Hybrid-full,1,0,0.4462815523147583,0.4884176254272461
3825867,2016-03-05,11.0,La Liga,27.0,male,Getafe,Sevilla,elite,authoritative_rolling_origin_primary,2,242,C-Hybrid-full,0,0,0.2576187252998352,0.4884176254272461
266056,2016-03-06,11.0,La Liga,27.0,male,Eibar,Barcelona,elite,authoritative_rolling_origin_primary,2,242,C-Hybrid-full,0,0,0.1605627834796905,0.4884176254272461
3825807,2016-03-06,11.0,La Liga,27.0,male,Valencia,Atlético Madrid,elite,authoritative_rolling_origin_primary,2,242,C-Hybrid-full,0,0,0.1900914460420608,0.4884176254272461
3825808,2016-03-06,11.0,La Liga,27.0,male,Sporting Gijón,Athletic Club,elite,authoritative_rolling_origin_primary,2,242,C-Hybrid-full,0,0,0.1705857813358307,0.4884176254272461
3825809,2016-03-06,11.0,La Liga,27.0,male,Real Betis,Granada,elite,authoritative_rolling_origin_primary,2,242,C-Hybrid-full,1,0,0.2886967658996582,0.4884176254272461
3825810,2016-03-06,11.0,La Liga,27.0,male,Real Sociedad,Levante UD,elite,authoritative_rolling_origin_primary,2,242,C-Hybrid-full,0,0,0.4391883313655853,0.4884176254272461
3825811,2016-03-07,11.0,La Liga,27.0,male,Espanyol,Rayo Vallecano,elite,authoritative_rolling_origin_primary,2,242,C-Hybrid-full,1,1,0.5047625303268433,0.4884176254272461
3825812,2016-03-11,11.0,La Liga,27.0,male,Málaga,Sporting Gijón,elite,authoritative_rolling_origin_primary,2,242,C-Hybrid-full,1,0,0.343677818775177,0.4884176254272461
266498,2016-03-12,11.0,La Liga,27.0,male,Barcelona,Getafe,elite,authoritative_rolling_origin_primary,2,242,C-Hybrid-full,1,1,0.7398630380630493,0.4884176254272461
3825813,2016-03-12,11.0,La Liga,27.0,male,Atlético Madrid,RC Deportivo La Coruña,elite,authoritative_rolling_origin_primary,2,242,C-Hybrid-full,1,1,0.623563826084137,0.4884176254272461
3825814,2016-03-12,11.0,La Liga,27.0,male,Celta Vigo,Real Sociedad,elite,authoritative_rolling_origin_primary,2,242,C-Hybrid-full,1,0,0.2409569323062896,0.4884176254272461
3825858,2016-03-12,11.0,La Liga,27.0,male,Rayo Vallecano,Eibar,elite,authoritative_rolling_origin_primary,2,242,C-Hybrid-full,0,0,0.3148043751716614,0.4884176254272461
3825815,2016-03-13,11.0,La Liga,27.0,male,Levante UD,Valencia,elite,authoritative_rolling_origin_primary,2,242,C-Hybrid-full,1,0,0.2629472911357879,0.4884176254272461
3825816,2016-03-13,11.0,La Liga,27.0,male,Sevilla,Villarreal,elite,authoritative_rolling_origin_primary,2,242,C-Hybrid-full,1,0,0.4741190075874328,0.4884176254272461
3825844,2016-03-13,11.0,La Liga,27.0,male,Athletic Club,Real Betis,elite,authoritative_rolling_origin_primary,2,242,C-Hybrid-full,1,1,0.5369861721992493,0.4884176254272461
3825879,2016-03-13,11.0,La Liga,27.0,male,Las Palmas,Real Madrid,elite,authoritative_rolling_origin_primary,2,242,C-Hybrid-full,0,0,0.3100295066833496,0.4884176254272461
3825881,2016-03-14,11.0,La Liga,27.0,male,Granada,Espanyol,elite,authoritative_rolling_origin_primary,2,242,C-Hybrid-full,0,0,0.2764887809753418,0.4884176254272461
3825817,2016-03-18,11.0,La Liga,27.0,male,Getafe,Eibar,elite,authoritative_rolling_origin_primary,2,242,C-Hybrid-full,0,0,0.277179092168808,0.4884176254272461
3825818,2016-03-19,11.0,La Liga,27.0,male,Real Sociedad,Las Palmas,elite,authoritative_rolling_origin_primary,2,242,C-Hybrid-full,0,0,0.3270749151706695,0.4884176254272461
3825880,2016-03-19,11.0,La Liga,27.0,male,RC Deportivo La Coruña,Levante UD,elite,authoritative_rolling_origin_primary,2,242,C-Hybrid-full,1,0,0.3527811169624328,0.4884176254272461
3825887,2016-03-19,11.0,La Liga,27.0,male,Granada,Rayo Vallecano,elite,authoritative_rolling_origin_primary,2,242,C-Hybrid-full,0,0,0.4805341064929962,0.4884176254272461
3825903,2016-03-19,11.0,La Liga,27.0,male,Real Betis,Málaga,elite,authoritative_rolling_origin_primary,2,242,C-Hybrid-full,0,0,0.35905322432518,0.4884176254272461
3825907,2016-03-19,11.0,La Liga,27.0,male,Sporting Gijón,Atlético Madrid,elite,authoritative_rolling_origin_primary,2,242,C-Hybrid-full,1,0,0.1698124557733535,0.4884176254272461
266106,2016-03-20,11.0,La Liga,27.0,male,Villarreal,Barcelona,elite,authoritative_rolling_origin_primary,2,242,C-Hybrid-full,0,0,0.1854612082242965,0.4884176254272461
3825819,2016-03-20,11.0,La Liga,27.0,male,Valencia,Celta Vigo,elite,authoritative_rolling_origin_primary,2,242,C-Hybrid-full,0,0,0.397669643163681,0.4884176254272461
3825820,2016-03-20,11.0,La Liga,27.0,male,Real Madrid,Sevilla,elite,authoritative_rolling_origin_primary,2,242,C-Hybrid-full,1,1,0.798966109752655,0.4884176254272461
3825821,2016-03-20,11.0,La Liga,27.0,male,Espanyol,Athletic Club,elite,authoritative_rolling_origin_primary,2,242,C-Hybrid-full,1,0,0.3162477016448974,0.4884176254272461
3825885,2016-04-01,11.0,La Liga,27.0,male,Rayo Vallecano,Getafe,elite,authoritative_rolling_origin_primary,2,242,C-Hybrid-full,1,1,0.6774407625198364,0.4884176254272461
267533,2016-04-02,11.0,La Liga,27.0,male,Barcelona,Real Madrid,elite,authoritative_rolling_origin_primary,2,242,C-Hybrid-full,0,0,0.3843637406826019,0.4884176254272461
3825822,2016-04-02,11.0,La Liga,27.0,male,Las Palmas,Valencia,elite,authoritative_rolling_origin_primary,2,242,C-Hybrid-full,1,1,0.539921224117279,0.4884176254272461
3825872,2016-04-02,11.0,La Liga,27.0,male,Atlético Madrid,Real Betis,elite,authoritative_rolling_origin_primary,2,242,C-Hybrid-full,1,1,0.7913504242897034,0.4884176254272461
3825898,2016-04-02,11.0,La Liga,27.0,male,Celta Vigo,RC Deportivo La Coruña,elite,authoritative_rolling_origin_primary,2,242,C-Hybrid-full,0,0,0.2774377167224884,0.4884176254272461
3825823,2016-04-03,11.0,La Liga,27.0,male,Sevilla,Real Sociedad,elite,authoritative_rolling_origin_primary,2,242,C-Hybrid-full,0,0,0.3308798968791961,0.4884176254272461
3825824,2016-04-03,11.0,La Liga,27.0,male,Eibar,Villarreal,elite,authoritative_rolling_origin_primary,2,242,C-Hybrid-full,0,0,0.2537049055099487,0.4884176254272461
3825877,2016-04-03,11.0,La Liga,27.0,male,Athletic Club,Granada,elite,authoritative_rolling_origin_primary,2,242,C-Hybrid-full,0,1,0.5547361969947815,0.4884176254272461
3825905,2016-04-03,11.0,La Liga,27.0,male,Málaga,Espanyol,elite,authoritative_rolling_origin_primary,2,242,C-Hybrid-full,0,0,0.2951326072216034,0.4884176254272461
3825825,2016-04-04,11.0,La Liga,27.0,male,Levante UD,Sporting Gijón,elite,authoritative_rolling_origin_primary,2,242,C-Hybrid-full,0,0,0.3393949270248413,0.4884176254272461
3825826,2016-04-08,11.0,La Liga,27.0,male,Granada,Málaga,elite,authoritative_rolling_origin_primary,2,242,C-Hybrid-full,0,0,0.232751116156578,0.4884176254272461
266664,2016-04-09,11.0,La Liga,27.0,male,Real Sociedad,Barcelona,elite,authoritative_rolling_origin_primary,2,242,C-Hybrid-full,1,0,0.2519920170307159,0.4884176254272461
3825827,2016-04-09,11.0,La Liga,27.0,male,Real Betis,Levante UD,elite,authoritative_rolling_origin_primary,2,242,C-Hybrid-full,1,0,0.2068689614534378,0.4884176254272461
3825828,2016-04-09,11.0,La Liga,27.0,male,Espanyol,Atlético Madrid,elite,authoritative_rolling_origin_primary,2,242,C-Hybrid-full,0,0,0.2574961185455322,0.4884176254272461
3825856,2016-04-09,11.0,La Liga,27.0,male,Real Madrid,Eibar,elite,authoritative_rolling_origin_primary,2,242,C-Hybrid-full,1,1,0.5882654786109924,0.4884176254272461
3825829,2016-04-10,11.0,La Liga,27.0,male,Athletic Club,Rayo Vallecano,elite,authoritative_rolling_origin_primary,2,242,C-Hybrid-full,1,0,0.2658761143684387,0.4884176254272461
3825830,2016-04-10,11.0,La Liga,27.0,male,Villarreal,Getafe,elite,authoritative_rolling_origin_primary,2,242,C-Hybrid-full,1,1,0.5182920694351196,0.4884176254272461
3825831,2016-04-10,11.0,La Liga,27.0,male,Valencia,Sevilla,elite,authoritative_rolling_origin_primary,2,242,C-Hybrid-full,1,0,0.3350388407707214,0.4884176254272461
3825832,2016-04-10,11.0,La Liga,27.0,male,Sporting Gijón,Celta Vigo,elite,authoritative_rolling_origin_primary,2,242,C-Hybrid-full,0,0,0.3420681059360504,0.4884176254272461
3825863,2016-04-11,11.0,La Liga,27.0,male,RC Deportivo La Coruña,Las Palmas,elite,authoritative_rolling_origin_primary,2,242,C-Hybrid-full,0,0,0.2310622930526733,0.4884176254272461
3825857,2016-04-15,11.0,La Liga,27.0,male,Levante UD,Espanyol,elite,authoritative_rolling_origin_primary,2,242,C-Hybrid-full,1,0,0.3451658487319946,0.4884176254272461
3825833,2016-04-16,11.0,La Liga,27.0,male,Getafe,Real Madrid,elite,authoritative_rolling_origin_primary,2,242,C-Hybrid-full,0,0,0.1759974658489227,0.4884176254272461
3825852,2016-04-16,11.0,La Liga,27.0,male,Las Palmas,Sporting Gijón,elite,authoritative_rolling_origin_primary,2,242,C-Hybrid-full,0,0,0.4508687853813171,0.4884176254272461
3825889,2016-04-16,11.0,La Liga,27.0,male,Celta Vigo,Real Betis,elite,authoritative_rolling_origin_primary,2,242,C-Hybrid-full,0,1,0.6367319822311401,0.4884176254272461
3825897,2016-04-16,11.0,La Liga,27.0,male,Eibar,Real Sociedad,elite,authoritative_rolling_origin_primary,2,242,C-Hybrid-full,1,0,0.4047004580497741,0.4884176254272461
266557,2016-04-17,11.0,La Liga,27.0,male,Barcelona,Valencia,elite,authoritative_rolling_origin_primary,2,242,C-Hybrid-full,0,1,0.5420951247215271,0.4884176254272461
3825834,2016-04-17,11.0,La Liga,27.0,male,Atlético Madrid,Granada,elite,authoritative_rolling_origin_primary,2,242,C-Hybrid-full,1,1,0.5185797810554504,0.4884176254272461
3825835,2016-04-17,11.0,La Liga,27.0,male,Málaga,Athletic Club,elite,authoritative_rolling_origin_primary,2,242,C-Hybrid-full,0,0,0.4499476552009582,0.4884176254272461
3825836,2016-04-17,11.0,La Liga,27.0,male,Rayo Vallecano,Villarreal,elite,authoritative_rolling_origin_primary,2,242,C-Hybrid-full,1,1,0.5374370813369751,0.4884176254272461
3825906,2016-04-17,11.0,La Liga,27.0,male,Sevilla,RC Deportivo La Coruña,elite,authoritative_rolling_origin_primary,2,242,C-Hybrid-full,0,0,0.3148244321346283,0.4884176254272461
3825837,2016-04-19,11.0,La Liga,27.0,male,Real Betis,Las Palmas,elite,authoritative_rolling_origin_primary,2,242,C-Hybrid-full,1,0,0.2909317314624786,0.4884176254272461
3825862,2016-04-19,11.0,La Liga,27.0,male,Espanyol,Celta Vigo,elite,authoritative_rolling_origin_primary,2,242,C-Hybrid-full,0,0,0.1817812472581863,0.4884176254272461
266310,2016-04-20,11.0,La Liga,27.0,male,RC Deportivo La Coruña,Barcelona,elite,authoritative_rolling_origin_primary,2,242,C-Hybrid-full,0,0,0.241038516163826,0.4884176254272461
3825838,2016-04-20,11.0,La Liga,27.0,male,Athletic Club,Atlético Madrid,elite,authoritative_rolling_origin_primary,2,242,C-Hybrid-full,0,0,0.3252985179424286,0.4884176254272461
3825839,2016-04-20,11.0,La Liga,27.0,male,Sporting Gijón,Sevilla,elite,authoritative_rolling_origin_primary,2,242,C-Hybrid-full,1,0,0.3869231939315796,0.4884176254272461
3825840,2016-04-20,11.0,La Liga,27.0,male,Valencia,Eibar,elite,authoritative_rolling_origin_primary,2,242,C-Hybrid-full,1,1,0.5309200286865234,0.4884176254272461
3825843,2016-04-20,11.0,La Liga,27.0,male,Málaga,Rayo Vallecano,elite,authoritative_rolling_origin_primary,2,242,C-Hybrid-full,0,0,0.3883692920207977,0.4884176254272461
3825893,2016-04-20,11.0,La Liga,27.0,male,Real Madrid,Villarreal,elite,authoritative_rolling_origin_primary,2,242,C-Hybrid-full,1,1,0.6208113431930542,0.4884176254272461
3825841,2016-04-21,11.0,La Liga,27.0,male,Real Sociedad,Getafe,elite,authoritative_rolling_origin_primary,2,242,C-Hybrid-full,0,0,0.4136048853397369,0.4884176254272461
3825896,2016-04-21,11.0,La Liga,27.0,male,Granada,Levante UD,elite,authoritative_rolling_origin_primary,2,242,C-Hybrid-full,1,1,0.5143296122550964,0.4884176254272461
3825871,2016-04-22,11.0,La Liga,27.0,male,Las Palmas,Espanyol,elite,authoritative_rolling_origin_primary,2,242,C-Hybrid-full,1,0,0.3716495037078857,0.4884176254272461
265944,2016-04-23,11.0,La Liga,27.0,male,Barcelona,Sporting Gijón,elite,authoritative_rolling_origin_primary,2,242,C-Hybrid-full,1,1,0.8182476758956909,0.4884176254272461
3825847,2016-04-23,11.0,La Liga,27.0,male,Eibar,RC Deportivo La Coruña,elite,authoritative_rolling_origin_primary,2,242,C-Hybrid-full,0,0,0.3490586280822754,0.4884176254272461
3825886,2016-04-23,11.0,La Liga,27.0,male,Rayo Vallecano,Real Madrid,elite,authoritative_rolling_origin_primary,2,242,C-Hybrid-full,0,0,0.1937081813812255,0.4884176254272461
3825890,2016-04-23,11.0,La Liga,27.0,male,Atlético Madrid,Málaga,elite,authoritative_rolling_origin_primary,2,242,C-Hybrid-full,1,0,0.26267209649086,0.4884176254272461
3825842,2016-04-24,11.0,La Liga,27.0,male,Levante UD,Athletic Club,elite,authoritative_rolling_origin_primary,2,242,C-Hybrid-full,0,0,0.2644703388214111,0.4884176254272461
3825875,2016-04-24,11.0,La Liga,27.0,male,Villarreal,Real Sociedad,elite,authoritative_rolling_origin_primary,2,242,C-Hybrid-full,0,0,0.2682332098484039,0.4884176254272461
3825884,2016-04-24,11.0,La Liga,27.0,male,Sevilla,Real Betis,elite,authoritative_rolling_origin_primary,2,242,C-Hybrid-full,1,0,0.3128746449947357,0.4884176254272461
3825899,2016-04-24,11.0,La Liga,27.0,male,Getafe,Valencia,elite,authoritative_rolling_origin_primary,2,242,C-Hybrid-full,0,0,0.2471862882375717,0.4884176254272461
3825868,2016-04-25,11.0,La Liga,27.0,male,Celta Vigo,Granada,elite,authoritative_rolling_origin_primary,2,242,C-Hybrid-full,1,1,0.5655980706214905,0.4884176254272461
3825854,2016-04-29,11.0,La Liga,27.0,male,Sporting Gijón,Eibar,elite,authoritative_rolling_origin_primary,2,242,C-Hybrid-full,1,0,0.2542997896671295,0.4884176254272461
266986,2016-04-30,11.0,La Liga,27.0,male,Real Betis,Barcelona,elite,authoritative_rolling_origin_primary,2,242,C-Hybrid-full,0,0,0.1413560360670089,0.4884176254272461
3825859,2016-04-30,11.0,La Liga,27.0,male,Granada,Las Palmas,elite,authoritative_rolling_origin_primary,2,242,C-Hybrid-full,1,0,0.3962456881999969,0.4884176254272461
3825864,2016-04-30,11.0,La Liga,27.0,male,Real Sociedad,Real Madrid,elite,authoritative_rolling_origin_primary,2,242,C-Hybrid-full,0,0,0.190663456916809,0.4884176254272461
3825878,2016-04-30,11.0,La Liga,27.0,male,Atlético Madrid,Rayo Vallecano,elite,authoritative_rolling_origin_primary,2,242,C-Hybrid-full,1,0,0.3157070577144623,0.4884176254272461
3825845,2016-05-01,11.0,La Liga,27.0,male,Espanyol,Sevilla,elite,authoritative_rolling_origin_primary,2,242,C-Hybrid-full,1,0,0.2009079605340957,0.4884176254272461
3825870,2016-05-01,11.0,La Liga,27.0,male,Athletic Club,Celta Vigo,elite,authoritative_rolling_origin_primary,2,242,C-Hybrid-full,1,0,0.4006737768650055,0.4884176254272461
3825873,2016-05-01,11.0,La Liga,27.0,male,Valencia,Villarreal,elite,authoritative_rolling_origin_primary,2,242,C-Hybrid-full,0,0,0.4386529624462127,0.4884176254272461
3825894,2016-05-01,11.0,La Liga,27.0,male,RC Deportivo La Coruña,Getafe,elite,authoritative_rolling_origin_primary,2,242,C-Hybrid-full,0,0,0.2678092420101166,0.4884176254272461
3825855,2016-05-02,11.0,La Liga,27.0,male,Málaga,Levante UD,elite,authoritative_rolling_origin_primary,2,242,C-Hybrid-full,1,1,0.539394199848175,0.4884176254272461
265958,2016-05-08,11.0,La Liga,27.0,male,Barcelona,Espanyol,elite,authoritative_rolling_origin_primary,2,242,C-Hybrid-full,1,1,0.6390591263771057,0.4884176254272461
3825850,2016-05-08,11.0,La Liga,27.0,male,Celta Vigo,Málaga,elite,authoritative_rolling_origin_primary,2,242,C-Hybrid-full,1,0,0.3259934782981872,0.4884176254272461
3825851,2016-05-08,11.0,La Liga,27.0,male,Villarreal,RC Deportivo La Coruña,elite,authoritative_rolling_origin_primary,2,242,C-Hybrid-full,0,0,0.4290539026260376,0.4884176254272461
3825853,2016-05-08,11.0,La Liga,27.0,male,Sevilla,Granada,elite,authoritative_rolling_origin_primary,2,242,C-Hybrid-full,0,0,0.4053550064563751,0.4884176254272461
3825860,2016-05-08,11.0,La Liga,27.0,male,Levante UD,Atlético Madrid,elite,authoritative_rolling_origin_primary,2,242,C-Hybrid-full,1,0,0.2685388922691345,0.4884176254272461
3825861,2016-05-08,11.0,La Liga,27.0,male,Real Sociedad,Rayo Vallecano,elite,authoritative_rolling_origin_primary,2,242,C-Hybrid-full,1,0,0.406050443649292,0.4884176254272461
3825865,2016-05-08,11.0,La Liga,27.0,male,Getafe,Sporting Gijón,elite,authoritative_rolling_origin_primary,2,242,C-Hybrid-full,0,1,0.5317659974098206,0.4884176254272461
3825866,2016-05-08,11.0,La Liga,27.0,male,Las Palmas,Athletic Club,elite,authoritative_rolling_origin_primary,2,242,C-Hybrid-full,0,0,0.230572298169136,0.4884176254272461
3825901,2016-05-08,11.0,La Liga,27.0,male,Real Madrid,Valencia,elite,authoritative_rolling_origin_primary,2,242,C-Hybrid-full,1,1,0.6051265597343445,0.4884176254272461
3825904,2016-05-08,11.0,La Liga,27.0,male,Eibar,Real Betis,elite,authoritative_rolling_origin_primary,2,242,C-Hybrid-full,0,0,0.4194379448890686,0.4884176254272461
3825849,2016-05-13,11.0,La Liga,27.0,male,Valencia,Real Sociedad,elite,authoritative_rolling_origin_primary,2,242,C-Hybrid-full,0,0,0.3461463749408722,0.4884176254272461
267506,2016-05-14,11.0,La Liga,27.0,male,Granada,Barcelona,elite,authoritative_rolling_origin_primary,2,242,C-Hybrid-full,0,0,0.1279766857624054,0.4884176254272461
3825846,2016-05-14,11.0,La Liga,27.0,male,RC Deportivo La Coruña,Real Madrid,elite,authoritative_rolling_origin_primary,2,242,C-Hybrid-full,0,0,0.3766414821147918,0.4884176254272461
3825869,2016-05-14,11.0,La Liga,27.0,male,Athletic Club,Sevilla,elite,authoritative_rolling_origin_primary,2,242,C-Hybrid-full,1,1,0.6022487282752991,0.4884176254272461
3825882,2016-05-14,11.0,La Liga,27.0,male,Atlético Madrid,Celta Vigo,elite,authoritative_rolling_origin_primary,2,242,C-Hybrid-full,1,0,0.4135323166847229,0.4884176254272461
3825876,2016-05-15,11.0,La Liga,27.0,male,Real Betis,Getafe,elite,authoritative_rolling_origin_primary,2,242,C-Hybrid-full,1,0,0.1991624534130096,0.4884176254272461
3825883,2016-05-15,11.0,La Liga,27.0,male,Málaga,Las Palmas,elite,authoritative_rolling_origin_primary,2,242,C-Hybrid-full,1,0,0.4143513143062591,0.4884176254272461
3825900,2016-05-15,11.0,La Liga,27.0,male,Sporting Gijón,Villarreal,elite,authoritative_rolling_origin_primary,2,242,C-Hybrid-full,1,0,0.2018387466669082,0.4884176254272461
3825902,2016-05-15,11.0,La Liga,27.0,male,Rayo Vallecano,Levante UD,elite,authoritative_rolling_origin_primary,2,242,C-Hybrid-full,1,1,0.5865631699562073,0.4884176254272461
3825908,2016-05-15,11.0,La Liga,27.0,male,Espanyol,Eibar,elite,authoritative_rolling_origin_primary,2,242,C-Hybrid-full,1,0,0.1810310631990432,0.4884176254272461
267670,2016-08-20,11.0,La Liga,2.0,male,Barcelona,Real Betis,elite,authoritative_rolling_origin_primary,2,242,C-Hybrid-full,1,1,0.8697776794433594,0.4884176254272461
266892,2016-08-28,11.0,La Liga,2.0,male,Athletic Club,Barcelona,elite,authoritative_rolling_origin_primary,2,242,C-Hybrid-full,0,0,0.1407754123210907,0.4884176254272461
267220,2016-09-21,11.0,La Liga,2.0,male,Barcelona,Atlético Madrid,elite,authoritative_rolling_origin_primary,2,242,C-Hybrid-full,0,1,0.5659328103065491,0.4884176254272461
267492,2016-10-15,11.0,La Liga,2.0,male,Barcelona,RC Deportivo La Coruña,elite,authoritative_rolling_origin_primary,2,242,C-Hybrid-full,1,1,0.6841462850570679,0.4884176254272461
266033,2016-10-22,11.0,La Liga,2.0,male,Valencia,Barcelona,elite,authoritative_rolling_origin_primary,2,242,C-Hybrid-full,0,0,0.1690563857555389,0.4884176254272461
267058,2016-10-29,11.0,La Liga,2.0,male,Barcelona,Granada,elite,authoritative_rolling_origin_primary,2,242,C-Hybrid-full,1,1,0.7272288203239441,0.4884176254272461
266989,2016-11-06,11.0,La Liga,2.0,male,Sevilla,Barcelona,elite,authoritative_rolling_origin_primary,2,242,C-Hybrid-full,0,0,0.1381317377090454,0.4884176254272461
266191,2016-11-27,11.0,La Liga,2.0,male,Real Sociedad,Barcelona,elite,authoritative_rolling_origin_primary,2,242,C-Hybrid-full,0,0,0.2862476706504822,0.4884176254272461
267076,2016-12-03,11.0,La Liga,2.0,male,Barcelona,Real Madrid,elite,authoritative_rolling_origin_primary,2,242,C-Hybrid-full,0,0,0.4518691003322601,0.4884176254272461
266357,2016-12-10,11.0,La Liga,2.0,male,Osasuna,Barcelona,elite,authoritative_rolling_origin_primary,3,342,A-MLP,0,0,0.4177767932415008,
266528,2016-12-18,11.0,La Liga,2.0,male,Barcelona,Espanyol,elite,authoritative_rolling_origin_primary,3,342,A-MLP,1,1,0.6103821992874146,
266477,2017-01-08,11.0,La Liga,2.0,male,Villarreal,Barcelona,elite,authoritative_rolling_origin_primary,3,342,A-MLP,0,0,0.3454702198505401,
267395,2017-01-14,11.0,La Liga,2.0,male,Barcelona,Las Palmas,elite,authoritative_rolling_origin_primary,3,342,A-MLP,1,1,0.7647024989128113,
266731,2017-01-22,11.0,La Liga,2.0,male,Eibar,Barcelona,elite,authoritative_rolling_origin_primary,3,342,A-MLP,0,0,0.3252018392086029,
266516,2017-01-29,11.0,La Liga,2.0,male,Real Betis,Barcelona,elite,authoritative_rolling_origin_primary,3,342,A-MLP,0,0,0.3013850450515747,
266874,2017-02-04,11.0,La Liga,2.0,male,Barcelona,Athletic Club,elite,authoritative_rolling_origin_primary,3,342,A-MLP,1,1,0.53297358751297,
267464,2017-02-26,11.0,La Liga,2.0,male,Atlético Madrid,Barcelona,elite,authoritative_rolling_origin_primary,3,342,A-MLP,0,0,0.3507997691631317,
265952,2017-03-01,11.0,La Liga,2.0,male,Barcelona,Sporting Gijón,elite,authoritative_rolling_origin_primary,3,342,A-MLP,1,1,0.6317622065544128,
266299,2017-03-04,11.0,La Liga,2.0,male,Barcelona,Celta Vigo,elite,authoritative_rolling_origin_primary,3,342,A-MLP,1,1,0.680746853351593,
267660,2017-03-12,11.0,La Liga,2.0,male,RC Deportivo La Coruña,Barcelona,elite,authoritative_rolling_origin_primary,3,342,A-MLP,1,0,0.2738001346588135,
266440,2017-03-19,11.0,La Liga,2.0,male,Barcelona,Valencia,elite,authoritative_rolling_origin_primary,3,342,A-MLP,1,1,0.8047374486923218,
266280,2017-04-05,11.0,La Liga,2.0,male,Barcelona,Sevilla,elite,authoritative_rolling_origin_primary,3,342,A-MLP,1,1,0.7864919304847717,
267590,2017-04-08,11.0,La Liga,2.0,male,Málaga,Barcelona,elite,authoritative_rolling_origin_primary,3,342,A-MLP,1,0,0.4688208699226379,
267373,2017-04-15,11.0,La Liga,2.0,male,Barcelona,Real Sociedad,elite,authoritative_rolling_origin_primary,3,342,A-MLP,1,1,0.5732585191726685,
267569,2017-04-23,11.0,La Liga,2.0,male,Real Madrid,Barcelona,elite,authoritative_rolling_origin_primary,3,342,A-MLP,0,1,0.5170771479606628,
267101,2017-04-26,11.0,La Liga,2.0,male,Barcelona,Osasuna,elite,authoritative_rolling_origin_primary,3,342,A-MLP,1,1,0.6441662907600403,
267077,2017-04-29,11.0,La Liga,2.0,male,Espanyol,Barcelona,elite,authoritative_rolling_origin_primary,3,342,A-MLP,0,0,0.3393741548061371,
266952,2017-05-06,11.0,La Liga,2.0,male,Barcelona,Villarreal,elite,authoritative_rolling_origin_primary,3,342,A-MLP,1,1,0.705858588218689,
267039,2017-05-14,11.0,La Liga,2.0,male,Las Palmas,Barcelona,elite,authoritative_rolling_origin_primary,3,342,A-MLP,0,0,0.2285438627004623,
267432,2017-05-21,11.0,La Liga,2.0,male,Barcelona,Eibar,elite,authoritative_rolling_origin_primary,3,342,A-MLP,1,1,0.6687067151069641,
9575,2017-08-20,11.0,La Liga,1.0,male,Barcelona,Real Betis,elite,authoritative_rolling_origin_primary,3,342,A-MLP,1,1,0.7456229329109192,
9581,2017-08-26,11.0,La Liga,1.0,male,Deportivo Alavés,Barcelona,elite,authoritative_rolling_origin_primary,3,342,A-MLP,0,0,0.3270258605480194,
9592,2017-09-09,11.0,La Liga,1.0,male,Barcelona,Espanyol,elite,authoritative_rolling_origin_primary,3,342,A-MLP,1,1,0.868187665939331,
9602,2017-09-16,11.0,La Liga,1.0,male,Getafe,Barcelona,elite,authoritative_rolling_origin_primary,3,342,A-MLP,0,0,0.337663471698761,
9609,2017-09-19,11.0,La Liga,1.0,male,Barcelona,Eibar,elite,authoritative_rolling_origin_primary,3,342,A-MLP,1,1,0.799688458442688,
9636,2017-10-01,11.0,La Liga,1.0,male,Barcelona,Las Palmas,elite,authoritative_rolling_origin_primary,3,342,A-MLP,1,1,0.7118649482727051,
9642,2017-10-14,11.0,La Liga,1.0,male,Atlético Madrid,Barcelona,elite,authoritative_rolling_origin_primary,3,342,A-MLP,0,0,0.3370214104652405,
9650,2017-10-21,11.0,La Liga,1.0,male,Barcelona,Málaga,elite,authoritative_rolling_origin_primary,3,342,A-MLP,1,1,0.5445882081985474,
9661,2017-10-28,11.0,La Liga,1.0,male,Athletic Club,Barcelona,elite,authoritative_rolling_origin_primary,3,342,A-MLP,0,0,0.3364775776863098,
9673,2017-11-04,11.0,La Liga,1.0,male,Barcelona,Sevilla,elite,authoritative_rolling_origin_primary,3,342,A-MLP,1,1,0.6616576313972473,
9695,2017-11-26,11.0,La Liga,1.0,male,Valencia,Barcelona,elite,authoritative_rolling_origin_primary,3,342,A-MLP,0,0,0.4051428735256195,
9700,2017-12-02,11.0,La Liga,1.0,male,Barcelona,Celta Vigo,elite,authoritative_rolling_origin_primary,3,342,A-MLP,0,1,0.6733140349388123,
9717,2017-12-10,11.0,La Liga,1.0,male,Villarreal,Barcelona,elite,authoritative_rolling_origin_primary,3,342,A-MLP,0,0,0.3742455840110779,
9726,2017-12-17,11.0,La Liga,1.0,male,Barcelona,RC Deportivo La Coruña,elite,authoritative_rolling_origin_primary,3,342,A-MLP,1,1,0.7317591905593872,
9736,2017-12-23,11.0,La Liga,1.0,male,Real Madrid,Barcelona,elite,authoritative_rolling_origin_primary,3,342,A-MLP,0,0,0.428688108921051,
9742,2018-01-07,11.0,La Liga,1.0,male,Barcelona,Levante UD,elite,authoritative_rolling_origin_primary,3,342,A-MLP,1,1,0.745387613773346,
9754,2018-01-14,11.0,La Liga,1.0,male,Real Sociedad,Barcelona,elite,authoritative_rolling_origin_primary,3,342,A-MLP,0,0,0.3255914449691772,
9765,2018-01-21,11.0,La Liga,1.0,male,Real Betis,Barcelona,elite,authoritative_rolling_origin_primary,3,342,A-MLP,0,0,0.3232741057872772,
9774,2018-01-28,11.0,La Liga,1.0,male,Barcelona,Deportivo Alavés,elite,authoritative_rolling_origin_primary,3,342,A-MLP,1,1,0.7265609502792358,
9783,2018-02-04,11.0,La Liga,1.0,male,Espanyol,Barcelona,elite,authoritative_rolling_origin_primary,3,342,A-MLP,0,0,0.2846200168132782,
9794,2018-02-11,11.0,La Liga,1.0,male,Barcelona,Getafe,elite,authoritative_rolling_origin_primary,3,342,A-MLP,0,1,0.6191827058792114,
9799,2018-02-17,11.0,La Liga,1.0,male,Eibar,Barcelona,elite,authoritative_rolling_origin_primary,3,342,A-MLP,0,0,0.3659908175468445,
9827,2018-03-01,11.0,La Liga,1.0,male,Las Palmas,Barcelona,elite,authoritative_rolling_origin_primary,3,342,A-MLP,0,0,0.3136642575263977,
9837,2018-03-04,11.0,La Liga,1.0,male,Barcelona,Atlético Madrid,elite,authoritative_rolling_origin_primary,3,342,A-MLP,1,1,0.610340416431427,
9855,2018-03-18,11.0,La Liga,1.0,male,Barcelona,Athletic Club,elite,authoritative_rolling_origin_primary,3,342,A-MLP,1,1,0.7300577163696289,
9860,2018-03-31,11.0,La Liga,1.0,male,Sevilla,Barcelona,elite,authoritative_rolling_origin_primary,3,342,A-MLP,0,0,0.3676598966121673,
9870,2018-04-07,11.0,La Liga,1.0,male,Barcelona,Leganés,elite,authoritative_rolling_origin_primary,3,342,A-MLP,1,1,0.7290000319480896,
9880,2018-04-14,11.0,La Liga,1.0,male,Barcelona,Valencia,elite,authoritative_rolling_origin_primary,3,342,A-MLP,1,1,0.732075035572052,
9889,2018-04-17,11.0,La Liga,1.0,male,Celta Vigo,Barcelona,elite,authoritative_rolling_origin_primary,3,342,A-MLP,0,0,0.3879111707210541,
266357,2016-12-10,11.0,La Liga,2.0,male,Osasuna,Barcelona,elite,authoritative_rolling_origin_primary,3,342,B-GNN-full,0,0,0.0445535294711589,
266528,2016-12-18,11.0,La Liga,2.0,male,Barcelona,Espanyol,elite,authoritative_rolling_origin_primary,3,342,B-GNN-full,1,1,0.9780616760253906,
266477,2017-01-08,11.0,La Liga,2.0,male,Villarreal,Barcelona,elite,authoritative_rolling_origin_primary,3,342,B-GNN-full,0,0,0.2643754780292511,
267395,2017-01-14,11.0,La Liga,2.0,male,Barcelona,Las Palmas,elite,authoritative_rolling_origin_primary,3,342,B-GNN-full,1,1,0.9916862845420836,
266731,2017-01-22,11.0,La Liga,2.0,male,Eibar,Barcelona,elite,authoritative_rolling_origin_primary,3,342,B-GNN-full,0,0,0.2411036491394043,
266516,2017-01-29,11.0,La Liga,2.0,male,Real Betis,Barcelona,elite,authoritative_rolling_origin_primary,3,342,B-GNN-full,0,1,0.6277292370796204,
266874,2017-02-04,11.0,La Liga,2.0,male,Barcelona,Athletic Club,elite,authoritative_rolling_origin_primary,3,342,B-GNN-full,1,0,0.4074591398239136,
267464,2017-02-26,11.0,La Liga,2.0,male,Atlético Madrid,Barcelona,elite,authoritative_rolling_origin_primary,3,342,B-GNN-full,0,0,0.2063701301813125,
265952,2017-03-01,11.0,La Liga,2.0,male,Barcelona,Sporting Gijón,elite,authoritative_rolling_origin_primary,3,342,B-GNN-full,1,1,0.9256079196929932,
266299,2017-03-04,11.0,La Liga,2.0,male,Barcelona,Celta Vigo,elite,authoritative_rolling_origin_primary,3,342,B-GNN-full,1,1,0.842877209186554,
267660,2017-03-12,11.0,La Liga,2.0,male,RC Deportivo La Coruña,Barcelona,elite,authoritative_rolling_origin_primary,3,342,B-GNN-full,1,1,0.5588765740394592,
266440,2017-03-19,11.0,La Liga,2.0,male,Barcelona,Valencia,elite,authoritative_rolling_origin_primary,3,342,B-GNN-full,1,1,0.962885320186615,
266280,2017-04-05,11.0,La Liga,2.0,male,Barcelona,Sevilla,elite,authoritative_rolling_origin_primary,3,342,B-GNN-full,1,1,0.7521046996116638,
267590,2017-04-08,11.0,La Liga,2.0,male,Málaga,Barcelona,elite,authoritative_rolling_origin_primary,3,342,B-GNN-full,1,0,0.1673815250396728,
267373,2017-04-15,11.0,La Liga,2.0,male,Barcelona,Real Sociedad,elite,authoritative_rolling_origin_primary,3,342,B-GNN-full,1,1,0.9566285610198976,
267569,2017-04-23,11.0,La Liga,2.0,male,Real Madrid,Barcelona,elite,authoritative_rolling_origin_primary,3,342,B-GNN-full,0,1,0.7124283313751221,
267101,2017-04-26,11.0,La Liga,2.0,male,Barcelona,Osasuna,elite,authoritative_rolling_origin_primary,3,342,B-GNN-full,1,1,0.9818434119224548,
267077,2017-04-29,11.0,La Liga,2.0,male,Espanyol,Barcelona,elite,authoritative_rolling_origin_primary,3,342,B-GNN-full,0,0,0.2553971707820892,
266952,2017-05-06,11.0,La Liga,2.0,male,Barcelona,Villarreal,elite,authoritative_rolling_origin_primary,3,342,B-GNN-full,1,1,0.995128870010376,
267039,2017-05-14,11.0,La Liga,2.0,male,Las Palmas,Barcelona,elite,authoritative_rolling_origin_primary,3,342,B-GNN-full,0,0,0.198616623878479,
267432,2017-05-21,11.0,La Liga,2.0,male,Barcelona,Eibar,elite,authoritative_rolling_origin_primary,3,342,B-GNN-full,1,1,0.9992510676383972,
9575,2017-08-20,11.0,La Liga,1.0,male,Barcelona,Real Betis,elite,authoritative_rolling_origin_primary,3,342,B-GNN-full,1,1,0.7770883440971375,
9581,2017-08-26,11.0,La Liga,1.0,male,Deportivo Alavés,Barcelona,elite,authoritative_rolling_origin_primary,3,342,B-GNN-full,0,0,0.1587040722370147,
9592,2017-09-09,11.0,La Liga,1.0,male,Barcelona,Espanyol,elite,authoritative_rolling_origin_primary,3,342,B-GNN-full,1,1,0.9980756044387816,
9602,2017-09-16,11.0,La Liga,1.0,male,Getafe,Barcelona,elite,authoritative_rolling_origin_primary,3,342,B-GNN-full,0,0,0.1811138540506363,
9609,2017-09-19,11.0,La Liga,1.0,male,Barcelona,Eibar,elite,authoritative_rolling_origin_primary,3,342,B-GNN-full,1,1,0.9626457691192628,
9636,2017-10-01,11.0,La Liga,1.0,male,Barcelona,Las Palmas,elite,authoritative_rolling_origin_primary,3,342,B-GNN-full,1,1,0.99989914894104,
9642,2017-10-14,11.0,La Liga,1.0,male,Atlético Madrid,Barcelona,elite,authoritative_rolling_origin_primary,3,342,B-GNN-full,0,0,0.4379688203334808,
9650,2017-10-21,11.0,La Liga,1.0,male,Barcelona,Málaga,elite,authoritative_rolling_origin_primary,3,342,B-GNN-full,1,1,0.9864932894706726,
9661,2017-10-28,11.0,La Liga,1.0,male,Athletic Club,Barcelona,elite,authoritative_rolling_origin_primary,3,342,B-GNN-full,0,0,0.3731172978878021,
9673,2017-11-04,11.0,La Liga,1.0,male,Barcelona,Sevilla,elite,authoritative_rolling_origin_primary,3,342,B-GNN-full,1,1,0.7737689018249512,
9695,2017-11-26,11.0,La Liga,1.0,male,Valencia,Barcelona,elite,authoritative_rolling_origin_primary,3,342,B-GNN-full,0,1,0.5553115010261536,
9700,2017-12-02,11.0,La Liga,1.0,male,Barcelona,Celta Vigo,elite,authoritative_rolling_origin_primary,3,342,B-GNN-full,0,1,0.9992755055427552,
9717,2017-12-10,11.0,La Liga,1.0,male,Villarreal,Barcelona,elite,authoritative_rolling_origin_primary,3,342,B-GNN-full,0,1,0.549042820930481,
9726,2017-12-17,11.0,La Liga,1.0,male,Barcelona,RC Deportivo La Coruña,elite,authoritative_rolling_origin_primary,3,342,B-GNN-full,1,1,0.999975323677063,
9736,2017-12-23,11.0,La Liga,1.0,male,Real Madrid,Barcelona,elite,authoritative_rolling_origin_primary,3,342,B-GNN-full,0,0,0.4976173639297485,
9742,2018-01-07,11.0,La Liga,1.0,male,Barcelona,Levante UD,elite,authoritative_rolling_origin_primary,3,342,B-GNN-full,1,1,0.9947482943534852,
9754,2018-01-14,11.0,La Liga,1.0,male,Real Sociedad,Barcelona,elite,authoritative_rolling_origin_primary,3,342,B-GNN-full,0,1,0.5531499981880188,
9765,2018-01-21,11.0,La Liga,1.0,male,Real Betis,Barcelona,elite,authoritative_rolling_origin_primary,3,342,B-GNN-full,0,1,0.609146773815155,
9774,2018-01-28,11.0,La Liga,1.0,male,Barcelona,Deportivo Alavés,elite,authoritative_rolling_origin_primary,3,342,B-GNN-full,1,1,0.9767439365386964,
9783,2018-02-04,11.0,La Liga,1.0,male,Espanyol,Barcelona,elite,authoritative_rolling_origin_primary,3,342,B-GNN-full,0,0,0.1958959251642227,
9794,2018-02-11,11.0,La Liga,1.0,male,Barcelona,Getafe,elite,authoritative_rolling_origin_primary,3,342,B-GNN-full,0,1,0.8614838123321533,
9799,2018-02-17,11.0,La Liga,1.0,male,Eibar,Barcelona,elite,authoritative_rolling_origin_primary,3,342,B-GNN-full,0,0,0.2943113446235657,
9827,2018-03-01,11.0,La Liga,1.0,male,Las Palmas,Barcelona,elite,authoritative_rolling_origin_primary,3,342,B-GNN-full,0,0,0.2677539885044098,
9837,2018-03-04,11.0,La Liga,1.0,male,Barcelona,Atlético Madrid,elite,authoritative_rolling_origin_primary,3,342,B-GNN-full,1,1,0.5770329236984253,
9855,2018-03-18,11.0,La Liga,1.0,male,Barcelona,Athletic Club,elite,authoritative_rolling_origin_primary,3,342,B-GNN-full,1,1,0.7200859189033508,
9860,2018-03-31,11.0,La Liga,1.0,male,Sevilla,Barcelona,elite,authoritative_rolling_origin_primary,3,342,B-GNN-full,0,1,0.945641279220581,
9870,2018-04-07,11.0,La Liga,1.0,male,Barcelona,Leganés,elite,authoritative_rolling_origin_primary,3,342,B-GNN-full,1,1,0.9895793795585632,
9880,2018-04-14,11.0,La Liga,1.0,male,Barcelona,Valencia,elite,authoritative_rolling_origin_primary,3,342,B-GNN-full,1,1,0.9514091610908508,
9889,2018-04-17,11.0,La Liga,1.0,male,Celta Vigo,Barcelona,elite,authoritative_rolling_origin_primary,3,342,B-GNN-full,0,1,0.8853530883789062,
266357,2016-12-10,11.0,La Liga,2.0,male,Osasuna,Barcelona,elite,authoritative_rolling_origin_primary,3,342,C-Hybrid-full,0,0,0.1757669001817703,0.4780621528625488
266528,2016-12-18,11.0,La Liga,2.0,male,Barcelona,Espanyol,elite,authoritative_rolling_origin_primary,3,342,C-Hybrid-full,1,1,0.8716281652450562,0.4780621528625488
266477,2017-01-08,11.0,La Liga,2.0,male,Villarreal,Barcelona,elite,authoritative_rolling_origin_primary,3,342,C-Hybrid-full,0,0,0.2763826549053192,0.4780621528625488
267395,2017-01-14,11.0,La Liga,2.0,male,Barcelona,Las Palmas,elite,authoritative_rolling_origin_primary,3,342,C-Hybrid-full,1,1,0.9555311799049376,0.4780621528625488
266731,2017-01-22,11.0,La Liga,2.0,male,Eibar,Barcelona,elite,authoritative_rolling_origin_primary,3,342,C-Hybrid-full,0,0,0.3351378738880157,0.4780621528625488
266516,2017-01-29,11.0,La Liga,2.0,male,Real Betis,Barcelona,elite,authoritative_rolling_origin_primary,3,342,C-Hybrid-full,0,0,0.1665899902582168,0.4780621528625488
266874,2017-02-04,11.0,La Liga,2.0,male,Barcelona,Athletic Club,elite,authoritative_rolling_origin_primary,3,342,C-Hybrid-full,1,1,0.5773530006408691,0.4780621528625488
267464,2017-02-26,11.0,La Liga,2.0,male,Atlético Madrid,Barcelona,elite,authoritative_rolling_origin_primary,3,342,C-Hybrid-full,0,0,0.1723787039518356,0.4780621528625488
265952,2017-03-01,11.0,La Liga,2.0,male,Barcelona,Sporting Gijón,elite,authoritative_rolling_origin_primary,3,342,C-Hybrid-full,1,1,0.760848343372345,0.4780621528625488
266299,2017-03-04,11.0,La Liga,2.0,male,Barcelona,Celta Vigo,elite,authoritative_rolling_origin_primary,3,342,C-Hybrid-full,1,1,0.8271946907043457,0.4780621528625488
267660,2017-03-12,11.0,La Liga,2.0,male,RC Deportivo La Coruña,Barcelona,elite,authoritative_rolling_origin_primary,3,342,C-Hybrid-full,1,0,0.1206441894173622,0.4780621528625488
266440,2017-03-19,11.0,La Liga,2.0,male,Barcelona,Valencia,elite,authoritative_rolling_origin_primary,3,342,C-Hybrid-full,1,1,0.9730387330055236,0.4780621528625488
266280,2017-04-05,11.0,La Liga,2.0,male,Barcelona,Sevilla,elite,authoritative_rolling_origin_primary,3,342,C-Hybrid-full,1,1,0.8851721882820129,0.4780621528625488
267590,2017-04-08,11.0,La Liga,2.0,male,Málaga,Barcelona,elite,authoritative_rolling_origin_primary,3,342,C-Hybrid-full,1,0,0.4475558996200561,0.4780621528625488
267373,2017-04-15,11.0,La Liga,2.0,male,Barcelona,Real Sociedad,elite,authoritative_rolling_origin_primary,3,342,C-Hybrid-full,1,1,0.8579282760620117,0.4780621528625488
267569,2017-04-23,11.0,La Liga,2.0,male,Real Madrid,Barcelona,elite,authoritative_rolling_origin_primary,3,342,C-Hybrid-full,0,1,0.7854712009429932,0.4780621528625488
267101,2017-04-26,11.0,La Liga,2.0,male,Barcelona,Osasuna,elite,authoritative_rolling_origin_primary,3,342,C-Hybrid-full,1,1,0.8962621688842773,0.4780621528625488
267077,2017-04-29,11.0,La Liga,2.0,male,Espanyol,Barcelona,elite,authoritative_rolling_origin_primary,3,342,C-Hybrid-full,0,0,0.229850098490715,0.4780621528625488
266952,2017-05-06,11.0,La Liga,2.0,male,Barcelona,Villarreal,elite,authoritative_rolling_origin_primary,3,342,C-Hybrid-full,1,1,0.9358853697776794,0.4780621528625488
267039,2017-05-14,11.0,La Liga,2.0,male,Las Palmas,Barcelona,elite,authoritative_rolling_origin_primary,3,342,C-Hybrid-full,0,0,0.079332448542118,0.4780621528625488
267432,2017-05-21,11.0,La Liga,2.0,male,Barcelona,Eibar,elite,authoritative_rolling_origin_primary,3,342,C-Hybrid-full,1,1,0.9874005913734436,0.4780621528625488
9575,2017-08-20,11.0,La Liga,1.0,male,Barcelona,Real Betis,elite,authoritative_rolling_origin_primary,3,342,C-Hybrid-full,1,1,0.8477505445480347,0.4780621528625488
9581,2017-08-26,11.0,La Liga,1.0,male,Deportivo Alavés,Barcelona,elite,authoritative_rolling_origin_primary,3,342,C-Hybrid-full,0,0,0.0682235211133956,0.4780621528625488
9592,2017-09-09,11.0,La Liga,1.0,male,Barcelona,Espanyol,elite,authoritative_rolling_origin_primary,3,342,C-Hybrid-full,1,1,0.9804759621620178,0.4780621528625488
9602,2017-09-16,11.0,La Liga,1.0,male,Getafe,Barcelona,elite,authoritative_rolling_origin_primary,3,342,C-Hybrid-full,0,0,0.1430833786725998,0.4780621528625488
9609,2017-09-19,11.0,La Liga,1.0,male,Barcelona,Eibar,elite,authoritative_rolling_origin_primary,3,342,C-Hybrid-full,1,1,0.977551519870758,0.4780621528625488
9636,2017-10-01,11.0,La Liga,1.0,male,Barcelona,Las Palmas,elite,authoritative_rolling_origin_primary,3,342,C-Hybrid-full,1,1,0.9933971166610718,0.4780621528625488
9642,2017-10-14,11.0,La Liga,1.0,male,Atlético Madrid,Barcelona,elite,authoritative_rolling_origin_primary,3,342,C-Hybrid-full,0,0,0.2634325325489044,0.4780621528625488
9650,2017-10-21,11.0,La Liga,1.0,male,Barcelona,Málaga,elite,authoritative_rolling_origin_primary,3,342,C-Hybrid-full,1,1,0.8756633400917053,0.4780621528625488
9661,2017-10-28,11.0,La Liga,1.0,male,Athletic Club,Barcelona,elite,authoritative_rolling_origin_primary,3,342,C-Hybrid-full,0,0,0.3610833585262298,0.4780621528625488
9673,2017-11-04,11.0,La Liga,1.0,male,Barcelona,Sevilla,elite,authoritative_rolling_origin_primary,3,342,C-Hybrid-full,1,1,0.7246043682098389,0.4780621528625488
9695,2017-11-26,11.0,La Liga,1.0,male,Valencia,Barcelona,elite,authoritative_rolling_origin_primary,3,342,C-Hybrid-full,0,0,0.4371053278446197,0.4780621528625488
9700,2017-12-02,11.0,La Liga,1.0,male,Barcelona,Celta Vigo,elite,authoritative_rolling_origin_primary,3,342,C-Hybrid-full,0,1,0.9423936009407043,0.4780621528625488
9717,2017-12-10,11.0,La Liga,1.0,male,Villarreal,Barcelona,elite,authoritative_rolling_origin_primary,3,342,C-Hybrid-full,0,0,0.3344915509223938,0.4780621528625488
9726,2017-12-17,11.0,La Liga,1.0,male,Barcelona,RC Deportivo La Coruña,elite,authoritative_rolling_origin_primary,3,342,C-Hybrid-full,1,1,0.9944820404052734,0.4780621528625488
9736,2017-12-23,11.0,La Liga,1.0,male,Real Madrid,Barcelona,elite,authoritative_rolling_origin_primary,3,342,C-Hybrid-full,0,1,0.5423149466514587,0.4780621528625488
9742,2018-01-07,11.0,La Liga,1.0,male,Barcelona,Levante UD,elite,authoritative_rolling_origin_primary,3,342,C-Hybrid-full,1,1,0.9466087222099304,0.4780621528625488
9754,2018-01-14,11.0,La Liga,1.0,male,Real Sociedad,Barcelona,elite,authoritative_rolling_origin_primary,3,342,C-Hybrid-full,0,0,0.3633609414100647,0.4780621528625488
9765,2018-01-21,11.0,La Liga,1.0,male,Real Betis,Barcelona,elite,authoritative_rolling_origin_primary,3,342,C-Hybrid-full,0,0,0.2234821021556854,0.4780621528625488
9774,2018-01-28,11.0,La Liga,1.0,male,Barcelona,Deportivo Alavés,elite,authoritative_rolling_origin_primary,3,342,C-Hybrid-full,1,1,0.9394554495811462,0.4780621528625488
9783,2018-02-04,11.0,La Liga,1.0,male,Espanyol,Barcelona,elite,authoritative_rolling_origin_primary,3,342,C-Hybrid-full,0,0,0.0962386354804039,0.4780621528625488
9794,2018-02-11,11.0,La Liga,1.0,male,Barcelona,Getafe,elite,authoritative_rolling_origin_primary,3,342,C-Hybrid-full,0,1,0.7360872626304626,0.4780621528625488
9799,2018-02-17,11.0,La Liga,1.0,male,Eibar,Barcelona,elite,authoritative_rolling_origin_primary,3,342,C-Hybrid-full,0,0,0.1273321509361267,0.4780621528625488
9827,2018-03-01,11.0,La Liga,1.0,male,Las Palmas,Barcelona,elite,authoritative_rolling_origin_primary,3,342,C-Hybrid-full,0,0,0.1502889543771743,0.4780621528625488
9837,2018-03-04,11.0,La Liga,1.0,male,Barcelona,Atlético Madrid,elite,authoritative_rolling_origin_primary,3,342,C-Hybrid-full,1,1,0.6493721604347229,0.4780621528625488
9855,2018-03-18,11.0,La Liga,1.0,male,Barcelona,Athletic Club,elite,authoritative_rolling_origin_primary,3,342,C-Hybrid-full,1,1,0.746146559715271,0.4780621528625488
9860,2018-03-31,11.0,La Liga,1.0,male,Sevilla,Barcelona,elite,authoritative_rolling_origin_primary,3,342,C-Hybrid-full,0,0,0.3836290240287781,0.4780621528625488
9870,2018-04-07,11.0,La Liga,1.0,male,Barcelona,Leganés,elite,authoritative_rolling_origin_primary,3,342,C-Hybrid-full,1,1,0.9381815791130066,0.4780621528625488
9880,2018-04-14,11.0,La Liga,1.0,male,Barcelona,Valencia,elite,authoritative_rolling_origin_primary,3,342,C-Hybrid-full,1,1,0.8933708071708679,0.4780621528625488
9889,2018-04-17,11.0,La Liga,1.0,male,Celta Vigo,Barcelona,elite,authoritative_rolling_origin_primary,3,342,C-Hybrid-full,0,0,0.4668629169464111,0.4780621528625488
9912,2018-04-29,11.0,La Liga,1.0,male,RC Deportivo La Coruña,Barcelona,elite,authoritative_rolling_origin_primary,4,442,A-MLP,0,0,0.1732423156499862,
9924,2018-05-06,11.0,La Liga,1.0,male,Barcelona,Real Madrid,elite,authoritative_rolling_origin_primary,4,442,A-MLP,0,0,0.4413624107837677,
9928,2018-05-09,11.0,La Liga,1.0,male,Barcelona,Villarreal,elite,authoritative_rolling_origin_primary,4,442,A-MLP,1,1,0.661491334438324,
9948,2018-05-20,11.0,La Liga,1.0,male,Barcelona,Real Sociedad,elite,authoritative_rolling_origin_primary,4,442,A-MLP,1,0,0.4128440022468567,
15946,2018-08-18,11.0,La Liga,4.0,male,Barcelona,Deportivo Alavés,elite,authoritative_rolling_origin_primary,4,442,A-MLP,1,1,0.6423730254173279,
15956,2018-08-25,11.0,La Liga,4.0,male,Real Valladolid,Barcelona,elite,authoritative_rolling_origin_primary,4,442,A-MLP,0,0,0.1760729551315307,
15978,2018-09-15,11.0,La Liga,4.0,male,Real Sociedad,Barcelona,elite,authoritative_rolling_origin_primary,4,442,A-MLP,0,0,0.1659125685691833,
15998,2018-09-26,11.0,La Liga,4.0,male,Leganés,Barcelona,elite,authoritative_rolling_origin_primary,4,442,A-MLP,1,0,0.1582997590303421,
16010,2018-09-29,11.0,La Liga,4.0,male,Barcelona,Athletic Club,elite,authoritative_rolling_origin_primary,4,442,A-MLP,0,1,0.6732780337333679,
16023,2018-10-07,11.0,La Liga,4.0,male,Valencia,Barcelona,elite,authoritative_rolling_origin_primary,4,442,A-MLP,0,0,0.1915600299835205,
16029,2018-10-20,11.0,La Liga,4.0,male,Barcelona,Sevilla,elite,authoritative_rolling_origin_primary,4,442,A-MLP,1,1,0.6489995718002319,
16056,2018-11-11,11.0,La Liga,4.0,male,Barcelona,Real Betis,elite,authoritative_rolling_origin_primary,4,442,A-MLP,0,1,0.7072201371192932,
16073,2018-11-24,11.0,La Liga,4.0,male,Atlético Madrid,Barcelona,elite,authoritative_rolling_origin_primary,4,442,A-MLP,0,0,0.2712920606136322,
16079,2018-12-02,11.0,La Liga,4.0,male,Barcelona,Villarreal,elite,authoritative_rolling_origin_primary,4,442,A-MLP,1,1,0.591789186000824,
16086,2018-12-08,11.0,La Liga,4.0,male,Espanyol,Barcelona,elite,authoritative_rolling_origin_primary,4,442,A-MLP,0,0,0.1894136667251587,
16095,2018-12-16,11.0,La Liga,4.0,male,Levante UD,Barcelona,elite,authoritative_rolling_origin_primary,4,442,A-MLP,0,0,0.1885321587324142,
16109,2018-12-22,11.0,La Liga,4.0,male,Barcelona,Celta Vigo,elite,authoritative_rolling_origin_primary,4,442,A-MLP,1,1,0.6034466028213501,
16120,2019-01-06,11.0,La Liga,4.0,male,Getafe,Barcelona,elite,authoritative_rolling_origin_primary,4,442,A-MLP,0,0,0.248704582452774,
16131,2019-01-13,11.0,La Liga,4.0,male,Barcelona,Eibar,elite,authoritative_rolling_origin_primary,4,442,A-MLP,1,1,0.5663561224937439,
16136,2019-01-20,11.0,La Liga,4.0,male,Barcelona,Leganés,elite,authoritative_rolling_origin_primary,4,442,A-MLP,1,1,0.6404262781143188,
16149,2019-01-27,11.0,La Liga,4.0,male,Girona,Barcelona,elite,authoritative_rolling_origin_primary,4,442,A-MLP,0,0,0.1213228777050972,
16157,2019-02-02,11.0,La Liga,4.0,male,Barcelona,Valencia,elite,authoritative_rolling_origin_primary,4,442,A-MLP,0,1,0.6989430785179138,
16173,2019-02-10,11.0,La Liga,4.0,male,Athletic Club,Barcelona,elite,authoritative_rolling_origin_primary,4,442,A-MLP,0,0,0.2266921997070312,
16182,2019-02-16,11.0,La Liga,4.0,male,Barcelona,Real Valladolid,elite,authoritative_rolling_origin_primary,4,442,A-MLP,1,1,0.6595810055732727,
16190,2019-02-23,11.0,La Liga,4.0,male,Sevilla,Barcelona,elite,authoritative_rolling_origin_primary,4,442,A-MLP,0,0,0.3320908844470978,
16196,2019-03-02,11.0,La Liga,4.0,male,Real Madrid,Barcelona,elite,authoritative_rolling_origin_primary,4,442,A-MLP,0,0,0.4606618583202362,
16205,2019-03-09,11.0,La Liga,4.0,male,Barcelona,Rayo Vallecano,elite,authoritative_rolling_origin_primary,4,442,A-MLP,1,0,0.4785554111003876,
16215,2019-03-17,11.0,La Liga,4.0,male,Real Betis,Barcelona,elite,authoritative_rolling_origin_primary,4,442,A-MLP,0,0,0.2062440365552902,
16231,2019-03-30,11.0,La Liga,4.0,male,Barcelona,Espanyol,elite,authoritative_rolling_origin_primary,4,442,A-MLP,1,1,0.6421526074409485,
16240,2019-04-02,11.0,La Liga,4.0,male,Villarreal,Barcelona,elite,authoritative_rolling_origin_primary,4,442,A-MLP,0,0,0.2253452390432357,
16248,2019-04-06,11.0,La Liga,4.0,male,Barcelona,Atlético Madrid,elite,authoritative_rolling_origin_primary,4,442,A-MLP,1,1,0.7528880834579468,
16265,2019-04-20,11.0,La Liga,4.0,male,Barcelona,Real Sociedad,elite,authoritative_rolling_origin_primary,4,442,A-MLP,1,1,0.679654598236084,
16275,2019-04-23,11.0,La Liga,4.0,male,Deportivo Alavés,Barcelona,elite,authoritative_rolling_origin_primary,4,442,A-MLP,0,0,0.049009770154953,
16289,2019-04-27,11.0,La Liga,4.0,male,Barcelona,Levante UD,elite,authoritative_rolling_origin_primary,4,442,A-MLP,1,1,0.6617646217346191,
16306,2019-05-12,11.0,La Liga,4.0,male,Barcelona,Getafe,elite,authoritative_rolling_origin_primary,4,442,A-MLP,1,1,0.782302975654602,
16317,2019-05-19,11.0,La Liga,4.0,male,Eibar,Barcelona,elite,authoritative_rolling_origin_primary,4,442,A-MLP,0,0,0.2393786162137985,
303666,2019-09-21,11.0,La Liga,42.0,male,Granada,Barcelona,elite,authoritative_rolling_origin_primary,4,442,A-MLP,1,0,0.2038950026035308,
303430,2019-09-24,11.0,La Liga,42.0,male,Barcelona,Villarreal,elite,authoritative_rolling_origin_primary,4,442,A-MLP,1,0,0.4983573257923126,
303473,2019-10-06,11.0,La Liga,42.0,male,Barcelona,Sevilla,elite,authoritative_rolling_origin_primary,4,442,A-MLP,1,0,0.4335149824619293,
303700,2019-10-19,11.0,La Liga,42.0,male,Eibar,Barcelona,elite,authoritative_rolling_origin_primary,4,442,A-MLP,0,0,0.4843692481517792,
303600,2019-10-29,11.0,La Liga,42.0,male,Barcelona,Real Valladolid,elite,authoritative_rolling_origin_primary,4,442,A-MLP,1,1,0.6660668253898621,
303504,2019-11-02,11.0,La Liga,42.0,male,Levante UD,Barcelona,elite,authoritative_rolling_origin_primary,4,442,A-MLP,1,0,0.1369430720806121,
303487,2019-11-09,11.0,La Liga,42.0,male,Barcelona,Celta Vigo,elite,authoritative_rolling_origin_primary,4,442,A-MLP,1,1,0.6857172250747681,
303715,2019-11-23,11.0,La Liga,42.0,male,Leganés,Barcelona,elite,authoritative_rolling_origin_primary,4,442,A-MLP,0,0,0.1574485301971435,
303524,2019-12-01,11.0,La Liga,42.0,male,Atlético Madrid,Barcelona,elite,authoritative_rolling_origin_primary,4,442,A-MLP,0,0,0.1277751922607422,
303451,2019-12-07,11.0,La Liga,42.0,male,Barcelona,Mallorca,elite,authoritative_rolling_origin_primary,4,442,A-MLP,1,1,0.7137506008148193,
303664,2019-12-14,11.0,La Liga,42.0,male,Real Sociedad,Barcelona,elite,authoritative_rolling_origin_primary,4,442,A-MLP,0,0,0.2297954708337783,
303596,2019-12-18,11.0,La Liga,42.0,male,Barcelona,Real Madrid,elite,authoritative_rolling_origin_primary,4,442,A-MLP,0,1,0.5636764168739319,
303517,2019-12-21,11.0,La Liga,42.0,male,Barcelona,Deportivo Alavés,elite,authoritative_rolling_origin_primary,4,442,A-MLP,1,1,0.8047043681144714,
303652,2020-01-04,11.0,La Liga,42.0,male,Espanyol,Barcelona,elite,authoritative_rolling_origin_primary,4,442,A-MLP,0,0,0.3561103940010071,
9912,2018-04-29,11.0,La Liga,1.0,male,RC Deportivo La Coruña,Barcelona,elite,authoritative_rolling_origin_primary,4,442,B-GNN-full,0,1,0.6127128005027771,
9924,2018-05-06,11.0,La Liga,1.0,male,Barcelona,Real Madrid,elite,authoritative_rolling_origin_primary,4,442,B-GNN-full,0,1,0.6531310081481934,
9928,2018-05-09,11.0,La Liga,1.0,male,Barcelona,Villarreal,elite,authoritative_rolling_origin_primary,4,442,B-GNN-full,1,1,0.9272429943084716,
9948,2018-05-20,11.0,La Liga,1.0,male,Barcelona,Real Sociedad,elite,authoritative_rolling_origin_primary,4,442,B-GNN-full,1,1,0.5320984125137329,
15946,2018-08-18,11.0,La Liga,4.0,male,Barcelona,Deportivo Alavés,elite,authoritative_rolling_origin_primary,4,442,B-GNN-full,1,1,0.8628221750259399,
15956,2018-08-25,11.0,La Liga,4.0,male,Real Valladolid,Barcelona,elite,authoritative_rolling_origin_primary,4,442,B-GNN-full,0,0,0.2355097830295562,
15978,2018-09-15,11.0,La Liga,4.0,male,Real Sociedad,Barcelona,elite,authoritative_rolling_origin_primary,4,442,B-GNN-full,0,0,0.4297532141208648,
15998,2018-09-26,11.0,La Liga,4.0,male,Leganés,Barcelona,elite,authoritative_rolling_origin_primary,4,442,B-GNN-full,1,0,0.3697003722190857,
16010,2018-09-29,11.0,La Liga,4.0,male,Barcelona,Athletic Club,elite,authoritative_rolling_origin_primary,4,442,B-GNN-full,0,1,0.8813173770904541,
16023,2018-10-07,11.0,La Liga,4.0,male,Valencia,Barcelona,elite,authoritative_rolling_origin_primary,4,442,B-GNN-full,0,0,0.3700399398803711,
16029,2018-10-20,11.0,La Liga,4.0,male,Barcelona,Sevilla,elite,authoritative_rolling_origin_primary,4,442,B-GNN-full,1,1,0.8569564819335938,
16056,2018-11-11,11.0,La Liga,4.0,male,Barcelona,Real Betis,elite,authoritative_rolling_origin_primary,4,442,B-GNN-full,0,1,0.9802912473678588,
16073,2018-11-24,11.0,La Liga,4.0,male,Atlético Madrid,Barcelona,elite,authoritative_rolling_origin_primary,4,442,B-GNN-full,0,0,0.3019421100616455,
16079,2018-12-02,11.0,La Liga,4.0,male,Barcelona,Villarreal,elite,authoritative_rolling_origin_primary,4,442,B-GNN-full,1,1,0.7343578934669495,
16086,2018-12-08,11.0,La Liga,4.0,male,Espanyol,Barcelona,elite,authoritative_rolling_origin_primary,4,442,B-GNN-full,0,0,0.4471990168094635,
16095,2018-12-16,11.0,La Liga,4.0,male,Levante UD,Barcelona,elite,authoritative_rolling_origin_primary,4,442,B-GNN-full,0,0,0.3426003754138946,
16109,2018-12-22,11.0,La Liga,4.0,male,Barcelona,Celta Vigo,elite,authoritative_rolling_origin_primary,4,442,B-GNN-full,1,1,0.640998899936676,
16120,2019-01-06,11.0,La Liga,4.0,male,Getafe,Barcelona,elite,authoritative_rolling_origin_primary,4,442,B-GNN-full,0,0,0.3821230828762054,
16131,2019-01-13,11.0,La Liga,4.0,male,Barcelona,Eibar,elite,authoritative_rolling_origin_primary,4,442,B-GNN-full,1,1,0.7321543097496033,
16136,2019-01-20,11.0,La Liga,4.0,male,Barcelona,Leganés,elite,authoritative_rolling_origin_primary,4,442,B-GNN-full,1,1,0.9272555112838744,
16149,2019-01-27,11.0,La Liga,4.0,male,Girona,Barcelona,elite,authoritative_rolling_origin_primary,4,442,B-GNN-full,0,0,0.3423249423503876,
16157,2019-02-02,11.0,La Liga,4.0,male,Barcelona,Valencia,elite,authoritative_rolling_origin_primary,4,442,B-GNN-full,0,1,0.9350398182868958,
16173,2019-02-10,11.0,La Liga,4.0,male,Athletic Club,Barcelona,elite,authoritative_rolling_origin_primary,4,442,B-GNN-full,0,0,0.3910567462444305,
16182,2019-02-16,11.0,La Liga,4.0,male,Barcelona,Real Valladolid,elite,authoritative_rolling_origin_primary,4,442,B-GNN-full,1,1,0.9902864098548888,
16190,2019-02-23,11.0,La Liga,4.0,male,Sevilla,Barcelona,elite,authoritative_rolling_origin_primary,4,442,B-GNN-full,0,0,0.3302301168441772,
16196,2019-03-02,11.0,La Liga,4.0,male,Real Madrid,Barcelona,elite,authoritative_rolling_origin_primary,4,442,B-GNN-full,0,0,0.400080919265747,
16205,2019-03-09,11.0,La Liga,4.0,male,Barcelona,Rayo Vallecano,elite,authoritative_rolling_origin_primary,4,442,B-GNN-full,1,1,0.9354106187820436,
16215,2019-03-17,11.0,La Liga,4.0,male,Real Betis,Barcelona,elite,authoritative_rolling_origin_primary,4,442,B-GNN-full,0,1,0.624310314655304,
16231,2019-03-30,11.0,La Liga,4.0,male,Barcelona,Espanyol,elite,authoritative_rolling_origin_primary,4,442,B-GNN-full,1,1,0.7468085289001465,
16240,2019-04-02,11.0,La Liga,4.0,male,Villarreal,Barcelona,elite,authoritative_rolling_origin_primary,4,442,B-GNN-full,0,1,0.6613243222236633,
16248,2019-04-06,11.0,La Liga,4.0,male,Barcelona,Atlético Madrid,elite,authoritative_rolling_origin_primary,4,442,B-GNN-full,1,1,0.7779251337051392,
16265,2019-04-20,11.0,La Liga,4.0,male,Barcelona,Real Sociedad,elite,authoritative_rolling_origin_primary,4,442,B-GNN-full,1,1,0.5781183242797852,
16275,2019-04-23,11.0,La Liga,4.0,male,Deportivo Alavés,Barcelona,elite,authoritative_rolling_origin_primary,4,442,B-GNN-full,0,0,0.2574281990528106,
16289,2019-04-27,11.0,La Liga,4.0,male,Barcelona,Levante UD,elite,authoritative_rolling_origin_primary,4,442,B-GNN-full,1,1,0.7215843796730042,
16306,2019-05-12,11.0,La Liga,4.0,male,Barcelona,Getafe,elite,authoritative_rolling_origin_primary,4,442,B-GNN-full,1,1,0.8757039308547974,
16317,2019-05-19,11.0,La Liga,4.0,male,Eibar,Barcelona,elite,authoritative_rolling_origin_primary,4,442,B-GNN-full,0,0,0.4213273823261261,
303666,2019-09-21,11.0,La Liga,42.0,male,Granada,Barcelona,elite,authoritative_rolling_origin_primary,4,442,B-GNN-full,1,0,0.2542122304439544,
303430,2019-09-24,11.0,La Liga,42.0,male,Barcelona,Villarreal,elite,authoritative_rolling_origin_primary,4,442,B-GNN-full,1,1,0.5944216847419739,
303473,2019-10-06,11.0,La Liga,42.0,male,Barcelona,Sevilla,elite,authoritative_rolling_origin_primary,4,442,B-GNN-full,1,1,0.7182289361953735,
303700,2019-10-19,11.0,La Liga,42.0,male,Eibar,Barcelona,elite,authoritative_rolling_origin_primary,4,442,B-GNN-full,0,0,0.3057059049606323,
303600,2019-10-29,11.0,La Liga,42.0,male,Barcelona,Real Valladolid,elite,authoritative_rolling_origin_primary,4,442,B-GNN-full,1,1,0.8260082602500916,
303504,2019-11-02,11.0,La Liga,42.0,male,Levante UD,Barcelona,elite,authoritative_rolling_origin_primary,4,442,B-GNN-full,1,0,0.3919545412063598,
303487,2019-11-09,11.0,La Liga,42.0,male,Barcelona,Celta Vigo,elite,authoritative_rolling_origin_primary,4,442,B-GNN-full,1,1,0.881526529788971,
303715,2019-11-23,11.0,La Liga,42.0,male,Leganés,Barcelona,elite,authoritative_rolling_origin_primary,4,442,B-GNN-full,0,0,0.1985949277877807,
303524,2019-12-01,11.0,La Liga,42.0,male,Atlético Madrid,Barcelona,elite,authoritative_rolling_origin_primary,4,442,B-GNN-full,0,0,0.3682818114757538,
303451,2019-12-07,11.0,La Liga,42.0,male,Barcelona,Mallorca,elite,authoritative_rolling_origin_primary,4,442,B-GNN-full,1,1,0.9528849124908448,
303664,2019-12-14,11.0,La Liga,42.0,male,Real Sociedad,Barcelona,elite,authoritative_rolling_origin_primary,4,442,B-GNN-full,0,1,0.72068190574646,
303596,2019-12-18,11.0,La Liga,42.0,male,Barcelona,Real Madrid,elite,authoritative_rolling_origin_primary,4,442,B-GNN-full,0,1,0.5340592265129089,
303517,2019-12-21,11.0,La Liga,42.0,male,Barcelona,Deportivo Alavés,elite,authoritative_rolling_origin_primary,4,442,B-GNN-full,1,1,0.916603147983551,
303652,2020-01-04,11.0,La Liga,42.0,male,Espanyol,Barcelona,elite,authoritative_rolling_origin_primary,4,442,B-GNN-full,0,0,0.2125125676393509,
9912,2018-04-29,11.0,La Liga,1.0,male,RC Deportivo La Coruña,Barcelona,elite,authoritative_rolling_origin_primary,4,442,C-Hybrid-full,0,0,0.2645227909088135,0.4863568544387817
9924,2018-05-06,11.0,La Liga,1.0,male,Barcelona,Real Madrid,elite,authoritative_rolling_origin_primary,4,442,C-Hybrid-full,0,1,0.5635766386985779,0.4863568544387817
9928,2018-05-09,11.0,La Liga,1.0,male,Barcelona,Villarreal,elite,authoritative_rolling_origin_primary,4,442,C-Hybrid-full,1,1,0.9253353476524352,0.4863568544387817
9948,2018-05-20,11.0,La Liga,1.0,male,Barcelona,Real Sociedad,elite,authoritative_rolling_origin_primary,4,442,C-Hybrid-full,1,0,0.4274948537349701,0.4863568544387817
15946,2018-08-18,11.0,La Liga,4.0,male,Barcelona,Deportivo Alavés,elite,authoritative_rolling_origin_primary,4,442,C-Hybrid-full,1,1,0.7973403930664062,0.4863568544387817
15956,2018-08-25,11.0,La Liga,4.0,male,Real Valladolid,Barcelona,elite,authoritative_rolling_origin_primary,4,442,C-Hybrid-full,0,0,0.0696405172348022,0.4863568544387817
15978,2018-09-15,11.0,La Liga,4.0,male,Real Sociedad,Barcelona,elite,authoritative_rolling_origin_primary,4,442,C-Hybrid-full,0,0,0.2115055620670318,0.4863568544387817
15998,2018-09-26,11.0,La Liga,4.0,male,Leganés,Barcelona,elite,authoritative_rolling_origin_primary,4,442,C-Hybrid-full,1,0,0.1882436275482177,0.4863568544387817
16010,2018-09-29,11.0,La Liga,4.0,male,Barcelona,Athletic Club,elite,authoritative_rolling_origin_primary,4,442,C-Hybrid-full,0,1,0.9085661768913268,0.4863568544387817
16023,2018-10-07,11.0,La Liga,4.0,male,Valencia,Barcelona,elite,authoritative_rolling_origin_primary,4,442,C-Hybrid-full,0,0,0.2487986385822296,0.4863568544387817
16029,2018-10-20,11.0,La Liga,4.0,male,Barcelona,Sevilla,elite,authoritative_rolling_origin_primary,4,442,C-Hybrid-full,1,1,0.9195375442504884,0.4863568544387817
16056,2018-11-11,11.0,La Liga,4.0,male,Barcelona,Real Betis,elite,authoritative_rolling_origin_primary,4,442,C-Hybrid-full,0,1,0.9904773235321044,0.4863568544387817
16073,2018-11-24,11.0,La Liga,4.0,male,Atlético Madrid,Barcelona,elite,authoritative_rolling_origin_primary,4,442,C-Hybrid-full,0,0,0.1924740821123123,0.4863568544387817
16079,2018-12-02,11.0,La Liga,4.0,male,Barcelona,Villarreal,elite,authoritative_rolling_origin_primary,4,442,C-Hybrid-full,1,1,0.6254166960716248,0.4863568544387817
16086,2018-12-08,11.0,La Liga,4.0,male,Espanyol,Barcelona,elite,authoritative_rolling_origin_primary,4,442,C-Hybrid-full,0,0,0.1066555082798004,0.4863568544387817
16095,2018-12-16,11.0,La Liga,4.0,male,Levante UD,Barcelona,elite,authoritative_rolling_origin_primary,4,442,C-Hybrid-full,0,0,0.0546946600079536,0.4863568544387817
16109,2018-12-22,11.0,La Liga,4.0,male,Barcelona,Celta Vigo,elite,authoritative_rolling_origin_primary,4,442,C-Hybrid-full,1,1,0.8016036152839661,0.4863568544387817
16120,2019-01-06,11.0,La Liga,4.0,male,Getafe,Barcelona,elite,authoritative_rolling_origin_primary,4,442,C-Hybrid-full,0,0,0.3693862557411194,0.4863568544387817
16131,2019-01-13,11.0,La Liga,4.0,male,Barcelona,Eibar,elite,authoritative_rolling_origin_primary,4,442,C-Hybrid-full,1,1,0.8292262554168701,0.4863568544387817
16136,2019-01-20,11.0,La Liga,4.0,male,Barcelona,Leganés,elite,authoritative_rolling_origin_primary,4,442,C-Hybrid-full,1,1,0.9016616940498352,0.4863568544387817
16149,2019-01-27,11.0,La Liga,4.0,male,Girona,Barcelona,elite,authoritative_rolling_origin_primary,4,442,C-Hybrid-full,0,0,0.1022849231958389,0.4863568544387817
16157,2019-02-02,11.0,La Liga,4.0,male,Barcelona,Valencia,elite,authoritative_rolling_origin_primary,4,442,C-Hybrid-full,0,1,0.935075044631958,0.4863568544387817
16173,2019-02-10,11.0,La Liga,4.0,male,Athletic Club,Barcelona,elite,authoritative_rolling_origin_primary,4,442,C-Hybrid-full,0,0,0.2154150903224945,0.4863568544387817
16182,2019-02-16,11.0,La Liga,4.0,male,Barcelona,Real Valladolid,elite,authoritative_rolling_origin_primary,4,442,C-Hybrid-full,1,1,0.988820254802704,0.4863568544387817
16190,2019-02-23,11.0,La Liga,4.0,male,Sevilla,Barcelona,elite,authoritative_rolling_origin_primary,4,442,C-Hybrid-full,0,0,0.2131195366382599,0.4863568544387817
16196,2019-03-02,11.0,La Liga,4.0,male,Real Madrid,Barcelona,elite,authoritative_rolling_origin_primary,4,442,C-Hybrid-full,0,0,0.327481210231781,0.4863568544387817
16205,2019-03-09,11.0,La Liga,4.0,male,Barcelona,Rayo Vallecano,elite,authoritative_rolling_origin_primary,4,442,C-Hybrid-full,1,1,0.8469688296318054,0.4863568544387817
16215,2019-03-17,11.0,La Liga,4.0,male,Real Betis,Barcelona,elite,authoritative_rolling_origin_primary,4,442,C-Hybrid-full,0,0,0.151907667517662,0.4863568544387817
16231,2019-03-30,11.0,La Liga,4.0,male,Barcelona,Espanyol,elite,authoritative_rolling_origin_primary,4,442,C-Hybrid-full,1,1,0.8017298579216003,0.4863568544387817
16240,2019-04-02,11.0,La Liga,4.0,male,Villarreal,Barcelona,elite,authoritative_rolling_origin_primary,4,442,C-Hybrid-full,0,0,0.3916278481483459,0.4863568544387817
16248,2019-04-06,11.0,La Liga,4.0,male,Barcelona,Atlético Madrid,elite,authoritative_rolling_origin_primary,4,442,C-Hybrid-full,1,1,0.6043848395347595,0.4863568544387817
16265,2019-04-20,11.0,La Liga,4.0,male,Barcelona,Real Sociedad,elite,authoritative_rolling_origin_primary,4,442,C-Hybrid-full,1,1,0.6111540794372559,0.4863568544387817
16275,2019-04-23,11.0,La Liga,4.0,male,Deportivo Alavés,Barcelona,elite,authoritative_rolling_origin_primary,4,442,C-Hybrid-full,0,0,0.0502973496913909,0.4863568544387817
16289,2019-04-27,11.0,La Liga,4.0,male,Barcelona,Levante UD,elite,authoritative_rolling_origin_primary,4,442,C-Hybrid-full,1,1,0.7512999176979065,0.4863568544387817
16306,2019-05-12,11.0,La Liga,4.0,male,Barcelona,Getafe,elite,authoritative_rolling_origin_primary,4,442,C-Hybrid-full,1,1,0.7767370343208313,0.4863568544387817
16317,2019-05-19,11.0,La Liga,4.0,male,Eibar,Barcelona,elite,authoritative_rolling_origin_primary,4,442,C-Hybrid-full,0,0,0.158841073513031,0.4863568544387817
303666,2019-09-21,11.0,La Liga,42.0,male,Granada,Barcelona,elite,authoritative_rolling_origin_primary,4,442,C-Hybrid-full,1,0,0.1327769607305526,0.4863568544387817
303430,2019-09-24,11.0,La Liga,42.0,male,Barcelona,Villarreal,elite,authoritative_rolling_origin_primary,4,442,C-Hybrid-full,1,0,0.4732961654663086,0.4863568544387817
303473,2019-10-06,11.0,La Liga,42.0,male,Barcelona,Sevilla,elite,authoritative_rolling_origin_primary,4,442,C-Hybrid-full,1,1,0.6002827286720276,0.4863568544387817
303700,2019-10-19,11.0,La Liga,42.0,male,Eibar,Barcelona,elite,authoritative_rolling_origin_primary,4,442,C-Hybrid-full,0,0,0.2547581791877746,0.4863568544387817
303600,2019-10-29,11.0,La Liga,42.0,male,Barcelona,Real Valladolid,elite,authoritative_rolling_origin_primary,4,442,C-Hybrid-full,1,1,0.8377325534820557,0.4863568544387817
303504,2019-11-02,11.0,La Liga,42.0,male,Levante UD,Barcelona,elite,authoritative_rolling_origin_primary,4,442,C-Hybrid-full,1,0,0.1284607946872711,0.4863568544387817
303487,2019-11-09,11.0,La Liga,42.0,male,Barcelona,Celta Vigo,elite,authoritative_rolling_origin_primary,4,442,C-Hybrid-full,1,1,0.8555619716644287,0.4863568544387817
303715,2019-11-23,11.0,La Liga,42.0,male,Leganés,Barcelona,elite,authoritative_rolling_origin_primary,4,442,C-Hybrid-full,0,0,0.0909852534532547,0.4863568544387817
303524,2019-12-01,11.0,La Liga,42.0,male,Atlético Madrid,Barcelona,elite,authoritative_rolling_origin_primary,4,442,C-Hybrid-full,0,0,0.0939949378371238,0.4863568544387817
303451,2019-12-07,11.0,La Liga,42.0,male,Barcelona,Mallorca,elite,authoritative_rolling_origin_primary,4,442,C-Hybrid-full,1,1,0.9661855101585388,0.4863568544387817
303664,2019-12-14,11.0,La Liga,42.0,male,Real Sociedad,Barcelona,elite,authoritative_rolling_origin_primary,4,442,C-Hybrid-full,0,0,0.1795325428247451,0.4863568544387817
303596,2019-12-18,11.0,La Liga,42.0,male,Barcelona,Real Madrid,elite,authoritative_rolling_origin_primary,4,442,C-Hybrid-full,0,1,0.5219205021858215,0.4863568544387817
303517,2019-12-21,11.0,La Liga,42.0,male,Barcelona,Deportivo Alavés,elite,authoritative_rolling_origin_primary,4,442,C-Hybrid-full,1,1,0.9285733103752136,0.4863568544387817
303652,2020-01-04,11.0,La Liga,42.0,male,Espanyol,Barcelona,elite,authoritative_rolling_origin_primary,4,442,C-Hybrid-full,0,0,0.1888435631990432,0.4863568544387817
303610,2020-01-19,11.0,La Liga,42.0,male,Barcelona,Granada,elite,authoritative_rolling_origin_primary,5,542,A-MLP,1,1,0.6461922526359558,
303400,2020-01-25,11.0,La Liga,42.0,male,Valencia,Barcelona,elite,authoritative_rolling_origin_primary,5,542,A-MLP,1,0,0.2412179261445999,
303682,2020-02-02,11.0,La Liga,42.0,male,Barcelona,Levante UD,elite,authoritative_rolling_origin_primary,5,542,A-MLP,1,1,0.784020721912384,
303707,2020-02-09,11.0,La Liga,42.0,male,Real Betis,Barcelona,elite,authoritative_rolling_origin_primary,5,542,A-MLP,0,0,0.2612053453922272,
303377,2020-02-15,11.0,La Liga,42.0,male,Barcelona,Getafe,elite,authoritative_rolling_origin_primary,5,542,A-MLP,1,1,0.8043690323829651,
303731,2020-02-22,11.0,La Liga,42.0,male,Barcelona,Eibar,elite,authoritative_rolling_origin_primary,5,542,A-MLP,1,1,0.7155440449714661,
303470,2020-03-01,11.0,La Liga,42.0,male,Real Madrid,Barcelona,elite,authoritative_rolling_origin_primary,5,542,A-MLP,1,0,0.2880805134773254,
303479,2020-03-07,11.0,La Liga,42.0,male,Barcelona,Real Sociedad,elite,authoritative_rolling_origin_primary,5,542,A-MLP,1,1,0.6773076057434082,
303548,2020-06-13,11.0,La Liga,42.0,male,Mallorca,Barcelona,elite,authoritative_rolling_origin_primary,5,542,A-MLP,0,0,0.239305704832077,
303532,2020-06-16,11.0,La Liga,42.0,male,Barcelona,Leganés,elite,authoritative_rolling_origin_primary,5,542,A-MLP,1,1,0.6007612943649292,
303674,2020-06-19,11.0,La Liga,42.0,male,Sevilla,Barcelona,elite,authoritative_rolling_origin_primary,5,542,A-MLP,0,0,0.2622912526130676,
303493,2020-06-23,11.0,La Liga,42.0,male,Barcelona,Athletic Club,elite,authoritative_rolling_origin_primary,5,542,A-MLP,1,1,0.7043700218200684,
303516,2020-06-27,11.0,La Liga,42.0,male,Celta Vigo,Barcelona,elite,authoritative_rolling_origin_primary,5,542,A-MLP,0,0,0.3812946677207947,
303696,2020-06-30,11.0,La Liga,42.0,male,Barcelona,Atlético Madrid,elite,authoritative_rolling_origin_primary,5,542,A-MLP,0,1,0.7178987264633179,
303725,2020-07-05,11.0,La Liga,42.0,male,Villarreal,Barcelona,elite,authoritative_rolling_origin_primary,5,542,A-MLP,0,0,0.2895508408546448,
303615,2020-07-08,11.0,La Liga,42.0,male,Barcelona,Espanyol,elite,authoritative_rolling_origin_primary,5,542,A-MLP,1,1,0.8044255375862122,
303680,2020-07-11,11.0,La Liga,42.0,male,Real Valladolid,Barcelona,elite,authoritative_rolling_origin_primary,5,542,A-MLP,0,0,0.1639766544103622,
303634,2020-07-16,11.0,La Liga,42.0,male,Barcelona,Osasuna,elite,authoritative_rolling_origin_primary,5,542,A-MLP,0,1,0.9110568761825562,
303421,2020-07-19,11.0,La Liga,42.0,male,Deportivo Alavés,Barcelona,elite,authoritative_rolling_origin_primary,5,542,A-MLP,0,0,0.2716233134269714,
3773593,2020-09-27,11.0,La Liga,90.0,male,Barcelona,Villarreal,elite,authoritative_rolling_origin_primary,5,542,A-MLP,1,1,0.7926387786865234,
3773466,2020-10-01,11.0,La Liga,90.0,male,Celta Vigo,Barcelona,elite,authoritative_rolling_origin_primary,5,542,A-MLP,0,0,0.1583236902952194,
3773672,2020-10-04,11.0,La Liga,90.0,male,Barcelona,Sevilla,elite,authoritative_rolling_origin_primary,5,542,A-MLP,0,1,0.8873981833457947,
3773587,2020-10-17,11.0,La Liga,90.0,male,Getafe,Barcelona,elite,authoritative_rolling_origin_primary,5,542,A-MLP,1,0,0.1734618842601776,
3773585,2020-10-24,11.0,La Liga,90.0,male,Barcelona,Real Madrid,elite,authoritative_rolling_origin_primary,5,542,A-MLP,0,0,0.4440706968307495,
3773386,2020-10-31,11.0,La Liga,90.0,male,Deportivo Alavés,Barcelona,elite,authoritative_rolling_origin_primary,5,542,A-MLP,0,0,0.4289291203022003,
3773477,2020-11-07,11.0,La Liga,90.0,male,Barcelona,Real Betis,elite,authoritative_rolling_origin_primary,5,542,A-MLP,1,1,0.674978494644165,
3773656,2020-11-21,11.0,La Liga,90.0,male,Atlético Madrid,Barcelona,elite,authoritative_rolling_origin_primary,5,542,A-MLP,1,0,0.1686757355928421,
3773547,2020-11-29,11.0,La Liga,90.0,male,Barcelona,Osasuna,elite,authoritative_rolling_origin_primary,5,542,A-MLP,1,1,0.8637041449546814,
3773660,2020-12-13,11.0,La Liga,90.0,male,Barcelona,Levante UD,elite,authoritative_rolling_origin_primary,5,542,A-MLP,1,1,0.8026041388511658,
3773523,2020-12-16,11.0,La Liga,90.0,male,Barcelona,Real Sociedad,elite,authoritative_rolling_origin_primary,5,542,A-MLP,1,1,0.8534437417984009,
3773377,2020-12-19,11.0,La Liga,90.0,male,Barcelona,Valencia,elite,authoritative_rolling_origin_primary,5,542,A-MLP,0,1,0.7698175311088562,
3773571,2020-12-22,11.0,La Liga,90.0,male,Real Valladolid,Barcelona,elite,authoritative_rolling_origin_primary,5,542,A-MLP,0,0,0.1477512270212173,
3764661,2021-01-06,11.0,La Liga,90.0,male,Athletic Club,Barcelona,elite,authoritative_rolling_origin_primary,5,542,A-MLP,0,0,0.1776235401630401,
3773565,2021-01-09,11.0,La Liga,90.0,male,Granada,Barcelona,elite,authoritative_rolling_origin_primary,5,542,A-MLP,0,0,0.1538767367601394,
3773403,2021-01-31,11.0,La Liga,90.0,male,Barcelona,Athletic Club,elite,authoritative_rolling_origin_primary,5,542,A-MLP,1,1,0.7676695585250854,
3773631,2021-02-07,11.0,La Liga,90.0,male,Real Betis,Barcelona,elite,authoritative_rolling_origin_primary,5,542,A-MLP,0,0,0.1533233076333999,
3773526,2021-02-13,11.0,La Liga,90.0,male,Barcelona,Deportivo Alavés,elite,authoritative_rolling_origin_primary,5,542,A-MLP,1,1,0.7972434163093567,
3764440,2021-02-24,11.0,La Liga,90.0,male,Barcelona,Elche,elite,authoritative_rolling_origin_primary,5,542,A-MLP,1,1,0.8417678475379944,
3773625,2021-02-27,11.0,La Liga,90.0,male,Sevilla,Barcelona,elite,authoritative_rolling_origin_primary,5,542,A-MLP,0,0,0.102552093565464,
3773665,2021-03-06,11.0,La Liga,90.0,male,Osasuna,Barcelona,elite,authoritative_rolling_origin_primary,5,542,A-MLP,0,0,0.0992716923356056,
3773597,2021-03-21,11.0,La Liga,90.0,male,Real Sociedad,Barcelona,elite,authoritative_rolling_origin_primary,5,542,A-MLP,0,0,0.3121893405914306,
3773474,2021-04-05,11.0,La Liga,90.0,male,Barcelona,Real Valladolid,elite,authoritative_rolling_origin_primary,5,542,A-MLP,1,1,0.8909822702407837,
3773497,2021-04-10,11.0,La Liga,90.0,male,Real Madrid,Barcelona,elite,authoritative_rolling_origin_primary,5,542,A-MLP,1,0,0.3593854010105133,
3773661,2021-04-22,11.0,La Liga,90.0,male,Barcelona,Getafe,elite,authoritative_rolling_origin_primary,5,542,A-MLP,1,1,0.7653597593307495,
3773689,2021-04-25,11.0,La Liga,90.0,male,Villarreal,Barcelona,elite,authoritative_rolling_origin_primary,5,542,A-MLP,0,0,0.1294432580471038,
3773586,2021-04-29,11.0,La Liga,90.0,male,Barcelona,Granada,elite,authoritative_rolling_origin_primary,5,542,A-MLP,0,1,0.6538956761360168,
3773695,2021-05-02,11.0,La Liga,90.0,male,Valencia,Barcelona,elite,authoritative_rolling_origin_primary,5,542,A-MLP,0,0,0.3406240940093994,
3773372,2021-05-08,11.0,La Liga,90.0,male,Barcelona,Atlético Madrid,elite,authoritative_rolling_origin_primary,5,542,A-MLP,0,1,0.6919650435447693,
3773387,2021-05-11,11.0,La Liga,90.0,male,Levante UD,Barcelona,elite,authoritative_rolling_origin_primary,5,542,A-MLP,0,0,0.2294756472110748,
3773457,2021-05-16,11.0,La Liga,90.0,male,Barcelona,Celta Vigo,elite,authoritative_rolling_origin_primary,5,542,A-MLP,0,1,0.6699627041816711,
303610,2020-01-19,11.0,La Liga,42.0,male,Barcelona,Granada,elite,authoritative_rolling_origin_primary,5,542,B-GNN-full,1,1,0.9411567449569702,
303400,2020-01-25,11.0,La Liga,42.0,male,Valencia,Barcelona,elite,authoritative_rolling_origin_primary,5,542,B-GNN-full,1,0,0.3060918748378753,
303682,2020-02-02,11.0,La Liga,42.0,male,Barcelona,Levante UD,elite,authoritative_rolling_origin_primary,5,542,B-GNN-full,1,1,0.939160943031311,
303707,2020-02-09,11.0,La Liga,42.0,male,Real Betis,Barcelona,elite,authoritative_rolling_origin_primary,5,542,B-GNN-full,0,1,0.6539089679718018,
303377,2020-02-15,11.0,La Liga,42.0,male,Barcelona,Getafe,elite,authoritative_rolling_origin_primary,5,542,B-GNN-full,1,1,0.679875910282135,
303731,2020-02-22,11.0,La Liga,42.0,male,Barcelona,Eibar,elite,authoritative_rolling_origin_primary,5,542,B-GNN-full,1,1,0.9914622902870178,
303470,2020-03-01,11.0,La Liga,42.0,male,Real Madrid,Barcelona,elite,authoritative_rolling_origin_primary,5,542,B-GNN-full,1,1,0.6097258925437927,
303479,2020-03-07,11.0,La Liga,42.0,male,Barcelona,Real Sociedad,elite,authoritative_rolling_origin_primary,5,542,B-GNN-full,1,1,0.8947060108184814,
303548,2020-06-13,11.0,La Liga,42.0,male,Mallorca,Barcelona,elite,authoritative_rolling_origin_primary,5,542,B-GNN-full,0,0,0.2958456575870514,
303532,2020-06-16,11.0,La Liga,42.0,male,Barcelona,Leganés,elite,authoritative_rolling_origin_primary,5,542,B-GNN-full,1,1,0.9585235714912416,
303674,2020-06-19,11.0,La Liga,42.0,male,Sevilla,Barcelona,elite,authoritative_rolling_origin_primary,5,542,B-GNN-full,0,0,0.2307512462139129,
303493,2020-06-23,11.0,La Liga,42.0,male,Barcelona,Athletic Club,elite,authoritative_rolling_origin_primary,5,542,B-GNN-full,1,1,0.7862486839294434,
303516,2020-06-27,11.0,La Liga,42.0,male,Celta Vigo,Barcelona,elite,authoritative_rolling_origin_primary,5,542,B-GNN-full,0,0,0.2984163165092468,
303696,2020-06-30,11.0,La Liga,42.0,male,Barcelona,Atlético Madrid,elite,authoritative_rolling_origin_primary,5,542,B-GNN-full,0,1,0.9115859270095824,
303725,2020-07-05,11.0,La Liga,42.0,male,Villarreal,Barcelona,elite,authoritative_rolling_origin_primary,5,542,B-GNN-full,0,0,0.2068195194005966,
303615,2020-07-08,11.0,La Liga,42.0,male,Barcelona,Espanyol,elite,authoritative_rolling_origin_primary,5,542,B-GNN-full,1,1,0.935826063156128,
303680,2020-07-11,11.0,La Liga,42.0,male,Real Valladolid,Barcelona,elite,authoritative_rolling_origin_primary,5,542,B-GNN-full,0,0,0.2538107633590698,
303634,2020-07-16,11.0,La Liga,42.0,male,Barcelona,Osasuna,elite,authoritative_rolling_origin_primary,5,542,B-GNN-full,0,1,0.8171396851539612,
303421,2020-07-19,11.0,La Liga,42.0,male,Deportivo Alavés,Barcelona,elite,authoritative_rolling_origin_primary,5,542,B-GNN-full,0,0,0.2074627131223678,
3773593,2020-09-27,11.0,La Liga,90.0,male,Barcelona,Villarreal,elite,authoritative_rolling_origin_primary,5,542,B-GNN-full,1,1,0.9852051138877868,
3773466,2020-10-01,11.0,La Liga,90.0,male,Celta Vigo,Barcelona,elite,authoritative_rolling_origin_primary,5,542,B-GNN-full,0,0,0.15771484375,
3773672,2020-10-04,11.0,La Liga,90.0,male,Barcelona,Sevilla,elite,authoritative_rolling_origin_primary,5,542,B-GNN-full,0,1,0.7192171216011047,
3773587,2020-10-17,11.0,La Liga,90.0,male,Getafe,Barcelona,elite,authoritative_rolling_origin_primary,5,542,B-GNN-full,1,1,0.5790707468986511,
3773585,2020-10-24,11.0,La Liga,90.0,male,Barcelona,Real Madrid,elite,authoritative_rolling_origin_primary,5,542,B-GNN-full,0,1,0.7978285551071167,
3773386,2020-10-31,11.0,La Liga,90.0,male,Deportivo Alavés,Barcelona,elite,authoritative_rolling_origin_primary,5,542,B-GNN-full,0,0,0.3654958307743072,
3773477,2020-11-07,11.0,La Liga,90.0,male,Barcelona,Real Betis,elite,authoritative_rolling_origin_primary,5,542,B-GNN-full,1,1,0.9914008975028992,
3773656,2020-11-21,11.0,La Liga,90.0,male,Atlético Madrid,Barcelona,elite,authoritative_rolling_origin_primary,5,542,B-GNN-full,1,0,0.4940961003303528,
3773547,2020-11-29,11.0,La Liga,90.0,male,Barcelona,Osasuna,elite,authoritative_rolling_origin_primary,5,542,B-GNN-full,1,1,0.9965984225273132,
3773660,2020-12-13,11.0,La Liga,90.0,male,Barcelona,Levante UD,elite,authoritative_rolling_origin_primary,5,542,B-GNN-full,1,1,0.8767095804214478,
3773523,2020-12-16,11.0,La Liga,90.0,male,Barcelona,Real Sociedad,elite,authoritative_rolling_origin_primary,5,542,B-GNN-full,1,1,0.9677110314369202,
3773377,2020-12-19,11.0,La Liga,90.0,male,Barcelona,Valencia,elite,authoritative_rolling_origin_primary,5,542,B-GNN-full,0,1,0.9907575249671936,
3773571,2020-12-22,11.0,La Liga,90.0,male,Real Valladolid,Barcelona,elite,authoritative_rolling_origin_primary,5,542,B-GNN-full,0,0,0.2296391725540161,
3764661,2021-01-06,11.0,La Liga,90.0,male,Athletic Club,Barcelona,elite,authoritative_rolling_origin_primary,5,542,B-GNN-full,0,0,0.3715758025646209,
3773565,2021-01-09,11.0,La Liga,90.0,male,Granada,Barcelona,elite,authoritative_rolling_origin_primary,5,542,B-GNN-full,0,0,0.2589773833751678,
3773403,2021-01-31,11.0,La Liga,90.0,male,Barcelona,Athletic Club,elite,authoritative_rolling_origin_primary,5,542,B-GNN-full,1,1,0.8612363934516907,
3773631,2021-02-07,11.0,La Liga,90.0,male,Real Betis,Barcelona,elite,authoritative_rolling_origin_primary,5,542,B-GNN-full,0,1,0.5498889088630676,
3773526,2021-02-13,11.0,La Liga,90.0,male,Barcelona,Deportivo Alavés,elite,authoritative_rolling_origin_primary,5,542,B-GNN-full,1,1,0.9724256992340088,
3764440,2021-02-24,11.0,La Liga,90.0,male,Barcelona,Elche,elite,authoritative_rolling_origin_primary,5,542,B-GNN-full,1,1,0.9315483570098876,
3773625,2021-02-27,11.0,La Liga,90.0,male,Sevilla,Barcelona,elite,authoritative_rolling_origin_primary,5,542,B-GNN-full,0,0,0.2879336476325989,
3773665,2021-03-06,11.0,La Liga,90.0,male,Osasuna,Barcelona,elite,authoritative_rolling_origin_primary,5,542,B-GNN-full,0,0,0.4046294093132019,
3773597,2021-03-21,11.0,La Liga,90.0,male,Real Sociedad,Barcelona,elite,authoritative_rolling_origin_primary,5,542,B-GNN-full,0,0,0.2954059839248657,
3773474,2021-04-05,11.0,La Liga,90.0,male,Barcelona,Real Valladolid,elite,authoritative_rolling_origin_primary,5,542,B-GNN-full,1,1,0.7316139340400696,
3773497,2021-04-10,11.0,La Liga,90.0,male,Real Madrid,Barcelona,elite,authoritative_rolling_origin_primary,5,542,B-GNN-full,1,0,0.2495772093534469,
3773661,2021-04-22,11.0,La Liga,90.0,male,Barcelona,Getafe,elite,authoritative_rolling_origin_primary,5,542,B-GNN-full,1,1,0.9241450428962708,
3773689,2021-04-25,11.0,La Liga,90.0,male,Villarreal,Barcelona,elite,authoritative_rolling_origin_primary,5,542,B-GNN-full,0,1,0.6808276772499084,
3773586,2021-04-29,11.0,La Liga,90.0,male,Barcelona,Granada,elite,authoritative_rolling_origin_primary,5,542,B-GNN-full,0,1,0.9082267880439758,
3773695,2021-05-02,11.0,La Liga,90.0,male,Valencia,Barcelona,elite,authoritative_rolling_origin_primary,5,542,B-GNN-full,0,0,0.3744307458400726,
3773372,2021-05-08,11.0,La Liga,90.0,male,Barcelona,Atlético Madrid,elite,authoritative_rolling_origin_primary,5,542,B-GNN-full,0,1,0.6593117713928223,
3773387,2021-05-11,11.0,La Liga,90.0,male,Levante UD,Barcelona,elite,authoritative_rolling_origin_primary,5,542,B-GNN-full,0,0,0.3036063909530639,
3773457,2021-05-16,11.0,La Liga,90.0,male,Barcelona,Celta Vigo,elite,authoritative_rolling_origin_primary,5,542,B-GNN-full,0,1,0.8449411392211914,
303610,2020-01-19,11.0,La Liga,42.0,male,Barcelona,Granada,elite,authoritative_rolling_origin_primary,5,542,C-Hybrid-full,1,1,0.8676828145980835,0.4862120747566223
303400,2020-01-25,11.0,La Liga,42.0,male,Valencia,Barcelona,elite,authoritative_rolling_origin_primary,5,542,C-Hybrid-full,1,0,0.3793268501758575,0.4862120747566223
303682,2020-02-02,11.0,La Liga,42.0,male,Barcelona,Levante UD,elite,authoritative_rolling_origin_primary,5,542,C-Hybrid-full,1,1,0.9180687665939332,0.4862120747566223
303707,2020-02-09,11.0,La Liga,42.0,male,Real Betis,Barcelona,elite,authoritative_rolling_origin_primary,5,542,C-Hybrid-full,0,1,0.5369430184364319,0.4862120747566223
303377,2020-02-15,11.0,La Liga,42.0,male,Barcelona,Getafe,elite,authoritative_rolling_origin_primary,5,542,C-Hybrid-full,1,1,0.7993512153625488,0.4862120747566223
303731,2020-02-22,11.0,La Liga,42.0,male,Barcelona,Eibar,elite,authoritative_rolling_origin_primary,5,542,C-Hybrid-full,1,1,0.974901795387268,0.4862120747566223
303470,2020-03-01,11.0,La Liga,42.0,male,Real Madrid,Barcelona,elite,authoritative_rolling_origin_primary,5,542,C-Hybrid-full,1,1,0.526425302028656,0.4862120747566223
303479,2020-03-07,11.0,La Liga,42.0,male,Barcelona,Real Sociedad,elite,authoritative_rolling_origin_primary,5,542,C-Hybrid-full,1,1,0.934812068939209,0.4862120747566223
303548,2020-06-13,11.0,La Liga,42.0,male,Mallorca,Barcelona,elite,authoritative_rolling_origin_primary,5,542,C-Hybrid-full,0,0,0.1693579405546188,0.4862120747566223
303532,2020-06-16,11.0,La Liga,42.0,male,Barcelona,Leganés,elite,authoritative_rolling_origin_primary,5,542,C-Hybrid-full,1,1,0.9100912809371948,0.4862120747566223
303674,2020-06-19,11.0,La Liga,42.0,male,Sevilla,Barcelona,elite,authoritative_rolling_origin_primary,5,542,C-Hybrid-full,0,0,0.250748723745346,0.4862120747566223
303493,2020-06-23,11.0,La Liga,42.0,male,Barcelona,Athletic Club,elite,authoritative_rolling_origin_primary,5,542,C-Hybrid-full,1,1,0.7830577492713928,0.4862120747566223
303516,2020-06-27,11.0,La Liga,42.0,male,Celta Vigo,Barcelona,elite,authoritative_rolling_origin_primary,5,542,C-Hybrid-full,0,0,0.4849921464920044,0.4862120747566223
303696,2020-06-30,11.0,La Liga,42.0,male,Barcelona,Atlético Madrid,elite,authoritative_rolling_origin_primary,5,542,C-Hybrid-full,0,1,0.8967164158821106,0.4862120747566223
303725,2020-07-05,11.0,La Liga,42.0,male,Villarreal,Barcelona,elite,authoritative_rolling_origin_primary,5,542,C-Hybrid-full,0,0,0.2728501558303833,0.4862120747566223
303615,2020-07-08,11.0,La Liga,42.0,male,Barcelona,Espanyol,elite,authoritative_rolling_origin_primary,5,542,C-Hybrid-full,1,1,0.8892976641654968,0.4862120747566223
303680,2020-07-11,11.0,La Liga,42.0,male,Real Valladolid,Barcelona,elite,authoritative_rolling_origin_primary,5,542,C-Hybrid-full,0,0,0.1256814152002334,0.4862120747566223
303634,2020-07-16,11.0,La Liga,42.0,male,Barcelona,Osasuna,elite,authoritative_rolling_origin_primary,5,542,C-Hybrid-full,0,1,0.946833610534668,0.4862120747566223
303421,2020-07-19,11.0,La Liga,42.0,male,Deportivo Alavés,Barcelona,elite,authoritative_rolling_origin_primary,5,542,C-Hybrid-full,0,0,0.2188324332237243,0.4862120747566223
3773593,2020-09-27,11.0,La Liga,90.0,male,Barcelona,Villarreal,elite,authoritative_rolling_origin_primary,5,542,C-Hybrid-full,1,1,0.9808198809623718,0.4862120747566223
3773466,2020-10-01,11.0,La Liga,90.0,male,Celta Vigo,Barcelona,elite,authoritative_rolling_origin_primary,5,542,C-Hybrid-full,0,0,0.116759642958641,0.4862120747566223
3773672,2020-10-04,11.0,La Liga,90.0,male,Barcelona,Sevilla,elite,authoritative_rolling_origin_primary,5,542,C-Hybrid-full,0,1,0.8848987817764282,0.4862120747566223
3773587,2020-10-17,11.0,La Liga,90.0,male,Getafe,Barcelona,elite,authoritative_rolling_origin_primary,5,542,C-Hybrid-full,1,0,0.4077465236186981,0.4862120747566223
3773585,2020-10-24,11.0,La Liga,90.0,male,Barcelona,Real Madrid,elite,authoritative_rolling_origin_primary,5,542,C-Hybrid-full,0,1,0.5419193506240845,0.4862120747566223
3773386,2020-10-31,11.0,La Liga,90.0,male,Deportivo Alavés,Barcelona,elite,authoritative_rolling_origin_primary,5,542,C-Hybrid-full,0,1,0.6425344944000244,0.4862120747566223
3773477,2020-11-07,11.0,La Liga,90.0,male,Barcelona,Real Betis,elite,authoritative_rolling_origin_primary,5,542,C-Hybrid-full,1,1,0.9805715084075928,0.4862120747566223
3773656,2020-11-21,11.0,La Liga,90.0,male,Atlético Madrid,Barcelona,elite,authoritative_rolling_origin_primary,5,542,C-Hybrid-full,1,0,0.328177809715271,0.4862120747566223
3773547,2020-11-29,11.0,La Liga,90.0,male,Barcelona,Osasuna,elite,authoritative_rolling_origin_primary,5,542,C-Hybrid-full,1,1,0.9946696162223816,0.4862120747566223
3773660,2020-12-13,11.0,La Liga,90.0,male,Barcelona,Levante UD,elite,authoritative_rolling_origin_primary,5,542,C-Hybrid-full,1,1,0.9431793689727784,0.4862120747566223
3773523,2020-12-16,11.0,La Liga,90.0,male,Barcelona,Real Sociedad,elite,authoritative_rolling_origin_primary,5,542,C-Hybrid-full,1,1,0.9639277458190918,0.4862120747566223
3773377,2020-12-19,11.0,La Liga,90.0,male,Barcelona,Valencia,elite,authoritative_rolling_origin_primary,5,542,C-Hybrid-full,0,1,0.9870175719261168,0.4862120747566223
3773571,2020-12-22,11.0,La Liga,90.0,male,Real Valladolid,Barcelona,elite,authoritative_rolling_origin_primary,5,542,C-Hybrid-full,0,0,0.0966743230819702,0.4862120747566223
3764661,2021-01-06,11.0,La Liga,90.0,male,Athletic Club,Barcelona,elite,authoritative_rolling_origin_primary,5,542,C-Hybrid-full,0,0,0.1437096744775772,0.4862120747566223
3773565,2021-01-09,11.0,La Liga,90.0,male,Granada,Barcelona,elite,authoritative_rolling_origin_primary,5,542,C-Hybrid-full,0,0,0.0913659855723381,0.4862120747566223
3773403,2021-01-31,11.0,La Liga,90.0,male,Barcelona,Athletic Club,elite,authoritative_rolling_origin_primary,5,542,C-Hybrid-full,1,1,0.87879878282547,0.4862120747566223
3773631,2021-02-07,11.0,La Liga,90.0,male,Real Betis,Barcelona,elite,authoritative_rolling_origin_primary,5,542,C-Hybrid-full,0,0,0.3201853334903717,0.4862120747566223
3773526,2021-02-13,11.0,La Liga,90.0,male,Barcelona,Deportivo Alavés,elite,authoritative_rolling_origin_primary,5,542,C-Hybrid-full,1,1,0.95640367269516,0.4862120747566223
3764440,2021-02-24,11.0,La Liga,90.0,male,Barcelona,Elche,elite,authoritative_rolling_origin_primary,5,542,C-Hybrid-full,1,1,0.9618736505508424,0.4862120747566223
3773625,2021-02-27,11.0,La Liga,90.0,male,Sevilla,Barcelona,elite,authoritative_rolling_origin_primary,5,542,C-Hybrid-full,0,0,0.1383878886699676,0.4862120747566223
3773665,2021-03-06,11.0,La Liga,90.0,male,Osasuna,Barcelona,elite,authoritative_rolling_origin_primary,5,542,C-Hybrid-full,0,0,0.2238952070474624,0.4862120747566223
3773597,2021-03-21,11.0,La Liga,90.0,male,Real Sociedad,Barcelona,elite,authoritative_rolling_origin_primary,5,542,C-Hybrid-full,0,0,0.4112839996814728,0.4862120747566223
3773474,2021-04-05,11.0,La Liga,90.0,male,Barcelona,Real Valladolid,elite,authoritative_rolling_origin_primary,5,542,C-Hybrid-full,1,1,0.8929747939109802,0.4862120747566223
3773497,2021-04-10,11.0,La Liga,90.0,male,Real Madrid,Barcelona,elite,authoritative_rolling_origin_primary,5,542,C-Hybrid-full,1,0,0.4162526428699493,0.4862120747566223
3773661,2021-04-22,11.0,La Liga,90.0,male,Barcelona,Getafe,elite,authoritative_rolling_origin_primary,5,542,C-Hybrid-full,1,1,0.8646382689476013,0.4862120747566223
3773689,2021-04-25,11.0,La Liga,90.0,male,Villarreal,Barcelona,elite,authoritative_rolling_origin_primary,5,542,C-Hybrid-full,0,0,0.2411727607250213,0.4862120747566223
3773586,2021-04-29,11.0,La Liga,90.0,male,Barcelona,Granada,elite,authoritative_rolling_origin_primary,5,542,C-Hybrid-full,0,1,0.8306352496147156,0.4862120747566223
3773695,2021-05-02,11.0,La Liga,90.0,male,Valencia,Barcelona,elite,authoritative_rolling_origin_primary,5,542,C-Hybrid-full,0,0,0.3931531012058258,0.4862120747566223
3773372,2021-05-08,11.0,La Liga,90.0,male,Barcelona,Atlético Madrid,elite,authoritative_rolling_origin_primary,5,542,C-Hybrid-full,0,1,0.6494070291519165,0.4862120747566223
3773387,2021-05-11,11.0,La Liga,90.0,male,Levante UD,Barcelona,elite,authoritative_rolling_origin_primary,5,542,C-Hybrid-full,0,0,0.2120658457279205,0.4862120747566223
3773457,2021-05-16,11.0,La Liga,90.0,male,Barcelona,Celta Vigo,elite,authoritative_rolling_origin_primary,5,542,C-Hybrid-full,0,1,0.8383553624153137,0.4862120747566223
3825637,,,,,,,,elite,,1,142,TF-NN,1,1,0.708175003528595,
3825638,,,,,,,,elite,,1,142,TF-NN,1,1,0.6114267706871033,
3825639,,,,,,,,elite,,1,142,TF-NN,0,0,0.2271604835987091,
3825640,,,,,,,,elite,,1,142,TF-NN,0,0,0.15019629895687103,
3825641,,,,,,,,elite,,1,142,TF-NN,1,1,0.5634580254554749,
3825642,,,,,,,,elite,,1,142,TF-NN,0,0,0.2116982489824295,
3825643,,,,,,,,elite,,1,142,TF-NN,1,1,0.7908909916877747,
3825644,,,,,,,,elite,,1,142,TF-NN,0,0,0.2640751004219055,
3825645,,,,,,,,elite,,1,142,TF-NN,0,0,0.07776519656181335,
3825646,,,,,,,,elite,,1,142,TF-NN,1,0,0.3052200675010681,
3825647,,,,,,,,elite,,1,142,TF-NN,1,1,0.506862223148346,
3825648,,,,,,,,elite,,1,142,TF-NN,1,0,0.13318318128585815,
3825649,,,,,,,,elite,,1,142,TF-NN,1,0,0.17199449241161346,
3825650,,,,,,,,elite,,1,142,TF-NN,0,0,0.40098756551742554,
3825651,,,,,,,,elite,,1,142,TF-NN,0,0,0.2646400034427643,
3825652,,,,,,,,elite,,1,142,TF-NN,1,0,0.24650464951992035,
3825653,,,,,,,,elite,,1,142,TF-NN,1,0,0.44159650802612305,
3825654,,,,,,,,elite,,1,142,TF-NN,0,0,0.3447968661785126,
3825655,,,,,,,,elite,,1,142,TF-NN,1,0,0.23026694357395172,
3825656,,,,,,,,elite,,1,142,TF-NN,0,0,0.2567710280418396,
3825657,,,,,,,,elite,,1,142,TF-NN,0,0,0.22273039817810059,
3825658,,,,,,,,elite,,1,142,TF-NN,1,1,0.51805579662323,
3825659,,,,,,,,elite,,1,142,TF-NN,1,0,0.10235251486301422,
3825660,,,,,,,,elite,,1,142,TF-NN,1,1,0.9232855439186096,
3825661,,,,,,,,elite,,1,142,TF-NN,1,0,0.43727540969848633,
266424,,,,,,,,elite,,1,142,TF-NN,0,0,0.23308676481246948,
3825662,,,,,,,,elite,,1,142,TF-NN,1,0,0.17033055424690247,
3825663,,,,,,,,elite,,1,142,TF-NN,1,0,0.16328221559524536,
3825664,,,,,,,,elite,,1,142,TF-NN,1,0,0.42176902294158936,
3825888,,,,,,,,elite,,1,142,TF-NN,0,0,0.3037685751914978,
3825665,,,,,,,,elite,,1,142,TF-NN,1,0,0.12354253977537155,
3825666,,,,,,,,elite,,1,142,TF-NN,0,0,0.16521218419075012,
3825667,,,,,,,,elite,,1,142,TF-NN,0,0,0.3414251208305359,
3825668,,,,,,,,elite,,1,142,TF-NN,0,0,0.3379508852958679,
3825669,,,,,,,,elite,,1,142,TF-NN,0,0,0.17268213629722595,
3825670,,,,,,,,elite,,1,142,TF-NN,0,0,0.30997493863105774,
266885,,,,,,,,elite,,1,142,TF-NN,1,1,0.7404313087463379,
3825671,,,,,,,,elite,,1,142,TF-NN,1,0,0.42178523540496826,
3825672,,,,,,,,elite,,1,142,TF-NN,0,0,0.2255127727985382,
3825673,,,,,,,,elite,,1,142,TF-NN,0,0,0.3779088854789734,
3825674,,,,,,,,elite,,1,142,TF-NN,1,1,0.7150368690490723,
3825675,,,,,,,,elite,,1,142,TF-NN,0,0,0.43090954422950745,
3825676,,,,,,,,elite,,1,142,TF-NN,1,0,0.25157368183135986,
3825677,,,,,,,,elite,,1,142,TF-NN,1,0,0.3434452414512634,
3825678,,,,,,,,elite,,1,142,TF-NN,0,0,0.1278231143951416,
267274,,,,,,,,elite,,1,142,TF-NN,0,0,0.1571325957775116,
3825679,,,,,,,,elite,,1,142,TF-NN,0,1,0.5880035758018494,
3825680,,,,,,,,elite,,1,142,TF-NN,0,0,0.14724265038967133,
3825681,,,,,,,,elite,,1,142,TF-NN,1,1,0.8785112500190735,
3825682,,,,,,,,elite,,1,142,TF-NN,0,0,0.3845771551132202,
3825683,,,,,,,,elite,,1,142,TF-NN,1,1,0.5750732421875,
3825684,,,,,,,,elite,,1,142,TF-NN,1,0,0.32757750153541565,
3825685,,,,,,,,elite,,1,142,TF-NN,1,0,0.4976049065589905,
3825686,,,,,,,,elite,,1,142,TF-NN,0,0,0.13970914483070374,
3825687,,,,,,,,elite,,1,142,TF-NN,0,0,0.191518172621727,
3825688,,,,,,,,elite,,1,142,TF-NN,0,0,0.09487804770469666,
266961,,,,,,,,elite,,1,142,TF-NN,0,1,0.8491743803024292,
3825689,,,,,,,,elite,,1,142,TF-NN,1,0,0.3664343059062958,
3825690,,,,,,,,elite,,1,142,TF-NN,1,1,0.530886173248291,
3825691,,,,,,,,elite,,1,142,TF-NN,0,0,0.1356634497642517,
3825692,,,,,,,,elite,,1,142,TF-NN,1,0,0.38007286190986633,
3825693,,,,,,,,elite,,1,142,TF-NN,1,0,0.22638370096683502,
3825694,,,,,,,,elite,,1,142,TF-NN,0,1,0.5629314184188843,
3825695,,,,,,,,elite,,1,142,TF-NN,1,0,0.24116024374961853,
3825696,,,,,,,,elite,,1,142,TF-NN,0,0,0.21614238619804382,
3825697,,,,,,,,elite,,1,142,TF-NN,0,0,0.3480176329612732,
3825698,,,,,,,,elite,,1,142,TF-NN,1,0,0.3375095725059509,
3825699,,,,,,,,elite,,1,142,TF-NN,0,0,0.16174325346946716,
3825891,,,,,,,,elite,,1,142,TF-NN,1,0,0.25234729051589966,
3825700,,,,,,,,elite,,1,142,TF-NN,1,1,0.8987525701522827,
3825701,,,,,,,,elite,,1,142,TF-NN,1,0,0.41355204582214355,
3825702,,,,,,,,elite,,1,142,TF-NN,0,1,0.6762554049491882,
3825703,,,,,,,,elite,,1,142,TF-NN,1,0,0.4873269200325012,
3825704,,,,,,,,elite,,1,142,TF-NN,0,0,0.13857892155647278,
267327,,,,,,,,elite,,1,142,TF-NN,1,1,0.8829193711280823,
3825705,,,,,,,,elite,,1,142,TF-NN,1,0,0.2671675384044647,
3825706,,,,,,,,elite,,1,142,TF-NN,0,0,0.27246978878974915,
3825707,,,,,,,,elite,,1,142,TF-NN,1,0,0.3127310276031494,
3825708,,,,,,,,elite,,1,142,TF-NN,0,0,0.11542809009552002,
3825709,,,,,,,,elite,,1,142,TF-NN,1,1,0.5309403538703918,
3825710,,,,,,,,elite,,1,142,TF-NN,1,1,0.8207808136940002,
3825711,,,,,,,,elite,,1,142,TF-NN,0,0,0.18410183489322662,
3825712,,,,,,,,elite,,1,142,TF-NN,0,0,0.19304916262626648,
3825713,,,,,,,,elite,,1,142,TF-NN,1,0,0.19027061760425568,
266670,,,,,,,,elite,,1,142,TF-NN,0,0,0.0835956335067749,
3825714,,,,,,,,elite,,1,142,TF-NN,1,0,0.23882032930850983,
3825715,,,,,,,,elite,,1,142,TF-NN,1,0,0.42975616455078125,
3825716,,,,,,,,elite,,1,142,TF-NN,0,0,0.12401347607374191,
3825717,,,,,,,,elite,,1,142,TF-NN,1,0,0.1958063840866089,
3825718,,,,,,,,elite,,1,142,TF-NN,0,0,0.40769967436790466,
3825719,,,,,,,,elite,,1,142,TF-NN,0,0,0.26773715019226074,
3825720,,,,,,,,elite,,1,142,TF-NN,0,0,0.4267408847808838,
3825721,,,,,,,,elite,,1,142,TF-NN,0,0,0.3130902647972107,
3825722,,,,,,,,elite,,1,142,TF-NN,0,0,0.2804403305053711,
266620,,,,,,,,elite,,1,142,TF-NN,1,1,0.9379238486289978,
3825723,,,,,,,,elite,,1,142,TF-NN,1,0,0.10588176548480988,
3825724,,,,,,,,elite,,1,142,TF-NN,1,1,0.8429638147354126,
3825725,,,,,,,,elite,,1,142,TF-NN,1,0,0.2072676122188568,
3825726,,,,,,,,elite,,1,142,TF-NN,1,0,0.29399538040161133,
3825727,,,,,,,,elite,,1,142,TF-NN,1,1,0.548499584197998,
3825728,,,,,,,,elite,,1,142,TF-NN,0,0,0.23924130201339722,
3825729,,,,,,,,elite,,1,142,TF-NN,1,0,0.21289841830730438,
3825730,,,,,,,,elite,,1,142,TF-NN,1,1,0.8155373334884644,
3825731,,,,,,,,elite,,1,142,TF-NN,0,0,0.22264380753040314,
3825732,,,,,,,,elite,,1,142,TF-NN,1,1,0.705029308795929,
3825733,,,,,,,,elite,,1,142,TF-NN,1,0,0.30187392234802246,
3825734,,,,,,,,elite,,1,142,TF-NN,0,1,0.8492921590805054,
3825735,,,,,,,,elite,,1,142,TF-NN,0,0,0.29251590371131897,
266149,,,,,,,,elite,,1,142,TF-NN,1,1,0.8945290446281433,
3825736,,,,,,,,elite,,1,142,TF-NN,0,0,0.21918416023254395,
3825737,,,,,,,,elite,,1,142,TF-NN,1,0,0.3453713357448578,
3825738,,,,,,,,elite,,1,142,TF-NN,0,0,0.28938931226730347,
3825739,,,,,,,,elite,,1,142,TF-NN,1,1,0.8309116363525391,
3825740,,,,,,,,elite,,1,142,TF-NN,1,0,0.30326345562934875,
3825741,,,,,,,,elite,,1,142,TF-NN,1,1,0.7114015221595764,
265894,,,,,,,,elite,,1,142,TF-NN,0,0,0.22425173223018646,
3825742,,,,,,,,elite,,1,142,TF-NN,1,1,0.6161268949508667,
3825743,,,,,,,,elite,,1,142,TF-NN,1,1,0.61754310131073,
3825744,,,,,,,,elite,,1,142,TF-NN,0,0,0.2036706656217575,
3825745,,,,,,,,elite,,1,142,TF-NN,0,0,0.2978065013885498,
3825746,,,,,,,,elite,,1,142,TF-NN,0,0,0.1151697114109993,
3825747,,,,,,,,elite,,1,142,TF-NN,1,0,0.19767141342163086,
3825748,,,,,,,,elite,,1,142,TF-NN,0,1,0.6291568875312805,
3825749,,,,,,,,elite,,1,142,TF-NN,1,0,0.16743023693561554,
267576,,,,,,,,elite,,1,142,TF-NN,1,1,0.574661910533905,
3825750,,,,,,,,elite,,1,142,TF-NN,1,0,0.14411278069019318,
3825751,,,,,,,,elite,,1,142,TF-NN,0,0,0.22423751652240753,
3825752,,,,,,,,elite,,1,142,TF-NN,0,0,0.16659896075725555,
3825753,,,,,,,,elite,,1,142,TF-NN,1,1,0.6033427119255066,
3825754,,,,,,,,elite,,1,142,TF-NN,1,0,0.4196549952030182,
3825755,,,,,,,,elite,,1,142,TF-NN,0,1,0.7147189974784851,
3825756,,,,,,,,elite,,1,142,TF-NN,1,1,0.5641219019889832,
3825757,,,,,,,,elite,,1,142,TF-NN,1,1,0.8960480093955994,
3825758,,,,,,,,elite,,1,142,TF-NN,0,0,0.43611443042755127,
3825759,,,,,,,,elite,,1,142,TF-NN,1,0,0.46398845314979553,
3825760,,,,,,,,elite,,1,142,TF-NN,1,0,0.17055673897266388,
3825761,,,,,,,,elite,,1,142,TF-NN,0,0,0.1683616042137146,
3825762,,,,,,,,elite,,1,142,TF-NN,0,0,0.20138941705226898,
3825763,,,,,,,,elite,,1,142,TF-NN,1,1,0.6196890473365784,
266160,,,,,,,,elite,,1,142,TF-NN,0,0,0.21196217834949493,
3825764,,,,,,,,elite,,1,142,TF-NN,0,0,0.274547278881073,
3825765,,,,,,,,elite,,1,142,TF-NN,0,1,0.7652078866958618,
3825766,,,,,,,,elite,,1,142,TF-NN,1,0,0.20457309484481812,
3825767,,,,,,,,elite,,1,142,TF-NN,0,0,0.17150095105171204,
3825768,,,,,,,,elite,,1,142,TF-NN,0,0,0.3288891017436981,
3825769,,,,,,,,elite,,1,142,TF-NN,1,0,0.23361386358737946,
3825770,,,,,,,,elite,,1,142,TF-NN,1,1,0.8397064805030823,
3825771,,,,,,,,elite,,1,142,TF-NN,0,0,0.49833688139915466,
3825772,,,,,,,,elite,,1,142,TF-NN,1,0,0.2642870545387268,
266254,,,,,,,,elite,,1,142,TF-NN,1,1,0.8836997151374817,
3825773,,,,,,,,elite,,1,142,TF-NN,1,1,0.5584384202957153,
3825774,,,,,,,,elite,,1,142,TF-NN,0,0,0.3823355436325073,
3825775,,,,,,,,elite,,1,142,TF-NN,1,0,0.2716301381587982,
3825776,,,,,,,,elite,,1,142,TF-NN,1,0,0.2957177460193634,
266815,,,,,,,,elite,,1,142,TF-NN,0,0,0.10992192476987839,
3825777,,,,,,,,elite,,1,142,TF-NN,1,0,0.27085721492767334,
267273,,,,,,,,elite,,1,142,TF-NN,0,0,0.437614381313324,
3825778,,,,,,,,elite,,1,142,TF-NN,0,0,0.47568678855895996,
3825779,,,,,,,,elite,,1,142,TF-NN,1,1,0.7727401852607727,
3825780,,,,,,,,elite,,1,142,TF-NN,1,0,0.30365991592407227,
3825781,,,,,,,,elite,,1,142,TF-NN,0,0,0.35761356353759766,
3825782,,,,,,,,elite,,1,142,TF-NN,0,0,0.3041580319404602,
3825783,,,,,,,,elite,,1,142,TF-NN,0,0,0.19127307832241058,
3825784,,,,,,,,elite,,1,142,TF-NN,0,0,0.30218732357025146,
3825785,,,,,,,,elite,,1,142,TF-NN,0,0,0.2530208230018616,
3825786,,,,,,,,elite,,1,142,TF-NN,0,0,0.12106616795063019,
3825637,,,,,,,,elite,,1,142,TF-Hybrid,1,1,0.7335630059242249,0.4863579273223877
3825638,,,,,,,,elite,,1,142,TF-Hybrid,1,1,0.5322884321212769,0.4863579273223877
3825639,,,,,,,,elite,,1,142,TF-Hybrid,0,0,0.3351767659187317,0.4863579273223877
3825640,,,,,,,,elite,,1,142,TF-Hybrid,0,0,0.3627852499485016,0.4863579273223877
3825641,,,,,,,,elite,,1,142,TF-Hybrid,1,1,0.5922133326530457,0.4863579273223877
3825642,,,,,,,,elite,,1,142,TF-Hybrid,0,0,0.18187128007411957,0.4863579273223877
3825643,,,,,,,,elite,,1,142,TF-Hybrid,1,1,0.7476363778114319,0.4863579273223877
3825644,,,,,,,,elite,,1,142,TF-Hybrid,0,1,0.5528532862663269,0.4863579273223877
3825645,,,,,,,,elite,,1,142,TF-Hybrid,0,0,0.10673434287309647,0.4863579273223877
3825646,,,,,,,,elite,,1,142,TF-Hybrid,1,0,0.10513892024755478,0.4863579273223877
3825647,,,,,,,,elite,,1,142,TF-Hybrid,1,0,0.46614915132522583,0.4863579273223877
3825648,,,,,,,,elite,,1,142,TF-Hybrid,1,0,0.23824149370193481,0.4863579273223877
3825649,,,,,,,,elite,,1,142,TF-Hybrid,1,0,0.2316950112581253,0.4863579273223877
3825650,,,,,,,,elite,,1,142,TF-Hybrid,0,0,0.3049130141735077,0.4863579273223877
3825651,,,,,,,,elite,,1,142,TF-Hybrid,0,1,0.5893864035606384,0.4863579273223877
3825652,,,,,,,,elite,,1,142,TF-Hybrid,1,0,0.20351269841194153,0.4863579273223877
3825653,,,,,,,,elite,,1,142,TF-Hybrid,1,1,0.749403178691864,0.4863579273223877
3825654,,,,,,,,elite,,1,142,TF-Hybrid,0,1,0.5599508285522461,0.4863579273223877
3825655,,,,,,,,elite,,1,142,TF-Hybrid,1,1,0.559776246547699,0.4863579273223877
3825656,,,,,,,,elite,,1,142,TF-Hybrid,0,0,0.2938903272151947,0.4863579273223877
3825657,,,,,,,,elite,,1,142,TF-Hybrid,0,0,0.4672299325466156,0.4863579273223877
3825658,,,,,,,,elite,,1,142,TF-Hybrid,1,1,0.667689859867096,0.4863579273223877
3825659,,,,,,,,elite,,1,142,TF-Hybrid,1,1,0.5436040759086609,0.4863579273223877
3825660,,,,,,,,elite,,1,142,TF-Hybrid,1,1,0.7622970342636108,0.4863579273223877
3825661,,,,,,,,elite,,1,142,TF-Hybrid,1,1,0.664360761642456,0.4863579273223877
266424,,,,,,,,elite,,1,142,TF-Hybrid,0,0,0.4353370666503906,0.4863579273223877
3825662,,,,,,,,elite,,1,142,TF-Hybrid,1,0,0.2441207319498062,0.4863579273223877
3825663,,,,,,,,elite,,1,142,TF-Hybrid,1,0,0.15167200565338135,0.4863579273223877
3825664,,,,,,,,elite,,1,142,TF-Hybrid,1,1,0.5662075877189636,0.4863579273223877
3825888,,,,,,,,elite,,1,142,TF-Hybrid,0,1,0.7271032929420471,0.4863579273223877
3825665,,,,,,,,elite,,1,142,TF-Hybrid,1,0,0.17675137519836426,0.4863579273223877
3825666,,,,,,,,elite,,1,142,TF-Hybrid,0,0,0.11772691458463669,0.4863579273223877
3825667,,,,,,,,elite,,1,142,TF-Hybrid,0,0,0.18812862038612366,0.4863579273223877
3825668,,,,,,,,elite,,1,142,TF-Hybrid,0,0,0.3019251823425293,0.4863579273223877
3825669,,,,,,,,elite,,1,142,TF-Hybrid,0,0,0.08389845490455627,0.4863579273223877
3825670,,,,,,,,elite,,1,142,TF-Hybrid,0,1,0.5948562026023865,0.4863579273223877
266885,,,,,,,,elite,,1,142,TF-Hybrid,1,1,0.8251943588256836,0.4863579273223877
3825671,,,,,,,,elite,,1,142,TF-Hybrid,1,0,0.48152029514312744,0.4863579273223877
3825672,,,,,,,,elite,,1,142,TF-Hybrid,0,0,0.4373060166835785,0.4863579273223877
3825673,,,,,,,,elite,,1,142,TF-Hybrid,0,0,0.47118550539016724,0.4863579273223877
3825674,,,,,,,,elite,,1,142,TF-Hybrid,1,1,0.5365440845489502,0.4863579273223877
3825675,,,,,,,,elite,,1,142,TF-Hybrid,0,0,0.16601788997650146,0.4863579273223877
3825676,,,,,,,,elite,,1,142,TF-Hybrid,1,1,0.5132622718811035,0.4863579273223877
3825677,,,,,,,,elite,,1,142,TF-Hybrid,1,0,0.2682812809944153,0.4863579273223877
3825678,,,,,,,,elite,,1,142,TF-Hybrid,0,0,0.35036739706993103,0.4863579273223877
267274,,,,,,,,elite,,1,142,TF-Hybrid,0,0,0.06707976758480072,0.4863579273223877
3825679,,,,,,,,elite,,1,142,TF-Hybrid,0,0,0.26059237122535706,0.4863579273223877
3825680,,,,,,,,elite,,1,142,TF-Hybrid,0,0,0.27901482582092285,0.4863579273223877
3825681,,,,,,,,elite,,1,142,TF-Hybrid,1,1,0.6211256980895996,0.4863579273223877
3825682,,,,,,,,elite,,1,142,TF-Hybrid,0,0,0.22580526769161224,0.4863579273223877
3825683,,,,,,,,elite,,1,142,TF-Hybrid,1,0,0.47196176648139954,0.4863579273223877
3825684,,,,,,,,elite,,1,142,TF-Hybrid,1,0,0.3309563100337982,0.4863579273223877
3825685,,,,,,,,elite,,1,142,TF-Hybrid,1,0,0.4516075849533081,0.4863579273223877
3825686,,,,,,,,elite,,1,142,TF-Hybrid,0,0,0.24386261403560638,0.4863579273223877
3825687,,,,,,,,elite,,1,142,TF-Hybrid,0,0,0.10238464176654816,0.4863579273223877
3825688,,,,,,,,elite,,1,142,TF-Hybrid,0,0,0.36894625425338745,0.4863579273223877
266961,,,,,,,,elite,,1,142,TF-Hybrid,0,1,0.7563186287879944,0.4863579273223877
3825689,,,,,,,,elite,,1,142,TF-Hybrid,1,1,0.5116328597068787,0.4863579273223877
3825690,,,,,,,,elite,,1,142,TF-Hybrid,1,0,0.36206522583961487,0.4863579273223877
3825691,,,,,,,,elite,,1,142,TF-Hybrid,0,0,0.4609586000442505,0.4863579273223877
3825692,,,,,,,,elite,,1,142,TF-Hybrid,1,0,0.36128348112106323,0.4863579273223877
3825693,,,,,,,,elite,,1,142,TF-Hybrid,1,0,0.41648390889167786,0.4863579273223877
3825694,,,,,,,,elite,,1,142,TF-Hybrid,0,1,0.7365294098854065,0.4863579273223877
3825695,,,,,,,,elite,,1,142,TF-Hybrid,1,0,0.2915942966938019,0.4863579273223877
3825696,,,,,,,,elite,,1,142,TF-Hybrid,0,0,0.22311323881149292,0.4863579273223877
3825697,,,,,,,,elite,,1,142,TF-Hybrid,0,0,0.09555445611476898,0.4863579273223877
3825698,,,,,,,,elite,,1,142,TF-Hybrid,1,1,0.5530538558959961,0.4863579273223877
3825699,,,,,,,,elite,,1,142,TF-Hybrid,0,0,0.22982873022556305,0.4863579273223877
3825891,,,,,,,,elite,,1,142,TF-Hybrid,1,0,0.1854112595319748,0.4863579273223877
3825700,,,,,,,,elite,,1,142,TF-Hybrid,1,1,0.8873194456100464,0.4863579273223877
3825701,,,,,,,,elite,,1,142,TF-Hybrid,1,0,0.280537873506546,0.4863579273223877
3825702,,,,,,,,elite,,1,142,TF-Hybrid,0,0,0.4956579804420471,0.4863579273223877
3825703,,,,,,,,elite,,1,142,TF-Hybrid,1,1,0.5213517546653748,0.4863579273223877
3825704,,,,,,,,elite,,1,142,TF-Hybrid,0,0,0.36766210198402405,0.4863579273223877
267327,,,,,,,,elite,,1,142,TF-Hybrid,1,1,0.7669554352760315,0.4863579273223877
3825705,,,,,,,,elite,,1,142,TF-Hybrid,1,0,0.4609680473804474,0.4863579273223877
3825706,,,,,,,,elite,,1,142,TF-Hybrid,0,0,0.10252948850393295,0.4863579273223877
3825707,,,,,,,,elite,,1,142,TF-Hybrid,1,0,0.3902093172073364,0.4863579273223877
3825708,,,,,,,,elite,,1,142,TF-Hybrid,0,0,0.15446403622627258,0.4863579273223877
3825709,,,,,,,,elite,,1,142,TF-Hybrid,1,1,0.5710042715072632,0.4863579273223877
3825710,,,,,,,,elite,,1,142,TF-Hybrid,1,1,0.8434181213378906,0.4863579273223877
3825711,,,,,,,,elite,,1,142,TF-Hybrid,0,0,0.18410104513168335,0.4863579273223877
3825712,,,,,,,,elite,,1,142,TF-Hybrid,0,0,0.19085800647735596,0.4863579273223877
3825713,,,,,,,,elite,,1,142,TF-Hybrid,1,0,0.472457617521286,0.4863579273223877
266670,,,,,,,,elite,,1,142,TF-Hybrid,0,0,0.14292797446250916,0.4863579273223877
3825714,,,,,,,,elite,,1,142,TF-Hybrid,1,1,0.568878173828125,0.4863579273223877
3825715,,,,,,,,elite,,1,142,TF-Hybrid,1,1,0.550585925579071,0.4863579273223877
3825716,,,,,,,,elite,,1,142,TF-Hybrid,0,0,0.30382877588272095,0.4863579273223877
3825717,,,,,,,,elite,,1,142,TF-Hybrid,1,0,0.23029832541942596,0.4863579273223877
3825718,,,,,,,,elite,,1,142,TF-Hybrid,0,0,0.0971834808588028,0.4863579273223877
3825719,,,,,,,,elite,,1,142,TF-Hybrid,0,1,0.5847185254096985,0.4863579273223877
3825720,,,,,,,,elite,,1,142,TF-Hybrid,0,0,0.13543012738227844,0.4863579273223877
3825721,,,,,,,,elite,,1,142,TF-Hybrid,0,0,0.281902939081192,0.4863579273223877
3825722,,,,,,,,elite,,1,142,TF-Hybrid,0,0,0.4311985671520233,0.4863579273223877
266620,,,,,,,,elite,,1,142,TF-Hybrid,1,1,0.8212811350822449,0.4863579273223877
3825723,,,,,,,,elite,,1,142,TF-Hybrid,1,0,0.2898891568183899,0.4863579273223877
3825724,,,,,,,,elite,,1,142,TF-Hybrid,1,1,0.8046838641166687,0.4863579273223877
3825725,,,,,,,,elite,,1,142,TF-Hybrid,1,0,0.438189297914505,0.4863579273223877
3825726,,,,,,,,elite,,1,142,TF-Hybrid,1,0,0.42595651745796204,0.4863579273223877
3825727,,,,,,,,elite,,1,142,TF-Hybrid,1,1,0.6621401906013489,0.4863579273223877
3825728,,,,,,,,elite,,1,142,TF-Hybrid,0,0,0.09207548946142197,0.4863579273223877
3825729,,,,,,,,elite,,1,142,TF-Hybrid,1,0,0.4450381398200989,0.4863579273223877
3825730,,,,,,,,elite,,1,142,TF-Hybrid,1,1,0.6289877891540527,0.4863579273223877
3825731,,,,,,,,elite,,1,142,TF-Hybrid,0,0,0.22334542870521545,0.4863579273223877
3825732,,,,,,,,elite,,1,142,TF-Hybrid,1,0,0.323984295129776,0.4863579273223877
3825733,,,,,,,,elite,,1,142,TF-Hybrid,1,0,0.43909507989883423,0.4863579273223877
3825734,,,,,,,,elite,,1,142,TF-Hybrid,0,1,0.7765842080116272,0.4863579273223877
3825735,,,,,,,,elite,,1,142,TF-Hybrid,0,1,0.5449342131614685,0.4863579273223877
266149,,,,,,,,elite,,1,142,TF-Hybrid,1,1,0.7721024751663208,0.4863579273223877
3825736,,,,,,,,elite,,1,142,TF-Hybrid,0,0,0.2932749390602112,0.4863579273223877
3825737,,,,,,,,elite,,1,142,TF-Hybrid,1,1,0.606683075428009,0.4863579273223877
3825738,,,,,,,,elite,,1,142,TF-Hybrid,0,0,0.1418035477399826,0.4863579273223877
3825739,,,,,,,,elite,,1,142,TF-Hybrid,1,1,0.6961277723312378,0.4863579273223877
3825740,,,,,,,,elite,,1,142,TF-Hybrid,1,1,0.8255268931388855,0.4863579273223877
3825741,,,,,,,,elite,,1,142,TF-Hybrid,1,0,0.47045016288757324,0.4863579273223877
265894,,,,,,,,elite,,1,142,TF-Hybrid,0,0,0.31159508228302,0.4863579273223877
3825742,,,,,,,,elite,,1,142,TF-Hybrid,1,0,0.32135772705078125,0.4863579273223877
3825743,,,,,,,,elite,,1,142,TF-Hybrid,1,1,0.7411039471626282,0.4863579273223877
3825744,,,,,,,,elite,,1,142,TF-Hybrid,0,0,0.11538588255643845,0.4863579273223877
3825745,,,,,,,,elite,,1,142,TF-Hybrid,0,1,0.5698876976966858,0.4863579273223877
3825746,,,,,,,,elite,,1,142,TF-Hybrid,0,0,0.11612395942211151,0.4863579273223877
3825747,,,,,,,,elite,,1,142,TF-Hybrid,1,0,0.17731115221977234,0.4863579273223877
3825748,,,,,,,,elite,,1,142,TF-Hybrid,0,1,0.5248533487319946,0.4863579273223877
3825749,,,,,,,,elite,,1,142,TF-Hybrid,1,0,0.48984989523887634,0.4863579273223877
267576,,,,,,,,elite,,1,142,TF-Hybrid,1,1,0.5521014928817749,0.4863579273223877
3825750,,,,,,,,elite,,1,142,TF-Hybrid,1,0,0.3500542938709259,0.4863579273223877
3825751,,,,,,,,elite,,1,142,TF-Hybrid,0,1,0.5208895802497864,0.4863579273223877
3825752,,,,,,,,elite,,1,142,TF-Hybrid,0,0,0.4559177756309509,0.4863579273223877
3825753,,,,,,,,elite,,1,142,TF-Hybrid,1,1,0.7055595517158508,0.4863579273223877
3825754,,,,,,,,elite,,1,142,TF-Hybrid,1,1,0.6889985799789429,0.4863579273223877
3825755,,,,,,,,elite,,1,142,TF-Hybrid,0,1,0.5674139261245728,0.4863579273223877
3825756,,,,,,,,elite,,1,142,TF-Hybrid,1,0,0.3909018635749817,0.4863579273223877
3825757,,,,,,,,elite,,1,142,TF-Hybrid,1,1,0.9122203588485718,0.4863579273223877
3825758,,,,,,,,elite,,1,142,TF-Hybrid,0,0,0.23638370633125305,0.4863579273223877
3825759,,,,,,,,elite,,1,142,TF-Hybrid,1,1,0.7370159029960632,0.4863579273223877
3825760,,,,,,,,elite,,1,142,TF-Hybrid,1,0,0.4487697184085846,0.4863579273223877
3825761,,,,,,,,elite,,1,142,TF-Hybrid,0,0,0.18123918771743774,0.4863579273223877
3825762,,,,,,,,elite,,1,142,TF-Hybrid,0,0,0.42134782671928406,0.4863579273223877
3825763,,,,,,,,elite,,1,142,TF-Hybrid,1,1,0.7609460353851318,0.4863579273223877
266160,,,,,,,,elite,,1,142,TF-Hybrid,0,1,0.5383521914482117,0.4863579273223877
3825764,,,,,,,,elite,,1,142,TF-Hybrid,0,0,0.3336295783519745,0.4863579273223877
3825765,,,,,,,,elite,,1,142,TF-Hybrid,0,0,0.2969009578227997,0.4863579273223877
3825766,,,,,,,,elite,,1,142,TF-Hybrid,1,0,0.20051193237304688,0.4863579273223877
3825767,,,,,,,,elite,,1,142,TF-Hybrid,0,0,0.4215337634086609,0.4863579273223877
3825768,,,,,,,,elite,,1,142,TF-Hybrid,0,1,0.5130274295806885,0.4863579273223877
3825769,,,,,,,,elite,,1,142,TF-Hybrid,1,0,0.31435510516166687,0.4863579273223877
3825770,,,,,,,,elite,,1,142,TF-Hybrid,1,1,0.7202802896499634,0.4863579273223877
3825771,,,,,,,,elite,,1,142,TF-Hybrid,0,1,0.6045504808425903,0.4863579273223877
3825772,,,,,,,,elite,,1,142,TF-Hybrid,1,1,0.5659651756286621,0.4863579273223877
266254,,,,,,,,elite,,1,142,TF-Hybrid,1,1,0.8669878840446472,0.4863579273223877
3825773,,,,,,,,elite,,1,142,TF-Hybrid,1,1,0.5259676575660706,0.4863579273223877
3825774,,,,,,,,elite,,1,142,TF-Hybrid,0,0,0.1005009189248085,0.4863579273223877
3825775,,,,,,,,elite,,1,142,TF-Hybrid,1,1,0.632943868637085,0.4863579273223877
3825776,,,,,,,,elite,,1,142,TF-Hybrid,1,0,0.4755474627017975,0.4863579273223877
266815,,,,,,,,elite,,1,142,TF-Hybrid,0,0,0.24222597479820251,0.4863579273223877
3825777,,,,,,,,elite,,1,142,TF-Hybrid,1,0,0.38955816626548767,0.4863579273223877
267273,,,,,,,,elite,,1,142,TF-Hybrid,0,0,0.30001798272132874,0.4863579273223877
3825778,,,,,,,,elite,,1,142,TF-Hybrid,0,1,0.558775782585144,0.4863579273223877
3825779,,,,,,,,elite,,1,142,TF-Hybrid,1,1,0.695997416973114,0.4863579273223877
3825780,,,,,,,,elite,,1,142,TF-Hybrid,1,0,0.2755381166934967,0.4863579273223877
3825781,,,,,,,,elite,,1,142,TF-Hybrid,0,1,0.6208638548851013,0.4863579273223877
3825782,,,,,,,,elite,,1,142,TF-Hybrid,0,0,0.17297904193401337,0.4863579273223877
3825783,,,,,,,,elite,,1,142,TF-Hybrid,0,0,0.0842723697423935,0.4863579273223877
3825784,,,,,,,,elite,,1,142,TF-Hybrid,0,0,0.26368939876556396,0.4863579273223877
3825785,,,,,,,,elite,,1,142,TF-Hybrid,0,0,0.39224687218666077,0.4863579273223877
3825786,,,,,,,,elite,,1,142,TF-Hybrid,0,1,0.5241466760635376,0.4863579273223877
3825787,,,,,,,,elite,,2,242,TF-NN,0,0,0.14722320437431335,
3825788,,,,,,,,elite,,2,242,TF-NN,0,0,0.2548771798610687,
3825789,,,,,,,,elite,,2,242,TF-NN,0,0,0.19497890770435333,
3825790,,,,,,,,elite,,2,242,TF-NN,0,0,0.28255611658096313,
3825791,,,,,,,,elite,,2,242,TF-NN,0,0,0.3074702322483063,
265839,,,,,,,,elite,,2,242,TF-NN,1,0,0.35308101773262024,
3825792,,,,,,,,elite,,2,242,TF-NN,0,0,0.19303563237190247,
3825793,,,,,,,,elite,,2,242,TF-NN,0,0,0.16108931601047516,
3825794,,,,,,,,elite,,2,242,TF-NN,1,0,0.20684652030467987,
3825795,,,,,,,,elite,,2,242,TF-NN,1,1,0.6030645966529846,
3825796,,,,,,,,elite,,2,242,TF-NN,1,0,0.3223576843738556,
3825797,,,,,,,,elite,,2,242,TF-NN,1,0,0.2330070585012436,
3825798,,,,,,,,elite,,2,242,TF-NN,0,0,0.2550795376300812,
3825799,,,,,,,,elite,,2,242,TF-NN,0,0,0.307651162147522,
3825800,,,,,,,,elite,,2,242,TF-NN,0,0,0.1759270578622818,
3825801,,,,,,,,elite,,2,242,TF-NN,1,0,0.29631999135017395,
266653,,,,,,,,elite,,2,242,TF-NN,0,0,0.230379119515419,
3825802,,,,,,,,elite,,2,242,TF-NN,0,0,0.2435079663991928,
3825803,,,,,,,,elite,,2,242,TF-NN,1,0,0.2054779976606369,
3825804,,,,,,,,elite,,2,242,TF-NN,0,0,0.20534561574459076,
3825805,,,,,,,,elite,,2,242,TF-NN,0,0,0.2632617652416229,
3825806,,,,,,,,elite,,2,242,TF-NN,1,0,0.4122069180011749,
3825867,,,,,,,,elite,,2,242,TF-NN,0,0,0.2757130563259125,
266056,,,,,,,,elite,,2,242,TF-NN,0,0,0.19543491303920746,
3825807,,,,,,,,elite,,2,242,TF-NN,0,0,0.09003227204084396,
3825808,,,,,,,,elite,,2,242,TF-NN,0,0,0.20851844549179077,
3825809,,,,,,,,elite,,2,242,TF-NN,1,0,0.21245601773262024,
3825810,,,,,,,,elite,,2,242,TF-NN,0,0,0.2702140212059021,
3825811,,,,,,,,elite,,2,242,TF-NN,1,0,0.2365674376487732,
3825812,,,,,,,,elite,,2,242,TF-NN,1,0,0.26738908886909485,
266498,,,,,,,,elite,,2,242,TF-NN,1,1,0.5485308170318604,
3825813,,,,,,,,elite,,2,242,TF-NN,1,0,0.41998082399368286,
3825814,,,,,,,,elite,,2,242,TF-NN,1,0,0.22610659897327423,
3825858,,,,,,,,elite,,2,242,TF-NN,0,0,0.09154686331748962,
3825815,,,,,,,,elite,,2,242,TF-NN,1,0,0.18570385873317719,
3825816,,,,,,,,elite,,2,242,TF-NN,1,0,0.23407986760139465,
3825844,,,,,,,,elite,,2,242,TF-NN,1,0,0.38461652398109436,
3825879,,,,,,,,elite,,2,242,TF-NN,0,0,0.34651312232017517,
3825881,,,,,,,,elite,,2,242,TF-NN,0,0,0.11174389719963074,
3825817,,,,,,,,elite,,2,242,TF-NN,0,0,0.2547895908355713,
3825818,,,,,,,,elite,,2,242,TF-NN,0,0,0.2693118453025818,
3825880,,,,,,,,elite,,2,242,TF-NN,1,0,0.24274377524852753,
3825887,,,,,,,,elite,,2,242,TF-NN,0,0,0.08074282854795456,
3825903,,,,,,,,elite,,2,242,TF-NN,0,0,0.29718777537345886,
3825907,,,,,,,,elite,,2,242,TF-NN,1,0,0.2251870036125183,
266106,,,,,,,,elite,,2,242,TF-NN,0,0,0.310870885848999,
3825819,,,,,,,,elite,,2,242,TF-NN,0,0,0.2379942387342453,
3825820,,,,,,,,elite,,2,242,TF-NN,1,0,0.29591089487075806,
3825821,,,,,,,,elite,,2,242,TF-NN,1,0,0.22413386404514313,
3825885,,,,,,,,elite,,2,242,TF-NN,1,0,0.25432318449020386,
267533,,,,,,,,elite,,2,242,TF-NN,0,1,0.5698640942573547,
3825822,,,,,,,,elite,,2,242,TF-NN,1,0,0.30572837591171265,
3825872,,,,,,,,elite,,2,242,TF-NN,1,0,0.33900216221809387,
3825898,,,,,,,,elite,,2,242,TF-NN,0,0,0.1771363914012909,
3825823,,,,,,,,elite,,2,242,TF-NN,0,0,0.2979530692100525,
3825824,,,,,,,,elite,,2,242,TF-NN,0,0,0.20015357434749603,
3825877,,,,,,,,elite,,2,242,TF-NN,0,0,0.24144434928894043,
3825905,,,,,,,,elite,,2,242,TF-NN,0,0,0.309656023979187,
3825825,,,,,,,,elite,,2,242,TF-NN,0,0,0.2504795789718628,
3825826,,,,,,,,elite,,2,242,TF-NN,0,0,0.1319558471441269,
266664,,,,,,,,elite,,2,242,TF-NN,1,0,0.24993903934955597,
3825827,,,,,,,,elite,,2,242,TF-NN,1,0,0.2284291535615921,
3825828,,,,,,,,elite,,2,242,TF-NN,0,0,0.17830489575862885,
3825856,,,,,,,,elite,,2,242,TF-NN,1,0,0.4238361120223999,
3825829,,,,,,,,elite,,2,242,TF-NN,1,0,0.17779530584812164,
3825830,,,,,,,,elite,,2,242,TF-NN,1,0,0.253549188375473,
3825831,,,,,,,,elite,,2,242,TF-NN,1,0,0.2645837068557739,
3825832,,,,,,,,elite,,2,242,TF-NN,0,0,0.2578728199005127,
3825863,,,,,,,,elite,,2,242,TF-NN,0,0,0.2919604480266571,
3825857,,,,,,,,elite,,2,242,TF-NN,1,0,0.2193097025156021,
3825833,,,,,,,,elite,,2,242,TF-NN,0,0,0.2558816969394684,
3825852,,,,,,,,elite,,2,242,TF-NN,0,0,0.33794718980789185,
3825889,,,,,,,,elite,,2,242,TF-NN,0,0,0.23690594732761383,
3825897,,,,,,,,elite,,2,242,TF-NN,1,0,0.22397558391094208,
266557,,,,,,,,elite,,2,242,TF-NN,0,0,0.25935542583465576,
3825834,,,,,,,,elite,,2,242,TF-NN,1,0,0.31845712661743164,
3825835,,,,,,,,elite,,2,242,TF-NN,0,0,0.2622970938682556,
3825836,,,,,,,,elite,,2,242,TF-NN,1,0,0.22014954686164856,
3825906,,,,,,,,elite,,2,242,TF-NN,0,0,0.30072808265686035,
3825837,,,,,,,,elite,,2,242,TF-NN,1,0,0.2509036064147949,
3825862,,,,,,,,elite,,2,242,TF-NN,0,0,0.3272463381290436,
266310,,,,,,,,elite,,2,242,TF-NN,0,0,0.2665118873119354,
3825838,,,,,,,,elite,,2,242,TF-NN,0,0,0.07058852910995483,
3825839,,,,,,,,elite,,2,242,TF-NN,1,0,0.21916744112968445,
3825840,,,,,,,,elite,,2,242,TF-NN,1,0,0.2153579145669937,
3825843,,,,,,,,elite,,2,242,TF-NN,0,0,0.19437475502490997,
3825893,,,,,,,,elite,,2,242,TF-NN,1,0,0.34805765748023987,
3825841,,,,,,,,elite,,2,242,TF-NN,0,0,0.2082570195198059,
3825896,,,,,,,,elite,,2,242,TF-NN,1,0,0.11975974589586258,
3825871,,,,,,,,elite,,2,242,TF-NN,1,0,0.3912532925605774,
265944,,,,,,,,elite,,2,242,TF-NN,1,0,0.31410589814186096,
3825847,,,,,,,,elite,,2,242,TF-NN,0,0,0.23534759879112244,
3825886,,,,,,,,elite,,2,242,TF-NN,0,0,0.3015056550502777,
3825890,,,,,,,,elite,,2,242,TF-NN,1,0,0.27729812264442444,
3825842,,,,,,,,elite,,2,242,TF-NN,0,0,0.10030196607112885,
3825875,,,,,,,,elite,,2,242,TF-NN,0,0,0.2651999294757843,
3825884,,,,,,,,elite,,2,242,TF-NN,1,0,0.24000531435012817,
3825899,,,,,,,,elite,,2,242,TF-NN,0,0,0.2986847758293152,
3825868,,,,,,,,elite,,2,242,TF-NN,1,0,0.20650717616081238,
3825854,,,,,,,,elite,,2,242,TF-NN,1,0,0.23724421858787537,
266986,,,,,,,,elite,,2,242,TF-NN,0,0,0.3132813274860382,
3825859,,,,,,,,elite,,2,242,TF-NN,1,0,0.26454615592956543,
3825864,,,,,,,,elite,,2,242,TF-NN,0,0,0.22379423677921295,
3825878,,,,,,,,elite,,2,242,TF-NN,1,0,0.28970417380332947,
3825845,,,,,,,,elite,,2,242,TF-NN,1,0,0.25684577226638794,
3825870,,,,,,,,elite,,2,242,TF-NN,1,0,0.21719790995121002,
3825873,,,,,,,,elite,,2,242,TF-NN,0,0,0.20974953472614288,
3825894,,,,,,,,elite,,2,242,TF-NN,0,0,0.2901528477668762,
3825855,,,,,,,,elite,,2,242,TF-NN,1,0,0.3305567502975464,
265958,,,,,,,,elite,,2,242,TF-NN,1,0,0.26003119349479675,
3825850,,,,,,,,elite,,2,242,TF-NN,1,0,0.13613535463809967,
3825851,,,,,,,,elite,,2,242,TF-NN,0,0,0.1611739695072174,
3825853,,,,,,,,elite,,2,242,TF-NN,0,0,0.23652498424053192,
3825860,,,,,,,,elite,,2,242,TF-NN,1,0,0.15753567218780518,
3825861,,,,,,,,elite,,2,242,TF-NN,1,0,0.1795092523097992,
3825865,,,,,,,,elite,,2,242,TF-NN,0,0,0.26478084921836853,
3825866,,,,,,,,elite,,2,242,TF-NN,0,0,0.24861319363117218,
3825901,,,,,,,,elite,,2,242,TF-NN,1,0,0.3367270231246948,
3825904,,,,,,,,elite,,2,242,TF-NN,0,0,0.25423285365104675,
3825849,,,,,,,,elite,,2,242,TF-NN,0,0,0.2503349483013153,
267506,,,,,,,,elite,,2,242,TF-NN,0,0,0.2938886880874634,
3825846,,,,,,,,elite,,2,242,TF-NN,0,0,0.3137761652469635,
3825869,,,,,,,,elite,,2,242,TF-NN,1,0,0.2469455599784851,
3825882,,,,,,,,elite,,2,242,TF-NN,1,0,0.45894521474838257,
3825876,,,,,,,,elite,,2,242,TF-NN,1,0,0.3085942566394806,
3825883,,,,,,,,elite,,2,242,TF-NN,1,0,0.2985057532787323,
3825900,,,,,,,,elite,,2,242,TF-NN,1,0,0.1832013577222824,
3825902,,,,,,,,elite,,2,242,TF-NN,1,0,0.25232717394828796,
3825908,,,,,,,,elite,,2,242,TF-NN,1,0,0.334337443113327,
267670,,,,,,,,elite,,2,242,TF-NN,1,0,0.49067530035972595,
266892,,,,,,,,elite,,2,242,TF-NN,0,0,0.23108743131160736,
267220,,,,,,,,elite,,2,242,TF-NN,0,0,0.19148898124694824,
267492,,,,,,,,elite,,2,242,TF-NN,1,0,0.2250947207212448,
266033,,,,,,,,elite,,2,242,TF-NN,0,0,0.28030744194984436,
267058,,,,,,,,elite,,2,242,TF-NN,1,0,0.17881038784980774,
266989,,,,,,,,elite,,2,242,TF-NN,0,0,0.2797238230705261,
266191,,,,,,,,elite,,2,242,TF-NN,0,0,0.23543624579906464,
267076,,,,,,,,elite,,2,242,TF-NN,0,0,0.28443560004234314,
3825787,,,,,,,,elite,,2,242,TF-Hybrid,0,1,0.5545362234115601,0.488529235124588
3825788,,,,,,,,elite,,2,242,TF-Hybrid,0,0,0.44486090540885925,0.488529235124588
3825789,,,,,,,,elite,,2,242,TF-Hybrid,0,1,0.6884084939956665,0.488529235124588
3825790,,,,,,,,elite,,2,242,TF-Hybrid,0,0,0.36999940872192383,0.488529235124588
3825791,,,,,,,,elite,,2,242,TF-Hybrid,0,0,0.4768812656402588,0.488529235124588
265839,,,,,,,,elite,,2,242,TF-Hybrid,1,1,0.8344426155090332,0.488529235124588
3825792,,,,,,,,elite,,2,242,TF-Hybrid,0,1,0.7243814468383789,0.488529235124588
3825793,,,,,,,,elite,,2,242,TF-Hybrid,0,1,0.5656214952468872,0.488529235124588
3825794,,,,,,,,elite,,2,242,TF-Hybrid,1,1,0.5738968849182129,0.488529235124588
3825795,,,,,,,,elite,,2,242,TF-Hybrid,1,1,0.6042221784591675,0.488529235124588
3825796,,,,,,,,elite,,2,242,TF-Hybrid,1,0,0.49652498960494995,0.488529235124588
3825797,,,,,,,,elite,,2,242,TF-Hybrid,1,1,0.5249327421188354,0.488529235124588
3825798,,,,,,,,elite,,2,242,TF-Hybrid,0,0,0.339517205953598,0.488529235124588
3825799,,,,,,,,elite,,2,242,TF-Hybrid,0,0,0.43732592463493347,0.488529235124588
3825800,,,,,,,,elite,,2,242,TF-Hybrid,0,0,0.49074026942253113,0.488529235124588
3825801,,,,,,,,elite,,2,242,TF-Hybrid,1,1,0.663761556148529,0.488529235124588
266653,,,,,,,,elite,,2,242,TF-Hybrid,0,0,0.3576505482196808,0.488529235124588
3825802,,,,,,,,elite,,2,242,TF-Hybrid,0,1,0.7066624760627747,0.488529235124588
3825803,,,,,,,,elite,,2,242,TF-Hybrid,1,1,0.6633032560348511,0.488529235124588
3825804,,,,,,,,elite,,2,242,TF-Hybrid,0,0,0.47683408856391907,0.488529235124588
3825805,,,,,,,,elite,,2,242,TF-Hybrid,0,0,0.3739646077156067,0.488529235124588
3825806,,,,,,,,elite,,2,242,TF-Hybrid,1,1,0.5684342384338379,0.488529235124588
3825867,,,,,,,,elite,,2,242,TF-Hybrid,0,0,0.3889065086841583,0.488529235124588
266056,,,,,,,,elite,,2,242,TF-Hybrid,0,0,0.23000356554985046,0.488529235124588
3825807,,,,,,,,elite,,2,242,TF-Hybrid,0,0,0.27367645502090454,0.488529235124588
3825808,,,,,,,,elite,,2,242,TF-Hybrid,0,0,0.2003164440393448,0.488529235124588
3825809,,,,,,,,elite,,2,242,TF-Hybrid,1,1,0.5478870272636414,0.488529235124588
3825810,,,,,,,,elite,,2,242,TF-Hybrid,0,1,0.5746766328811646,0.488529235124588
3825811,,,,,,,,elite,,2,242,TF-Hybrid,1,1,0.7646973729133606,0.488529235124588
3825812,,,,,,,,elite,,2,242,TF-Hybrid,1,1,0.5799309015274048,0.488529235124588
266498,,,,,,,,elite,,2,242,TF-Hybrid,1,1,0.8663116097450256,0.488529235124588
3825813,,,,,,,,elite,,2,242,TF-Hybrid,1,1,0.7312949895858765,0.488529235124588
3825814,,,,,,,,elite,,2,242,TF-Hybrid,1,0,0.4188319146633148,0.488529235124588
3825858,,,,,,,,elite,,2,242,TF-Hybrid,0,0,0.3972199857234955,0.488529235124588
3825815,,,,,,,,elite,,2,242,TF-Hybrid,1,0,0.3561340868473053,0.488529235124588
3825816,,,,,,,,elite,,2,242,TF-Hybrid,1,1,0.5032652020454407,0.488529235124588
3825844,,,,,,,,elite,,2,242,TF-Hybrid,1,1,0.7289706468582153,0.488529235124588
3825879,,,,,,,,elite,,2,242,TF-Hybrid,0,0,0.42531323432922363,0.488529235124588
3825881,,,,,,,,elite,,2,242,TF-Hybrid,0,1,0.5185184478759766,0.488529235124588
3825817,,,,,,,,elite,,2,242,TF-Hybrid,0,0,0.44759052991867065,0.488529235124588
3825818,,,,,,,,elite,,2,242,TF-Hybrid,0,0,0.4481205344200134,0.488529235124588
3825880,,,,,,,,elite,,2,242,TF-Hybrid,1,0,0.4914020895957947,0.488529235124588
3825887,,,,,,,,elite,,2,242,TF-Hybrid,0,1,0.6775561571121216,0.488529235124588
3825903,,,,,,,,elite,,2,242,TF-Hybrid,0,1,0.5722681283950806,0.488529235124588
3825907,,,,,,,,elite,,2,242,TF-Hybrid,1,0,0.11390185356140137,0.488529235124588
266106,,,,,,,,elite,,2,242,TF-Hybrid,0,0,0.26020753383636475,0.488529235124588
3825819,,,,,,,,elite,,2,242,TF-Hybrid,0,1,0.5350258946418762,0.488529235124588
3825820,,,,,,,,elite,,2,242,TF-Hybrid,1,1,0.8570142388343811,0.488529235124588
3825821,,,,,,,,elite,,2,242,TF-Hybrid,1,0,0.48341381549835205,0.488529235124588
3825885,,,,,,,,elite,,2,242,TF-Hybrid,1,1,0.7424790263175964,0.488529235124588
267533,,,,,,,,elite,,2,242,TF-Hybrid,0,1,0.7520788908004761,0.488529235124588
3825822,,,,,,,,elite,,2,242,TF-Hybrid,1,1,0.7279413342475891,0.488529235124588
3825872,,,,,,,,elite,,2,242,TF-Hybrid,1,1,0.7493934631347656,0.488529235124588
3825898,,,,,,,,elite,,2,242,TF-Hybrid,0,0,0.3687160313129425,0.488529235124588
3825823,,,,,,,,elite,,2,242,TF-Hybrid,0,0,0.371776282787323,0.488529235124588
3825824,,,,,,,,elite,,2,242,TF-Hybrid,0,0,0.4059906303882599,0.488529235124588
3825877,,,,,,,,elite,,2,242,TF-Hybrid,0,1,0.7608351111412048,0.488529235124588
3825905,,,,,,,,elite,,2,242,TF-Hybrid,0,0,0.30180245637893677,0.488529235124588
3825825,,,,,,,,elite,,2,242,TF-Hybrid,0,0,0.415228933095932,0.488529235124588
3825826,,,,,,,,elite,,2,242,TF-Hybrid,0,0,0.21434442698955536,0.488529235124588
266664,,,,,,,,elite,,2,242,TF-Hybrid,1,0,0.42978692054748535,0.488529235124588
3825827,,,,,,,,elite,,2,242,TF-Hybrid,1,0,0.25354647636413574,0.488529235124588
3825828,,,,,,,,elite,,2,242,TF-Hybrid,0,0,0.40725114941596985,0.488529235124588
3825856,,,,,,,,elite,,2,242,TF-Hybrid,1,1,0.7550290822982788,0.488529235124588
3825829,,,,,,,,elite,,2,242,TF-Hybrid,1,0,0.4664134085178375,0.488529235124588
3825830,,,,,,,,elite,,2,242,TF-Hybrid,1,1,0.7626280188560486,0.488529235124588
3825831,,,,,,,,elite,,2,242,TF-Hybrid,1,0,0.3499516546726227,0.488529235124588
3825832,,,,,,,,elite,,2,242,TF-Hybrid,0,0,0.41579335927963257,0.488529235124588
3825863,,,,,,,,elite,,2,242,TF-Hybrid,0,0,0.2939193844795227,0.488529235124588
3825857,,,,,,,,elite,,2,242,TF-Hybrid,1,0,0.4900049567222595,0.488529235124588
3825833,,,,,,,,elite,,2,242,TF-Hybrid,0,0,0.21521998941898346,0.488529235124588
3825852,,,,,,,,elite,,2,242,TF-Hybrid,0,1,0.610610842704773,0.488529235124588
3825889,,,,,,,,elite,,2,242,TF-Hybrid,0,1,0.7427370548248291,0.488529235124588
3825897,,,,,,,,elite,,2,242,TF-Hybrid,1,1,0.5665591359138489,0.488529235124588
266557,,,,,,,,elite,,2,242,TF-Hybrid,0,1,0.6534779667854309,0.488529235124588
3825834,,,,,,,,elite,,2,242,TF-Hybrid,1,1,0.7191915512084961,0.488529235124588
3825835,,,,,,,,elite,,2,242,TF-Hybrid,0,1,0.5862361788749695,0.488529235124588
3825836,,,,,,,,elite,,2,242,TF-Hybrid,1,1,0.6619077920913696,0.488529235124588
3825906,,,,,,,,elite,,2,242,TF-Hybrid,0,0,0.3913725018501282,0.488529235124588
3825837,,,,,,,,elite,,2,242,TF-Hybrid,1,0,0.3036489486694336,0.488529235124588
3825862,,,,,,,,elite,,2,242,TF-Hybrid,0,0,0.20761622488498688,0.488529235124588
266310,,,,,,,,elite,,2,242,TF-Hybrid,0,0,0.28365880250930786,0.488529235124588
3825838,,,,,,,,elite,,2,242,TF-Hybrid,0,0,0.33395475149154663,0.488529235124588
3825839,,,,,,,,elite,,2,242,TF-Hybrid,1,0,0.45885080099105835,0.488529235124588
3825840,,,,,,,,elite,,2,242,TF-Hybrid,1,1,0.5647543668746948,0.488529235124588
3825843,,,,,,,,elite,,2,242,TF-Hybrid,0,1,0.5229979753494263,0.488529235124588
3825893,,,,,,,,elite,,2,242,TF-Hybrid,1,1,0.8148902058601379,0.488529235124588
3825841,,,,,,,,elite,,2,242,TF-Hybrid,0,1,0.6227120161056519,0.488529235124588
3825896,,,,,,,,elite,,2,242,TF-Hybrid,1,0,0.31564319133758545,0.488529235124588
3825871,,,,,,,,elite,,2,242,TF-Hybrid,1,0,0.38540521264076233,0.488529235124588
265944,,,,,,,,elite,,2,242,TF-Hybrid,1,1,0.8626950979232788,0.488529235124588
3825847,,,,,,,,elite,,2,242,TF-Hybrid,0,1,0.5819183588027954,0.488529235124588
3825886,,,,,,,,elite,,2,242,TF-Hybrid,0,0,0.3578345477581024,0.488529235124588
3825890,,,,,,,,elite,,2,242,TF-Hybrid,1,0,0.47456079721450806,0.488529235124588
3825842,,,,,,,,elite,,2,242,TF-Hybrid,0,1,0.5202838182449341,0.488529235124588
3825875,,,,,,,,elite,,2,242,TF-Hybrid,0,0,0.3200027048587799,0.488529235124588
3825884,,,,,,,,elite,,2,242,TF-Hybrid,1,1,0.506385326385498,0.488529235124588
3825899,,,,,,,,elite,,2,242,TF-Hybrid,0,0,0.2579616606235504,0.488529235124588
3825868,,,,,,,,elite,,2,242,TF-Hybrid,1,1,0.5989186763763428,0.488529235124588
3825854,,,,,,,,elite,,2,242,TF-Hybrid,1,0,0.3183681070804596,0.488529235124588
266986,,,,,,,,elite,,2,242,TF-Hybrid,0,0,0.28721290826797485,0.488529235124588
3825859,,,,,,,,elite,,2,242,TF-Hybrid,1,1,0.5344057679176331,0.488529235124588
3825864,,,,,,,,elite,,2,242,TF-Hybrid,0,0,0.30275362730026245,0.488529235124588
3825878,,,,,,,,elite,,2,242,TF-Hybrid,1,1,0.5302327871322632,0.488529235124588
3825845,,,,,,,,elite,,2,242,TF-Hybrid,1,0,0.28693315386772156,0.488529235124588
3825870,,,,,,,,elite,,2,242,TF-Hybrid,1,1,0.5096073150634766,0.488529235124588
3825873,,,,,,,,elite,,2,242,TF-Hybrid,0,1,0.5940116047859192,0.488529235124588
3825894,,,,,,,,elite,,2,242,TF-Hybrid,0,0,0.4805544912815094,0.488529235124588
3825855,,,,,,,,elite,,2,242,TF-Hybrid,1,1,0.674246072769165,0.488529235124588
265958,,,,,,,,elite,,2,242,TF-Hybrid,1,1,0.8502910137176514,0.488529235124588
3825850,,,,,,,,elite,,2,242,TF-Hybrid,1,0,0.3950028419494629,0.488529235124588
3825851,,,,,,,,elite,,2,242,TF-Hybrid,0,0,0.4990931451320648,0.488529235124588
3825853,,,,,,,,elite,,2,242,TF-Hybrid,0,1,0.5816473960876465,0.488529235124588
3825860,,,,,,,,elite,,2,242,TF-Hybrid,1,0,0.2649877667427063,0.488529235124588
3825861,,,,,,,,elite,,2,242,TF-Hybrid,1,1,0.5555381774902344,0.488529235124588
3825865,,,,,,,,elite,,2,242,TF-Hybrid,0,1,0.7675031423568726,0.488529235124588
3825866,,,,,,,,elite,,2,242,TF-Hybrid,0,0,0.33057981729507446,0.488529235124588
3825901,,,,,,,,elite,,2,242,TF-Hybrid,1,1,0.7567715644836426,0.488529235124588
3825904,,,,,,,,elite,,2,242,TF-Hybrid,0,1,0.501205563545227,0.488529235124588
3825849,,,,,,,,elite,,2,242,TF-Hybrid,0,0,0.464489609003067,0.488529235124588
267506,,,,,,,,elite,,2,242,TF-Hybrid,0,0,0.27940303087234497,0.488529235124588
3825846,,,,,,,,elite,,2,242,TF-Hybrid,0,1,0.5281057357788086,0.488529235124588
3825869,,,,,,,,elite,,2,242,TF-Hybrid,1,1,0.686214804649353,0.488529235124588
3825882,,,,,,,,elite,,2,242,TF-Hybrid,1,1,0.6297305822372437,0.488529235124588
3825876,,,,,,,,elite,,2,242,TF-Hybrid,1,0,0.12927013635635376,0.488529235124588
3825883,,,,,,,,elite,,2,242,TF-Hybrid,1,1,0.60863196849823,0.488529235124588
3825900,,,,,,,,elite,,2,242,TF-Hybrid,1,0,0.14330658316612244,0.488529235124588
3825902,,,,,,,,elite,,2,242,TF-Hybrid,1,1,0.672881543636322,0.488529235124588
3825908,,,,,,,,elite,,2,242,TF-Hybrid,1,0,0.22843334078788757,0.488529235124588
267670,,,,,,,,elite,,2,242,TF-Hybrid,1,1,0.8963398337364197,0.488529235124588
266892,,,,,,,,elite,,2,242,TF-Hybrid,0,0,0.29562893509864807,0.488529235124588
267220,,,,,,,,elite,,2,242,TF-Hybrid,0,1,0.6224168539047241,0.488529235124588
267492,,,,,,,,elite,,2,242,TF-Hybrid,1,1,0.7503799200057983,0.488529235124588
266033,,,,,,,,elite,,2,242,TF-Hybrid,0,0,0.2661876678466797,0.488529235124588
267058,,,,,,,,elite,,2,242,TF-Hybrid,1,1,0.8472931385040283,0.488529235124588
266989,,,,,,,,elite,,2,242,TF-Hybrid,0,0,0.15888239443302155,0.488529235124588
266191,,,,,,,,elite,,2,242,TF-Hybrid,0,0,0.40563127398490906,0.488529235124588
267076,,,,,,,,elite,,2,242,TF-Hybrid,0,1,0.5994300246238708,0.488529235124588
266357,,,,,,,,elite,,3,342,TF-NN,0,0,0.11951722204685211,
266528,,,,,,,,elite,,3,342,TF-NN,1,1,0.6555274128913879,
266477,,,,,,,,elite,,3,342,TF-NN,0,0,0.24059249460697174,
267395,,,,,,,,elite,,3,342,TF-NN,1,1,0.6245970129966736,
266731,,,,,,,,elite,,3,342,TF-NN,0,0,0.2970884144306183,
266516,,,,,,,,elite,,3,342,TF-NN,0,0,0.39325904846191406,
266874,,,,,,,,elite,,3,342,TF-NN,1,0,0.3252733051776886,
267464,,,,,,,,elite,,3,342,TF-NN,0,0,0.2782078683376312,
265952,,,,,,,,elite,,3,342,TF-NN,1,1,0.5563303828239441,
266299,,,,,,,,elite,,3,342,TF-NN,1,1,0.6461052298545837,
267660,,,,,,,,elite,,3,342,TF-NN,1,0,0.37663817405700684,
266440,,,,,,,,elite,,3,342,TF-NN,1,1,0.7731813192367554,
266280,,,,,,,,elite,,3,342,TF-NN,1,0,0.3813694417476654,
267590,,,,,,,,elite,,3,342,TF-NN,1,0,0.23640812933444977,
267373,,,,,,,,elite,,3,342,TF-NN,1,1,0.7469416856765747,
267569,,,,,,,,elite,,3,342,TF-NN,0,0,0.3956564664840698,
267101,,,,,,,,elite,,3,342,TF-NN,1,1,0.7452915906906128,
267077,,,,,,,,elite,,3,342,TF-NN,0,0,0.21194104850292206,
266952,,,,,,,,elite,,3,342,TF-NN,1,1,0.7385932207107544,
267039,,,,,,,,elite,,3,342,TF-NN,0,0,0.296234130859375,
267432,,,,,,,,elite,,3,342,TF-NN,1,1,0.8331476449966431,
9575,,,,,,,,elite,,3,342,TF-NN,1,1,0.7021416425704956,
9581,,,,,,,,elite,,3,342,TF-NN,0,0,0.22696325182914734,
9592,,,,,,,,elite,,3,342,TF-NN,1,1,0.7008069753646851,
9602,,,,,,,,elite,,3,342,TF-NN,0,0,0.24150946736335754,
9609,,,,,,,,elite,,3,342,TF-NN,1,0,0.43155354261398315,
9636,,,,,,,,elite,,3,342,TF-NN,1,1,0.7514457702636719,
9642,,,,,,,,elite,,3,342,TF-NN,0,0,0.2737181484699249,
9650,,,,,,,,elite,,3,342,TF-NN,1,1,0.5949985980987549,
9661,,,,,,,,elite,,3,342,TF-NN,0,0,0.3627745807170868,
9673,,,,,,,,elite,,3,342,TF-NN,1,1,0.552121102809906,
9695,,,,,,,,elite,,3,342,TF-NN,0,0,0.34888389706611633,
9700,,,,,,,,elite,,3,342,TF-NN,0,1,0.8716260194778442,
9717,,,,,,,,elite,,3,342,TF-NN,0,0,0.30649349093437195,
9726,,,,,,,,elite,,3,342,TF-NN,1,1,0.9747378826141357,
9736,,,,,,,,elite,,3,342,TF-NN,0,0,0.30307555198669434,
9742,,,,,,,,elite,,3,342,TF-NN,1,1,0.8328679800033569,
9754,,,,,,,,elite,,3,342,TF-NN,0,0,0.3274652361869812,
9765,,,,,,,,elite,,3,342,TF-NN,0,0,0.30841198563575745,
9774,,,,,,,,elite,,3,342,TF-NN,1,1,0.5224708318710327,
9783,,,,,,,,elite,,3,342,TF-NN,0,0,0.19429633021354675,
9794,,,,,,,,elite,,3,342,TF-NN,0,0,0.3778785765171051,
9799,,,,,,,,elite,,3,342,TF-NN,0,0,0.30193665623664856,
9827,,,,,,,,elite,,3,342,TF-NN,0,0,0.3219285011291504,
9837,,,,,,,,elite,,3,342,TF-NN,1,0,0.35562562942504883,
9855,,,,,,,,elite,,3,342,TF-NN,1,0,0.4355356693267822,
9860,,,,,,,,elite,,3,342,TF-NN,0,1,0.6002951264381409,
9870,,,,,,,,elite,,3,342,TF-NN,1,1,0.606183648109436,
9880,,,,,,,,elite,,3,342,TF-NN,1,1,0.6848358511924744,
9889,,,,,,,,elite,,3,342,TF-NN,0,0,0.3997989892959595,
266357,,,,,,,,elite,,3,342,TF-Hybrid,0,0,0.22008752822875977,0.48940688371658325
266528,,,,,,,,elite,,3,342,TF-Hybrid,1,1,0.70891934633255,0.48940688371658325
266477,,,,,,,,elite,,3,342,TF-Hybrid,0,0,0.24985012412071228,0.48940688371658325
267395,,,,,,,,elite,,3,342,TF-Hybrid,1,1,0.8459432125091553,0.48940688371658325
266731,,,,,,,,elite,,3,342,TF-Hybrid,0,0,0.33779558539390564,0.48940688371658325
266516,,,,,,,,elite,,3,342,TF-Hybrid,0,0,0.11552543193101883,0.48940688371658325
266874,,,,,,,,elite,,3,342,TF-Hybrid,1,1,0.5385011434555054,0.48940688371658325
267464,,,,,,,,elite,,3,342,TF-Hybrid,0,0,0.2453257292509079,0.48940688371658325
265952,,,,,,,,elite,,3,342,TF-Hybrid,1,1,0.8551827073097229,0.48940688371658325
266299,,,,,,,,elite,,3,342,TF-Hybrid,1,1,0.8653081655502319,0.48940688371658325
267660,,,,,,,,elite,,3,342,TF-Hybrid,1,0,0.10015127807855606,0.48940688371658325
266440,,,,,,,,elite,,3,342,TF-Hybrid,1,1,0.9201743006706238,0.48940688371658325
266280,,,,,,,,elite,,3,342,TF-Hybrid,1,1,0.8858718276023865,0.48940688371658325
267590,,,,,,,,elite,,3,342,TF-Hybrid,1,0,0.47300001978874207,0.48940688371658325
267373,,,,,,,,elite,,3,342,TF-Hybrid,1,1,0.6555039882659912,0.48940688371658325
267569,,,,,,,,elite,,3,342,TF-Hybrid,0,1,0.5807467699050903,0.48940688371658325
267101,,,,,,,,elite,,3,342,TF-Hybrid,1,1,0.8874562978744507,0.48940688371658325
267077,,,,,,,,elite,,3,342,TF-Hybrid,0,0,0.1279653012752533,0.48940688371658325
266952,,,,,,,,elite,,3,342,TF-Hybrid,1,1,0.9226158857345581,0.48940688371658325
267039,,,,,,,,elite,,3,342,TF-Hybrid,0,0,0.12165842205286026,0.48940688371658325
267432,,,,,,,,elite,,3,342,TF-Hybrid,1,1,0.8268525004386902,0.48940688371658325
9575,,,,,,,,elite,,3,342,TF-Hybrid,1,1,0.9166600108146667,0.48940688371658325
9581,,,,,,,,elite,,3,342,TF-Hybrid,0,0,0.07654407620429993,0.48940688371658325
9592,,,,,,,,elite,,3,342,TF-Hybrid,1,1,0.941947877407074,0.48940688371658325
9602,,,,,,,,elite,,3,342,TF-Hybrid,0,0,0.20557400584220886,0.48940688371658325
9609,,,,,,,,elite,,3,342,TF-Hybrid,1,1,0.885334312915802,0.48940688371658325
9636,,,,,,,,elite,,3,342,TF-Hybrid,1,1,0.8739230036735535,0.48940688371658325
9642,,,,,,,,elite,,3,342,TF-Hybrid,0,0,0.23907501995563507,0.48940688371658325
9650,,,,,,,,elite,,3,342,TF-Hybrid,1,1,0.7481715083122253,0.48940688371658325
9661,,,,,,,,elite,,3,342,TF-Hybrid,0,0,0.2800541818141937,0.48940688371658325
9673,,,,,,,,elite,,3,342,TF-Hybrid,1,1,0.7849818468093872,0.48940688371658325
9695,,,,,,,,elite,,3,342,TF-Hybrid,0,0,0.2708989083766937,0.48940688371658325
9700,,,,,,,,elite,,3,342,TF-Hybrid,0,1,0.8858379125595093,0.48940688371658325
9717,,,,,,,,elite,,3,342,TF-Hybrid,0,0,0.20971447229385376,0.48940688371658325
9726,,,,,,,,elite,,3,342,TF-Hybrid,1,1,0.9001823663711548,0.48940688371658325
9736,,,,,,,,elite,,3,342,TF-Hybrid,0,1,0.5017233490943909,0.48940688371658325
9742,,,,,,,,elite,,3,342,TF-Hybrid,1,1,0.9267250895500183,0.48940688371658325
9754,,,,,,,,elite,,3,342,TF-Hybrid,0,0,0.33959293365478516,0.48940688371658325
9765,,,,,,,,elite,,3,342,TF-Hybrid,0,0,0.1745889037847519,0.48940688371658325
9774,,,,,,,,elite,,3,342,TF-Hybrid,1,1,0.9180408120155334,0.48940688371658325
9783,,,,,,,,elite,,3,342,TF-Hybrid,0,0,0.11301251500844955,0.48940688371658325
9794,,,,,,,,elite,,3,342,TF-Hybrid,0,1,0.7670939564704895,0.48940688371658325
9799,,,,,,,,elite,,3,342,TF-Hybrid,0,0,0.20464953780174255,0.48940688371658325
9827,,,,,,,,elite,,3,342,TF-Hybrid,0,0,0.1205626130104065,0.48940688371658325
9837,,,,,,,,elite,,3,342,TF-Hybrid,1,1,0.8131104111671448,0.48940688371658325
9855,,,,,,,,elite,,3,342,TF-Hybrid,1,1,0.858481764793396,0.48940688371658325
9860,,,,,,,,elite,,3,342,TF-Hybrid,0,0,0.2882579565048218,0.48940688371658325
9870,,,,,,,,elite,,3,342,TF-Hybrid,1,1,0.8596232533454895,0.48940688371658325
9880,,,,,,,,elite,,3,342,TF-Hybrid,1,1,0.9077305197715759,0.48940688371658325
9889,,,,,,,,elite,,3,342,TF-Hybrid,0,0,0.2508182227611542,0.48940688371658325
9912,,,,,,,,elite,,4,442,TF-NN,0,0,0.46742793917655945,
9924,,,,,,,,elite,,4,442,TF-NN,0,0,0.48093050718307495,
9928,,,,,,,,elite,,4,442,TF-NN,1,1,0.9086859822273254,
9948,,,,,,,,elite,,4,442,TF-NN,1,1,0.5278081893920898,
15946,,,,,,,,elite,,4,442,TF-NN,1,1,0.9398815035820007,
15956,,,,,,,,elite,,4,442,TF-NN,0,0,0.18836039304733276,
15978,,,,,,,,elite,,4,442,TF-NN,0,0,0.3889758586883545,
15998,,,,,,,,elite,,4,442,TF-NN,1,0,0.3933873474597931,
16010,,,,,,,,elite,,4,442,TF-NN,0,1,0.799887478351593,
16023,,,,,,,,elite,,4,442,TF-NN,0,0,0.27606675028800964,
16029,,,,,,,,elite,,4,442,TF-NN,1,1,0.8305115699768066,
16056,,,,,,,,elite,,4,442,TF-NN,0,1,0.8580282926559448,
16073,,,,,,,,elite,,4,442,TF-NN,0,0,0.21495723724365234,
16079,,,,,,,,elite,,4,442,TF-NN,1,1,0.6958659291267395,
16086,,,,,,,,elite,,4,442,TF-NN,0,0,0.4082244038581848,
16095,,,,,,,,elite,,4,442,TF-NN,0,0,0.33795347809791565,
16109,,,,,,,,elite,,4,442,TF-NN,1,0,0.4764746129512787,
16120,,,,,,,,elite,,4,442,TF-NN,0,0,0.30139976739883423,
16131,,,,,,,,elite,,4,442,TF-NN,1,1,0.562394917011261,
16136,,,,,,,,elite,,4,442,TF-NN,1,1,0.9052237272262573,
16149,,,,,,,,elite,,4,442,TF-NN,0,0,0.35720112919807434,
16157,,,,,,,,elite,,4,442,TF-NN,0,1,0.9266687631607056,
16173,,,,,,,,elite,,4,442,TF-NN,0,0,0.42662137746810913,
16182,,,,,,,,elite,,4,442,TF-NN,1,1,0.981562077999115,
16190,,,,,,,,elite,,4,442,TF-NN,0,0,0.3381870687007904,
16196,,,,,,,,elite,,4,442,TF-NN,0,0,0.41436952352523804,
16205,,,,,,,,elite,,4,442,TF-NN,1,1,0.9245789647102356,
16215,,,,,,,,elite,,4,442,TF-NN,0,1,0.6519594192504883,
16231,,,,,,,,elite,,4,442,TF-NN,1,1,0.7062973380088806,
16240,,,,,,,,elite,,4,442,TF-NN,0,1,0.5620114803314209,
16248,,,,,,,,elite,,4,442,TF-NN,1,1,0.9087226986885071,
16265,,,,,,,,elite,,4,442,TF-NN,1,0,0.4425274431705475,
16275,,,,,,,,elite,,4,442,TF-NN,0,0,0.18399465084075928,
16289,,,,,,,,elite,,4,442,TF-NN,1,1,0.7499576807022095,
16306,,,,,,,,elite,,4,442,TF-NN,1,1,0.8712055087089539,
16317,,,,,,,,elite,,4,442,TF-NN,0,0,0.4720962941646576,
303666,,,,,,,,elite,,4,442,TF-NN,1,0,0.20790232717990875,
303430,,,,,,,,elite,,4,442,TF-NN,1,0,0.4659436345100403,
303473,,,,,,,,elite,,4,442,TF-NN,1,1,0.6349565386772156,
303700,,,,,,,,elite,,4,442,TF-NN,0,0,0.21757292747497559,
303600,,,,,,,,elite,,4,442,TF-NN,1,1,0.9065660834312439,
303504,,,,,,,,elite,,4,442,TF-NN,1,0,0.3495989143848419,
303487,,,,,,,,elite,,4,442,TF-NN,1,1,0.7757717967033386,
303715,,,,,,,,elite,,4,442,TF-NN,0,0,0.17825348675251007,
303524,,,,,,,,elite,,4,442,TF-NN,0,0,0.3713837265968323,
303451,,,,,,,,elite,,4,442,TF-NN,1,1,0.9647390842437744,
303664,,,,,,,,elite,,4,442,TF-NN,0,1,0.7059172987937927,
303596,,,,,,,,elite,,4,442,TF-NN,0,0,0.40522873401641846,
303517,,,,,,,,elite,,4,442,TF-NN,1,1,0.863658607006073,
303652,,,,,,,,elite,,4,442,TF-NN,0,0,0.1870686113834381,
9912,,,,,,,,elite,,4,442,TF-Hybrid,0,0,0.2750256061553955,0.4807452857494354
9924,,,,,,,,elite,,4,442,TF-Hybrid,0,1,0.7629886865615845,0.4807452857494354
9928,,,,,,,,elite,,4,442,TF-Hybrid,1,1,0.8687439560890198,0.4807452857494354
9948,,,,,,,,elite,,4,442,TF-Hybrid,1,1,0.75742107629776,0.4807452857494354
15946,,,,,,,,elite,,4,442,TF-Hybrid,1,1,0.8684368133544922,0.4807452857494354
15956,,,,,,,,elite,,4,442,TF-Hybrid,0,0,0.14629538357257843,0.4807452857494354
15978,,,,,,,,elite,,4,442,TF-Hybrid,0,0,0.14110606908798218,0.4807452857494354
15998,,,,,,,,elite,,4,442,TF-Hybrid,1,0,0.19151344895362854,0.4807452857494354
16010,,,,,,,,elite,,4,442,TF-Hybrid,0,1,0.7166991233825684,0.4807452857494354
16023,,,,,,,,elite,,4,442,TF-Hybrid,0,0,0.26816803216934204,0.4807452857494354
16029,,,,,,,,elite,,4,442,TF-Hybrid,1,1,0.7191979289054871,0.4807452857494354
16056,,,,,,,,elite,,4,442,TF-Hybrid,0,1,0.8421743512153625,0.4807452857494354
16073,,,,,,,,elite,,4,442,TF-Hybrid,0,0,0.25983232259750366,0.4807452857494354
16079,,,,,,,,elite,,4,442,TF-Hybrid,1,1,0.8651144504547119,0.4807452857494354
16086,,,,,,,,elite,,4,442,TF-Hybrid,0,0,0.12549230456352234,0.4807452857494354
16095,,,,,,,,elite,,4,442,TF-Hybrid,0,0,0.12690255045890808,0.4807452857494354
16109,,,,,,,,elite,,4,442,TF-Hybrid,1,1,0.9597779512405396,0.4807452857494354
16120,,,,,,,,elite,,4,442,TF-Hybrid,0,0,0.13946768641471863,0.4807452857494354
16131,,,,,,,,elite,,4,442,TF-Hybrid,1,1,0.918749988079071,0.4807452857494354
16136,,,,,,,,elite,,4,442,TF-Hybrid,1,1,0.8085238337516785,0.4807452857494354
16149,,,,,,,,elite,,4,442,TF-Hybrid,0,0,0.2022993266582489,0.4807452857494354
16157,,,,,,,,elite,,4,442,TF-Hybrid,0,1,0.8323742151260376,0.4807452857494354
16173,,,,,,,,elite,,4,442,TF-Hybrid,0,0,0.25904491543769836,0.4807452857494354
16182,,,,,,,,elite,,4,442,TF-Hybrid,1,1,0.7010027170181274,0.4807452857494354
16190,,,,,,,,elite,,4,442,TF-Hybrid,0,0,0.49724072217941284,0.4807452857494354
16196,,,,,,,,elite,,4,442,TF-Hybrid,0,0,0.463419646024704,0.4807452857494354
16205,,,,,,,,elite,,4,442,TF-Hybrid,1,1,0.5851525068283081,0.4807452857494354
16215,,,,,,,,elite,,4,442,TF-Hybrid,0,0,0.1425425112247467,0.4807452857494354
16231,,,,,,,,elite,,4,442,TF-Hybrid,1,1,0.8939943313598633,0.4807452857494354
16240,,,,,,,,elite,,4,442,TF-Hybrid,0,0,0.187484011054039,0.4807452857494354
16248,,,,,,,,elite,,4,442,TF-Hybrid,1,1,0.6176088452339172,0.4807452857494354
16265,,,,,,,,elite,,4,442,TF-Hybrid,1,1,0.7942801713943481,0.4807452857494354
16275,,,,,,,,elite,,4,442,TF-Hybrid,0,0,0.06496260315179825,0.4807452857494354
16289,,,,,,,,elite,,4,442,TF-Hybrid,1,1,0.9027495384216309,0.4807452857494354
16306,,,,,,,,elite,,4,442,TF-Hybrid,1,1,0.836501955986023,0.4807452857494354
16317,,,,,,,,elite,,4,442,TF-Hybrid,0,0,0.3749510645866394,0.4807452857494354
303666,,,,,,,,elite,,4,442,TF-Hybrid,1,0,0.15163463354110718,0.4807452857494354
303430,,,,,,,,elite,,4,442,TF-Hybrid,1,1,0.7443244457244873,0.4807452857494354
303473,,,,,,,,elite,,4,442,TF-Hybrid,1,1,0.5610446333885193,0.4807452857494354
303700,,,,,,,,elite,,4,442,TF-Hybrid,0,0,0.45778393745422363,0.4807452857494354
303600,,,,,,,,elite,,4,442,TF-Hybrid,1,1,0.7436878085136414,0.4807452857494354
303504,,,,,,,,elite,,4,442,TF-Hybrid,1,0,0.1820937544107437,0.4807452857494354
303487,,,,,,,,elite,,4,442,TF-Hybrid,1,1,0.8195899724960327,0.4807452857494354
303715,,,,,,,,elite,,4,442,TF-Hybrid,0,0,0.16982515156269073,0.4807452857494354
303524,,,,,,,,elite,,4,442,TF-Hybrid,0,0,0.09800995141267776,0.4807452857494354
303451,,,,,,,,elite,,4,442,TF-Hybrid,1,1,0.8583447337150574,0.4807452857494354
303664,,,,,,,,elite,,4,442,TF-Hybrid,0,0,0.18318791687488556,0.4807452857494354
303596,,,,,,,,elite,,4,442,TF-Hybrid,0,1,0.8093759417533875,0.4807452857494354
303517,,,,,,,,elite,,4,442,TF-Hybrid,1,1,0.9206961393356323,0.4807452857494354
303652,,,,,,,,elite,,4,442,TF-Hybrid,0,0,0.3675364553928375,0.4807452857494354
303610,,,,,,,,elite,,5,542,TF-NN,1,1,0.8967386484146118,
303400,,,,,,,,elite,,5,542,TF-NN,1,1,0.5306235551834106,
303682,,,,,,,,elite,,5,542,TF-NN,1,1,0.9542715549468994,
303707,,,,,,,,elite,,5,542,TF-NN,0,0,0.4641321301460266,
303377,,,,,,,,elite,,5,542,TF-NN,1,1,0.7976400256156921,
303731,,,,,,,,elite,,5,542,TF-NN,1,1,0.9209784865379333,
303470,,,,,,,,elite,,5,542,TF-NN,1,1,0.5542728304862976,
303479,,,,,,,,elite,,5,542,TF-NN,1,1,0.7556321024894714,
303548,,,,,,,,elite,,5,542,TF-NN,0,0,0.36375412344932556,
303532,,,,,,,,elite,,5,542,TF-NN,1,1,0.7754627466201782,
303674,,,,,,,,elite,,5,542,TF-NN,0,0,0.28358784317970276,
303493,,,,,,,,elite,,5,542,TF-NN,1,1,0.6701582074165344,
303516,,,,,,,,elite,,5,542,TF-NN,0,0,0.3847683370113373,
303696,,,,,,,,elite,,5,542,TF-NN,0,1,0.8172783851623535,
303725,,,,,,,,elite,,5,542,TF-NN,0,0,0.2720319628715515,
303615,,,,,,,,elite,,5,542,TF-NN,1,1,0.8232365846633911,
303680,,,,,,,,elite,,5,542,TF-NN,0,0,0.34658724069595337,
303634,,,,,,,,elite,,5,542,TF-NN,0,1,0.6925561428070068,
303421,,,,,,,,elite,,5,542,TF-NN,0,0,0.31715622544288635,
3773593,,,,,,,,elite,,5,542,TF-NN,1,1,0.9423999190330505,
3773466,,,,,,,,elite,,5,542,TF-NN,0,0,0.2744809687137604,
3773672,,,,,,,,elite,,5,542,TF-NN,0,1,0.641658365726471,
3773587,,,,,,,,elite,,5,542,TF-NN,1,1,0.5417039394378662,
3773585,,,,,,,,elite,,5,542,TF-NN,0,1,0.7325903177261353,
3773386,,,,,,,,elite,,5,542,TF-NN,0,0,0.3494308292865753,
3773477,,,,,,,,elite,,5,542,TF-NN,1,1,0.926730215549469,
3773656,,,,,,,,elite,,5,542,TF-NN,1,0,0.41688084602355957,
3773547,,,,,,,,elite,,5,542,TF-NN,1,1,0.9546748995780945,
3773660,,,,,,,,elite,,5,542,TF-NN,1,1,0.7959007024765015,
3773523,,,,,,,,elite,,5,542,TF-NN,1,1,0.8683943748474121,
3773377,,,,,,,,elite,,5,542,TF-NN,0,1,0.9564390182495117,
3773571,,,,,,,,elite,,5,542,TF-NN,0,0,0.31099918484687805,
3764661,,,,,,,,elite,,5,542,TF-NN,0,0,0.48094165325164795,
3773565,,,,,,,,elite,,5,542,TF-NN,0,0,0.31261831521987915,
3773403,,,,,,,,elite,,5,542,TF-NN,1,1,0.743004322052002,
3773631,,,,,,,,elite,,5,542,TF-NN,0,1,0.5234215259552002,
3773526,,,,,,,,elite,,5,542,TF-NN,1,1,0.9350886344909668,
3764440,,,,,,,,elite,,5,542,TF-NN,1,1,0.7953002452850342,
3773625,,,,,,,,elite,,5,542,TF-NN,0,0,0.3177255690097809,
3773665,,,,,,,,elite,,5,542,TF-NN,0,1,0.5091443061828613,
3773597,,,,,,,,elite,,5,542,TF-NN,0,0,0.29578498005867004,
3773474,,,,,,,,elite,,5,542,TF-NN,1,1,0.7744709253311157,
3773497,,,,,,,,elite,,5,542,TF-NN,1,0,0.44581589102745056,
3773661,,,,,,,,elite,,5,542,TF-NN,1,1,0.8574371933937073,
3773689,,,,,,,,elite,,5,542,TF-NN,0,1,0.6450363993644714,
3773586,,,,,,,,elite,,5,542,TF-NN,0,1,0.7884260416030884,
3773695,,,,,,,,elite,,5,542,TF-NN,0,0,0.3774431347846985,
3773372,,,,,,,,elite,,5,542,TF-NN,0,1,0.5025215744972229,
3773387,,,,,,,,elite,,5,542,TF-NN,0,0,0.32046547532081604,
3773457,,,,,,,,elite,,5,542,TF-NN,0,1,0.7515702843666077,
303610,,,,,,,,elite,,5,542,TF-Hybrid,1,1,0.6954652667045593,0.47511619329452515
303400,,,,,,,,elite,,5,542,TF-Hybrid,1,0,0.28571954369544983,0.47511619329452515
303682,,,,,,,,elite,,5,542,TF-Hybrid,1,1,0.8236775398254395,0.47511619329452515
303707,,,,,,,,elite,,5,542,TF-Hybrid,0,0,0.40285637974739075,0.47511619329452515
303377,,,,,,,,elite,,5,542,TF-Hybrid,1,1,0.6578101515769958,0.47511619329452515
303731,,,,,,,,elite,,5,542,TF-Hybrid,1,1,0.8538810014724731,0.47511619329452515
303470,,,,,,,,elite,,5,542,TF-Hybrid,1,0,0.2990473806858063,0.47511619329452515
303479,,,,,,,,elite,,5,542,TF-Hybrid,1,1,0.7583707571029663,0.47511619329452515
303548,,,,,,,,elite,,5,542,TF-Hybrid,0,0,0.13841982185840607,0.47511619329452515
303532,,,,,,,,elite,,5,542,TF-Hybrid,1,1,0.70931476354599,0.47511619329452515
303674,,,,,,,,elite,,5,542,TF-Hybrid,0,0,0.24063250422477722,0.47511619329452515
303493,,,,,,,,elite,,5,542,TF-Hybrid,1,1,0.6486743688583374,0.47511619329452515
303516,,,,,,,,elite,,5,542,TF-Hybrid,0,0,0.3833494186401367,0.47511619329452515
303696,,,,,,,,elite,,5,542,TF-Hybrid,0,1,0.7178930044174194,0.47511619329452515
303725,,,,,,,,elite,,5,542,TF-Hybrid,0,0,0.40771567821502686,0.47511619329452515
303615,,,,,,,,elite,,5,542,TF-Hybrid,1,1,0.8059867024421692,0.47511619329452515
303680,,,,,,,,elite,,5,542,TF-Hybrid,0,0,0.12437304854393005,0.47511619329452515
303634,,,,,,,,elite,,5,542,TF-Hybrid,0,1,0.9556416273117065,0.47511619329452515
303421,,,,,,,,elite,,5,542,TF-Hybrid,0,0,0.204929918050766,0.47511619329452515
3773593,,,,,,,,elite,,5,542,TF-Hybrid,1,1,0.9409846663475037,0.47511619329452515
3773466,,,,,,,,elite,,5,542,TF-Hybrid,0,0,0.14658719301223755,0.47511619329452515
3773672,,,,,,,,elite,,5,542,TF-Hybrid,0,1,0.9026259183883667,0.47511619329452515
3773587,,,,,,,,elite,,5,542,TF-Hybrid,1,0,0.15725167095661163,0.47511619329452515
3773585,,,,,,,,elite,,5,542,TF-Hybrid,0,0,0.3664867877960205,0.47511619329452515
3773386,,,,,,,,elite,,5,542,TF-Hybrid,0,0,0.40437474846839905,0.47511619329452515
3773477,,,,,,,,elite,,5,542,TF-Hybrid,1,1,0.6182430982589722,0.47511619329452515
3773656,,,,,,,,elite,,5,542,TF-Hybrid,1,0,0.2055482566356659,0.47511619329452515
3773547,,,,,,,,elite,,5,542,TF-Hybrid,1,1,0.8658083081245422,0.47511619329452515
3773660,,,,,,,,elite,,5,542,TF-Hybrid,1,1,0.7989889979362488,0.47511619329452515
3773523,,,,,,,,elite,,5,542,TF-Hybrid,1,1,0.884508490562439,0.47511619329452515
3773377,,,,,,,,elite,,5,542,TF-Hybrid,0,1,0.830592155456543,0.47511619329452515
3773571,,,,,,,,elite,,5,542,TF-Hybrid,0,0,0.13957540690898895,0.47511619329452515
3764661,,,,,,,,elite,,5,542,TF-Hybrid,0,0,0.098604716360569,0.47511619329452515
3773565,,,,,,,,elite,,5,542,TF-Hybrid,0,0,0.04750622436404228,0.47511619329452515
3773403,,,,,,,,elite,,5,542,TF-Hybrid,1,1,0.7649658918380737,0.47511619329452515
3773631,,,,,,,,elite,,5,542,TF-Hybrid,0,0,0.15436553955078125,0.47511619329452515
3773526,,,,,,,,elite,,5,542,TF-Hybrid,1,1,0.90092933177948,0.47511619329452515
3764440,,,,,,,,elite,,5,542,TF-Hybrid,1,1,0.8938765525817871,0.47511619329452515
3773625,,,,,,,,elite,,5,542,TF-Hybrid,0,0,0.10445071011781693,0.47511619329452515
3773665,,,,,,,,elite,,5,542,TF-Hybrid,0,0,0.09679892659187317,0.47511619329452515
3773597,,,,,,,,elite,,5,542,TF-Hybrid,0,0,0.2560669779777527,0.47511619329452515
3773474,,,,,,,,elite,,5,542,TF-Hybrid,1,1,0.9340298771858215,0.47511619329452515
3773497,,,,,,,,elite,,5,542,TF-Hybrid,1,0,0.3628482520580292,0.47511619329452515
3773661,,,,,,,,elite,,5,542,TF-Hybrid,1,1,0.9011818766593933,0.47511619329452515
3773689,,,,,,,,elite,,5,542,TF-Hybrid,0,0,0.20824986696243286,0.47511619329452515
3773586,,,,,,,,elite,,5,542,TF-Hybrid,0,1,0.7255167365074158,0.47511619329452515
3773695,,,,,,,,elite,,5,542,TF-Hybrid,0,0,0.3050248920917511,0.47511619329452515
3773372,,,,,,,,elite,,5,542,TF-Hybrid,0,1,0.5910671949386597,0.47511619329452515
3773387,,,,,,,,elite,,5,542,TF-Hybrid,0,0,0.12886309623718262,0.47511619329452515
3773457,,,,,,,,elite,,5,542,TF-Hybrid,0,1,0.6614030599594116,0.47511619329452515
