match_id,date,competition_id,competition_name,season_id,season_name,home_team,away_team
3888704,1958-06-24,43,FIFA World Cup,269,1958,Brazil,France
3888705,1958-06-29,43,FIFA World Cup,269,1958,Brazil,Sweden
3888854,1962-05-30,43,FIFA World Cup,270,1962,Brazil,Mexico
3888699,1970-06-03,43,FIFA World Cup,272,1970,Brazil,Czechoslovakia
3888700,1970-06-07,43,FIFA World Cup,272,1970,Brazil,England
3889217,1970-06-09,43,FIFA World Cup,272,1970,Brazil,Romania
3889218,1970-06-14,43,FIFA World Cup,272,1970,Brazil,Peru
3888701,1970-06-17,43,FIFA World Cup,272,1970,Brazil,Uruguay
3888702,1970-06-21,43,FIFA World Cup,272,1970,Brazil,Italy
3888711,1971-06-02,16,Champions League,276,1970/1971,Ajax,Panathinaikos
3750235,1972-05-31,16,Champions League,71,1971/1972,Ajax,Inter Milan
3888706,1973-05-30,16,Champions League,277,1972/1973,Ajax,Juventus
3888713,1974-02-17,11,La Liga,278,1973/1974,Real Madrid,Barcelona
3888716,1974-06-19,43,FIFA World Cup,51,1974,Netherlands,Sweden
3750180,1974-06-22,43,FIFA World Cup,51,1974,German DR,Germany
3888717,1974-06-26,43,FIFA World Cup,51,1974,Netherlands,Argentina
3888718,1974-06-30,43,FIFA World Cup,51,1974,German DR,Netherlands
3888719,1974-07-03,43,FIFA World Cup,51,1974,Netherlands,Brazil
3888720,1974-07-07,43,FIFA World Cup,51,1974,Netherlands,Germany
3750234,1977-08-28,116,North American League,68,1977,NY Cosmos,Seattle Sounders
3888754,1978-04-19,87,Copa del Rey,279,1977/1978,Barcelona,Las Palmas
3888787,1979-09-07,1470,FIFA U20 World Cup,274,1979,Argentina U20,Soviet Union U20
3889082,1981-04-10,81,Liga Profesional,275,1981,Boca Juniors,River Plate
3888721,1983-06-04,87,Copa del Rey,268,1982/1983,Barcelona,Real Madrid
3750248,1984-05-05,87,Copa del Rey,84,1983/1984,Athletic Club,Barcelona
3750191,1986-06-22,43,FIFA World Cup,54,1986,Argentina,England
3889148,1986-06-25,43,FIFA World Cup,54,1986,Argentina,Belgium
3889149,1986-06-29,43,FIFA World Cup,54,1986,Argentina,Germany
3889182,1986-11-09,12,Serie A,86,1986/1987,Juventus,Napoli
3750245,1989-03-15,35,UEFA Europa League,75,1988/1989,Napoli,Juventus W
3750244,1989-04-05,35,UEFA Europa League,75,1988/1989,Napoli,Bayern Munich
3887188,1989-05-03,35,UEFA Europa League,75,1988/1989,Napoli,VfB Stuttgart
3793185,1990-06-24,43,FIFA World Cup,55,1990,Brazil,Argentina
3889115,1997-10-25,81,Liga Profesional,48,1997/1998,River Plate,Boca Juniors
3750240,1999-11-23,16,Champions League,76,1999/2000,Fiorentina,Manchester United
3749493,2003-08-16,2,Premier League,44,2003/2004,Arsenal,Everton
3749358,2003-08-24,2,Premier League,44,2003/2004,Middlesbrough,Arsenal
3749108,2003-08-27,2,Premier League,44,2003/2004,Arsenal,Aston Villa
3749454,2003-08-31,2,Premier League,44,2003/2004,Manchester City,Arsenal
3749296,2003-09-13,2,Premier League,44,2003/2004,Arsenal,Portsmouth
3749552,2003-09-21,2,Premier League,44,2003/2004,Manchester United,Arsenal
3749528,2003-09-26,2,Premier League,44,2003/2004,Arsenal,Newcastle United
3749253,2003-10-04,2,Premier League,44,2003/2004,Liverpool,Arsenal
3749079,2003-10-18,2,Premier League,44,2003/2004,Arsenal,Chelsea
3749526,2003-10-26,2,Premier League,44,2003/2004,Charlton Athletic,Arsenal
3749346,2003-11-01,2,Premier League,44,2003/2004,Leeds United,Arsenal
3749196,2003-11-08,2,Premier League,44,2003/2004,Arsenal,Tottenham Hotspur
3749434,2003-11-22,2,Premier League,44,2003/2004,Birmingham City,Arsenal
3749192,2003-11-30,2,Premier League,44,2003/2004,Arsenal,Fulham
3749590,2003-12-06,2,Premier League,44,2003/2004,Leicester City,Arsenal
3749360,2003-12-14,2,Premier League,44,2003/2004,Arsenal,Blackburn Rovers
3749278,2003-12-20,2,Premier League,44,2003/2004,Bolton Wanderers,Arsenal
3749522,2003-12-26,2,Premier League,44,2003/2004,Arsenal,Wolverhampton Wanderers
3749310,2003-12-29,2,Premier League,44,2003/2004,Southampton,Arsenal
3749117,2004-01-07,2,Premier League,44,2003/2004,Everton,Arsenal
3749153,2004-01-10,2,Premier League,44,2003/2004,Arsenal,Middlesbrough
3749133,2004-01-18,2,Premier League,44,2003/2004,Aston Villa,Arsenal
3749233,2004-02-01,2,Premier League,44,2003/2004,Arsenal,Manchester City
3749052,2004-02-07,2,Premier League,44,2003/2004,Wolverhampton Wanderers,Arsenal
3749631,2004-02-10,2,Premier League,44,2003/2004,Arsenal,Southampton
3749276,2004-02-21,2,Premier League,44,2003/2004,Chelsea,Arsenal
3749642,2004-02-28,2,Premier League,44,2003/2004,Arsenal,Charlton Athletic
3749465,2004-03-13,2,Premier League,44,2003/2004,Blackburn Rovers,Arsenal
3749403,2004-03-20,2,Premier League,44,2003/2004,Arsenal,Bolton Wanderers
3749246,2004-03-28,2,Premier League,44,2003/2004,Arsenal,Manchester United
3749448,2004-04-09,2,Premier League,44,2003/2004,Arsenal,Liverpool
3749431,2004-04-11,2,Premier League,44,2003/2004,Newcastle United,Arsenal
3749453,2004-04-16,2,Premier League,44,2003/2004,Arsenal,Leeds United
3749068,2004-04-25,2,Premier League,44,2003/2004,Tottenham Hotspur,Arsenal
3749462,2004-05-01,2,Premier League,44,2003/2004,Arsenal,Birmingham City
3749274,2004-05-04,2,Premier League,44,2003/2004,Portsmouth,Arsenal
3749603,2004-05-09,2,Premier League,44,2003/2004,Fulham,Arsenal
3749257,2004-05-15,2,Premier League,44,2003/2004,Arsenal,Leicester City
3752619,2004-05-26,16,Champions League,44,2003/2004,AS Monaco,FC Porto
68353,2004-10-16,11,La Liga,37,2004/2005,Espanyol,Barcelona
68313,2004-10-24,11,La Liga,37,2004/2005,Barcelona,Osasuna
68314,2004-12-04,11,La Liga,37,2004/2005,Barcelona,Málaga
69153,2004-12-11,11,La Liga,37,2004/2005,Albacete,Barcelona
68315,2004-12-21,11,La Liga,37,2004/2005,Barcelona,Levante UD
68352,2005-04-17,11,La Liga,37,2004/2005,Barcelona,Getafe
68316,2005-05-01,11,La Liga,37,2004/2005,Barcelona,Albacete
2302764,2005-05-25,16,Champions League,37,2004/2005,AC Milan,Liverpool
68317,2005-10-01,11,La Liga,38,2005/2006,Barcelona,Real Zaragoza
68318,2005-10-22,11,La Liga,38,2005/2006,Barcelona,Osasuna
69164,2005-10-26,11,La Liga,38,2005/2006,Barcelona,Málaga
68339,2005-11-06,11,La Liga,38,2005/2006,Getafe,Barcelona
68319,2005-11-19,11,La Liga,38,2005/2006,Real Madrid,Barcelona
68354,2005-11-27,11,La Liga,38,2005/2006,Barcelona,Racing Santander
68320,2005-12-04,11,La Liga,38,2005/2006,Villarreal,Barcelona
68321,2005-12-11,11,La Liga,38,2005/2006,Barcelona,Sevilla
68322,2005-12-17,11,La Liga,38,2005/2006,Cádiz,Barcelona
68323,2005-12-20,11,La Liga,38,2005/2006,Barcelona,Celta Vigo
68348,2006-01-07,11,La Liga,38,2005/2006,Espanyol,Barcelona
68342,2006-01-15,11,La Liga,38,2005/2006,Barcelona,Athletic Club
68324,2006-01-22,11,La Liga,38,2005/2006,Barcelona,Deportivo Alavés
68325,2006-01-29,11,La Liga,38,2005/2006,Mallorca,Barcelona
68350,2006-02-05,11,La Liga,38,2005/2006,Barcelona,Atlético Madrid
69172,2006-02-18,11,La Liga,38,2005/2006,Barcelona,Real Betis
68351,2006-02-25,11,La Liga,38,2005/2006,Real Zaragoza,Barcelona
68326,2006-08-28,11,La Liga,39,2006/2007,Celta Vigo,Barcelona
68327,2006-09-09,11,La Liga,39,2006/2007,Barcelona,Osasuna
68340,2006-09-17,11,La Liga,39,2006/2007,Racing Santander,Barcelona
68328,2006-09-24,11,La Liga,39,2006/2007,Barcelona,Valencia
68347,2006-09-30,11,La Liga,39,2006/2007,Athletic Club,Barcelona
68329,2006-10-15,11,La Liga,39,2006/2007,Barcelona,Sevilla
68330,2006-10-22,11,La Liga,39,2006/2007,Real Madrid,Barcelona
69174,2006-11-04,11,La Liga,39,2006/2007,RC Deportivo La Coruña,Barcelona
68331,2006-11-12,11,La Liga,39,2006/2007,Barcelona,Real Zaragoza
69154,2007-02-11,11,La Liga,39,2006/2007,Barcelona,Racing Santander
68332,2007-02-18,11,La Liga,39,2006/2007,Valencia,Barcelona
68333,2007-02-25,11,La Liga,39,2006/2007,Barcelona,Athletic Club
68334,2007-03-03,11,La Liga,39,2006/2007,Sevilla,Barcelona
68335,2007-03-10,11,La Liga,39,2006/2007,Barcelona,Real Madrid
68341,2007-03-17,11,La Liga,39,2006/2007,Recreativo Huelva,Barcelona
69175,2007-03-31,11,La Liga,39,2006/2007,Barcelona,RC Deportivo La Coruña
69179,2007-04-07,11,La Liga,39,2006/2007,Real Zaragoza,Barcelona
69159,2007-04-15,11,La Liga,39,2006/2007,Barcelona,Mallorca
69155,2007-04-22,11,La Liga,39,2006/2007,Villarreal,Barcelona
69156,2007-04-29,11,La Liga,39,2006/2007,Barcelona,Levante UD
69160,2007-05-05,11,La Liga,39,2006/2007,Real Sociedad,Barcelona
69162,2007-05-13,11,La Liga,39,2006/2007,Barcelona,Real Betis
69176,2007-05-20,11,La Liga,39,2006/2007,Atlético Madrid,Barcelona
3750200,2007-05-23,16,Champions League,39,2006/2007,AC Milan,Liverpool
69157,2007-05-26,11,La Liga,39,2006/2007,Barcelona,Getafe
69165,2007-06-09,11,La Liga,39,2006/2007,Barcelona,Espanyol
68336,2007-06-17,11,La Liga,39,2006/2007,Gimnàstic Tarragona,Barcelona
69180,2007-08-26,11,La Liga,40,2007/2008,Racing Santander,Barcelona
69169,2007-09-02,11,La Liga,40,2007/2008,Barcelona,Athletic Club
69148,2007-09-22,11,La Liga,40,2007/2008,Barcelona,Sevilla
69151,2007-09-29,11,La Liga,40,2007/2008,Levante UD,Barcelona
69144,2007-10-07,11,La Liga,40,2007/2008,Barcelona,Atlético Madrid
68364,2007-10-20,11,La Liga,40,2007/2008,Villarreal,Barcelona
69158,2007-10-28,11,La Liga,40,2007/2008,Barcelona,Almería
68363,2007-11-01,11,La Liga,40,2007/2008,Real Valladolid,Barcelona
69166,2007-11-04,11,La Liga,40,2007/2008,Barcelona,Real Betis
69178,2007-11-10,11,La Liga,40,2007/2008,Getafe,Barcelona
69184,2007-11-24,11,La Liga,40,2007/2008,Barcelona,Recreativo Huelva
68356,2007-12-01,11,La Liga,40,2007/2008,Espanyol,Barcelona
69170,2007-12-09,11,La Liga,40,2007/2008,Barcelona,RC Deportivo La Coruña
69145,2007-12-15,11,La Liga,40,2007/2008,Valencia,Barcelona
69173,2008-01-20,11,La Liga,40,2007/2008,Barcelona,Racing Santander
69181,2008-01-27,11,La Liga,40,2007/2008,Athletic Club,Barcelona
69187,2008-02-03,11,La Liga,40,2007/2008,Barcelona,Osasuna
69146,2008-02-09,11,La Liga,40,2007/2008,Sevilla,Barcelona
69182,2008-02-16,11,La Liga,40,2007/2008,Real Zaragoza,Barcelona
68360,2008-02-24,11,La Liga,40,2007/2008,Barcelona,Levante UD
68365,2008-03-01,11,La Liga,40,2007/2008,Atlético Madrid,Barcelona
68358,2008-04-12,11,La Liga,40,2007/2008,Recreativo Huelva,Barcelona
68359,2008-04-19,11,La Liga,40,2007/2008,Barcelona,Espanyol
69141,2008-05-04,11,La Liga,40,2007/2008,Barcelona,Valencia
68361,2008-05-07,11,La Liga,40,2007/2008,Real Madrid,Barcelona
68366,2008-05-11,11,La Liga,40,2007/2008,Barcelona,Mallorca
69186,2008-05-17,11,La Liga,40,2007/2008,Real Murcia CF,Barcelona
69147,2008-08-31,11,La Liga,41,2008/2009,CD Numancia de Soria,Barcelona
69215,2008-09-13,11,La Liga,41,2008/2009,Barcelona,Racing Santander
69138,2008-09-21,11,La Liga,41,2008/2009,Sporting Gijón,Barcelona
69207,2008-09-24,11,La Liga,41,2008/2009,Barcelona,Real Betis
69211,2008-09-27,11,La Liga,41,2008/2009,Espanyol,Barcelona
69212,2008-10-04,11,La Liga,41,2008/2009,Barcelona,Atlético Madrid
69232,2008-10-25,11,La Liga,41,2008/2009,Barcelona,Almería
69235,2008-11-01,11,La Liga,41,2008/2009,Málaga,Barcelona
69279,2008-11-08,11,La Liga,41,2008/2009,Barcelona,Real Valladolid
69285,2008-11-16,11,La Liga,41,2008/2009,Recreativo Huelva,Barcelona
69171,2008-11-29,11,La Liga,41,2008/2009,Sevilla,Barcelona
69149,2008-12-06,11,La Liga,41,2008/2009,Barcelona,Valencia
69225,2008-12-13,11,La Liga,41,2008/2009,Barcelona,Real Madrid
69228,2008-12-21,11,La Liga,41,2008/2009,Villarreal,Barcelona
69230,2009-01-11,11,La Liga,41,2008/2009,Osasuna,Barcelona
69183,2009-01-17,11,La Liga,41,2008/2009,Barcelona,RC Deportivo La Coruña
69189,2009-01-24,11,La Liga,41,2008/2009,Barcelona,CD Numancia de Soria
69209,2009-02-01,11,La Liga,41,2008/2009,Racing Santander,Barcelona
69231,2009-02-08,11,La Liga,41,2008/2009,Barcelona,Sporting Gijón
69195,2009-02-14,11,La Liga,41,2008/2009,Real Betis,Barcelona
69139,2009-02-21,11,La Liga,41,2008/2009,Barcelona,Espanyol
69185,2009-03-01,11,La Liga,41,2008/2009,Atlético Madrid,Barcelona
69216,2009-03-07,11,La Liga,41,2008/2009,Barcelona,Athletic Club
69177,2009-03-15,11,La Liga,41,2008/2009,Almería,Barcelona
69142,2009-03-22,11,La Liga,41,2008/2009,Barcelona,Málaga
69273,2009-04-04,11,La Liga,41,2008/2009,Real Valladolid,Barcelona
69222,2009-04-11,11,La Liga,41,2008/2009,Barcelona,Recreativo Huelva
69223,2009-04-18,11,La Liga,41,2008/2009,Getafe,Barcelona
69251,2009-04-25,11,La Liga,41,2008/2009,Valencia,Barcelona
69249,2009-05-02,11,La Liga,41,2008/2009,Real Madrid,Barcelona
69217,2009-05-10,11,La Liga,41,2008/2009,Barcelona,Villarreal
3750201,2009-05-27,16,Champions League,41,2008/2009,Barcelona,Manchester United
69229,2009-09-12,11,La Liga,21,2009/2010,Getafe,Barcelona
69292,2009-09-19,11,La Liga,21,2009/2010,Barcelona,Atlético Madrid
69254,2009-09-22,11,La Liga,21,2009/2010,Racing Santander,Barcelona
69255,2009-09-26,11,La Liga,21,2009/2010,Málaga,Barcelona
69256,2009-10-03,11,La Liga,21,2009/2010,Barcelona,Almería
69252,2009-10-17,11,La Liga,21,2009/2010,Valencia,Barcelona
69253,2009-10-25,11,La Liga,21,2009/2010,Barcelona,Real Zaragoza
69277,2009-10-31,11,La Liga,21,2009/2010,Osasuna,Barcelona
69250,2009-11-07,11,La Liga,21,2009/2010,Barcelona,Mallorca
69288,2009-11-21,11,La Liga,21,2009/2010,Athletic Club,Barcelona
69262,2009-11-29,11,La Liga,21,2009/2010,Barcelona,Real Madrid
69267,2009-12-02,11,La Liga,21,2009/2010,Xerez,Barcelona
69218,2009-12-05,11,La Liga,21,2009/2010,RC Deportivo La Coruña,Barcelona
69219,2010-01-10,11,La Liga,21,2009/2010,Tenerife,Barcelona
69243,2010-01-16,11,La Liga,21,2009/2010,Barcelona,Sevilla
69210,2010-01-23,11,La Liga,21,2009/2010,Real Valladolid,Barcelona
69220,2010-01-30,11,La Liga,21,2009/2010,Sporting Gijón,Barcelona
69240,2010-02-06,11,La Liga,21,2009/2010,Barcelona,Getafe
69237,2010-02-14,11,La Liga,21,2009/2010,Atlético Madrid,Barcelona
69233,2010-02-20,11,La Liga,21,2009/2010,Barcelona,Racing Santander
69238,2010-02-27,11,La Liga,21,2009/2010,Barcelona,Málaga
69226,2010-03-06,11,La Liga,21,2009/2010,Almería,Barcelona
69224,2010-03-14,11,La Liga,21,2009/2010,Barcelona,Valencia
69227,2010-03-21,11,La Liga,21,2009/2010,Real Zaragoza,Barcelona
69257,2010-03-24,11,La Liga,21,2009/2010,Barcelona,Osasuna
69298,2010-03-27,11,La Liga,21,2009/2010,Mallorca,Barcelona
69247,2010-04-03,11,La Liga,21,2009/2010,Barcelona,Athletic Club
69259,2010-04-10,11,La Liga,21,2009/2010,Real Madrid,Barcelona
69221,2010-04-14,11,La Liga,21,2009/2010,Barcelona,RC Deportivo La Coruña
69213,2010-04-17,11,La Liga,21,2009/2010,Espanyol,Barcelona
69214,2010-04-24,11,La Liga,21,2009/2010,Barcelona,Xerez
69244,2010-05-01,11,La Liga,21,2009/2010,Villarreal,Barcelona
69241,2010-05-04,11,La Liga,21,2009/2010,Barcelona,Tenerife
69239,2010-05-08,11,La Liga,21,2009/2010,Sevilla,Barcelona
69242,2010-05-16,11,La Liga,21,2009/2010,Barcelona,Real Valladolid
18235,2010-05-22,16,Champions League,21,2009/2010,Bayern Munich,Inter Milan
69286,2010-08-29,11,La Liga,22,2010/2011,Racing Santander,Barcelona
69287,2010-09-11,11,La Liga,22,2010/2011,Barcelona,Hércules
69269,2010-09-19,11,La Liga,22,2010/2011,Atlético Madrid,Barcelona
69236,2010-10-03,11,La Liga,22,2010/2011,Barcelona,Mallorca
69260,2010-10-16,11,La Liga,22,2010/2011,Barcelona,Valencia
69263,2010-10-23,11,La Liga,22,2010/2011,Real Zaragoza,Barcelona
69289,2010-10-30,11,La Liga,22,2010/2011,Barcelona,Sevilla
69270,2010-11-07,11,La Liga,22,2010/2011,Getafe,Barcelona
69308,2010-11-13,11,La Liga,22,2010/2011,Barcelona,Villarreal
69306,2010-11-20,11,La Liga,22,2010/2011,Almería,Barcelona
69299,2010-11-29,11,La Liga,22,2010/2011,Barcelona,Real Madrid
69307,2010-12-04,11,La Liga,22,2010/2011,Osasuna,Barcelona
69302,2010-12-12,11,La Liga,22,2010/2011,Barcelona,Real Sociedad
69275,2010-12-18,11,La Liga,22,2010/2011,Espanyol,Barcelona
69280,2011-01-08,11,La Liga,22,2010/2011,RC Deportivo La Coruña,Barcelona
69278,2011-01-16,11,La Liga,22,2010/2011,Barcelona,Málaga
69295,2011-01-22,11,La Liga,22,2010/2011,Barcelona,Racing Santander
69296,2011-01-29,11,La Liga,22,2010/2011,Hércules,Barcelona
69276,2011-02-05,11,La Liga,22,2010/2011,Barcelona,Atlético Madrid
69248,2011-02-12,11,La Liga,22,2010/2011,Sporting Gijón,Barcelona
69282,2011-02-20,11,La Liga,22,2010/2011,Barcelona,Athletic Club
69283,2011-02-26,11,La Liga,22,2010/2011,Mallorca,Barcelona
69274,2011-03-02,11,La Liga,22,2010/2011,Valencia,Barcelona
69300,2011-03-05,11,La Liga,22,2010/2011,Barcelona,Real Zaragoza
69291,2011-03-13,11,La Liga,22,2010/2011,Sevilla,Barcelona
69303,2011-03-19,11,La Liga,22,2010/2011,Barcelona,Getafe
69304,2011-04-02,11,La Liga,22,2010/2011,Villarreal,Barcelona
69305,2011-04-09,11,La Liga,22,2010/2011,Barcelona,Almería
69245,2011-04-16,11,La Liga,22,2010/2011,Real Madrid,Barcelona
69271,2011-04-23,11,La Liga,22,2010/2011,Barcelona,Osasuna
69246,2011-04-30,11,La Liga,22,2010/2011,Real Sociedad,Barcelona
69234,2011-05-08,11,La Liga,22,2010/2011,Barcelona,Espanyol
69272,2011-05-11,11,La Liga,22,2010/2011,Levante UD,Barcelona
18236,2011-05-28,16,Champions League,22,2010/2011,Barcelona,Manchester United
69268,2011-08-29,11,La Liga,23,2011/2012,Barcelona,Villarreal
69264,2011-09-10,11,La Liga,23,2011/2012,Real Sociedad,Barcelona
70220,2011-09-17,11,La Liga,23,2011/2012,Barcelona,Osasuna
70223,2011-09-21,11,La Liga,23,2011/2012,Valencia,Barcelona
69297,2011-09-24,11,La Liga,23,2011/2012,Barcelona,Atlético Madrid
69265,2011-10-02,11,La Liga,23,2011/2012,Sporting Gijón,Barcelona
69293,2011-10-15,11,La Liga,23,2011/2012,Barcelona,Racing Santander
69329,2011-10-22,11,La Liga,23,2011/2012,Barcelona,Sevilla
69318,2011-10-25,11,La Liga,23,2011/2012,Granada,Barcelona
69314,2011-10-29,11,La Liga,23,2011/2012,Barcelona,Mallorca
69330,2011-11-06,11,La Liga,23,2011/2012,Athletic Club,Barcelona
69331,2011-11-19,11,La Liga,23,2011/2012,Barcelona,Real Zaragoza
69315,2011-11-26,11,La Liga,23,2011/2012,Getafe,Barcelona
69332,2011-11-29,11,La Liga,23,2011/2012,Barcelona,Rayo Vallecano
69333,2011-12-03,11,La Liga,23,2011/2012,Barcelona,Levante UD
69334,2011-12-10,11,La Liga,23,2011/2012,Real Madrid,Barcelona
69312,2012-01-08,11,La Liga,23,2011/2012,Espanyol,Barcelona
69327,2012-01-15,11,La Liga,23,2011/2012,Barcelona,Real Betis
69335,2012-01-22,11,La Liga,23,2011/2012,Málaga,Barcelona
69338,2012-01-28,11,La Liga,23,2011/2012,Villarreal,Barcelona
69316,2012-02-04,11,La Liga,23,2011/2012,Barcelona,Real Sociedad
69336,2012-02-11,11,La Liga,23,2011/2012,Osasuna,Barcelona
69328,2012-02-19,11,La Liga,23,2011/2012,Barcelona,Valencia
69337,2012-02-26,11,La Liga,23,2011/2012,Atlético Madrid,Barcelona
69322,2012-03-11,11,La Liga,23,2011/2012,Racing Santander,Barcelona
69326,2012-03-17,11,La Liga,23,2011/2012,Sevilla,Barcelona
70225,2012-03-20,11,La Liga,23,2011/2012,Barcelona,Granada
69325,2012-03-24,11,La Liga,23,2011/2012,Mallorca,Barcelona
69323,2012-03-31,11,La Liga,23,2011/2012,Barcelona,Athletic Club
70219,2012-04-07,11,La Liga,23,2011/2012,Real Zaragoza,Barcelona
69343,2012-04-10,11,La Liga,23,2011/2012,Barcelona,Getafe
70221,2012-04-14,11,La Liga,23,2011/2012,Levante UD,Barcelona
69324,2012-04-21,11,La Liga,23,2011/2012,Barcelona,Real Madrid
70224,2012-04-29,11,La Liga,23,2011/2012,Rayo Vallecano,Barcelona
69340,2012-05-02,11,La Liga,23,2011/2012,Barcelona,Málaga
69320,2012-05-05,11,La Liga,23,2011/2012,Barcelona,Espanyol
69319,2012-05-12,11,La Liga,23,2011/2012,Real Betis,Barcelona
18237,2012-05-19,16,Champions League,23,2011/2012,Bayern Munich,Chelsea
70259,2012-08-19,11,La Liga,24,2012/2013,Barcelona,Real Sociedad
70262,2012-08-26,11,La Liga,24,2012/2013,Osasuna,Barcelona
70286,2012-09-02,11,La Liga,24,2012/2013,Barcelona,Valencia
70292,2012-09-15,11,La Liga,24,2012/2013,Getafe,Barcelona
70270,2012-09-22,11,La Liga,24,2012/2013,Barcelona,Granada
70275,2012-09-29,11,La Liga,24,2012/2013,Sevilla,Barcelona
70300,2012-10-07,11,La Liga,24,2012/2013,Barcelona,Real Madrid
70304,2012-10-20,11,La Liga,24,2012/2013,RC Deportivo La Coruña,Barcelona
70276,2012-10-27,11,La Liga,24,2012/2013,Rayo Vallecano,Barcelona
70308,2012-11-03,11,La Liga,24,2012/2013,Barcelona,Celta Vigo
266724,2012-11-11,11,La Liga,24,2012/2013,Mallorca,Barcelona
70309,2012-11-17,11,La Liga,24,2012/2013,Barcelona,Real Zaragoza
70280,2012-11-25,11,La Liga,24,2012/2013,Levante UD,Barcelona
70263,2012-12-01,11,La Liga,24,2012/2013,Barcelona,Athletic Club
70295,2012-12-09,11,La Liga,24,2012/2013,Real Betis,Barcelona
70296,2012-12-16,11,La Liga,24,2012/2013,Barcelona,Atlético Madrid
266015,2012-12-22,11,La Liga,24,2012/2013,Real Valladolid,Barcelona
266433,2013-01-06,11,La Liga,24,2012/2013,Barcelona,Espanyol
266827,2013-01-13,11,La Liga,24,2012/2013,Málaga,Barcelona
70287,2013-01-19,11,La Liga,24,2012/2013,Real Sociedad,Barcelona
70260,2013-01-27,11,La Liga,24,2012/2013,Barcelona,Osasuna
70282,2013-02-03,11,La Liga,24,2012/2013,Valencia,Barcelona
70297,2013-02-10,11,La Liga,24,2012/2013,Barcelona,Getafe
70294,2013-02-16,11,La Liga,24,2012/2013,Granada,Barcelona
70271,2013-02-23,11,La Liga,24,2012/2013,Barcelona,Sevilla
70272,2013-03-02,11,La Liga,24,2012/2013,Real Madrid,Barcelona
70305,2013-03-09,11,La Liga,24,2012/2013,Barcelona,RC Deportivo La Coruña
70307,2013-03-17,11,La Liga,24,2012/2013,Barcelona,Rayo Vallecano
70256,2013-03-30,11,La Liga,24,2012/2013,Celta Vigo,Barcelona
267502,2013-04-27,11,La Liga,24,2012/2013,Athletic Club,Barcelona
70281,2013-05-05,11,La Liga,24,2012/2013,Barcelona,Real Betis
70284,2013-05-12,11,La Liga,24,2012/2013,Atlético Madrid,Barcelona
18240,2013-05-25,16,Champions League,24,2012/2013,Borussia Dortmund,Bayern Munich
70277,2013-08-18,11,La Liga,25,2013/2014,Barcelona,Levante UD
70298,2013-09-01,11,La Liga,25,2013/2014,Valencia,Barcelona
70301,2013-09-14,11,La Liga,25,2013/2014,Barcelona,Sevilla
70302,2013-09-21,11,La Liga,25,2013/2014,Rayo Vallecano,Barcelona
267520,2013-09-24,11,La Liga,25,2013/2014,Barcelona,Real Sociedad
266420,2013-09-28,11,La Liga,25,2013/2014,Almería,Barcelona
266462,2013-10-19,11,La Liga,25,2013/2014,Osasuna,Barcelona
70293,2013-10-26,11,La Liga,25,2013/2014,Barcelona,Real Madrid
267192,2013-10-29,11,La Liga,25,2013/2014,Celta Vigo,Barcelona
70283,2013-11-01,11,La Liga,25,2013/2014,Barcelona,Espanyol
266883,2013-11-10,11,La Liga,25,2013/2014,Real Betis,Barcelona
265830,2014-01-11,11,La Liga,25,2013/2014,Atlético Madrid,Barcelona
70288,2014-01-19,11,La Liga,25,2013/2014,Levante UD,Barcelona
70291,2014-01-26,11,La Liga,25,2013/2014,Barcelona,Málaga
266613,2014-02-01,11,La Liga,25,2013/2014,Barcelona,Valencia
267675,2014-02-09,11,La Liga,25,2013/2014,Sevilla,Barcelona
265918,2014-02-15,11,La Liga,25,2013/2014,Barcelona,Rayo Vallecano
265837,2014-02-22,11,La Liga,25,2013/2014,Real Sociedad,Barcelona
266066,2014-03-02,11,La Liga,25,2013/2014,Barcelona,Almería
266603,2014-03-08,11,La Liga,25,2013/2014,Real Valladolid,Barcelona
266074,2014-03-16,11,La Liga,25,2013/2014,Barcelona,Osasuna
265857,2014-03-23,11,La Liga,25,2013/2014,Real Madrid,Barcelona
266274,2014-03-26,11,La Liga,25,2013/2014,Barcelona,Celta Vigo
70306,2014-03-29,11,La Liga,25,2013/2014,Espanyol,Barcelona
267368,2014-04-05,11,La Liga,25,2013/2014,Barcelona,Real Betis
267138,2014-04-12,11,La Liga,25,2013/2014,Granada,Barcelona
267567,2014-04-20,11,La Liga,25,2013/2014,Barcelona,Athletic Club
70289,2014-04-27,11,La Liga,25,2013/2014,Villarreal,Barcelona
266491,2014-05-03,11,La Liga,25,2013/2014,Barcelona,Getafe
266201,2014-05-11,11,La Liga,25,2013/2014,Elche,Barcelona
266256,2014-05-17,11,La Liga,25,2013/2014,Barcelona,Atlético Madrid
18241,2014-05-24,16,Champions League,25,2013/2014,Real Madrid,Atlético Madrid
266921,2014-08-24,11,La Liga,26,2014/2015,Barcelona,Elche
266406,2014-08-31,11,La Liga,26,2014/2015,Villarreal,Barcelona
70273,2014-09-13,11,La Liga,26,2014/2015,Barcelona,Athletic Club
266770,2014-09-21,11,La Liga,26,2014/2015,Levante UD,Barcelona
266838,2014-09-24,11,La Liga,26,2014/2015,Málaga,Barcelona
266117,2014-09-27,11,La Liga,26,2014/2015,Barcelona,Granada
267561,2014-10-04,11,La Liga,26,2014/2015,Rayo Vallecano,Barcelona
265896,2014-10-18,11,La Liga,26,2014/2015,Barcelona,Eibar
267085,2014-10-25,11,La Liga,26,2014/2015,Real Madrid,Barcelona
267301,2014-11-01,11,La Liga,26,2014/2015,Barcelona,Celta Vigo
267499,2014-11-08,11,La Liga,26,2014/2015,Almería,Barcelona
265835,2014-11-22,11,La Liga,26,2014/2015,Barcelona,Sevilla
266560,2014-11-30,11,La Liga,26,2014/2015,Valencia,Barcelona
266320,2014-12-07,11,La Liga,26,2014/2015,Barcelona,Espanyol
70264,2014-12-13,11,La Liga,26,2014/2015,Getafe,Barcelona
266846,2014-12-20,11,La Liga,26,2014/2015,Barcelona,Córdoba CF
266240,2015-01-04,11,La Liga,26,2014/2015,Real Sociedad,Barcelona
70303,2015-01-11,11,La Liga,26,2014/2015,Barcelona,Atlético Madrid
266230,2015-01-18,11,La Liga,26,2014/2015,RC Deportivo La Coruña,Barcelona
266794,2015-01-24,11,La Liga,26,2014/2015,Elche,Barcelona
267597,2015-02-01,11,La Liga,26,2014/2015,Barcelona,Villarreal
266871,2015-02-08,11,La Liga,26,2014/2015,Athletic Club,Barcelona
266741,2015-02-15,11,La Liga,26,2014/2015,Barcelona,Levante UD
266148,2015-02-21,11,La Liga,26,2014/2015,Barcelona,Málaga
267343,2015-02-28,11,La Liga,26,2014/2015,Granada,Barcelona
266916,2015-03-08,11,La Liga,26,2014/2015,Barcelona,Rayo Vallecano
266967,2015-03-14,11,La Liga,26,2014/2015,Eibar,Barcelona
267183,2015-03-22,11,La Liga,26,2014/2015,Barcelona,Real Madrid
266929,2015-04-05,11,La Liga,26,2014/2015,Celta Vigo,Barcelona
267400,2015-04-08,11,La Liga,26,2014/2015,Barcelona,Almería
266142,2015-04-11,11,La Liga,26,2014/2015,Sevilla,Barcelona
266525,2015-04-18,11,La Liga,26,2014/2015,Barcelona,Valencia
266531,2015-04-25,11,La Liga,26,2014/2015,Espanyol,Barcelona
265963,2015-04-28,11,La Liga,26,2014/2015,Barcelona,Getafe
265866,2015-05-02,11,La Liga,26,2014/2015,Córdoba CF,Barcelona
266045,2015-05-09,11,La Liga,26,2014/2015,Barcelona,Real Sociedad
266631,2015-05-17,11,La Liga,26,2014/2015,Atlético Madrid,Barcelona
267197,2015-05-23,11,La Liga,26,2014/2015,Barcelona,RC Deportivo La Coruña
18242,2015-06-06,16,Champions League,26,2014/2015,Juventus,Barcelona
3829413,2015-08-07,7,Ligue 1,27,2015/2016,Lille,Paris Saint-Germain
3754078,2015-08-08,2,Premier League,27,2015/2016,Chelsea,Swansea City
3754097,2015-08-08,2,Premier League,27,2015/2016,Manchester United,Tottenham Hotspur
3754128,2015-08-08,2,Premier League,27,2015/2016,AFC Bournemouth,Aston Villa
3754138,2015-08-08,2,Premier League,27,2015/2016,Norwich City,Crystal Palace
3754237,2015-08-08,2,Premier League,27,2015/2016,Leicester City,Sunderland
3754300,2015-08-08,2,Premier League,27,2015/2016,Everton,Watford
3829414,2015-08-08,7,Ligue 1,27,2015/2016,Olympique de Marseille,Stade Malherbe Caen
3829415,2015-08-08,7,Ligue 1,27,2015/2016,Bastia,Rennes
3829416,2015-08-08,7,Ligue 1,27,2015/2016,OGC Nice,AS Monaco
3829417,2015-08-08,7,Ligue 1,27,2015/2016,Troyes,Gazélec Ajaccio
3829418,2015-08-08,7,Ligue 1,27,2015/2016,Nantes,Guingamp
3829419,2015-08-08,7,Ligue 1,27,2015/2016,Montpellier,Angers
3753985,2015-08-09,2,Premier League,27,2015/2016,Stoke City,Liverpool
3754112,2015-08-09,2,Premier League,27,2015/2016,Newcastle United,Southampton
3754141,2015-08-09,2,Premier League,27,2015/2016,Arsenal,West Ham United
3829420,2015-08-09,7,Ligue 1,27,2015/2016,Bordeaux,Stade de Reims
3829421,2015-08-09,7,Ligue 1,27,2015/2016,Toulouse,Saint-Étienne
3829422,2015-08-09,7,Ligue 1,27,2015/2016,Lyon,Lorient
3754145,2015-08-10,2,Premier League,27,2015/2016,West Bromwich Albion,Manchester City
3754107,2015-08-14,2,Premier League,27,2015/2016,Aston Villa,Manchester United
3829423,2015-08-14,7,Ligue 1,27,2015/2016,AS Monaco,Lille
3753993,2015-08-15,2,Premier League,27,2015/2016,Sunderland,Norwich City
3754034,2015-08-15,2,Premier League,27,2015/2016,Southampton,Everton
3754203,2015-08-15,2,Premier League,27,2015/2016,West Ham United,Leicester City
3754267,2015-08-15,2,Premier League,27,2015/2016,Watford,West Bromwich Albion
3754270,2015-08-15,2,Premier League,27,2015/2016,Tottenham Hotspur,Stoke City
3754344,2015-08-15,2,Premier League,27,2015/2016,Swansea City,Newcastle United
3829424,2015-08-15,7,Ligue 1,27,2015/2016,Saint-Étienne,Bordeaux
3829425,2015-08-15,7,Ligue 1,27,2015/2016,Angers,Nantes
3829426,2015-08-15,7,Ligue 1,27,2015/2016,Guingamp,Lyon
3829427,2015-08-15,7,Ligue 1,27,2015/2016,Troyes,OGC Nice
3829428,2015-08-15,7,Ligue 1,27,2015/2016,Stade Malherbe Caen,Toulouse
3829429,2015-08-15,7,Ligue 1,27,2015/2016,Rennes,Montpellier
3890260,2015-08-15,9,1. Bundesliga,27,2015/2016,Bayer Leverkusen,Hoffenheim
3754066,2015-08-16,2,Premier League,27,2015/2016,Manchester City,Chelsea
3754312,2015-08-16,2,Premier League,27,2015/2016,Crystal Palace,Arsenal
3829430,2015-08-16,7,Ligue 1,27,2015/2016,Stade de Reims,Olympique de Marseille
3829431,2015-08-16,7,Ligue 1,27,2015/2016,Lorient,Bastia
3829432,2015-08-16,7,Ligue 1,27,2015/2016,Paris Saint-Germain,Gazélec Ajaccio
3754020,2015-08-17,2,Premier League,27,2015/2016,Liverpool,AFC Bournemouth
3825562,2015-08-21,11,La Liga,27,2015/2016,Málaga,Sevilla
3829433,2015-08-21,7,Ligue 1,27,2015/2016,Montpellier,Paris Saint-Germain
3753987,2015-08-22,2,Premier League,27,2015/2016,Leicester City,Tottenham Hotspur
3754104,2015-08-22,2,Premier League,27,2015/2016,Norwich City,Stoke City
3754131,2015-08-22,2,Premier League,27,2015/2016,West Ham United,AFC Bournemouth
3754180,2015-08-22,2,Premier League,27,2015/2016,Sunderland,Swansea City
3754190,2015-08-22,2,Premier League,27,2015/2016,Crystal Palace,Aston Villa
3754254,2015-08-22,2,Premier League,27,2015/2016,Manchester United,Newcastle United
3825563,2015-08-22,11,La Liga,27,2015/2016,Atlético Madrid,Las Palmas
3825564,2015-08-22,11,La Liga,27,2015/2016,RC Deportivo La Coruña,Real Sociedad
3825565,2015-08-22,11,La Liga,27,2015/2016,Espanyol,Getafe
3825566,2015-08-22,11,La Liga,27,2015/2016,Rayo Vallecano,Valencia
3829434,2015-08-22,7,Ligue 1,27,2015/2016,Bastia,Guingamp
3829435,2015-08-22,7,Ligue 1,27,2015/2016,Lyon,Rennes
3829436,2015-08-22,7,Ligue 1,27,2015/2016,Nantes,Stade de Reims
3829437,2015-08-22,7,Ligue 1,27,2015/2016,Gazélec Ajaccio,Angers
3829438,2015-08-22,7,Ligue 1,27,2015/2016,OGC Nice,Stade Malherbe Caen
3829439,2015-08-22,7,Ligue 1,27,2015/2016,Toulouse,AS Monaco
3878540,2015-08-22,12,Serie A,27,2015/2016,Lazio,Bologna
3878541,2015-08-22,12,Serie A,27,2015/2016,Hellas Verona,AS Roma
3890273,2015-08-22,9,1. Bundesliga,27,2015/2016,Hannover 96,Bayer Leverkusen
266236,2015-08-23,11,La Liga,27,2015/2016,Athletic Club,Barcelona
3754059,2015-08-23,2,Premier League,27,2015/2016,West Bromwich Albion,Chelsea
3754189,2015-08-23,2,Premier League,27,2015/2016,Watford,Southampton
3754233,2015-08-23,2,Premier League,27,2015/2016,Everton,Manchester City
3825567,2015-08-23,11,La Liga,27,2015/2016,Sporting Gijón,Real Madrid
3825568,2015-08-23,11,La Liga,27,2015/2016,Real Betis,Villarreal
3825569,2015-08-23,11,La Liga,27,2015/2016,Levante UD,Celta Vigo
3829440,2015-08-23,7,Ligue 1,27,2015/2016,Lorient,Saint-Étienne
3829441,2015-08-23,7,Ligue 1,27,2015/2016,Olympique de Marseille,Troyes
3829442,2015-08-23,7,Ligue 1,27,2015/2016,Lille,Bordeaux
3878542,2015-08-23,12,Serie A,27,2015/2016,Fiorentina,AC Milan
3878543,2015-08-23,12,Serie A,27,2015/2016,Inter Milan,Atalanta
3878544,2015-08-23,12,Serie A,27,2015/2016,Palermo,Genoa
3878545,2015-08-23,12,Serie A,27,2015/2016,Sampdoria,Carpi
3878546,2015-08-23,12,Serie A,27,2015/2016,Sassuolo,Napoli
3878547,2015-08-23,12,Serie A,27,2015/2016,Frosinone,Torino
3878548,2015-08-23,12,Serie A,27,2015/2016,Juventus,Udinese
3878549,2015-08-23,12,Serie A,27,2015/2016,Empoli,Chievo
3754129,2015-08-24,2,Premier League,27,2015/2016,Arsenal,Liverpool
3825570,2015-08-24,11,La Liga,27,2015/2016,Granada,Eibar
3825571,2015-08-28,11,La Liga,27,2015/2016,Villarreal,Espanyol
3829443,2015-08-28,7,Ligue 1,27,2015/2016,Guingamp,Olympique de Marseille
267422,2015-08-29,11,La Liga,27,2015/2016,Barcelona,Málaga
3753984,2015-08-29,2,Premier League,27,2015/2016,Liverpool,West Ham United
3754007,2015-08-29,2,Premier League,27,2015/2016,Stoke City,West Bromwich Albion
3754023,2015-08-29,2,Premier League,27,2015/2016,AFC Bournemouth,Leicester City
3754083,2015-08-29,2,Premier League,27,2015/2016,Chelsea,Crystal Palace
3754204,2015-08-29,2,Premier League,27,2015/2016,Aston Villa,Sunderland
3754205,2015-08-29,2,Premier League,27,2015/2016,Newcastle United,Arsenal
3754246,2015-08-29,2,Premier League,27,2015/2016,Manchester City,Watford
3754268,2015-08-29,2,Premier League,27,2015/2016,Tottenham Hotspur,Everton
3825572,2015-08-29,11,La Liga,27,2015/2016,Real Madrid,Real Betis
3825573,2015-08-29,11,La Liga,27,2015/2016,Real Sociedad,Sporting Gijón
3825574,2015-08-29,11,La Liga,27,2015/2016,Celta Vigo,Rayo Vallecano
3829444,2015-08-29,7,Ligue 1,27,2015/2016,Stade Malherbe Caen,Lyon
3829445,2015-08-29,7,Ligue 1,27,2015/2016,Angers,OGC Nice
3829446,2015-08-29,7,Ligue 1,27,2015/2016,Troyes,Montpellier
3829447,2015-08-29,7,Ligue 1,27,2015/2016,Lille,Gazélec Ajaccio
3829448,2015-08-29,7,Ligue 1,27,2015/2016,Stade de Reims,Lorient
3829449,2015-08-29,7,Ligue 1,27,2015/2016,Rennes,Toulouse
3878550,2015-08-29,12,Serie A,27,2015/2016,Bologna,Sassuolo
3878551,2015-08-29,12,Serie A,27,2015/2016,AC Milan,Empoli
3890278,2015-08-29,9,1. Bundesliga,27,2015/2016,Bayern Munich,Bayer Leverkusen
3754221,2015-08-30,2,Premier League,27,2015/2016,Swansea City,Manchester United
3754337,2015-08-30,2,Premier League,27,2015/2016,Southampton,Norwich City
3825575,2015-08-30,11,La Liga,27,2015/2016,Las Palmas,Levante UD
3825576,2015-08-30,11,La Liga,27,2015/2016,Valencia,RC Deportivo La Coruña
3825577,2015-08-30,11,La Liga,27,2015/2016,Getafe,Granada
3825578,2015-08-30,11,La Liga,27,2015/2016,Eibar,Athletic Club
3825579,2015-08-30,11,La Liga,27,2015/2016,Sevilla,Atlético Madrid
3829450,2015-08-30,7,Ligue 1,27,2015/2016,AS Monaco,Paris Saint-Germain
3829451,2015-08-30,7,Ligue 1,27,2015/2016,Saint-Étienne,Bastia
3829452,2015-08-30,7,Ligue 1,27,2015/2016,Bordeaux,Nantes
3878552,2015-08-30,12,Serie A,27,2015/2016,Carpi,Inter Milan
3878553,2015-08-30,12,Serie A,27,2015/2016,Chievo,Lazio
3878554,2015-08-30,12,Serie A,27,2015/2016,Genoa,Hellas Verona
3878555,2015-08-30,12,Serie A,27,2015/2016,AS Roma,Juventus
3878556,2015-08-30,12,Serie A,27,2015/2016,Torino,Fiorentina
3878557,2015-08-30,12,Serie A,27,2015/2016,Udinese,Palermo
3878558,2015-08-30,12,Serie A,27,2015/2016,Napoli,Sampdoria
3878559,2015-08-30,12,Serie A,27,2015/2016,Atalanta,Frosinone
3825580,2015-09-11,11,La Liga,27,2015/2016,Levante UD,Sevilla
3829453,2015-09-11,7,Ligue 1,27,2015/2016,Paris Saint-Germain,Bordeaux
266166,2015-09-12,11,La Liga,27,2015/2016,Atlético Madrid,Barcelona
3754003,2015-09-12,2,Premier League,27,2015/2016,Manchester United,Liverpool
3754213,2015-09-12,2,Premier League,27,2015/2016,Watford,Swansea City
3754240,2015-09-12,2,Premier League,27,2015/2016,Arsenal,Stoke City
3754257,2015-09-12,2,Premier League,27,2015/2016,Crystal Palace,Manchester City
3754315,2015-09-12,2,Premier League,27,2015/2016,Norwich City,AFC Bournemouth
3754325,2015-09-12,2,Premier League,27,2015/2016,West Bromwich Albion,Southampton
3754336,2015-09-12,2,Premier League,27,2015/2016,Everton,Chelsea
3825581,2015-09-12,11,La Liga,27,2015/2016,Espanyol,Real Madrid
3825582,2015-09-12,11,La Liga,27,2015/2016,Real Betis,Real Sociedad
3825583,2015-09-12,11,La Liga,27,2015/2016,Sporting Gijón,Valencia
3829454,2015-09-12,7,Ligue 1,27,2015/2016,Lyon,Lille
3829455,2015-09-12,7,Ligue 1,27,2015/2016,Troyes,Stade Malherbe Caen
3829456,2015-09-12,7,Ligue 1,27,2015/2016,Lorient,Angers
3829457,2015-09-12,7,Ligue 1,27,2015/2016,Montpellier,Saint-Étienne
3829458,2015-09-12,7,Ligue 1,27,2015/2016,Toulouse,Stade de Reims
3829459,2015-09-12,7,Ligue 1,27,2015/2016,OGC Nice,Guingamp
3878592,2015-09-12,12,Serie A,27,2015/2016,Fiorentina,Genoa
3878593,2015-09-12,12,Serie A,27,2015/2016,Frosinone,AS Roma
3878594,2015-09-12,12,Serie A,27,2015/2016,Juventus,Chievo
3890288,2015-09-12,9,1. Bundesliga,27,2015/2016,Bayer Leverkusen,Darmstadt 98
3754106,2015-09-13,2,Premier League,27,2015/2016,Leicester City,Aston Villa
3754148,2015-09-13,2,Premier League,27,2015/2016,Sunderland,Tottenham Hotspur
3825584,2015-09-13,11,La Liga,27,2015/2016,Granada,Villarreal
3825585,2015-09-13,11,La Liga,27,2015/2016,Celta Vigo,Las Palmas
3825586,2015-09-13,11,La Liga,27,2015/2016,Málaga,Eibar
3825587,2015-09-13,11,La Liga,27,2015/2016,Athletic Club,Getafe
3829460,2015-09-13,7,Ligue 1,27,2015/2016,Nantes,Rennes
3829461,2015-09-13,7,Ligue 1,27,2015/2016,Olympique de Marseille,Bastia
3829462,2015-09-13,7,Ligue 1,27,2015/2016,Gazélec Ajaccio,AS Monaco
3878595,2015-09-13,12,Serie A,27,2015/2016,Lazio,Udinese
3878596,2015-09-13,12,Serie A,27,2015/2016,Hellas Verona,Torino
3878597,2015-09-13,12,Serie A,27,2015/2016,Empoli,Napoli
3878598,2015-09-13,12,Serie A,27,2015/2016,Palermo,Carpi
3878599,2015-09-13,12,Serie A,27,2015/2016,Sassuolo,Atalanta
3878600,2015-09-13,12,Serie A,27,2015/2016,Inter Milan,AC Milan
3754329,2015-09-14,2,Premier League,27,2015/2016,West Ham United,Newcastle United
3825588,2015-09-14,11,La Liga,27,2015/2016,Rayo Vallecano,RC Deportivo La Coruña
3878601,2015-09-14,12,Serie A,27,2015/2016,Sampdoria,Bologna
3825589,2015-09-18,11,La Liga,27,2015/2016,Getafe,Málaga
3829463,2015-09-18,7,Ligue 1,27,2015/2016,Rennes,Lille
3754010,2015-09-19,2,Premier League,27,2015/2016,Newcastle United,Watford
3754068,2015-09-19,2,Premier League,27,2015/2016,Aston Villa,West Bromwich Albion
3754077,2015-09-19,2,Premier League,27,2015/2016,Manchester City,West Ham United
3754146,2015-09-19,2,Premier League,27,2015/2016,Stoke City,Leicester City
3754169,2015-09-19,2,Premier League,27,2015/2016,AFC Bournemouth,Sunderland
3754217,2015-09-19,2,Premier League,27,2015/2016,Chelsea,Arsenal
3754298,2015-09-19,2,Premier League,27,2015/2016,Swansea City,Everton
3825590,2015-09-19,11,La Liga,27,2015/2016,Real Madrid,Granada
3825591,2015-09-19,11,La Liga,27,2015/2016,Valencia,Real Betis
3825592,2015-09-19,11,La Liga,27,2015/2016,Real Sociedad,Espanyol
3825593,2015-09-19,11,La Liga,27,2015/2016,Eibar,Atlético Madrid
3829464,2015-09-19,7,Ligue 1,27,2015/2016,Bastia,OGC Nice
3829465,2015-09-19,7,Ligue 1,27,2015/2016,Stade de Reims,Paris Saint-Germain
3829466,2015-09-19,7,Ligue 1,27,2015/2016,Angers,Troyes
3829467,2015-09-19,7,Ligue 1,27,2015/2016,Stade Malherbe Caen,Montpellier
3829468,2015-09-19,7,Ligue 1,27,2015/2016,Guingamp,Gazélec Ajaccio
3878602,2015-09-19,12,Serie A,27,2015/2016,AC Milan,Palermo
3878603,2015-09-19,12,Serie A,27,2015/2016,Udinese,Empoli
266490,2015-09-20,11,La Liga,27,2015/2016,Barcelona,Levante UD
3754011,2015-09-20,2,Premier League,27,2015/2016,Southampton,Manchester United
3754040,2015-09-20,2,Premier League,27,2015/2016,Liverpool,Norwich City
3754222,2015-09-20,2,Premier League,27,2015/2016,Tottenham Hotspur,Crystal Palace
3825594,2015-09-20,11,La Liga,27,2015/2016,Sevilla,Celta Vigo
3825595,2015-09-20,11,La Liga,27,2015/2016,Villarreal,Athletic Club
3825596,2015-09-20,11,La Liga,27,2015/2016,RC Deportivo La Coruña,Sporting Gijón
3825597,2015-09-20,11,La Liga,27,2015/2016,Las Palmas,Rayo Vallecano
3829469,2015-09-20,7,Ligue 1,27,2015/2016,AS Monaco,Lorient
3829470,2015-09-20,7,Ligue 1,27,2015/2016,Saint-Étienne,Nantes
3829471,2015-09-20,7,Ligue 1,27,2015/2016,Bordeaux,Toulouse
3829472,2015-09-20,7,Ligue 1,27,2015/2016,Olympique de Marseille,Lyon
3878604,2015-09-20,12,Serie A,27,2015/2016,Napoli,Lazio
3878605,2015-09-20,12,Serie A,27,2015/2016,Carpi,Fiorentina
3878606,2015-09-20,12,Serie A,27,2015/2016,Torino,Sampdoria
3878607,2015-09-20,12,Serie A,27,2015/2016,AS Roma,Sassuolo
3878608,2015-09-20,12,Serie A,27,2015/2016,Bologna,Frosinone
3878609,2015-09-20,12,Serie A,27,2015/2016,Genoa,Juventus
3878610,2015-09-20,12,Serie A,27,2015/2016,Atalanta,Hellas Verona
3878611,2015-09-20,12,Serie A,27,2015/2016,Chievo,Inter Milan
3890301,2015-09-20,9,1. Bundesliga,27,2015/2016,Borussia Dortmund,Bayer Leverkusen
3825598,2015-09-22,11,La Liga,27,2015/2016,Atlético Madrid,Getafe
3825599,2015-09-22,11,La Liga,27,2015/2016,Espanyol,Valencia
3825892,2015-09-22,11,La Liga,27,2015/2016,Granada,Real Sociedad
3829473,2015-09-22,7,Ligue 1,27,2015/2016,Paris Saint-Germain,Guingamp
3829474,2015-09-22,7,Ligue 1,27,2015/2016,Angers,Stade de Reims
3879537,2015-09-22,12,Serie A,27,2015/2016,Udinese,AC Milan
266467,2015-09-23,11,La Liga,27,2015/2016,Celta Vigo,Barcelona
3825600,2015-09-23,11,La Liga,27,2015/2016,Málaga,Villarreal
3825601,2015-09-23,11,La Liga,27,2015/2016,Rayo Vallecano,Sporting Gijón
3825602,2015-09-23,11,La Liga,27,2015/2016,Athletic Club,Real Madrid
3825848,2015-09-23,11,La Liga,27,2015/2016,Levante UD,Eibar
3825895,2015-09-23,11,La Liga,27,2015/2016,Las Palmas,Sevilla
3829475,2015-09-23,7,Ligue 1,27,2015/2016,OGC Nice,Bordeaux
3829476,2015-09-23,7,Ligue 1,27,2015/2016,Lyon,Bastia
3829477,2015-09-23,7,Ligue 1,27,2015/2016,Toulouse,Olympique de Marseille
3829478,2015-09-23,7,Ligue 1,27,2015/2016,Gazélec Ajaccio,Rennes
3829479,2015-09-23,7,Ligue 1,27,2015/2016,Lorient,Stade Malherbe Caen
3829480,2015-09-23,7,Ligue 1,27,2015/2016,Troyes,Saint-Étienne
3879538,2015-09-23,12,Serie A,27,2015/2016,Lazio,Genoa
3879539,2015-09-23,12,Serie A,27,2015/2016,Carpi,Napoli
3879540,2015-09-23,12,Serie A,27,2015/2016,Chievo,Torino
3879541,2015-09-23,12,Serie A,27,2015/2016,Fiorentina,Bologna
3879542,2015-09-23,12,Serie A,27,2015/2016,Inter Milan,Hellas Verona
3879543,2015-09-23,12,Serie A,27,2015/2016,Juventus,Frosinone
3879544,2015-09-23,12,Serie A,27,2015/2016,Palermo,Sassuolo
3879545,2015-09-23,12,Serie A,27,2015/2016,Sampdoria,AS Roma
3890312,2015-09-23,9,1. Bundesliga,27,2015/2016,Bayer Leverkusen,FSV Mainz 05
3825603,2015-09-24,11,La Liga,27,2015/2016,Real Betis,RC Deportivo La Coruña
3829481,2015-09-24,7,Ligue 1,27,2015/2016,Montpellier,AS Monaco
3879546,2015-09-24,12,Serie A,27,2015/2016,Empoli,Atalanta
3825604,2015-09-25,11,La Liga,27,2015/2016,Valencia,Granada
3829482,2015-09-25,7,Ligue 1,27,2015/2016,Stade de Reims,Lille
267611,2015-09-26,11,La Liga,27,2015/2016,Barcelona,Las Palmas
3753978,2015-09-26,2,Premier League,27,2015/2016,Southampton,Swansea City
3754001,2015-09-26,2,Premier League,27,2015/2016,Newcastle United,Chelsea
3754008,2015-09-26,2,Premier League,27,2015/2016,Manchester United,Sunderland
3754174,2015-09-26,2,Premier League,27,2015/2016,Leicester City,Arsenal
3754197,2015-09-26,2,Premier League,27,2015/2016,Tottenham Hotspur,Manchester City
3754212,2015-09-26,2,Premier League,27,2015/2016,Liverpool,Aston Villa
3754323,2015-09-26,2,Premier League,27,2015/2016,West Ham United,Norwich City
3754339,2015-09-26,2,Premier League,27,2015/2016,Stoke City,AFC Bournemouth
3825605,2015-09-26,11,La Liga,27,2015/2016,Sevilla,Rayo Vallecano
3825606,2015-09-26,11,La Liga,27,2015/2016,Real Madrid,Málaga
3825607,2015-09-26,11,La Liga,27,2015/2016,Villarreal,Atlético Madrid
3825608,2015-09-26,11,La Liga,27,2015/2016,Eibar,Celta Vigo
3829483,2015-09-26,7,Ligue 1,27,2015/2016,Nantes,Paris Saint-Germain
3829484,2015-09-26,7,Ligue 1,27,2015/2016,Bordeaux,Lyon
3829485,2015-09-26,7,Ligue 1,27,2015/2016,Rennes,Troyes
3829486,2015-09-26,7,Ligue 1,27,2015/2016,Bastia,Toulouse
3829487,2015-09-26,7,Ligue 1,27,2015/2016,Stade Malherbe Caen,Gazélec Ajaccio
3879547,2015-09-26,12,Serie A,27,2015/2016,AS Roma,Carpi
3879548,2015-09-26,12,Serie A,27,2015/2016,Napoli,Juventus
3890315,2015-09-26,9,1. Bundesliga,27,2015/2016,Werder Bremen,Bayer Leverkusen
3754266,2015-09-27,2,Premier League,27,2015/2016,Watford,Crystal Palace
3825609,2015-09-27,11,La Liga,27,2015/2016,Real Sociedad,Athletic Club
3825610,2015-09-27,11,La Liga,27,2015/2016,Sporting Gijón,Real Betis
3825611,2015-09-27,11,La Liga,27,2015/2016,RC Deportivo La Coruña,Espanyol
3825612,2015-09-27,11,La Liga,27,2015/2016,Getafe,Levante UD
3829488,2015-09-27,7,Ligue 1,27,2015/2016,Guingamp,AS Monaco
3829489,2015-09-27,7,Ligue 1,27,2015/2016,Montpellier,Lorient
3829490,2015-09-27,7,Ligue 1,27,2015/2016,Saint-Étienne,OGC Nice
3829491,2015-09-27,7,Ligue 1,27,2015/2016,Olympique de Marseille,Angers
3879549,2015-09-27,12,Serie A,27,2015/2016,Genoa,AC Milan
3879550,2015-09-27,12,Serie A,27,2015/2016,Inter Milan,Fiorentina
3879551,2015-09-27,12,Serie A,27,2015/2016,Hellas Verona,Lazio
3879552,2015-09-27,12,Serie A,27,2015/2016,Bologna,Udinese
3879553,2015-09-27,12,Serie A,27,2015/2016,Sassuolo,Chievo
3879554,2015-09-27,12,Serie A,27,2015/2016,Torino,Palermo
3754105,2015-09-28,2,Premier League,27,2015/2016,West Bromwich Albion,Everton
3879555,2015-09-28,12,Serie A,27,2015/2016,Atalanta,Sampdoria
3879556,2015-09-28,12,Serie A,27,2015/2016,Frosinone,Empoli
3829492,2015-09-29,7,Ligue 1,27,2015/2016,Lille,Nantes
3825613,2015-10-02,11,La Liga,27,2015/2016,Celta Vigo,Getafe
3829493,2015-10-02,7,Ligue 1,27,2015/2016,Lille,Montpellier
3753995,2015-10-03,2,Premier League,27,2015/2016,Chelsea,Southampton
3754076,2015-10-03,2,Premier League,27,2015/2016,Sunderland,West Ham United
3754079,2015-10-03,2,Premier League,27,2015/2016,Manchester City,Newcastle United
3754099,2015-10-03,2,Premier League,27,2015/2016,Crystal Palace,West Bromwich Albion
3754278,2015-10-03,2,Premier League,27,2015/2016,AFC Bournemouth,Watford
3754330,2015-10-03,2,Premier League,27,2015/2016,Aston Villa,Stoke City
3754335,2015-10-03,2,Premier League,27,2015/2016,Norwich City,Leicester City
3825614,2015-10-03,11,La Liga,27,2015/2016,Granada,RC Deportivo La Coruña
3825615,2015-10-03,11,La Liga,27,2015/2016,Espanyol,Sporting Gijón
3825616,2015-10-03,11,La Liga,27,2015/2016,Málaga,Real Sociedad
3825617,2015-10-03,11,La Liga,27,2015/2016,Sevilla,Barcelona
3825618,2015-10-03,11,La Liga,27,2015/2016,Las Palmas,Eibar
3829494,2015-10-03,7,Ligue 1,27,2015/2016,Gazélec Ajaccio,Toulouse
3829495,2015-10-03,7,Ligue 1,27,2015/2016,Lyon,Stade de Reims
3829496,2015-10-03,7,Ligue 1,27,2015/2016,Angers,Bastia
3829497,2015-10-03,7,Ligue 1,27,2015/2016,Troyes,Guingamp
3879557,2015-10-03,12,Serie A,27,2015/2016,Chievo,Hellas Verona
3879558,2015-10-03,12,Serie A,27,2015/2016,Carpi,Torino
3754060,2015-10-04,2,Premier League,27,2015/2016,Everton,Liverpool
3754074,2015-10-04,2,Premier League,27,2015/2016,Swansea City,Tottenham Hotspur
3754171,2015-10-04,2,Premier League,27,2015/2016,Arsenal,Manchester United
3825619,2015-10-04,11,La Liga,27,2015/2016,Levante UD,Villarreal
3825620,2015-10-04,11,La Liga,27,2015/2016,Rayo Vallecano,Real Betis
3825621,2015-10-04,11,La Liga,27,2015/2016,Atlético Madrid,Real Madrid
3825622,2015-10-04,11,La Liga,27,2015/2016,Athletic Club,Valencia
3829498,2015-10-04,7,Ligue 1,27,2015/2016,Lorient,Bordeaux
3829499,2015-10-04,7,Ligue 1,27,2015/2016,Stade Malherbe Caen,Saint-Étienne
3829500,2015-10-04,7,Ligue 1,27,2015/2016,Paris Saint-Germain,Olympique de Marseille
3829501,2015-10-04,7,Ligue 1,27,2015/2016,AS Monaco,Rennes
3879559,2015-10-04,12,Serie A,27,2015/2016,Juventus,Bologna
3879560,2015-10-04,12,Serie A,27,2015/2016,Lazio,Frosinone
3879561,2015-10-04,12,Serie A,27,2015/2016,Fiorentina,Atalanta
3879562,2015-10-04,12,Serie A,27,2015/2016,AC Milan,Napoli
3879563,2015-10-04,12,Serie A,27,2015/2016,Empoli,Sassuolo
3879564,2015-10-04,12,Serie A,27,2015/2016,Palermo,AS Roma
3879565,2015-10-04,12,Serie A,27,2015/2016,Sampdoria,Inter Milan
3879566,2015-10-04,12,Serie A,27,2015/2016,Udinese,Genoa
3890330,2015-10-04,9,1. Bundesliga,27,2015/2016,Bayer Leverkusen,Augsburg
3829502,2015-10-16,7,Ligue 1,27,2015/2016,AS Monaco,Lyon
3753999,2015-10-17,2,Premier League,27,2015/2016,Watford,Arsenal
3754067,2015-10-17,2,Premier League,27,2015/2016,Crystal Palace,West Ham United
3754115,2015-10-17,2,Premier League,27,2015/2016,Chelsea,Aston Villa
3754193,2015-10-17,2,Premier League,27,2015/2016,Manchester City,AFC Bournemouth
3754198,2015-10-17,2,Premier League,27,2015/2016,Tottenham Hotspur,Liverpool
3754245,2015-10-17,2,Premier League,27,2015/2016,West Bromwich Albion,Sunderland
3754256,2015-10-17,2,Premier League,27,2015/2016,Everton,Manchester United
3754302,2015-10-17,2,Premier League,27,2015/2016,Southampton,Leicester City
3825623,2015-10-17,11,La Liga,27,2015/2016,Valencia,Málaga
3825624,2015-10-17,11,La Liga,27,2015/2016,Eibar,Sevilla
3825625,2015-10-17,11,La Liga,27,2015/2016,Real Madrid,Levante UD
3825626,2015-10-17,11,La Liga,27,2015/2016,Real Betis,Espanyol
3825627,2015-10-17,11,La Liga,27,2015/2016,Barcelona,Rayo Vallecano
3829503,2015-10-17,7,Ligue 1,27,2015/2016,Nantes,Troyes
3829504,2015-10-17,7,Ligue 1,27,2015/2016,Bastia,Paris Saint-Germain
3829505,2015-10-17,7,Ligue 1,27,2015/2016,Saint-Étienne,Gazélec Ajaccio
3829506,2015-10-17,7,Ligue 1,27,2015/2016,Guingamp,Lille
3829507,2015-10-17,7,Ligue 1,27,2015/2016,Toulouse,Angers
3829508,2015-10-17,7,Ligue 1,27,2015/2016,Stade de Reims,Stade Malherbe Caen
3879567,2015-10-17,12,Serie A,27,2015/2016,AS Roma,Empoli
3879568,2015-10-17,12,Serie A,27,2015/2016,Torino,AC Milan
3890337,2015-10-17,9,1. Bundesliga,27,2015/2016,Hamburger SV,Bayer Leverkusen
3754102,2015-10-18,2,Premier League,27,2015/2016,Newcastle United,Norwich City
3825628,2015-10-18,11,La Liga,27,2015/2016,Getafe,Las Palmas
3825629,2015-10-18,11,La Liga,27,2015/2016,Villarreal,Celta Vigo
3825630,2015-10-18,11,La Liga,27,2015/2016,RC Deportivo La Coruña,Athletic Club
3825631,2015-10-18,11,La Liga,27,2015/2016,Real Sociedad,Atlético Madrid
3829509,2015-10-18,7,Ligue 1,27,2015/2016,Olympique de Marseille,Lorient
3829510,2015-10-18,7,Ligue 1,27,2015/2016,Rennes,OGC Nice
3829511,2015-10-18,7,Ligue 1,27,2015/2016,Bordeaux,Montpellier
3879569,2015-10-18,12,Serie A,27,2015/2016,Bologna,Palermo
3879570,2015-10-18,12,Serie A,27,2015/2016,Genoa,Chievo
3879571,2015-10-18,12,Serie A,27,2015/2016,Atalanta,Carpi
3879572,2015-10-18,12,Serie A,27,2015/2016,Napoli,Fiorentina
3879573,2015-10-18,12,Serie A,27,2015/2016,Sassuolo,Lazio
3879574,2015-10-18,12,Serie A,27,2015/2016,Inter Milan,Juventus
3879575,2015-10-18,12,Serie A,27,2015/2016,Hellas Verona,Udinese
3879576,2015-10-18,12,Serie A,27,2015/2016,Frosinone,Sampdoria
3754269,2015-10-19,2,Premier League,27,2015/2016,Swansea City,Stoke City
3825632,2015-10-19,11,La Liga,27,2015/2016,Sporting Gijón,Granada
3825633,2015-10-23,11,La Liga,27,2015/2016,Rayo Vallecano,Espanyol
3829512,2015-10-23,7,Ligue 1,27,2015/2016,Lyon,Toulouse
3829513,2015-10-23,7,Ligue 1,27,2015/2016,Stade Malherbe Caen,Nantes
3754017,2015-10-24,2,Premier League,27,2015/2016,Aston Villa,Swansea City
3754091,2015-10-24,2,Premier League,27,2015/2016,Stoke City,Watford
3754126,2015-10-24,2,Premier League,27,2015/2016,Arsenal,Everton
3754133,2015-10-24,2,Premier League,27,2015/2016,Norwich City,West Bromwich Albion
3754263,2015-10-24,2,Premier League,27,2015/2016,Leicester City,Crystal Palace
3754288,2015-10-24,2,Premier League,27,2015/2016,West Ham United,Chelsea
3825634,2015-10-24,11,La Liga,27,2015/2016,Granada,Real Betis
3825635,2015-10-24,11,La Liga,27,2015/2016,Celta Vigo,Real Madrid
3825636,2015-10-24,11,La Liga,27,2015/2016,Málaga,RC Deportivo La Coruña
3825874,2015-10-24,11,La Liga,27,2015/2016,Sevilla,Getafe
3829514,2015-10-24,7,Ligue 1,27,2015/2016,Angers,Guingamp
3829515,2015-10-24,7,Ligue 1,27,2015/2016,Montpellier,Bastia
3829516,2015-10-24,7,Ligue 1,27,2015/2016,Lorient,Rennes
3829517,2015-10-24,7,Ligue 1,27,2015/2016,Gazélec Ajaccio,OGC Nice
3879577,2015-10-24,12,Serie A,27,2015/2016,Empoli,Genoa
3879578,2015-10-24,12,Serie A,27,2015/2016,Carpi,Bologna
3879579,2015-10-24,12,Serie A,27,2015/2016,Palermo,Inter Milan
3890346,2015-10-24,9,1. Bundesliga,27,2015/2016,Bayer Leverkusen,VfB Stuttgart
3754015,2015-10-25,2,Premier League,27,2015/2016,Manchester United,Manchester City
3754119,2015-10-25,2,Premier League,27,2015/2016,Sunderland,Newcastle United
3754230,2015-10-25,2,Premier League,27,2015/2016,Liverpool,Southampton
3754234,2015-10-25,2,Premier League,27,2015/2016,AFC Bournemouth,Tottenham Hotspur
3825637,2015-10-25,11,La Liga,27,2015/2016,Barcelona,Eibar
3825638,2015-10-25,11,La Liga,27,2015/2016,Atlético Madrid,Valencia
3825639,2015-10-25,11,La Liga,27,2015/2016,Las Palmas,Villarreal
3825640,2015-10-25,11,La Liga,27,2015/2016,Levante UD,Real Sociedad
3829518,2015-10-25,7,Ligue 1,27,2015/2016,Lille,Olympique de Marseille
3829519,2015-10-25,7,Ligue 1,27,2015/2016,Paris Saint-Germain,Saint-Étienne
3829520,2015-10-25,7,Ligue 1,27,2015/2016,Stade de Reims,AS Monaco
3829521,2015-10-25,7,Ligue 1,27,2015/2016,Bordeaux,Troyes
3879580,2015-10-25,12,Serie A,27,2015/2016,Juventus,Atalanta
3879581,2015-10-25,12,Serie A,27,2015/2016,Chievo,Napoli
3879582,2015-10-25,12,Serie A,27,2015/2016,Lazio,Torino
3879583,2015-10-25,12,Serie A,27,2015/2016,Fiorentina,AS Roma
3879584,2015-10-25,12,Serie A,27,2015/2016,Udinese,Frosinone
3879585,2015-10-25,12,Serie A,27,2015/2016,AC Milan,Sassuolo
3879586,2015-10-25,12,Serie A,27,2015/2016,Sampdoria,Hellas Verona
3825641,2015-10-26,11,La Liga,27,2015/2016,Athletic Club,Sporting Gijón
3879587,2015-10-27,12,Serie A,27,2015/2016,Bologna,Inter Milan
3879588,2015-10-28,12,Serie A,27,2015/2016,Atalanta,Lazio
3879589,2015-10-28,12,Serie A,27,2015/2016,Frosinone,Carpi
3879590,2015-10-28,12,Serie A,27,2015/2016,Torino,Genoa
3879591,2015-10-28,12,Serie A,27,2015/2016,Sassuolo,Juventus
3879592,2015-10-28,12,Serie A,27,2015/2016,AS Roma,Udinese
3879593,2015-10-28,12,Serie A,27,2015/2016,Napoli,Palermo
3879594,2015-10-28,12,Serie A,27,2015/2016,AC Milan,Chievo
3879595,2015-10-28,12,Serie A,27,2015/2016,Hellas Verona,Fiorentina
3879596,2015-10-29,12,Serie A,27,2015/2016,Sampdoria,Empoli
3825642,2015-10-30,11,La Liga,27,2015/2016,RC Deportivo La Coruña,Atlético Madrid
3900490,2015-10-30,7,Ligue 1,27,2015/2016,Rennes,Paris Saint-Germain
3753983,2015-10-31,2,Premier League,27,2015/2016,Swansea City,Arsenal
3754006,2015-10-31,2,Premier League,27,2015/2016,West Bromwich Albion,Leicester City
3754090,2015-10-31,2,Premier League,27,2015/2016,Newcastle United,Stoke City
3754098,2015-10-31,2,Premier League,27,2015/2016,Chelsea,Liverpool
3754167,2015-10-31,2,Premier League,27,2015/2016,Manchester City,Norwich City
3754223,2015-10-31,2,Premier League,27,2015/2016,Crystal Palace,Manchester United
3754273,2015-10-31,2,Premier League,27,2015/2016,Watford,West Ham United
3825643,2015-10-31,11,La Liga,27,2015/2016,Real Madrid,Las Palmas
3825644,2015-10-31,11,La Liga,27,2015/2016,Real Sociedad,Celta Vigo
3825645,2015-10-31,11,La Liga,27,2015/2016,Getafe,Barcelona
3825646,2015-10-31,11,La Liga,27,2015/2016,Villarreal,Sevilla
3825647,2015-10-31,11,La Liga,27,2015/2016,Valencia,Levante UD
3879597,2015-10-31,12,Serie A,27,2015/2016,Juventus,Torino
3879598,2015-10-31,12,Serie A,27,2015/2016,Inter Milan,AS Roma
3890350,2015-10-31,9,1. Bundesliga,27,2015/2016,Wolfsburg,Bayer Leverkusen
3900491,2015-10-31,7,Ligue 1,27,2015/2016,Saint-Étienne,Stade de Reims
3900492,2015-10-31,7,Ligue 1,27,2015/2016,Guingamp,Lorient
3900493,2015-10-31,7,Ligue 1,27,2015/2016,Troyes,Lyon
3900494,2015-10-31,7,Ligue 1,27,2015/2016,Gazélec Ajaccio,Bordeaux
3900495,2015-10-31,7,Ligue 1,27,2015/2016,Bastia,Stade Malherbe Caen
3900496,2015-10-31,7,Ligue 1,27,2015/2016,Toulouse,Montpellier
3754082,2015-11-01,2,Premier League,27,2015/2016,Everton,Sunderland
3754191,2015-11-01,2,Premier League,27,2015/2016,Southampton,AFC Bournemouth
3825648,2015-11-01,11,La Liga,27,2015/2016,Eibar,Rayo Vallecano
3825649,2015-11-01,11,La Liga,27,2015/2016,Sporting Gijón,Málaga
3825650,2015-11-01,11,La Liga,27,2015/2016,Real Betis,Athletic Club
3825651,2015-11-01,11,La Liga,27,2015/2016,Espanyol,Granada
3879599,2015-11-01,12,Serie A,27,2015/2016,Lazio,AC Milan
3879600,2015-11-01,12,Serie A,27,2015/2016,Carpi,Hellas Verona
3879601,2015-11-01,12,Serie A,27,2015/2016,Bologna,Atalanta
3879602,2015-11-01,12,Serie A,27,2015/2016,Fiorentina,Frosinone
3879603,2015-11-01,12,Serie A,27,2015/2016,Udinese,Sassuolo
3879604,2015-11-01,12,Serie A,27,2015/2016,Genoa,Napoli
3900497,2015-11-01,7,Ligue 1,27,2015/2016,OGC Nice,Lille
3900498,2015-11-01,7,Ligue 1,27,2015/2016,AS Monaco,Angers
3900499,2015-11-01,7,Ligue 1,27,2015/2016,Nantes,Olympique de Marseille
3754029,2015-11-02,2,Premier League,27,2015/2016,Tottenham Hotspur,Aston Villa
3879605,2015-11-02,12,Serie A,27,2015/2016,Palermo,Empoli
3879606,2015-11-02,12,Serie A,27,2015/2016,Chievo,Sampdoria
3829522,2015-11-04,7,Ligue 1,27,2015/2016,OGC Nice,Nantes
3825652,2015-11-06,11,La Liga,27,2015/2016,Las Palmas,Real Sociedad
3900500,2015-11-06,7,Ligue 1,27,2015/2016,Angers,Rennes
3754000,2015-11-07,2,Premier League,27,2015/2016,Sunderland,Southampton
3754156,2015-11-07,2,Premier League,27,2015/2016,Leicester City,Watford
3754194,2015-11-07,2,Premier League,27,2015/2016,West Ham United,Everton
3754238,2015-11-07,2,Premier League,27,2015/2016,AFC Bournemouth,Newcastle United
3754293,2015-11-07,2,Premier League,27,2015/2016,Stoke City,Chelsea
3754297,2015-11-07,2,Premier League,27,2015/2016,Manchester United,West Bromwich Albion
3754311,2015-11-07,2,Premier League,27,2015/2016,Norwich City,Swansea City
3825653,2015-11-07,11,La Liga,27,2015/2016,Eibar,Getafe
3825654,2015-11-07,11,La Liga,27,2015/2016,Celta Vigo,Valencia
3825655,2015-11-07,11,La Liga,27,2015/2016,Rayo Vallecano,Granada
3825656,2015-11-07,11,La Liga,27,2015/2016,Levante UD,RC Deportivo La Coruña
3825657,2015-11-07,11,La Liga,27,2015/2016,Málaga,Real Betis
3879607,2015-11-07,12,Serie A,27,2015/2016,AC Milan,Atalanta
3879608,2015-11-07,12,Serie A,27,2015/2016,Hellas Verona,Bologna
3890359,2015-11-07,9,1. Bundesliga,27,2015/2016,Bayer Leverkusen,FC Köln
3900501,2015-11-07,7,Ligue 1,27,2015/2016,Paris Saint-Germain,Toulouse
3900502,2015-11-07,7,Ligue 1,27,2015/2016,Lorient,Troyes
3900503,2015-11-07,7,Ligue 1,27,2015/2016,Lille,Bastia
3900504,2015-11-07,7,Ligue 1,27,2015/2016,Montpellier,Nantes
3900505,2015-11-07,7,Ligue 1,27,2015/2016,Stade Malherbe Caen,Guingamp
3900506,2015-11-07,7,Ligue 1,27,2015/2016,Stade de Reims,Gazélec Ajaccio
3754258,2015-11-08,2,Premier League,27,2015/2016,Aston Villa,Manchester City
3754265,2015-11-08,2,Premier League,27,2015/2016,Arsenal,Tottenham Hotspur
3754351,2015-11-08,2,Premier League,27,2015/2016,Liverpool,Crystal Palace
3825658,2015-11-08,11,La Liga,27,2015/2016,Atlético Madrid,Sporting Gijón
3825659,2015-11-08,11,La Liga,27,2015/2016,Athletic Club,Espanyol
3825660,2015-11-08,11,La Liga,27,2015/2016,Barcelona,Villarreal
3825661,2015-11-08,11,La Liga,27,2015/2016,Sevilla,Real Madrid
3879609,2015-11-08,12,Serie A,27,2015/2016,Napoli,Udinese
3879610,2015-11-08,12,Serie A,27,2015/2016,AS Roma,Lazio
3879611,2015-11-08,12,Serie A,27,2015/2016,Palermo,Chievo
3879612,2015-11-08,12,Serie A,27,2015/2016,Frosinone,Genoa
3879613,2015-11-08,12,Serie A,27,2015/2016,Empoli,Juventus
3879614,2015-11-08,12,Serie A,27,2015/2016,Torino,Inter Milan
3879615,2015-11-08,12,Serie A,27,2015/2016,Sassuolo,Carpi
3879616,2015-11-08,12,Serie A,27,2015/2016,Sampdoria,Fiorentina
3900507,2015-11-08,7,Ligue 1,27,2015/2016,Olympique de Marseille,OGC Nice
3900508,2015-11-08,7,Ligue 1,27,2015/2016,Bordeaux,AS Monaco
3900509,2015-11-08,7,Ligue 1,27,2015/2016,Lyon,Saint-Étienne
3900510,2015-11-20,7,Ligue 1,27,2015/2016,OGC Nice,Lyon
266424,2015-11-21,11,La Liga,27,2015/2016,Real Madrid,Barcelona
3753972,2015-11-21,2,Premier League,27,2015/2016,Swansea City,AFC Bournemouth
3753996,2015-11-21,2,Premier League,27,2015/2016,Chelsea,Norwich City
3754185,2015-11-21,2,Premier League,27,2015/2016,Watford,Manchester United
3754208,2015-11-21,2,Premier League,27,2015/2016,Manchester City,Liverpool
3754211,2015-11-21,2,Premier League,27,2015/2016,Newcastle United,Leicester City
3754247,2015-11-21,2,Premier League,27,2015/2016,Southampton,Stoke City
3754283,2015-11-21,2,Premier League,27,2015/2016,Everton,Aston Villa
3754301,2015-11-21,2,Premier League,27,2015/2016,West Bromwich Albion,Arsenal
3825662,2015-11-21,11,La Liga,27,2015/2016,RC Deportivo La Coruña,Celta Vigo
3825663,2015-11-21,11,La Liga,27,2015/2016,Espanyol,Málaga
3825664,2015-11-21,11,La Liga,27,2015/2016,Real Sociedad,Sevilla
3825888,2015-11-21,11,La Liga,27,2015/2016,Valencia,Las Palmas
3879617,2015-11-21,12,Serie A,27,2015/2016,Bologna,AS Roma
3879618,2015-11-21,12,Serie A,27,2015/2016,Juventus,AC Milan
3890370,2015-11-21,9,1. Bundesliga,27,2015/2016,Eintracht Frankfurt,Bayer Leverkusen
3900511,2015-11-21,7,Ligue 1,27,2015/2016,Lorient,Paris Saint-Germain
3900512,2015-11-21,7,Ligue 1,27,2015/2016,Montpellier,Stade de Reims
3900513,2015-11-21,7,Ligue 1,27,2015/2016,Troyes,Lille
3900514,2015-11-21,7,Ligue 1,27,2015/2016,Guingamp,Toulouse
3900515,2015-11-21,7,Ligue 1,27,2015/2016,AS Monaco,Nantes
3754109,2015-11-22,2,Premier League,27,2015/2016,Tottenham Hotspur,West Ham United
3825665,2015-11-22,11,La Liga,27,2015/2016,Granada,Athletic Club
3825666,2015-11-22,11,La Liga,27,2015/2016,Real Betis,Atlético Madrid
3825667,2015-11-22,11,La Liga,27,2015/2016,Villarreal,Eibar
3825668,2015-11-22,11,La Liga,27,2015/2016,Sporting Gijón,Levante UD
3879619,2015-11-22,12,Serie A,27,2015/2016,Genoa,Sassuolo
3879620,2015-11-22,12,Serie A,27,2015/2016,Hellas Verona,Napoli
3879621,2015-11-22,12,Serie A,27,2015/2016,Atalanta,Torino
3879622,2015-11-22,12,Serie A,27,2015/2016,Carpi,Chievo
3879623,2015-11-22,12,Serie A,27,2015/2016,Fiorentina,Empoli
3879624,2015-11-22,12,Serie A,27,2015/2016,Lazio,Palermo
3879625,2015-11-22,12,Serie A,27,2015/2016,Udinese,Sampdoria
3879626,2015-11-22,12,Serie A,27,2015/2016,Inter Milan,Frosinone
3900516,2015-11-22,7,Ligue 1,27,2015/2016,Saint-Étienne,Olympique de Marseille
3900518,2015-11-22,7,Ligue 1,27,2015/2016,Stade Malherbe Caen,Angers
3900519,2015-11-22,7,Ligue 1,27,2015/2016,Rennes,Bordeaux
3753979,2015-11-23,2,Premier League,27,2015/2016,Crystal Palace,Sunderland
3825669,2015-11-23,11,La Liga,27,2015/2016,Getafe,Rayo Vallecano
3825670,2015-11-27,11,La Liga,27,2015/2016,Levante UD,Real Betis
3900520,2015-11-27,7,Ligue 1,27,2015/2016,Lyon,Montpellier
266885,2015-11-28,11,La Liga,27,2015/2016,Barcelona,Real Sociedad
3754028,2015-11-28,2,Premier League,27,2015/2016,Manchester City,Southampton
3754150,2015-11-28,2,Premier League,27,2015/2016,Sunderland,Stoke City
3754157,2015-11-28,2,Premier League,27,2015/2016,AFC Bournemouth,Everton
3754178,2015-11-28,2,Premier League,27,2015/2016,Aston Villa,Watford
3754186,2015-11-28,2,Premier League,27,2015/2016,Leicester City,Manchester United
3754304,2015-11-28,2,Premier League,27,2015/2016,Crystal Palace,Newcastle United
3825671,2015-11-28,11,La Liga,27,2015/2016,Celta Vigo,Sporting Gijón
3825672,2015-11-28,11,La Liga,27,2015/2016,Málaga,Granada
3825673,2015-11-28,11,La Liga,27,2015/2016,Las Palmas,RC Deportivo La Coruña
3825674,2015-11-28,11,La Liga,27,2015/2016,Atlético Madrid,Espanyol
3879627,2015-11-28,12,Serie A,27,2015/2016,Torino,Bologna
3879628,2015-11-28,12,Serie A,27,2015/2016,AC Milan,Sampdoria
3900521,2015-11-28,7,Ligue 1,27,2015/2016,Paris Saint-Germain,Troyes
3900522,2015-11-28,7,Ligue 1,27,2015/2016,Toulouse,OGC Nice
3900523,2015-11-28,7,Ligue 1,27,2015/2016,Stade de Reims,Rennes
3900524,2015-11-28,7,Ligue 1,27,2015/2016,Gazélec Ajaccio,Lorient
3900525,2015-11-28,7,Ligue 1,27,2015/2016,Nantes,Bastia
3900526,2015-11-28,7,Ligue 1,27,2015/2016,Angers,Lille
3754038,2015-11-29,2,Premier League,27,2015/2016,Norwich City,Arsenal
3754047,2015-11-29,2,Premier League,27,2015/2016,Liverpool,Swansea City
3754093,2015-11-29,2,Premier League,27,2015/2016,Tottenham Hotspur,Chelsea
3754235,2015-11-29,2,Premier League,27,2015/2016,West Ham United,West Bromwich Albion
3825675,2015-11-29,11,La Liga,27,2015/2016,Rayo Vallecano,Athletic Club
3825676,2015-11-29,11,La Liga,27,2015/2016,Getafe,Villarreal
3825677,2015-11-29,11,La Liga,27,2015/2016,Sevilla,Valencia
3825678,2015-11-29,11,La Liga,27,2015/2016,Eibar,Real Madrid
3879629,2015-11-29,12,Serie A,27,2015/2016,Frosinone,Hellas Verona
3879630,2015-11-29,12,Serie A,27,2015/2016,Palermo,Juventus
3879631,2015-11-29,12,Serie A,27,2015/2016,Chievo,Udinese
3879632,2015-11-29,12,Serie A,27,2015/2016,AS Roma,Atalanta
3879633,2015-11-29,12,Serie A,27,2015/2016,Empoli,Lazio
3879634,2015-11-29,12,Serie A,27,2015/2016,Genoa,Carpi
3890382,2015-11-29,9,1. Bundesliga,27,2015/2016,Bayer Leverkusen,Schalke 04
3900527,2015-11-29,7,Ligue 1,27,2015/2016,Olympique de Marseille,AS Monaco
3900528,2015-11-29,7,Ligue 1,27,2015/2016,Bordeaux,Stade Malherbe Caen
3900529,2015-11-29,7,Ligue 1,27,2015/2016,Saint-Étienne,Guingamp
3879635,2015-11-30,12,Serie A,27,2015/2016,Napoli,Inter Milan
3879636,2015-11-30,12,Serie A,27,2015/2016,Sassuolo,Fiorentina
3900530,2015-12-01,7,Ligue 1,27,2015/2016,Nantes,Lyon
3900531,2015-12-01,7,Ligue 1,27,2015/2016,Lorient,OGC Nice
3900532,2015-12-01,7,Ligue 1,27,2015/2016,Angers,Paris Saint-Germain
3900533,2015-12-02,7,Ligue 1,27,2015/2016,AS Monaco,Stade Malherbe Caen
3900534,2015-12-02,7,Ligue 1,27,2015/2016,Bastia,Bordeaux
3900535,2015-12-02,7,Ligue 1,27,2015/2016,Lille,Saint-Étienne
3900536,2015-12-02,7,Ligue 1,27,2015/2016,Montpellier,Gazélec Ajaccio
3900537,2015-12-02,7,Ligue 1,27,2015/2016,Troyes,Toulouse
3900538,2015-12-02,7,Ligue 1,27,2015/2016,Guingamp,Stade de Reims
3900539,2015-12-03,7,Ligue 1,27,2015/2016,Rennes,Olympique de Marseille
3879637,2015-12-04,12,Serie A,27,2015/2016,Lazio,Juventus
3900540,2015-12-04,7,Ligue 1,27,2015/2016,OGC Nice,Paris Saint-Germain
267274,2015-12-05,11,La Liga,27,2015/2016,Valencia,Barcelona
3754073,2015-12-05,2,Premier League,27,2015/2016,Chelsea,AFC Bournemouth
3754085,2015-12-05,2,Premier League,27,2015/2016,Swansea City,Leicester City
3754113,2015-12-05,2,Premier League,27,2015/2016,Southampton,Aston Villa
3754135,2015-12-05,2,Premier League,27,2015/2016,Stoke City,Manchester City
3754160,2015-12-05,2,Premier League,27,2015/2016,Arsenal,Sunderland
3754215,2015-12-05,2,Premier League,27,2015/2016,West Bromwich Albion,Tottenham Hotspur
3754286,2015-12-05,2,Premier League,27,2015/2016,Watford,Norwich City
3754347,2015-12-05,2,Premier League,27,2015/2016,Manchester United,West Ham United
3825679,2015-12-05,11,La Liga,27,2015/2016,Real Betis,Celta Vigo
3825680,2015-12-05,11,La Liga,27,2015/2016,RC Deportivo La Coruña,Sevilla
3825681,2015-12-05,11,La Liga,27,2015/2016,Real Madrid,Getafe
3825682,2015-12-05,11,La Liga,27,2015/2016,Granada,Atlético Madrid
3879638,2015-12-05,12,Serie A,27,2015/2016,Inter Milan,Genoa
3879639,2015-12-05,12,Serie A,27,2015/2016,Torino,AS Roma
3890390,2015-12-05,9,1. Bundesliga,27,2015/2016,Hertha Berlin,Bayer Leverkusen
3900541,2015-12-05,7,Ligue 1,27,2015/2016,Bastia,AS Monaco
3900542,2015-12-05,7,Ligue 1,27,2015/2016,Stade Malherbe Caen,Lille
3900543,2015-12-05,7,Ligue 1,27,2015/2016,Stade de Reims,Troyes
3900544,2015-12-05,7,Ligue 1,27,2015/2016,Toulouse,Lorient
3900545,2015-12-05,7,Ligue 1,27,2015/2016,Lyon,Angers
3900546,2015-12-05,7,Ligue 1,27,2015/2016,Gazélec Ajaccio,Nantes
3754143,2015-12-06,2,Premier League,27,2015/2016,Newcastle United,Liverpool
3825683,2015-12-06,11,La Liga,27,2015/2016,Real Sociedad,Eibar
3825684,2015-12-06,11,La Liga,27,2015/2016,Villarreal,Rayo Vallecano
3825685,2015-12-06,11,La Liga,27,2015/2016,Sporting Gijón,Las Palmas
3825686,2015-12-06,11,La Liga,27,2015/2016,Athletic Club,Málaga
3879640,2015-12-06,12,Serie A,27,2015/2016,Frosinone,Chievo
3879641,2015-12-06,12,Serie A,27,2015/2016,Hellas Verona,Empoli
3879642,2015-12-06,12,Serie A,27,2015/2016,Carpi,AC Milan
3879643,2015-12-06,12,Serie A,27,2015/2016,Sampdoria,Sassuolo
3879644,2015-12-06,12,Serie A,27,2015/2016,Atalanta,Palermo
3879645,2015-12-06,12,Serie A,27,2015/2016,Bologna,Napoli
3879646,2015-12-06,12,Serie A,27,2015/2016,Fiorentina,Udinese
3900547,2015-12-06,7,Ligue 1,27,2015/2016,Olympique de Marseille,Montpellier
3900548,2015-12-06,7,Ligue 1,27,2015/2016,Bordeaux,Guingamp
3900549,2015-12-06,7,Ligue 1,27,2015/2016,Saint-Étienne,Rennes
3754046,2015-12-07,2,Premier League,27,2015/2016,Everton,Crystal Palace
3825687,2015-12-07,11,La Liga,27,2015/2016,Espanyol,Levante UD
3825688,2015-12-11,11,La Liga,27,2015/2016,Getafe,Real Sociedad
3900550,2015-12-11,7,Ligue 1,27,2015/2016,Rennes,Stade Malherbe Caen
266961,2015-12-12,11,La Liga,27,2015/2016,Barcelona,RC Deportivo La Coruña
3754072,2015-12-12,2,Premier League,27,2015/2016,Sunderland,Watford
3754096,2015-12-12,2,Premier League,27,2015/2016,West Ham United,Stoke City
3754162,2015-12-12,2,Premier League,27,2015/2016,AFC Bournemouth,Manchester United
3754182,2015-12-12,2,Premier League,27,2015/2016,Norwich City,Everton
3754218,2015-12-12,2,Premier League,27,2015/2016,Crystal Palace,Southampton
3754328,2015-12-12,2,Premier League,27,2015/2016,Manchester City,Swansea City
3825689,2015-12-12,11,La Liga,27,2015/2016,Celta Vigo,Espanyol
3825690,2015-12-12,11,La Liga,27,2015/2016,Las Palmas,Real Betis
3825691,2015-12-12,11,La Liga,27,2015/2016,Levante UD,Granada
3825692,2015-12-12,11,La Liga,27,2015/2016,Sevilla,Sporting Gijón
3879647,2015-12-12,12,Serie A,27,2015/2016,Genoa,Bologna
3879648,2015-12-12,12,Serie A,27,2015/2016,Udinese,Inter Milan
3879649,2015-12-12,12,Serie A,27,2015/2016,Palermo,Frosinone
3890395,2015-12-12,9,1. Bundesliga,27,2015/2016,Bayer Leverkusen,Borussia Mönchengladbach
3900551,2015-12-12,7,Ligue 1,27,2015/2016,Lille,Lorient
3900552,2015-12-12,7,Ligue 1,27,2015/2016,Montpellier,Guingamp
3900553,2015-12-12,7,Ligue 1,27,2015/2016,Stade de Reims,OGC Nice
3900554,2015-12-12,7,Ligue 1,27,2015/2016,Troyes,Bastia
3900555,2015-12-12,7,Ligue 1,27,2015/2016,Nantes,Toulouse
3754117,2015-12-13,2,Premier League,27,2015/2016,Aston Villa,Arsenal
3754255,2015-12-13,2,Premier League,27,2015/2016,Liverpool,West Bromwich Albion
3754276,2015-12-13,2,Premier League,27,2015/2016,Tottenham Hotspur,Newcastle United
3825693,2015-12-13,11,La Liga,27,2015/2016,Atlético Madrid,Athletic Club
3825694,2015-12-13,11,La Liga,27,2015/2016,Eibar,Valencia
3825695,2015-12-13,11,La Liga,27,2015/2016,Villarreal,Real Madrid
3825696,2015-12-13,11,La Liga,27,2015/2016,Rayo Vallecano,Málaga
3879650,2015-12-13,12,Serie A,27,2015/2016,Empoli,Carpi
3879651,2015-12-13,12,Serie A,27,2015/2016,Napoli,AS Roma
3879652,2015-12-13,12,Serie A,27,2015/2016,AC Milan,Hellas Verona
3879653,2015-12-13,12,Serie A,27,2015/2016,Juventus,Fiorentina
3879654,2015-12-13,12,Serie A,27,2015/2016,Chievo,Atalanta
3900556,2015-12-13,7,Ligue 1,27,2015/2016,Angers,Bordeaux
3900557,2015-12-13,7,Ligue 1,27,2015/2016,Paris Saint-Germain,Lyon
3900558,2015-12-13,7,Ligue 1,27,2015/2016,AS Monaco,Saint-Étienne
3900559,2015-12-13,7,Ligue 1,27,2015/2016,Olympique de Marseille,Gazélec Ajaccio
3754013,2015-12-14,2,Premier League,27,2015/2016,Leicester City,Chelsea
3879655,2015-12-14,12,Serie A,27,2015/2016,Lazio,Sampdoria
3900560,2015-12-18,7,Ligue 1,27,2015/2016,OGC Nice,Montpellier
3754025,2015-12-19,2,Premier League,27,2015/2016,Chelsea,Sunderland
3754044,2015-12-19,2,Premier League,27,2015/2016,Manchester United,Norwich City
3754136,2015-12-19,2,Premier League,27,2015/2016,Newcastle United,Aston Villa
3754153,2015-12-19,2,Premier League,27,2015/2016,Stoke City,Crystal Palace
3754166,2015-12-19,2,Premier League,27,2015/2016,Everton,Leicester City
3754188,2015-12-19,2,Premier League,27,2015/2016,Southampton,Tottenham Hotspur
3754219,2015-12-19,2,Premier League,27,2015/2016,West Bromwich Albion,AFC Bournemouth
3825697,2015-12-19,11,La Liga,27,2015/2016,Valencia,Getafe
3825698,2015-12-19,11,La Liga,27,2015/2016,RC Deportivo La Coruña,Eibar
3825699,2015-12-19,11,La Liga,27,2015/2016,Real Betis,Sevilla
3825891,2015-12-19,11,La Liga,27,2015/2016,Espanyol,Las Palmas
3879656,2015-12-19,12,Serie A,27,2015/2016,Bologna,Empoli
3890409,2015-12-19,9,1. Bundesliga,27,2015/2016,Ingolstadt,Bayer Leverkusen
3900561,2015-12-19,7,Ligue 1,27,2015/2016,Toulouse,Lille
3900562,2015-12-19,7,Ligue 1,27,2015/2016,Stade Malherbe Caen,Paris Saint-Germain
3900563,2015-12-19,7,Ligue 1,27,2015/2016,Guingamp,Rennes
3900564,2015-12-19,7,Ligue 1,27,2015/2016,Troyes,AS Monaco
3900565,2015-12-19,7,Ligue 1,27,2015/2016,Lorient,Nantes
3900566,2015-12-19,7,Ligue 1,27,2015/2016,Bastia,Stade de Reims
3754051,2015-12-20,2,Premier League,27,2015/2016,Watford,Liverpool
3754259,2015-12-20,2,Premier League,27,2015/2016,Swansea City,West Ham United
3825700,2015-12-20,11,La Liga,27,2015/2016,Real Madrid,Rayo Vallecano
3825701,2015-12-20,11,La Liga,27,2015/2016,Málaga,Atlético Madrid
3825702,2015-12-20,11,La Liga,27,2015/2016,Real Sociedad,Villarreal
3825703,2015-12-20,11,La Liga,27,2015/2016,Athletic Club,Levante UD
3825704,2015-12-20,11,La Liga,27,2015/2016,Granada,Celta Vigo
3879657,2015-12-20,12,Serie A,27,2015/2016,AS Roma,Genoa
3879658,2015-12-20,12,Serie A,27,2015/2016,Torino,Udinese
3879659,2015-12-20,12,Serie A,27,2015/2016,Inter Milan,Lazio
3879660,2015-12-20,12,Serie A,27,2015/2016,Carpi,Juventus
3879661,2015-12-20,12,Serie A,27,2015/2016,Atalanta,Napoli
3879662,2015-12-20,12,Serie A,27,2015/2016,Fiorentina,Chievo
3879663,2015-12-20,12,Serie A,27,2015/2016,Hellas Verona,Sassuolo
3879664,2015-12-20,12,Serie A,27,2015/2016,Sampdoria,Palermo
3879665,2015-12-20,12,Serie A,27,2015/2016,Frosinone,AC Milan
3900567,2015-12-20,7,Ligue 1,27,2015/2016,Bordeaux,Olympique de Marseille
3900568,2015-12-20,7,Ligue 1,27,2015/2016,Gazélec Ajaccio,Lyon
3900569,2015-12-20,7,Ligue 1,27,2015/2016,Saint-Étienne,Angers
3754296,2015-12-21,2,Premier League,27,2015/2016,Arsenal,Manchester City
3753974,2015-12-26,2,Premier League,27,2015/2016,Newcastle United,Everton
3754014,2015-12-26,2,Premier League,27,2015/2016,Stoke City,Manchester United
3754054,2015-12-26,2,Premier League,27,2015/2016,Manchester City,Sunderland
3754057,2015-12-26,2,Premier League,27,2015/2016,Tottenham Hotspur,Norwich City
3754248,2015-12-26,2,Premier League,27,2015/2016,AFC Bournemouth,Crystal Palace
3754279,2015-12-26,2,Premier League,27,2015/2016,Swansea City,West Bromwich Albion
3754285,2015-12-26,2,Premier League,27,2015/2016,Aston Villa,West Ham United
3754287,2015-12-26,2,Premier League,27,2015/2016,Chelsea,Watford
3754309,2015-12-26,2,Premier League,27,2015/2016,Southampton,Arsenal
3754343,2015-12-26,2,Premier League,27,2015/2016,Liverpool,Leicester City
3753998,2015-12-28,2,Premier League,27,2015/2016,West Ham United,Southampton
3754019,2015-12-28,2,Premier League,27,2015/2016,Manchester United,Chelsea
3754056,2015-12-28,2,Premier League,27,2015/2016,Everton,Stoke City
3754130,2015-12-28,2,Premier League,27,2015/2016,Norwich City,Aston Villa
3754173,2015-12-28,2,Premier League,27,2015/2016,Arsenal,AFC Bournemouth
3754195,2015-12-28,2,Premier League,27,2015/2016,West Bromwich Albion,Newcastle United
3754291,2015-12-28,2,Premier League,27,2015/2016,Watford,Tottenham Hotspur
3754326,2015-12-28,2,Premier League,27,2015/2016,Crystal Palace,Swansea City
3754045,2015-12-29,2,Premier League,27,2015/2016,Leicester City,Manchester City
267327,2015-12-30,11,La Liga,27,2015/2016,Barcelona,Real Betis
3754226,2015-12-30,2,Premier League,27,2015/2016,Sunderland,Liverpool
3825705,2015-12-30,11,La Liga,27,2015/2016,Eibar,Sporting Gijón
3825706,2015-12-30,11,La Liga,27,2015/2016,Celta Vigo,Athletic Club
3825707,2015-12-30,11,La Liga,27,2015/2016,Las Palmas,Granada
3825708,2015-12-30,11,La Liga,27,2015/2016,Levante UD,Málaga
3825709,2015-12-30,11,La Liga,27,2015/2016,Sevilla,Espanyol
3825710,2015-12-30,11,La Liga,27,2015/2016,Real Madrid,Real Sociedad
3825711,2015-12-30,11,La Liga,27,2015/2016,Rayo Vallecano,Atlético Madrid
3825712,2015-12-30,11,La Liga,27,2015/2016,Getafe,RC Deportivo La Coruña
3825713,2015-12-31,11,La Liga,27,2015/2016,Villarreal,Valencia
266670,2016-01-02,11,La Liga,27,2015/2016,Espanyol,Barcelona
3754036,2016-01-02,2,Premier League,27,2015/2016,Sunderland,Aston Villa
3754058,2016-01-02,2,Premier League,27,2015/2016,Leicester City,AFC Bournemouth
3754069,2016-01-02,2,Premier League,27,2015/2016,Arsenal,Newcastle United
3754101,2016-01-02,2,Premier League,27,2015/2016,Norwich City,Southampton
3754122,2016-01-02,2,Premier League,27,2015/2016,West Bromwich Albion,Stoke City
3754251,2016-01-02,2,Premier League,27,2015/2016,West Ham United,Liverpool
3754319,2016-01-02,2,Premier League,27,2015/2016,Manchester United,Swansea City
3754346,2016-01-02,2,Premier League,27,2015/2016,Watford,Manchester City
3825714,2016-01-02,11,La Liga,27,2015/2016,Atlético Madrid,Levante UD
3825715,2016-01-02,11,La Liga,27,2015/2016,Málaga,Celta Vigo
3754114,2016-01-03,2,Premier League,27,2015/2016,Crystal Palace,Chelsea
3754140,2016-01-03,2,Premier League,27,2015/2016,Everton,Tottenham Hotspur
3825716,2016-01-03,11,La Liga,27,2015/2016,Rayo Vallecano,Real Sociedad
3825717,2016-01-03,11,La Liga,27,2015/2016,Granada,Sevilla
3825718,2016-01-03,11,La Liga,27,2015/2016,Valencia,Real Madrid
3825719,2016-01-03,11,La Liga,27,2015/2016,Athletic Club,Las Palmas
3825720,2016-01-03,11,La Liga,27,2015/2016,Real Betis,Eibar
3825721,2016-01-03,11,La Liga,27,2015/2016,RC Deportivo La Coruña,Villarreal
3825722,2016-01-04,11,La Liga,27,2015/2016,Sporting Gijón,Getafe
3879666,2016-01-05,12,Serie A,27,2015/2016,Genoa,Sampdoria
3879667,2016-01-06,12,Serie A,27,2015/2016,Sassuolo,Frosinone
3879668,2016-01-06,12,Serie A,27,2015/2016,Empoli,Inter Milan
3879669,2016-01-06,12,Serie A,27,2015/2016,Napoli,Torino
3879670,2016-01-06,12,Serie A,27,2015/2016,Juventus,Hellas Verona
3879671,2016-01-06,12,Serie A,27,2015/2016,Palermo,Fiorentina
3879672,2016-01-06,12,Serie A,27,2015/2016,Chievo,AS Roma
3879673,2016-01-06,12,Serie A,27,2015/2016,Udinese,Atalanta
3879674,2016-01-06,12,Serie A,27,2015/2016,AC Milan,Bologna
3879675,2016-01-06,12,Serie A,27,2015/2016,Lazio,Carpi
3900570,2016-01-08,7,Ligue 1,27,2015/2016,Paris Saint-Germain,Bastia
266620,2016-01-09,11,La Liga,27,2015/2016,Barcelona,Granada
3825723,2016-01-09,11,La Liga,27,2015/2016,Levante UD,Rayo Vallecano
3825724,2016-01-09,11,La Liga,27,2015/2016,Real Madrid,RC Deportivo La Coruña
3825725,2016-01-09,11,La Liga,27,2015/2016,Getafe,Real Betis
3825726,2016-01-09,11,La Liga,27,2015/2016,Sevilla,Athletic Club
3879676,2016-01-09,12,Serie A,27,2015/2016,AS Roma,AC Milan
3879677,2016-01-09,12,Serie A,27,2015/2016,Fiorentina,Lazio
3879678,2016-01-09,12,Serie A,27,2015/2016,Carpi,Udinese
3900571,2016-01-09,7,Ligue 1,27,2015/2016,Rennes,Lorient
3900572,2016-01-09,7,Ligue 1,27,2015/2016,AS Monaco,Gazélec Ajaccio
3900573,2016-01-09,7,Ligue 1,27,2015/2016,Angers,Stade Malherbe Caen
3900574,2016-01-09,7,Ligue 1,27,2015/2016,Lyon,Troyes
3900575,2016-01-09,7,Ligue 1,27,2015/2016,Stade de Reims,Toulouse
3900576,2016-01-09,7,Ligue 1,27,2015/2016,Montpellier,Bordeaux
3825727,2016-01-10,11,La Liga,27,2015/2016,Eibar,Espanyol
3825728,2016-01-10,11,La Liga,27,2015/2016,Celta Vigo,Atlético Madrid
3825729,2016-01-10,11,La Liga,27,2015/2016,Villarreal,Sporting Gijón
3825730,2016-01-10,11,La Liga,27,2015/2016,Real Sociedad,Valencia
3825731,2016-01-10,11,La Liga,27,2015/2016,Las Palmas,Málaga
3879679,2016-01-10,12,Serie A,27,2015/2016,Frosinone,Napoli
3879680,2016-01-10,12,Serie A,27,2015/2016,Bologna,Chievo
3879681,2016-01-10,12,Serie A,27,2015/2016,Inter Milan,Sassuolo
3879682,2016-01-10,12,Serie A,27,2015/2016,Torino,Empoli
3879683,2016-01-10,12,Serie A,27,2015/2016,Hellas Verona,Palermo
3879684,2016-01-10,12,Serie A,27,2015/2016,Sampdoria,Juventus
3879685,2016-01-10,12,Serie A,27,2015/2016,Atalanta,Genoa
3900577,2016-01-10,7,Ligue 1,27,2015/2016,Olympique de Marseille,Guingamp
3900578,2016-01-10,7,Ligue 1,27,2015/2016,Lille,OGC Nice
3900579,2016-01-10,7,Ligue 1,27,2015/2016,Nantes,Saint-Étienne
3753981,2016-01-12,2,Premier League,27,2015/2016,Aston Villa,Crystal Palace
3754021,2016-01-12,2,Premier League,27,2015/2016,AFC Bournemouth,West Ham United
3754088,2016-01-12,2,Premier League,27,2015/2016,Newcastle United,Manchester United
3754032,2016-01-13,2,Premier League,27,2015/2016,Stoke City,Norwich City
3754062,2016-01-13,2,Premier League,27,2015/2016,Chelsea,West Bromwich Albion
3754065,2016-01-13,2,Premier League,27,2015/2016,Tottenham Hotspur,Leicester City
3754071,2016-01-13,2,Premier League,27,2015/2016,Swansea City,Sunderland
3754142,2016-01-13,2,Premier League,27,2015/2016,Manchester City,Everton
3754183,2016-01-13,2,Premier League,27,2015/2016,Southampton,Watford
3754305,2016-01-13,2,Premier League,27,2015/2016,Liverpool,Arsenal
3900580,2016-01-15,7,Ligue 1,27,2015/2016,OGC Nice,Angers
3754004,2016-01-16,2,Premier League,27,2015/2016,AFC Bournemouth,Norwich City
3754027,2016-01-16,2,Premier League,27,2015/2016,Tottenham Hotspur,Sunderland
3754125,2016-01-16,2,Premier League,27,2015/2016,Chelsea,Everton
3754168,2016-01-16,2,Premier League,27,2015/2016,Southampton,West Bromwich Albion
3754250,2016-01-16,2,Premier League,27,2015/2016,Aston Villa,Leicester City
3754260,2016-01-16,2,Premier League,27,2015/2016,Manchester City,Crystal Palace
3754338,2016-01-16,2,Premier League,27,2015/2016,Newcastle United,West Ham United
3825732,2016-01-16,11,La Liga,27,2015/2016,Celta Vigo,Levante UD
3825733,2016-01-16,11,La Liga,27,2015/2016,Sevilla,Málaga
3825734,2016-01-16,11,La Liga,27,2015/2016,Real Sociedad,RC Deportivo La Coruña
3825735,2016-01-16,11,La Liga,27,2015/2016,Villarreal,Real Betis
3879686,2016-01-16,12,Serie A,27,2015/2016,Napoli,Sassuolo
3879687,2016-01-16,12,Serie A,27,2015/2016,Torino,Frosinone
3879688,2016-01-16,12,Serie A,27,2015/2016,Atalanta,Inter Milan
3900581,2016-01-16,7,Ligue 1,27,2015/2016,Bordeaux,Lille
3900582,2016-01-16,7,Ligue 1,27,2015/2016,Gazélec Ajaccio,Stade de Reims
3900583,2016-01-16,7,Ligue 1,27,2015/2016,Troyes,Rennes
3900584,2016-01-16,7,Ligue 1,27,2015/2016,Bastia,Montpellier
3900585,2016-01-16,7,Ligue 1,27,2015/2016,Toulouse,Paris Saint-Germain
3900586,2016-01-16,7,Ligue 1,27,2015/2016,Guingamp,Nantes
266149,2016-01-17,11,La Liga,27,2015/2016,Barcelona,Athletic Club
3754202,2016-01-17,2,Premier League,27,2015/2016,Stoke City,Arsenal
3754345,2016-01-17,2,Premier League,27,2015/2016,Liverpool,Manchester United
3825736,2016-01-17,11,La Liga,27,2015/2016,Valencia,Rayo Vallecano
3825737,2016-01-17,11,La Liga,27,2015/2016,Getafe,Espanyol
3825738,2016-01-17,11,La Liga,27,2015/2016,Las Palmas,Atlético Madrid
3825739,2016-01-17,11,La Liga,27,2015/2016,Real Madrid,Sporting Gijón
3879689,2016-01-17,12,Serie A,27,2015/2016,Carpi,Sampdoria
3879690,2016-01-17,12,Serie A,27,2015/2016,AC Milan,Fiorentina
3879691,2016-01-17,12,Serie A,27,2015/2016,AS Roma,Hellas Verona
3879692,2016-01-17,12,Serie A,27,2015/2016,Chievo,Empoli
3879693,2016-01-17,12,Serie A,27,2015/2016,Udinese,Juventus
3879694,2016-01-17,12,Serie A,27,2015/2016,Bologna,Lazio
3879695,2016-01-17,12,Serie A,27,2015/2016,Genoa,Palermo
3900587,2016-01-17,7,Ligue 1,27,2015/2016,Saint-Étienne,Lyon
3900588,2016-01-17,7,Ligue 1,27,2015/2016,Lorient,AS Monaco
3900589,2016-01-17,7,Ligue 1,27,2015/2016,Stade Malherbe Caen,Olympique de Marseille
3754161,2016-01-18,2,Premier League,27,2015/2016,Swansea City,Watford
3825740,2016-01-18,11,La Liga,27,2015/2016,Eibar,Granada
3879696,2016-01-20,12,Serie A,27,2015/2016,Sassuolo,Torino
3825741,2016-01-22,11,La Liga,27,2015/2016,Sporting Gijón,Real Sociedad
3900590,2016-01-22,7,Ligue 1,27,2015/2016,Rennes,Gazélec Ajaccio
265894,2016-01-23,11,La Liga,27,2015/2016,Málaga,Barcelona
3753975,2016-01-23,2,Premier League,27,2015/2016,Sunderland,AFC Bournemouth
3754084,2016-01-23,2,Premier League,27,2015/2016,West Bromwich Albion,Aston Villa
3754110,2016-01-23,2,Premier League,27,2015/2016,West Ham United,Manchester City
3754179,2016-01-23,2,Premier League,27,2015/2016,Crystal Palace,Tottenham Hotspur
3754200,2016-01-23,2,Premier League,27,2015/2016,Manchester United,Southampton
3754271,2016-01-23,2,Premier League,27,2015/2016,Watford,Newcastle United
3754341,2016-01-23,2,Premier League,27,2015/2016,Leicester City,Stoke City
3754348,2016-01-23,2,Premier League,27,2015/2016,Norwich City,Liverpool
3825742,2016-01-23,11,La Liga,27,2015/2016,Granada,Getafe
3825743,2016-01-23,11,La Liga,27,2015/2016,Rayo Vallecano,Celta Vigo
3825744,2016-01-23,11,La Liga,27,2015/2016,Espanyol,Villarreal
3879697,2016-01-23,12,Serie A,27,2015/2016,Frosinone,Atalanta
3879698,2016-01-23,12,Serie A,27,2015/2016,Empoli,AC Milan
3890415,2016-01-23,9,1. Bundesliga,27,2015/2016,Hoffenheim,Bayer Leverkusen
3900591,2016-01-23,7,Ligue 1,27,2015/2016,Paris Saint-Germain,Angers
3900592,2016-01-23,7,Ligue 1,27,2015/2016,Montpellier,Stade Malherbe Caen
3900593,2016-01-23,7,Ligue 1,27,2015/2016,Lille,Troyes
3900594,2016-01-23,7,Ligue 1,27,2015/2016,Nantes,Bordeaux
3900595,2016-01-23,7,Ligue 1,27,2015/2016,OGC Nice,Lorient
3900596,2016-01-23,7,Ligue 1,27,2015/2016,Guingamp,Bastia
3754111,2016-01-24,2,Premier League,27,2015/2016,Arsenal,Chelsea
3754163,2016-01-24,2,Premier League,27,2015/2016,Everton,Swansea City
3825745,2016-01-24,11,La Liga,27,2015/2016,RC Deportivo La Coruña,Valencia
3825746,2016-01-24,11,La Liga,27,2015/2016,Real Betis,Real Madrid
3825747,2016-01-24,11,La Liga,27,2015/2016,Athletic Club,Eibar
3825748,2016-01-24,11,La Liga,27,2015/2016,Atlético Madrid,Sevilla
3879699,2016-01-24,12,Serie A,27,2015/2016,Sampdoria,Napoli
3879700,2016-01-24,12,Serie A,27,2015/2016,Palermo,Udinese
3879701,2016-01-24,12,Serie A,27,2015/2016,Juventus,AS Roma
3879702,2016-01-24,12,Serie A,27,2015/2016,Hellas Verona,Genoa
3879703,2016-01-24,12,Serie A,27,2015/2016,Lazio,Chievo
3879704,2016-01-24,12,Serie A,27,2015/2016,Inter Milan,Carpi
3879705,2016-01-24,12,Serie A,27,2015/2016,Sassuolo,Bologna
3879706,2016-01-24,12,Serie A,27,2015/2016,Fiorentina,Torino
3900597,2016-01-24,7,Ligue 1,27,2015/2016,Lyon,Olympique de Marseille
3900598,2016-01-24,7,Ligue 1,27,2015/2016,AS Monaco,Toulouse
3900599,2016-01-24,7,Ligue 1,27,2015/2016,Stade de Reims,Saint-Étienne
3825749,2016-01-25,11,La Liga,27,2015/2016,Levante UD,Las Palmas
3900600,2016-01-29,7,Ligue 1,27,2015/2016,Olympique de Marseille,Lille
267576,2016-01-30,11,La Liga,27,2015/2016,Barcelona,Atlético Madrid
3825750,2016-01-30,11,La Liga,27,2015/2016,Real Sociedad,Real Betis
3825751,2016-01-30,11,La Liga,27,2015/2016,Getafe,Athletic Club
3825752,2016-01-30,11,La Liga,27,2015/2016,Eibar,Málaga
3825753,2016-01-30,11,La Liga,27,2015/2016,Villarreal,Granada
3879707,2016-01-30,12,Serie A,27,2015/2016,AS Roma,Frosinone
3879708,2016-01-30,12,Serie A,27,2015/2016,Atalanta,Sassuolo
3879709,2016-01-30,12,Serie A,27,2015/2016,Carpi,Palermo
3890427,2016-01-30,9,1. Bundesliga,27,2015/2016,Bayer Leverkusen,Hannover 96
3900601,2016-01-30,7,Ligue 1,27,2015/2016,Gazélec Ajaccio,Montpellier
3900602,2016-01-30,7,Ligue 1,27,2015/2016,Lorient,Stade de Reims
3900603,2016-01-30,7,Ligue 1,27,2015/2016,Toulouse,Guingamp
3900604,2016-01-30,7,Ligue 1,27,2015/2016,Angers,AS Monaco
3900605,2016-01-30,7,Ligue 1,27,2015/2016,Bastia,Lyon
3900606,2016-01-30,7,Ligue 1,27,2015/2016,Troyes,Nantes
3825754,2016-01-31,11,La Liga,27,2015/2016,Las Palmas,Celta Vigo
3825755,2016-01-31,11,La Liga,27,2015/2016,Valencia,Sporting Gijón
3825756,2016-01-31,11,La Liga,27,2015/2016,Sevilla,Levante UD
3825757,2016-01-31,11,La Liga,27,2015/2016,Real Madrid,Espanyol
3879710,2016-01-31,12,Serie A,27,2015/2016,Bologna,Sampdoria
3879711,2016-01-31,12,Serie A,27,2015/2016,Udinese,Lazio
3879712,2016-01-31,12,Serie A,27,2015/2016,AC Milan,Inter Milan
3879713,2016-01-31,12,Serie A,27,2015/2016,Chievo,Juventus
3879714,2016-01-31,12,Serie A,27,2015/2016,Napoli,Empoli
3879715,2016-01-31,12,Serie A,27,2015/2016,Torino,Hellas Verona
3879716,2016-01-31,12,Serie A,27,2015/2016,Genoa,Fiorentina
3900608,2016-01-31,7,Ligue 1,27,2015/2016,Stade Malherbe Caen,OGC Nice
3900609,2016-01-31,7,Ligue 1,27,2015/2016,Bordeaux,Rennes
3825758,2016-02-01,11,La Liga,27,2015/2016,RC Deportivo La Coruña,Rayo Vallecano
3753997,2016-02-02,2,Premier League,27,2015/2016,West Ham United,Aston Villa
3754089,2016-02-02,2,Premier League,27,2015/2016,Crystal Palace,AFC Bournemouth
3754094,2016-02-02,2,Premier League,27,2015/2016,Manchester United,Stoke City
3754095,2016-02-02,2,Premier League,27,2015/2016,Sunderland,Manchester City
3754201,2016-02-02,2,Premier League,27,2015/2016,Arsenal,Southampton
3754275,2016-02-02,2,Premier League,27,2015/2016,Leicester City,Liverpool
3754317,2016-02-02,2,Premier League,27,2015/2016,Norwich City,Tottenham Hotspur
3754340,2016-02-02,2,Premier League,27,2015/2016,West Bromwich Albion,Swansea City
3879717,2016-02-02,12,Serie A,27,2015/2016,Sassuolo,AS Roma
3900610,2016-02-02,7,Ligue 1,27,2015/2016,Montpellier,Olympique de Marseille
3900611,2016-02-02,7,Ligue 1,27,2015/2016,AS Monaco,Bastia
3754103,2016-02-03,2,Premier League,27,2015/2016,Watford,Chelsea
3754252,2016-02-03,2,Premier League,27,2015/2016,Everton,Newcastle United
3879718,2016-02-03,12,Serie A,27,2015/2016,Empoli,Udinese
3879719,2016-02-03,12,Serie A,27,2015/2016,Sampdoria,Torino
3879720,2016-02-03,12,Serie A,27,2015/2016,Lazio,Napoli
3879721,2016-02-03,12,Serie A,27,2015/2016,Palermo,AC Milan
3879722,2016-02-03,12,Serie A,27,2015/2016,Hellas Verona,Atalanta
3879723,2016-02-03,12,Serie A,27,2015/2016,Inter Milan,Chievo
3879724,2016-02-03,12,Serie A,27,2015/2016,Fiorentina,Carpi
3879725,2016-02-03,12,Serie A,27,2015/2016,Frosinone,Bologna
3879726,2016-02-03,12,Serie A,27,2015/2016,Juventus,Genoa
3900612,2016-02-03,7,Ligue 1,27,2015/2016,Guingamp,Troyes
3900613,2016-02-03,7,Ligue 1,27,2015/2016,OGC Nice,Toulouse
3900614,2016-02-03,7,Ligue 1,27,2015/2016,Lille,Stade Malherbe Caen
3900615,2016-02-03,7,Ligue 1,27,2015/2016,Nantes,Gazélec Ajaccio
3900616,2016-02-03,7,Ligue 1,27,2015/2016,Lyon,Bordeaux
3900617,2016-02-03,7,Ligue 1,27,2015/2016,Stade de Reims,Angers
3900618,2016-02-03,7,Ligue 1,27,2015/2016,Paris Saint-Germain,Lorient
3900619,2016-02-04,7,Ligue 1,27,2015/2016,Rennes,Saint-Étienne
3825759,2016-02-05,11,La Liga,27,2015/2016,Málaga,Getafe
3754080,2016-02-06,2,Premier League,27,2015/2016,Tottenham Hotspur,Watford
3754120,2016-02-06,2,Premier League,27,2015/2016,Southampton,West Ham United
3754127,2016-02-06,2,Premier League,27,2015/2016,Stoke City,Everton
3754290,2016-02-06,2,Premier League,27,2015/2016,Manchester City,Leicester City
3754292,2016-02-06,2,Premier League,27,2015/2016,Newcastle United,West Bromwich Albion
3754303,2016-02-06,2,Premier League,27,2015/2016,Swansea City,Crystal Palace
3754306,2016-02-06,2,Premier League,27,2015/2016,Aston Villa,Norwich City
3754316,2016-02-06,2,Premier League,27,2015/2016,Liverpool,Sunderland
3825760,2016-02-06,11,La Liga,27,2015/2016,Atlético Madrid,Eibar
3825761,2016-02-06,11,La Liga,27,2015/2016,Athletic Club,Villarreal
3825762,2016-02-06,11,La Liga,27,2015/2016,Sporting Gijón,RC Deportivo La Coruña
3825763,2016-02-06,11,La Liga,27,2015/2016,Rayo Vallecano,Las Palmas
3879727,2016-02-06,12,Serie A,27,2015/2016,Genoa,Lazio
3879728,2016-02-06,12,Serie A,27,2015/2016,Bologna,Fiorentina
3890431,2016-02-06,9,1. Bundesliga,27,2015/2016,Bayer Leverkusen,Bayern Munich
3900620,2016-02-06,7,Ligue 1,27,2015/2016,Stade Malherbe Caen,Stade de Reims
3900621,2016-02-06,7,Ligue 1,27,2015/2016,Toulouse,Nantes
3900622,2016-02-06,7,Ligue 1,27,2015/2016,Bastia,Troyes
3900623,2016-02-06,7,Ligue 1,27,2015/2016,Lorient,Montpellier
3900624,2016-02-06,7,Ligue 1,27,2015/2016,Angers,Lyon
3900625,2016-02-06,7,Ligue 1,27,2015/2016,AS Monaco,OGC Nice
3900626,2016-02-06,7,Ligue 1,27,2015/2016,Gazélec Ajaccio,Guingamp
266160,2016-02-07,11,La Liga,27,2015/2016,Levante UD,Barcelona
3754253,2016-02-07,2,Premier League,27,2015/2016,AFC Bournemouth,Arsenal
3754281,2016-02-07,2,Premier League,27,2015/2016,Chelsea,Manchester United
3825764,2016-02-07,11,La Liga,27,2015/2016,Granada,Real Madrid
3825765,2016-02-07,11,La Liga,27,2015/2016,Celta Vigo,Sevilla
3825766,2016-02-07,11,La Liga,27,2015/2016,Real Betis,Valencia
3879729,2016-02-07,12,Serie A,27,2015/2016,Sassuolo,Palermo
3879730,2016-02-07,12,Serie A,27,2015/2016,Hellas Verona,Inter Milan
3879731,2016-02-07,12,Serie A,27,2015/2016,Napoli,Carpi
3879732,2016-02-07,12,Serie A,27,2015/2016,Torino,Chievo
3879733,2016-02-07,12,Serie A,27,2015/2016,Frosinone,Juventus
3879734,2016-02-07,12,Serie A,27,2015/2016,AC Milan,Udinese
3879735,2016-02-07,12,Serie A,27,2015/2016,Atalanta,Empoli
3879736,2016-02-07,12,Serie A,27,2015/2016,AS Roma,Sampdoria
3900627,2016-02-07,7,Ligue 1,27,2015/2016,Bordeaux,Saint-Étienne
3900628,2016-02-07,7,Ligue 1,27,2015/2016,Lille,Rennes
3900629,2016-02-07,7,Ligue 1,27,2015/2016,Olympique de Marseille,Paris Saint-Germain
3825767,2016-02-08,11,La Liga,27,2015/2016,Espanyol,Real Sociedad
3879737,2016-02-11,12,Serie A,27,2015/2016,Lazio,Hellas Verona
3825768,2016-02-12,11,La Liga,27,2015/2016,Sporting Gijón,Rayo Vallecano
3879738,2016-02-12,12,Serie A,27,2015/2016,Carpi,AS Roma
3900630,2016-02-12,7,Ligue 1,27,2015/2016,Rennes,Angers
3754031,2016-02-13,2,Premier League,27,2015/2016,Sunderland,Manchester United
3754039,2016-02-13,2,Premier League,27,2015/2016,Crystal Palace,Watford
3754139,2016-02-13,2,Premier League,27,2015/2016,Swansea City,Southampton
3754244,2016-02-13,2,Premier League,27,2015/2016,Norwich City,West Ham United
3754264,2016-02-13,2,Premier League,27,2015/2016,Chelsea,Newcastle United
3754274,2016-02-13,2,Premier League,27,2015/2016,AFC Bournemouth,Stoke City
3754350,2016-02-13,2,Premier League,27,2015/2016,Everton,West Bromwich Albion
3825769,2016-02-13,11,La Liga,27,2015/2016,Villarreal,Málaga
3825770,2016-02-13,11,La Liga,27,2015/2016,Real Madrid,Athletic Club
3825771,2016-02-13,11,La Liga,27,2015/2016,RC Deportivo La Coruña,Real Betis
3825772,2016-02-13,11,La Liga,27,2015/2016,Valencia,Espanyol
3879739,2016-02-13,12,Serie A,27,2015/2016,Juventus,Napoli
3879740,2016-02-13,12,Serie A,27,2015/2016,Empoli,Frosinone
3879741,2016-02-13,12,Serie A,27,2015/2016,Chievo,Sassuolo
3890444,2016-02-13,9,1. Bundesliga,27,2015/2016,Darmstadt 98,Bayer Leverkusen
3900631,2016-02-13,7,Ligue 1,27,2015/2016,Montpellier,Toulouse
3900632,2016-02-13,7,Ligue 1,27,2015/2016,Guingamp,Bordeaux
3900633,2016-02-13,7,Ligue 1,27,2015/2016,Gazélec Ajaccio,Troyes
3900634,2016-02-13,7,Ligue 1,27,2015/2016,Paris Saint-Germain,Lille
3900635,2016-02-13,7,Ligue 1,27,2015/2016,Stade de Reims,Bastia
3900636,2016-02-13,7,Ligue 1,27,2015/2016,Nantes,Lorient
266254,2016-02-14,11,La Liga,27,2015/2016,Barcelona,Celta Vigo
3754147,2016-02-14,2,Premier League,27,2015/2016,Manchester City,Tottenham Hotspur
3754214,2016-02-14,2,Premier League,27,2015/2016,Aston Villa,Liverpool
3754261,2016-02-14,2,Premier League,27,2015/2016,Arsenal,Leicester City
3825773,2016-02-14,11,La Liga,27,2015/2016,Eibar,Levante UD
3825774,2016-02-14,11,La Liga,27,2015/2016,Getafe,Atlético Madrid
3825775,2016-02-14,11,La Liga,27,2015/2016,Real Sociedad,Granada
3825776,2016-02-14,11,La Liga,27,2015/2016,Sevilla,Las Palmas
3879742,2016-02-14,12,Serie A,27,2015/2016,AC Milan,Genoa
3879743,2016-02-14,12,Serie A,27,2015/2016,Udinese,Bologna
3879744,2016-02-14,12,Serie A,27,2015/2016,Sampdoria,Atalanta
3879745,2016-02-14,12,Serie A,27,2015/2016,Palermo,Torino
3879746,2016-02-14,12,Serie A,27,2015/2016,Fiorentina,Inter Milan
3900637,2016-02-14,7,Ligue 1,27,2015/2016,OGC Nice,Olympique de Marseille
3900638,2016-02-14,7,Ligue 1,27,2015/2016,Lyon,Stade Malherbe Caen
3900639,2016-02-14,7,Ligue 1,27,2015/2016,Saint-Étienne,AS Monaco
266815,2016-02-17,11,La Liga,27,2015/2016,Sporting Gijón,Barcelona
3825777,2016-02-19,11,La Liga,27,2015/2016,Levante UD,Getafe
3879747,2016-02-19,12,Serie A,27,2015/2016,Bologna,Juventus
3901144,2016-02-19,7,Ligue 1,27,2015/2016,Bordeaux,OGC Nice
267273,2016-02-20,11,La Liga,27,2015/2016,Las Palmas,Barcelona
3825778,2016-02-20,11,La Liga,27,2015/2016,Real Betis,Sporting Gijón
3825779,2016-02-20,11,La Liga,27,2015/2016,Celta Vigo,Eibar
3825780,2016-02-20,11,La Liga,27,2015/2016,Espanyol,RC Deportivo La Coruña
3879748,2016-02-20,12,Serie A,27,2015/2016,Hellas Verona,Chievo
3879749,2016-02-20,12,Serie A,27,2015/2016,Inter Milan,Sampdoria
3901145,2016-02-20,7,Ligue 1,27,2015/2016,Angers,Montpellier
3901146,2016-02-20,7,Ligue 1,27,2015/2016,Paris Saint-Germain,Stade de Reims
3901147,2016-02-20,7,Ligue 1,27,2015/2016,Toulouse,Gazélec Ajaccio
3901148,2016-02-20,7,Ligue 1,27,2015/2016,Lorient,Guingamp
3901149,2016-02-20,7,Ligue 1,27,2015/2016,AS Monaco,Troyes
3825781,2016-02-21,11,La Liga,27,2015/2016,Rayo Vallecano,Sevilla
3825782,2016-02-21,11,La Liga,27,2015/2016,Granada,Valencia
3825783,2016-02-21,11,La Liga,27,2015/2016,Athletic Club,Real Sociedad
3825784,2016-02-21,11,La Liga,27,2015/2016,Atlético Madrid,Villarreal
3825785,2016-02-21,11,La Liga,27,2015/2016,Málaga,Real Madrid
3879750,2016-02-21,12,Serie A,27,2015/2016,Atalanta,Fiorentina
3879751,2016-02-21,12,Serie A,27,2015/2016,AS Roma,Palermo
3879752,2016-02-21,12,Serie A,27,2015/2016,Genoa,Udinese
3879753,2016-02-21,12,Serie A,27,2015/2016,Sassuolo,Empoli
3879754,2016-02-21,12,Serie A,27,2015/2016,Torino,Carpi
3879755,2016-02-21,12,Serie A,27,2015/2016,Frosinone,Lazio
3890456,2016-02-21,9,1. Bundesliga,27,2015/2016,Bayer Leverkusen,Borussia Dortmund
3901150,2016-02-21,7,Ligue 1,27,2015/2016,Olympique de Marseille,Saint-Étienne
3901151,2016-02-21,7,Ligue 1,27,2015/2016,Lille,Lyon
3901152,2016-02-21,7,Ligue 1,27,2015/2016,Stade Malherbe Caen,Rennes
3879756,2016-02-22,12,Serie A,27,2015/2016,Napoli,AC Milan
3825786,2016-02-26,11,La Liga,27,2015/2016,Eibar,Las Palmas
3901153,2016-02-26,7,Ligue 1,27,2015/2016,OGC Nice,Bastia
3754012,2016-02-27,2,Premier League,27,2015/2016,Southampton,Chelsea
3754049,2016-02-27,2,Premier League,27,2015/2016,Leicester City,Norwich City
3754121,2016-02-27,2,Premier League,27,2015/2016,Watford,AFC Bournemouth
3754236,2016-02-27,2,Premier League,27,2015/2016,West Bromwich Albion,Crystal Palace
3754321,2016-02-27,2,Premier League,27,2015/2016,Stoke City,Aston Villa
3754331,2016-02-27,2,Premier League,27,2015/2016,West Ham United,Sunderland
3825787,2016-02-27,11,La Liga,27,2015/2016,Real Madrid,Atlético Madrid
3825788,2016-02-27,11,La Liga,27,2015/2016,Getafe,Celta Vigo
3825789,2016-02-27,11,La Liga,27,2015/2016,Real Sociedad,Málaga
3825790,2016-02-27,11,La Liga,27,2015/2016,Sporting Gijón,Espanyol
3825791,2016-02-27,11,La Liga,27,2015/2016,Real Betis,Rayo Vallecano
3879757,2016-02-27,12,Serie A,27,2015/2016,Empoli,AS Roma
3879758,2016-02-27,12,Serie A,27,2015/2016,AC Milan,Torino
3901154,2016-02-27,7,Ligue 1,27,2015/2016,Troyes,Lorient
3901155,2016-02-27,7,Ligue 1,27,2015/2016,Montpellier,Lille
3901156,2016-02-27,7,Ligue 1,27,2015/2016,Guingamp,Angers
3901157,2016-02-27,7,Ligue 1,27,2015/2016,Stade de Reims,Bordeaux
3901158,2016-02-27,7,Ligue 1,27,2015/2016,Toulouse,Rennes
265839,2016-02-28,11,La Liga,27,2015/2016,Barcelona,Sevilla
3754239,2016-02-28,2,Premier League,27,2015/2016,Manchester United,Arsenal
3754324,2016-02-28,2,Premier League,27,2015/2016,Tottenham Hotspur,Swansea City
3825792,2016-02-28,11,La Liga,27,2015/2016,RC Deportivo La Coruña,Granada
3825793,2016-02-28,11,La Liga,27,2015/2016,Valencia,Athletic Club
3825794,2016-02-28,11,La Liga,27,2015/2016,Villarreal,Levante UD
3879759,2016-02-28,12,Serie A,27,2015/2016,Juventus,Inter Milan
3879760,2016-02-28,12,Serie A,27,2015/2016,Palermo,Bologna
3879761,2016-02-28,12,Serie A,27,2015/2016,Carpi,Atalanta
3879762,2016-02-28,12,Serie A,27,2015/2016,Udinese,Hellas Verona
3879763,2016-02-28,12,Serie A,27,2015/2016,Sampdoria,Frosinone
3879764,2016-02-28,12,Serie A,27,2015/2016,Chievo,Genoa
3890463,2016-02-28,9,1. Bundesliga,27,2015/2016,FSV Mainz 05,Bayer Leverkusen
3901159,2016-02-28,7,Ligue 1,27,2015/2016,Lyon,Paris Saint-Germain
3901160,2016-02-28,7,Ligue 1,27,2015/2016,Nantes,AS Monaco
3901161,2016-02-28,7,Ligue 1,27,2015/2016,Saint-Étienne,Stade Malherbe Caen
3879765,2016-02-29,12,Serie A,27,2015/2016,Fiorentina,Napoli
3879766,2016-02-29,12,Serie A,27,2015/2016,Lazio,Sassuolo
3754050,2016-03-01,2,Premier League,27,2015/2016,Sunderland,Crystal Palace
3754231,2016-03-01,2,Premier League,27,2015/2016,Leicester City,West Bromwich Albion
3754280,2016-03-01,2,Premier League,27,2015/2016,Norwich City,Chelsea
3754327,2016-03-01,2,Premier League,27,2015/2016,Aston Villa,Everton
3754334,2016-03-01,2,Premier League,27,2015/2016,AFC Bournemouth,Southampton
3825795,2016-03-01,11,La Liga,27,2015/2016,Atlético Madrid,Real Sociedad
3825796,2016-03-01,11,La Liga,27,2015/2016,Las Palmas,Getafe
3753976,2016-03-02,2,Premier League,27,2015/2016,Arsenal,Swansea City
3753991,2016-03-02,2,Premier League,27,2015/2016,Liverpool,Manchester City
3754005,2016-03-02,2,Premier League,27,2015/2016,Stoke City,Newcastle United
3754232,2016-03-02,2,Premier League,27,2015/2016,Manchester United,Watford
3754349,2016-03-02,2,Premier League,27,2015/2016,West Ham United,Tottenham Hotspur
3825797,2016-03-02,11,La Liga,27,2015/2016,Athletic Club,RC Deportivo La Coruña
3825798,2016-03-02,11,La Liga,27,2015/2016,Levante UD,Real Madrid
3825799,2016-03-02,11,La Liga,27,2015/2016,Málaga,Valencia
3825800,2016-03-02,11,La Liga,27,2015/2016,Celta Vigo,Villarreal
3825801,2016-03-02,11,La Liga,27,2015/2016,Sevilla,Eibar
3890472,2016-03-02,9,1. Bundesliga,27,2015/2016,Bayer Leverkusen,Werder Bremen
266653,2016-03-03,11,La Liga,27,2015/2016,Rayo Vallecano,Barcelona
3825802,2016-03-03,11,La Liga,27,2015/2016,Espanyol,Real Betis
3825803,2016-03-03,11,La Liga,27,2015/2016,Granada,Sporting Gijón
3879767,2016-03-04,12,Serie A,27,2015/2016,AS Roma,Fiorentina
3901162,2016-03-04,7,Ligue 1,27,2015/2016,Stade Malherbe Caen,AS Monaco
3754061,2016-03-05,2,Premier League,27,2015/2016,Chelsea,Stoke City
3754151,2016-03-05,2,Premier League,27,2015/2016,Swansea City,Norwich City
3754164,2016-03-05,2,Premier League,27,2015/2016,Southampton,Sunderland
3754177,2016-03-05,2,Premier League,27,2015/2016,Newcastle United,AFC Bournemouth
3754249,2016-03-05,2,Premier League,27,2015/2016,Manchester City,Aston Villa
3754277,2016-03-05,2,Premier League,27,2015/2016,Everton,West Ham United
3754289,2016-03-05,2,Premier League,27,2015/2016,Watford,Leicester City
3754318,2016-03-05,2,Premier League,27,2015/2016,Tottenham Hotspur,Arsenal
3825804,2016-03-05,11,La Liga,27,2015/2016,RC Deportivo La Coruña,Málaga
3825805,2016-03-05,11,La Liga,27,2015/2016,Villarreal,Las Palmas
3825806,2016-03-05,11,La Liga,27,2015/2016,Real Madrid,Celta Vigo
3825867,2016-03-05,11,La Liga,27,2015/2016,Getafe,Sevilla
3879768,2016-03-05,12,Serie A,27,2015/2016,Hellas Verona,Sampdoria
3879769,2016-03-05,12,Serie A,27,2015/2016,Napoli,Chievo
3890477,2016-03-05,9,1. Bundesliga,27,2015/2016,Augsburg,Bayer Leverkusen
3901163,2016-03-05,7,Ligue 1,27,2015/2016,OGC Nice,Troyes
3901164,2016-03-05,7,Ligue 1,27,2015/2016,Angers,Saint-Étienne
3901165,2016-03-05,7,Ligue 1,27,2015/2016,Bordeaux,Gazélec Ajaccio
3901166,2016-03-05,7,Ligue 1,27,2015/2016,Paris Saint-Germain,Montpellier
3901167,2016-03-05,7,Ligue 1,27,2015/2016,Bastia,Lorient
3901168,2016-03-05,7,Ligue 1,27,2015/2016,Lille,Stade de Reims
266056,2016-03-06,11,La Liga,27,2015/2016,Eibar,Barcelona
3754081,2016-03-06,2,Premier League,27,2015/2016,West Bromwich Albion,Manchester United
3754220,2016-03-06,2,Premier League,27,2015/2016,Crystal Palace,Liverpool
3825807,2016-03-06,11,La Liga,27,2015/2016,Valencia,Atlético Madrid
3825808,2016-03-06,11,La Liga,27,2015/2016,Sporting Gijón,Athletic Club
3825809,2016-03-06,11,La Liga,27,2015/2016,Real Betis,Granada
3825810,2016-03-06,11,La Liga,27,2015/2016,Real Sociedad,Levante UD
3879770,2016-03-06,12,Serie A,27,2015/2016,Atalanta,Juventus
3879771,2016-03-06,12,Serie A,27,2015/2016,Sassuolo,AC Milan
3879772,2016-03-06,12,Serie A,27,2015/2016,Torino,Lazio
3879773,2016-03-06,12,Serie A,27,2015/2016,Frosinone,Udinese
3879774,2016-03-06,12,Serie A,27,2015/2016,Inter Milan,Palermo
3879775,2016-03-06,12,Serie A,27,2015/2016,Genoa,Empoli
3879776,2016-03-06,12,Serie A,27,2015/2016,Bologna,Carpi
3901169,2016-03-06,7,Ligue 1,27,2015/2016,Olympique de Marseille,Toulouse
3901170,2016-03-06,7,Ligue 1,27,2015/2016,Rennes,Nantes
3901171,2016-03-06,7,Ligue 1,27,2015/2016,Lyon,Guingamp
3825811,2016-03-07,11,La Liga,27,2015/2016,Espanyol,Rayo Vallecano
3901172,2016-03-09,7,Ligue 1,27,2015/2016,Bastia,Nantes
3901173,2016-03-09,7,Ligue 1,27,2015/2016,Gazélec Ajaccio,Olympique de Marseille
3825812,2016-03-11,11,La Liga,27,2015/2016,Málaga,Sporting Gijón
3879777,2016-03-11,12,Serie A,27,2015/2016,Juventus,Sassuolo
3901174,2016-03-11,7,Ligue 1,27,2015/2016,AS Monaco,Stade de Reims
266498,2016-03-12,11,La Liga,27,2015/2016,Barcelona,Getafe
3753988,2016-03-12,2,Premier League,27,2015/2016,AFC Bournemouth,Swansea City
3754196,2016-03-12,2,Premier League,27,2015/2016,Stoke City,Southampton
3754313,2016-03-12,2,Premier League,27,2015/2016,Norwich City,Manchester City
3825813,2016-03-12,11,La Liga,27,2015/2016,Atlético Madrid,RC Deportivo La Coruña
3825814,2016-03-12,11,La Liga,27,2015/2016,Celta Vigo,Real Sociedad
3825858,2016-03-12,11,La Liga,27,2015/2016,Rayo Vallecano,Eibar
3879778,2016-03-12,12,Serie A,27,2015/2016,Empoli,Sampdoria
3879779,2016-03-12,12,Serie A,27,2015/2016,Inter Milan,Bologna
3901175,2016-03-12,7,Ligue 1,27,2015/2016,Montpellier,OGC Nice
3901176,2016-03-12,7,Ligue 1,27,2015/2016,Toulouse,Bordeaux
3901177,2016-03-12,7,Ligue 1,27,2015/2016,Bastia,Lille
3901178,2016-03-12,7,Ligue 1,27,2015/2016,Lorient,Olympique de Marseille
3901179,2016-03-12,7,Ligue 1,27,2015/2016,Gazélec Ajaccio,Stade Malherbe Caen
3901180,2016-03-12,7,Ligue 1,27,2015/2016,Guingamp,Saint-Étienne
3754053,2016-03-13,2,Premier League,27,2015/2016,Aston Villa,Tottenham Hotspur
3825815,2016-03-13,11,La Liga,27,2015/2016,Levante UD,Valencia
3825816,2016-03-13,11,La Liga,27,2015/2016,Sevilla,Villarreal
3825844,2016-03-13,11,La Liga,27,2015/2016,Athletic Club,Real Betis
3825879,2016-03-13,11,La Liga,27,2015/2016,Las Palmas,Real Madrid
3879780,2016-03-13,12,Serie A,27,2015/2016,Fiorentina,Hellas Verona
3879781,2016-03-13,12,Serie A,27,2015/2016,Chievo,AC Milan
3879782,2016-03-13,12,Serie A,27,2015/2016,Carpi,Frosinone
3879783,2016-03-13,12,Serie A,27,2015/2016,Udinese,AS Roma
3879784,2016-03-13,12,Serie A,27,2015/2016,Genoa,Torino
3879785,2016-03-13,12,Serie A,27,2015/2016,Lazio,Atalanta
3879786,2016-03-13,12,Serie A,27,2015/2016,Palermo,Napoli
3890492,2016-03-13,9,1. Bundesliga,27,2015/2016,Bayer Leverkusen,Hamburger SV
3901181,2016-03-13,7,Ligue 1,27,2015/2016,Rennes,Lyon
3901182,2016-03-13,7,Ligue 1,27,2015/2016,Nantes,Angers
3901183,2016-03-13,7,Ligue 1,27,2015/2016,Troyes,Paris Saint-Germain
3754002,2016-03-14,2,Premier League,27,2015/2016,Leicester City,Newcastle United
3825881,2016-03-14,11,La Liga,27,2015/2016,Granada,Espanyol
3825817,2016-03-18,11,La Liga,27,2015/2016,Getafe,Eibar
3901184,2016-03-18,7,Ligue 1,27,2015/2016,Olympique de Marseille,Rennes
3753973,2016-03-19,2,Premier League,27,2015/2016,Chelsea,West Ham United
3753977,2016-03-19,2,Premier League,27,2015/2016,Watford,Stoke City
3753980,2016-03-19,2,Premier League,27,2015/2016,Everton,Arsenal
3754052,2016-03-19,2,Premier League,27,2015/2016,West Bromwich Albion,Norwich City
3754181,2016-03-19,2,Premier League,27,2015/2016,Crystal Palace,Leicester City
3754224,2016-03-19,2,Premier League,27,2015/2016,Swansea City,Aston Villa
3825818,2016-03-19,11,La Liga,27,2015/2016,Real Sociedad,Las Palmas
3825880,2016-03-19,11,La Liga,27,2015/2016,RC Deportivo La Coruña,Levante UD
3825887,2016-03-19,11,La Liga,27,2015/2016,Granada,Rayo Vallecano
3825903,2016-03-19,11,La Liga,27,2015/2016,Real Betis,Málaga
3825907,2016-03-19,11,La Liga,27,2015/2016,Sporting Gijón,Atlético Madrid
3879787,2016-03-19,12,Serie A,27,2015/2016,AS Roma,Inter Milan
3879788,2016-03-19,12,Serie A,27,2015/2016,Empoli,Palermo
3901185,2016-03-19,7,Ligue 1,27,2015/2016,Stade de Reims,Guingamp
3901186,2016-03-19,7,Ligue 1,27,2015/2016,Lyon,Nantes
3901187,2016-03-19,7,Ligue 1,27,2015/2016,Angers,Lorient
3901188,2016-03-19,7,Ligue 1,27,2015/2016,Saint-Étienne,Montpellier
3901189,2016-03-19,7,Ligue 1,27,2015/2016,Lille,Toulouse
3901190,2016-03-19,7,Ligue 1,27,2015/2016,Stade Malherbe Caen,Troyes
266106,2016-03-20,11,La Liga,27,2015/2016,Villarreal,Barcelona
3754043,2016-03-20,2,Premier League,27,2015/2016,Tottenham Hotspur,AFC Bournemouth
3754064,2016-03-20,2,Premier League,27,2015/2016,Southampton,Liverpool
3754100,2016-03-20,2,Premier League,27,2015/2016,Newcastle United,Sunderland
3754124,2016-03-20,2,Premier League,27,2015/2016,Manchester City,Manchester United
3825819,2016-03-20,11,La Liga,27,2015/2016,Valencia,Celta Vigo
3825820,2016-03-20,11,La Liga,27,2015/2016,Real Madrid,Sevilla
3825821,2016-03-20,11,La Liga,27,2015/2016,Espanyol,Athletic Club
3879789,2016-03-20,12,Serie A,27,2015/2016,Frosinone,Fiorentina
3879790,2016-03-20,12,Serie A,27,2015/2016,Torino,Juventus
3879791,2016-03-20,12,Serie A,27,2015/2016,AC Milan,Lazio
3879792,2016-03-20,12,Serie A,27,2015/2016,Sampdoria,Chievo
3879793,2016-03-20,12,Serie A,27,2015/2016,Sassuolo,Udinese
3879794,2016-03-20,12,Serie A,27,2015/2016,Atalanta,Bologna
3879795,2016-03-20,12,Serie A,27,2015/2016,Hellas Verona,Carpi
3879796,2016-03-20,12,Serie A,27,2015/2016,Napoli,Genoa
3890500,2016-03-20,9,1. Bundesliga,27,2015/2016,VfB Stuttgart,Bayer Leverkusen
3901191,2016-03-20,7,Ligue 1,27,2015/2016,OGC Nice,Gazélec Ajaccio
3901192,2016-03-20,7,Ligue 1,27,2015/2016,Bordeaux,Bastia
3901193,2016-03-20,7,Ligue 1,27,2015/2016,Paris Saint-Germain,AS Monaco
3825885,2016-04-01,11,La Liga,27,2015/2016,Rayo Vallecano,Getafe
3890502,2016-04-01,9,1. Bundesliga,27,2015/2016,Bayer Leverkusen,Wolfsburg
3901194,2016-04-01,7,Ligue 1,27,2015/2016,AS Monaco,Bordeaux
267533,2016-04-02,11,La Liga,27,2015/2016,Barcelona,Real Madrid
3754075,2016-04-02,2,Premier League,27,2015/2016,Aston Villa,Chelsea
3754087,2016-04-02,2,Premier League,27,2015/2016,Liverpool,Tottenham Hotspur
3754118,2016-04-02,2,Premier League,27,2015/2016,Arsenal,Watford
3754144,2016-04-02,2,Premier League,27,2015/2016,AFC Bournemouth,Manchester City
3754175,2016-04-02,2,Premier League,27,2015/2016,Sunderland,West Bromwich Albion
3754176,2016-04-02,2,Premier League,27,2015/2016,West Ham United,Crystal Palace
3754243,2016-04-02,2,Premier League,27,2015/2016,Norwich City,Newcastle United
3754272,2016-04-02,2,Premier League,27,2015/2016,Stoke City,Swansea City
3825822,2016-04-02,11,La Liga,27,2015/2016,Las Palmas,Valencia
3825872,2016-04-02,11,La Liga,27,2015/2016,Atlético Madrid,Real Betis
3825898,2016-04-02,11,La Liga,27,2015/2016,Celta Vigo,RC Deportivo La Coruña
3879797,2016-04-02,12,Serie A,27,2015/2016,Carpi,Sassuolo
3879798,2016-04-02,12,Serie A,27,2015/2016,Juventus,Empoli
3901195,2016-04-02,7,Ligue 1,27,2015/2016,Gazélec Ajaccio,Saint-Étienne
3901196,2016-04-02,7,Ligue 1,27,2015/2016,Paris Saint-Germain,OGC Nice
3901197,2016-04-02,7,Ligue 1,27,2015/2016,Guingamp,Montpellier
3901198,2016-04-02,7,Ligue 1,27,2015/2016,Troyes,Angers
3901199,2016-04-02,7,Ligue 1,27,2015/2016,Rennes,Stade de Reims
3901200,2016-04-02,7,Ligue 1,27,2015/2016,Toulouse,Stade Malherbe Caen
3753982,2016-04-03,2,Premier League,27,2015/2016,Leicester City,Southampton
3754299,2016-04-03,2,Premier League,27,2015/2016,Manchester United,Everton
3825823,2016-04-03,11,La Liga,27,2015/2016,Sevilla,Real Sociedad
3825824,2016-04-03,11,La Liga,27,2015/2016,Eibar,Villarreal
3825877,2016-04-03,11,La Liga,27,2015/2016,Athletic Club,Granada
3825905,2016-04-03,11,La Liga,27,2015/2016,Málaga,Espanyol
3879799,2016-04-03,12,Serie A,27,2015/2016,Lazio,AS Roma
3879800,2016-04-03,12,Serie A,27,2015/2016,Fiorentina,Sampdoria
3879801,2016-04-03,12,Serie A,27,2015/2016,Inter Milan,Torino
3879802,2016-04-03,12,Serie A,27,2015/2016,Chievo,Palermo
3879803,2016-04-03,12,Serie A,27,2015/2016,Udinese,Napoli
3879804,2016-04-03,12,Serie A,27,2015/2016,Genoa,Frosinone
3879805,2016-04-03,12,Serie A,27,2015/2016,Atalanta,AC Milan
3901201,2016-04-03,7,Ligue 1,27,2015/2016,Bastia,Olympique de Marseille
3901202,2016-04-03,7,Ligue 1,27,2015/2016,Lorient,Lyon
3901203,2016-04-03,7,Ligue 1,27,2015/2016,Nantes,Lille
3825825,2016-04-04,11,La Liga,27,2015/2016,Levante UD,Sporting Gijón
3879806,2016-04-04,12,Serie A,27,2015/2016,Bologna,Hellas Verona
3825826,2016-04-08,11,La Liga,27,2015/2016,Granada,Málaga
3901204,2016-04-08,7,Ligue 1,27,2015/2016,Montpellier,Lyon
266664,2016-04-09,11,La Liga,27,2015/2016,Real Sociedad,Barcelona
3754016,2016-04-09,2,Premier League,27,2015/2016,Southampton,Newcastle United
3754022,2016-04-09,2,Premier League,27,2015/2016,Crystal Palace,Norwich City
3754030,2016-04-09,2,Premier League,27,2015/2016,Watford,Everton
3754035,2016-04-09,2,Premier League,27,2015/2016,Manchester City,West Bromwich Albion
3754116,2016-04-09,2,Premier League,27,2015/2016,Swansea City,Chelsea
3754241,2016-04-09,2,Premier League,27,2015/2016,West Ham United,Arsenal
3754262,2016-04-09,2,Premier League,27,2015/2016,Aston Villa,AFC Bournemouth
3825827,2016-04-09,11,La Liga,27,2015/2016,Real Betis,Levante UD
3825828,2016-04-09,11,La Liga,27,2015/2016,Espanyol,Atlético Madrid
3825856,2016-04-09,11,La Liga,27,2015/2016,Real Madrid,Eibar
3879807,2016-04-09,12,Serie A,27,2015/2016,Chievo,Carpi
3879808,2016-04-09,12,Serie A,27,2015/2016,Frosinone,Inter Milan
3879809,2016-04-09,12,Serie A,27,2015/2016,Sassuolo,Genoa
3879810,2016-04-09,12,Serie A,27,2015/2016,AC Milan,Juventus
3901205,2016-04-09,7,Ligue 1,27,2015/2016,Stade Malherbe Caen,Lorient
3901206,2016-04-09,7,Ligue 1,27,2015/2016,Toulouse,Bastia
3901207,2016-04-09,7,Ligue 1,27,2015/2016,Stade de Reims,Nantes
3901208,2016-04-09,7,Ligue 1,27,2015/2016,Guingamp,Paris Saint-Germain
3901209,2016-04-09,7,Ligue 1,27,2015/2016,Angers,Gazélec Ajaccio
3901210,2016-04-09,7,Ligue 1,27,2015/2016,Saint-Étienne,Troyes
3753986,2016-04-10,2,Premier League,27,2015/2016,Liverpool,Stoke City
3754152,2016-04-10,2,Premier League,27,2015/2016,Sunderland,Leicester City
3754209,2016-04-10,2,Premier League,27,2015/2016,Tottenham Hotspur,Manchester United
3825829,2016-04-10,11,La Liga,27,2015/2016,Athletic Club,Rayo Vallecano
3825830,2016-04-10,11,La Liga,27,2015/2016,Villarreal,Getafe
3825831,2016-04-10,11,La Liga,27,2015/2016,Valencia,Sevilla
3825832,2016-04-10,11,La Liga,27,2015/2016,Sporting Gijón,Celta Vigo
3879811,2016-04-10,12,Serie A,27,2015/2016,Napoli,Hellas Verona
3879812,2016-04-10,12,Serie A,27,2015/2016,Palermo,Lazio
3879813,2016-04-10,12,Serie A,27,2015/2016,Sampdoria,Udinese
3879814,2016-04-10,12,Serie A,27,2015/2016,Empoli,Fiorentina
3879815,2016-04-10,12,Serie A,27,2015/2016,Torino,Atalanta
3890519,2016-04-10,9,1. Bundesliga,27,2015/2016,FC Köln,Bayer Leverkusen
3901211,2016-04-10,7,Ligue 1,27,2015/2016,Olympique de Marseille,Bordeaux
3901212,2016-04-10,7,Ligue 1,27,2015/2016,Lille,AS Monaco
3901213,2016-04-10,7,Ligue 1,27,2015/2016,OGC Nice,Rennes
3825863,2016-04-11,11,La Liga,27,2015/2016,RC Deportivo La Coruña,Las Palmas
3879816,2016-04-11,12,Serie A,27,2015/2016,AS Roma,Bologna
3754048,2016-04-13,2,Premier League,27,2015/2016,Crystal Palace,Everton
3825857,2016-04-15,11,La Liga,27,2015/2016,Levante UD,Espanyol
3901214,2016-04-15,7,Ligue 1,27,2015/2016,Lyon,OGC Nice
3754024,2016-04-16,2,Premier League,27,2015/2016,Newcastle United,Swansea City
3754137,2016-04-16,2,Premier League,27,2015/2016,Everton,Southampton
3754155,2016-04-16,2,Premier League,27,2015/2016,West Bromwich Albion,Watford
3754172,2016-04-16,2,Premier League,27,2015/2016,Norwich City,Sunderland
3754295,2016-04-16,2,Premier League,27,2015/2016,Manchester United,Aston Villa
3754322,2016-04-16,2,Premier League,27,2015/2016,Chelsea,Manchester City
3825833,2016-04-16,11,La Liga,27,2015/2016,Getafe,Real Madrid
3825852,2016-04-16,11,La Liga,27,2015/2016,Las Palmas,Sporting Gijón
3825889,2016-04-16,11,La Liga,27,2015/2016,Celta Vigo,Real Betis
3825897,2016-04-16,11,La Liga,27,2015/2016,Eibar,Real Sociedad
3879817,2016-04-16,12,Serie A,27,2015/2016,Inter Milan,Napoli
3879818,2016-04-16,12,Serie A,27,2015/2016,Bologna,Torino
3879819,2016-04-16,12,Serie A,27,2015/2016,Carpi,Genoa
3890521,2016-04-16,9,1. Bundesliga,27,2015/2016,Bayer Leverkusen,Eintracht Frankfurt
3901215,2016-04-16,7,Ligue 1,27,2015/2016,Gazélec Ajaccio,Lille
3901216,2016-04-16,7,Ligue 1,27,2015/2016,Paris Saint-Germain,Stade Malherbe Caen
3901217,2016-04-16,7,Ligue 1,27,2015/2016,Troyes,Stade de Reims
3901218,2016-04-16,7,Ligue 1,27,2015/2016,Bordeaux,Angers
3901219,2016-04-16,7,Ligue 1,27,2015/2016,Lorient,Toulouse
3901220,2016-04-16,7,Ligue 1,27,2015/2016,Bastia,Saint-Étienne
266557,2016-04-17,11,La Liga,27,2015/2016,Barcelona,Valencia
3754009,2016-04-17,2,Premier League,27,2015/2016,Arsenal,Crystal Palace
3754216,2016-04-17,2,Premier League,27,2015/2016,AFC Bournemouth,Liverpool
3754227,2016-04-17,2,Premier League,27,2015/2016,Leicester City,West Ham United
3825834,2016-04-17,11,La Liga,27,2015/2016,Atlético Madrid,Granada
3825835,2016-04-17,11,La Liga,27,2015/2016,Málaga,Athletic Club
3825836,2016-04-17,11,La Liga,27,2015/2016,Rayo Vallecano,Villarreal
3825906,2016-04-17,11,La Liga,27,2015/2016,Sevilla,RC Deportivo La Coruña
3879820,2016-04-17,12,Serie A,27,2015/2016,Juventus,Palermo
3879821,2016-04-17,12,Serie A,27,2015/2016,Fiorentina,Sassuolo
3879822,2016-04-17,12,Serie A,27,2015/2016,Udinese,Chievo
3879823,2016-04-17,12,Serie A,27,2015/2016,Atalanta,AS Roma
3879824,2016-04-17,12,Serie A,27,2015/2016,Sampdoria,AC Milan
3879825,2016-04-17,12,Serie A,27,2015/2016,Lazio,Empoli
3879826,2016-04-17,12,Serie A,27,2015/2016,Hellas Verona,Frosinone
3901221,2016-04-17,7,Ligue 1,27,2015/2016,Rennes,Guingamp
3901222,2016-04-17,7,Ligue 1,27,2015/2016,Nantes,Montpellier
3901223,2016-04-17,7,Ligue 1,27,2015/2016,AS Monaco,Olympique de Marseille
3754187,2016-04-18,2,Premier League,27,2015/2016,Stoke City,Tottenham Hotspur
3754206,2016-04-19,2,Premier League,27,2015/2016,Newcastle United,Manchester City
3825837,2016-04-19,11,La Liga,27,2015/2016,Real Betis,Las Palmas
3825862,2016-04-19,11,La Liga,27,2015/2016,Espanyol,Celta Vigo
3879827,2016-04-19,12,Serie A,27,2015/2016,Napoli,Bologna
266310,2016-04-20,11,La Liga,27,2015/2016,RC Deportivo La Coruña,Barcelona
3754086,2016-04-20,2,Premier League,27,2015/2016,West Ham United,Watford
3754294,2016-04-20,2,Premier League,27,2015/2016,Liverpool,Everton
3754310,2016-04-20,2,Premier League,27,2015/2016,Manchester United,Crystal Palace
3825838,2016-04-20,11,La Liga,27,2015/2016,Athletic Club,Atlético Madrid
3825839,2016-04-20,11,La Liga,27,2015/2016,Sporting Gijón,Sevilla
3825840,2016-04-20,11,La Liga,27,2015/2016,Valencia,Eibar
3825843,2016-04-20,11,La Liga,27,2015/2016,Málaga,Rayo Vallecano
3825893,2016-04-20,11,La Liga,27,2015/2016,Real Madrid,Villarreal
3879828,2016-04-20,12,Serie A,27,2015/2016,AS Roma,Torino
3879829,2016-04-20,12,Serie A,27,2015/2016,Empoli,Hellas Verona
3879830,2016-04-20,12,Serie A,27,2015/2016,Genoa,Inter Milan
3879831,2016-04-20,12,Serie A,27,2015/2016,Sassuolo,Sampdoria
3879832,2016-04-20,12,Serie A,27,2015/2016,Palermo,Atalanta
3879833,2016-04-20,12,Serie A,27,2015/2016,Juventus,Lazio
3879834,2016-04-20,12,Serie A,27,2015/2016,Udinese,Fiorentina
3879835,2016-04-20,12,Serie A,27,2015/2016,Chievo,Frosinone
3754284,2016-04-21,2,Premier League,27,2015/2016,Arsenal,West Bromwich Albion
3825841,2016-04-21,11,La Liga,27,2015/2016,Real Sociedad,Getafe
3825896,2016-04-21,11,La Liga,27,2015/2016,Granada,Levante UD
3879836,2016-04-21,12,Serie A,27,2015/2016,AC Milan,Carpi
3825871,2016-04-22,11,La Liga,27,2015/2016,Las Palmas,Espanyol
3901224,2016-04-22,7,Ligue 1,27,2015/2016,OGC Nice,Stade de Reims
265944,2016-04-23,11,La Liga,27,2015/2016,Barcelona,Sporting Gijón
3754154,2016-04-23,2,Premier League,27,2015/2016,Liverpool,Newcastle United
3754242,2016-04-23,2,Premier League,27,2015/2016,AFC Bournemouth,Chelsea
3754282,2016-04-23,2,Premier League,27,2015/2016,Aston Villa,Southampton
3754307,2016-04-23,2,Premier League,27,2015/2016,Manchester City,Stoke City
3825847,2016-04-23,11,La Liga,27,2015/2016,Eibar,RC Deportivo La Coruña
3825886,2016-04-23,11,La Liga,27,2015/2016,Rayo Vallecano,Real Madrid
3825890,2016-04-23,11,La Liga,27,2015/2016,Atlético Madrid,Málaga
3879837,2016-04-23,12,Serie A,27,2015/2016,Inter Milan,Udinese
3890534,2016-04-23,9,1. Bundesliga,27,2015/2016,Schalke 04,Bayer Leverkusen
3901225,2016-04-23,7,Ligue 1,27,2015/2016,Toulouse,Lyon
3753990,2016-04-24,2,Premier League,27,2015/2016,Sunderland,Arsenal
3754228,2016-04-24,2,Premier League,27,2015/2016,Leicester City,Swansea City
3825842,2016-04-24,11,La Liga,27,2015/2016,Levante UD,Athletic Club
3825875,2016-04-24,11,La Liga,27,2015/2016,Villarreal,Real Sociedad
3825884,2016-04-24,11,La Liga,27,2015/2016,Sevilla,Real Betis
3825899,2016-04-24,11,La Liga,27,2015/2016,Getafe,Valencia
3879838,2016-04-24,12,Serie A,27,2015/2016,Sampdoria,Lazio
3879839,2016-04-24,12,Serie A,27,2015/2016,Fiorentina,Juventus
3879840,2016-04-24,12,Serie A,27,2015/2016,Bologna,Genoa
3879841,2016-04-24,12,Serie A,27,2015/2016,Frosinone,Palermo
3879842,2016-04-24,12,Serie A,27,2015/2016,Atalanta,Chievo
3879843,2016-04-24,12,Serie A,27,2015/2016,Torino,Sassuolo
3901226,2016-04-24,7,Ligue 1,27,2015/2016,Montpellier,Troyes
3901227,2016-04-24,7,Ligue 1,27,2015/2016,Olympique de Marseille,Nantes
3901228,2016-04-24,7,Ligue 1,27,2015/2016,Saint-Étienne,Lorient
3901229,2016-04-24,7,Ligue 1,27,2015/2016,Guingamp,Stade Malherbe Caen
3901230,2016-04-24,7,Ligue 1,27,2015/2016,Gazélec Ajaccio,Bastia
3901231,2016-04-24,7,Ligue 1,27,2015/2016,Rennes,AS Monaco
3754332,2016-04-25,2,Premier League,27,2015/2016,Tottenham Hotspur,West Bromwich Albion
3825868,2016-04-25,11,La Liga,27,2015/2016,Celta Vigo,Granada
3879844,2016-04-25,12,Serie A,27,2015/2016,Carpi,Empoli
3879845,2016-04-25,12,Serie A,27,2015/2016,AS Roma,Napoli
3879846,2016-04-25,12,Serie A,27,2015/2016,Hellas Verona,AC Milan
3901232,2016-04-27,7,Ligue 1,27,2015/2016,Lille,Angers
3825854,2016-04-29,11,La Liga,27,2015/2016,Sporting Gijón,Eibar
3901233,2016-04-29,7,Ligue 1,27,2015/2016,Paris Saint-Germain,Rennes
266986,2016-04-30,11,La Liga,27,2015/2016,Real Betis,Barcelona
3754037,2016-04-30,2,Premier League,27,2015/2016,Everton,AFC Bournemouth
3754063,2016-04-30,2,Premier League,27,2015/2016,Watford,Aston Villa
3754132,2016-04-30,2,Premier League,27,2015/2016,Stoke City,Sunderland
3754170,2016-04-30,2,Premier League,27,2015/2016,Newcastle United,Crystal Palace
3754184,2016-04-30,2,Premier League,27,2015/2016,Arsenal,Norwich City
3754192,2016-04-30,2,Premier League,27,2015/2016,West Bromwich Albion,West Ham United
3825859,2016-04-30,11,La Liga,27,2015/2016,Granada,Las Palmas
3825864,2016-04-30,11,La Liga,27,2015/2016,Real Sociedad,Real Madrid
3825878,2016-04-30,11,La Liga,27,2015/2016,Atlético Madrid,Rayo Vallecano
3879847,2016-04-30,12,Serie A,27,2015/2016,Udinese,Torino
3879848,2016-04-30,12,Serie A,27,2015/2016,Chievo,Fiorentina
3890540,2016-04-30,9,1. Bundesliga,27,2015/2016,Bayer Leverkusen,Hertha Berlin
3901234,2016-04-30,7,Ligue 1,27,2015/2016,Stade de Reims,Montpellier
3901235,2016-04-30,7,Ligue 1,27,2015/2016,Lyon,Gazélec Ajaccio
3901236,2016-04-30,7,Ligue 1,27,2015/2016,Nantes,OGC Nice
3901237,2016-04-30,7,Ligue 1,27,2015/2016,Saint-Étienne,Toulouse
3901238,2016-04-30,7,Ligue 1,27,2015/2016,AS Monaco,Guingamp
3901240,2016-04-30,7,Ligue 1,27,2015/2016,Lorient,Lille
3901241,2016-04-30,7,Ligue 1,27,2015/2016,Stade Malherbe Caen,Bastia
3754018,2016-05-01,2,Premier League,27,2015/2016,Swansea City,Liverpool
3754165,2016-05-01,2,Premier League,27,2015/2016,Manchester United,Leicester City
3754320,2016-05-01,2,Premier League,27,2015/2016,Southampton,Manchester City
3825845,2016-05-01,11,La Liga,27,2015/2016,Espanyol,Sevilla
3825870,2016-05-01,11,La Liga,27,2015/2016,Athletic Club,Celta Vigo
3825873,2016-05-01,11,La Liga,27,2015/2016,Valencia,Villarreal
3825894,2016-05-01,11,La Liga,27,2015/2016,RC Deportivo La Coruña,Getafe
3879849,2016-05-01,12,Serie A,27,2015/2016,Empoli,Bologna
3879850,2016-05-01,12,Serie A,27,2015/2016,Juventus,Carpi
3879851,2016-05-01,12,Serie A,27,2015/2016,AC Milan,Frosinone
3879852,2016-05-01,12,Serie A,27,2015/2016,Palermo,Sampdoria
3879853,2016-05-01,12,Serie A,27,2015/2016,Lazio,Inter Milan
3879854,2016-05-01,12,Serie A,27,2015/2016,Sassuolo,Hellas Verona
3901242,2016-05-01,7,Ligue 1,27,2015/2016,Angers,Olympique de Marseille
3754092,2016-05-02,2,Premier League,27,2015/2016,Chelsea,Tottenham Hotspur
3825855,2016-05-02,11,La Liga,27,2015/2016,Málaga,Levante UD
3879855,2016-05-02,12,Serie A,27,2015/2016,Napoli,Atalanta
3879856,2016-05-02,12,Serie A,27,2015/2016,Genoa,AS Roma
3754026,2016-05-07,2,Premier League,27,2015/2016,Crystal Palace,Stoke City
3754033,2016-05-07,2,Premier League,27,2015/2016,Leicester City,Everton
3754070,2016-05-07,2,Premier League,27,2015/2016,Aston Villa,Newcastle United
3754108,2016-05-07,2,Premier League,27,2015/2016,Sunderland,Chelsea
3754158,2016-05-07,2,Premier League,27,2015/2016,West Ham United,Swansea City
3754210,2016-05-07,2,Premier League,27,2015/2016,Norwich City,Manchester United
3754225,2016-05-07,2,Premier League,27,2015/2016,AFC Bournemouth,West Bromwich Albion
3879857,2016-05-07,12,Serie A,27,2015/2016,Inter Milan,Empoli
3879858,2016-05-07,12,Serie A,27,2015/2016,Bologna,AC Milan
3890550,2016-05-07,9,1. Bundesliga,27,2015/2016,Borussia Mönchengladbach,Bayer Leverkusen
3901243,2016-05-07,7,Ligue 1,27,2015/2016,Bastia,Angers
3901244,2016-05-07,7,Ligue 1,27,2015/2016,Toulouse,Troyes
3901245,2016-05-07,7,Ligue 1,27,2015/2016,Bordeaux,Lorient
3901246,2016-05-07,7,Ligue 1,27,2015/2016,Nantes,Stade Malherbe Caen
3901247,2016-05-07,7,Ligue 1,27,2015/2016,Gazélec Ajaccio,Paris Saint-Germain
3901248,2016-05-07,7,Ligue 1,27,2015/2016,Lille,Guingamp
3901249,2016-05-07,7,Ligue 1,27,2015/2016,Montpellier,Rennes
3901250,2016-05-07,7,Ligue 1,27,2015/2016,OGC Nice,Saint-Étienne
3901251,2016-05-07,7,Ligue 1,27,2015/2016,Olympique de Marseille,Stade de Reims
3901252,2016-05-07,7,Ligue 1,27,2015/2016,Lyon,AS Monaco
265958,2016-05-08,11,La Liga,27,2015/2016,Barcelona,Espanyol
3753992,2016-05-08,2,Premier League,27,2015/2016,Tottenham Hotspur,Southampton
3754314,2016-05-08,2,Premier League,27,2015/2016,Manchester City,Arsenal
3754342,2016-05-08,2,Premier League,27,2015/2016,Liverpool,Watford
3825850,2016-05-08,11,La Liga,27,2015/2016,Celta Vigo,Málaga
3825851,2016-05-08,11,La Liga,27,2015/2016,Villarreal,RC Deportivo La Coruña
3825853,2016-05-08,11,La Liga,27,2015/2016,Sevilla,Granada
3825860,2016-05-08,11,La Liga,27,2015/2016,Levante UD,Atlético Madrid
3825861,2016-05-08,11,La Liga,27,2015/2016,Real Sociedad,Rayo Vallecano
3825865,2016-05-08,11,La Liga,27,2015/2016,Getafe,Sporting Gijón
3825866,2016-05-08,11,La Liga,27,2015/2016,Las Palmas,Athletic Club
3825901,2016-05-08,11,La Liga,27,2015/2016,Real Madrid,Valencia
3825904,2016-05-08,11,La Liga,27,2015/2016,Eibar,Real Betis
3879859,2016-05-08,12,Serie A,27,2015/2016,Carpi,Lazio
3879860,2016-05-08,12,Serie A,27,2015/2016,Fiorentina,Palermo
3879861,2016-05-08,12,Serie A,27,2015/2016,Frosinone,Sassuolo
3879862,2016-05-08,12,Serie A,27,2015/2016,Torino,Napoli
3879863,2016-05-08,12,Serie A,27,2015/2016,Atalanta,Udinese
3879864,2016-05-08,12,Serie A,27,2015/2016,Hellas Verona,Juventus
3879865,2016-05-08,12,Serie A,27,2015/2016,Sampdoria,Genoa
3879866,2016-05-08,12,Serie A,27,2015/2016,AS Roma,Chievo
3754134,2016-05-10,2,Premier League,27,2015/2016,West Ham United,Manchester United
3753989,2016-05-11,2,Premier League,27,2015/2016,Sunderland,Everton
3754055,2016-05-11,2,Premier League,27,2015/2016,Liverpool,Chelsea
3754207,2016-05-11,2,Premier League,27,2015/2016,Norwich City,Watford
3901253,2016-05-11,7,Ligue 1,27,2015/2016,Bordeaux,Paris Saint-Germain
3825849,2016-05-13,11,La Liga,27,2015/2016,Valencia,Real Sociedad
267506,2016-05-14,11,La Liga,27,2015/2016,Granada,Barcelona
3825846,2016-05-14,11,La Liga,27,2015/2016,RC Deportivo La Coruña,Real Madrid
3825869,2016-05-14,11,La Liga,27,2015/2016,Athletic Club,Sevilla
3825882,2016-05-14,11,La Liga,27,2015/2016,Atlético Madrid,Celta Vigo
3879867,2016-05-14,12,Serie A,27,2015/2016,Napoli,Frosinone
3879868,2016-05-14,12,Serie A,27,2015/2016,Sassuolo,Inter Milan
3879869,2016-05-14,12,Serie A,27,2015/2016,AC Milan,AS Roma
3879870,2016-05-14,12,Serie A,27,2015/2016,Juventus,Sampdoria
3890563,2016-05-14,9,1. Bundesliga,27,2015/2016,Bayer Leverkusen,Ingolstadt
3901254,2016-05-14,7,Ligue 1,27,2015/2016,Stade de Reims,Lyon
3901255,2016-05-14,7,Ligue 1,27,2015/2016,Angers,Toulouse
3901256,2016-05-14,7,Ligue 1,27,2015/2016,AS Monaco,Montpellier
3901257,2016-05-14,7,Ligue 1,27,2015/2016,Saint-Étienne,Lille
3901258,2016-05-14,7,Ligue 1,27,2015/2016,Guingamp,OGC Nice
3901259,2016-05-14,7,Ligue 1,27,2015/2016,Troyes,Olympique de Marseille
3901260,2016-05-14,7,Ligue 1,27,2015/2016,Lorient,Gazélec Ajaccio
3901261,2016-05-14,7,Ligue 1,27,2015/2016,Paris Saint-Germain,Nantes
3901262,2016-05-14,7,Ligue 1,27,2015/2016,Stade Malherbe Caen,Bordeaux
3901263,2016-05-14,7,Ligue 1,27,2015/2016,Rennes,Bastia
3753994,2016-05-15,2,Premier League,27,2015/2016,Southampton,Crystal Palace
3754041,2016-05-15,2,Premier League,27,2015/2016,Arsenal,Aston Villa
3754042,2016-05-15,2,Premier League,27,2015/2016,West Bromwich Albion,Liverpool
3754123,2016-05-15,2,Premier League,27,2015/2016,Everton,Norwich City
3754149,2016-05-15,2,Premier League,27,2015/2016,Swansea City,Manchester City
3754199,2016-05-15,2,Premier League,27,2015/2016,Stoke City,West Ham United
3754229,2016-05-15,2,Premier League,27,2015/2016,Chelsea,Leicester City
3754308,2016-05-15,2,Premier League,27,2015/2016,Watford,Sunderland
3754333,2016-05-15,2,Premier League,27,2015/2016,Newcastle United,Tottenham Hotspur
3825876,2016-05-15,11,La Liga,27,2015/2016,Real Betis,Getafe
3825883,2016-05-15,11,La Liga,27,2015/2016,Málaga,Las Palmas
3825900,2016-05-15,11,La Liga,27,2015/2016,Sporting Gijón,Villarreal
3825902,2016-05-15,11,La Liga,27,2015/2016,Rayo Vallecano,Levante UD
3825908,2016-05-15,11,La Liga,27,2015/2016,Espanyol,Eibar
3879871,2016-05-15,12,Serie A,27,2015/2016,Udinese,Carpi
3879872,2016-05-15,12,Serie A,27,2015/2016,Chievo,Bologna
3879873,2016-05-15,12,Serie A,27,2015/2016,Empoli,Torino
3879874,2016-05-15,12,Serie A,27,2015/2016,Lazio,Fiorentina
3879875,2016-05-15,12,Serie A,27,2015/2016,Palermo,Hellas Verona
3879876,2016-05-15,12,Serie A,27,2015/2016,Genoa,Atalanta
3754159,2016-05-17,2,Premier League,27,2015/2016,Manchester United,AFC Bournemouth
18243,2016-05-28,16,Champions League,27,2015/2016,Real Madrid,Atlético Madrid
267670,2016-08-20,11,La Liga,2,2016/2017,Barcelona,Real Betis
266892,2016-08-28,11,La Liga,2,2016/2017,Athletic Club,Barcelona
266669,2016-09-10,11,La Liga,2,2016/2017,Barcelona,Deportivo Alavés
267212,2016-09-17,11,La Liga,2,2016/2017,Leganés,Barcelona
267220,2016-09-21,11,La Liga,2,2016/2017,Barcelona,Atlético Madrid
267492,2016-10-15,11,La Liga,2,2016/2017,Barcelona,RC Deportivo La Coruña
266033,2016-10-22,11,La Liga,2,2016/2017,Valencia,Barcelona
267058,2016-10-29,11,La Liga,2,2016/2017,Barcelona,Granada
266989,2016-11-06,11,La Liga,2,2016/2017,Sevilla,Barcelona
266191,2016-11-27,11,La Liga,2,2016/2017,Real Sociedad,Barcelona
267076,2016-12-03,11,La Liga,2,2016/2017,Barcelona,Real Madrid
266357,2016-12-10,11,La Liga,2,2016/2017,Osasuna,Barcelona
266528,2016-12-18,11,La Liga,2,2016/2017,Barcelona,Espanyol
266477,2017-01-08,11,La Liga,2,2016/2017,Villarreal,Barcelona
267395,2017-01-14,11,La Liga,2,2016/2017,Barcelona,Las Palmas
266731,2017-01-22,11,La Liga,2,2016/2017,Eibar,Barcelona
266516,2017-01-29,11,La Liga,2,2016/2017,Real Betis,Barcelona
266874,2017-02-04,11,La Liga,2,2016/2017,Barcelona,Athletic Club
266273,2017-02-11,11,La Liga,2,2016/2017,Deportivo Alavés,Barcelona
267596,2017-02-19,11,La Liga,2,2016/2017,Barcelona,Leganés
267464,2017-02-26,11,La Liga,2,2016/2017,Atlético Madrid,Barcelona
265952,2017-03-01,11,La Liga,2,2016/2017,Barcelona,Sporting Gijón
266299,2017-03-04,11,La Liga,2,2016/2017,Barcelona,Celta Vigo
267660,2017-03-12,11,La Liga,2,2016/2017,RC Deportivo La Coruña,Barcelona
266440,2017-03-19,11,La Liga,2,2016/2017,Barcelona,Valencia
266280,2017-04-05,11,La Liga,2,2016/2017,Barcelona,Sevilla
267590,2017-04-08,11,La Liga,2,2016/2017,Málaga,Barcelona
267373,2017-04-15,11,La Liga,2,2016/2017,Barcelona,Real Sociedad
267569,2017-04-23,11,La Liga,2,2016/2017,Real Madrid,Barcelona
267101,2017-04-26,11,La Liga,2,2016/2017,Barcelona,Osasuna
267077,2017-04-29,11,La Liga,2,2016/2017,Espanyol,Barcelona
266952,2017-05-06,11,La Liga,2,2016/2017,Barcelona,Villarreal
267039,2017-05-14,11,La Liga,2,2016/2017,Las Palmas,Barcelona
267432,2017-05-21,11,La Liga,2,2016/2017,Barcelona,Eibar
18244,2017-06-03,16,Champions League,2,2016/2017,Juventus,Real Madrid
9575,2017-08-20,11,La Liga,1,2017/2018,Barcelona,Real Betis
9581,2017-08-26,11,La Liga,1,2017/2018,Deportivo Alavés,Barcelona
9592,2017-09-09,11,La Liga,1,2017/2018,Barcelona,Espanyol
9602,2017-09-16,11,La Liga,1,2017/2018,Getafe,Barcelona
9609,2017-09-19,11,La Liga,1,2017/2018,Barcelona,Eibar
9620,2017-09-23,11,La Liga,1,2017/2018,Girona,Barcelona
9636,2017-10-01,11,La Liga,1,2017/2018,Barcelona,Las Palmas
9642,2017-10-14,11,La Liga,1,2017/2018,Atlético Madrid,Barcelona
9650,2017-10-21,11,La Liga,1,2017/2018,Barcelona,Málaga
9661,2017-10-28,11,La Liga,1,2017/2018,Athletic Club,Barcelona
9673,2017-11-04,11,La Liga,1,2017/2018,Barcelona,Sevilla
9682,2017-11-18,11,La Liga,1,2017/2018,Leganés,Barcelona
9695,2017-11-26,11,La Liga,1,2017/2018,Valencia,Barcelona
9700,2017-12-02,11,La Liga,1,2017/2018,Barcelona,Celta Vigo
9717,2017-12-10,11,La Liga,1,2017/2018,Villarreal,Barcelona
9726,2017-12-17,11,La Liga,1,2017/2018,Barcelona,RC Deportivo La Coruña
9736,2017-12-23,11,La Liga,1,2017/2018,Real Madrid,Barcelona
9742,2018-01-07,11,La Liga,1,2017/2018,Barcelona,Levante UD
9754,2018-01-14,11,La Liga,1,2017/2018,Real Sociedad,Barcelona
9765,2018-01-21,11,La Liga,1,2017/2018,Real Betis,Barcelona
9774,2018-01-28,11,La Liga,1,2017/2018,Barcelona,Deportivo Alavés
9783,2018-02-04,11,La Liga,1,2017/2018,Espanyol,Barcelona
9794,2018-02-11,11,La Liga,1,2017/2018,Barcelona,Getafe
9799,2018-02-17,11,La Liga,1,2017/2018,Eibar,Barcelona
9811,2018-02-24,11,La Liga,1,2017/2018,Barcelona,Girona
9827,2018-03-01,11,La Liga,1,2017/2018,Las Palmas,Barcelona
9837,2018-03-04,11,La Liga,1,2017/2018,Barcelona,Atlético Madrid
9855,2018-03-18,11,La Liga,1,2017/2018,Barcelona,Athletic Club
9860,2018-03-31,11,La Liga,1,2017/2018,Sevilla,Barcelona
9870,2018-04-07,11,La Liga,1,2017/2018,Barcelona,Leganés
9880,2018-04-14,11,La Liga,1,2017/2018,Barcelona,Valencia
7430,2018-04-15,49,NWSL,3,2018,Washington Spirit,North Carolina Courage
9889,2018-04-17,11,La Liga,1,2017/2018,Celta Vigo,Barcelona
9912,2018-04-29,11,La Liga,1,2017/2018,RC Deportivo La Coruña,Barcelona
7443,2018-05-05,49,NWSL,3,2018,Portland Thorns,Seattle Reign
7444,2018-05-06,49,NWSL,3,2018,North Carolina Courage,Chicago Red Stars
7445,2018-05-06,49,NWSL,3,2018,Utah Royals,Washington Spirit
9924,2018-05-06,11,La Liga,1,2017/2018,Barcelona,Real Madrid
9928,2018-05-09,11,La Liga,1,2017/2018,Barcelona,Villarreal
7451,2018-05-13,49,NWSL,3,2018,North Carolina Courage,Washington Spirit
7456,2018-05-20,49,NWSL,3,2018,NJ/NY Gotham FC,North Carolina Courage
9948,2018-05-20,11,La Liga,1,2017/2018,Barcelona,Real Sociedad
7457,2018-05-24,49,NWSL,3,2018,Orlando Pride,North Carolina Courage
18245,2018-05-26,16,Champions League,1,2017/2018,Real Madrid,Liverpool
7519,2018-05-31,49,NWSL,3,2018,Portland Thorns,North Carolina Courage
7520,2018-06-03,49,NWSL,3,2018,Washington Spirit,Chicago Red Stars
7521,2018-06-03,49,NWSL,3,2018,NJ/NY Gotham FC,Utah Royals
7522,2018-06-04,49,NWSL,3,2018,Houston Dash,North Carolina Courage
7523,2018-06-04,49,NWSL,3,2018,Seattle Reign,Orlando Pride
7525,2018-06-14,43,FIFA World Cup,3,2018,Russia,Saudi Arabia
7576,2018-06-15,43,FIFA World Cup,3,2018,Portugal,Spain
7577,2018-06-15,43,FIFA World Cup,3,2018,Morocco,Iran
7578,2018-06-15,43,FIFA World Cup,3,2018,Egypt,Uruguay
7529,2018-06-16,43,FIFA World Cup,3,2018,Croatia,Nigeria
7530,2018-06-16,43,FIFA World Cup,3,2018,France,Australia
7531,2018-06-16,43,FIFA World Cup,3,2018,Argentina,Iceland
7532,2018-06-16,43,FIFA World Cup,3,2018,Peru,Denmark
7533,2018-06-17,43,FIFA World Cup,3,2018,Brazil,Switzerland
7534,2018-06-17,43,FIFA World Cup,3,2018,Germany,Mexico
7535,2018-06-17,43,FIFA World Cup,3,2018,Costa Rica,Serbia
7536,2018-06-18,43,FIFA World Cup,3,2018,Belgium,Panama
7537,2018-06-18,43,FIFA World Cup,3,2018,Tunisia,England
7538,2018-06-18,43,FIFA World Cup,3,2018,Sweden,South Korea
7539,2018-06-19,43,FIFA World Cup,3,2018,Poland,Senegal
7540,2018-06-19,43,FIFA World Cup,3,2018,Russia,Egypt
7541,2018-06-19,43,FIFA World Cup,3,2018,Colombia,Japan
7542,2018-06-20,43,FIFA World Cup,3,2018,Portugal,Morocco
7543,2018-06-20,43,FIFA World Cup,3,2018,Iran,Spain
7544,2018-06-20,43,FIFA World Cup,3,2018,Uruguay,Saudi Arabia
7545,2018-06-21,43,FIFA World Cup,3,2018,Argentina,Croatia
7546,2018-06-21,43,FIFA World Cup,3,2018,France,Peru
7547,2018-06-21,43,FIFA World Cup,3,2018,Denmark,Australia
7548,2018-06-22,43,FIFA World Cup,3,2018,Brazil,Costa Rica
7549,2018-06-22,43,FIFA World Cup,3,2018,Nigeria,Iceland
7550,2018-06-22,43,FIFA World Cup,3,2018,Serbia,Switzerland
7551,2018-06-23,43,FIFA World Cup,3,2018,Germany,Sweden
7552,2018-06-23,43,FIFA World Cup,3,2018,Belgium,Tunisia
7553,2018-06-23,43,FIFA World Cup,3,2018,South Korea,Mexico
7554,2018-06-24,43,FIFA World Cup,3,2018,England,Panama
7555,2018-06-24,43,FIFA World Cup,3,2018,Poland,Colombia
7556,2018-06-24,43,FIFA World Cup,3,2018,Japan,Senegal
7557,2018-06-25,43,FIFA World Cup,3,2018,Iran,Portugal
7558,2018-06-25,43,FIFA World Cup,3,2018,Uruguay,Russia
7559,2018-06-25,43,FIFA World Cup,3,2018,Saudi Arabia,Egypt
7560,2018-06-25,43,FIFA World Cup,3,2018,Spain,Morocco
7561,2018-06-26,43,FIFA World Cup,3,2018,Iceland,Croatia
7562,2018-06-26,43,FIFA World Cup,3,2018,Australia,Peru
7563,2018-06-26,43,FIFA World Cup,3,2018,Denmark,France
7564,2018-06-26,43,FIFA World Cup,3,2018,Nigeria,Argentina
7565,2018-06-27,43,FIFA World Cup,3,2018,Serbia,Brazil
7566,2018-06-27,43,FIFA World Cup,3,2018,Mexico,Sweden
7567,2018-06-27,43,FIFA World Cup,3,2018,South Korea,Germany
7568,2018-06-27,43,FIFA World Cup,3,2018,Switzerland,Costa Rica
7569,2018-06-28,43,FIFA World Cup,3,2018,Panama,Tunisia
7570,2018-06-28,43,FIFA World Cup,3,2018,England,Belgium
7571,2018-06-28,43,FIFA World Cup,3,2018,Senegal,Colombia
7572,2018-06-28,43,FIFA World Cup,3,2018,Japan,Poland
7471,2018-06-30,49,NWSL,3,2018,Orlando Pride,North Carolina Courage
7579,2018-06-30,43,FIFA World Cup,3,2018,Uruguay,Portugal
7580,2018-06-30,43,FIFA World Cup,3,2018,France,Argentina
7472,2018-07-01,49,NWSL,3,2018,Seattle Reign,Portland Thorns
7473,2018-07-01,49,NWSL,3,2018,Utah Royals,NJ/NY Gotham FC
7581,2018-07-01,43,FIFA World Cup,3,2018,Croatia,Denmark
7582,2018-07-01,43,FIFA World Cup,3,2018,Spain,Russia
7474,2018-07-02,49,NWSL,3,2018,Chicago Red Stars,Washington Spirit
7583,2018-07-02,43,FIFA World Cup,3,2018,Brazil,Mexico
7584,2018-07-02,43,FIFA World Cup,3,2018,Belgium,Japan
7585,2018-07-03,43,FIFA World Cup,3,2018,Colombia,England
7586,2018-07-03,43,FIFA World Cup,3,2018,Sweden,Switzerland
7475,2018-07-05,49,NWSL,3,2018,North Carolina Courage,Chicago Red Stars
8649,2018-07-06,43,FIFA World Cup,3,2018,Uruguay,France
8650,2018-07-06,43,FIFA World Cup,3,2018,Brazil,Belgium
7477,2018-07-07,49,NWSL,3,2018,Portland Thorns,Utah Royals
8651,2018-07-07,43,FIFA World Cup,3,2018,Sweden,England
8652,2018-07-07,43,FIFA World Cup,3,2018,Russia,Croatia
7476,2018-07-08,49,NWSL,3,2018,NJ/NY Gotham FC,Chicago Red Stars
7478,2018-07-08,49,NWSL,3,2018,Seattle Reign,Houston Dash
7479,2018-07-08,49,NWSL,3,2018,Orlando Pride,Washington Spirit
8655,2018-07-10,43,FIFA World Cup,3,2018,France,Belgium
8656,2018-07-11,43,FIFA World Cup,3,2018,Croatia,England
7480,2018-07-12,49,NWSL,3,2018,Seattle Reign,Utah Royals
7482,2018-07-12,49,NWSL,3,2018,North Carolina Courage,Washington Spirit
7524,2018-07-12,49,NWSL,3,2018,Houston Dash,Orlando Pride
8657,2018-07-14,43,FIFA World Cup,3,2018,Belgium,England
7483,2018-07-15,49,NWSL,3,2018,Utah Royals,Orlando Pride
7484,2018-07-15,49,NWSL,3,2018,NJ/NY Gotham FC,North Carolina Courage
7485,2018-07-15,49,NWSL,3,2018,Chicago Red Stars,Seattle Reign
8658,2018-07-15,43,FIFA World Cup,3,2018,France,Croatia
7486,2018-07-16,49,NWSL,3,2018,Portland Thorns,Houston Dash
7487,2018-07-21,49,NWSL,3,2018,Utah Royals,North Carolina Courage
7490,2018-07-22,49,NWSL,3,2018,NJ/NY Gotham FC,Portland Thorns
7492,2018-08-06,49,NWSL,3,2018,Orlando Pride,NJ/NY Gotham FC
7493,2018-08-06,49,NWSL,3,2018,Seattle Reign,Washington Spirit
7494,2018-08-06,49,NWSL,3,2018,Houston Dash,Utah Royals
7496,2018-08-09,49,NWSL,3,2018,Utah Royals,Washington Spirit
7497,2018-08-11,49,NWSL,3,2018,Chicago Red Stars,North Carolina Courage
7500,2018-08-12,49,NWSL,3,2018,Orlando Pride,Portland Thorns
15946,2018-08-18,11,La Liga,4,2018/2019,Barcelona,Deportivo Alavés
15956,2018-08-25,11,La Liga,4,2018/2019,Real Valladolid,Barcelona
15973,2018-09-02,11,La Liga,4,2018/2019,Barcelona,Huesca
19714,2018-09-09,37,FA Women's Super League,4,2018/2019,Chelsea FCW,Manchester City WFC
19715,2018-09-09,37,FA Women's Super League,4,2018/2019,Brighton & Hove Albion WFC,Bristol City WFC
19716,2018-09-09,37,FA Women's Super League,4,2018/2019,Reading WFC,Yeovil Town LFC
19717,2018-09-09,37,FA Women's Super League,4,2018/2019,Arsenal WFC,Liverpool WFC
19718,2018-09-09,37,FA Women's Super League,4,2018/2019,Birmingham City WFC,Everton LFC
15978,2018-09-15,11,La Liga,4,2018/2019,Real Sociedad,Barcelona
19719,2018-09-19,37,FA Women's Super League,4,2018/2019,West Ham United LFC,Reading WFC
19720,2018-09-19,37,FA Women's Super League,4,2018/2019,Bristol City WFC,Chelsea FCW
19722,2018-09-19,37,FA Women's Super League,4,2018/2019,Yeovil Town LFC,Arsenal WFC
19723,2018-09-20,37,FA Women's Super League,4,2018/2019,Everton LFC,Manchester City WFC
15986,2018-09-23,11,La Liga,4,2018/2019,Barcelona,Girona
19724,2018-09-23,37,FA Women's Super League,4,2018/2019,Arsenal WFC,West Ham United LFC
19725,2018-09-23,37,FA Women's Super League,4,2018/2019,Brighton & Hove Albion WFC,Liverpool WFC
19726,2018-09-23,37,FA Women's Super League,4,2018/2019,Everton LFC,Chelsea FCW
19727,2018-09-23,37,FA Women's Super League,4,2018/2019,Reading WFC,Birmingham City WFC
19728,2018-09-23,37,FA Women's Super League,4,2018/2019,Manchester City WFC,Bristol City WFC
15998,2018-09-26,11,La Liga,4,2018/2019,Leganés,Barcelona
16010,2018-09-29,11,La Liga,4,2018/2019,Barcelona,Athletic Club
19730,2018-09-30,37,FA Women's Super League,4,2018/2019,Chelsea FCW,Brighton & Hove Albion WFC
19731,2018-09-30,37,FA Women's Super League,4,2018/2019,West Ham United LFC,Yeovil Town LFC
19732,2018-09-30,37,FA Women's Super League,4,2018/2019,Liverpool WFC,Reading WFC
19733,2018-09-30,37,FA Women's Super League,4,2018/2019,Birmingham City WFC,Manchester City WFC
16023,2018-10-07,11,La Liga,4,2018/2019,Valencia,Barcelona
19734,2018-10-14,37,FA Women's Super League,4,2018/2019,Everton LFC,Brighton & Hove Albion WFC
19735,2018-10-14,37,FA Women's Super League,4,2018/2019,Manchester City WFC,West Ham United LFC
19736,2018-10-14,37,FA Women's Super League,4,2018/2019,Chelsea FCW,Arsenal WFC
19737,2018-10-14,37,FA Women's Super League,4,2018/2019,Liverpool WFC,Yeovil Town LFC
19738,2018-10-14,37,FA Women's Super League,4,2018/2019,Bristol City WFC,Birmingham City WFC
16029,2018-10-20,11,La Liga,4,2018/2019,Barcelona,Sevilla
19739,2018-10-21,37,FA Women's Super League,4,2018/2019,Brighton & Hove Albion WFC,Manchester City WFC
19740,2018-10-21,37,FA Women's Super League,4,2018/2019,West Ham United LFC,Liverpool WFC
19741,2018-10-21,37,FA Women's Super League,4,2018/2019,Arsenal WFC,Reading WFC
19742,2018-10-21,37,FA Women's Super League,4,2018/2019,Yeovil Town LFC,Bristol City WFC
19743,2018-10-21,37,FA Women's Super League,4,2018/2019,Birmingham City WFC,Chelsea FCW
19747,2018-10-26,37,FA Women's Super League,4,2018/2019,Manchester City WFC,Reading WFC
19744,2018-10-28,37,FA Women's Super League,4,2018/2019,Bristol City WFC,Arsenal WFC
19745,2018-10-28,37,FA Women's Super League,4,2018/2019,Brighton & Hove Albion WFC,Yeovil Town LFC
19746,2018-10-28,37,FA Women's Super League,4,2018/2019,Everton LFC,West Ham United LFC
19748,2018-10-28,37,FA Women's Super League,4,2018/2019,Chelsea FCW,Liverpool WFC
19749,2018-11-04,37,FA Women's Super League,4,2018/2019,Arsenal WFC,Birmingham City WFC
19750,2018-11-04,37,FA Women's Super League,4,2018/2019,Yeovil Town LFC,Everton LFC
19751,2018-11-04,37,FA Women's Super League,4,2018/2019,West Ham United LFC,Chelsea FCW
19752,2018-11-04,37,FA Women's Super League,4,2018/2019,Liverpool WFC,Manchester City WFC
19753,2018-11-04,37,FA Women's Super League,4,2018/2019,Reading WFC,Bristol City WFC
16056,2018-11-11,11,La Liga,4,2018/2019,Barcelona,Real Betis
19761,2018-11-17,37,FA Women's Super League,4,2018/2019,Bristol City WFC,Liverpool WFC
19759,2018-11-18,37,FA Women's Super League,4,2018/2019,Everton LFC,Arsenal WFC
19760,2018-11-18,37,FA Women's Super League,4,2018/2019,Chelsea FCW,Yeovil Town LFC
19762,2018-11-18,37,FA Women's Super League,4,2018/2019,Brighton & Hove Albion WFC,Reading WFC
19763,2018-11-18,37,FA Women's Super League,4,2018/2019,Birmingham City WFC,West Ham United LFC
16073,2018-11-24,11,La Liga,4,2018/2019,Atlético Madrid,Barcelona
19764,2018-11-25,37,FA Women's Super League,4,2018/2019,Yeovil Town LFC,Manchester City WFC
19765,2018-11-25,37,FA Women's Super League,4,2018/2019,Liverpool WFC,Birmingham City WFC
19766,2018-11-25,37,FA Women's Super League,4,2018/2019,Arsenal WFC,Brighton & Hove Albion WFC
19767,2018-11-25,37,FA Women's Super League,4,2018/2019,Reading WFC,Everton LFC
19768,2018-11-25,37,FA Women's Super League,4,2018/2019,West Ham United LFC,Bristol City WFC
16079,2018-12-02,11,La Liga,4,2018/2019,Barcelona,Villarreal
19769,2018-12-02,37,FA Women's Super League,4,2018/2019,Brighton & Hove Albion WFC,West Ham United LFC
19770,2018-12-02,37,FA Women's Super League,4,2018/2019,Manchester City WFC,Arsenal WFC
19771,2018-12-02,37,FA Women's Super League,4,2018/2019,Birmingham City WFC,Yeovil Town LFC
19772,2018-12-02,37,FA Women's Super League,4,2018/2019,Chelsea FCW,Reading WFC
19773,2018-12-02,37,FA Women's Super League,4,2018/2019,Everton LFC,Liverpool WFC
16086,2018-12-08,11,La Liga,4,2018/2019,Espanyol,Barcelona
19774,2018-12-09,37,FA Women's Super League,4,2018/2019,Everton LFC,Bristol City WFC
19775,2018-12-09,37,FA Women's Super League,4,2018/2019,Reading WFC,Liverpool WFC
19776,2018-12-09,37,FA Women's Super League,4,2018/2019,Brighton & Hove Albion WFC,Chelsea FCW
19777,2018-12-09,37,FA Women's Super League,4,2018/2019,Yeovil Town LFC,West Ham United LFC
19778,2018-12-09,37,FA Women's Super League,4,2018/2019,Manchester City WFC,Birmingham City WFC
16095,2018-12-16,11,La Liga,4,2018/2019,Levante UD,Barcelona
16109,2018-12-22,11,La Liga,4,2018/2019,Barcelona,Celta Vigo
16120,2019-01-06,11,La Liga,4,2018/2019,Getafe,Barcelona
19779,2019-01-06,37,FA Women's Super League,4,2018/2019,Bristol City WFC,Manchester City WFC
19780,2019-01-06,37,FA Women's Super League,4,2018/2019,Liverpool WFC,Brighton & Hove Albion WFC
19781,2019-01-06,37,FA Women's Super League,4,2018/2019,West Ham United LFC,Arsenal WFC
19782,2019-01-06,37,FA Women's Super League,4,2018/2019,Birmingham City WFC,Reading WFC
19783,2019-01-06,37,FA Women's Super League,4,2018/2019,Chelsea FCW,Everton LFC
16131,2019-01-13,11,La Liga,4,2018/2019,Barcelona,Eibar
19784,2019-01-13,37,FA Women's Super League,4,2018/2019,Brighton & Hove Albion WFC,Everton LFC
19785,2019-01-13,37,FA Women's Super League,4,2018/2019,Arsenal WFC,Chelsea FCW
19786,2019-01-13,37,FA Women's Super League,4,2018/2019,West Ham United LFC,Manchester City WFC
19787,2019-01-13,37,FA Women's Super League,4,2018/2019,Birmingham City WFC,Bristol City WFC
19788,2019-01-13,37,FA Women's Super League,4,2018/2019,Yeovil Town LFC,Liverpool WFC
16136,2019-01-20,11,La Liga,4,2018/2019,Barcelona,Leganés
16149,2019-01-27,11,La Liga,4,2018/2019,Girona,Barcelona
19789,2019-01-27,37,FA Women's Super League,4,2018/2019,Chelsea FCW,Birmingham City WFC
19790,2019-01-27,37,FA Women's Super League,4,2018/2019,Manchester City WFC,Brighton & Hove Albion WFC
19791,2019-01-27,37,FA Women's Super League,4,2018/2019,Reading WFC,Arsenal WFC
19792,2019-01-27,37,FA Women's Super League,4,2018/2019,Bristol City WFC,Yeovil Town LFC
19793,2019-01-28,37,FA Women's Super League,4,2018/2019,Liverpool WFC,West Ham United LFC
16157,2019-02-02,11,La Liga,4,2018/2019,Barcelona,Valencia
16173,2019-02-10,11,La Liga,4,2018/2019,Athletic Club,Barcelona
19755,2019-02-10,37,FA Women's Super League,4,2018/2019,Manchester City WFC,Chelsea FCW
19757,2019-02-10,37,FA Women's Super League,4,2018/2019,Bristol City WFC,Brighton & Hove Albion WFC
16182,2019-02-16,11,La Liga,4,2018/2019,Barcelona,Real Valladolid
19794,2019-02-20,37,FA Women's Super League,4,2018/2019,Chelsea FCW,Bristol City WFC
19795,2019-02-20,37,FA Women's Super League,4,2018/2019,Reading WFC,West Ham United LFC
19796,2019-02-20,37,FA Women's Super League,4,2018/2019,Brighton & Hove Albion WFC,Birmingham City WFC
19797,2019-02-20,37,FA Women's Super League,4,2018/2019,Arsenal WFC,Yeovil Town LFC
19798,2019-02-20,37,FA Women's Super League,4,2018/2019,Manchester City WFC,Everton LFC
16190,2019-02-23,11,La Liga,4,2018/2019,Sevilla,Barcelona
16196,2019-03-02,11,La Liga,4,2018/2019,Real Madrid,Barcelona
16205,2019-03-09,11,La Liga,4,2018/2019,Barcelona,Rayo Vallecano
19799,2019-03-13,37,FA Women's Super League,4,2018/2019,Liverpool WFC,Chelsea FCW
19801,2019-03-13,37,FA Women's Super League,4,2018/2019,Reading WFC,Manchester City WFC
19802,2019-03-13,37,FA Women's Super League,4,2018/2019,Yeovil Town LFC,Brighton & Hove Albion WFC
19803,2019-03-13,37,FA Women's Super League,4,2018/2019,West Ham United LFC,Everton LFC
19800,2019-03-14,37,FA Women's Super League,4,2018/2019,Arsenal WFC,Bristol City WFC
16215,2019-03-17,11,La Liga,4,2018/2019,Real Betis,Barcelona
19729,2019-03-24,37,FA Women's Super League,4,2018/2019,Bristol City WFC,Everton LFC
19754,2019-03-24,37,FA Women's Super League,4,2018/2019,Liverpool WFC,Arsenal WFC
16231,2019-03-30,11,La Liga,4,2018/2019,Barcelona,Espanyol
19804,2019-03-31,37,FA Women's Super League,4,2018/2019,Birmingham City WFC,Arsenal WFC
19805,2019-03-31,37,FA Women's Super League,4,2018/2019,Chelsea FCW,West Ham United LFC
19806,2019-03-31,37,FA Women's Super League,4,2018/2019,Bristol City WFC,Reading WFC
19807,2019-03-31,37,FA Women's Super League,4,2018/2019,Manchester City WFC,Liverpool WFC
19808,2019-03-31,37,FA Women's Super League,4,2018/2019,Everton LFC,Yeovil Town LFC
16240,2019-04-02,11,La Liga,4,2018/2019,Villarreal,Barcelona
16248,2019-04-06,11,La Liga,4,2018/2019,Barcelona,Atlético Madrid
19756,2019-04-17,37,FA Women's Super League,4,2018/2019,Everton LFC,Birmingham City WFC
19758,2019-04-17,37,FA Women's Super League,4,2018/2019,Yeovil Town LFC,Reading WFC
16265,2019-04-20,11,La Liga,4,2018/2019,Barcelona,Real Sociedad
19809,2019-04-20,37,FA Women's Super League,4,2018/2019,Reading WFC,Brighton & Hove Albion WFC
19810,2019-04-21,37,FA Women's Super League,4,2018/2019,Liverpool WFC,Bristol City WFC
19811,2019-04-21,37,FA Women's Super League,4,2018/2019,Arsenal WFC,Everton LFC
19813,2019-04-21,37,FA Women's Super League,4,2018/2019,West Ham United LFC,Birmingham City WFC
16275,2019-04-23,11,La Liga,4,2018/2019,Deportivo Alavés,Barcelona
16289,2019-04-27,11,La Liga,4,2018/2019,Barcelona,Levante UD
19814,2019-04-28,37,FA Women's Super League,4,2018/2019,Bristol City WFC,West Ham United LFC
19815,2019-04-28,37,FA Women's Super League,4,2018/2019,Brighton & Hove Albion WFC,Arsenal WFC
19816,2019-04-28,37,FA Women's Super League,4,2018/2019,Birmingham City WFC,Liverpool WFC
19817,2019-04-28,37,FA Women's Super League,4,2018/2019,Everton LFC,Reading WFC
19818,2019-04-28,37,FA Women's Super League,4,2018/2019,Manchester City WFC,Yeovil Town LFC
19819,2019-05-11,37,FA Women's Super League,4,2018/2019,West Ham United LFC,Brighton & Hove Albion WFC
19820,2019-05-11,37,FA Women's Super League,4,2018/2019,Reading WFC,Chelsea FCW
19821,2019-05-11,37,FA Women's Super League,4,2018/2019,Arsenal WFC,Manchester City WFC
19822,2019-05-11,37,FA Women's Super League,4,2018/2019,Yeovil Town LFC,Birmingham City WFC
16306,2019-05-12,11,La Liga,4,2018/2019,Barcelona,Getafe
16317,2019-05-19,11,La Liga,4,2018/2019,Eibar,Barcelona
22912,2019-06-01,16,Champions League,4,2018/2019,Tottenham Hotspur,Liverpool
22921,2019-06-07,72,Women's World Cup,30,2019,France Women's,Korea Republic Women's
22924,2019-06-08,72,Women's World Cup,30,2019,Norway Women's,Nigeria Women's
22926,2019-06-08,72,Women's World Cup,30,2019,Germany Women's,China PR Women's
22930,2019-06-08,72,Women's World Cup,30,2019,Spain Women's,South Africa Women's
22933,2019-06-09,72,Women's World Cup,30,2019,Australia Women's,Italy Women's
22934,2019-06-09,72,Women's World Cup,30,2019,Brazil Women's,Jamaica Women's
22936,2019-06-09,72,Women's World Cup,30,2019,England Women's,Scotland W
22939,2019-06-10,72,Women's World Cup,30,2019,Canada Women's,Cameroon W
22940,2019-06-10,72,Women's World Cup,30,2019,Argentina Women's,Japan Women's
22942,2019-06-11,72,Women's World Cup,30,2019,New Zealand Women's,Netherlands Women's
22943,2019-06-11,72,Women's World Cup,30,2019,United States Women's,Thailand W
22944,2019-06-11,72,Women's World Cup,30,2019,Chile Women's,Sweden Women's
22945,2019-06-12,72,Women's World Cup,30,2019,Nigeria Women's,Korea Republic Women's
22948,2019-06-12,72,Women's World Cup,30,2019,France Women's,Norway Women's
22949,2019-06-12,72,Women's World Cup,30,2019,Germany Women's,Spain Women's
22955,2019-06-13,72,Women's World Cup,30,2019,Australia Women's,Brazil Women's
22956,2019-06-13,72,Women's World Cup,30,2019,South Africa Women's,China PR Women's
22961,2019-06-14,72,Women's World Cup,30,2019,Japan Women's,Scotland W
22962,2019-06-14,72,Women's World Cup,30,2019,England Women's,Argentina Women's
22963,2019-06-14,72,Women's World Cup,30,2019,Jamaica Women's,Italy Women's
22964,2019-06-15,72,Women's World Cup,30,2019,Netherlands Women's,Cameroon W
22966,2019-06-15,72,Women's World Cup,30,2019,Canada Women's,New Zealand Women's
22973,2019-06-16,72,Women's World Cup,30,2019,Sweden Women's,Thailand W
22974,2019-06-16,72,Women's World Cup,30,2019,United States Women's,Chile Women's
22980,2019-06-17,72,Women's World Cup,30,2019,Nigeria Women's,France Women's
22981,2019-06-17,72,Women's World Cup,30,2019,Korea Republic Women's,Norway Women's
22983,2019-06-17,72,Women's World Cup,30,2019,China PR Women's,Spain Women's
22984,2019-06-17,72,Women's World Cup,30,2019,South Africa Women's,Germany Women's
68311,2019-06-18,72,Women's World Cup,30,2019,Jamaica Women's,Australia Women's
68312,2019-06-18,72,Women's World Cup,30,2019,Italy Women's,Brazil Women's
68337,2019-06-19,72,Women's World Cup,30,2019,Japan Women's,England Women's
68338,2019-06-19,72,Women's World Cup,30,2019,Scotland W,Argentina Women's
68343,2019-06-20,72,Women's World Cup,30,2019,Thailand W,Chile Women's
68344,2019-06-20,72,Women's World Cup,30,2019,Netherlands Women's,Canada Women's
68345,2019-06-20,72,Women's World Cup,30,2019,Sweden Women's,United States Women's
68346,2019-06-20,72,Women's World Cup,30,2019,Cameroon W,New Zealand Women's
68355,2019-06-22,72,Women's World Cup,30,2019,Germany Women's,Nigeria Women's
68357,2019-06-22,72,Women's World Cup,30,2019,Norway Women's,Australia Women's
68362,2019-06-23,72,Women's World Cup,30,2019,England Women's,Cameroon W
69137,2019-06-23,72,Women's World Cup,30,2019,France Women's,Brazil Women's
69161,2019-06-24,72,Women's World Cup,30,2019,Spain Women's,United States Women's
69163,2019-06-24,72,Women's World Cup,30,2019,Sweden Women's,Canada Women's
69188,2019-06-25,72,Women's World Cup,30,2019,Netherlands Women's,Japan Women's
69191,2019-06-25,72,Women's World Cup,30,2019,Italy Women's,China PR Women's
69199,2019-06-27,72,Women's World Cup,30,2019,Norway Women's,England Women's
69202,2019-06-28,72,Women's World Cup,30,2019,France Women's,United States Women's
69205,2019-06-29,72,Women's World Cup,30,2019,Italy Women's,Netherlands Women's
69208,2019-06-29,72,Women's World Cup,30,2019,Germany Women's,Sweden Women's
69258,2019-07-02,72,Women's World Cup,30,2019,England Women's,United States Women's
69284,2019-07-03,72,Women's World Cup,30,2019,Netherlands Women's,Sweden Women's
69301,2019-07-06,72,Women's World Cup,30,2019,England Women's,Sweden Women's
69321,2019-07-07,72,Women's World Cup,30,2019,United States Women's,Netherlands Women's
2275061,2019-09-07,37,FA Women's Super League,42,2019/2020,Bristol City WFC,Brighton & Hove Albion WFC
2275136,2019-09-07,37,FA Women's Super League,42,2019/2020,Manchester City WFC,Manchester United W
2275096,2019-09-08,37,FA Women's Super League,42,2019/2020,Arsenal WFC,West Ham United LFC
2275099,2019-09-08,37,FA Women's Super League,42,2019/2020,Liverpool WFC,Reading WFC
2275120,2019-09-08,37,FA Women's Super League,42,2019/2020,Birmingham City WFC,Everton LFC
2275132,2019-09-08,37,FA Women's Super League,42,2019/2020,Chelsea FCW,Tottenham Hotspur Women
2275034,2019-09-15,37,FA Women's Super League,42,2019/2020,Tottenham Hotspur Women,Liverpool WFC
2275041,2019-09-15,37,FA Women's Super League,42,2019/2020,Everton LFC,Bristol City WFC
2275052,2019-09-15,37,FA Women's Super League,42,2019/2020,Brighton & Hove Albion WFC,Chelsea FCW
2275094,2019-09-15,37,FA Women's Super League,42,2019/2020,West Ham United LFC,Birmingham City WFC
2275107,2019-09-15,37,FA Women's Super League,42,2019/2020,Reading WFC,Manchester City WFC
2275156,2019-09-16,37,FA Women's Super League,42,2019/2020,Manchester United W,Arsenal WFC
303666,2019-09-21,11,La Liga,42,2019/2020,Granada,Barcelona
303430,2019-09-24,11,La Liga,42,2019/2020,Barcelona,Villarreal
2275138,2019-09-28,37,FA Women's Super League,42,2019/2020,Manchester United W,Liverpool WFC
2275048,2019-09-29,37,FA Women's Super League,42,2019/2020,West Ham United LFC,Tottenham Hotspur Women
2275108,2019-09-29,37,FA Women's Super League,42,2019/2020,Bristol City WFC,Chelsea FCW
2275121,2019-09-29,37,FA Women's Super League,42,2019/2020,Arsenal WFC,Brighton & Hove Albion WFC
2275131,2019-09-29,37,FA Women's Super League,42,2019/2020,Everton LFC,Manchester City WFC
303473,2019-10-06,11,La Liga,42,2019/2020,Barcelona,Sevilla
2275028,2019-10-12,37,FA Women's Super League,42,2019/2020,Manchester City WFC,Birmingham City WFC
2275040,2019-10-13,37,FA Women's Super League,42,2019/2020,Brighton & Hove Albion WFC,West Ham United LFC
2275063,2019-10-13,37,FA Women's Super League,42,2019/2020,Chelsea FCW,Arsenal WFC
2275070,2019-10-13,37,FA Women's Super League,42,2019/2020,Liverpool WFC,Bristol City WFC
2275127,2019-10-13,37,FA Women's Super League,42,2019/2020,Reading WFC,Everton LFC
2275139,2019-10-13,37,FA Women's Super League,42,2019/2020,Tottenham Hotspur Women,Manchester United W
303700,2019-10-19,11,La Liga,42,2019/2020,Eibar,Barcelona
2275033,2019-10-27,37,FA Women's Super League,42,2019/2020,Bristol City WFC,Tottenham Hotspur Women
2275044,2019-10-27,37,FA Women's Super League,42,2019/2020,Arsenal WFC,Manchester City WFC
2275051,2019-10-27,37,FA Women's Super League,42,2019/2020,Everton LFC,Brighton & Hove Albion WFC
2275084,2019-10-27,37,FA Women's Super League,42,2019/2020,West Ham United LFC,Chelsea FCW
2275110,2019-10-27,37,FA Women's Super League,42,2019/2020,Birmingham City WFC,Liverpool WFC
2275157,2019-10-27,37,FA Women's Super League,42,2019/2020,Manchester United W,Reading WFC
303600,2019-10-29,11,La Liga,42,2019/2020,Barcelona,Real Valladolid
303504,2019-11-02,11,La Liga,42,2019/2020,Levante UD,Barcelona
303487,2019-11-09,11,La Liga,42,2019/2020,Barcelona,Celta Vigo
2275042,2019-11-17,37,FA Women's Super League,42,2019/2020,Manchester City WFC,West Ham United LFC
2275056,2019-11-17,37,FA Women's Super League,42,2019/2020,Liverpool WFC,Everton LFC
2275065,2019-11-17,37,FA Women's Super League,42,2019/2020,Brighton & Hove Albion WFC,Birmingham City WFC
2275082,2019-11-17,37,FA Women's Super League,42,2019/2020,Tottenham Hotspur Women,Arsenal WFC
2275122,2019-11-17,37,FA Women's Super League,42,2019/2020,Reading WFC,Bristol City WFC
2275154,2019-11-17,37,FA Women's Super League,42,2019/2020,Chelsea FCW,Manchester United W
303715,2019-11-23,11,La Liga,42,2019/2020,Leganés,Barcelona
2275026,2019-11-24,37,FA Women's Super League,42,2019/2020,Bristol City WFC,Manchester City WFC
2275049,2019-11-24,37,FA Women's Super League,42,2019/2020,West Ham United LFC,Reading WFC
2275079,2019-11-24,37,FA Women's Super League,42,2019/2020,Arsenal WFC,Liverpool WFC
2275093,2019-11-24,37,FA Women's Super League,42,2019/2020,Birmingham City WFC,Chelsea FCW
2275126,2019-11-24,37,FA Women's Super League,42,2019/2020,Everton LFC,Tottenham Hotspur Women
2275140,2019-11-24,37,FA Women's Super League,42,2019/2020,Manchester United W,Brighton & Hove Albion WFC
2275102,2019-11-29,37,FA Women's Super League,42,2019/2020,Brighton & Hove Albion WFC,Reading WFC
303524,2019-12-01,11,La Liga,42,2019/2020,Atlético Madrid,Barcelona
2275104,2019-12-01,37,FA Women's Super League,42,2019/2020,Arsenal WFC,Bristol City WFC
2275116,2019-12-01,37,FA Women's Super League,42,2019/2020,Manchester City WFC,Liverpool WFC
2275150,2019-12-01,37,FA Women's Super League,42,2019/2020,West Ham United LFC,Manchester United W
2275109,2019-12-04,37,FA Women's Super League,42,2019/2020,Birmingham City WFC,Tottenham Hotspur Women
303451,2019-12-07,11,La Liga,42,2019/2020,Barcelona,Mallorca
2275086,2019-12-08,37,FA Women's Super League,42,2019/2020,Reading WFC,Arsenal WFC
2275088,2019-12-08,37,FA Women's Super League,42,2019/2020,Bristol City WFC,Birmingham City WFC
2275091,2019-12-08,37,FA Women's Super League,42,2019/2020,Tottenham Hotspur Women,Brighton & Hove Albion WFC
2275103,2019-12-08,37,FA Women's Super League,42,2019/2020,Liverpool WFC,West Ham United LFC
2275130,2019-12-08,37,FA Women's Super League,42,2019/2020,Chelsea FCW,Manchester City WFC
2275146,2019-12-08,37,FA Women's Super League,42,2019/2020,Manchester United W,Everton LFC
303664,2019-12-14,11,La Liga,42,2019/2020,Real Sociedad,Barcelona
2275045,2019-12-15,37,FA Women's Super League,42,2019/2020,Liverpool WFC,Chelsea FCW
2275075,2019-12-15,37,FA Women's Super League,42,2019/2020,Reading WFC,Tottenham Hotspur Women
2275097,2019-12-15,37,FA Women's Super League,42,2019/2020,Manchester City WFC,Brighton & Hove Albion WFC
2275117,2019-12-15,37,FA Women's Super League,42,2019/2020,Everton LFC,Arsenal WFC
303596,2019-12-18,11,La Liga,42,2019/2020,Barcelona,Real Madrid
303517,2019-12-21,11,La Liga,42,2019/2020,Barcelona,Deportivo Alavés
303652,2020-01-04,11,La Liga,42,2019/2020,Espanyol,Barcelona
2275054,2020-01-05,37,FA Women's Super League,42,2019/2020,Brighton & Hove Albion WFC,Liverpool WFC
2275072,2020-01-05,37,FA Women's Super League,42,2019/2020,Chelsea FCW,Reading WFC
2275085,2020-01-05,37,FA Women's Super League,42,2019/2020,Tottenham Hotspur Women,Manchester City WFC
2275089,2020-01-05,37,FA Women's Super League,42,2019/2020,Arsenal WFC,Birmingham City WFC
2275142,2020-01-05,37,FA Women's Super League,42,2019/2020,Manchester United W,Bristol City WFC
2275078,2020-01-11,37,FA Women's Super League,42,2019/2020,Manchester City WFC,Everton LFC
2275050,2020-01-12,37,FA Women's Super League,42,2019/2020,Reading WFC,Birmingham City WFC
2275077,2020-01-12,37,FA Women's Super League,42,2019/2020,Tottenham Hotspur Women,West Ham United LFC
2275080,2020-01-12,37,FA Women's Super League,42,2019/2020,Chelsea FCW,Bristol City WFC
2275098,2020-01-12,37,FA Women's Super League,42,2019/2020,Brighton & Hove Albion WFC,Arsenal WFC
303610,2020-01-19,11,La Liga,42,2019/2020,Barcelona,Granada
2275029,2020-01-19,37,FA Women's Super League,42,2019/2020,Bristol City WFC,Liverpool WFC
2275036,2020-01-19,37,FA Women's Super League,42,2019/2020,Everton LFC,Reading WFC
2275090,2020-01-19,37,FA Women's Super League,42,2019/2020,Arsenal WFC,Chelsea FCW
2275092,2020-01-19,37,FA Women's Super League,42,2019/2020,Birmingham City WFC,Manchester City WFC
2275113,2020-01-19,37,FA Women's Super League,42,2019/2020,West Ham United LFC,Brighton & Hove Albion WFC
2275137,2020-01-19,37,FA Women's Super League,42,2019/2020,Manchester United W,Tottenham Hotspur Women
303400,2020-01-25,11,La Liga,42,2019/2020,Valencia,Barcelona
303682,2020-02-02,11,La Liga,42,2019/2020,Barcelona,Levante UD
2275027,2020-02-02,37,FA Women's Super League,42,2019/2020,Brighton & Hove Albion WFC,Everton LFC
2275037,2020-02-02,37,FA Women's Super League,42,2019/2020,Manchester City WFC,Arsenal WFC
2275057,2020-02-02,37,FA Women's Super League,42,2019/2020,Chelsea FCW,West Ham United LFC
2275153,2020-02-02,37,FA Women's Super League,42,2019/2020,Reading WFC,Manchester United W
303707,2020-02-09,11,La Liga,42,2019/2020,Real Betis,Barcelona
2275038,2020-02-12,37,FA Women's Super League,42,2019/2020,Reading WFC,West Ham United LFC
2275073,2020-02-12,37,FA Women's Super League,42,2019/2020,Tottenham Hotspur Women,Everton LFC
2275074,2020-02-12,37,FA Women's Super League,42,2019/2020,Chelsea FCW,Birmingham City WFC
2275106,2020-02-12,37,FA Women's Super League,42,2019/2020,Manchester City WFC,Bristol City WFC
2275151,2020-02-12,37,FA Women's Super League,42,2019/2020,Brighton & Hove Albion WFC,Manchester United W
2275062,2020-02-13,37,FA Women's Super League,42,2019/2020,Liverpool WFC,Arsenal WFC
303377,2020-02-15,11,La Liga,42,2019/2020,Barcelona,Getafe
303731,2020-02-22,11,La Liga,42,2019/2020,Barcelona,Eibar
2275030,2020-02-23,37,FA Women's Super League,42,2019/2020,Brighton & Hove Albion WFC,Tottenham Hotspur Women
2275083,2020-02-23,37,FA Women's Super League,42,2019/2020,Birmingham City WFC,Bristol City WFC
2275105,2020-02-23,37,FA Women's Super League,42,2019/2020,Manchester City WFC,Chelsea FCW
2275133,2020-02-23,37,FA Women's Super League,42,2019/2020,West Ham United LFC,Liverpool WFC
2275144,2020-02-23,37,FA Women's Super League,42,2019/2020,Everton LFC,Manchester United W
303470,2020-03-01,11,La Liga,42,2019/2020,Real Madrid,Barcelona
303479,2020-03-07,11,La Liga,42,2019/2020,Barcelona,Real Sociedad
303548,2020-06-13,11,La Liga,42,2019/2020,Mallorca,Barcelona
303532,2020-06-16,11,La Liga,42,2019/2020,Barcelona,Leganés
303674,2020-06-19,11,La Liga,42,2019/2020,Sevilla,Barcelona
303493,2020-06-23,11,La Liga,42,2019/2020,Barcelona,Athletic Club
303516,2020-06-27,11,La Liga,42,2019/2020,Celta Vigo,Barcelona
303696,2020-06-30,11,La Liga,42,2019/2020,Barcelona,Atlético Madrid
303725,2020-07-05,11,La Liga,42,2019/2020,Villarreal,Barcelona
303615,2020-07-08,11,La Liga,42,2019/2020,Barcelona,Espanyol
303680,2020-07-11,11,La Liga,42,2019/2020,Real Valladolid,Barcelona
303634,2020-07-16,11,La Liga,42,2019/2020,Barcelona,Osasuna
303421,2020-07-19,11,La Liga,42,2019/2020,Deportivo Alavés,Barcelona
3764234,2020-09-05,37,FA Women's Super League,90,2020/2021,Aston Villa W,Manchester City WFC
3764230,2020-09-06,37,FA Women's Super League,90,2020/2021,Tottenham Hotspur Women,West Ham United LFC
3764231,2020-09-06,37,FA Women's Super League,90,2020/2021,Brighton & Hove Albion WFC,Birmingham City WFC
3764232,2020-09-06,37,FA Women's Super League,90,2020/2021,Manchester United W,Chelsea FCW
3764233,2020-09-06,37,FA Women's Super League,90,2020/2021,Arsenal WFC,Reading WFC
3764240,2020-09-06,37,FA Women's Super League,90,2020/2021,Bristol City WFC,Everton LFC
3764238,2020-09-12,37,FA Women's Super League,90,2020/2021,West Ham United LFC,Arsenal WFC
3764235,2020-09-13,37,FA Women's Super League,90,2020/2021,Chelsea FCW,Bristol City WFC
3764236,2020-09-13,37,FA Women's Super League,90,2020/2021,Reading WFC,Aston Villa W
3764237,2020-09-13,37,FA Women's Super League,90,2020/2021,Birmingham City WFC,Manchester United W
3764239,2020-09-13,37,FA Women's Super League,90,2020/2021,Everton LFC,Tottenham Hotspur Women
3764241,2020-09-13,37,FA Women's Super League,90,2020/2021,Manchester City WFC,Brighton & Hove Albion WFC
3773593,2020-09-27,11,La Liga,90,2020/2021,Barcelona,Villarreal
3773466,2020-10-01,11,La Liga,90,2020/2021,Celta Vigo,Barcelona
3775575,2020-10-03,37,FA Women's Super League,90,2020/2021,Aston Villa W,Everton LFC
3773672,2020-10-04,11,La Liga,90,2020/2021,Barcelona,Sevilla
3775545,2020-10-04,37,FA Women's Super League,90,2020/2021,Manchester City WFC,Tottenham Hotspur Women
3775562,2020-10-04,37,FA Women's Super League,90,2020/2021,Manchester United W,Brighton & Hove Albion WFC
3775572,2020-10-04,37,FA Women's Super League,90,2020/2021,Birmingham City WFC,Chelsea FCW
3775602,2020-10-04,37,FA Women's Super League,90,2020/2021,West Ham United LFC,Reading WFC
3775657,2020-10-04,37,FA Women's Super League,90,2020/2021,Arsenal WFC,Bristol City WFC
3775644,2020-10-10,37,FA Women's Super League,90,2020/2021,Tottenham Hotspur Women,Manchester United W
3775543,2020-10-11,37,FA Women's Super League,90,2020/2021,Brighton & Hove Albion WFC,Arsenal WFC
3775611,2020-10-11,37,FA Women's Super League,90,2020/2021,Chelsea FCW,Manchester City WFC
3775618,2020-10-11,37,FA Women's Super League,90,2020/2021,Reading WFC,Birmingham City WFC
3775620,2020-10-11,37,FA Women's Super League,90,2020/2021,Everton LFC,West Ham United LFC
3773587,2020-10-17,11,La Liga,90,2020/2021,Getafe,Barcelona
3775561,2020-10-18,37,FA Women's Super League,90,2020/2021,West Ham United LFC,Manchester United W
3775582,2020-10-18,37,FA Women's Super League,90,2020/2021,Everton LFC,Brighton & Hove Albion WFC
3775586,2020-10-18,37,FA Women's Super League,90,2020/2021,Arsenal WFC,Tottenham Hotspur Women
3775636,2020-10-18,37,FA Women's Super League,90,2020/2021,Bristol City WFC,Birmingham City WFC
3775659,2020-10-18,37,FA Women's Super League,90,2020/2021,Reading WFC,Manchester City WFC
3773585,2020-10-24,11,La Liga,90,2020/2021,Barcelona,Real Madrid
3773386,2020-10-31,11,La Liga,90,2020/2021,Deportivo Alavés,Barcelona
3773477,2020-11-07,11,La Liga,90,2020/2021,Barcelona,Real Betis
3775592,2020-11-07,37,FA Women's Super League,90,2020/2021,Tottenham Hotspur Women,Reading WFC
3775625,2020-11-07,37,FA Women's Super League,90,2020/2021,Manchester City WFC,Bristol City WFC
3775551,2020-11-08,37,FA Women's Super League,90,2020/2021,Manchester United W,Arsenal WFC
3775553,2020-11-08,37,FA Women's Super League,90,2020/2021,Birmingham City WFC,West Ham United LFC
3775556,2020-11-08,37,FA Women's Super League,90,2020/2021,Brighton & Hove Albion WFC,Aston Villa W
3775645,2020-11-08,37,FA Women's Super League,90,2020/2021,Chelsea FCW,Everton LFC
3775554,2020-11-14,37,FA Women's Super League,90,2020/2021,Everton LFC,Reading WFC
3775624,2020-11-14,37,FA Women's Super League,90,2020/2021,Manchester United W,Manchester City WFC
3775631,2020-11-14,37,FA Women's Super League,90,2020/2021,Bristol City WFC,Tottenham Hotspur Women
3775641,2020-11-14,37,FA Women's Super League,90,2020/2021,Aston Villa W,Birmingham City WFC
3775623,2020-11-15,37,FA Women's Super League,90,2020/2021,West Ham United LFC,Brighton & Hove Albion WFC
3775627,2020-11-15,37,FA Women's Super League,90,2020/2021,Arsenal WFC,Chelsea FCW
3773656,2020-11-21,11,La Liga,90,2020/2021,Atlético Madrid,Barcelona
3773547,2020-11-29,11,La Liga,90,2020/2021,Barcelona,Osasuna
3773428,2020-12-05,11,La Liga,90,2020/2021,Cádiz,Barcelona
3775566,2020-12-05,37,FA Women's Super League,90,2020/2021,Aston Villa W,Manchester United W
3775584,2020-12-06,37,FA Women's Super League,90,2020/2021,Arsenal WFC,Birmingham City WFC
3775588,2020-12-06,37,FA Women's Super League,90,2020/2021,Tottenham Hotspur Women,Brighton & Hove Albion WFC
3775621,2020-12-06,37,FA Women's Super League,90,2020/2021,Reading WFC,Bristol City WFC
3775632,2020-12-06,37,FA Women's Super League,90,2020/2021,Everton LFC,Manchester City WFC
3775650,2020-12-06,37,FA Women's Super League,90,2020/2021,Chelsea FCW,West Ham United LFC
3775637,2020-12-09,37,FA Women's Super League,90,2020/2021,Bristol City WFC,Aston Villa W
3773660,2020-12-13,11,La Liga,90,2020/2021,Barcelona,Levante UD
3775558,2020-12-13,37,FA Women's Super League,90,2020/2021,Reading WFC,Manchester United W
3775580,2020-12-13,37,FA Women's Super League,90,2020/2021,Brighton & Hove Albion WFC,Chelsea FCW
3775583,2020-12-13,37,FA Women's Super League,90,2020/2021,Manchester City WFC,Arsenal WFC
3775615,2020-12-13,37,FA Women's Super League,90,2020/2021,Tottenham Hotspur Women,Aston Villa W
3775616,2020-12-13,37,FA Women's Super League,90,2020/2021,Bristol City WFC,West Ham United LFC
3773523,2020-12-16,11,La Liga,90,2020/2021,Barcelona,Real Sociedad
3773377,2020-12-19,11,La Liga,90,2020/2021,Barcelona,Valencia
3775559,2020-12-20,37,FA Women's Super League,90,2020/2021,Arsenal WFC,Everton LFC
3775610,2020-12-20,37,FA Women's Super League,90,2020/2021,Manchester United W,Bristol City WFC
3775619,2020-12-20,37,FA Women's Super League,90,2020/2021,Brighton & Hove Albion WFC,Reading WFC
3773571,2020-12-22,11,La Liga,90,2020/2021,Real Valladolid,Barcelona
3773552,2021-01-03,11,La Liga,90,2020/2021,Huesca,Barcelona
3764661,2021-01-06,11,La Liga,90,2020/2021,Athletic Club,Barcelona
3773565,2021-01-09,11,La Liga,90,2020/2021,Granada,Barcelona
3775606,2021-01-10,37,FA Women's Super League,90,2020/2021,Reading WFC,Chelsea FCW
3775542,2021-01-17,37,FA Women's Super League,90,2020/2021,Everton LFC,Bristol City WFC
3775567,2021-01-17,37,FA Women's Super League,90,2020/2021,Chelsea FCW,Manchester United W
3775589,2021-01-17,37,FA Women's Super League,90,2020/2021,Reading WFC,Arsenal WFC
3775608,2021-01-17,37,FA Women's Super League,90,2020/2021,West Ham United LFC,Tottenham Hotspur Women
3775626,2021-01-17,37,FA Women's Super League,90,2020/2021,Manchester City WFC,Aston Villa W
3775647,2021-01-17,37,FA Women's Super League,90,2020/2021,Birmingham City WFC,Brighton & Hove Albion WFC
3775571,2021-01-23,37,FA Women's Super League,90,2020/2021,Aston Villa W,Reading WFC
3775594,2021-01-24,37,FA Women's Super League,90,2020/2021,Manchester United W,Birmingham City WFC
3775629,2021-01-24,37,FA Women's Super League,90,2020/2021,Brighton & Hove Albion WFC,Manchester City WFC
3775646,2021-01-27,37,FA Women's Super League,90,2020/2021,Aston Villa W,Chelsea FCW
3775595,2021-01-30,37,FA Women's Super League,90,2020/2021,Bristol City WFC,Brighton & Hove Albion WFC
3773403,2021-01-31,11,La Liga,90,2020/2021,Barcelona,Athletic Club
3775587,2021-01-31,37,FA Women's Super League,90,2020/2021,Everton LFC,Manchester United W
3775605,2021-01-31,37,FA Women's Super League,90,2020/2021,Chelsea FCW,Tottenham Hotspur Women
3775651,2021-01-31,37,FA Women's Super League,90,2020/2021,Manchester City WFC,West Ham United LFC
3775633,2021-02-06,37,FA Women's Super League,90,2020/2021,Aston Villa W,Tottenham Hotspur Women
3773631,2021-02-07,11,La Liga,90,2020/2021,Real Betis,Barcelona
3775590,2021-02-07,37,FA Women's Super League,90,2020/2021,Everton LFC,Birmingham City WFC
3775600,2021-02-07,37,FA Women's Super League,90,2020/2021,Arsenal WFC,Manchester City WFC
3775640,2021-02-07,37,FA Women's Super League,90,2020/2021,Manchester United W,Reading WFC
3775652,2021-02-07,37,FA Women's Super League,90,2020/2021,Chelsea FCW,Brighton & Hove Albion WFC
3775655,2021-02-07,37,FA Women's Super League,90,2020/2021,West Ham United LFC,Bristol City WFC
3775548,2021-02-10,37,FA Women's Super League,90,2020/2021,Chelsea FCW,Arsenal WFC
3775603,2021-02-10,37,FA Women's Super League,90,2020/2021,Brighton & Hove Albion WFC,West Ham United LFC
3775658,2021-02-12,37,FA Women's Super League,90,2020/2021,Manchester City WFC,Manchester United W
3773526,2021-02-13,11,La Liga,90,2020/2021,Barcelona,Deportivo Alavés
3775578,2021-02-14,37,FA Women's Super League,90,2020/2021,Reading WFC,Everton LFC
3775614,2021-02-14,37,FA Women's Super League,90,2020/2021,Bristol City WFC,Chelsea FCW
3773415,2021-02-21,11,La Liga,90,2020/2021,Barcelona,Cádiz
3764440,2021-02-24,11,La Liga,90,2020/2021,Barcelona,Elche
3773625,2021-02-27,11,La Liga,90,2020/2021,Sevilla,Barcelona
3775547,2021-02-28,37,FA Women's Super League,90,2020/2021,Birmingham City WFC,Manchester City WFC
3775552,2021-02-28,37,FA Women's Super League,90,2020/2021,Tottenham Hotspur Women,Everton LFC
3775648,2021-02-28,37,FA Women's Super League,90,2020/2021,Aston Villa W,Arsenal WFC
3773665,2021-03-06,11,La Liga,90,2020/2021,Osasuna,Barcelona
3775541,2021-03-07,37,FA Women's Super League,90,2020/2021,Manchester United W,Aston Villa W
3775591,2021-03-07,37,FA Women's Super League,90,2020/2021,West Ham United LFC,Chelsea FCW
3775630,2021-03-07,37,FA Women's Super League,90,2020/2021,Birmingham City WFC,Arsenal WFC
3775638,2021-03-07,37,FA Women's Super League,90,2020/2021,Brighton & Hove Albion WFC,Tottenham Hotspur Women
3775639,2021-03-07,37,FA Women's Super League,90,2020/2021,Manchester City WFC,Everton LFC
3775607,2021-03-08,37,FA Women's Super League,90,2020/2021,Bristol City WFC,Reading WFC
3775653,2021-03-11,37,FA Women's Super League,90,2020/2021,Birmingham City WFC,Everton LFC
3775598,2021-03-14,37,FA Women's Super League,90,2020/2021,Reading WFC,Tottenham Hotspur Women
3773369,2021-03-15,11,La Liga,90,2020/2021,Barcelona,Huesca
3775550,2021-03-17,37,FA Women's Super League,90,2020/2021,Everton LFC,Chelsea FCW
3775596,2021-03-17,37,FA Women's Super League,90,2020/2021,Bristol City WFC,Manchester City WFC
3775642,2021-03-17,37,FA Women's Super League,90,2020/2021,Aston Villa W,Brighton & Hove Albion WFC
3775643,2021-03-17,37,FA Women's Super League,90,2020/2021,West Ham United LFC,Birmingham City WFC
3775597,2021-03-19,37,FA Women's Super League,90,2020/2021,Arsenal WFC,Manchester United W
3773597,2021-03-21,11,La Liga,90,2020/2021,Real Sociedad,Barcelona
3775546,2021-03-21,37,FA Women's Super League,90,2020/2021,Tottenham Hotspur Women,Bristol City WFC
3775564,2021-03-27,37,FA Women's Super League,90,2020/2021,Manchester City WFC,Reading WFC
3775613,2021-03-27,37,FA Women's Super League,90,2020/2021,Tottenham Hotspur Women,Arsenal WFC
3775628,2021-03-27,37,FA Women's Super League,90,2020/2021,Manchester United W,West Ham United LFC
3775570,2021-03-28,37,FA Women's Super League,90,2020/2021,Brighton & Hove Albion WFC,Everton LFC
3775581,2021-03-28,37,FA Women's Super League,90,2020/2021,Chelsea FCW,Aston Villa W
3775654,2021-03-28,37,FA Women's Super League,90,2020/2021,Birmingham City WFC,Bristol City WFC
3775649,2021-04-03,37,FA Women's Super League,90,2020/2021,Reading WFC,West Ham United LFC
3775565,2021-04-04,37,FA Women's Super League,90,2020/2021,Chelsea FCW,Birmingham City WFC
3775569,2021-04-04,37,FA Women's Super League,90,2020/2021,Bristol City WFC,Arsenal WFC
3775604,2021-04-04,37,FA Women's Super League,90,2020/2021,Tottenham Hotspur Women,Manchester City WFC
3775617,2021-04-04,37,FA Women's Super League,90,2020/2021,Brighton & Hove Albion WFC,Manchester United W
3775634,2021-04-04,37,FA Women's Super League,90,2020/2021,Everton LFC,Aston Villa W
3773474,2021-04-05,11,La Liga,90,2020/2021,Barcelona,Real Valladolid
3773497,2021-04-10,11,La Liga,90,2020/2021,Real Madrid,Barcelona
3775599,2021-04-20,37,FA Women's Super League,90,2020/2021,West Ham United LFC,Aston Villa W
3775576,2021-04-21,37,FA Women's Super League,90,2020/2021,Manchester City WFC,Chelsea FCW
3773661,2021-04-22,11,La Liga,90,2020/2021,Barcelona,Getafe
3775540,2021-04-24,37,FA Women's Super League,90,2020/2021,Aston Villa W,Bristol City WFC
3773689,2021-04-25,11,La Liga,90,2020/2021,Villarreal,Barcelona
3775557,2021-04-25,37,FA Women's Super League,90,2020/2021,Arsenal WFC,Brighton & Hove Albion WFC
3775612,2021-04-25,37,FA Women's Super League,90,2020/2021,Birmingham City WFC,Reading WFC
3775622,2021-04-25,37,FA Women's Super League,90,2020/2021,Manchester United W,Tottenham Hotspur Women
3775635,2021-04-25,37,FA Women's Super League,90,2020/2021,West Ham United LFC,Everton LFC
3775568,2021-04-28,37,FA Women's Super League,90,2020/2021,Birmingham City WFC,Aston Villa W
3775609,2021-04-28,37,FA Women's Super League,90,2020/2021,Arsenal WFC,West Ham United LFC
3773586,2021-04-29,11,La Liga,90,2020/2021,Barcelona,Granada
3773695,2021-05-02,11,La Liga,90,2020/2021,Valencia,Barcelona
3775544,2021-05-02,37,FA Women's Super League,90,2020/2021,Aston Villa W,West Ham United LFC
3775574,2021-05-02,37,FA Women's Super League,90,2020/2021,Manchester City WFC,Birmingham City WFC
3775577,2021-05-02,37,FA Women's Super League,90,2020/2021,Everton LFC,Arsenal WFC
3775579,2021-05-02,37,FA Women's Super League,90,2020/2021,Reading WFC,Brighton & Hove Albion WFC
3775601,2021-05-02,37,FA Women's Super League,90,2020/2021,Bristol City WFC,Manchester United W
3775555,2021-05-05,37,FA Women's Super League,90,2020/2021,Tottenham Hotspur Women,Chelsea FCW
3773372,2021-05-08,11,La Liga,90,2020/2021,Barcelona,Atlético Madrid
3775549,2021-05-09,37,FA Women's Super League,90,2020/2021,Birmingham City WFC,Tottenham Hotspur Women
3775560,2021-05-09,37,FA Women's Super League,90,2020/2021,Arsenal WFC,Aston Villa W
3775563,2021-05-09,37,FA Women's Super League,90,2020/2021,Manchester United W,Everton LFC
3775573,2021-05-09,37,FA Women's Super League,90,2020/2021,West Ham United LFC,Manchester City WFC
3775585,2021-05-09,37,FA Women's Super League,90,2020/2021,Brighton & Hove Albion WFC,Bristol City WFC
3775593,2021-05-09,37,FA Women's Super League,90,2020/2021,Chelsea FCW,Reading WFC
3773387,2021-05-11,11,La Liga,90,2020/2021,Levante UD,Barcelona
3773457,2021-05-16,11,La Liga,90,2020/2021,Barcelona,Celta Vigo
3788741,2021-06-11,55,UEFA Euro,43,2020,Turkey,Italy
3788742,2021-06-12,55,UEFA Euro,43,2020,Denmark,Finland
3788743,2021-06-12,55,UEFA Euro,43,2020,Belgium,Russia
3788744,2021-06-12,55,UEFA Euro,43,2020,Wales,Switzerland
3788745,2021-06-13,55,UEFA Euro,43,2020,England,Croatia
3788746,2021-06-13,55,UEFA Euro,43,2020,Netherlands,Ukraine
3788747,2021-06-13,55,UEFA Euro,43,2020,Austria,North Macedonia
3788748,2021-06-14,55,UEFA Euro,43,2020,Scotland,Czech Republic
3788749,2021-06-14,55,UEFA Euro,43,2020,Poland,Slovakia
3788750,2021-06-14,55,UEFA Euro,43,2020,Spain,Sweden
3788751,2021-06-15,55,UEFA Euro,43,2020,France,Germany
3788752,2021-06-15,55,UEFA Euro,43,2020,Hungary,Portugal
3788753,2021-06-16,55,UEFA Euro,43,2020,Finland,Russia
3788754,2021-06-16,55,UEFA Euro,43,2020,Italy,Switzerland
3788755,2021-06-16,55,UEFA Euro,43,2020,Turkey,Wales
3788756,2021-06-17,55,UEFA Euro,43,2020,Netherlands,Austria
3788757,2021-06-17,55,UEFA Euro,43,2020,Denmark,Belgium
3788758,2021-06-17,55,UEFA Euro,43,2020,Ukraine,North Macedonia
3788759,2021-06-18,55,UEFA Euro,43,2020,England,Scotland
3788760,2021-06-18,55,UEFA Euro,43,2020,Croatia,Czech Republic
3788761,2021-06-18,55,UEFA Euro,43,2020,Sweden,Slovakia
3788762,2021-06-19,55,UEFA Euro,43,2020,Spain,Poland
3788763,2021-06-19,55,UEFA Euro,43,2020,Hungary,France
3788764,2021-06-19,55,UEFA Euro,43,2020,Portugal,Germany
3788765,2021-06-20,55,UEFA Euro,43,2020,Switzerland,Turkey
3788766,2021-06-20,55,UEFA Euro,43,2020,Italy,Wales
3788767,2021-06-21,55,UEFA Euro,43,2020,Ukraine,Austria
3788768,2021-06-21,55,UEFA Euro,43,2020,Finland,Belgium
3788769,2021-06-21,55,UEFA Euro,43,2020,Russia,Denmark
3788770,2021-06-21,55,UEFA Euro,43,2020,North Macedonia,Netherlands
3788771,2021-06-22,55,UEFA Euro,43,2020,Croatia,Scotland
3788772,2021-06-22,55,UEFA Euro,43,2020,Czech Republic,England
3788773,2021-06-23,55,UEFA Euro,43,2020,Portugal,France
3788774,2021-06-23,55,UEFA Euro,43,2020,Germany,Hungary
3788775,2021-06-23,55,UEFA Euro,43,2020,Slovakia,Spain
3788776,2021-06-23,55,UEFA Euro,43,2020,Sweden,Poland
3794685,2021-06-26,55,UEFA Euro,43,2020,Italy,Austria
3794689,2021-06-26,55,UEFA Euro,43,2020,Wales,Denmark
3794687,2021-06-27,55,UEFA Euro,43,2020,Belgium,Portugal
3794690,2021-06-27,55,UEFA Euro,43,2020,Netherlands,Czech Republic
3794686,2021-06-28,55,UEFA Euro,43,2020,Croatia,Spain
3794691,2021-06-28,55,UEFA Euro,43,2020,France,Switzerland
3794688,2021-06-29,55,UEFA Euro,43,2020,England,Germany
3794692,2021-06-29,55,UEFA Euro,43,2020,Sweden,Ukraine
3795107,2021-07-02,55,UEFA Euro,43,2020,Belgium,Italy
3795108,2021-07-02,55,UEFA Euro,43,2020,Switzerland,Spain
3795109,2021-07-03,55,UEFA Euro,43,2020,Czech Republic,Denmark
3795187,2021-07-03,55,UEFA Euro,43,2020,Ukraine,England
3795220,2021-07-06,55,UEFA Euro,43,2020,Italy,Spain
3795221,2021-07-07,55,UEFA Euro,43,2020,England,Denmark
3795506,2021-07-11,55,UEFA Euro,43,2020,Italy,England
3802696,2021-08-29,7,Ligue 1,108,2021/2022,Stade de Reims,Paris Saint-Germain
3802752,2021-09-19,7,Ligue 1,108,2021/2022,Paris Saint-Germain,Lyon
3802809,2021-10-03,7,Ligue 1,108,2021/2022,Rennes,Paris Saint-Germain
3802902,2021-10-24,7,Ligue 1,108,2021/2022,Olympique de Marseille,Paris Saint-Germain
3802699,2021-10-29,7,Ligue 1,108,2021/2022,Paris Saint-Germain,Lille
3813314,2021-11-19,1238,Indian Super league,108,2021/2022,Mohun Bagan Super Giant,Kerala Blasters
3802984,2021-11-20,7,Ligue 1,108,2021/2022,Paris Saint-Germain,Nantes
3813297,2021-11-20,1238,Indian Super league,108,2021/2022,Bengaluru,NorthEast United
3813298,2021-11-21,1238,Indian Super league,108,2021/2022,East Bengal,Jamshedpur
3813270,2021-11-22,1238,Indian Super league,108,2021/2022,Mumbai City,Goa
3813309,2021-11-23,1238,Indian Super league,108,2021/2022,SC Delhi,Chennaiyin
3813289,2021-11-24,1238,Indian Super league,108,2021/2022,Odisha,Bengaluru
3813296,2021-11-25,1238,Indian Super league,108,2021/2022,NorthEast United,Kerala Blasters
3813315,2021-11-26,1238,Indian Super league,108,2021/2022,Goa,Jamshedpur
3813277,2021-11-27,1238,Indian Super league,108,2021/2022,Mumbai City,SC Delhi
3813291,2021-11-27,1238,Indian Super league,108,2021/2022,East Bengal,Mohun Bagan Super Giant
3802837,2021-11-28,7,Ligue 1,108,2021/2022,Saint-Étienne,Paris Saint-Germain
3813292,2021-11-28,1238,Indian Super league,108,2021/2022,Bengaluru,Kerala Blasters
3813294,2021-11-29,1238,Indian Super league,108,2021/2022,NorthEast United,Chennaiyin
3813317,2021-11-30,1238,Indian Super league,108,2021/2022,Odisha,East Bengal
3802793,2021-12-01,7,Ligue 1,108,2021/2022,Paris Saint-Germain,OGC Nice
3813312,2021-12-01,1238,Indian Super league,108,2021/2022,Mohun Bagan Super Giant,Mumbai City
3813288,2021-12-02,1238,Indian Super league,108,2021/2022,Jamshedpur,SC Delhi
3813280,2021-12-03,1238,Indian Super league,108,2021/2022,Chennaiyin,East Bengal
3802685,2021-12-04,7,Ligue 1,108,2021/2022,Lens,Paris Saint-Germain
3813274,2021-12-04,1238,Indian Super league,108,2021/2022,Bengaluru,Mumbai City
3813316,2021-12-04,1238,Indian Super league,108,2021/2022,NorthEast United,Goa
3813300,2021-12-05,1238,Indian Super league,108,2021/2022,Kerala Blasters,Odisha
3813268,2021-12-06,1238,Indian Super league,108,2021/2022,Jamshedpur,Mohun Bagan Super Giant
3813267,2021-12-07,1238,Indian Super league,108,2021/2022,East Bengal,Goa
3813299,2021-12-08,1238,Indian Super league,108,2021/2022,SC Delhi,Bengaluru
3813284,2021-12-09,1238,Indian Super league,108,2021/2022,Mumbai City,Jamshedpur
3813301,2021-12-10,1238,Indian Super league,108,2021/2022,Odisha,NorthEast United
3813281,2021-12-11,1238,Indian Super league,108,2021/2022,Mohun Bagan Super Giant,Chennaiyin
3813285,2021-12-11,1238,Indian Super league,108,2021/2022,Goa,Bengaluru
3802683,2021-12-12,7,Ligue 1,108,2021/2022,Paris Saint-Germain,AS Monaco
3813310,2021-12-12,1238,Indian Super league,108,2021/2022,East Bengal,Kerala Blasters
3813290,2021-12-13,1238,Indian Super league,108,2021/2022,SC Delhi,NorthEast United
3813269,2021-12-14,1238,Indian Super league,108,2021/2022,Odisha,Jamshedpur
3813286,2021-12-15,1238,Indian Super league,108,2021/2022,Mumbai City,Chennaiyin
3813287,2021-12-16,1238,Indian Super league,108,2021/2022,Bengaluru,Mohun Bagan Super Giant
3813276,2021-12-17,1238,Indian Super league,108,2021/2022,NorthEast United,East Bengal
3813272,2021-12-18,1238,Indian Super league,108,2021/2022,Goa,SC Delhi
3813279,2021-12-18,1238,Indian Super league,108,2021/2022,Chennaiyin,Odisha
3813282,2021-12-19,1238,Indian Super league,108,2021/2022,Mumbai City,Kerala Blasters
3813307,2021-12-20,1238,Indian Super league,108,2021/2022,Jamshedpur,Bengaluru
3813306,2021-12-21,1238,Indian Super league,108,2021/2022,NorthEast United,Mohun Bagan Super Giant
3802690,2021-12-22,7,Ligue 1,108,2021/2022,Lorient,Paris Saint-Germain
3813278,2021-12-22,1238,Indian Super league,108,2021/2022,Chennaiyin,Kerala Blasters
3813304,2021-12-23,1238,Indian Super league,108,2021/2022,SC Delhi,East Bengal
3813308,2021-12-24,1238,Indian Super league,108,2021/2022,Odisha,Goa
3813275,2021-12-26,1238,Indian Super league,108,2021/2022,Kerala Blasters,Jamshedpur
3813318,2021-12-27,1238,Indian Super league,108,2021/2022,NorthEast United,Mumbai City
3813295,2021-12-28,1238,Indian Super league,108,2021/2022,SC Delhi,Odisha
3813303,2021-12-29,1238,Indian Super league,108,2021/2022,Mohun Bagan Super Giant,Goa
3813283,2021-12-30,1238,Indian Super league,108,2021/2022,Chennaiyin,Bengaluru
3813271,2022-01-02,1238,Indian Super league,108,2021/2022,Kerala Blasters,Goa
3813311,2022-01-02,1238,Indian Super league,108,2021/2022,Jamshedpur,Chennaiyin
3813273,2022-01-03,1238,Indian Super league,108,2021/2022,Odisha,Mumbai City
3813293,2022-01-04,1238,Indian Super league,108,2021/2022,Bengaluru,East Bengal
3813264,2022-01-05,1238,Indian Super league,108,2021/2022,Mohun Bagan Super Giant,SC Delhi
3813302,2022-01-06,1238,Indian Super league,108,2021/2022,Jamshedpur,NorthEast United
3813265,2022-01-07,1238,Indian Super league,108,2021/2022,East Bengal,Mumbai City
3813266,2022-01-08,1238,Indian Super league,108,2021/2022,Goa,Chennaiyin
3813305,2022-01-09,1238,Indian Super league,108,2021/2022,Kerala Blasters,SC Delhi
3817849,2022-01-10,1238,Indian Super league,108,2021/2022,Mumbai City,Bengaluru
3817850,2022-01-11,1238,Indian Super league,108,2021/2022,Jamshedpur,East Bengal
3817851,2022-01-12,1238,Indian Super league,108,2021/2022,Odisha,Kerala Blasters
3817879,2022-01-13,1238,Indian Super league,108,2021/2022,Chennaiyin,SC Delhi
3817890,2022-01-14,1238,Indian Super league,108,2021/2022,Goa,NorthEast United
3817865,2022-01-18,1238,Indian Super league,108,2021/2022,NorthEast United,Odisha
3817853,2022-01-19,1238,Indian Super league,108,2021/2022,Goa,East Bengal
3817876,2022-01-22,1238,Indian Super league,108,2021/2022,Chennaiyin,NorthEast United
3802802,2022-01-23,7,Ligue 1,108,2021/2022,Paris Saint-Germain,Stade de Reims
3813313,2022-01-23,1238,Indian Super league,108,2021/2022,Mohun Bagan Super Giant,Odisha
3817874,2022-01-23,1238,Indian Super league,108,2021/2022,Bengaluru,Goa
3817878,2022-01-24,1238,Indian Super league,108,2021/2022,East Bengal,SC Delhi
3817867,2022-01-25,1238,Indian Super league,108,2021/2022,Mumbai City,NorthEast United
3817868,2022-01-26,1238,Indian Super league,108,2021/2022,Bengaluru,Chennaiyin
3817860,2022-01-27,1238,Indian Super league,108,2021/2022,Odisha,SC Delhi
3817875,2022-01-28,1238,Indian Super league,108,2021/2022,Jamshedpur,Goa
3817888,2022-01-29,1238,Indian Super league,108,2021/2022,Mohun Bagan Super Giant,East Bengal
3817861,2022-01-30,1238,Indian Super league,108,2021/2022,Kerala Blasters,Bengaluru
3817871,2022-01-31,1238,Indian Super league,108,2021/2022,NorthEast United,SC Delhi
3817894,2022-02-01,1238,Indian Super league,108,2021/2022,Goa,Odisha
3817882,2022-02-02,1238,Indian Super league,108,2021/2022,East Bengal,Chennaiyin
3817864,2022-02-03,1238,Indian Super league,108,2021/2022,Mumbai City,Mohun Bagan Super Giant
3817886,2022-02-04,1238,Indian Super league,108,2021/2022,Kerala Blasters,NorthEast United
3817883,2022-02-05,1238,Indian Super league,108,2021/2022,Bengaluru,Jamshedpur
3802907,2022-02-06,7,Ligue 1,108,2021/2022,Lille,Paris Saint-Germain
3817852,2022-02-06,1238,Indian Super league,108,2021/2022,Chennaiyin,Mumbai City
3817896,2022-02-07,1238,Indian Super league,108,2021/2022,East Bengal,Odisha
3817884,2022-02-08,1238,Indian Super league,108,2021/2022,SC Delhi,Mohun Bagan Super Giant
3817895,2022-02-09,1238,Indian Super league,108,2021/2022,Chennaiyin,Goa
3817881,2022-02-10,1238,Indian Super league,108,2021/2022,Jamshedpur,Kerala Blasters
3802795,2022-02-11,7,Ligue 1,108,2021/2022,Paris Saint-Germain,Rennes
3817869,2022-02-11,1238,Indian Super league,108,2021/2022,Bengaluru,SC Delhi
3817873,2022-02-12,1238,Indian Super league,108,2021/2022,Mohun Bagan Super Giant,NorthEast United
3817862,2022-02-13,1238,Indian Super league,108,2021/2022,Mumbai City,Odisha
3817902,2022-02-14,1238,Indian Super league,108,2021/2022,Kerala Blasters,East Bengal
3817848,2022-02-15,1238,Indian Super league,108,2021/2022,Goa,Mohun Bagan Super Giant
3817880,2022-02-16,1238,Indian Super league,108,2021/2022,Odisha,Chennaiyin
3817901,2022-02-17,1238,Indian Super league,108,2021/2022,Jamshedpur,Mumbai City
3817877,2022-02-18,1238,Indian Super league,108,2021/2022,NorthEast United,Bengaluru
3802839,2022-02-19,7,Ligue 1,108,2021/2022,Nantes,Paris Saint-Germain
3817855,2022-02-19,1238,Indian Super league,108,2021/2022,Kerala Blasters,Mohun Bagan Super Giant
3817863,2022-02-19,1238,Indian Super league,108,2021/2022,SC Delhi,Goa
3817900,2022-02-20,1238,Indian Super league,108,2021/2022,Chennaiyin,Jamshedpur
3817872,2022-02-21,1238,Indian Super league,108,2021/2022,Bengaluru,Odisha
3817885,2022-02-22,1238,Indian Super league,108,2021/2022,Mumbai City,East Bengal
3817897,2022-02-23,1238,Indian Super league,108,2021/2022,SC Delhi,Kerala Blasters
3817892,2022-02-24,1238,Indian Super league,108,2021/2022,Odisha,Mohun Bagan Super Giant
3817859,2022-02-25,1238,Indian Super league,108,2021/2022,NorthEast United,Jamshedpur
3802709,2022-02-26,7,Ligue 1,108,2021/2022,Paris Saint-Germain,Saint-Étienne
3817858,2022-02-26,1238,Indian Super league,108,2021/2022,Kerala Blasters,Chennaiyin
3817898,2022-02-26,1238,Indian Super league,108,2021/2022,Goa,Mumbai City
3817854,2022-02-27,1238,Indian Super league,108,2021/2022,Mohun Bagan Super Giant,Bengaluru
3817893,2022-02-28,1238,Indian Super league,108,2021/2022,East Bengal,NorthEast United
3817857,2022-03-01,1238,Indian Super league,108,2021/2022,SC Delhi,Jamshedpur
3817866,2022-03-02,1238,Indian Super league,108,2021/2022,Kerala Blasters,Mumbai City
3817889,2022-03-03,1238,Indian Super league,108,2021/2022,Chennaiyin,Mohun Bagan Super Giant
3817899,2022-03-04,1238,Indian Super league,108,2021/2022,Jamshedpur,Odisha
3802805,2022-03-05,7,Ligue 1,108,2021/2022,OGC Nice,Paris Saint-Germain
3817887,2022-03-05,1238,Indian Super league,108,2021/2022,SC Delhi,Mumbai City
3817891,2022-03-05,1238,Indian Super league,108,2021/2022,East Bengal,Bengaluru
3817870,2022-03-06,1238,Indian Super league,108,2021/2022,Goa,Kerala Blasters
3817856,2022-03-07,1238,Indian Super league,108,2021/2022,Mohun Bagan Super Giant,Jamshedpur
3827337,2022-03-11,1238,Indian Super league,108,2021/2022,Jamshedpur,Kerala Blasters
3827338,2022-03-12,1238,Indian Super league,108,2021/2022,SC Delhi,Mohun Bagan Super Giant
3802904,2022-03-13,7,Ligue 1,108,2021/2022,Paris Saint-Germain,Bordeaux
3827335,2022-03-15,1238,Indian Super league,108,2021/2022,Kerala Blasters,Jamshedpur
3827336,2022-03-16,1238,Indian Super league,108,2021/2022,Mohun Bagan Super Giant,SC Delhi
3827767,2022-03-20,1238,Indian Super league,108,2021/2022,SC Delhi,Kerala Blasters
3802818,2022-04-03,7,Ligue 1,108,2021/2022,Paris Saint-Germain,Lorient
3803000,2022-04-09,7,Ligue 1,108,2021/2022,Clermont Foot,Paris Saint-Germain
3802983,2022-04-17,7,Ligue 1,108,2021/2022,Paris Saint-Germain,Olympique de Marseille
3802676,2022-04-23,7,Ligue 1,108,2021/2022,Paris Saint-Germain,Lens
3802643,2022-04-29,7,Ligue 1,108,2021/2022,Strasbourg,Paris Saint-Germain
3802930,2022-05-08,7,Ligue 1,108,2021/2022,Paris Saint-Germain,Troyes
3802665,2022-05-14,7,Ligue 1,108,2021/2022,Montpellier,Paris Saint-Germain
3802948,2022-05-21,7,Ligue 1,108,2021/2022,Paris Saint-Germain,Metz
3835319,2022-07-06,53,UEFA Women's Euro,106,2022,England Women's,Austria Women's
3835320,2022-07-07,53,UEFA Women's Euro,106,2022,Norway Women's,Northern Ireland W
3835321,2022-07-08,53,UEFA Women's Euro,106,2022,Spain Women's,WNT Finland
3835322,2022-07-08,53,UEFA Women's Euro,106,2022,Germany Women's,Denmark Women's
3835323,2022-07-09,53,UEFA Women's Euro,106,2022,Portugal Women's,Switzerland Women's
3835324,2022-07-09,53,UEFA Women's Euro,106,2022,Netherlands Women's,Sweden Women's
3835325,2022-07-10,53,UEFA Women's Euro,106,2022,France Women's,Italy Women's
3835326,2022-07-10,53,UEFA Women's Euro,106,2022,Belgium Women's,Iceland Women's
3835327,2022-07-11,53,UEFA Women's Euro,106,2022,England Women's,Norway Women's
3835328,2022-07-11,53,UEFA Women's Euro,106,2022,Austria Women's,Northern Ireland W
3835329,2022-07-12,53,UEFA Women's Euro,106,2022,Denmark Women's,WNT Finland
3835330,2022-07-12,53,UEFA Women's Euro,106,2022,Germany Women's,Spain Women's
3835331,2022-07-13,53,UEFA Women's Euro,106,2022,Sweden Women's,Switzerland Women's
3835332,2022-07-13,53,UEFA Women's Euro,106,2022,Netherlands Women's,Portugal Women's
3835333,2022-07-14,53,UEFA Women's Euro,106,2022,France Women's,Belgium Women's
3835334,2022-07-14,53,UEFA Women's Euro,106,2022,Italy Women's,Iceland Women's
3835335,2022-07-15,53,UEFA Women's Euro,106,2022,Northern Ireland W,England Women's
3835336,2022-07-15,53,UEFA Women's Euro,106,2022,Austria Women's,Norway Women's
3835337,2022-07-16,53,UEFA Women's Euro,106,2022,Denmark Women's,Spain Women's
3835338,2022-07-16,53,UEFA Women's Euro,106,2022,WNT Finland,Germany Women's
3835339,2022-07-17,53,UEFA Women's Euro,106,2022,Switzerland Women's,Netherlands Women's
3835340,2022-07-17,53,UEFA Women's Euro,106,2022,Sweden Women's,Portugal Women's
3835341,2022-07-18,53,UEFA Women's Euro,106,2022,Italy Women's,Belgium Women's
3835342,2022-07-18,53,UEFA Women's Euro,106,2022,Iceland Women's,France Women's
3844384,2022-07-20,53,UEFA Women's Euro,106,2022,England Women's,Spain Women's
3844385,2022-07-21,53,UEFA Women's Euro,106,2022,Germany Women's,Austria Women's
3844386,2022-07-22,53,UEFA Women's Euro,106,2022,Sweden Women's,Belgium Women's
3844387,2022-07-23,53,UEFA Women's Euro,106,2022,France Women's,Netherlands Women's
3845506,2022-07-26,53,UEFA Women's Euro,106,2022,England Women's,Sweden Women's
3845507,2022-07-27,53,UEFA Women's Euro,106,2022,Germany Women's,France Women's
3847567,2022-07-31,53,UEFA Women's Euro,106,2022,England Women's,Germany Women's
3837650,2022-08-06,7,Ligue 1,235,2022/2023,Clermont Foot,Paris Saint-Germain
3837659,2022-08-13,7,Ligue 1,235,2022/2023,Paris Saint-Germain,Montpellier
3837662,2022-08-21,7,Ligue 1,235,2022/2023,Lille,Paris Saint-Germain
3837680,2022-08-28,7,Ligue 1,235,2022/2023,Paris Saint-Germain,AS Monaco
3837683,2022-08-31,7,Ligue 1,235,2022/2023,Toulouse,Paris Saint-Germain
3837695,2022-09-03,7,Ligue 1,235,2022/2023,Nantes,Paris Saint-Germain
3837706,2022-09-10,7,Ligue 1,235,2022/2023,Paris Saint-Germain,Stade Brestois
3837717,2022-09-18,7,Ligue 1,235,2022/2023,Lyon,Paris Saint-Germain
3837727,2022-10-01,7,Ligue 1,235,2022/2023,Paris Saint-Germain,OGC Nice
3837747,2022-10-16,7,Ligue 1,235,2022/2023,Paris Saint-Germain,Olympique de Marseille
3837752,2022-10-21,7,Ligue 1,235,2022/2023,AC Ajaccio,Paris Saint-Germain
3837771,2022-10-29,7,Ligue 1,235,2022/2023,Paris Saint-Germain,Troyes
3837785,2022-11-13,7,Ligue 1,235,2022/2023,Paris Saint-Germain,Auxerre
3857286,2022-11-20,43,FIFA World Cup,106,2022,Qatar,Ecuador
3857271,2022-11-21,43,FIFA World Cup,106,2022,England,Iran
3857282,2022-11-21,43,FIFA World Cup,106,2022,United States,Wales
3857285,2022-11-21,43,FIFA World Cup,106,2022,Senegal,Netherlands
3857254,2022-11-22,43,FIFA World Cup,106,2022,Denmark,Tunisia
3857265,2022-11-22,43,FIFA World Cup,106,2022,Mexico,Poland
3857279,2022-11-22,43,FIFA World Cup,106,2022,France,Australia
3857300,2022-11-22,43,FIFA World Cup,106,2022,Argentina,Saudi Arabia
3857268,2022-11-23,43,FIFA World Cup,106,2022,Belgium,Canada
3857277,2022-11-23,43,FIFA World Cup,106,2022,Morocco,Croatia
3857284,2022-11-23,43,FIFA World Cup,106,2022,Germany,Japan
3857291,2022-11-23,43,FIFA World Cup,106,2022,Spain,Costa Rica
3857258,2022-11-24,43,FIFA World Cup,106,2022,Brazil,Serbia
3857287,2022-11-24,43,FIFA World Cup,106,2022,Uruguay,South Korea
3857290,2022-11-24,43,FIFA World Cup,106,2022,Switzerland,Cameroon
3857298,2022-11-24,43,FIFA World Cup,106,2022,Portugal,Ghana
3857272,2022-11-25,43,FIFA World Cup,106,2022,England,United States
3857273,2022-11-25,43,FIFA World Cup,106,2022,Wales,Iran
3857274,2022-11-25,43,FIFA World Cup,106,2022,Netherlands,Ecuador
3857301,2022-11-25,43,FIFA World Cup,106,2022,Qatar,Senegal
3857266,2022-11-26,43,FIFA World Cup,106,2022,France,Denmark
3857288,2022-11-26,43,FIFA World Cup,106,2022,Tunisia,Australia
3857289,2022-11-26,43,FIFA World Cup,106,2022,Argentina,Mexico
3857297,2022-11-26,43,FIFA World Cup,106,2022,Poland,Saudi Arabia
3857263,2022-11-27,43,FIFA World Cup,106,2022,Spain,Germany
3857281,2022-11-27,43,FIFA World Cup,106,2022,Croatia,Canada
3857283,2022-11-27,43,FIFA World Cup,106,2022,Belgium,Morocco
3857295,2022-11-27,43,FIFA World Cup,106,2022,Japan,Costa Rica
3857259,2022-11-28,43,FIFA World Cup,106,2022,Cameroon,Serbia
3857269,2022-11-28,43,FIFA World Cup,106,2022,Brazil,Switzerland
3857270,2022-11-28,43,FIFA World Cup,106,2022,Portugal,Uruguay
3857299,2022-11-28,43,FIFA World Cup,106,2022,South Korea,Ghana
3857261,2022-11-29,43,FIFA World Cup,106,2022,Wales,England
3857267,2022-11-29,43,FIFA World Cup,106,2022,Ecuador,Senegal
3857278,2022-11-29,43,FIFA World Cup,106,2022,Iran,United States
3857294,2022-11-29,43,FIFA World Cup,106,2022,Netherlands,Qatar
3857257,2022-11-30,43,FIFA World Cup,106,2022,Australia,Denmark
3857260,2022-11-30,43,FIFA World Cup,106,2022,Saudi Arabia,Mexico
3857264,2022-11-30,43,FIFA World Cup,106,2022,Poland,Argentina
3857275,2022-11-30,43,FIFA World Cup,106,2022,Tunisia,France
3857255,2022-12-01,43,FIFA World Cup,106,2022,Japan,Spain
3857276,2022-12-01,43,FIFA World Cup,106,2022,Canada,Morocco
3857292,2022-12-01,43,FIFA World Cup,106,2022,Costa Rica,Germany
3857296,2022-12-01,43,FIFA World Cup,106,2022,Croatia,Belgium
3857256,2022-12-02,43,FIFA World Cup,106,2022,Serbia,Switzerland
3857262,2022-12-02,43,FIFA World Cup,106,2022,South Korea,Portugal
3857280,2022-12-02,43,FIFA World Cup,106,2022,Cameroon,Brazil
3857293,2022-12-02,43,FIFA World Cup,106,2022,Ghana,Uruguay
3869117,2022-12-03,43,FIFA World Cup,106,2022,Netherlands,United States
3869151,2022-12-03,43,FIFA World Cup,106,2022,Argentina,Australia
3869118,2022-12-04,43,FIFA World Cup,106,2022,England,Senegal
3869152,2022-12-04,43,FIFA World Cup,106,2022,France,Poland
3869219,2022-12-05,43,FIFA World Cup,106,2022,Japan,Croatia
3869253,2022-12-05,43,FIFA World Cup,106,2022,Brazil,South Korea
3869220,2022-12-06,43,FIFA World Cup,106,2022,Morocco,Spain
3869254,2022-12-06,43,FIFA World Cup,106,2022,Portugal,Switzerland
3869321,2022-12-09,43,FIFA World Cup,106,2022,Netherlands,Argentina
3869420,2022-12-09,43,FIFA World Cup,106,2022,Croatia,Brazil
3869354,2022-12-10,43,FIFA World Cup,106,2022,England,France
3869486,2022-12-10,43,FIFA World Cup,106,2022,Morocco,Portugal
3869519,2022-12-13,43,FIFA World Cup,106,2022,Argentina,Croatia
3869552,2022-12-14,43,FIFA World Cup,106,2022,France,Morocco
3869684,2022-12-17,43,FIFA World Cup,106,2022,Croatia,Morocco
3869685,2022-12-18,43,FIFA World Cup,106,2022,Argentina,France
3837818,2023-01-11,7,Ligue 1,235,2022/2023,Paris Saint-Germain,Angers
3837827,2023-01-15,7,Ligue 1,235,2022/2023,Rennes,Paris Saint-Germain
3837839,2023-01-29,7,Ligue 1,235,2022/2023,Paris Saint-Germain,Stade de Reims
3837844,2023-02-01,7,Ligue 1,235,2022/2023,Montpellier,Paris Saint-Germain
3837859,2023-02-04,7,Ligue 1,235,2022/2023,Paris Saint-Germain,Toulouse
3837876,2023-02-19,7,Ligue 1,235,2022/2023,Paris Saint-Germain,Lille
3837885,2023-02-26,7,Ligue 1,235,2022/2023,Olympique de Marseille,Paris Saint-Germain
3837896,2023-03-04,7,Ligue 1,235,2022/2023,Paris Saint-Germain,Nantes
3837902,2023-03-11,7,Ligue 1,235,2022/2023,Stade Brestois,Paris Saint-Germain
3837918,2023-03-19,7,Ligue 1,235,2022/2023,Paris Saint-Germain,Rennes
3881483,2023-03-25,49,NWSL,107,2023,North Carolina Courage,KC Current
3881484,2023-03-26,49,NWSL,107,2023,San Diego Wave,Chicago Red Stars
3881485,2023-03-26,49,NWSL,107,2023,Washington Spirit,Seattle Reign
3881486,2023-03-26,49,NWSL,107,2023,Portland Thorns,Orlando Pride
3881487,2023-03-27,49,NWSL,107,2023,Houston Dash,Racing Louisville FC
3881488,2023-03-27,49,NWSL,107,2023,Angel City,NJ/NY Gotham FC
3881489,2023-04-01,49,NWSL,107,2023,KC Current,Portland Thorns
3881490,2023-04-01,49,NWSL,107,2023,Chicago Red Stars,Houston Dash
3881491,2023-04-01,49,NWSL,107,2023,Racing Louisville FC,Washington Spirit
3837928,2023-04-02,7,Ligue 1,235,2022/2023,Paris Saint-Germain,Lyon
3881492,2023-04-02,49,NWSL,107,2023,NJ/NY Gotham FC,Seattle Reign
3881493,2023-04-02,49,NWSL,107,2023,San Diego Wave,North Carolina Courage
3881494,2023-04-02,49,NWSL,107,2023,Orlando Pride,Angel City
3837938,2023-04-08,7,Ligue 1,235,2022/2023,OGC Nice,Paris Saint-Germain
3837947,2023-04-15,7,Ligue 1,235,2022/2023,Paris Saint-Germain,Lens
3881495,2023-04-15,49,NWSL,107,2023,Portland Thorns,Houston Dash
3881496,2023-04-16,49,NWSL,107,2023,North Carolina Courage,Washington Spirit
3881497,2023-04-16,49,NWSL,107,2023,Orlando Pride,NJ/NY Gotham FC
3881498,2023-04-16,49,NWSL,107,2023,Chicago Red Stars,KC Current
3881499,2023-04-16,49,NWSL,107,2023,Angel City,Racing Louisville FC
3881500,2023-04-16,49,NWSL,107,2023,Seattle Reign,San Diego Wave
3837954,2023-04-21,7,Ligue 1,235,2022/2023,Angers,Paris Saint-Germain
3881502,2023-04-22,49,NWSL,107,2023,Seattle Reign,Chicago Red Stars
3881501,2023-04-23,49,NWSL,107,2023,KC Current,Orlando Pride
3881503,2023-04-23,49,NWSL,107,2023,NJ/NY Gotham FC,North Carolina Courage
3881504,2023-04-23,49,NWSL,107,2023,Portland Thorns,Racing Louisville FC
3881505,2023-04-23,49,NWSL,107,2023,Washington Spirit,Houston Dash
3881506,2023-04-24,49,NWSL,107,2023,Angel City,San Diego Wave
3881507,2023-04-29,49,NWSL,107,2023,Houston Dash,North Carolina Courage
3837963,2023-04-30,7,Ligue 1,235,2022/2023,Paris Saint-Germain,Lorient
3881508,2023-04-30,49,NWSL,107,2023,Racing Louisville FC,Seattle Reign
3881509,2023-04-30,49,NWSL,107,2023,Portland Thorns,Angel City
3881510,2023-04-30,49,NWSL,107,2023,San Diego Wave,Orlando Pride
3881511,2023-04-30,49,NWSL,107,2023,Chicago Red Stars,Washington Spirit
3881512,2023-04-30,49,NWSL,107,2023,KC Current,NJ/NY Gotham FC
3881513,2023-05-06,49,NWSL,107,2023,Washington Spirit,San Diego Wave
3881514,2023-05-07,49,NWSL,107,2023,Seattle Reign,Houston Dash
3881515,2023-05-07,49,NWSL,107,2023,Orlando Pride,Racing Louisville FC
3881516,2023-05-07,49,NWSL,107,2023,North Carolina Courage,Portland Thorns
3881517,2023-05-08,49,NWSL,107,2023,Angel City,KC Current
3881518,2023-05-08,49,NWSL,107,2023,Chicago Red Stars,NJ/NY Gotham FC
3837987,2023-05-13,7,Ligue 1,235,2022/2023,Paris Saint-Germain,AC Ajaccio
3881519,2023-05-13,49,NWSL,107,2023,Houston Dash,Portland Thorns
3881520,2023-05-13,49,NWSL,107,2023,Racing Louisville FC,Chicago Red Stars
3881521,2023-05-14,49,NWSL,107,2023,North Carolina Courage,Seattle Reign
3881522,2023-05-14,49,NWSL,107,2023,Angel City,Washington Spirit
3881524,2023-05-14,49,NWSL,107,2023,KC Current,San Diego Wave
3881523,2023-05-15,49,NWSL,107,2023,NJ/NY Gotham FC,Orlando Pride
3837998,2023-05-21,7,Ligue 1,235,2022/2023,Auxerre,Paris Saint-Germain
3881526,2023-05-21,49,NWSL,107,2023,North Carolina Courage,Angel City
3881527,2023-05-21,49,NWSL,107,2023,Orlando Pride,Washington Spirit
3881528,2023-05-21,49,NWSL,107,2023,KC Current,Racing Louisville FC
3881529,2023-05-21,49,NWSL,107,2023,Houston Dash,San Diego Wave
3881525,2023-05-22,49,NWSL,107,2023,Portland Thorns,Chicago Red Stars
3881530,2023-05-22,49,NWSL,107,2023,Seattle Reign,NJ/NY Gotham FC
3838004,2023-05-27,7,Ligue 1,235,2022/2023,Strasbourg,Paris Saint-Germain
3881531,2023-05-27,49,NWSL,107,2023,KC Current,Houston Dash
3881532,2023-05-27,49,NWSL,107,2023,San Diego Wave,Portland Thorns
3881533,2023-05-27,49,NWSL,107,2023,Seattle Reign,Angel City
3881534,2023-05-28,49,NWSL,107,2023,Chicago Red Stars,Orlando Pride
3881535,2023-05-28,49,NWSL,107,2023,Racing Louisville FC,North Carolina Courage
3881536,2023-05-29,49,NWSL,107,2023,Washington Spirit,NJ/NY Gotham FC
3838017,2023-06-03,7,Ligue 1,235,2022/2023,Paris Saint-Germain,Clermont Foot
3881537,2023-06-04,49,NWSL,107,2023,Washington Spirit,Racing Louisville FC
3881538,2023-06-04,49,NWSL,107,2023,Seattle Reign,Portland Thorns
3881540,2023-06-04,49,NWSL,107,2023,KC Current,North Carolina Courage
3881541,2023-06-04,49,NWSL,107,2023,Houston Dash,Orlando Pride
3881539,2023-06-05,49,NWSL,107,2023,NJ/NY Gotham FC,San Diego Wave
3881542,2023-06-06,49,NWSL,107,2023,Angel City,Chicago Red Stars
3881544,2023-06-10,49,NWSL,107,2023,Racing Louisville FC,San Diego Wave
3881543,2023-06-11,49,NWSL,107,2023,Chicago Red Stars,North Carolina Courage
3881545,2023-06-11,49,NWSL,107,2023,Seattle Reign,KC Current
3881546,2023-06-11,49,NWSL,107,2023,Washington Spirit,Angel City
3881547,2023-06-12,49,NWSL,107,2023,Orlando Pride,Portland Thorns
3881548,2023-06-12,49,NWSL,107,2023,Houston Dash,NJ/NY Gotham FC
3881549,2023-06-17,49,NWSL,107,2023,San Diego Wave,Angel City
3881550,2023-06-18,49,NWSL,107,2023,Racing Louisville FC,NJ/NY Gotham FC
3881551,2023-06-18,49,NWSL,107,2023,North Carolina Courage,Orlando Pride
3881552,2023-06-18,49,NWSL,107,2023,Houston Dash,Seattle Reign
3881553,2023-06-18,49,NWSL,107,2023,KC Current,Washington Spirit
3881554,2023-06-19,49,NWSL,107,2023,Chicago Red Stars,Portland Thorns
3881555,2023-06-24,49,NWSL,107,2023,Portland Thorns,Washington Spirit
3881558,2023-06-24,49,NWSL,107,2023,Orlando Pride,KC Current
3881556,2023-06-25,49,NWSL,107,2023,San Diego Wave,Seattle Reign
3881557,2023-06-25,49,NWSL,107,2023,North Carolina Courage,Racing Louisville FC
3881559,2023-06-26,49,NWSL,107,2023,NJ/NY Gotham FC,Chicago Red Stars
3881560,2023-06-26,49,NWSL,107,2023,Angel City,Houston Dash
3881561,2023-07-01,49,NWSL,107,2023,Seattle Reign,Racing Louisville FC
3881563,2023-07-02,49,NWSL,107,2023,Portland Thorns,KC Current
3881564,2023-07-02,49,NWSL,107,2023,Chicago Red Stars,San Diego Wave
3881565,2023-07-02,49,NWSL,107,2023,North Carolina Courage,Houston Dash
3881566,2023-07-02,49,NWSL,107,2023,Washington Spirit,Orlando Pride
3881562,2023-07-03,49,NWSL,107,2023,NJ/NY Gotham FC,Angel City
3881567,2023-07-08,49,NWSL,107,2023,Houston Dash,Chicago Red Stars
3881568,2023-07-08,49,NWSL,107,2023,Racing Louisville FC,KC Current
3881569,2023-07-08,49,NWSL,107,2023,Orlando Pride,Seattle Reign
3881571,2023-07-09,49,NWSL,107,2023,San Diego Wave,Washington Spirit
3881570,2023-07-10,49,NWSL,107,2023,NJ/NY Gotham FC,Portland Thorns
3881572,2023-07-10,49,NWSL,107,2023,Angel City,North Carolina Courage
3893787,2023-07-20,72,Women's World Cup,107,2023,New Zealand Women's,Norway Women's
3893788,2023-07-20,72,Women's World Cup,107,2023,Australia Women's,Republic of Ireland Women's
3893789,2023-07-21,72,Women's World Cup,107,2023,Philippines Women's,Switzerland Women's
3893790,2023-07-21,72,Women's World Cup,107,2023,Nigeria Women's,Canada Women's
3893791,2023-07-21,72,Women's World Cup,107,2023,Spain Women's,Costa Rica Women's
3893792,2023-07-22,72,Women's World Cup,107,2023,United States Women's,Vietnam Women's
3893793,2023-07-22,72,Women's World Cup,107,2023,Zambia W,Japan Women's
3893794,2023-07-22,72,Women's World Cup,107,2023,England Women's,Haiti Women's
3893795,2023-07-22,72,Women's World Cup,107,2023,Denmark Women's,China PR Women's
3893796,2023-07-23,72,Women's World Cup,107,2023,Sweden Women's,South Africa Women's
3893797,2023-07-23,72,Women's World Cup,107,2023,Netherlands Women's,Portugal Women's
3893798,2023-07-23,72,Women's World Cup,107,2023,France Women's,Jamaica Women's
3893799,2023-07-24,72,Women's World Cup,107,2023,Germany Women's,Morocco Women's
3893800,2023-07-24,72,Women's World Cup,107,2023,Italy Women's,Argentina Women's
3893801,2023-07-24,72,Women's World Cup,107,2023,Brazil Women's,Panama Women's
3893802,2023-07-25,72,Women's World Cup,107,2023,Colombia Women's,Korea Republic Women's
3893803,2023-07-25,72,Women's World Cup,107,2023,New Zealand Women's,Philippines Women's
3893804,2023-07-25,72,Women's World Cup,107,2023,Switzerland Women's,Norway Women's
3893805,2023-07-26,72,Women's World Cup,107,2023,Japan Women's,Costa Rica Women's
3893806,2023-07-26,72,Women's World Cup,107,2023,Spain Women's,Zambia W
3893807,2023-07-26,72,Women's World Cup,107,2023,Canada Women's,Republic of Ireland Women's
3893808,2023-07-27,72,Women's World Cup,107,2023,United States Women's,Netherlands Women's
3893809,2023-07-27,72,Women's World Cup,107,2023,Australia Women's,Nigeria Women's
3893810,2023-07-27,72,Women's World Cup,107,2023,Portugal Women's,Vietnam Women's
3893811,2023-07-28,72,Women's World Cup,107,2023,England Women's,Denmark Women's
3893812,2023-07-28,72,Women's World Cup,107,2023,Argentina Women's,South Africa Women's
3893813,2023-07-28,72,Women's World Cup,107,2023,China PR Women's,Haiti Women's
3893814,2023-07-29,72,Women's World Cup,107,2023,Sweden Women's,Italy Women's
3893815,2023-07-29,72,Women's World Cup,107,2023,France Women's,Brazil Women's
3893816,2023-07-29,72,Women's World Cup,107,2023,Panama Women's,Jamaica Women's
3893817,2023-07-30,72,Women's World Cup,107,2023,Switzerland Women's,New Zealand Women's
3893818,2023-07-30,72,Women's World Cup,107,2023,Germany Women's,Colombia Women's
3893819,2023-07-30,72,Women's World Cup,107,2023,Korea Republic Women's,Morocco Women's
3893820,2023-07-30,72,Women's World Cup,107,2023,Norway Women's,Philippines Women's
3893821,2023-07-31,72,Women's World Cup,107,2023,Canada Women's,Australia Women's
3893822,2023-07-31,72,Women's World Cup,107,2023,Japan Women's,Spain Women's
3893823,2023-07-31,72,Women's World Cup,107,2023,Costa Rica Women's,Zambia W
3893824,2023-07-31,72,Women's World Cup,107,2023,Republic of Ireland Women's,Nigeria Women's
3893825,2023-08-01,72,Women's World Cup,107,2023,Haiti Women's,Denmark Women's
3893826,2023-08-01,72,Women's World Cup,107,2023,Portugal Women's,United States Women's
3893827,2023-08-01,72,Women's World Cup,107,2023,Vietnam Women's,Netherlands Women's
3893828,2023-08-01,72,Women's World Cup,107,2023,China PR Women's,England Women's
3893829,2023-08-02,72,Women's World Cup,107,2023,Panama Women's,France Women's
3893830,2023-08-02,72,Women's World Cup,107,2023,Argentina Women's,Sweden Women's
3893831,2023-08-02,72,Women's World Cup,107,2023,South Africa Women's,Italy Women's
3893832,2023-08-02,72,Women's World Cup,107,2023,Jamaica Women's,Brazil Women's
3893833,2023-08-03,72,Women's World Cup,107,2023,Korea Republic Women's,Germany Women's
3893834,2023-08-03,72,Women's World Cup,107,2023,Morocco Women's,Colombia Women's
3901733,2023-08-05,72,Women's World Cup,107,2023,Switzerland Women's,Spain Women's
3901734,2023-08-05,72,Women's World Cup,107,2023,Japan Women's,Norway Women's
3901796,2023-08-06,72,Women's World Cup,107,2023,Netherlands Women's,South Africa Women's
3901797,2023-08-06,72,Women's World Cup,107,2023,Sweden Women's,United States Women's
3901735,2023-08-07,72,Women's World Cup,107,2023,England Women's,Nigeria Women's
3901736,2023-08-07,72,Women's World Cup,107,2023,Australia Women's,Denmark Women's
3901832,2023-08-08,72,Women's World Cup,107,2023,Colombia Women's,Jamaica Women's
3901833,2023-08-08,72,Women's World Cup,107,2023,France Women's,Morocco Women's
3902239,2023-08-11,72,Women's World Cup,107,2023,Japan Women's,Sweden Women's
3902240,2023-08-11,72,Women's World Cup,107,2023,Spain Women's,Netherlands Women's
3902967,2023-08-12,72,Women's World Cup,107,2023,England Women's,Colombia Women's
3902968,2023-08-12,72,Women's World Cup,107,2023,Australia Women's,France Women's
3904628,2023-08-15,72,Women's World Cup,107,2023,Spain Women's,Sweden Women's
3904629,2023-08-16,72,Women's World Cup,107,2023,Australia Women's,England Women's
3881573,2023-08-19,49,NWSL,107,2023,KC Current,Seattle Reign
3895052,2023-08-19,9,1. Bundesliga,281,2023/2024,Bayer Leverkusen,RB Leipzig
3906389,2023-08-19,72,Women's World Cup,107,2023,Sweden Women's,Australia Women's
3881574,2023-08-20,49,NWSL,107,2023,San Diego Wave,NJ/NY Gotham FC
3881575,2023-08-20,49,NWSL,107,2023,Houston Dash,Washington Spirit
3881576,2023-08-20,49,NWSL,107,2023,Racing Louisville FC,Angel City
3906390,2023-08-20,72,Women's World Cup,107,2023,Spain Women's,England Women's
3881577,2023-08-21,49,NWSL,107,2023,Orlando Pride,Chicago Red Stars
3881578,2023-08-21,49,NWSL,107,2023,Portland Thorns,North Carolina Courage
3881579,2023-08-26,49,NWSL,107,2023,Orlando Pride,San Diego Wave
3895060,2023-08-26,9,1. Bundesliga,281,2023/2024,Borussia Mönchengladbach,Bayer Leverkusen
3877060,2023-08-27,44,Major League Soccer,107,2023,New York Red Bulls,Inter Miami
3881582,2023-08-27,49,NWSL,107,2023,North Carolina Courage,Chicago Red Stars
3881583,2023-08-27,49,NWSL,107,2023,Houston Dash,KC Current
3881580,2023-08-28,49,NWSL,107,2023,Washington Spirit,Portland Thorns
3881581,2023-08-28,49,NWSL,107,2023,NJ/NY Gotham FC,Racing Louisville FC
3881584,2023-08-28,49,NWSL,107,2023,Angel City,Seattle Reign
3877072,2023-08-31,44,Major League Soccer,107,2023,Inter Miami,Nashville SC
3881585,2023-09-02,49,NWSL,107,2023,KC Current,Angel City
3895067,2023-09-02,9,1. Bundesliga,281,2023/2024,Bayer Leverkusen,Darmstadt 98
3881586,2023-09-03,49,NWSL,107,2023,Racing Louisville FC,Portland Thorns
3881588,2023-09-03,49,NWSL,107,2023,North Carolina Courage,NJ/NY Gotham FC
3877090,2023-09-04,44,Major League Soccer,107,2023,LAFC,Inter Miami
3881587,2023-09-04,49,NWSL,107,2023,Washington Spirit,Chicago Red Stars
3881589,2023-09-04,49,NWSL,107,2023,San Diego Wave,Houston Dash
3881590,2023-09-04,49,NWSL,107,2023,Seattle Reign,Orlando Pride
3895074,2023-09-15,9,1. Bundesliga,281,2023/2024,Bayern Munich,Bayer Leverkusen
3910730,2023-09-15,135,Frauen Bundesliga,281,2023/2024,SC Freiburg,Bayern München W
3910744,2023-09-15,182,Liga F,281,2023/2024,Valencia CF,Real Madrid CF W
3881591,2023-09-16,49,NWSL,107,2023,Racing Louisville FC,Houston Dash
3910621,2023-09-16,131,Serie A Women,281,2023/2024,Fiorentina W,Sassuolo W
3910623,2023-09-16,131,Serie A Women,281,2023/2024,Pomigliano,Juventus W
3910731,2023-09-16,135,Frauen Bundesliga,281,2023/2024,Hoffenheim W,Duisburg WFC
3910732,2023-09-16,135,Frauen Bundesliga,281,2023/2024,Nürnberg W,SV Werder Bremen
3910745,2023-09-16,182,Liga F,281,2023/2024,Real Betis Balompié,Villarreal
3910746,2023-09-16,182,Liga F,281,2023/2024,Atletico Madrid W,Athletic Club Bilbao
3910747,2023-09-16,182,Liga F,281,2023/2024,SD Eibar,FC Levante Badalona
3910748,2023-09-16,182,Liga F,281,2023/2024,Madrid CFF,Barcelona WFC
3881592,2023-09-17,49,NWSL,107,2023,San Diego Wave,KC Current
3881593,2023-09-17,49,NWSL,107,2023,Portland Thorns,Seattle Reign
3881594,2023-09-17,49,NWSL,107,2023,NJ/NY Gotham FC,Washington Spirit
3910620,2023-09-17,131,Serie A Women,281,2023/2024,Como W,Napoli W
3910622,2023-09-17,131,Serie A Women,281,2023/2024,AC Milan W,AS Roma W
3910624,2023-09-17,131,Serie A Women,281,2023/2024,Sampdoria W,FC Internazionale Milano W
3910733,2023-09-17,135,Frauen Bundesliga,281,2023/2024,Köln,RB Leipzig W
3910734,2023-09-17,135,Frauen Bundesliga,281,2023/2024,VfL Wolfsburg WFC,TSV Bayer 04 Leverkusen
3910735,2023-09-17,135,Frauen Bundesliga,281,2023/2024,SGS Essen 19/68,Eintracht Frankfurt W
3910749,2023-09-17,182,Liga F,281,2023/2024,Costa Adeje Tenerife,CD Sporting de Huelva
3910750,2023-09-17,182,Liga F,281,2023/2024,Granada W,Real Sociedad de Fútbol
3910751,2023-09-17,182,Liga F,281,2023/2024,Levante UD Femenino,Sevilla FC
3881595,2023-09-18,49,NWSL,107,2023,Orlando Pride,North Carolina Courage
3881596,2023-09-18,49,NWSL,107,2023,Chicago Red Stars,Angel City
3877115,2023-09-21,44,Major League Soccer,107,2023,Inter Miami,Toronto FC
3895086,2023-09-24,9,1. Bundesliga,281,2023/2024,Bayer Leverkusen,FC Heidenheim
3911755,2023-09-29,135,Frauen Bundesliga,281,2023/2024,RB Leipzig W,SGS Essen 19/68
3881599,2023-09-30,49,NWSL,107,2023,Washington Spirit,KC Current
3895095,2023-09-30,9,1. Bundesliga,281,2023/2024,FSV Mainz 05,Bayer Leverkusen
3910931,2023-09-30,182,Liga F,281,2023/2024,Villarreal,Valencia CF
3910932,2023-09-30,182,Liga F,281,2023/2024,Granada W,SD Eibar
3910933,2023-09-30,182,Liga F,281,2023/2024,Sevilla FC,Madrid CFF
3910934,2023-09-30,182,Liga F,281,2023/2024,Levante UD Femenino,Atletico Madrid W
3911756,2023-09-30,135,Frauen Bundesliga,281,2023/2024,TSV Bayer 04 Leverkusen,Nürnberg W
3911757,2023-09-30,135,Frauen Bundesliga,281,2023/2024,SV Werder Bremen,Hoffenheim W
3911869,2023-09-30,131,Serie A Women,281,2023/2024,AS Roma W,Como W
3881598,2023-10-01,49,NWSL,107,2023,Chicago Red Stars,Racing Louisville FC
3881600,2023-10-01,49,NWSL,107,2023,Portland Thorns,San Diego Wave
3910935,2023-10-01,182,Liga F,281,2023/2024,Real Sociedad de Fútbol,Real Betis Balompié
3910936,2023-10-01,182,Liga F,281,2023/2024,CD Sporting de Huelva,Barcelona WFC
3910937,2023-10-01,182,Liga F,281,2023/2024,Costa Adeje Tenerife,Real Madrid CF W
3910938,2023-10-01,182,Liga F,281,2023/2024,FC Levante Badalona,Athletic Club Bilbao
3911758,2023-10-01,135,Frauen Bundesliga,281,2023/2024,Duisburg WFC,SC Freiburg
3911759,2023-10-01,135,Frauen Bundesliga,281,2023/2024,Eintracht Frankfurt W,VfL Wolfsburg WFC
3911870,2023-10-01,131,Serie A Women,281,2023/2024,Napoli W,AC Milan W
3911871,2023-10-01,131,Serie A Women,281,2023/2024,Sassuolo W,Pomigliano
3911872,2023-10-01,131,Serie A Women,281,2023/2024,Juventus W,Sampdoria W
3912592,2023-10-01,37,FA Women's Super League,281,2023/2024,Aston Villa W,Manchester United W
3912593,2023-10-01,37,FA Women's Super League,281,2023/2024,West Ham United LFC,Manchester City WFC
3912594,2023-10-01,37,FA Women's Super League,281,2023/2024,Bristol City WFC,Leicester City WFC
3912595,2023-10-01,37,FA Women's Super League,281,2023/2024,Arsenal WFC,Liverpool WFC
3912596,2023-10-01,37,FA Women's Super League,281,2023/2024,Everton LFC,Brighton & Hove Albion WFC
3912597,2023-10-01,37,FA Women's Super League,281,2023/2024,Chelsea FCW,Tottenham Hotspur Women
3881601,2023-10-02,49,NWSL,107,2023,NJ/NY Gotham FC,Houston Dash
3881602,2023-10-02,49,NWSL,107,2023,Seattle Reign,North Carolina Courage
3911760,2023-10-02,135,Frauen Bundesliga,281,2023/2024,Bayern München W,Köln
3911873,2023-10-02,131,Serie A Women,281,2023/2024,FC Internazionale Milano W,Fiorentina W
3881597,2023-10-03,49,NWSL,107,2023,Angel City,Orlando Pride
3910743,2023-10-03,182,Liga F,281,2023/2024,Villarreal,Atletico Madrid W
3910736,2023-10-04,182,Liga F,281,2023/2024,Sevilla FC,Costa Adeje Tenerife
3910737,2023-10-04,182,Liga F,281,2023/2024,Real Madrid CF W,Real Betis Balompié
3910738,2023-10-04,182,Liga F,281,2023/2024,SD Eibar,Madrid CFF
3910739,2023-10-04,182,Liga F,281,2023/2024,Athletic Club Bilbao,Granada W
3910741,2023-10-04,182,Liga F,281,2023/2024,Real Sociedad de Fútbol,Levante UD Femenino
3910740,2023-10-05,182,Liga F,281,2023/2024,Barcelona WFC,Valencia CF
3910742,2023-10-05,182,Liga F,281,2023/2024,FC Levante Badalona,CD Sporting de Huelva
3911761,2023-10-06,135,Frauen Bundesliga,281,2023/2024,VfL Wolfsburg WFC,Nürnberg W
3912598,2023-10-06,37,FA Women's Super League,281,2023/2024,Manchester United W,Arsenal WFC
3881604,2023-10-07,49,NWSL,107,2023,Racing Louisville FC,Orlando Pride
3881605,2023-10-07,49,NWSL,107,2023,Seattle Reign,Washington Spirit
3910942,2023-10-07,182,Liga F,281,2023/2024,Atletico Madrid W,Sevilla FC
3910945,2023-10-07,182,Liga F,281,2023/2024,Real Madrid CF W,Villarreal
3911762,2023-10-07,135,Frauen Bundesliga,281,2023/2024,Eintracht Frankfurt W,RB Leipzig W
3911763,2023-10-07,135,Frauen Bundesliga,281,2023/2024,Köln,Duisburg WFC
3912477,2023-10-07,131,Serie A Women,281,2023/2024,Pomigliano,AS Roma W
3912478,2023-10-07,131,Serie A Women,281,2023/2024,Sampdoria W,Como W
3912479,2023-10-07,131,Serie A Women,281,2023/2024,AC Milan W,Juventus W
3877170,2023-10-08,44,Major League Soccer,107,2023,Inter Miami,Cincinnati
3881603,2023-10-08,49,NWSL,107,2023,Portland Thorns,NJ/NY Gotham FC
3881606,2023-10-08,49,NWSL,107,2023,North Carolina Courage,San Diego Wave
3881607,2023-10-08,49,NWSL,107,2023,KC Current,Chicago Red Stars
3895107,2023-10-08,9,1. Bundesliga,281,2023/2024,Bayer Leverkusen,FC Köln
3910939,2023-10-08,182,Liga F,281,2023/2024,Madrid CFF,Granada W
3910940,2023-10-08,182,Liga F,281,2023/2024,SD Eibar,Costa Adeje Tenerife
3910943,2023-10-08,182,Liga F,281,2023/2024,Barcelona WFC,Real Sociedad de Fútbol
3910944,2023-10-08,182,Liga F,281,2023/2024,Real Betis Balompié,Levante UD Femenino
3911764,2023-10-08,135,Frauen Bundesliga,281,2023/2024,SGS Essen 19/68,Bayern München W
3911765,2023-10-08,135,Frauen Bundesliga,281,2023/2024,SC Freiburg,SV Werder Bremen
3912480,2023-10-08,131,Serie A Women,281,2023/2024,Sassuolo W,FC Internazionale Milano W
3912481,2023-10-08,131,Serie A Women,281,2023/2024,Fiorentina W,Napoli W
3912599,2023-10-08,37,FA Women's Super League,281,2023/2024,Brighton & Hove Albion WFC,West Ham United LFC
3912600,2023-10-08,37,FA Women's Super League,281,2023/2024,Manchester City WFC,Chelsea FCW
3912601,2023-10-08,37,FA Women's Super League,281,2023/2024,Tottenham Hotspur Women,Bristol City WFC
3912602,2023-10-08,37,FA Women's Super League,281,2023/2024,Leicester City WFC,Everton LFC
3912603,2023-10-08,37,FA Women's Super League,281,2023/2024,Liverpool WFC,Aston Villa W
3881608,2023-10-09,49,NWSL,107,2023,Houston Dash,Angel City
3910941,2023-10-09,182,Liga F,281,2023/2024,Athletic Club Bilbao,CD Sporting de Huelva
3910946,2023-10-09,182,Liga F,281,2023/2024,Valencia CF,FC Levante Badalona
3911766,2023-10-09,135,Frauen Bundesliga,281,2023/2024,Hoffenheim W,TSV Bayer 04 Leverkusen
3911767,2023-10-13,135,Frauen Bundesliga,281,2023/2024,Nürnberg W,Hoffenheim W
3910947,2023-10-14,182,Liga F,281,2023/2024,Granada W,Real Madrid CF W
3910948,2023-10-14,182,Liga F,281,2023/2024,Sevilla FC,Valencia CF
3910949,2023-10-14,182,Liga F,281,2023/2024,Villarreal,Athletic Club Bilbao
3910953,2023-10-14,182,Liga F,281,2023/2024,Real Sociedad de Fútbol,SD Eibar
3911768,2023-10-14,135,Frauen Bundesliga,281,2023/2024,Bayern München W,Eintracht Frankfurt W
3911769,2023-10-14,135,Frauen Bundesliga,281,2023/2024,SV Werder Bremen,Köln
3912483,2023-10-14,131,Serie A Women,281,2023/2024,Como W,AC Milan W
3912485,2023-10-14,131,Serie A Women,281,2023/2024,Napoli W,Sampdoria W
3913069,2023-10-14,37,FA Women's Super League,281,2023/2024,Chelsea FCW,West Ham United LFC
3881612,2023-10-15,49,NWSL,107,2023,NJ/NY Gotham FC,KC Current
3910950,2023-10-15,182,Liga F,281,2023/2024,Levante UD Femenino,FC Levante Badalona
3910951,2023-10-15,182,Liga F,281,2023/2024,CD Sporting de Huelva,Madrid CFF
3910952,2023-10-15,182,Liga F,281,2023/2024,Costa Adeje Tenerife,Real Betis Balompié
3910954,2023-10-15,182,Liga F,281,2023/2024,Atletico Madrid W,Barcelona WFC
3911770,2023-10-15,135,Frauen Bundesliga,281,2023/2024,RB Leipzig W,VfL Wolfsburg WFC
3911771,2023-10-15,135,Frauen Bundesliga,281,2023/2024,TSV Bayer 04 Leverkusen,SC Freiburg
3912482,2023-10-15,131,Serie A Women,281,2023/2024,AS Roma W,FC Internazionale Milano W
3912484,2023-10-15,131,Serie A Women,281,2023/2024,Juventus W,Sassuolo W
3912486,2023-10-15,131,Serie A Women,281,2023/2024,Pomigliano,Fiorentina W
3913070,2023-10-15,37,FA Women's Super League,281,2023/2024,Liverpool WFC,Everton LFC
3913071,2023-10-15,37,FA Women's Super League,281,2023/2024,Manchester United W,Leicester City WFC
3913072,2023-10-15,37,FA Women's Super League,281,2023/2024,Manchester City WFC,Bristol City WFC
3913073,2023-10-15,37,FA Women's Super League,281,2023/2024,Arsenal WFC,Aston Villa W
3913074,2023-10-15,37,FA Women's Super League,281,2023/2024,Brighton & Hove Albion WFC,Tottenham Hotspur Women
3881609,2023-10-16,49,NWSL,107,2023,Angel City,Portland Thorns
3881610,2023-10-16,49,NWSL,107,2023,Orlando Pride,Houston Dash
3881611,2023-10-16,49,NWSL,107,2023,Chicago Red Stars,Seattle Reign
3881613,2023-10-16,49,NWSL,107,2023,Washington Spirit,North Carolina Courage
3881614,2023-10-16,49,NWSL,107,2023,San Diego Wave,Racing Louisville FC
3911772,2023-10-16,135,Frauen Bundesliga,281,2023/2024,Duisburg WFC,SGS Essen 19/68
3911773,2023-10-20,135,Frauen Bundesliga,281,2023/2024,Köln,TSV Bayer 04 Leverkusen
3895113,2023-10-21,9,1. Bundesliga,281,2023/2024,Wolfsburg,Bayer Leverkusen
3910955,2023-10-21,182,Liga F,281,2023/2024,Barcelona WFC,Granada W
3910958,2023-10-21,182,Liga F,281,2023/2024,Real Betis Balompié,Valencia CF
3910959,2023-10-21,182,Liga F,281,2023/2024,SD Eibar,Villarreal
3910960,2023-10-21,182,Liga F,281,2023/2024,CD Sporting de Huelva,Atletico Madrid W
3911774,2023-10-21,135,Frauen Bundesliga,281,2023/2024,SGS Essen 19/68,SV Werder Bremen
3911775,2023-10-21,135,Frauen Bundesliga,281,2023/2024,SC Freiburg,Nürnberg W
3912489,2023-10-21,131,Serie A Women,281,2023/2024,FC Internazionale Milano W,Napoli W
3912491,2023-10-21,131,Serie A Women,281,2023/2024,Sassuolo W,Como W
3913075,2023-10-21,37,FA Women's Super League,281,2023/2024,Aston Villa W,Tottenham Hotspur Women
3913076,2023-10-21,37,FA Women's Super League,281,2023/2024,Leicester City WFC,Manchester City WFC
3914644,2023-10-21,49,NWSL,107,2023,Seattle Reign,Angel City
3877194,2023-10-22,44,Major League Soccer,107,2023,Charlotte,Inter Miami
3910956,2023-10-22,182,Liga F,281,2023/2024,FC Levante Badalona,Sevilla FC
3910957,2023-10-22,182,Liga F,281,2023/2024,Madrid CFF,Costa Adeje Tenerife
3910961,2023-10-22,182,Liga F,281,2023/2024,Real Madrid CF W,Levante UD Femenino
3910962,2023-10-22,182,Liga F,281,2023/2024,Athletic Club Bilbao,Real Sociedad de Fútbol
3911776,2023-10-22,135,Frauen Bundesliga,281,2023/2024,VfL Wolfsburg WFC,Hoffenheim W
3911777,2023-10-22,135,Frauen Bundesliga,281,2023/2024,Eintracht Frankfurt W,Duisburg WFC
3911778,2023-10-22,135,Frauen Bundesliga,281,2023/2024,RB Leipzig W,Bayern München W
3912487,2023-10-22,131,Serie A Women,281,2023/2024,Sampdoria W,AS Roma W
3912488,2023-10-22,131,Serie A Women,281,2023/2024,AC Milan W,Pomigliano
3912490,2023-10-22,131,Serie A Women,281,2023/2024,Fiorentina W,Juventus W
3913077,2023-10-22,37,FA Women's Super League,281,2023/2024,Chelsea FCW,Brighton & Hove Albion WFC
3913078,2023-10-22,37,FA Women's Super League,281,2023/2024,Everton LFC,Manchester United W
3913079,2023-10-22,37,FA Women's Super League,281,2023/2024,Bristol City WFC,Arsenal WFC
3913080,2023-10-22,37,FA Women's Super League,281,2023/2024,West Ham United LFC,Liverpool WFC
3914645,2023-10-23,49,NWSL,107,2023,North Carolina Courage,NJ/NY Gotham FC
3895121,2023-10-29,9,1. Bundesliga,281,2023/2024,Bayer Leverkusen,Freiburg
3911781,2023-11-03,135,Frauen Bundesliga,281,2023/2024,Duisburg WFC,RB Leipzig W
3895134,2023-11-04,9,1. Bundesliga,281,2023/2024,Hoffenheim,Bayer Leverkusen
3910965,2023-11-04,182,Liga F,281,2023/2024,Real Sociedad de Fútbol,Villarreal
3910966,2023-11-04,182,Liga F,281,2023/2024,SD Eibar,Real Madrid CF W
3910967,2023-11-04,182,Liga F,281,2023/2024,Real Betis Balompié,Athletic Club Bilbao
3910970,2023-11-04,182,Liga F,281,2023/2024,Valencia CF,CD Sporting de Huelva
3911779,2023-11-04,135,Frauen Bundesliga,281,2023/2024,Hoffenheim W,SC Freiburg
3911782,2023-11-04,135,Frauen Bundesliga,281,2023/2024,TSV Bayer 04 Leverkusen,SGS Essen 19/68
3912492,2023-11-04,131,Serie A Women,281,2023/2024,Fiorentina W,AC Milan W
3912495,2023-11-04,131,Serie A Women,281,2023/2024,Pomigliano,Sampdoria W
3913081,2023-11-04,37,FA Women's Super League,281,2023/2024,Aston Villa W,Chelsea FCW
3910963,2023-11-05,182,Liga F,281,2023/2024,Granada W,FC Levante Badalona
3910964,2023-11-05,182,Liga F,281,2023/2024,Barcelona WFC,Sevilla FC
3910968,2023-11-05,182,Liga F,281,2023/2024,Costa Adeje Tenerife,Atletico Madrid W
3910969,2023-11-05,182,Liga F,281,2023/2024,Madrid CFF,Levante UD Femenino
3911783,2023-11-05,135,Frauen Bundesliga,281,2023/2024,Bayern München W,VfL Wolfsburg WFC
3911784,2023-11-05,135,Frauen Bundesliga,281,2023/2024,Nürnberg W,Köln
3912493,2023-11-05,131,Serie A Women,281,2023/2024,Juventus W,AS Roma W
3912494,2023-11-05,131,Serie A Women,281,2023/2024,Napoli W,Sassuolo W
3912496,2023-11-05,131,Serie A Women,281,2023/2024,Como W,FC Internazionale Milano W
3913082,2023-11-05,37,FA Women's Super League,281,2023/2024,Brighton & Hove Albion WFC,Manchester United W
3913083,2023-11-05,37,FA Women's Super League,281,2023/2024,Arsenal WFC,Manchester City WFC
3913084,2023-11-05,37,FA Women's Super League,281,2023/2024,Liverpool WFC,Leicester City WFC
3913085,2023-11-05,37,FA Women's Super League,281,2023/2024,Tottenham Hotspur Women,Everton LFC
3913086,2023-11-05,37,FA Women's Super League,281,2023/2024,West Ham United LFC,Bristol City WFC
3911780,2023-11-06,135,Frauen Bundesliga,281,2023/2024,SV Werder Bremen,Eintracht Frankfurt W
3915110,2023-11-06,49,NWSL,107,2023,San Diego Wave,Seattle Reign
3915111,2023-11-06,49,NWSL,107,2023,Portland Thorns,NJ/NY Gotham FC
3910974,2023-11-10,182,Liga F,281,2023/2024,Real Madrid CF W,Real Sociedad de Fútbol
3911786,2023-11-10,135,Frauen Bundesliga,281,2023/2024,Eintracht Frankfurt W,TSV Bayer 04 Leverkusen
3910971,2023-11-11,182,Liga F,281,2023/2024,Atletico Madrid W,SD Eibar
3910975,2023-11-11,182,Liga F,281,2023/2024,Villarreal,Barcelona WFC
3910977,2023-11-11,182,Liga F,281,2023/2024,CD Sporting de Huelva,Real Betis Balompié
3911787,2023-11-11,135,Frauen Bundesliga,281,2023/2024,SGS Essen 19/68,Nürnberg W
3911790,2023-11-11,135,Frauen Bundesliga,281,2023/2024,RB Leipzig W,SV Werder Bremen
3912497,2023-11-11,131,Serie A Women,281,2023/2024,AS Roma W,Napoli W
3912500,2023-11-11,131,Serie A Women,281,2023/2024,AC Milan W,Sassuolo W
3895139,2023-11-12,9,1. Bundesliga,281,2023/2024,Bayer Leverkusen,Union Berlin
3910972,2023-11-12,182,Liga F,281,2023/2024,FC Levante Badalona,Costa Adeje Tenerife
3910973,2023-11-12,182,Liga F,281,2023/2024,Levante UD Femenino,Valencia CF
3910976,2023-11-12,182,Liga F,281,2023/2024,Sevilla FC,Granada W
3910978,2023-11-12,182,Liga F,281,2023/2024,Athletic Club Bilbao,Madrid CFF
3911785,2023-11-12,135,Frauen Bundesliga,281,2023/2024,VfL Wolfsburg WFC,SC Freiburg
3911788,2023-11-12,135,Frauen Bundesliga,281,2023/2024,Bayern München W,Duisburg WFC
3912498,2023-11-12,131,Serie A Women,281,2023/2024,Como W,Juventus W
3912499,2023-11-12,131,Serie A Women,281,2023/2024,FC Internazionale Milano W,Pomigliano
3912501,2023-11-12,131,Serie A Women,281,2023/2024,Sampdoria W,Fiorentina W
3913087,2023-11-12,37,FA Women's Super League,281,2023/2024,Bristol City WFC,Aston Villa W
3913088,2023-11-12,37,FA Women's Super League,281,2023/2024,Manchester City WFC,Brighton & Hove Albion WFC
3913089,2023-11-12,37,FA Women's Super League,281,2023/2024,Everton LFC,Chelsea FCW
3913090,2023-11-12,37,FA Women's Super League,281,2023/2024,Manchester United W,West Ham United LFC
3913091,2023-11-12,37,FA Women's Super League,281,2023/2024,Leicester City WFC,Arsenal WFC
3913092,2023-11-12,37,FA Women's Super League,281,2023/2024,Tottenham Hotspur Women,Liverpool WFC
3915998,2023-11-12,49,NWSL,107,2023,Seattle Reign,NJ/NY Gotham FC
3911789,2023-11-13,135,Frauen Bundesliga,281,2023/2024,Köln,Hoffenheim W
3911793,2023-11-17,135,Frauen Bundesliga,281,2023/2024,Hoffenheim W,SGS Essen 19/68
3910981,2023-11-18,182,Liga F,281,2023/2024,Real Sociedad de Fútbol,Sevilla FC
3910982,2023-11-18,182,Liga F,281,2023/2024,SD Eibar,CD Sporting de Huelva
3910983,2023-11-18,182,Liga F,281,2023/2024,Valencia CF,Athletic Club Bilbao
3910985,2023-11-18,182,Liga F,281,2023/2024,Costa Adeje Tenerife,Levante UD Femenino
3911791,2023-11-18,135,Frauen Bundesliga,281,2023/2024,VfL Wolfsburg WFC,Duisburg WFC
3911796,2023-11-18,135,Frauen Bundesliga,281,2023/2024,Nürnberg W,Eintracht Frankfurt W
3912504,2023-11-18,131,Serie A Women,281,2023/2024,AC Milan W,Sampdoria W
3912506,2023-11-18,131,Serie A Women,281,2023/2024,Fiorentina W,Como W
3913093,2023-11-18,37,FA Women's Super League,281,2023/2024,Chelsea FCW,Liverpool WFC
3910979,2023-11-19,182,Liga F,281,2023/2024,Granada W,Villarreal
3910980,2023-11-19,182,Liga F,281,2023/2024,Real Betis Balompié,FC Levante Badalona
3910984,2023-11-19,182,Liga F,281,2023/2024,Madrid CFF,Atletico Madrid W
3910986,2023-11-19,182,Liga F,281,2023/2024,Barcelona WFC,Real Madrid CF W
3911794,2023-11-19,135,Frauen Bundesliga,281,2023/2024,TSV Bayer 04 Leverkusen,RB Leipzig W
3911795,2023-11-19,135,Frauen Bundesliga,281,2023/2024,SV Werder Bremen,Bayern München W
3912502,2023-11-19,131,Serie A Women,281,2023/2024,Sassuolo W,AS Roma W
3912503,2023-11-19,131,Serie A Women,281,2023/2024,Pomigliano,Napoli W
3912505,2023-11-19,131,Serie A Women,281,2023/2024,Juventus W,FC Internazionale Milano W
3913094,2023-11-19,37,FA Women's Super League,281,2023/2024,Everton LFC,Bristol City WFC
3913095,2023-11-19,37,FA Women's Super League,281,2023/2024,Leicester City WFC,Tottenham Hotspur Women
3913096,2023-11-19,37,FA Women's Super League,281,2023/2024,West Ham United LFC,Aston Villa W
3913097,2023-11-19,37,FA Women's Super League,281,2023/2024,Brighton & Hove Albion WFC,Arsenal WFC
3913098,2023-11-19,37,FA Women's Super League,281,2023/2024,Manchester United W,Manchester City WFC
3911792,2023-11-20,135,Frauen Bundesliga,281,2023/2024,SC Freiburg,Köln
3895153,2023-11-25,9,1. Bundesliga,281,2023/2024,Werder Bremen,Bayer Leverkusen
3910990,2023-11-25,182,Liga F,281,2023/2024,Real Sociedad de Fútbol,Valencia CF
3910991,2023-11-25,182,Liga F,281,2023/2024,Sevilla FC,Real Betis Balompié
3910992,2023-11-25,182,Liga F,281,2023/2024,Levante UD Femenino,SD Eibar
3910993,2023-11-25,182,Liga F,281,2023/2024,Villarreal,Costa Adeje Tenerife
3912508,2023-11-25,131,Serie A Women,281,2023/2024,Como W,Pomigliano
3912510,2023-11-25,131,Serie A Women,281,2023/2024,FC Internazionale Milano W,AC Milan W
3910987,2023-11-26,182,Liga F,281,2023/2024,Atletico Madrid W,Granada W
3910988,2023-11-26,182,Liga F,281,2023/2024,FC Levante Badalona,Madrid CFF
3910989,2023-11-26,182,Liga F,281,2023/2024,Real Madrid CF W,CD Sporting de Huelva
3910994,2023-11-26,182,Liga F,281,2023/2024,Athletic Club Bilbao,Barcelona WFC
3912507,2023-11-26,131,Serie A Women,281,2023/2024,AS Roma W,Fiorentina W
3912509,2023-11-26,131,Serie A Women,281,2023/2024,Sampdoria W,Sassuolo W
3912511,2023-11-26,131,Serie A Women,281,2023/2024,Napoli W,Juventus W
3913099,2023-11-26,37,FA Women's Super League,281,2023/2024,Liverpool WFC,Brighton & Hove Albion WFC
3913100,2023-11-26,37,FA Women's Super League,281,2023/2024,Aston Villa W,Everton LFC
3913101,2023-11-26,37,FA Women's Super League,281,2023/2024,Arsenal WFC,West Ham United LFC
3913102,2023-11-26,37,FA Women's Super League,281,2023/2024,Manchester City WFC,Tottenham Hotspur Women
3913103,2023-11-26,37,FA Women's Super League,281,2023/2024,Chelsea FCW,Leicester City WFC
3913104,2023-11-26,37,FA Women's Super League,281,2023/2024,Bristol City WFC,Manchester United W
3895158,2023-12-03,9,1. Bundesliga,281,2023/2024,Bayer Leverkusen,Borussia Dortmund
3911801,2023-12-08,135,Frauen Bundesliga,281,2023/2024,RB Leipzig W,Nürnberg W
3910995,2023-12-09,182,Liga F,281,2023/2024,Real Madrid CF W,Sevilla FC
3910998,2023-12-09,182,Liga F,281,2023/2024,Costa Adeje Tenerife,Granada W
3911000,2023-12-09,182,Liga F,281,2023/2024,CD Sporting de Huelva,Real Sociedad de Fútbol
3911001,2023-12-09,182,Liga F,281,2023/2024,Barcelona WFC,SD Eibar
3911797,2023-12-09,135,Frauen Bundesliga,281,2023/2024,SGS Essen 19/68,SC Freiburg
3911798,2023-12-09,135,Frauen Bundesliga,281,2023/2024,Köln,VfL Wolfsburg WFC
3912512,2023-12-09,131,Serie A Women,281,2023/2024,FC Internazionale Milano W,Sampdoria W
3912516,2023-12-09,131,Serie A Women,281,2023/2024,Juventus W,Pomigliano
3913107,2023-12-09,37,FA Women's Super League,281,2023/2024,Manchester City WFC,Aston Villa W
3895167,2023-12-10,9,1. Bundesliga,281,2023/2024,VfB Stuttgart,Bayer Leverkusen
3910996,2023-12-10,182,Liga F,281,2023/2024,Real Betis Balompié,Atletico Madrid W
3910997,2023-12-10,182,Liga F,281,2023/2024,Villarreal,FC Levante Badalona
3910999,2023-12-10,182,Liga F,281,2023/2024,Valencia CF,Madrid CFF
3911002,2023-12-10,182,Liga F,281,2023/2024,Athletic Club Bilbao,Levante UD Femenino
3911799,2023-12-10,135,Frauen Bundesliga,281,2023/2024,Duisburg WFC,SV Werder Bremen
3911802,2023-12-10,135,Frauen Bundesliga,281,2023/2024,Eintracht Frankfurt W,Hoffenheim W
3912513,2023-12-10,131,Serie A Women,281,2023/2024,Napoli W,Como W
3912515,2023-12-10,131,Serie A Women,281,2023/2024,AS Roma W,AC Milan W
3913105,2023-12-10,37,FA Women's Super League,281,2023/2024,Arsenal WFC,Chelsea FCW
3913106,2023-12-10,37,FA Women's Super League,281,2023/2024,Brighton & Hove Albion WFC,Leicester City WFC
3913108,2023-12-10,37,FA Women's Super League,281,2023/2024,Liverpool WFC,Bristol City WFC
3913109,2023-12-10,37,FA Women's Super League,281,2023/2024,Tottenham Hotspur Women,Manchester United W
3913110,2023-12-10,37,FA Women's Super League,281,2023/2024,West Ham United LFC,Everton LFC
3911800,2023-12-11,135,Frauen Bundesliga,281,2023/2024,Bayern München W,TSV Bayer 04 Leverkusen
3912514,2023-12-11,131,Serie A Women,281,2023/2024,Sassuolo W,Fiorentina W
3913800,2023-12-15,135,Frauen Bundesliga,281,2023/2024,TSV Bayer 04 Leverkusen,Duisburg WFC
3911005,2023-12-16,182,Liga F,281,2023/2024,Levante UD Femenino,CD Sporting de Huelva
3911006,2023-12-16,182,Liga F,281,2023/2024,Madrid CFF,Villarreal
3911009,2023-12-16,182,Liga F,281,2023/2024,SD Eibar,Real Betis Balompié
3911010,2023-12-16,182,Liga F,281,2023/2024,Atletico Madrid W,Real Sociedad de Fútbol
3912184,2023-12-16,135,Frauen Bundesliga,281,2023/2024,SC Freiburg,Eintracht Frankfurt W
3912185,2023-12-16,135,Frauen Bundesliga,281,2023/2024,Köln,SGS Essen 19/68
3912519,2023-12-16,131,Serie A Women,281,2023/2024,AC Milan W,Napoli W
3912520,2023-12-16,131,Serie A Women,281,2023/2024,Sampdoria W,Juventus W
3913113,2023-12-16,37,FA Women's Super League,281,2023/2024,Tottenham Hotspur Women,Arsenal WFC
3895180,2023-12-17,9,1. Bundesliga,281,2023/2024,Bayer Leverkusen,Eintracht Frankfurt
3911003,2023-12-17,182,Liga F,281,2023/2024,FC Levante Badalona,Real Madrid CF W
3911004,2023-12-17,182,Liga F,281,2023/2024,Granada W,Valencia CF
3911007,2023-12-17,182,Liga F,281,2023/2024,Sevilla FC,Athletic Club Bilbao
3911008,2023-12-17,182,Liga F,281,2023/2024,Costa Adeje Tenerife,Barcelona WFC
3912183,2023-12-17,135,Frauen Bundesliga,281,2023/2024,Hoffenheim W,RB Leipzig W
3912187,2023-12-17,135,Frauen Bundesliga,281,2023/2024,Nürnberg W,Bayern München W
3912517,2023-12-17,131,Serie A Women,281,2023/2024,Pomigliano,Sassuolo W
3912518,2023-12-17,131,Serie A Women,281,2023/2024,Como W,AS Roma W
3913111,2023-12-17,37,FA Women's Super League,281,2023/2024,Manchester United W,Liverpool WFC
3913112,2023-12-17,37,FA Women's Super League,281,2023/2024,Bristol City WFC,Chelsea FCW
3913114,2023-12-17,37,FA Women's Super League,281,2023/2024,Leicester City WFC,West Ham United LFC
3913115,2023-12-17,37,FA Women's Super League,281,2023/2024,Aston Villa W,Brighton & Hove Albion WFC
3913116,2023-12-17,37,FA Women's Super League,281,2023/2024,Everton LFC,Manchester City WFC
3912186,2023-12-18,135,Frauen Bundesliga,281,2023/2024,VfL Wolfsburg WFC,SV Werder Bremen
3912521,2023-12-18,131,Serie A Women,281,2023/2024,Fiorentina W,FC Internazionale Milano W
3895182,2023-12-20,9,1. Bundesliga,281,2023/2024,Bayer Leverkusen,Bochum
3911293,2024-01-06,182,Liga F,281,2023/2024,Barcelona WFC,FC Levante Badalona
3911295,2024-01-06,182,Liga F,281,2023/2024,Villarreal,Levante UD Femenino
3911292,2024-01-07,182,Liga F,281,2023/2024,Real Sociedad de Fútbol,Costa Adeje Tenerife
3911294,2024-01-07,182,Liga F,281,2023/2024,Valencia CF,Atletico Madrid W
3911296,2024-01-07,182,Liga F,281,2023/2024,Real Madrid CF W,Madrid CFF
3911297,2024-01-07,182,Liga F,281,2023/2024,CD Sporting de Huelva,Sevilla FC
3911298,2024-01-07,182,Liga F,281,2023/2024,Athletic Club Bilbao,SD Eibar
3911299,2024-01-07,182,Liga F,281,2023/2024,Real Betis Balompié,Granada W
3895194,2024-01-13,9,1. Bundesliga,281,2023/2024,Augsburg,Bayer Leverkusen
3912523,2024-01-13,131,Serie A Women,281,2023/2024,Napoli W,Fiorentina W
3912524,2024-01-13,131,Serie A Women,281,2023/2024,Juventus W,AC Milan W
3912525,2024-01-13,131,Serie A Women,281,2023/2024,AS Roma W,Pomigliano
3920384,2024-01-13,1267,African Cup of Nations,107,2023,Côte d'Ivoire,Guinea-Bissau
3912522,2024-01-14,131,Serie A Women,281,2023/2024,FC Internazionale Milano W,Sassuolo W
3912526,2024-01-14,131,Serie A Women,281,2023/2024,Como W,Sampdoria W
3920385,2024-01-14,1267,African Cup of Nations,107,2023,Egypt,Mozambique
3920386,2024-01-14,1267,African Cup of Nations,107,2023,Nigeria,Equatorial Guinea
3920387,2024-01-14,1267,African Cup of Nations,107,2023,Ghana,Cape Verde Islands
3920388,2024-01-15,1267,African Cup of Nations,107,2023,Senegal,Gambia
3920389,2024-01-15,1267,African Cup of Nations,107,2023,Cameroon,Guinea
3920390,2024-01-15,1267,African Cup of Nations,107,2023,Algeria,Angola
3920391,2024-01-16,1267,African Cup of Nations,107,2023,Mali,South Africa
3920392,2024-01-16,1267,African Cup of Nations,107,2023,Burkina Faso,Mauritania
3920393,2024-01-16,1267,African Cup of Nations,107,2023,Tunisia,Namibia
3920394,2024-01-17,1267,African Cup of Nations,107,2023,Morocco,Tanzania
3920395,2024-01-17,1267,African Cup of Nations,107,2023,Congo DR,Zambia
3920396,2024-01-18,1267,African Cup of Nations,107,2023,Egypt,Ghana
3920397,2024-01-18,1267,African Cup of Nations,107,2023,Equatorial Guinea,Guinea-Bissau
3920398,2024-01-18,1267,African Cup of Nations,107,2023,Côte d'Ivoire,Nigeria
3913119,2024-01-19,37,FA Women's Super League,281,2023/2024,Leicester City WFC,Aston Villa W
3920399,2024-01-19,1267,African Cup of Nations,107,2023,Cape Verde Islands,Mozambique
3920400,2024-01-19,1267,African Cup of Nations,107,2023,Senegal,Cameroon
3920401,2024-01-19,1267,African Cup of Nations,107,2023,Guinea,Gambia
3895202,2024-01-20,9,1. Bundesliga,281,2023/2024,RB Leipzig,Bayer Leverkusen
3911300,2024-01-20,182,Liga F,281,2023/2024,FC Levante Badalona,Real Sociedad de Fútbol
3911301,2024-01-20,182,Liga F,281,2023/2024,Madrid CFF,Real Betis Balompié
3911303,2024-01-20,182,Liga F,281,2023/2024,Sevilla FC,Villarreal
3912527,2024-01-20,131,Serie A Women,281,2023/2024,FC Internazionale Milano W,AS Roma W
3912530,2024-01-20,131,Serie A Women,281,2023/2024,Sampdoria W,Napoli W
3913117,2024-01-20,37,FA Women's Super League,281,2023/2024,Arsenal WFC,Everton LFC
3920402,2024-01-20,1267,African Cup of Nations,107,2023,Algeria,Burkina Faso
3920403,2024-01-20,1267,African Cup of Nations,107,2023,Mauritania,Angola
3920404,2024-01-20,1267,African Cup of Nations,107,2023,Tunisia,Mali
3911302,2024-01-21,182,Liga F,281,2023/2024,Costa Adeje Tenerife,Athletic Club Bilbao
3911304,2024-01-21,182,Liga F,281,2023/2024,SD Eibar,Valencia CF
3911305,2024-01-21,182,Liga F,281,2023/2024,Granada W,CD Sporting de Huelva
3912529,2024-01-21,131,Serie A Women,281,2023/2024,Sassuolo W,Juventus W
3912531,2024-01-21,131,Serie A Women,281,2023/2024,Fiorentina W,Pomigliano
3913118,2024-01-21,37,FA Women's Super League,281,2023/2024,West Ham United LFC,Tottenham Hotspur Women
3913120,2024-01-21,37,FA Women's Super League,281,2023/2024,Manchester City WFC,Liverpool WFC
3913121,2024-01-21,37,FA Women's Super League,281,2023/2024,Chelsea FCW,Manchester United W
3913122,2024-01-21,37,FA Women's Super League,281,2023/2024,Brighton & Hove Albion WFC,Bristol City WFC
3920405,2024-01-21,1267,African Cup of Nations,107,2023,Morocco,Congo DR
3920406,2024-01-21,1267,African Cup of Nations,107,2023,Zambia,Tanzania
3920407,2024-01-21,1267,African Cup of Nations,107,2023,South Africa,Namibia
3912528,2024-01-22,131,Serie A Women,281,2023/2024,AC Milan W,Como W
3920408,2024-01-22,1267,African Cup of Nations,107,2023,Equatorial Guinea,Côte d'Ivoire
3920409,2024-01-22,1267,African Cup of Nations,107,2023,Guinea-Bissau,Nigeria
3920410,2024-01-22,1267,African Cup of Nations,107,2023,Mozambique,Ghana
3920411,2024-01-22,1267,African Cup of Nations,107,2023,Cape Verde Islands,Egypt
3920412,2024-01-23,1267,African Cup of Nations,107,2023,Guinea,Senegal
3920413,2024-01-23,1267,African Cup of Nations,107,2023,Gambia,Cameroon
3920414,2024-01-23,1267,African Cup of Nations,107,2023,Angola,Burkina Faso
3920415,2024-01-23,1267,African Cup of Nations,107,2023,Mauritania,Algeria
3920416,2024-01-24,1267,African Cup of Nations,107,2023,South Africa,Tunisia
3920417,2024-01-24,1267,African Cup of Nations,107,2023,Namibia,Mali
3920418,2024-01-24,1267,African Cup of Nations,107,2023,Tanzania,Congo DR
3920419,2024-01-24,1267,African Cup of Nations,107,2023,Zambia,Morocco
3912189,2024-01-26,135,Frauen Bundesliga,281,2023/2024,SV Werder Bremen,TSV Bayer 04 Leverkusen
3895210,2024-01-27,9,1. Bundesliga,281,2023/2024,Bayer Leverkusen,Borussia Mönchengladbach
3911308,2024-01-27,182,Liga F,281,2023/2024,Athletic Club Bilbao,Real Madrid CF W
3911309,2024-01-27,182,Liga F,281,2023/2024,Valencia CF,Costa Adeje Tenerife
3911313,2024-01-27,182,Liga F,281,2023/2024,FC Levante Badalona,Atletico Madrid W
3911314,2024-01-27,182,Liga F,281,2023/2024,CD Sporting de Huelva,Villarreal
3912190,2024-01-27,135,Frauen Bundesliga,281,2023/2024,Bayern München W,Hoffenheim W
3912191,2024-01-27,135,Frauen Bundesliga,281,2023/2024,RB Leipzig W,SC Freiburg
3912534,2024-01-27,131,Serie A Women,281,2023/2024,Napoli W,FC Internazionale Milano W
3912536,2024-01-27,131,Serie A Women,281,2023/2024,AS Roma W,Sampdoria W
3913123,2024-01-27,37,FA Women's Super League,281,2023/2024,Brighton & Hove Albion WFC,Chelsea FCW
3922237,2024-01-27,1267,African Cup of Nations,107,2023,Angola,Namibia
3922238,2024-01-27,1267,African Cup of Nations,107,2023,Nigeria,Cameroon
3911310,2024-01-28,182,Liga F,281,2023/2024,Sevilla FC,SD Eibar
3911311,2024-01-28,182,Liga F,281,2023/2024,Real Sociedad de Fútbol,Madrid CFF
3911312,2024-01-28,182,Liga F,281,2023/2024,Levante UD Femenino,Granada W
3911315,2024-01-28,182,Liga F,281,2023/2024,Real Betis Balompié,Barcelona WFC
3912188,2024-01-28,135,Frauen Bundesliga,281,2023/2024,Duisburg WFC,Nürnberg W
3912193,2024-01-28,135,Frauen Bundesliga,281,2023/2024,Eintracht Frankfurt W,Köln
3912532,2024-01-28,131,Serie A Women,281,2023/2024,Como W,Sassuolo W
3912535,2024-01-28,131,Serie A Women,281,2023/2024,Pomigliano,AC Milan W
3913124,2024-01-28,37,FA Women's Super League,281,2023/2024,Bristol City WFC,West Ham United LFC
3913125,2024-01-28,37,FA Women's Super League,281,2023/2024,Liverpool WFC,Arsenal WFC
3913126,2024-01-28,37,FA Women's Super League,281,2023/2024,Tottenham Hotspur Women,Manchester City WFC
3913127,2024-01-28,37,FA Women's Super League,281,2023/2024,Manchester United W,Aston Villa W
3913128,2024-01-28,37,FA Women's Super League,281,2023/2024,Everton LFC,Leicester City WFC
3922239,2024-01-28,1267,African Cup of Nations,107,2023,Equatorial Guinea,Guinea
3922240,2024-01-28,1267,African Cup of Nations,107,2023,Egypt,Congo DR
3912192,2024-01-29,135,Frauen Bundesliga,281,2023/2024,SGS Essen 19/68,VfL Wolfsburg WFC
3912533,2024-01-29,131,Serie A Women,281,2023/2024,Juventus W,Fiorentina W
3922241,2024-01-29,1267,African Cup of Nations,107,2023,Cape Verde Islands,Mauritania
3922242,2024-01-29,1267,African Cup of Nations,107,2023,Senegal,Côte d'Ivoire
3922243,2024-01-30,1267,African Cup of Nations,107,2023,Morocco,South Africa
3922244,2024-01-30,1267,African Cup of Nations,107,2023,Mali,Burkina Faso
3912198,2024-02-02,135,Frauen Bundesliga,281,2023/2024,Duisburg WFC,Hoffenheim W
3922321,2024-02-02,1267,African Cup of Nations,107,2023,Nigeria,Angola
3922356,2024-02-02,1267,African Cup of Nations,107,2023,Congo DR,Guinea
3895220,2024-02-03,9,1. Bundesliga,281,2023/2024,Darmstadt 98,Bayer Leverkusen
3911471,2024-02-03,182,Liga F,281,2023/2024,Atletico Madrid W,Levante UD Femenino
3911473,2024-02-03,182,Liga F,281,2023/2024,Madrid CFF,Sevilla FC
3911474,2024-02-03,182,Liga F,281,2023/2024,Real Madrid CF W,Valencia CF
3911475,2024-02-03,182,Liga F,281,2023/2024,Villarreal,Real Betis Balompié
3911477,2024-02-03,182,Liga F,281,2023/2024,Granada W,Athletic Club Bilbao
3912195,2024-02-03,135,Frauen Bundesliga,281,2023/2024,RB Leipzig W,Köln
3912199,2024-02-03,135,Frauen Bundesliga,281,2023/2024,SV Werder Bremen,Nürnberg W
3912537,2024-02-03,131,Serie A Women,281,2023/2024,Sassuolo W,Napoli W
3912539,2024-02-03,131,Serie A Women,281,2023/2024,AC Milan W,Fiorentina W
3912555,2024-02-03,131,Serie A Women,281,2023/2024,FC Internazionale Milano W,Como W
3913129,2024-02-03,37,FA Women's Super League,281,2023/2024,Aston Villa W,Bristol City WFC
3922658,2024-02-03,1267,African Cup of Nations,107,2023,Cape Verde Islands,South Africa
3922659,2024-02-03,1267,African Cup of Nations,107,2023,Mali,Côte d'Ivoire
3911472,2024-02-04,182,Liga F,281,2023/2024,Barcelona WFC,CD Sporting de Huelva
3911476,2024-02-04,182,Liga F,281,2023/2024,SD Eibar,Real Sociedad de Fútbol
3911478,2024-02-04,182,Liga F,281,2023/2024,Costa Adeje Tenerife,FC Levante Badalona
3912194,2024-02-04,135,Frauen Bundesliga,281,2023/2024,Eintracht Frankfurt W,SGS Essen 19/68
3912197,2024-02-04,135,Frauen Bundesliga,281,2023/2024,TSV Bayer 04 Leverkusen,VfL Wolfsburg WFC
3912538,2024-02-04,131,Serie A Women,281,2023/2024,AS Roma W,Juventus W
3912556,2024-02-04,131,Serie A Women,281,2023/2024,Sampdoria W,Pomigliano
3913130,2024-02-04,37,FA Women's Super League,281,2023/2024,West Ham United LFC,Arsenal WFC
3913131,2024-02-04,37,FA Women's Super League,281,2023/2024,Liverpool WFC,Tottenham Hotspur Women
3913132,2024-02-04,37,FA Women's Super League,281,2023/2024,Manchester City WFC,Leicester City WFC
3913133,2024-02-04,37,FA Women's Super League,281,2023/2024,Manchester United W,Brighton & Hove Albion WFC
3913134,2024-02-04,37,FA Women's Super League,281,2023/2024,Chelsea FCW,Everton LFC
3912196,2024-02-05,135,Frauen Bundesliga,281,2023/2024,Bayern München W,SC Freiburg
3922837,2024-02-07,1267,African Cup of Nations,107,2023,Nigeria,South Africa
3922838,2024-02-07,1267,African Cup of Nations,107,2023,Côte d'Ivoire,Congo DR
3912204,2024-02-09,135,Frauen Bundesliga,281,2023/2024,SGS Essen 19/68,RB Leipzig W
3895232,2024-02-10,9,1. Bundesliga,281,2023/2024,Bayer Leverkusen,Bayern Munich
3911479,2024-02-10,182,Liga F,281,2023/2024,Valencia CF,Villarreal
3911480,2024-02-10,182,Liga F,281,2023/2024,FC Levante Badalona,SD Eibar
3911482,2024-02-10,182,Liga F,281,2023/2024,Sevilla FC,Barcelona WFC
3912201,2024-02-10,135,Frauen Bundesliga,281,2023/2024,Hoffenheim W,SV Werder Bremen
3912203,2024-02-10,135,Frauen Bundesliga,281,2023/2024,Köln,Bayern München W
3912541,2024-02-10,131,Serie A Women,281,2023/2024,Sassuolo W,AC Milan W
3912543,2024-02-10,131,Serie A Women,281,2023/2024,Napoli W,AS Roma W
3923880,2024-02-10,1267,African Cup of Nations,107,2023,South Africa,Congo DR
3911481,2024-02-11,182,Liga F,281,2023/2024,Real Sociedad de Fútbol,Granada W
3911483,2024-02-11,182,Liga F,281,2023/2024,CD Sporting de Huelva,Athletic Club Bilbao
3911484,2024-02-11,182,Liga F,281,2023/2024,Real Betis Balompié,Real Madrid CF W
3911485,2024-02-11,182,Liga F,281,2023/2024,Levante UD Femenino,Costa Adeje Tenerife
3911486,2024-02-11,182,Liga F,281,2023/2024,Atletico Madrid W,Madrid CFF
3912200,2024-02-11,135,Frauen Bundesliga,281,2023/2024,VfL Wolfsburg WFC,Eintracht Frankfurt W
3912202,2024-02-11,135,Frauen Bundesliga,281,2023/2024,SC Freiburg,Duisburg WFC
3912540,2024-02-11,131,Serie A Women,281,2023/2024,Juventus W,Como W
3912542,2024-02-11,131,Serie A Women,281,2023/2024,Pomigliano,FC Internazionale Milano W
3912544,2024-02-11,131,Serie A Women,281,2023/2024,Fiorentina W,Sampdoria W
3923881,2024-02-11,1267,African Cup of Nations,107,2023,Nigeria,Côte d'Ivoire
3912205,2024-02-12,135,Frauen Bundesliga,281,2023/2024,Nürnberg W,TSV Bayer 04 Leverkusen
3912549,2024-02-13,131,Serie A Women,281,2023/2024,AS Roma W,Sassuolo W
3911306,2024-02-14,182,Liga F,281,2023/2024,Barcelona WFC,Levante UD Femenino
3911307,2024-02-14,182,Liga F,281,2023/2024,Atletico Madrid W,Real Madrid CF W
3912545,2024-02-14,131,Serie A Women,281,2023/2024,Como W,Fiorentina W
3912546,2024-02-14,131,Serie A Women,281,2023/2024,FC Internazionale Milano W,Juventus W
3912547,2024-02-14,131,Serie A Women,281,2023/2024,Sampdoria W,AC Milan W
3912548,2024-02-15,131,Serie A Women,281,2023/2024,Napoli W,Pomigliano
3912210,2024-02-16,135,Frauen Bundesliga,281,2023/2024,RB Leipzig W,Eintracht Frankfurt W
3913138,2024-02-16,37,FA Women's Super League,281,2023/2024,Chelsea FCW,Manchester City WFC
3895244,2024-02-17,9,1. Bundesliga,281,2023/2024,FC Heidenheim,Bayer Leverkusen
3911488,2024-02-17,182,Liga F,281,2023/2024,Athletic Club Bilbao,Real Betis Balompié
3911490,2024-02-17,182,Liga F,281,2023/2024,Granada W,Sevilla FC
3911493,2024-02-17,182,Liga F,281,2023/2024,Villarreal,Real Sociedad de Fútbol
3911494,2024-02-17,182,Liga F,281,2023/2024,CD Sporting de Huelva,Valencia CF
3912206,2024-02-17,135,Frauen Bundesliga,281,2023/2024,SV Werder Bremen,SC Freiburg
3912207,2024-02-17,135,Frauen Bundesliga,281,2023/2024,Nürnberg W,VfL Wolfsburg WFC
3912551,2024-02-17,131,Serie A Women,281,2023/2024,Fiorentina W,AS Roma W
3912552,2024-02-17,131,Serie A Women,281,2023/2024,Sassuolo W,Sampdoria W
3913135,2024-02-17,37,FA Women's Super League,281,2023/2024,Arsenal WFC,Manchester United W
3911487,2024-02-18,182,Liga F,281,2023/2024,Madrid CFF,FC Levante Badalona
3911489,2024-02-18,182,Liga F,281,2023/2024,Barcelona WFC,Atletico Madrid W
3911491,2024-02-18,182,Liga F,281,2023/2024,Real Madrid CF W,Costa Adeje Tenerife
3911492,2024-02-18,182,Liga F,281,2023/2024,SD Eibar,Levante UD Femenino
3912208,2024-02-18,135,Frauen Bundesliga,281,2023/2024,Duisburg WFC,Köln
3912209,2024-02-18,135,Frauen Bundesliga,281,2023/2024,TSV Bayer 04 Leverkusen,Hoffenheim W
3912211,2024-02-18,135,Frauen Bundesliga,281,2023/2024,Bayern München W,SGS Essen 19/68
3912550,2024-02-18,131,Serie A Women,281,2023/2024,Pomigliano,Como W
3912553,2024-02-18,131,Serie A Women,281,2023/2024,Juventus W,Napoli W
3912554,2024-02-18,131,Serie A Women,281,2023/2024,AC Milan W,FC Internazionale Milano W
3913136,2024-02-18,37,FA Women's Super League,281,2023/2024,Everton LFC,West Ham United LFC
3913137,2024-02-18,37,FA Women's Super League,281,2023/2024,Brighton & Hove Albion WFC,Liverpool WFC
3913139,2024-02-18,37,FA Women's Super League,281,2023/2024,Tottenham Hotspur Women,Aston Villa W
3913140,2024-02-18,37,FA Women's Super League,281,2023/2024,Leicester City WFC,Bristol City WFC
3895250,2024-02-23,9,1. Bundesliga,281,2023/2024,Bayer Leverkusen,FSV Mainz 05
3913143,2024-03-02,37,FA Women's Super League,281,2023/2024,Manchester City WFC,Everton LFC
3895258,2024-03-03,9,1. Bundesliga,281,2023/2024,FC Köln,Bayer Leverkusen
3913141,2024-03-03,37,FA Women's Super League,281,2023/2024,Aston Villa W,Liverpool WFC
3913142,2024-03-03,37,FA Women's Super League,281,2023/2024,Arsenal WFC,Tottenham Hotspur Women
3913144,2024-03-03,37,FA Women's Super League,281,2023/2024,West Ham United LFC,Manchester United W
3913145,2024-03-03,37,FA Women's Super League,281,2023/2024,Leicester City WFC,Chelsea FCW
3913146,2024-03-03,37,FA Women's Super League,281,2023/2024,Bristol City WFC,Brighton & Hove Albion WFC
3912214,2024-03-08,135,Frauen Bundesliga,281,2023/2024,SGS Essen 19/68,Duisburg WFC
3911495,2024-03-09,182,Liga F,281,2023/2024,Madrid CFF,SD Eibar
3911499,2024-03-09,182,Liga F,281,2023/2024,FC Levante Badalona,Granada W
3911501,2024-03-09,182,Liga F,281,2023/2024,Sevilla FC,Real Madrid CF W
3911502,2024-03-09,182,Liga F,281,2023/2024,Costa Adeje Tenerife,Villarreal
3912215,2024-03-09,135,Frauen Bundesliga,281,2023/2024,Eintracht Frankfurt W,Bayern München W
3912217,2024-03-09,135,Frauen Bundesliga,281,2023/2024,Hoffenheim W,Nürnberg W
3895266,2024-03-10,9,1. Bundesliga,281,2023/2024,Bayer Leverkusen,Wolfsburg
3911496,2024-03-10,182,Liga F,281,2023/2024,Atletico Madrid W,CD Sporting de Huelva
3911497,2024-03-10,182,Liga F,281,2023/2024,Levante UD Femenino,Athletic Club Bilbao
3911498,2024-03-10,182,Liga F,281,2023/2024,Real Sociedad de Fútbol,Barcelona WFC
3911500,2024-03-10,182,Liga F,281,2023/2024,Valencia CF,Real Betis Balompié
3912212,2024-03-10,135,Frauen Bundesliga,281,2023/2024,SC Freiburg,TSV Bayer 04 Leverkusen
3912213,2024-03-10,135,Frauen Bundesliga,281,2023/2024,Köln,SV Werder Bremen
3912216,2024-03-11,135,Frauen Bundesliga,281,2023/2024,VfL Wolfsburg WFC,RB Leipzig W
3912219,2024-03-15,135,Frauen Bundesliga,281,2023/2024,Hoffenheim W,VfL Wolfsburg WFC
3913152,2024-03-15,37,FA Women's Super League,281,2023/2024,Chelsea FCW,Arsenal WFC
3911507,2024-03-16,182,Liga F,281,2023/2024,Sevilla FC,FC Levante Badalona
3911508,2024-03-16,182,Liga F,281,2023/2024,CD Sporting de Huelva,Levante UD Femenino
3911509,2024-03-16,182,Liga F,281,2023/2024,Villarreal,Madrid CFF
3911510,2024-03-16,182,Liga F,281,2023/2024,Real Madrid CF W,SD Eibar
3912218,2024-03-16,135,Frauen Bundesliga,281,2023/2024,Bayern München W,RB Leipzig W
3912221,2024-03-16,135,Frauen Bundesliga,281,2023/2024,SV Werder Bremen,SGS Essen 19/68
3913147,2024-03-16,37,FA Women's Super League,281,2023/2024,Everton LFC,Aston Villa W
3928984,2024-03-16,131,Serie A Women,281,2023/2024,Pomigliano,Sampdoria W
3928985,2024-03-16,131,Serie A Women,281,2023/2024,Sassuolo W,Fiorentina W
3895275,2024-03-17,9,1. Bundesliga,281,2023/2024,Freiburg,Bayer Leverkusen
3911503,2024-03-17,182,Liga F,281,2023/2024,Athletic Club Bilbao,Valencia CF
3911504,2024-03-17,182,Liga F,281,2023/2024,Barcelona WFC,Costa Adeje Tenerife
3911505,2024-03-17,182,Liga F,281,2023/2024,Real Betis Balompié,Real Sociedad de Fútbol
3911506,2024-03-17,182,Liga F,281,2023/2024,Granada W,Atletico Madrid W
3912222,2024-03-17,135,Frauen Bundesliga,281,2023/2024,Nürnberg W,SC Freiburg
3912223,2024-03-17,135,Frauen Bundesliga,281,2023/2024,Duisburg WFC,Eintracht Frankfurt W
3913148,2024-03-17,37,FA Women's Super League,281,2023/2024,Liverpool WFC,West Ham United LFC
3913149,2024-03-17,37,FA Women's Super League,281,2023/2024,Tottenham Hotspur Women,Leicester City WFC
3913150,2024-03-17,37,FA Women's Super League,281,2023/2024,Brighton & Hove Albion WFC,Manchester City WFC
3913151,2024-03-17,37,FA Women's Super League,281,2023/2024,Manchester United W,Bristol City WFC
3928986,2024-03-17,131,Serie A Women,281,2023/2024,FC Internazionale Milano W,Juventus W
3928987,2024-03-17,131,Serie A Women,281,2023/2024,Como W,Napoli W
3912220,2024-03-18,135,Frauen Bundesliga,281,2023/2024,TSV Bayer 04 Leverkusen,Köln
3912227,2024-03-22,135,Frauen Bundesliga,281,2023/2024,SC Freiburg,Hoffenheim W
3911513,2024-03-23,182,Liga F,281,2023/2024,Real Sociedad de Fútbol,Athletic Club Bilbao
3911516,2024-03-23,182,Liga F,281,2023/2024,Valencia CF,Granada W
3911517,2024-03-23,182,Liga F,281,2023/2024,Levante UD Femenino,Real Betis Balompié
3911518,2024-03-23,182,Liga F,281,2023/2024,Costa Adeje Tenerife,Sevilla FC
3912224,2024-03-23,135,Frauen Bundesliga,281,2023/2024,VfL Wolfsburg WFC,Bayern München W
3912226,2024-03-23,135,Frauen Bundesliga,281,2023/2024,Köln,Nürnberg W
3913155,2024-03-23,37,FA Women's Super League,281,2023/2024,Manchester City WFC,Manchester United W
3928988,2024-03-23,131,Serie A Women,281,2023/2024,Sampdoria W,Como W
3928989,2024-03-23,131,Serie A Women,281,2023/2024,AS Roma W,Sassuolo W
3911511,2024-03-24,182,Liga F,281,2023/2024,FC Levante Badalona,Villarreal
3911512,2024-03-24,182,Liga F,281,2023/2024,Madrid CFF,CD Sporting de Huelva
3911514,2024-03-24,182,Liga F,281,2023/2024,SD Eibar,Atletico Madrid W
3911515,2024-03-24,182,Liga F,281,2023/2024,Real Madrid CF W,Barcelona WFC
3912225,2024-03-24,135,Frauen Bundesliga,281,2023/2024,SGS Essen 19/68,TSV Bayer 04 Leverkusen
3912228,2024-03-24,135,Frauen Bundesliga,281,2023/2024,RB Leipzig W,Duisburg WFC
3913153,2024-03-24,37,FA Women's Super League,281,2023/2024,Everton LFC,Liverpool WFC
3913154,2024-03-24,37,FA Women's Super League,281,2023/2024,Bristol City WFC,Tottenham Hotspur Women
3913156,2024-03-24,37,FA Women's Super League,281,2023/2024,Aston Villa W,Arsenal WFC
3913157,2024-03-24,37,FA Women's Super League,281,2023/2024,Leicester City WFC,Brighton & Hove Albion WFC
3913158,2024-03-24,37,FA Women's Super League,281,2023/2024,West Ham United LFC,Chelsea FCW
3928990,2024-03-24,131,Serie A Women,281,2023/2024,Fiorentina W,FC Internazionale Milano W
3928991,2024-03-24,131,Serie A Women,281,2023/2024,AC Milan W,Pomigliano
3912229,2024-03-25,135,Frauen Bundesliga,281,2023/2024,Eintracht Frankfurt W,SV Werder Bremen
3928992,2024-03-29,131,Serie A Women,281,2023/2024,FC Internazionale Milano W,AS Roma W
3895286,2024-03-30,9,1. Bundesliga,281,2023/2024,Bayer Leverkusen,Hoffenheim
3911520,2024-03-30,182,Liga F,281,2023/2024,Atletico Madrid W,Valencia CF
3911522,2024-03-30,182,Liga F,281,2023/2024,Real Betis Balompié,SD Eibar
3911525,2024-03-30,182,Liga F,281,2023/2024,Villarreal,Real Madrid CF W
3911526,2024-03-30,182,Liga F,281,2023/2024,Sevilla FC,Real Sociedad de Fútbol
3913159,2024-03-30,37,FA Women's Super League,281,2023/2024,Aston Villa W,Leicester City WFC
3913162,2024-03-30,37,FA Women's Super League,281,2023/2024,Liverpool WFC,Manchester City WFC
3928993,2024-03-30,131,Serie A Women,281,2023/2024,Como W,AC Milan W
3928994,2024-03-30,131,Serie A Women,281,2023/2024,Juventus W,Fiorentina W
3928995,2024-03-30,131,Serie A Women,281,2023/2024,Napoli W,Sampdoria W
3911519,2024-03-31,182,Liga F,281,2023/2024,Athletic Club Bilbao,FC Levante Badalona
3911521,2024-03-31,182,Liga F,281,2023/2024,Granada W,Madrid CFF
3911523,2024-03-31,182,Liga F,281,2023/2024,CD Sporting de Huelva,Costa Adeje Tenerife
3911524,2024-03-31,182,Liga F,281,2023/2024,Levante UD Femenino,Barcelona WFC
3913161,2024-03-31,37,FA Women's Super League,281,2023/2024,Manchester United W,Everton LFC
3913164,2024-03-31,37,FA Women's Super League,281,2023/2024,West Ham United LFC,Brighton & Hove Albion WFC
3895292,2024-04-06,9,1. Bundesliga,281,2023/2024,Union Berlin,Bayer Leverkusen
3912234,2024-04-12,135,Frauen Bundesliga,281,2023/2024,SV Werder Bremen,RB Leipzig W
3911528,2024-04-13,182,Liga F,281,2023/2024,Barcelona WFC,Villarreal
3911529,2024-04-13,182,Liga F,281,2023/2024,Real Sociedad de Fútbol,CD Sporting de Huelva
3911530,2024-04-13,182,Liga F,281,2023/2024,SD Eibar,Sevilla FC
3911534,2024-04-13,182,Liga F,281,2023/2024,FC Levante Badalona,Real Betis Balompié
3912231,2024-04-13,135,Frauen Bundesliga,281,2023/2024,SC Freiburg,VfL Wolfsburg WFC
3912235,2024-04-13,135,Frauen Bundesliga,281,2023/2024,TSV Bayer 04 Leverkusen,Eintracht Frankfurt W
3928998,2024-04-13,131,Serie A Women,281,2023/2024,Sassuolo W,FC Internazionale Milano W
3895302,2024-04-14,9,1. Bundesliga,281,2023/2024,Bayer Leverkusen,Werder Bremen
3911527,2024-04-14,182,Liga F,281,2023/2024,Athletic Club Bilbao,Atletico Madrid W
3911531,2024-04-14,182,Liga F,281,2023/2024,Real Madrid CF W,Granada W
3911532,2024-04-14,182,Liga F,281,2023/2024,Valencia CF,Levante UD Femenino
3911533,2024-04-14,182,Liga F,281,2023/2024,Costa Adeje Tenerife,Madrid CFF
3912230,2024-04-14,135,Frauen Bundesliga,281,2023/2024,Nürnberg W,SGS Essen 19/68
3912233,2024-04-14,135,Frauen Bundesliga,281,2023/2024,Duisburg WFC,Bayern München W
3913160,2024-04-14,37,FA Women's Super League,281,2023/2024,Arsenal WFC,Bristol City WFC
3928996,2024-04-14,131,Serie A Women,281,2023/2024,AC Milan W,Napoli W
3928999,2024-04-14,131,Serie A Women,281,2023/2024,Pomigliano,Como W
3912232,2024-04-15,135,Frauen Bundesliga,281,2023/2024,Hoffenheim W,Köln
3928997,2024-04-15,131,Serie A Women,281,2023/2024,AS Roma W,Juventus W
3913165,2024-04-17,37,FA Women's Super League,281,2023/2024,Chelsea FCW,Aston Villa W
3912240,2024-04-19,135,Frauen Bundesliga,281,2023/2024,RB Leipzig W,TSV Bayer 04 Leverkusen
3913166,2024-04-19,37,FA Women's Super League,281,2023/2024,Brighton & Hove Albion WFC,Everton LFC
3911536,2024-04-20,182,Liga F,281,2023/2024,Granada W,Costa Adeje Tenerife
3911537,2024-04-20,182,Liga F,281,2023/2024,Levante UD Femenino,Real Madrid CF W
3911538,2024-04-20,182,Liga F,281,2023/2024,Madrid CFF,Athletic Club Bilbao
3911541,2024-04-20,182,Liga F,281,2023/2024,CD Sporting de Huelva,SD Eibar
3912236,2024-04-20,135,Frauen Bundesliga,281,2023/2024,SGS Essen 19/68,Hoffenheim W
3912241,2024-04-20,135,Frauen Bundesliga,281,2023/2024,Eintracht Frankfurt W,Nürnberg W
3913170,2024-04-20,37,FA Women's Super League,281,2023/2024,Bristol City WFC,Liverpool WFC
3929000,2024-04-20,131,Serie A Women,281,2023/2024,Fiorentina W,AS Roma W
3929003,2024-04-20,131,Serie A Women,281,2023/2024,Juventus W,Sassuolo W
3895309,2024-04-21,9,1. Bundesliga,281,2023/2024,Borussia Dortmund,Bayer Leverkusen
3911535,2024-04-21,182,Liga F,281,2023/2024,Atletico Madrid W,Real Betis Balompié
3911540,2024-04-21,182,Liga F,281,2023/2024,Valencia CF,Real Sociedad de Fútbol
3911542,2024-04-21,182,Liga F,281,2023/2024,Villarreal,Sevilla FC
3912237,2024-04-21,135,Frauen Bundesliga,281,2023/2024,Duisburg WFC,VfL Wolfsburg WFC
3912238,2024-04-21,135,Frauen Bundesliga,281,2023/2024,Köln,SC Freiburg
3913167,2024-04-21,37,FA Women's Super League,281,2023/2024,Manchester United W,Tottenham Hotspur Women
3913168,2024-04-21,37,FA Women's Super League,281,2023/2024,Manchester City WFC,West Ham United LFC
3913169,2024-04-21,37,FA Women's Super League,281,2023/2024,Arsenal WFC,Leicester City WFC
3929001,2024-04-21,131,Serie A Women,281,2023/2024,Sampdoria W,AC Milan W
3929002,2024-04-21,131,Serie A Women,281,2023/2024,Napoli W,Pomigliano
3912239,2024-04-22,135,Frauen Bundesliga,281,2023/2024,Bayern München W,SV Werder Bremen
3911539,2024-04-24,182,Liga F,281,2023/2024,FC Levante Badalona,Barcelona WFC
3929004,2024-04-26,131,Serie A Women,281,2023/2024,Juventus W,FC Internazionale Milano W
3895320,2024-04-27,9,1. Bundesliga,281,2023/2024,Bayer Leverkusen,VfB Stuttgart
3911544,2024-04-27,182,Liga F,281,2023/2024,Real Betis Balompié,CD Sporting de Huelva
3911545,2024-04-27,182,Liga F,281,2023/2024,Costa Adeje Tenerife,Valencia CF
3911549,2024-04-27,182,Liga F,281,2023/2024,Villarreal,Granada W
3911550,2024-04-27,182,Liga F,281,2023/2024,Sevilla FC,Levante UD Femenino
3929005,2024-04-27,131,Serie A Women,281,2023/2024,Fiorentina W,Sassuolo W
3929006,2024-04-27,131,Serie A Women,281,2023/2024,Sampdoria W,Pomigliano
3929007,2024-04-27,131,Serie A Women,281,2023/2024,Napoli W,Como W
3911546,2024-04-28,182,Liga F,281,2023/2024,SD Eibar,Athletic Club Bilbao
3911547,2024-04-28,182,Liga F,281,2023/2024,Real Sociedad de Fútbol,Atletico Madrid W
3911548,2024-04-28,182,Liga F,281,2023/2024,Real Madrid CF W,FC Levante Badalona
3913171,2024-04-28,37,FA Women's Super League,281,2023/2024,Leicester City WFC,Manchester United W
3913172,2024-04-28,37,FA Women's Super League,281,2023/2024,Tottenham Hotspur Women,Brighton & Hove Albion WFC
3913174,2024-04-28,37,FA Women's Super League,281,2023/2024,Bristol City WFC,Manchester City WFC
3913175,2024-04-28,37,FA Women's Super League,281,2023/2024,Aston Villa W,West Ham United LFC
3913176,2024-04-28,37,FA Women's Super League,281,2023/2024,Everton LFC,Arsenal WFC
3911543,2024-05-01,182,Liga F,281,2023/2024,Barcelona WFC,Madrid CFF
3913173,2024-05-01,37,FA Women's Super League,281,2023/2024,Liverpool WFC,Chelsea FCW
3929008,2024-05-01,131,Serie A Women,281,2023/2024,Sassuolo W,AS Roma W
3929009,2024-05-01,131,Serie A Women,281,2023/2024,Pomigliano,AC Milan W
3929010,2024-05-01,131,Serie A Women,281,2023/2024,Como W,Sampdoria W
3929011,2024-05-01,131,Serie A Women,281,2023/2024,FC Internazionale Milano W,Fiorentina W
3912245,2024-05-03,135,Frauen Bundesliga,281,2023/2024,VfL Wolfsburg WFC,Köln
3911551,2024-05-04,182,Liga F,281,2023/2024,Athletic Club Bilbao,Villarreal
3911552,2024-05-04,182,Liga F,281,2023/2024,Atletico Madrid W,Costa Adeje Tenerife
3911556,2024-05-04,182,Liga F,281,2023/2024,Granada W,Barcelona WFC
3911558,2024-05-04,182,Liga F,281,2023/2024,Valencia CF,SD Eibar
3912243,2024-05-04,135,Frauen Bundesliga,281,2023/2024,Hoffenheim W,Eintracht Frankfurt W
3912247,2024-05-04,135,Frauen Bundesliga,281,2023/2024,TSV Bayer 04 Leverkusen,Bayern München W
3913181,2024-05-04,37,FA Women's Super League,281,2023/2024,Everton LFC,Tottenham Hotspur Women
3913182,2024-05-04,37,FA Women's Super League,281,2023/2024,Brighton & Hove Albion WFC,Aston Villa W
3895333,2024-05-05,9,1. Bundesliga,281,2023/2024,Eintracht Frankfurt,Bayer Leverkusen
3911553,2024-05-05,182,Liga F,281,2023/2024,Levante UD Femenino,Real Sociedad de Fútbol
3911554,2024-05-05,182,Liga F,281,2023/2024,Madrid CFF,Real Madrid CF W
3911555,2024-05-05,182,Liga F,281,2023/2024,Real Betis Balompié,Sevilla FC
3911557,2024-05-05,182,Liga F,281,2023/2024,CD Sporting de Huelva,FC Levante Badalona
3912244,2024-05-05,135,Frauen Bundesliga,281,2023/2024,SC Freiburg,SGS Essen 19/68
3912246,2024-05-05,135,Frauen Bundesliga,281,2023/2024,SV Werder Bremen,Duisburg WFC
3913177,2024-05-05,37,FA Women's Super League,281,2023/2024,Manchester City WFC,Arsenal WFC
3913178,2024-05-05,37,FA Women's Super League,281,2023/2024,West Ham United LFC,Leicester City WFC
3913179,2024-05-05,37,FA Women's Super League,281,2023/2024,Liverpool WFC,Manchester United W
3913180,2024-05-05,37,FA Women's Super League,281,2023/2024,Chelsea FCW,Bristol City WFC
3929013,2024-05-05,131,Serie A Women,281,2023/2024,AC Milan W,Como W
3929014,2024-05-05,131,Serie A Women,281,2023/2024,Sampdoria W,Napoli W
3929015,2024-05-05,131,Serie A Women,281,2023/2024,AS Roma W,FC Internazionale Milano W
3912242,2024-05-06,135,Frauen Bundesliga,281,2023/2024,Nürnberg W,RB Leipzig W
3929012,2024-05-06,131,Serie A Women,281,2023/2024,Fiorentina W,Juventus W
3911562,2024-05-10,182,Liga F,281,2023/2024,Barcelona WFC,Athletic Club Bilbao
3911566,2024-05-10,182,Liga F,281,2023/2024,Villarreal,SD Eibar
3912248,2024-05-10,135,Frauen Bundesliga,281,2023/2024,RB Leipzig W,Hoffenheim W
3911559,2024-05-11,182,Liga F,281,2023/2024,FC Levante Badalona,Levante UD Femenino
3911563,2024-05-11,182,Liga F,281,2023/2024,Real Madrid CF W,Atletico Madrid W
3911564,2024-05-11,182,Liga F,281,2023/2024,Granada W,Real Betis Balompié
3912249,2024-05-11,135,Frauen Bundesliga,281,2023/2024,SGS Essen 19/68,Köln
3912251,2024-05-11,135,Frauen Bundesliga,281,2023/2024,Duisburg WFC,TSV Bayer 04 Leverkusen
3895340,2024-05-12,9,1. Bundesliga,281,2023/2024,Bochum,Bayer Leverkusen
3911560,2024-05-12,182,Liga F,281,2023/2024,Madrid CFF,Valencia CF
3911561,2024-05-12,182,Liga F,281,2023/2024,Sevilla FC,CD Sporting de Huelva
3911565,2024-05-12,182,Liga F,281,2023/2024,Costa Adeje Tenerife,Real Sociedad de Fútbol
3912250,2024-05-12,135,Frauen Bundesliga,281,2023/2024,SV Werder Bremen,VfL Wolfsburg WFC
3912252,2024-05-12,135,Frauen Bundesliga,281,2023/2024,Bayern München W,Nürnberg W
3929016,2024-05-12,131,Serie A Women,281,2023/2024,Napoli W,AC Milan W
3929018,2024-05-12,131,Serie A Women,281,2023/2024,Como W,Pomigliano
3929019,2024-05-12,131,Serie A Women,281,2023/2024,FC Internazionale Milano W,Sassuolo W
3912253,2024-05-13,135,Frauen Bundesliga,281,2023/2024,Eintracht Frankfurt W,SC Freiburg
3929017,2024-05-13,131,Serie A Women,281,2023/2024,Juventus W,AS Roma W
3911629,2024-05-14,182,Liga F,281,2023/2024,SD Eibar,Barcelona WFC
3913163,2024-05-15,37,FA Women's Super League,281,2023/2024,Tottenham Hotspur Women,Chelsea FCW
3895348,2024-05-18,9,1. Bundesliga,281,2023/2024,Bayer Leverkusen,Augsburg
3913183,2024-05-18,37,FA Women's Super League,281,2023/2024,Bristol City WFC,Everton LFC
3913184,2024-05-18,37,FA Women's Super League,281,2023/2024,Aston Villa W,Manchester City WFC
3913185,2024-05-18,37,FA Women's Super League,281,2023/2024,Arsenal WFC,Brighton & Hove Albion WFC
3913186,2024-05-18,37,FA Women's Super League,281,2023/2024,Leicester City WFC,Liverpool WFC
3913187,2024-05-18,37,FA Women's Super League,281,2023/2024,Manchester United W,Chelsea FCW
3913188,2024-05-18,37,FA Women's Super League,281,2023/2024,Tottenham Hotspur Women,West Ham United LFC
3929022,2024-05-18,131,Serie A Women,281,2023/2024,AC Milan W,Sampdoria W
3929023,2024-05-18,131,Serie A Women,281,2023/2024,Sassuolo W,Juventus W
3929020,2024-05-19,131,Serie A Women,281,2023/2024,AS Roma W,Fiorentina W
3929021,2024-05-19,131,Serie A Women,281,2023/2024,Pomigliano,Napoli W
3912254,2024-05-20,135,Frauen Bundesliga,281,2023/2024,TSV Bayer 04 Leverkusen,SV Werder Bremen
3912255,2024-05-20,135,Frauen Bundesliga,281,2023/2024,Nürnberg W,Duisburg WFC
3912256,2024-05-20,135,Frauen Bundesliga,281,2023/2024,Hoffenheim W,Bayern München W
3912257,2024-05-20,135,Frauen Bundesliga,281,2023/2024,Köln,Eintracht Frankfurt W
3912258,2024-05-20,135,Frauen Bundesliga,281,2023/2024,SC Freiburg,RB Leipzig W
3912259,2024-05-20,135,Frauen Bundesliga,281,2023/2024,VfL Wolfsburg WFC,SGS Essen 19/68
3911625,2024-05-24,182,Liga F,281,2023/2024,Atletico Madrid W,FC Levante Badalona
3911626,2024-05-24,182,Liga F,281,2023/2024,Athletic Club Bilbao,Costa Adeje Tenerife
3911627,2024-05-25,182,Liga F,281,2023/2024,Levante UD Femenino,Villarreal
3911630,2024-05-25,182,Liga F,281,2023/2024,CD Sporting de Huelva,Granada W
3911628,2024-05-26,182,Liga F,281,2023/2024,Real Betis Balompié,Madrid CFF
3911631,2024-05-26,182,Liga F,281,2023/2024,Real Sociedad de Fútbol,Real Madrid CF W
3911632,2024-05-26,182,Liga F,281,2023/2024,Valencia CF,Sevilla FC
3911633,2024-06-09,182,Liga F,281,2023/2024,Villarreal,CD Sporting de Huelva
3911634,2024-06-09,182,Liga F,281,2023/2024,Sevilla FC,Atletico Madrid W
3911635,2024-06-09,182,Liga F,281,2023/2024,Costa Adeje Tenerife,SD Eibar
3911636,2024-06-09,182,Liga F,281,2023/2024,Barcelona WFC,Real Betis Balompié
3911637,2024-06-09,182,Liga F,281,2023/2024,Real Madrid CF W,Athletic Club Bilbao
3911638,2024-06-09,182,Liga F,281,2023/2024,Madrid CFF,Real Sociedad de Fútbol
3911639,2024-06-09,182,Liga F,281,2023/2024,Granada W,Levante UD Femenino
3911640,2024-06-09,182,Liga F,281,2023/2024,FC Levante Badalona,Valencia CF
3911641,2024-06-14,182,Liga F,281,2023/2024,CD Sporting de Huelva,Real Madrid CF W
3930158,2024-06-14,55,UEFA Euro,282,2024,Germany,Scotland
3911642,2024-06-15,182,Liga F,281,2023/2024,Real Sociedad de Fútbol,FC Levante Badalona
3911644,2024-06-15,182,Liga F,281,2023/2024,SD Eibar,Granada W
3911645,2024-06-15,182,Liga F,281,2023/2024,Real Betis Balompié,Costa Adeje Tenerife
3911646,2024-06-15,182,Liga F,281,2023/2024,Levante UD Femenino,Madrid CFF
3911647,2024-06-15,182,Liga F,281,2023/2024,Atletico Madrid W,Villarreal
3930159,2024-06-15,55,UEFA Euro,282,2024,Hungary,Switzerland
3930160,2024-06-15,55,UEFA Euro,282,2024,Spain,Croatia
3930161,2024-06-15,55,UEFA Euro,282,2024,Italy,Albania
3911643,2024-06-16,182,Liga F,281,2023/2024,Valencia CF,Barcelona WFC
3911648,2024-06-16,182,Liga F,281,2023/2024,Athletic Club Bilbao,Sevilla FC
3930162,2024-06-16,55,UEFA Euro,282,2024,Slovenia,Denmark
3930163,2024-06-16,55,UEFA Euro,282,2024,Serbia,England
3938637,2024-06-16,55,UEFA Euro,282,2024,Poland,Netherlands
3930164,2024-06-17,55,UEFA Euro,282,2024,Belgium,Slovakia
3930165,2024-06-17,55,UEFA Euro,282,2024,Austria,France
3938638,2024-06-17,55,UEFA Euro,282,2024,Romania,Ukraine
3930166,2024-06-18,55,UEFA Euro,282,2024,Portugal,Czech Republic
3938639,2024-06-18,55,UEFA Euro,282,2024,Turkey,Georgia
3930167,2024-06-19,55,UEFA Euro,282,2024,Croatia,Albania
3930168,2024-06-19,55,UEFA Euro,282,2024,Germany,Hungary
3930169,2024-06-19,55,UEFA Euro,282,2024,Scotland,Switzerland
3930170,2024-06-20,55,UEFA Euro,282,2024,Slovenia,Serbia
3930171,2024-06-20,55,UEFA Euro,282,2024,Denmark,England
3930172,2024-06-20,55,UEFA Euro,282,2024,Spain,Italy
3930173,2024-06-21,55,UEFA Euro,282,2024,Netherlands,France
3938640,2024-06-21,55,UEFA Euro,282,2024,Slovakia,Ukraine
3938641,2024-06-21,55,UEFA Euro,282,2024,Poland,Austria
3939969,2024-06-21,223,Copa America,282,2024,Argentina,Canada
3930174,2024-06-22,55,UEFA Euro,282,2024,Turkey,Portugal
3930175,2024-06-22,55,UEFA Euro,282,2024,Belgium,Romania
3938642,2024-06-22,55,UEFA Euro,282,2024,Georgia,Czech Republic
3939970,2024-06-22,223,Copa America,282,2024,Peru,Chile
3939972,2024-06-22,223,Copa America,282,2024,Ecuador,Venezuela
3930176,2024-06-23,55,UEFA Euro,282,2024,Switzerland,Germany
3930177,2024-06-23,55,UEFA Euro,282,2024,Scotland,Hungary
3939971,2024-06-23,223,Copa America,282,2024,Mexico,Jamaica
3939974,2024-06-23,223,Copa America,282,2024,United States,Bolivia
3930178,2024-06-24,55,UEFA Euro,282,2024,Croatia,Italy
3930179,2024-06-24,55,UEFA Euro,282,2024,Albania,Spain
3939973,2024-06-24,223,Copa America,282,2024,Uruguay,Panama
3939975,2024-06-24,223,Copa America,282,2024,Colombia,Paraguay
3930180,2024-06-25,55,UEFA Euro,282,2024,Netherlands,Austria
3930181,2024-06-25,55,UEFA Euro,282,2024,England,Slovenia
3930182,2024-06-25,55,UEFA Euro,282,2024,Denmark,Serbia
3938643,2024-06-25,55,UEFA Euro,282,2024,France,Poland
3939976,2024-06-25,223,Copa America,282,2024,Brazil,Costa Rica
3939978,2024-06-25,223,Copa America,282,2024,Peru,Canada
3930183,2024-06-26,55,UEFA Euro,282,2024,Slovakia,Romania
3930184,2024-06-26,55,UEFA Euro,282,2024,Czech Republic,Turkey
3938644,2024-06-26,55,UEFA Euro,282,2024,Georgia,Portugal
3938645,2024-06-26,55,UEFA Euro,282,2024,Ukraine,Belgium
3939977,2024-06-26,223,Copa America,282,2024,Chile,Argentina
3939980,2024-06-26,223,Copa America,282,2024,Ecuador,Jamaica
3939979,2024-06-27,223,Copa America,282,2024,Venezuela,Mexico
3939981,2024-06-27,223,Copa America,282,2024,Panama,United States
3939982,2024-06-28,223,Copa America,282,2024,Uruguay,Bolivia
3939984,2024-06-28,223,Copa America,282,2024,Colombia,Costa Rica
3939983,2024-06-29,223,Copa America,282,2024,Paraguay,Brazil
3940878,2024-06-29,55,UEFA Euro,282,2024,Switzerland,Italy
3940983,2024-06-29,55,UEFA Euro,282,2024,Germany,Denmark
3939985,2024-06-30,223,Copa America,282,2024,Canada,Chile
3939986,2024-06-30,223,Copa America,282,2024,Argentina,Peru
3941017,2024-06-30,55,UEFA Euro,282,2024,England,Slovakia
3941018,2024-06-30,55,UEFA Euro,282,2024,Spain,Georgia
3939987,2024-07-01,223,Copa America,282,2024,Jamaica,Venezuela
3939988,2024-07-01,223,Copa America,282,2024,Mexico,Ecuador
3941019,2024-07-01,55,UEFA Euro,282,2024,France,Belgium
3941020,2024-07-01,55,UEFA Euro,282,2024,Portugal,Slovenia
3939989,2024-07-02,223,Copa America,282,2024,Bolivia,Panama
3939990,2024-07-02,223,Copa America,282,2024,United States,Uruguay
3941021,2024-07-02,55,UEFA Euro,282,2024,Romania,Netherlands
3941022,2024-07-02,55,UEFA Euro,282,2024,Austria,Turkey
3939991,2024-07-03,223,Copa America,282,2024,Brazil,Colombia
3939992,2024-07-03,223,Copa America,282,2024,Costa Rica,Paraguay
3942226,2024-07-05,55,UEFA Euro,282,2024,Spain,Germany
3942228,2024-07-05,223,Copa America,282,2024,Argentina,Ecuador
3942349,2024-07-05,55,UEFA Euro,282,2024,Portugal,France
3942227,2024-07-06,55,UEFA Euro,282,2024,England,Switzerland
3942229,2024-07-06,223,Copa America,282,2024,Venezuela,Canada
3942382,2024-07-06,55,UEFA Euro,282,2024,Netherlands,Turkey
3942416,2024-07-06,223,Copa America,282,2024,Colombia,Panama
3942415,2024-07-07,223,Copa America,282,2024,Uruguay,Brazil
3942752,2024-07-09,55,UEFA Euro,282,2024,Spain,France
3942785,2024-07-10,223,Copa America,282,2024,Argentina,Canada
3942819,2024-07-10,55,UEFA Euro,282,2024,Netherlands,England
3942852,2024-07-11,223,Copa America,282,2024,Uruguay,Colombia
3943043,2024-07-14,55,UEFA Euro,282,2024,Spain,England
3943076,2024-07-14,223,Copa America,282,2024,Canada,Uruguay
3943077,2024-07-15,223,Copa America,282,2024,Argentina,Colombia
3998836,2025-07-02,53,UEFA Women's Euro,315,2025,Iceland Women's,WNT Finland
3998837,2025-07-02,53,UEFA Women's Euro,315,2025,Switzerland Women's,Norway Women's
3998838,2025-07-03,53,UEFA Women's Euro,315,2025,Belgium Women's,Italy Women's
3998839,2025-07-03,53,UEFA Women's Euro,315,2025,Spain Women's,Portugal Women's
3998840,2025-07-04,53,UEFA Women's Euro,315,2025,Germany Women's,Poland Women's
3998841,2025-07-04,53,UEFA Women's Euro,315,2025,Denmark Women's,Sweden Women's
3998842,2025-07-05,53,UEFA Women's Euro,315,2025,Wales W,Netherlands Women's
3998843,2025-07-05,53,UEFA Women's Euro,315,2025,France Women's,England Women's
3998844,2025-07-06,53,UEFA Women's Euro,315,2025,Switzerland Women's,Iceland Women's
3998845,2025-07-06,53,UEFA Women's Euro,315,2025,Norway Women's,WNT Finland
3998846,2025-07-07,53,UEFA Women's Euro,315,2025,Portugal Women's,Italy Women's
3998847,2025-07-07,53,UEFA Women's Euro,315,2025,Spain Women's,Belgium Women's
3998848,2025-07-08,53,UEFA Women's Euro,315,2025,Poland Women's,Sweden Women's
3998849,2025-07-08,53,UEFA Women's Euro,315,2025,Germany Women's,Denmark Women's
3998850,2025-07-09,53,UEFA Women's Euro,315,2025,France Women's,Wales W
3998851,2025-07-09,53,UEFA Women's Euro,315,2025,England Women's,Netherlands Women's
3998852,2025-07-10,53,UEFA Women's Euro,315,2025,WNT Finland,Switzerland Women's
3998853,2025-07-10,53,UEFA Women's Euro,315,2025,Norway Women's,Iceland Women's
3998854,2025-07-11,53,UEFA Women's Euro,315,2025,Portugal Women's,Belgium Women's
3998855,2025-07-11,53,UEFA Women's Euro,315,2025,Italy Women's,Spain Women's
3998856,2025-07-12,53,UEFA Women's Euro,315,2025,Sweden Women's,Germany Women's
3998857,2025-07-12,53,UEFA Women's Euro,315,2025,Poland Women's,Denmark Women's
3998858,2025-07-13,53,UEFA Women's Euro,315,2025,England Women's,Wales W
3998859,2025-07-13,53,UEFA Women's Euro,315,2025,Netherlands Women's,France Women's
4018354,2025-07-16,53,UEFA Women's Euro,315,2025,Norway Women's,Italy Women's
4018355,2025-07-17,53,UEFA Women's Euro,315,2025,Sweden Women's,England Women's
4018356,2025-07-18,53,UEFA Women's Euro,315,2025,Spain Women's,Switzerland Women's
4018357,2025-07-19,53,UEFA Women's Euro,315,2025,France Women's,Germany Women's
4020005,2025-07-22,53,UEFA Women's Euro,315,2025,England Women's,Italy Women's
4020077,2025-07-23,53,UEFA Women's Euro,315,2025,Germany Women's,Spain Women's
4020846,2025-07-27,53,UEFA Women's Euro,315,2025,England Women's,Spain Women's
