match_id,date,competition_id,competition_name,season_id,season_name,category,home_team,away_team,label,graph_included,history_available,final_included,exclusion_reason,selected_player_count,completed_edge_count,event_load_attempts,event_source,event_load_error
3888704,1958-06-24,43,FIFA World Cup,269,1958,male,Brazil,France,1,True,False,False,insufficient_rolling_history,11,360,1,statsbombpy,
3888705,1958-06-29,43,FIFA World Cup,269,1958,male,Brazil,Sweden,1,True,False,False,insufficient_rolling_history,11,376,1,statsbombpy,
3888854,1962-05-30,43,FIFA World Cup,270,1962,male,Brazil,Mexico,1,True,False,False,insufficient_rolling_history,11,409,1,statsbombpy,
3888699,1970-06-03,43,FIFA World Cup,272,1970,male,Brazil,Czechoslovakia,1,True,False,False,insufficient_rolling_history,11,394,1,statsbombpy,
3888700,1970-06-07,43,FIFA World Cup,272,1970,male,Brazil,England,1,True,False,False,insufficient_rolling_history,11,412,1,statsbombpy,
3889217,1970-06-09,43,FIFA World Cup,272,1970,male,Brazil,Romania,1,True,False,False,insufficient_rolling_history,11,388,1,statsbombpy,
3889218,1970-06-14,43,FIFA World Cup,272,1970,male,Brazil,Peru,1,True,False,False,insufficient_rolling_history,11,391,1,statsbombpy,
3888701,1970-06-17,43,FIFA World Cup,272,1970,male,Brazil,Uruguay,1,True,False,False,insufficient_rolling_history,11,413,1,statsbombpy,
3888702,1970-06-21,43,FIFA World Cup,272,1970,male,Brazil,Italy,1,True,False,False,insufficient_rolling_history,11,400,1,statsbombpy,
3888711,1971-06-02,16,Champions League,276,1970/1971,male,Ajax,Panathinaikos,1,True,False,False,insufficient_rolling_history,11,271,1,statsbombpy,
3750235,1972-05-31,16,Champions League,71,1971/1972,male,Ajax,Inter Milan,1,True,False,False,insufficient_rolling_history,11,364,1,statsbombpy,
3888706,1973-05-30,16,Champions League,277,1972/1973,male,Ajax,Juventus,1,True,False,False,insufficient_rolling_history,11,352,1,statsbombpy,
3888713,1974-02-17,11,La Liga,278,1973/1974,male,Real Madrid,Barcelona,0,True,False,False,insufficient_rolling_history,11,283,1,statsbombpy,
3888716,1974-06-19,43,FIFA World Cup,51,1974,male,Netherlands,Sweden,0,True,False,False,insufficient_rolling_history,11,366,1,statsbombpy,
3750180,1974-06-22,43,FIFA World Cup,51,1974,male,German DR,Germany,1,True,False,False,insufficient_rolling_history,11,213,1,statsbombpy,
3888717,1974-06-26,43,FIFA World Cup,51,1974,male,Netherlands,Argentina,1,True,False,False,insufficient_rolling_history,11,449,1,statsbombpy,
3888718,1974-06-30,43,FIFA World Cup,51,1974,male,German DR,Netherlands,0,True,False,False,insufficient_rolling_history,11,216,1,statsbombpy,
3888719,1974-07-03,43,FIFA World Cup,51,1974,male,Netherlands,Brazil,1,True,True,True,,11,331,1,statsbombpy,
3888720,1974-07-07,43,FIFA World Cup,51,1974,male,Netherlands,Germany,0,True,False,False,insufficient_rolling_history,11,338,1,statsbombpy,
3750234,1977-08-28,116,North American League,68,1977,male,NY Cosmos,Seattle Sounders,1,True,False,False,insufficient_rolling_history,11,372,1,statsbombpy,
3888754,1978-04-19,87,Copa del Rey,279,1977/1978,male,Barcelona,Las Palmas,1,True,False,False,insufficient_rolling_history,11,219,1,statsbombpy,
3888787,1979-09-07,1470,FIFA U20 World Cup,274,1979,male,Argentina U20,Soviet Union U20,1,True,False,False,insufficient_rolling_history,11,375,1,statsbombpy,
3889082,1981-04-10,81,Liga Profesional,275,1981,male,Boca Juniors,River Plate,1,True,False,False,insufficient_rolling_history,11,244,1,statsbombpy,
3888721,1983-06-04,87,Copa del Rey,268,1982/1983,male,Barcelona,Real Madrid,1,True,False,False,insufficient_rolling_history,11,229,1,statsbombpy,
3750248,1984-05-05,87,Copa del Rey,84,1983/1984,male,Athletic Club,Barcelona,1,True,False,False,insufficient_rolling_history,11,123,1,statsbombpy,
3750191,1986-06-22,43,FIFA World Cup,54,1986,male,Argentina,England,1,True,False,False,insufficient_rolling_history,11,285,1,statsbombpy,
3889148,1986-06-25,43,FIFA World Cup,54,1986,male,Argentina,Belgium,1,True,False,False,insufficient_rolling_history,11,372,1,statsbombpy,
3889149,1986-06-29,43,FIFA World Cup,54,1986,male,Argentina,Germany,1,True,False,False,insufficient_rolling_history,11,242,1,statsbombpy,
3889182,1986-11-09,12,Serie A,86,1986/1987,male,Juventus,Napoli,0,True,False,False,insufficient_rolling_history,11,284,1,statsbombpy,
3750245,1989-03-15,35,UEFA Europa League,75,1988/1989,male,Napoli,Juventus W,1,True,False,False,insufficient_rolling_history,11,358,1,statsbombpy,
3750244,1989-04-05,35,UEFA Europa League,75,1988/1989,male,Napoli,Bayern Munich,1,True,False,False,insufficient_rolling_history,11,216,1,statsbombpy,
3887188,1989-05-03,35,UEFA Europa League,75,1988/1989,male,Napoli,VfB Stuttgart,1,True,False,False,insufficient_rolling_history,11,317,1,statsbombpy,
3793185,1990-06-24,43,FIFA World Cup,55,1990,male,Brazil,Argentina,0,True,True,True,,11,398,1,statsbombpy,
3889115,1997-10-25,81,Liga Profesional,48,1997/1998,male,River Plate,Boca Juniors,0,True,False,False,insufficient_rolling_history,11,335,1,statsbombpy,
3750240,1999-11-23,16,Champions League,76,1999/2000,male,Fiorentina,Manchester United,1,True,False,False,insufficient_rolling_history,11,241,1,statsbombpy,
3749493,2003-08-16,2,Premier League,44,2003/2004,male,Arsenal,Everton,1,True,False,False,insufficient_rolling_history,11,289,1,statsbombpy,
3749358,2003-08-24,2,Premier League,44,2003/2004,male,Middlesbrough,Arsenal,0,True,False,False,insufficient_rolling_history,11,359,1,statsbombpy,
3749108,2003-08-27,2,Premier League,44,2003/2004,male,Arsenal,Aston Villa,1,True,False,False,insufficient_rolling_history,11,371,1,statsbombpy,
3749454,2003-08-31,2,Premier League,44,2003/2004,male,Manchester City,Arsenal,0,True,False,False,insufficient_rolling_history,11,236,1,statsbombpy,
3749296,2003-09-13,2,Premier League,44,2003/2004,male,Arsenal,Portsmouth,0,True,False,False,insufficient_rolling_history,11,361,1,statsbombpy,
3749552,2003-09-21,2,Premier League,44,2003/2004,male,Manchester United,Arsenal,0,True,False,False,insufficient_rolling_history,11,386,1,statsbombpy,
3749528,2003-09-26,2,Premier League,44,2003/2004,male,Arsenal,Newcastle United,1,True,False,False,insufficient_rolling_history,11,274,1,statsbombpy,
3749253,2003-10-04,2,Premier League,44,2003/2004,male,Liverpool,Arsenal,0,True,False,False,insufficient_rolling_history,11,328,1,statsbombpy,
3749079,2003-10-18,2,Premier League,44,2003/2004,male,Arsenal,Chelsea,1,True,False,False,insufficient_rolling_history,11,358,1,statsbombpy,
3749526,2003-10-26,2,Premier League,44,2003/2004,male,Charlton Athletic,Arsenal,0,True,False,False,insufficient_rolling_history,11,266,1,statsbombpy,
3749346,2003-11-01,2,Premier League,44,2003/2004,male,Leeds United,Arsenal,0,True,False,False,insufficient_rolling_history,11,337,1,statsbombpy,
3749196,2003-11-08,2,Premier League,44,2003/2004,male,Arsenal,Tottenham Hotspur,1,True,False,False,insufficient_rolling_history,11,268,1,statsbombpy,
3749434,2003-11-22,2,Premier League,44,2003/2004,male,Birmingham City,Arsenal,0,True,False,False,insufficient_rolling_history,11,329,1,statsbombpy,
3749192,2003-11-30,2,Premier League,44,2003/2004,male,Arsenal,Fulham,0,True,False,False,insufficient_rolling_history,11,488,1,statsbombpy,
3749590,2003-12-06,2,Premier League,44,2003/2004,male,Leicester City,Arsenal,0,True,False,False,insufficient_rolling_history,11,185,1,statsbombpy,
3749360,2003-12-14,2,Premier League,44,2003/2004,male,Arsenal,Blackburn Rovers,1,True,False,False,insufficient_rolling_history,11,381,1,statsbombpy,
3749278,2003-12-20,2,Premier League,44,2003/2004,male,Bolton Wanderers,Arsenal,0,True,False,False,insufficient_rolling_history,11,239,1,statsbombpy,
3749522,2003-12-26,2,Premier League,44,2003/2004,male,Arsenal,Wolverhampton Wanderers,1,True,False,False,insufficient_rolling_history,11,507,1,statsbombpy,
3749310,2003-12-29,2,Premier League,44,2003/2004,male,Southampton,Arsenal,0,True,False,False,insufficient_rolling_history,11,208,1,statsbombpy,
3749117,2004-01-07,2,Premier League,44,2003/2004,male,Everton,Arsenal,0,True,False,False,insufficient_rolling_history,11,234,1,statsbombpy,
3749153,2004-01-10,2,Premier League,44,2003/2004,male,Arsenal,Middlesbrough,1,True,False,False,insufficient_rolling_history,11,408,1,statsbombpy,
3749133,2004-01-18,2,Premier League,44,2003/2004,male,Aston Villa,Arsenal,0,True,False,False,insufficient_rolling_history,11,297,1,statsbombpy,
3749233,2004-02-01,2,Premier League,44,2003/2004,male,Arsenal,Manchester City,1,True,False,False,insufficient_rolling_history,11,420,1,statsbombpy,
3749052,2004-02-07,2,Premier League,44,2003/2004,male,Wolverhampton Wanderers,Arsenal,0,True,False,False,insufficient_rolling_history,11,221,1,statsbombpy,
3749631,2004-02-10,2,Premier League,44,2003/2004,male,Arsenal,Southampton,1,True,False,False,insufficient_rolling_history,11,391,1,statsbombpy,
3749276,2004-02-21,2,Premier League,44,2003/2004,male,Chelsea,Arsenal,0,True,False,False,insufficient_rolling_history,11,322,1,statsbombpy,
3749642,2004-02-28,2,Premier League,44,2003/2004,male,Arsenal,Charlton Athletic,1,True,False,False,insufficient_rolling_history,11,459,1,statsbombpy,
3749465,2004-03-13,2,Premier League,44,2003/2004,male,Blackburn Rovers,Arsenal,0,True,False,False,insufficient_rolling_history,11,295,1,statsbombpy,
3749403,2004-03-20,2,Premier League,44,2003/2004,male,Arsenal,Bolton Wanderers,1,True,False,False,insufficient_rolling_history,11,440,1,statsbombpy,
3749246,2004-03-28,2,Premier League,44,2003/2004,male,Arsenal,Manchester United,0,True,False,False,insufficient_rolling_history,11,244,1,statsbombpy,
3749448,2004-04-09,2,Premier League,44,2003/2004,male,Arsenal,Liverpool,1,True,False,False,insufficient_rolling_history,11,402,1,statsbombpy,
3749431,2004-04-11,2,Premier League,44,2003/2004,male,Newcastle United,Arsenal,0,True,False,False,insufficient_rolling_history,11,248,1,statsbombpy,
3749453,2004-04-16,2,Premier League,44,2003/2004,male,Arsenal,Leeds United,1,True,False,False,insufficient_rolling_history,11,364,1,statsbombpy,
3749068,2004-04-25,2,Premier League,44,2003/2004,male,Tottenham Hotspur,Arsenal,0,True,False,False,insufficient_rolling_history,11,322,1,statsbombpy,
3749462,2004-05-01,2,Premier League,44,2003/2004,male,Arsenal,Birmingham City,0,True,False,False,insufficient_rolling_history,11,525,1,statsbombpy,
3749274,2004-05-04,2,Premier League,44,2003/2004,male,Portsmouth,Arsenal,0,True,False,False,insufficient_rolling_history,11,179,1,statsbombpy,
3749603,2004-05-09,2,Premier League,44,2003/2004,male,Fulham,Arsenal,0,True,False,False,insufficient_rolling_history,11,304,1,statsbombpy,
3749257,2004-05-15,2,Premier League,44,2003/2004,male,Arsenal,Leicester City,1,True,False,False,insufficient_rolling_history,11,531,1,statsbombpy,
3752619,2004-05-26,16,Champions League,44,2003/2004,male,AS Monaco,FC Porto,0,True,False,False,insufficient_rolling_history,11,322,1,statsbombpy,
68353,2004-10-16,11,La Liga,37,2004/2005,male,Espanyol,Barcelona,0,True,False,False,insufficient_rolling_history,11,167,1,statsbombpy,
68313,2004-10-24,11,La Liga,37,2004/2005,male,Barcelona,Osasuna,1,True,False,False,insufficient_rolling_history,11,344,1,statsbombpy,
68314,2004-12-04,11,La Liga,37,2004/2005,male,Barcelona,Málaga,1,True,False,False,insufficient_rolling_history,11,529,1,statsbombpy,
69153,2004-12-11,11,La Liga,37,2004/2005,male,Albacete,Barcelona,0,True,False,False,insufficient_rolling_history,11,221,1,statsbombpy,
68315,2004-12-21,11,La Liga,37,2004/2005,male,Barcelona,Levante UD,1,True,False,False,insufficient_rolling_history,11,422,1,statsbombpy,
68352,2005-04-17,11,La Liga,37,2004/2005,male,Barcelona,Getafe,1,True,False,False,insufficient_rolling_history,11,505,1,statsbombpy,
68316,2005-05-01,11,La Liga,37,2004/2005,male,Barcelona,Albacete,1,True,False,False,insufficient_rolling_history,11,568,1,statsbombpy,
2302764,2005-05-25,16,Champions League,37,2004/2005,male,AC Milan,Liverpool,0,True,False,False,insufficient_rolling_history,11,486,1,statsbombpy,
68317,2005-10-01,11,La Liga,38,2005/2006,male,Barcelona,Real Zaragoza,0,True,False,False,insufficient_rolling_history,11,351,1,statsbombpy,
68318,2005-10-22,11,La Liga,38,2005/2006,male,Barcelona,Osasuna,1,True,False,False,insufficient_rolling_history,11,481,1,statsbombpy,
69164,2005-10-26,11,La Liga,38,2005/2006,male,Barcelona,Málaga,1,True,False,False,insufficient_rolling_history,11,431,1,statsbombpy,
68339,2005-11-06,11,La Liga,38,2005/2006,male,Getafe,Barcelona,0,True,False,False,insufficient_rolling_history,11,290,1,statsbombpy,
68319,2005-11-19,11,La Liga,38,2005/2006,male,Real Madrid,Barcelona,0,True,False,False,insufficient_rolling_history,11,307,1,statsbombpy,
68354,2005-11-27,11,La Liga,38,2005/2006,male,Barcelona,Racing Santander,1,True,False,False,insufficient_rolling_history,11,527,1,statsbombpy,
68320,2005-12-04,11,La Liga,38,2005/2006,male,Villarreal,Barcelona,0,True,False,False,insufficient_rolling_history,11,288,1,statsbombpy,
68321,2005-12-11,11,La Liga,38,2005/2006,male,Barcelona,Sevilla,1,True,False,False,insufficient_rolling_history,11,470,1,statsbombpy,
68322,2005-12-17,11,La Liga,38,2005/2006,male,Cádiz,Barcelona,0,True,False,False,insufficient_rolling_history,11,182,1,statsbombpy,
68323,2005-12-20,11,La Liga,38,2005/2006,male,Barcelona,Celta Vigo,1,True,False,False,insufficient_rolling_history,11,419,1,statsbombpy,
68348,2006-01-07,11,La Liga,38,2005/2006,male,Espanyol,Barcelona,0,True,False,False,insufficient_rolling_history,11,137,1,statsbombpy,
68342,2006-01-15,11,La Liga,38,2005/2006,male,Barcelona,Athletic Club,1,True,False,False,insufficient_rolling_history,11,465,1,statsbombpy,
68324,2006-01-22,11,La Liga,38,2005/2006,male,Barcelona,Deportivo Alavés,1,True,False,False,insufficient_rolling_history,11,449,1,statsbombpy,
68325,2006-01-29,11,La Liga,38,2005/2006,male,Mallorca,Barcelona,0,True,False,False,insufficient_rolling_history,11,260,1,statsbombpy,
68350,2006-02-05,11,La Liga,38,2005/2006,male,Barcelona,Atlético Madrid,0,True,False,False,insufficient_rolling_history,11,343,1,statsbombpy,
69172,2006-02-18,11,La Liga,38,2005/2006,male,Barcelona,Real Betis,1,True,False,False,insufficient_rolling_history,11,322,1,statsbombpy,
68351,2006-02-25,11,La Liga,38,2005/2006,male,Real Zaragoza,Barcelona,0,True,False,False,insufficient_rolling_history,11,274,1,statsbombpy,
68326,2006-08-28,11,La Liga,39,2006/2007,male,Celta Vigo,Barcelona,0,True,False,False,insufficient_rolling_history,11,219,1,statsbombpy,
68327,2006-09-09,11,La Liga,39,2006/2007,male,Barcelona,Osasuna,1,True,False,False,insufficient_rolling_history,11,534,1,statsbombpy,
68340,2006-09-17,11,La Liga,39,2006/2007,male,Racing Santander,Barcelona,0,True,False,False,insufficient_rolling_history,11,146,1,statsbombpy,
68328,2006-09-24,11,La Liga,39,2006/2007,male,Barcelona,Valencia,0,True,False,False,insufficient_rolling_history,11,586,1,statsbombpy,
68347,2006-09-30,11,La Liga,39,2006/2007,male,Athletic Club,Barcelona,0,True,False,False,insufficient_rolling_history,11,161,1,statsbombpy,
68329,2006-10-15,11,La Liga,39,2006/2007,male,Barcelona,Sevilla,1,True,False,False,insufficient_rolling_history,11,452,1,statsbombpy,
68330,2006-10-22,11,La Liga,39,2006/2007,male,Real Madrid,Barcelona,1,True,False,False,insufficient_rolling_history,11,217,1,statsbombpy,
69174,2006-11-04,11,La Liga,39,2006/2007,male,RC Deportivo La Coruña,Barcelona,0,True,False,False,insufficient_rolling_history,11,217,1,statsbombpy,
68331,2006-11-12,11,La Liga,39,2006/2007,male,Barcelona,Real Zaragoza,1,True,False,False,insufficient_rolling_history,11,423,1,statsbombpy,
69154,2007-02-11,11,La Liga,39,2006/2007,male,Barcelona,Racing Santander,1,True,False,False,insufficient_rolling_history,11,488,1,statsbombpy,
68332,2007-02-18,11,La Liga,39,2006/2007,male,Valencia,Barcelona,1,True,False,False,insufficient_rolling_history,11,192,1,statsbombpy,
68333,2007-02-25,11,La Liga,39,2006/2007,male,Barcelona,Athletic Club,1,True,False,False,insufficient_rolling_history,11,576,1,statsbombpy,
68334,2007-03-03,11,La Liga,39,2006/2007,male,Sevilla,Barcelona,1,True,False,False,insufficient_rolling_history,11,244,1,statsbombpy,
68335,2007-03-10,11,La Liga,39,2006/2007,male,Barcelona,Real Madrid,0,True,True,True,,11,454,1,statsbombpy,
68341,2007-03-17,11,La Liga,39,2006/2007,male,Recreativo Huelva,Barcelona,0,True,False,False,insufficient_rolling_history,11,251,1,statsbombpy,
69175,2007-03-31,11,La Liga,39,2006/2007,male,Barcelona,RC Deportivo La Coruña,1,True,False,False,insufficient_rolling_history,11,483,1,statsbombpy,
69179,2007-04-07,11,La Liga,39,2006/2007,male,Real Zaragoza,Barcelona,1,True,True,True,,11,322,1,statsbombpy,
69159,2007-04-15,11,La Liga,39,2006/2007,male,Barcelona,Mallorca,1,True,False,False,insufficient_rolling_history,11,522,1,statsbombpy,
69155,2007-04-22,11,La Liga,39,2006/2007,male,Villarreal,Barcelona,1,True,False,False,insufficient_rolling_history,11,276,1,statsbombpy,
69156,2007-04-29,11,La Liga,39,2006/2007,male,Barcelona,Levante UD,1,True,False,False,insufficient_rolling_history,11,468,1,statsbombpy,
69160,2007-05-05,11,La Liga,39,2006/2007,male,Real Sociedad,Barcelona,0,True,False,False,insufficient_rolling_history,11,216,1,statsbombpy,
69162,2007-05-13,11,La Liga,39,2006/2007,male,Barcelona,Real Betis,0,True,False,False,insufficient_rolling_history,11,410,1,statsbombpy,
69176,2007-05-20,11,La Liga,39,2006/2007,male,Atlético Madrid,Barcelona,0,True,False,False,insufficient_rolling_history,11,240,1,statsbombpy,
3750200,2007-05-23,16,Champions League,39,2006/2007,male,AC Milan,Liverpool,1,True,False,False,insufficient_rolling_history,11,308,1,statsbombpy,
69157,2007-05-26,11,La Liga,39,2006/2007,male,Barcelona,Getafe,1,True,False,False,insufficient_rolling_history,11,279,1,statsbombpy,
69165,2007-06-09,11,La Liga,39,2006/2007,male,Barcelona,Espanyol,0,True,False,False,insufficient_rolling_history,11,467,1,statsbombpy,
68336,2007-06-17,11,La Liga,39,2006/2007,male,Gimnàstic Tarragona,Barcelona,0,True,False,False,insufficient_rolling_history,11,170,1,statsbombpy,
69180,2007-08-26,11,La Liga,40,2007/2008,male,Racing Santander,Barcelona,0,True,True,True,,11,158,1,statsbombpy,
69169,2007-09-02,11,La Liga,40,2007/2008,male,Barcelona,Athletic Club,1,True,True,True,,11,586,1,statsbombpy,
69148,2007-09-22,11,La Liga,40,2007/2008,male,Barcelona,Sevilla,1,True,True,True,,11,432,1,statsbombpy,
69151,2007-09-29,11,La Liga,40,2007/2008,male,Levante UD,Barcelona,0,True,False,False,insufficient_rolling_history,11,225,1,statsbombpy,
69144,2007-10-07,11,La Liga,40,2007/2008,male,Barcelona,Atlético Madrid,1,True,False,False,insufficient_rolling_history,11,500,1,statsbombpy,
68364,2007-10-20,11,La Liga,40,2007/2008,male,Villarreal,Barcelona,1,True,False,False,insufficient_rolling_history,11,332,1,statsbombpy,
69158,2007-10-28,11,La Liga,40,2007/2008,male,Barcelona,Almería,1,True,False,False,insufficient_rolling_history,11,403,1,statsbombpy,
68363,2007-11-01,11,La Liga,40,2007/2008,male,Real Valladolid,Barcelona,0,True,False,False,insufficient_rolling_history,11,264,1,statsbombpy,
69166,2007-11-04,11,La Liga,40,2007/2008,male,Barcelona,Real Betis,1,True,False,False,insufficient_rolling_history,11,517,1,statsbombpy,
69178,2007-11-10,11,La Liga,40,2007/2008,male,Getafe,Barcelona,1,True,True,True,,11,209,1,statsbombpy,
69184,2007-11-24,11,La Liga,40,2007/2008,male,Barcelona,Recreativo Huelva,1,True,False,False,insufficient_rolling_history,11,500,1,statsbombpy,
68356,2007-12-01,11,La Liga,40,2007/2008,male,Espanyol,Barcelona,0,True,True,True,,11,238,1,statsbombpy,
69170,2007-12-09,11,La Liga,40,2007/2008,male,Barcelona,RC Deportivo La Coruña,1,True,False,False,insufficient_rolling_history,11,563,1,statsbombpy,
69145,2007-12-15,11,La Liga,40,2007/2008,male,Valencia,Barcelona,0,True,False,False,insufficient_rolling_history,11,242,1,statsbombpy,
69173,2008-01-20,11,La Liga,40,2007/2008,male,Barcelona,Racing Santander,1,True,True,True,,11,456,1,statsbombpy,
69181,2008-01-27,11,La Liga,40,2007/2008,male,Athletic Club,Barcelona,0,True,True,True,,11,270,1,statsbombpy,
69187,2008-02-03,11,La Liga,40,2007/2008,male,Barcelona,Osasuna,1,True,True,True,,11,421,1,statsbombpy,
69146,2008-02-09,11,La Liga,40,2007/2008,male,Sevilla,Barcelona,0,True,True,True,,11,274,1,statsbombpy,
69182,2008-02-16,11,La Liga,40,2007/2008,male,Real Zaragoza,Barcelona,0,True,True,True,,11,269,1,statsbombpy,
68360,2008-02-24,11,La Liga,40,2007/2008,male,Barcelona,Levante UD,1,True,True,True,,11,663,1,statsbombpy,
68365,2008-03-01,11,La Liga,40,2007/2008,male,Atlético Madrid,Barcelona,1,True,True,True,,11,198,1,statsbombpy,
68358,2008-04-12,11,La Liga,40,2007/2008,male,Recreativo Huelva,Barcelona,0,True,False,False,insufficient_rolling_history,11,254,1,statsbombpy,
68359,2008-04-19,11,La Liga,40,2007/2008,male,Barcelona,Espanyol,0,True,True,True,,11,477,1,statsbombpy,
69141,2008-05-04,11,La Liga,40,2007/2008,male,Barcelona,Valencia,1,True,True,True,,11,538,1,statsbombpy,
68361,2008-05-07,11,La Liga,40,2007/2008,male,Real Madrid,Barcelona,1,True,True,True,,11,375,1,statsbombpy,
68366,2008-05-11,11,La Liga,40,2007/2008,male,Barcelona,Mallorca,0,True,False,False,insufficient_rolling_history,11,373,1,statsbombpy,
69186,2008-05-17,11,La Liga,40,2007/2008,male,Real Murcia CF,Barcelona,0,True,False,False,insufficient_rolling_history,11,227,1,statsbombpy,
69147,2008-08-31,11,La Liga,41,2008/2009,male,CD Numancia de Soria,Barcelona,1,True,False,False,insufficient_rolling_history,11,155,1,statsbombpy,
69215,2008-09-13,11,La Liga,41,2008/2009,male,Barcelona,Racing Santander,0,True,True,True,,11,566,1,statsbombpy,
69138,2008-09-21,11,La Liga,41,2008/2009,male,Sporting Gijón,Barcelona,0,True,False,False,insufficient_rolling_history,11,174,1,statsbombpy,
69207,2008-09-24,11,La Liga,41,2008/2009,male,Barcelona,Real Betis,1,True,True,True,,11,456,1,statsbombpy,
69211,2008-09-27,11,La Liga,41,2008/2009,male,Espanyol,Barcelona,0,True,True,True,,11,149,1,statsbombpy,
69212,2008-10-04,11,La Liga,41,2008/2009,male,Barcelona,Atlético Madrid,1,True,True,True,,11,466,1,statsbombpy,
69232,2008-10-25,11,La Liga,41,2008/2009,male,Barcelona,Almería,1,True,False,False,insufficient_rolling_history,11,530,1,statsbombpy,
69235,2008-11-01,11,La Liga,41,2008/2009,male,Málaga,Barcelona,0,True,False,False,insufficient_rolling_history,11,123,1,statsbombpy,
69279,2008-11-08,11,La Liga,41,2008/2009,male,Barcelona,Real Valladolid,1,True,False,False,insufficient_rolling_history,11,370,1,statsbombpy,
69285,2008-11-16,11,La Liga,41,2008/2009,male,Recreativo Huelva,Barcelona,0,True,True,True,,11,158,1,statsbombpy,
69171,2008-11-29,11,La Liga,41,2008/2009,male,Sevilla,Barcelona,0,True,True,True,,11,211,1,statsbombpy,
69149,2008-12-06,11,La Liga,41,2008/2009,male,Barcelona,Valencia,1,True,True,True,,11,444,1,statsbombpy,
69225,2008-12-13,11,La Liga,41,2008/2009,male,Barcelona,Real Madrid,1,True,True,True,,11,456,1,statsbombpy,
69228,2008-12-21,11,La Liga,41,2008/2009,male,Villarreal,Barcelona,0,True,True,True,,11,281,1,statsbombpy,
69230,2009-01-11,11,La Liga,41,2008/2009,male,Osasuna,Barcelona,0,True,True,True,,11,198,1,statsbombpy,
69183,2009-01-17,11,La Liga,41,2008/2009,male,Barcelona,RC Deportivo La Coruña,1,True,True,True,,11,438,1,statsbombpy,
69189,2009-01-24,11,La Liga,41,2008/2009,male,Barcelona,CD Numancia de Soria,1,True,False,False,insufficient_rolling_history,11,536,1,statsbombpy,
69209,2009-02-01,11,La Liga,41,2008/2009,male,Racing Santander,Barcelona,0,True,True,True,,11,185,1,statsbombpy,
69231,2009-02-08,11,La Liga,41,2008/2009,male,Barcelona,Sporting Gijón,1,True,False,False,insufficient_rolling_history,11,610,1,statsbombpy,
69195,2009-02-14,11,La Liga,41,2008/2009,male,Real Betis,Barcelona,0,True,True,True,,11,129,1,statsbombpy,
69139,2009-02-21,11,La Liga,41,2008/2009,male,Barcelona,Espanyol,0,True,True,True,,11,350,1,statsbombpy,
69185,2009-03-01,11,La Liga,41,2008/2009,male,Atlético Madrid,Barcelona,1,True,True,True,,11,279,1,statsbombpy,
69216,2009-03-07,11,La Liga,41,2008/2009,male,Barcelona,Athletic Club,1,True,True,True,,11,510,1,statsbombpy,
69177,2009-03-15,11,La Liga,41,2008/2009,male,Almería,Barcelona,0,True,False,False,insufficient_rolling_history,11,176,1,statsbombpy,
69142,2009-03-22,11,La Liga,41,2008/2009,male,Barcelona,Málaga,1,True,True,True,,11,523,1,statsbombpy,
69273,2009-04-04,11,La Liga,41,2008/2009,male,Real Valladolid,Barcelona,0,True,False,False,insufficient_rolling_history,11,171,1,statsbombpy,
69222,2009-04-11,11,La Liga,41,2008/2009,male,Barcelona,Recreativo Huelva,1,True,True,True,,11,438,1,statsbombpy,
69223,2009-04-18,11,La Liga,41,2008/2009,male,Getafe,Barcelona,0,True,True,True,,11,203,1,statsbombpy,
69251,2009-04-25,11,La Liga,41,2008/2009,male,Valencia,Barcelona,0,True,True,True,,11,171,1,statsbombpy,
69249,2009-05-02,11,La Liga,41,2008/2009,male,Real Madrid,Barcelona,0,True,True,True,,11,272,1,statsbombpy,
69217,2009-05-10,11,La Liga,41,2008/2009,male,Barcelona,Villarreal,0,True,True,True,,11,476,1,statsbombpy,
3750201,2009-05-27,16,Champions League,41,2008/2009,male,Barcelona,Manchester United,1,True,False,False,insufficient_rolling_history,11,413,1,statsbombpy,
69229,2009-09-12,11,La Liga,21,2009/2010,male,Getafe,Barcelona,0,True,True,True,,11,278,1,statsbombpy,
69292,2009-09-19,11,La Liga,21,2009/2010,male,Barcelona,Atlético Madrid,1,True,True,True,,11,452,1,statsbombpy,
69254,2009-09-22,11,La Liga,21,2009/2010,male,Racing Santander,Barcelona,0,True,True,True,,11,166,1,statsbombpy,
69255,2009-09-26,11,La Liga,21,2009/2010,male,Málaga,Barcelona,0,True,True,True,,11,136,1,statsbombpy,
69256,2009-10-03,11,La Liga,21,2009/2010,male,Barcelona,Almería,1,True,True,True,,11,569,1,statsbombpy,
69252,2009-10-17,11,La Liga,21,2009/2010,male,Valencia,Barcelona,0,True,True,True,,11,292,1,statsbombpy,
69253,2009-10-25,11,La Liga,21,2009/2010,male,Barcelona,Real Zaragoza,1,True,True,True,,11,777,1,statsbombpy,
69277,2009-10-31,11,La Liga,21,2009/2010,male,Osasuna,Barcelona,0,True,True,True,,11,169,1,statsbombpy,
69250,2009-11-07,11,La Liga,21,2009/2010,male,Barcelona,Mallorca,1,True,True,True,,11,423,1,statsbombpy,
69288,2009-11-21,11,La Liga,21,2009/2010,male,Athletic Club,Barcelona,0,True,True,True,,11,197,1,statsbombpy,
69262,2009-11-29,11,La Liga,21,2009/2010,male,Barcelona,Real Madrid,1,True,True,True,,11,473,1,statsbombpy,
69267,2009-12-02,11,La Liga,21,2009/2010,male,Xerez,Barcelona,0,True,False,False,insufficient_rolling_history,11,156,1,statsbombpy,
69218,2009-12-05,11,La Liga,21,2009/2010,male,RC Deportivo La Coruña,Barcelona,0,True,True,True,,11,188,1,statsbombpy,
69219,2010-01-10,11,La Liga,21,2009/2010,male,Tenerife,Barcelona,0,True,False,False,insufficient_rolling_history,11,203,1,statsbombpy,
69243,2010-01-16,11,La Liga,21,2009/2010,male,Barcelona,Sevilla,1,True,True,True,,11,533,1,statsbombpy,
69210,2010-01-23,11,La Liga,21,2009/2010,male,Real Valladolid,Barcelona,0,True,True,True,,11,222,1,statsbombpy,
69220,2010-01-30,11,La Liga,21,2009/2010,male,Sporting Gijón,Barcelona,0,True,False,False,insufficient_rolling_history,11,173,1,statsbombpy,
69240,2010-02-06,11,La Liga,21,2009/2010,male,Barcelona,Getafe,1,True,True,True,,11,384,1,statsbombpy,
69237,2010-02-14,11,La Liga,21,2009/2010,male,Atlético Madrid,Barcelona,1,True,True,True,,11,249,1,statsbombpy,
69233,2010-02-20,11,La Liga,21,2009/2010,male,Barcelona,Racing Santander,1,True,True,True,,11,545,1,statsbombpy,
69238,2010-02-27,11,La Liga,21,2009/2010,male,Barcelona,Málaga,1,True,True,True,,11,634,1,statsbombpy,
69226,2010-03-06,11,La Liga,21,2009/2010,male,Almería,Barcelona,0,True,True,True,,11,192,1,statsbombpy,
69224,2010-03-14,11,La Liga,21,2009/2010,male,Barcelona,Valencia,1,True,True,True,,11,449,1,statsbombpy,
69227,2010-03-21,11,La Liga,21,2009/2010,male,Real Zaragoza,Barcelona,0,True,True,True,,11,218,1,statsbombpy,
69257,2010-03-24,11,La Liga,21,2009/2010,male,Barcelona,Osasuna,1,True,True,True,,11,490,1,statsbombpy,
69298,2010-03-27,11,La Liga,21,2009/2010,male,Mallorca,Barcelona,0,True,True,True,,11,203,1,statsbombpy,
69247,2010-04-03,11,La Liga,21,2009/2010,male,Barcelona,Athletic Club,1,True,True,True,,11,487,1,statsbombpy,
69259,2010-04-10,11,La Liga,21,2009/2010,male,Real Madrid,Barcelona,0,True,True,True,,11,301,1,statsbombpy,
69221,2010-04-14,11,La Liga,21,2009/2010,male,Barcelona,RC Deportivo La Coruña,1,True,True,True,,11,673,1,statsbombpy,
69213,2010-04-17,11,La Liga,21,2009/2010,male,Espanyol,Barcelona,0,True,True,True,,11,198,1,statsbombpy,
69214,2010-04-24,11,La Liga,21,2009/2010,male,Barcelona,Xerez,1,True,False,False,insufficient_rolling_history,11,508,1,statsbombpy,
69244,2010-05-01,11,La Liga,21,2009/2010,male,Villarreal,Barcelona,0,True,True,True,,11,263,1,statsbombpy,
69241,2010-05-04,11,La Liga,21,2009/2010,male,Barcelona,Tenerife,1,True,False,False,insufficient_rolling_history,11,669,1,statsbombpy,
69239,2010-05-08,11,La Liga,21,2009/2010,male,Sevilla,Barcelona,0,True,True,True,,11,203,1,statsbombpy,
69242,2010-05-16,11,La Liga,21,2009/2010,male,Barcelona,Real Valladolid,1,True,True,True,,11,564,1,statsbombpy,
18235,2010-05-22,16,Champions League,21,2009/2010,male,Bayern Munich,Inter Milan,0,True,False,False,insufficient_rolling_history,11,523,1,statsbombpy,
69286,2010-08-29,11,La Liga,22,2010/2011,male,Racing Santander,Barcelona,0,True,True,True,,11,278,1,statsbombpy,
69287,2010-09-11,11,La Liga,22,2010/2011,male,Barcelona,Hércules,0,True,False,False,insufficient_rolling_history,11,586,1,statsbombpy,
69269,2010-09-19,11,La Liga,22,2010/2011,male,Atlético Madrid,Barcelona,0,True,True,True,,11,164,1,statsbombpy,
69236,2010-10-03,11,La Liga,22,2010/2011,male,Barcelona,Mallorca,0,True,True,True,,11,544,1,statsbombpy,
69260,2010-10-16,11,La Liga,22,2010/2011,male,Barcelona,Valencia,1,True,True,True,,11,418,1,statsbombpy,
69263,2010-10-23,11,La Liga,22,2010/2011,male,Real Zaragoza,Barcelona,0,True,True,True,,11,158,1,statsbombpy,
69289,2010-10-30,11,La Liga,22,2010/2011,male,Barcelona,Sevilla,1,True,True,True,,11,542,1,statsbombpy,
69270,2010-11-07,11,La Liga,22,2010/2011,male,Getafe,Barcelona,0,True,True,True,,11,220,1,statsbombpy,
69308,2010-11-13,11,La Liga,22,2010/2011,male,Barcelona,Villarreal,1,True,True,True,,11,582,1,statsbombpy,
69306,2010-11-20,11,La Liga,22,2010/2011,male,Almería,Barcelona,0,True,True,True,,11,238,1,statsbombpy,
69299,2010-11-29,11,La Liga,22,2010/2011,male,Barcelona,Real Madrid,1,True,True,True,,11,620,1,statsbombpy,
69307,2010-12-04,11,La Liga,22,2010/2011,male,Osasuna,Barcelona,0,True,True,True,,11,151,1,statsbombpy,
69302,2010-12-12,11,La Liga,22,2010/2011,male,Barcelona,Real Sociedad,1,True,False,False,insufficient_rolling_history,11,766,1,statsbombpy,
69275,2010-12-18,11,La Liga,22,2010/2011,male,Espanyol,Barcelona,0,True,True,True,,11,283,1,statsbombpy,
69280,2011-01-08,11,La Liga,22,2010/2011,male,RC Deportivo La Coruña,Barcelona,0,True,True,True,,11,217,1,statsbombpy,
69278,2011-01-16,11,La Liga,22,2010/2011,male,Barcelona,Málaga,1,True,True,True,,11,661,1,statsbombpy,
69295,2011-01-22,11,La Liga,22,2010/2011,male,Barcelona,Racing Santander,1,True,True,True,,11,742,1,statsbombpy,
69296,2011-01-29,11,La Liga,22,2010/2011,male,Hércules,Barcelona,0,True,False,False,insufficient_rolling_history,11,208,1,statsbombpy,
69276,2011-02-05,11,La Liga,22,2010/2011,male,Barcelona,Atlético Madrid,1,True,True,True,,11,716,1,statsbombpy,
69248,2011-02-12,11,La Liga,22,2010/2011,male,Sporting Gijón,Barcelona,0,True,True,True,,11,108,1,statsbombpy,
69282,2011-02-20,11,La Liga,22,2010/2011,male,Barcelona,Athletic Club,1,True,True,True,,11,727,1,statsbombpy,
69283,2011-02-26,11,La Liga,22,2010/2011,male,Mallorca,Barcelona,0,True,True,True,,11,154,1,statsbombpy,
69274,2011-03-02,11,La Liga,22,2010/2011,male,Valencia,Barcelona,0,True,True,True,,11,290,1,statsbombpy,
69300,2011-03-05,11,La Liga,22,2010/2011,male,Barcelona,Real Zaragoza,1,True,True,True,,11,766,1,statsbombpy,
69291,2011-03-13,11,La Liga,22,2010/2011,male,Sevilla,Barcelona,0,True,True,True,,11,190,1,statsbombpy,
69303,2011-03-19,11,La Liga,22,2010/2011,male,Barcelona,Getafe,1,True,True,True,,11,615,1,statsbombpy,
69304,2011-04-02,11,La Liga,22,2010/2011,male,Villarreal,Barcelona,0,True,True,True,,11,253,1,statsbombpy,
69305,2011-04-09,11,La Liga,22,2010/2011,male,Barcelona,Almería,1,True,True,True,,11,587,1,statsbombpy,
69245,2011-04-16,11,La Liga,22,2010/2011,male,Real Madrid,Barcelona,0,True,True,True,,11,133,1,statsbombpy,
69271,2011-04-23,11,La Liga,22,2010/2011,male,Barcelona,Osasuna,1,True,True,True,,11,505,1,statsbombpy,
69246,2011-04-30,11,La Liga,22,2010/2011,male,Real Sociedad,Barcelona,1,True,False,False,insufficient_rolling_history,11,121,1,statsbombpy,
69234,2011-05-08,11,La Liga,22,2010/2011,male,Barcelona,Espanyol,1,True,True,True,,11,662,1,statsbombpy,
69272,2011-05-11,11,La Liga,22,2010/2011,male,Levante UD,Barcelona,0,True,True,True,,11,165,1,statsbombpy,
18236,2011-05-28,16,Champions League,22,2010/2011,male,Barcelona,Manchester United,1,True,False,False,insufficient_rolling_history,11,716,1,statsbombpy,
69268,2011-08-29,11,La Liga,23,2011/2012,male,Barcelona,Villarreal,1,True,True,True,,11,697,1,statsbombpy,
69264,2011-09-10,11,La Liga,23,2011/2012,male,Real Sociedad,Barcelona,0,True,True,True,,11,182,1,statsbombpy,
70220,2011-09-17,11,La Liga,23,2011/2012,male,Barcelona,Osasuna,1,True,True,True,,11,687,1,statsbombpy,
70223,2011-09-21,11,La Liga,23,2011/2012,male,Valencia,Barcelona,0,True,True,True,,11,251,1,statsbombpy,
69297,2011-09-24,11,La Liga,23,2011/2012,male,Barcelona,Atlético Madrid,1,True,True,True,,11,720,1,statsbombpy,
69265,2011-10-02,11,La Liga,23,2011/2012,male,Sporting Gijón,Barcelona,0,True,True,True,,11,188,1,statsbombpy,
69293,2011-10-15,11,La Liga,23,2011/2012,male,Barcelona,Racing Santander,1,True,True,True,,11,852,1,statsbombpy,
69329,2011-10-22,11,La Liga,23,2011/2012,male,Barcelona,Sevilla,0,True,True,True,,11,656,1,statsbombpy,
69318,2011-10-25,11,La Liga,23,2011/2012,male,Granada,Barcelona,0,True,False,False,insufficient_rolling_history,11,191,1,statsbombpy,
69314,2011-10-29,11,La Liga,23,2011/2012,male,Barcelona,Mallorca,1,True,True,True,,11,630,1,statsbombpy,
69330,2011-11-06,11,La Liga,23,2011/2012,male,Athletic Club,Barcelona,0,True,True,True,,11,256,1,statsbombpy,
69331,2011-11-19,11,La Liga,23,2011/2012,male,Barcelona,Real Zaragoza,1,True,True,True,,11,487,1,statsbombpy,
69315,2011-11-26,11,La Liga,23,2011/2012,male,Getafe,Barcelona,1,True,True,True,,11,185,1,statsbombpy,
69332,2011-11-29,11,La Liga,23,2011/2012,male,Barcelona,Rayo Vallecano,1,True,False,False,insufficient_rolling_history,11,362,1,statsbombpy,
69333,2011-12-03,11,La Liga,23,2011/2012,male,Barcelona,Levante UD,1,True,True,True,,11,618,1,statsbombpy,
69334,2011-12-10,11,La Liga,23,2011/2012,male,Real Madrid,Barcelona,0,True,True,True,,11,261,1,statsbombpy,
69312,2012-01-08,11,La Liga,23,2011/2012,male,Espanyol,Barcelona,0,True,True,True,,11,278,1,statsbombpy,
69327,2012-01-15,11,La Liga,23,2011/2012,male,Barcelona,Real Betis,1,True,True,True,,11,615,1,statsbombpy,
69335,2012-01-22,11,La Liga,23,2011/2012,male,Málaga,Barcelona,0,True,True,True,,11,206,1,statsbombpy,
69338,2012-01-28,11,La Liga,23,2011/2012,male,Villarreal,Barcelona,0,True,True,True,,11,209,1,statsbombpy,
69316,2012-02-04,11,La Liga,23,2011/2012,male,Barcelona,Real Sociedad,1,True,True,True,,11,676,1,statsbombpy,
69336,2012-02-11,11,La Liga,23,2011/2012,male,Osasuna,Barcelona,1,True,True,True,,11,165,1,statsbombpy,
69328,2012-02-19,11,La Liga,23,2011/2012,male,Barcelona,Valencia,1,True,True,True,,11,485,1,statsbombpy,
69337,2012-02-26,11,La Liga,23,2011/2012,male,Atlético Madrid,Barcelona,0,True,True,True,,11,173,1,statsbombpy,
69322,2012-03-11,11,La Liga,23,2011/2012,male,Racing Santander,Barcelona,0,True,True,True,,11,173,1,statsbombpy,
69326,2012-03-17,11,La Liga,23,2011/2012,male,Sevilla,Barcelona,0,True,True,True,,11,295,1,statsbombpy,
70225,2012-03-20,11,La Liga,23,2011/2012,male,Barcelona,Granada,1,True,False,False,insufficient_rolling_history,11,660,1,statsbombpy,
69325,2012-03-24,11,La Liga,23,2011/2012,male,Mallorca,Barcelona,0,True,True,True,,11,230,1,statsbombpy,
69323,2012-03-31,11,La Liga,23,2011/2012,male,Barcelona,Athletic Club,1,True,True,True,,11,452,1,statsbombpy,
70219,2012-04-07,11,La Liga,23,2011/2012,male,Real Zaragoza,Barcelona,0,True,True,True,,11,124,1,statsbombpy,
69343,2012-04-10,11,La Liga,23,2011/2012,male,Barcelona,Getafe,1,True,True,True,,11,686,1,statsbombpy,
70221,2012-04-14,11,La Liga,23,2011/2012,male,Levante UD,Barcelona,0,True,True,True,,11,186,1,statsbombpy,
69324,2012-04-21,11,La Liga,23,2011/2012,male,Barcelona,Real Madrid,0,True,True,True,,11,569,1,statsbombpy,
70224,2012-04-29,11,La Liga,23,2011/2012,male,Rayo Vallecano,Barcelona,0,True,False,False,insufficient_rolling_history,11,119,1,statsbombpy,
69340,2012-05-02,11,La Liga,23,2011/2012,male,Barcelona,Málaga,1,True,True,True,,11,596,1,statsbombpy,
69320,2012-05-05,11,La Liga,23,2011/2012,male,Barcelona,Espanyol,1,True,True,True,,11,538,1,statsbombpy,
69319,2012-05-12,11,La Liga,23,2011/2012,male,Real Betis,Barcelona,0,True,True,True,,11,306,1,statsbombpy,
18237,2012-05-19,16,Champions League,23,2011/2012,male,Bayern Munich,Chelsea,0,True,False,False,insufficient_rolling_history,11,543,1,statsbombpy,
70259,2012-08-19,11,La Liga,24,2012/2013,male,Barcelona,Real Sociedad,1,True,True,True,,11,647,1,statsbombpy,
70262,2012-08-26,11,La Liga,24,2012/2013,male,Osasuna,Barcelona,0,True,True,True,,11,157,1,statsbombpy,
70286,2012-09-02,11,La Liga,24,2012/2013,male,Barcelona,Valencia,1,True,True,True,,11,623,1,statsbombpy,
70292,2012-09-15,11,La Liga,24,2012/2013,male,Getafe,Barcelona,0,True,True,True,,11,207,1,statsbombpy,
70270,2012-09-22,11,La Liga,24,2012/2013,male,Barcelona,Granada,1,True,False,False,insufficient_rolling_history,11,593,1,statsbombpy,
70275,2012-09-29,11,La Liga,24,2012/2013,male,Sevilla,Barcelona,0,True,True,True,,11,184,1,statsbombpy,
70300,2012-10-07,11,La Liga,24,2012/2013,male,Barcelona,Real Madrid,0,True,True,True,,11,591,1,statsbombpy,
70304,2012-10-20,11,La Liga,24,2012/2013,male,RC Deportivo La Coruña,Barcelona,0,True,True,True,,11,283,1,statsbombpy,
70276,2012-10-27,11,La Liga,24,2012/2013,male,Rayo Vallecano,Barcelona,0,True,False,False,insufficient_rolling_history,11,259,1,statsbombpy,
70308,2012-11-03,11,La Liga,24,2012/2013,male,Barcelona,Celta Vigo,1,True,False,False,insufficient_rolling_history,11,790,1,statsbombpy,
266724,2012-11-11,11,La Liga,24,2012/2013,male,Mallorca,Barcelona,0,True,True,True,,11,157,1,statsbombpy,
70309,2012-11-17,11,La Liga,24,2012/2013,male,Barcelona,Real Zaragoza,1,True,True,True,,11,645,1,statsbombpy,
70280,2012-11-25,11,La Liga,24,2012/2013,male,Levante UD,Barcelona,0,True,True,True,,11,134,1,statsbombpy,
70263,2012-12-01,11,La Liga,24,2012/2013,male,Barcelona,Athletic Club,1,True,True,True,,11,543,1,statsbombpy,
70295,2012-12-09,11,La Liga,24,2012/2013,male,Real Betis,Barcelona,0,True,True,True,,11,247,1,statsbombpy,
70296,2012-12-16,11,La Liga,24,2012/2013,male,Barcelona,Atlético Madrid,1,True,True,True,,11,772,1,statsbombpy,
266015,2012-12-22,11,La Liga,24,2012/2013,male,Real Valladolid,Barcelona,0,True,True,True,,11,273,1,statsbombpy,
266433,2013-01-06,11,La Liga,24,2012/2013,male,Barcelona,Espanyol,1,True,True,True,,11,829,1,statsbombpy,
266827,2013-01-13,11,La Liga,24,2012/2013,male,Málaga,Barcelona,0,True,True,True,,11,321,1,statsbombpy,
70287,2013-01-19,11,La Liga,24,2012/2013,male,Real Sociedad,Barcelona,1,True,True,True,,11,232,1,statsbombpy,
70260,2013-01-27,11,La Liga,24,2012/2013,male,Barcelona,Osasuna,1,True,True,True,,11,681,1,statsbombpy,
70282,2013-02-03,11,La Liga,24,2012/2013,male,Valencia,Barcelona,0,True,True,True,,11,264,1,statsbombpy,
70297,2013-02-10,11,La Liga,24,2012/2013,male,Barcelona,Getafe,1,True,True,True,,11,741,1,statsbombpy,
70294,2013-02-16,11,La Liga,24,2012/2013,male,Granada,Barcelona,0,True,True,True,,11,142,1,statsbombpy,
70271,2013-02-23,11,La Liga,24,2012/2013,male,Barcelona,Sevilla,1,True,True,True,,11,602,1,statsbombpy,
70272,2013-03-02,11,La Liga,24,2012/2013,male,Real Madrid,Barcelona,1,True,True,True,,11,179,1,statsbombpy,
70305,2013-03-09,11,La Liga,24,2012/2013,male,Barcelona,RC Deportivo La Coruña,1,True,True,True,,11,729,1,statsbombpy,
70307,2013-03-17,11,La Liga,24,2012/2013,male,Barcelona,Rayo Vallecano,1,True,True,True,,11,398,1,statsbombpy,
70256,2013-03-30,11,La Liga,24,2012/2013,male,Celta Vigo,Barcelona,0,True,True,True,,11,173,1,statsbombpy,
267502,2013-04-27,11,La Liga,24,2012/2013,male,Athletic Club,Barcelona,0,True,True,True,,11,293,1,statsbombpy,
70281,2013-05-05,11,La Liga,24,2012/2013,male,Barcelona,Real Betis,1,True,True,True,,11,643,1,statsbombpy,
70284,2013-05-12,11,La Liga,24,2012/2013,male,Atlético Madrid,Barcelona,0,True,True,True,,11,345,1,statsbombpy,
18240,2013-05-25,16,Champions League,24,2012/2013,male,Borussia Dortmund,Bayern Munich,0,True,False,False,insufficient_rolling_history,11,256,1,statsbombpy,
70277,2013-08-18,11,La Liga,25,2013/2014,male,Barcelona,Levante UD,1,True,True,True,,11,635,1,statsbombpy,
70298,2013-09-01,11,La Liga,25,2013/2014,male,Valencia,Barcelona,0,True,True,True,,11,268,1,statsbombpy,
70301,2013-09-14,11,La Liga,25,2013/2014,male,Barcelona,Sevilla,1,True,True,True,,11,552,1,statsbombpy,
70302,2013-09-21,11,La Liga,25,2013/2014,male,Rayo Vallecano,Barcelona,0,True,True,True,,11,332,1,statsbombpy,
267520,2013-09-24,11,La Liga,25,2013/2014,male,Barcelona,Real Sociedad,1,True,True,True,,11,691,1,statsbombpy,
266420,2013-09-28,11,La Liga,25,2013/2014,male,Almería,Barcelona,0,True,True,True,,11,211,1,statsbombpy,
266462,2013-10-19,11,La Liga,25,2013/2014,male,Osasuna,Barcelona,0,True,True,True,,11,173,1,statsbombpy,
70293,2013-10-26,11,La Liga,25,2013/2014,male,Barcelona,Real Madrid,1,True,True,True,,11,428,1,statsbombpy,
267192,2013-10-29,11,La Liga,25,2013/2014,male,Celta Vigo,Barcelona,0,True,True,True,,11,289,1,statsbombpy,
70283,2013-11-01,11,La Liga,25,2013/2014,male,Barcelona,Espanyol,1,True,True,True,,11,646,1,statsbombpy,
266883,2013-11-10,11,La Liga,25,2013/2014,male,Real Betis,Barcelona,0,True,True,True,,11,284,1,statsbombpy,
265830,2014-01-11,11,La Liga,25,2013/2014,male,Atlético Madrid,Barcelona,0,True,True,True,,11,220,1,statsbombpy,
70288,2014-01-19,11,La Liga,25,2013/2014,male,Levante UD,Barcelona,0,True,True,True,,11,144,1,statsbombpy,
70291,2014-01-26,11,La Liga,25,2013/2014,male,Barcelona,Málaga,1,True,True,True,,11,610,1,statsbombpy,
266613,2014-02-01,11,La Liga,25,2013/2014,male,Barcelona,Valencia,0,True,True,True,,11,622,1,statsbombpy,
267675,2014-02-09,11,La Liga,25,2013/2014,male,Sevilla,Barcelona,0,True,True,True,,11,257,1,statsbombpy,
265918,2014-02-15,11,La Liga,25,2013/2014,male,Barcelona,Rayo Vallecano,1,True,True,True,,11,500,1,statsbombpy,
265837,2014-02-22,11,La Liga,25,2013/2014,male,Real Sociedad,Barcelona,1,True,True,True,,11,230,1,statsbombpy,
266066,2014-03-02,11,La Liga,25,2013/2014,male,Barcelona,Almería,1,True,True,True,,11,674,1,statsbombpy,
266603,2014-03-08,11,La Liga,25,2013/2014,male,Real Valladolid,Barcelona,1,True,True,True,,11,155,1,statsbombpy,
266074,2014-03-16,11,La Liga,25,2013/2014,male,Barcelona,Osasuna,1,True,True,True,,11,647,1,statsbombpy,
265857,2014-03-23,11,La Liga,25,2013/2014,male,Real Madrid,Barcelona,0,True,True,True,,11,253,1,statsbombpy,
266274,2014-03-26,11,La Liga,25,2013/2014,male,Barcelona,Celta Vigo,1,True,True,True,,11,585,1,statsbombpy,
70306,2014-03-29,11,La Liga,25,2013/2014,male,Espanyol,Barcelona,0,True,True,True,,11,172,1,statsbombpy,
267368,2014-04-05,11,La Liga,25,2013/2014,male,Barcelona,Real Betis,1,True,True,True,,11,522,1,statsbombpy,
267138,2014-04-12,11,La Liga,25,2013/2014,male,Granada,Barcelona,1,True,True,True,,11,96,1,statsbombpy,
267567,2014-04-20,11,La Liga,25,2013/2014,male,Barcelona,Athletic Club,1,True,True,True,,11,426,1,statsbombpy,
70289,2014-04-27,11,La Liga,25,2013/2014,male,Villarreal,Barcelona,0,True,True,True,,11,170,1,statsbombpy,
266491,2014-05-03,11,La Liga,25,2013/2014,male,Barcelona,Getafe,0,True,True,True,,11,657,1,statsbombpy,
266201,2014-05-11,11,La Liga,25,2013/2014,male,Elche,Barcelona,0,True,False,False,insufficient_rolling_history,11,187,1,statsbombpy,
266256,2014-05-17,11,La Liga,25,2013/2014,male,Barcelona,Atlético Madrid,0,True,True,True,,11,416,1,statsbombpy,
18241,2014-05-24,16,Champions League,25,2013/2014,male,Real Madrid,Atlético Madrid,1,True,False,False,insufficient_rolling_history,11,529,1,statsbombpy,
266921,2014-08-24,11,La Liga,26,2014/2015,male,Barcelona,Elche,1,True,False,False,insufficient_rolling_history,11,681,1,statsbombpy,
266406,2014-08-31,11,La Liga,26,2014/2015,male,Villarreal,Barcelona,0,True,True,True,,11,170,1,statsbombpy,
70273,2014-09-13,11,La Liga,26,2014/2015,male,Barcelona,Athletic Club,1,True,True,True,,11,521,1,statsbombpy,
266770,2014-09-21,11,La Liga,26,2014/2015,male,Levante UD,Barcelona,0,True,True,True,,11,158,1,statsbombpy,
266838,2014-09-24,11,La Liga,26,2014/2015,male,Málaga,Barcelona,0,True,True,True,,11,160,1,statsbombpy,
266117,2014-09-27,11,La Liga,26,2014/2015,male,Barcelona,Granada,1,True,True,True,,11,574,1,statsbombpy,
267561,2014-10-04,11,La Liga,26,2014/2015,male,Rayo Vallecano,Barcelona,0,True,True,True,,11,219,1,statsbombpy,
265896,2014-10-18,11,La Liga,26,2014/2015,male,Barcelona,Eibar,1,True,False,False,insufficient_rolling_history,11,645,1,statsbombpy,
267085,2014-10-25,11,La Liga,26,2014/2015,male,Real Madrid,Barcelona,1,True,True,True,,11,373,1,statsbombpy,
267301,2014-11-01,11,La Liga,26,2014/2015,male,Barcelona,Celta Vigo,0,True,True,True,,11,436,1,statsbombpy,
267499,2014-11-08,11,La Liga,26,2014/2015,male,Almería,Barcelona,0,True,True,True,,11,145,1,statsbombpy,
265835,2014-11-22,11,La Liga,26,2014/2015,male,Barcelona,Sevilla,1,True,True,True,,11,617,1,statsbombpy,
266560,2014-11-30,11,La Liga,26,2014/2015,male,Valencia,Barcelona,0,True,True,True,,11,214,1,statsbombpy,
266320,2014-12-07,11,La Liga,26,2014/2015,male,Barcelona,Espanyol,1,True,True,True,,11,748,1,statsbombpy,
70264,2014-12-13,11,La Liga,26,2014/2015,male,Getafe,Barcelona,0,True,True,True,,11,139,1,statsbombpy,
266846,2014-12-20,11,La Liga,26,2014/2015,male,Barcelona,Córdoba CF,1,True,False,False,insufficient_rolling_history,11,669,1,statsbombpy,
266240,2015-01-04,11,La Liga,26,2014/2015,male,Real Sociedad,Barcelona,1,True,True,True,,11,160,1,statsbombpy,
70303,2015-01-11,11,La Liga,26,2014/2015,male,Barcelona,Atlético Madrid,1,True,True,True,,11,541,1,statsbombpy,
266230,2015-01-18,11,La Liga,26,2014/2015,male,RC Deportivo La Coruña,Barcelona,0,True,True,True,,11,198,1,statsbombpy,
266794,2015-01-24,11,La Liga,26,2014/2015,male,Elche,Barcelona,0,True,False,False,insufficient_rolling_history,11,173,1,statsbombpy,
267597,2015-02-01,11,La Liga,26,2014/2015,male,Barcelona,Villarreal,1,True,True,True,,11,605,1,statsbombpy,
266871,2015-02-08,11,La Liga,26,2014/2015,male,Athletic Club,Barcelona,0,True,True,True,,11,196,1,statsbombpy,
266741,2015-02-15,11,La Liga,26,2014/2015,male,Barcelona,Levante UD,1,True,True,True,,11,680,1,statsbombpy,
266148,2015-02-21,11,La Liga,26,2014/2015,male,Barcelona,Málaga,0,True,True,True,,11,518,1,statsbombpy,
267343,2015-02-28,11,La Liga,26,2014/2015,male,Granada,Barcelona,0,True,True,True,,11,161,1,statsbombpy,
266916,2015-03-08,11,La Liga,26,2014/2015,male,Barcelona,Rayo Vallecano,1,True,True,True,,11,362,1,statsbombpy,
266967,2015-03-14,11,La Liga,26,2014/2015,male,Eibar,Barcelona,0,True,False,False,insufficient_rolling_history,11,168,1,statsbombpy,
267183,2015-03-22,11,La Liga,26,2014/2015,male,Barcelona,Real Madrid,1,True,True,True,,11,395,1,statsbombpy,
266929,2015-04-05,11,La Liga,26,2014/2015,male,Celta Vigo,Barcelona,0,True,True,True,,11,239,1,statsbombpy,
267400,2015-04-08,11,La Liga,26,2014/2015,male,Barcelona,Almería,1,True,True,True,,11,554,1,statsbombpy,
266142,2015-04-11,11,La Liga,26,2014/2015,male,Sevilla,Barcelona,0,True,True,True,,11,207,1,statsbombpy,
266525,2015-04-18,11,La Liga,26,2014/2015,male,Barcelona,Valencia,1,True,True,True,,11,529,1,statsbombpy,
266531,2015-04-25,11,La Liga,26,2014/2015,male,Espanyol,Barcelona,0,True,True,True,,11,199,1,statsbombpy,
265963,2015-04-28,11,La Liga,26,2014/2015,male,Barcelona,Getafe,1,True,True,True,,11,626,1,statsbombpy,
265866,2015-05-02,11,La Liga,26,2014/2015,male,Córdoba CF,Barcelona,0,True,False,False,insufficient_rolling_history,11,157,1,statsbombpy,
266045,2015-05-09,11,La Liga,26,2014/2015,male,Barcelona,Real Sociedad,1,True,True,True,,11,435,1,statsbombpy,
266631,2015-05-17,11,La Liga,26,2014/2015,male,Atlético Madrid,Barcelona,0,True,True,True,,11,134,1,statsbombpy,
267197,2015-05-23,11,La Liga,26,2014/2015,male,Barcelona,RC Deportivo La Coruña,0,True,True,True,,11,771,1,statsbombpy,
18242,2015-06-06,16,Champions League,26,2014/2015,male,Juventus,Barcelona,0,True,False,False,insufficient_rolling_history,11,278,1,statsbombpy,
3829413,2015-08-07,7,Ligue 1,27,2015/2016,male,Lille,Paris Saint-Germain,0,True,False,False,insufficient_rolling_history,11,316,1,statsbombpy,
3754078,2015-08-08,2,Premier League,27,2015/2016,male,Chelsea,Swansea City,0,True,False,False,insufficient_rolling_history,11,342,1,statsbombpy,
3754097,2015-08-08,2,Premier League,27,2015/2016,male,Manchester United,Tottenham Hotspur,1,True,False,False,insufficient_rolling_history,11,383,1,statsbombpy,
3754128,2015-08-08,2,Premier League,27,2015/2016,male,AFC Bournemouth,Aston Villa,0,True,False,False,insufficient_rolling_history,11,451,1,statsbombpy,
3754138,2015-08-08,2,Premier League,27,2015/2016,male,Norwich City,Crystal Palace,0,True,False,False,insufficient_rolling_history,11,382,1,statsbombpy,
3754237,2015-08-08,2,Premier League,27,2015/2016,male,Leicester City,Sunderland,1,True,False,False,insufficient_rolling_history,11,258,1,statsbombpy,
3754300,2015-08-08,2,Premier League,27,2015/2016,male,Everton,Watford,0,True,False,False,insufficient_rolling_history,11,461,1,statsbombpy,
3829414,2015-08-08,7,Ligue 1,27,2015/2016,male,Olympique de Marseille,Stade Malherbe Caen,0,True,False,False,insufficient_rolling_history,11,397,1,statsbombpy,
3829415,2015-08-08,7,Ligue 1,27,2015/2016,male,Bastia,Rennes,1,True,False,False,insufficient_rolling_history,11,280,1,statsbombpy,
3829416,2015-08-08,7,Ligue 1,27,2015/2016,male,OGC Nice,AS Monaco,0,True,False,False,insufficient_rolling_history,11,261,1,statsbombpy,
3829417,2015-08-08,7,Ligue 1,27,2015/2016,male,Troyes,Gazélec Ajaccio,0,True,False,False,insufficient_rolling_history,11,363,1,statsbombpy,
3829418,2015-08-08,7,Ligue 1,27,2015/2016,male,Nantes,Guingamp,1,True,False,False,insufficient_rolling_history,11,381,1,statsbombpy,
3829419,2015-08-08,7,Ligue 1,27,2015/2016,male,Montpellier,Angers,0,True,False,False,insufficient_rolling_history,11,403,1,statsbombpy,
3753985,2015-08-09,2,Premier League,27,2015/2016,male,Stoke City,Liverpool,0,True,False,False,insufficient_rolling_history,11,312,1,statsbombpy,
3754112,2015-08-09,2,Premier League,27,2015/2016,male,Newcastle United,Southampton,0,True,False,False,insufficient_rolling_history,11,387,1,statsbombpy,
3754141,2015-08-09,2,Premier League,27,2015/2016,male,Arsenal,West Ham United,0,True,False,False,insufficient_rolling_history,11,459,1,statsbombpy,
3829420,2015-08-09,7,Ligue 1,27,2015/2016,male,Bordeaux,Stade de Reims,0,True,False,False,insufficient_rolling_history,11,312,1,statsbombpy,
3829421,2015-08-09,7,Ligue 1,27,2015/2016,male,Toulouse,Saint-Étienne,1,True,False,False,insufficient_rolling_history,11,313,1,statsbombpy,
3829422,2015-08-09,7,Ligue 1,27,2015/2016,male,Lyon,Lorient,0,True,False,False,insufficient_rolling_history,11,568,1,statsbombpy,
3754145,2015-08-10,2,Premier League,27,2015/2016,male,West Bromwich Albion,Manchester City,0,True,False,False,insufficient_rolling_history,11,264,1,statsbombpy,
3754107,2015-08-14,2,Premier League,27,2015/2016,male,Aston Villa,Manchester United,0,True,True,True,,11,346,1,statsbombpy,
3829423,2015-08-14,7,Ligue 1,27,2015/2016,male,AS Monaco,Lille,0,True,False,False,insufficient_rolling_history,11,383,1,statsbombpy,
3753993,2015-08-15,2,Premier League,27,2015/2016,male,Sunderland,Norwich City,0,True,False,False,insufficient_rolling_history,11,281,1,statsbombpy,
3754034,2015-08-15,2,Premier League,27,2015/2016,male,Southampton,Everton,0,True,True,True,,11,383,1,statsbombpy,
3754203,2015-08-15,2,Premier League,27,2015/2016,male,West Ham United,Leicester City,0,True,False,False,insufficient_rolling_history,11,472,1,statsbombpy,
3754267,2015-08-15,2,Premier League,27,2015/2016,male,Watford,West Bromwich Albion,0,True,False,False,insufficient_rolling_history,11,437,1,statsbombpy,
3754270,2015-08-15,2,Premier League,27,2015/2016,male,Tottenham Hotspur,Stoke City,0,True,False,False,insufficient_rolling_history,11,412,1,statsbombpy,
3754344,2015-08-15,2,Premier League,27,2015/2016,male,Swansea City,Newcastle United,1,True,False,False,insufficient_rolling_history,11,570,1,statsbombpy,
3829424,2015-08-15,7,Ligue 1,27,2015/2016,male,Saint-Étienne,Bordeaux,0,True,False,False,insufficient_rolling_history,11,262,1,statsbombpy,
3829425,2015-08-15,7,Ligue 1,27,2015/2016,male,Angers,Nantes,0,True,False,False,insufficient_rolling_history,11,362,1,statsbombpy,
3829426,2015-08-15,7,Ligue 1,27,2015/2016,male,Guingamp,Lyon,0,True,False,False,insufficient_rolling_history,11,160,1,statsbombpy,
3829427,2015-08-15,7,Ligue 1,27,2015/2016,male,Troyes,OGC Nice,0,True,False,False,insufficient_rolling_history,11,313,1,statsbombpy,
3829428,2015-08-15,7,Ligue 1,27,2015/2016,male,Stade Malherbe Caen,Toulouse,1,True,False,False,insufficient_rolling_history,11,287,1,statsbombpy,
3829429,2015-08-15,7,Ligue 1,27,2015/2016,male,Rennes,Montpellier,1,True,False,False,insufficient_rolling_history,11,347,1,statsbombpy,
3890260,2015-08-15,9,1. Bundesliga,27,2015/2016,male,Bayer Leverkusen,Hoffenheim,1,True,False,False,insufficient_rolling_history,11,286,1,statsbombpy,
3754066,2015-08-16,2,Premier League,27,2015/2016,male,Manchester City,Chelsea,1,True,True,True,,11,345,1,statsbombpy,
3754312,2015-08-16,2,Premier League,27,2015/2016,male,Crystal Palace,Arsenal,0,True,False,False,insufficient_rolling_history,11,287,1,statsbombpy,
3829430,2015-08-16,7,Ligue 1,27,2015/2016,male,Stade de Reims,Olympique de Marseille,1,False,False,False,metadata_team_missing_from_events,0,0,1,statsbombpy,
3829431,2015-08-16,7,Ligue 1,27,2015/2016,male,Lorient,Bastia,0,True,False,False,insufficient_rolling_history,11,533,1,statsbombpy,
3829432,2015-08-16,7,Ligue 1,27,2015/2016,male,Paris Saint-Germain,Gazélec Ajaccio,1,True,False,False,insufficient_rolling_history,11,659,1,statsbombpy,
3754020,2015-08-17,2,Premier League,27,2015/2016,male,Liverpool,AFC Bournemouth,1,True,False,False,insufficient_rolling_history,11,377,1,statsbombpy,
3825562,2015-08-21,11,La Liga,27,2015/2016,male,Málaga,Sevilla,0,True,True,True,,11,293,1,statsbombpy,
3829433,2015-08-21,7,Ligue 1,27,2015/2016,male,Montpellier,Paris Saint-Germain,0,True,False,False,insufficient_rolling_history,11,269,1,statsbombpy,
3753987,2015-08-22,2,Premier League,27,2015/2016,male,Leicester City,Tottenham Hotspur,0,True,True,True,,11,184,1,statsbombpy,
3754104,2015-08-22,2,Premier League,27,2015/2016,male,Norwich City,Stoke City,0,True,False,False,insufficient_rolling_history,11,292,1,statsbombpy,
3754131,2015-08-22,2,Premier League,27,2015/2016,male,West Ham United,AFC Bournemouth,0,True,False,False,insufficient_rolling_history,11,257,1,statsbombpy,
3754180,2015-08-22,2,Premier League,27,2015/2016,male,Sunderland,Swansea City,0,True,False,False,insufficient_rolling_history,11,225,1,statsbombpy,
3754190,2015-08-22,2,Premier League,27,2015/2016,male,Crystal Palace,Aston Villa,1,True,False,False,insufficient_rolling_history,11,268,1,statsbombpy,
3754254,2015-08-22,2,Premier League,27,2015/2016,male,Manchester United,Newcastle United,0,True,True,True,,11,522,1,statsbombpy,
3825563,2015-08-22,11,La Liga,27,2015/2016,male,Atlético Madrid,Las Palmas,1,True,False,False,insufficient_rolling_history,11,495,1,statsbombpy,
3825564,2015-08-22,11,La Liga,27,2015/2016,male,RC Deportivo La Coruña,Real Sociedad,0,True,True,True,,11,389,1,statsbombpy,
3825565,2015-08-22,11,La Liga,27,2015/2016,male,Espanyol,Getafe,1,True,True,True,,11,163,1,statsbombpy,
3825566,2015-08-22,11,La Liga,27,2015/2016,male,Rayo Vallecano,Valencia,0,True,True,True,,11,339,1,statsbombpy,
3829434,2015-08-22,7,Ligue 1,27,2015/2016,male,Bastia,Guingamp,1,True,False,False,insufficient_rolling_history,11,269,1,statsbombpy,
3829435,2015-08-22,7,Ligue 1,27,2015/2016,male,Lyon,Rennes,0,True,False,False,insufficient_rolling_history,11,517,1,statsbombpy,
3829436,2015-08-22,7,Ligue 1,27,2015/2016,male,Nantes,Stade de Reims,1,True,False,False,insufficient_rolling_history,11,398,1,statsbombpy,
3829437,2015-08-22,7,Ligue 1,27,2015/2016,male,Gazélec Ajaccio,Angers,0,True,False,False,insufficient_rolling_history,11,421,1,statsbombpy,
3829438,2015-08-22,7,Ligue 1,27,2015/2016,male,OGC Nice,Stade Malherbe Caen,1,False,False,False,metadata_team_missing_from_events,0,0,1,statsbombpy,
3829439,2015-08-22,7,Ligue 1,27,2015/2016,male,Toulouse,AS Monaco,0,True,False,False,insufficient_rolling_history,11,278,1,statsbombpy,
3878540,2015-08-22,12,Serie A,27,2015/2016,male,Lazio,Bologna,1,True,False,False,insufficient_rolling_history,11,438,1,statsbombpy,
3878541,2015-08-22,12,Serie A,27,2015/2016,male,Hellas Verona,AS Roma,0,True,False,False,insufficient_rolling_history,11,173,1,statsbombpy,
3890273,2015-08-22,9,1. Bundesliga,27,2015/2016,male,Hannover 96,Bayer Leverkusen,0,True,False,False,insufficient_rolling_history,11,208,1,statsbombpy,
266236,2015-08-23,11,La Liga,27,2015/2016,male,Athletic Club,Barcelona,0,True,True,True,,11,169,1,statsbombpy,
3754059,2015-08-23,2,Premier League,27,2015/2016,male,West Bromwich Albion,Chelsea,0,True,False,False,insufficient_rolling_history,11,275,1,statsbombpy,
3754189,2015-08-23,2,Premier League,27,2015/2016,male,Watford,Southampton,0,True,False,False,insufficient_rolling_history,11,324,1,statsbombpy,
3754233,2015-08-23,2,Premier League,27,2015/2016,male,Everton,Manchester City,0,True,True,True,,11,328,1,statsbombpy,
3825567,2015-08-23,11,La Liga,27,2015/2016,male,Sporting Gijón,Real Madrid,0,True,True,True,,11,208,1,statsbombpy,
3825568,2015-08-23,11,La Liga,27,2015/2016,male,Real Betis,Villarreal,0,True,True,True,,11,316,1,statsbombpy,
3825569,2015-08-23,11,La Liga,27,2015/2016,male,Levante UD,Celta Vigo,0,True,True,True,,11,185,1,statsbombpy,
3829440,2015-08-23,7,Ligue 1,27,2015/2016,male,Lorient,Saint-Étienne,0,True,False,False,insufficient_rolling_history,11,235,1,statsbombpy,
3829441,2015-08-23,7,Ligue 1,27,2015/2016,male,Olympique de Marseille,Troyes,1,True,False,False,insufficient_rolling_history,11,437,1,statsbombpy,
3829442,2015-08-23,7,Ligue 1,27,2015/2016,male,Lille,Bordeaux,0,True,False,False,insufficient_rolling_history,11,314,1,statsbombpy,
3878542,2015-08-23,12,Serie A,27,2015/2016,male,Fiorentina,AC Milan,1,True,False,False,insufficient_rolling_history,11,387,1,statsbombpy,
3878543,2015-08-23,12,Serie A,27,2015/2016,male,Inter Milan,Atalanta,1,True,False,False,insufficient_rolling_history,11,519,1,statsbombpy,
3878544,2015-08-23,12,Serie A,27,2015/2016,male,Palermo,Genoa,1,True,False,False,insufficient_rolling_history,11,284,1,statsbombpy,
3878545,2015-08-23,12,Serie A,27,2015/2016,male,Sampdoria,Carpi,1,True,False,False,insufficient_rolling_history,11,463,1,statsbombpy,
3878546,2015-08-23,12,Serie A,27,2015/2016,male,Sassuolo,Napoli,1,True,False,False,insufficient_rolling_history,11,258,1,statsbombpy,
3878547,2015-08-23,12,Serie A,27,2015/2016,male,Frosinone,Torino,0,True,False,False,insufficient_rolling_history,11,247,1,statsbombpy,
3878548,2015-08-23,12,Serie A,27,2015/2016,male,Juventus,Udinese,0,True,False,False,insufficient_rolling_history,11,443,1,statsbombpy,
3878549,2015-08-23,12,Serie A,27,2015/2016,male,Empoli,Chievo,0,True,False,False,insufficient_rolling_history,11,372,1,statsbombpy,
3754129,2015-08-24,2,Premier League,27,2015/2016,male,Arsenal,Liverpool,0,True,True,True,,11,582,1,statsbombpy,
3825570,2015-08-24,11,La Liga,27,2015/2016,male,Granada,Eibar,0,True,False,False,insufficient_rolling_history,11,339,1,statsbombpy,
3825571,2015-08-28,11,La Liga,27,2015/2016,male,Villarreal,Espanyol,1,True,True,True,,11,358,1,statsbombpy,
3829443,2015-08-28,7,Ligue 1,27,2015/2016,male,Guingamp,Olympique de Marseille,1,False,False,False,metadata_team_missing_from_events,0,0,1,statsbombpy,
267422,2015-08-29,11,La Liga,27,2015/2016,male,Barcelona,Málaga,1,True,True,True,,11,555,1,statsbombpy,
3753984,2015-08-29,2,Premier League,27,2015/2016,male,Liverpool,West Ham United,0,True,True,True,,11,450,1,statsbombpy,
3754007,2015-08-29,2,Premier League,27,2015/2016,male,Stoke City,West Bromwich Albion,0,True,True,True,,11,341,1,statsbombpy,
3754023,2015-08-29,2,Premier League,27,2015/2016,male,AFC Bournemouth,Leicester City,0,True,True,True,,11,323,1,statsbombpy,
3754083,2015-08-29,2,Premier League,27,2015/2016,male,Chelsea,Crystal Palace,0,True,True,True,,11,440,1,statsbombpy,
3754204,2015-08-29,2,Premier League,27,2015/2016,male,Aston Villa,Sunderland,0,True,True,True,,11,464,1,statsbombpy,
3754205,2015-08-29,2,Premier League,27,2015/2016,male,Newcastle United,Arsenal,0,True,True,True,,11,213,1,statsbombpy,
3754246,2015-08-29,2,Premier League,27,2015/2016,male,Manchester City,Watford,1,True,True,True,,11,577,1,statsbombpy,
3754268,2015-08-29,2,Premier League,27,2015/2016,male,Tottenham Hotspur,Everton,0,True,True,True,,11,358,1,statsbombpy,
3825572,2015-08-29,11,La Liga,27,2015/2016,male,Real Madrid,Real Betis,1,True,True,True,,11,510,1,statsbombpy,
3825573,2015-08-29,11,La Liga,27,2015/2016,male,Real Sociedad,Sporting Gijón,0,True,True,True,,11,414,1,statsbombpy,
3825574,2015-08-29,11,La Liga,27,2015/2016,male,Celta Vigo,Rayo Vallecano,1,True,True,True,,11,573,1,statsbombpy,
3829444,2015-08-29,7,Ligue 1,27,2015/2016,male,Stade Malherbe Caen,Lyon,0,True,False,False,insufficient_rolling_history,11,205,1,statsbombpy,
3829445,2015-08-29,7,Ligue 1,27,2015/2016,male,Angers,OGC Nice,0,True,False,False,insufficient_rolling_history,11,232,1,statsbombpy,
3829446,2015-08-29,7,Ligue 1,27,2015/2016,male,Troyes,Montpellier,0,True,True,True,,11,251,1,statsbombpy,
3829447,2015-08-29,7,Ligue 1,27,2015/2016,male,Lille,Gazélec Ajaccio,1,True,True,True,,11,340,1,statsbombpy,
3829448,2015-08-29,7,Ligue 1,27,2015/2016,male,Stade de Reims,Lorient,1,True,False,False,insufficient_rolling_history,11,289,1,statsbombpy,
3829449,2015-08-29,7,Ligue 1,27,2015/2016,male,Rennes,Toulouse,1,True,True,True,,11,320,1,statsbombpy,
3878550,2015-08-29,12,Serie A,27,2015/2016,male,Bologna,Sassuolo,0,True,False,False,insufficient_rolling_history,11,285,1,statsbombpy,
3878551,2015-08-29,12,Serie A,27,2015/2016,male,AC Milan,Empoli,1,True,False,False,insufficient_rolling_history,11,309,1,statsbombpy,
3890278,2015-08-29,9,1. Bundesliga,27,2015/2016,male,Bayern Munich,Bayer Leverkusen,1,True,False,False,insufficient_rolling_history,11,433,1,statsbombpy,
3754221,2015-08-30,2,Premier League,27,2015/2016,male,Swansea City,Manchester United,1,True,True,True,,11,247,1,statsbombpy,
3754337,2015-08-30,2,Premier League,27,2015/2016,male,Southampton,Norwich City,1,True,True,True,,11,429,1,statsbombpy,
3825575,2015-08-30,11,La Liga,27,2015/2016,male,Las Palmas,Levante UD,0,True,False,False,insufficient_rolling_history,11,453,1,statsbombpy,
3825576,2015-08-30,11,La Liga,27,2015/2016,male,Valencia,RC Deportivo La Coruña,0,True,True,True,,11,299,1,statsbombpy,
3825577,2015-08-30,11,La Liga,27,2015/2016,male,Getafe,Granada,0,True,True,True,,11,279,1,statsbombpy,
3825578,2015-08-30,11,La Liga,27,2015/2016,male,Eibar,Athletic Club,1,True,True,True,,11,239,1,statsbombpy,
3825579,2015-08-30,11,La Liga,27,2015/2016,male,Sevilla,Atlético Madrid,0,True,True,True,,11,379,1,statsbombpy,
3829450,2015-08-30,7,Ligue 1,27,2015/2016,male,AS Monaco,Paris Saint-Germain,0,True,True,True,,11,234,1,statsbombpy,
3829451,2015-08-30,7,Ligue 1,27,2015/2016,male,Saint-Étienne,Bastia,1,True,True,True,,11,432,1,statsbombpy,
3829452,2015-08-30,7,Ligue 1,27,2015/2016,male,Bordeaux,Nantes,1,True,True,True,,11,372,1,statsbombpy,
3878552,2015-08-30,12,Serie A,27,2015/2016,male,Carpi,Inter Milan,0,True,False,False,insufficient_rolling_history,11,207,1,statsbombpy,
3878553,2015-08-30,12,Serie A,27,2015/2016,male,Chievo,Lazio,1,True,False,False,insufficient_rolling_history,11,296,1,statsbombpy,
3878554,2015-08-30,12,Serie A,27,2015/2016,male,Genoa,Hellas Verona,1,True,False,False,insufficient_rolling_history,11,404,1,statsbombpy,
3878555,2015-08-30,12,Serie A,27,2015/2016,male,AS Roma,Juventus,1,True,False,False,insufficient_rolling_history,11,504,1,statsbombpy,
3878556,2015-08-30,12,Serie A,27,2015/2016,male,Torino,Fiorentina,1,True,False,False,insufficient_rolling_history,11,211,1,statsbombpy,
3878557,2015-08-30,12,Serie A,27,2015/2016,male,Udinese,Palermo,0,True,False,False,insufficient_rolling_history,11,419,1,statsbombpy,
3878558,2015-08-30,12,Serie A,27,2015/2016,male,Napoli,Sampdoria,0,True,False,False,insufficient_rolling_history,11,487,1,statsbombpy,
3878559,2015-08-30,12,Serie A,27,2015/2016,male,Atalanta,Frosinone,1,True,False,False,insufficient_rolling_history,11,357,1,statsbombpy,
3825580,2015-09-11,11,La Liga,27,2015/2016,male,Levante UD,Sevilla,0,True,True,True,,11,321,1,statsbombpy,
3829453,2015-09-11,7,Ligue 1,27,2015/2016,male,Paris Saint-Germain,Bordeaux,0,True,True,True,,11,576,1,statsbombpy,
266166,2015-09-12,11,La Liga,27,2015/2016,male,Atlético Madrid,Barcelona,0,True,True,True,,11,232,1,statsbombpy,
3754003,2015-09-12,2,Premier League,27,2015/2016,male,Manchester United,Liverpool,1,True,True,True,,11,459,1,statsbombpy,
3754213,2015-09-12,2,Premier League,27,2015/2016,male,Watford,Swansea City,1,True,True,True,,11,219,1,statsbombpy,
3754240,2015-09-12,2,Premier League,27,2015/2016,male,Arsenal,Stoke City,1,True,True,True,,11,544,1,statsbombpy,
3754257,2015-09-12,2,Premier League,27,2015/2016,male,Crystal Palace,Manchester City,0,True,True,True,,11,266,1,statsbombpy,
3754315,2015-09-12,2,Premier League,27,2015/2016,male,Norwich City,AFC Bournemouth,1,True,True,True,,11,339,1,statsbombpy,
3754325,2015-09-12,2,Premier League,27,2015/2016,male,West Bromwich Albion,Southampton,0,True,True,True,,11,212,1,statsbombpy,
3754336,2015-09-12,2,Premier League,27,2015/2016,male,Everton,Chelsea,1,True,True,True,,11,308,1,statsbombpy,
3825581,2015-09-12,11,La Liga,27,2015/2016,male,Espanyol,Real Madrid,0,True,True,True,,11,365,1,statsbombpy,
3825582,2015-09-12,11,La Liga,27,2015/2016,male,Real Betis,Real Sociedad,1,True,True,True,,11,218,1,statsbombpy,
3825583,2015-09-12,11,La Liga,27,2015/2016,male,Sporting Gijón,Valencia,0,True,True,True,,11,268,1,statsbombpy,
3829454,2015-09-12,7,Ligue 1,27,2015/2016,male,Lyon,Lille,0,True,True,True,,11,372,1,statsbombpy,
3829455,2015-09-12,7,Ligue 1,27,2015/2016,male,Troyes,Stade Malherbe Caen,0,False,False,False,metadata_team_missing_from_events,0,0,1,statsbombpy,
3829456,2015-09-12,7,Ligue 1,27,2015/2016,male,Lorient,Angers,1,True,True,True,,11,421,1,statsbombpy,
3829457,2015-09-12,7,Ligue 1,27,2015/2016,male,Montpellier,Saint-Étienne,0,True,True,True,,11,296,1,statsbombpy,
3829458,2015-09-12,7,Ligue 1,27,2015/2016,male,Toulouse,Stade de Reims,0,True,True,True,,11,338,1,statsbombpy,
3829459,2015-09-12,7,Ligue 1,27,2015/2016,male,OGC Nice,Guingamp,0,True,True,True,,11,534,1,statsbombpy,
3878592,2015-09-12,12,Serie A,27,2015/2016,male,Fiorentina,Genoa,1,True,False,False,insufficient_rolling_history,11,331,1,statsbombpy,
3878593,2015-09-12,12,Serie A,27,2015/2016,male,Frosinone,AS Roma,0,True,False,False,insufficient_rolling_history,11,223,1,statsbombpy,
3878594,2015-09-12,12,Serie A,27,2015/2016,male,Juventus,Chievo,0,True,False,False,insufficient_rolling_history,11,508,1,statsbombpy,
3890288,2015-09-12,9,1. Bundesliga,27,2015/2016,male,Bayer Leverkusen,Darmstadt 98,0,True,False,False,insufficient_rolling_history,11,417,1,statsbombpy,
3754106,2015-09-13,2,Premier League,27,2015/2016,male,Leicester City,Aston Villa,1,True,True,True,,11,270,1,statsbombpy,
3754148,2015-09-13,2,Premier League,27,2015/2016,male,Sunderland,Tottenham Hotspur,0,True,True,True,,11,216,1,statsbombpy,
3825584,2015-09-13,11,La Liga,27,2015/2016,male,Granada,Villarreal,0,True,True,True,,11,281,1,statsbombpy,
3825585,2015-09-13,11,La Liga,27,2015/2016,male,Celta Vigo,Las Palmas,0,True,False,False,insufficient_rolling_history,11,593,1,statsbombpy,
3825586,2015-09-13,11,La Liga,27,2015/2016,male,Málaga,Eibar,0,True,True,True,,11,285,1,statsbombpy,
3825587,2015-09-13,11,La Liga,27,2015/2016,male,Athletic Club,Getafe,1,True,True,True,,11,346,1,statsbombpy,
3829460,2015-09-13,7,Ligue 1,27,2015/2016,male,Nantes,Rennes,0,True,True,True,,11,262,1,statsbombpy,
3829461,2015-09-13,7,Ligue 1,27,2015/2016,male,Olympique de Marseille,Bastia,1,True,False,False,insufficient_rolling_history,11,445,1,statsbombpy,
3829462,2015-09-13,7,Ligue 1,27,2015/2016,male,Gazélec Ajaccio,AS Monaco,0,True,True,True,,11,263,1,statsbombpy,
3878595,2015-09-13,12,Serie A,27,2015/2016,male,Lazio,Udinese,1,True,False,False,insufficient_rolling_history,11,386,1,statsbombpy,
3878596,2015-09-13,12,Serie A,27,2015/2016,male,Hellas Verona,Torino,0,True,False,False,insufficient_rolling_history,11,356,1,statsbombpy,
3878597,2015-09-13,12,Serie A,27,2015/2016,male,Empoli,Napoli,0,True,False,False,insufficient_rolling_history,11,320,1,statsbombpy,
3878598,2015-09-13,12,Serie A,27,2015/2016,male,Palermo,Carpi,0,True,False,False,insufficient_rolling_history,11,391,1,statsbombpy,
3878599,2015-09-13,12,Serie A,27,2015/2016,male,Sassuolo,Atalanta,0,True,False,False,insufficient_rolling_history,11,407,1,statsbombpy,
3878600,2015-09-13,12,Serie A,27,2015/2016,male,Inter Milan,AC Milan,1,True,False,False,insufficient_rolling_history,11,284,1,statsbombpy,
3754329,2015-09-14,2,Premier League,27,2015/2016,male,West Ham United,Newcastle United,1,True,True,True,,11,226,1,statsbombpy,
3825588,2015-09-14,11,La Liga,27,2015/2016,male,Rayo Vallecano,RC Deportivo La Coruña,0,True,True,True,,11,467,1,statsbombpy,
3878601,2015-09-14,12,Serie A,27,2015/2016,male,Sampdoria,Bologna,1,True,False,False,insufficient_rolling_history,11,426,1,statsbombpy,
3825589,2015-09-18,11,La Liga,27,2015/2016,male,Getafe,Málaga,1,True,True,True,,11,213,1,statsbombpy,
3829463,2015-09-18,7,Ligue 1,27,2015/2016,male,Rennes,Lille,0,True,True,True,,11,223,1,statsbombpy,
3754010,2015-09-19,2,Premier League,27,2015/2016,male,Newcastle United,Watford,0,True,True,True,,11,410,1,statsbombpy,
3754068,2015-09-19,2,Premier League,27,2015/2016,male,Aston Villa,West Bromwich Albion,0,True,True,True,,11,341,1,statsbombpy,
3754077,2015-09-19,2,Premier League,27,2015/2016,male,Manchester City,West Ham United,0,True,True,True,,11,585,1,statsbombpy,
3754146,2015-09-19,2,Premier League,27,2015/2016,male,Stoke City,Leicester City,0,True,True,True,,11,305,1,statsbombpy,
3754169,2015-09-19,2,Premier League,27,2015/2016,male,AFC Bournemouth,Sunderland,1,True,True,True,,11,361,1,statsbombpy,
3754217,2015-09-19,2,Premier League,27,2015/2016,male,Chelsea,Arsenal,1,True,True,True,,11,502,1,statsbombpy,
3754298,2015-09-19,2,Premier League,27,2015/2016,male,Swansea City,Everton,0,True,True,True,,11,316,1,statsbombpy,
3825590,2015-09-19,11,La Liga,27,2015/2016,male,Real Madrid,Granada,1,True,True,True,,11,530,1,statsbombpy,
3825591,2015-09-19,11,La Liga,27,2015/2016,male,Valencia,Real Betis,0,True,True,True,,11,451,1,statsbombpy,
3825592,2015-09-19,11,La Liga,27,2015/2016,male,Real Sociedad,Espanyol,0,True,True,True,,11,321,1,statsbombpy,
3825593,2015-09-19,11,La Liga,27,2015/2016,male,Eibar,Atlético Madrid,0,True,True,True,,11,338,1,statsbombpy,
3829464,2015-09-19,7,Ligue 1,27,2015/2016,male,Bastia,OGC Nice,0,True,True,True,,11,286,1,statsbombpy,
3829465,2015-09-19,7,Ligue 1,27,2015/2016,male,Stade de Reims,Paris Saint-Germain,0,True,True,True,,11,210,1,statsbombpy,
3829466,2015-09-19,7,Ligue 1,27,2015/2016,male,Angers,Troyes,1,True,True,True,,11,204,1,statsbombpy,
3829467,2015-09-19,7,Ligue 1,27,2015/2016,male,Stade Malherbe Caen,Montpellier,1,True,True,True,,11,232,1,statsbombpy,
3829468,2015-09-19,7,Ligue 1,27,2015/2016,male,Guingamp,Gazélec Ajaccio,1,True,True,True,,11,428,1,statsbombpy,
3878602,2015-09-19,12,Serie A,27,2015/2016,male,AC Milan,Palermo,1,True,True,True,,11,334,1,statsbombpy,
3878603,2015-09-19,12,Serie A,27,2015/2016,male,Udinese,Empoli,0,True,True,True,,11,228,1,statsbombpy,
266490,2015-09-20,11,La Liga,27,2015/2016,male,Barcelona,Levante UD,1,True,True,True,,11,601,1,statsbombpy,
3754011,2015-09-20,2,Premier League,27,2015/2016,male,Southampton,Manchester United,0,True,True,True,,11,259,1,statsbombpy,
3754040,2015-09-20,2,Premier League,27,2015/2016,male,Liverpool,Norwich City,0,True,True,True,,11,438,1,statsbombpy,
3754222,2015-09-20,2,Premier League,27,2015/2016,male,Tottenham Hotspur,Crystal Palace,1,True,True,True,,11,360,1,statsbombpy,
3825594,2015-09-20,11,La Liga,27,2015/2016,male,Sevilla,Celta Vigo,0,True,True,True,,11,239,1,statsbombpy,
3825595,2015-09-20,11,La Liga,27,2015/2016,male,Villarreal,Athletic Club,1,True,True,True,,11,244,1,statsbombpy,
3825596,2015-09-20,11,La Liga,27,2015/2016,male,RC Deportivo La Coruña,Sporting Gijón,0,True,True,True,,11,387,1,statsbombpy,
3825597,2015-09-20,11,La Liga,27,2015/2016,male,Las Palmas,Rayo Vallecano,0,True,True,True,,11,251,1,statsbombpy,
3829469,2015-09-20,7,Ligue 1,27,2015/2016,male,AS Monaco,Lorient,0,True,True,True,,11,435,1,statsbombpy,
3829470,2015-09-20,7,Ligue 1,27,2015/2016,male,Saint-Étienne,Nantes,1,True,True,True,,11,312,1,statsbombpy,
3829471,2015-09-20,7,Ligue 1,27,2015/2016,male,Bordeaux,Toulouse,0,True,True,True,,11,349,1,statsbombpy,
3829472,2015-09-20,7,Ligue 1,27,2015/2016,male,Olympique de Marseille,Lyon,0,True,True,True,,11,316,1,statsbombpy,
3878604,2015-09-20,12,Serie A,27,2015/2016,male,Napoli,Lazio,1,True,True,True,,11,523,1,statsbombpy,
3878605,2015-09-20,12,Serie A,27,2015/2016,male,Carpi,Fiorentina,0,True,True,True,,11,236,1,statsbombpy,
3878606,2015-09-20,12,Serie A,27,2015/2016,male,Torino,Sampdoria,1,True,True,True,,11,376,1,statsbombpy,
3878607,2015-09-20,12,Serie A,27,2015/2016,male,AS Roma,Sassuolo,0,True,True,True,,11,448,1,statsbombpy,
3878608,2015-09-20,12,Serie A,27,2015/2016,male,Bologna,Frosinone,1,True,True,True,,11,221,1,statsbombpy,
3878609,2015-09-20,12,Serie A,27,2015/2016,male,Genoa,Juventus,0,True,True,True,,11,329,1,statsbombpy,
3878610,2015-09-20,12,Serie A,27,2015/2016,male,Atalanta,Hellas Verona,0,True,True,True,,11,287,1,statsbombpy,
3878611,2015-09-20,12,Serie A,27,2015/2016,male,Chievo,Inter Milan,0,True,True,True,,11,260,1,statsbombpy,
3890301,2015-09-20,9,1. Bundesliga,27,2015/2016,male,Borussia Dortmund,Bayer Leverkusen,1,True,False,False,insufficient_rolling_history,11,417,1,statsbombpy,
3825598,2015-09-22,11,La Liga,27,2015/2016,male,Atlético Madrid,Getafe,1,True,True,True,,11,365,1,statsbombpy,
3825599,2015-09-22,11,La Liga,27,2015/2016,male,Espanyol,Valencia,1,True,True,True,,11,284,1,statsbombpy,
3825892,2015-09-22,11,La Liga,27,2015/2016,male,Granada,Real Sociedad,0,True,True,True,,11,244,1,statsbombpy,
3829473,2015-09-22,7,Ligue 1,27,2015/2016,male,Paris Saint-Germain,Guingamp,1,True,True,True,,11,687,1,statsbombpy,
3829474,2015-09-22,7,Ligue 1,27,2015/2016,male,Angers,Stade de Reims,0,True,True,True,,11,334,1,statsbombpy,
3879537,2015-09-22,12,Serie A,27,2015/2016,male,Udinese,AC Milan,0,True,True,True,,11,269,1,statsbombpy,
266467,2015-09-23,11,La Liga,27,2015/2016,male,Celta Vigo,Barcelona,1,True,True,True,,11,296,1,statsbombpy,
3825600,2015-09-23,11,La Liga,27,2015/2016,male,Málaga,Villarreal,0,True,True,True,,11,366,1,statsbombpy,
3825601,2015-09-23,11,La Liga,27,2015/2016,male,Rayo Vallecano,Sporting Gijón,1,True,True,True,,11,357,1,statsbombpy,
3825602,2015-09-23,11,La Liga,27,2015/2016,male,Athletic Club,Real Madrid,0,True,True,True,,11,342,1,statsbombpy,
3825848,2015-09-23,11,La Liga,27,2015/2016,male,Levante UD,Eibar,0,True,True,True,,11,336,1,statsbombpy,
3825895,2015-09-23,11,La Liga,27,2015/2016,male,Las Palmas,Sevilla,1,True,True,True,,11,255,1,statsbombpy,
3829475,2015-09-23,7,Ligue 1,27,2015/2016,male,OGC Nice,Bordeaux,1,True,True,True,,11,422,1,statsbombpy,
3829476,2015-09-23,7,Ligue 1,27,2015/2016,male,Lyon,Bastia,1,True,True,True,,11,535,1,statsbombpy,
3829477,2015-09-23,7,Ligue 1,27,2015/2016,male,Toulouse,Olympique de Marseille,0,False,False,False,metadata_team_missing_from_events,0,0,1,statsbombpy,
3829478,2015-09-23,7,Ligue 1,27,2015/2016,male,Gazélec Ajaccio,Rennes,0,True,True,True,,11,335,1,statsbombpy,
3829479,2015-09-23,7,Ligue 1,27,2015/2016,male,Lorient,Stade Malherbe Caen,1,False,False,False,metadata_team_missing_from_events,0,0,1,statsbombpy,
3829480,2015-09-23,7,Ligue 1,27,2015/2016,male,Troyes,Saint-Étienne,0,True,True,True,,11,274,1,statsbombpy,
3879538,2015-09-23,12,Serie A,27,2015/2016,male,Lazio,Genoa,1,True,True,True,,11,380,1,statsbombpy,
3879539,2015-09-23,12,Serie A,27,2015/2016,male,Carpi,Napoli,0,True,True,True,,11,174,1,statsbombpy,
3879540,2015-09-23,12,Serie A,27,2015/2016,male,Chievo,Torino,1,True,True,True,,11,324,1,statsbombpy,
3879541,2015-09-23,12,Serie A,27,2015/2016,male,Fiorentina,Bologna,1,True,True,True,,11,574,1,statsbombpy,
3879542,2015-09-23,12,Serie A,27,2015/2016,male,Inter Milan,Hellas Verona,1,True,True,True,,11,454,1,statsbombpy,
3879543,2015-09-23,12,Serie A,27,2015/2016,male,Juventus,Frosinone,0,True,True,True,,11,462,1,statsbombpy,
3879544,2015-09-23,12,Serie A,27,2015/2016,male,Palermo,Sassuolo,0,True,True,True,,11,310,1,statsbombpy,
3879545,2015-09-23,12,Serie A,27,2015/2016,male,Sampdoria,AS Roma,1,True,True,True,,11,157,1,statsbombpy,
3890312,2015-09-23,9,1. Bundesliga,27,2015/2016,male,Bayer Leverkusen,FSV Mainz 05,1,True,False,False,insufficient_rolling_history,11,467,1,statsbombpy,
3825603,2015-09-24,11,La Liga,27,2015/2016,male,Real Betis,RC Deportivo La Coruña,0,True,True,True,,11,380,1,statsbombpy,
3829481,2015-09-24,7,Ligue 1,27,2015/2016,male,Montpellier,AS Monaco,0,True,True,True,,11,289,1,statsbombpy,
3879546,2015-09-24,12,Serie A,27,2015/2016,male,Empoli,Atalanta,0,True,True,True,,11,358,1,statsbombpy,
3825604,2015-09-25,11,La Liga,27,2015/2016,male,Valencia,Granada,1,True,True,True,,11,244,1,statsbombpy,
3829482,2015-09-25,7,Ligue 1,27,2015/2016,male,Stade de Reims,Lille,1,True,True,True,,11,170,1,statsbombpy,
267611,2015-09-26,11,La Liga,27,2015/2016,male,Barcelona,Las Palmas,1,True,True,True,,11,550,1,statsbombpy,
3753978,2015-09-26,2,Premier League,27,2015/2016,male,Southampton,Swansea City,1,True,True,True,,11,304,1,statsbombpy,
3754001,2015-09-26,2,Premier League,27,2015/2016,male,Newcastle United,Chelsea,0,True,True,True,,11,198,1,statsbombpy,
3754008,2015-09-26,2,Premier League,27,2015/2016,male,Manchester United,Sunderland,1,True,True,True,,11,470,1,statsbombpy,
3754174,2015-09-26,2,Premier League,27,2015/2016,male,Leicester City,Arsenal,0,True,True,True,,11,262,1,statsbombpy,
3754197,2015-09-26,2,Premier League,27,2015/2016,male,Tottenham Hotspur,Manchester City,1,True,True,True,,11,301,1,statsbombpy,
3754212,2015-09-26,2,Premier League,27,2015/2016,male,Liverpool,Aston Villa,1,True,True,True,,11,516,1,statsbombpy,
3754323,2015-09-26,2,Premier League,27,2015/2016,male,West Ham United,Norwich City,0,True,True,True,,11,256,1,statsbombpy,
3754339,2015-09-26,2,Premier League,27,2015/2016,male,Stoke City,AFC Bournemouth,1,True,True,True,,11,275,1,statsbombpy,
3825605,2015-09-26,11,La Liga,27,2015/2016,male,Sevilla,Rayo Vallecano,1,True,True,True,,11,313,1,statsbombpy,
3825606,2015-09-26,11,La Liga,27,2015/2016,male,Real Madrid,Málaga,0,True,True,True,,11,583,1,statsbombpy,
3825607,2015-09-26,11,La Liga,27,2015/2016,male,Villarreal,Atlético Madrid,1,True,True,True,,11,379,1,statsbombpy,
3825608,2015-09-26,11,La Liga,27,2015/2016,male,Eibar,Celta Vigo,0,True,True,True,,11,190,1,statsbombpy,
3829483,2015-09-26,7,Ligue 1,27,2015/2016,male,Nantes,Paris Saint-Germain,0,True,True,True,,11,175,1,statsbombpy,
3829484,2015-09-26,7,Ligue 1,27,2015/2016,male,Bordeaux,Lyon,1,True,True,True,,11,372,1,statsbombpy,
3829485,2015-09-26,7,Ligue 1,27,2015/2016,male,Rennes,Troyes,0,True,True,True,,11,357,1,statsbombpy,
3829486,2015-09-26,7,Ligue 1,27,2015/2016,male,Bastia,Toulouse,1,True,True,True,,11,242,1,statsbombpy,
3829487,2015-09-26,7,Ligue 1,27,2015/2016,male,Stade Malherbe Caen,Gazélec Ajaccio,1,True,True,True,,11,267,1,statsbombpy,
3879547,2015-09-26,12,Serie A,27,2015/2016,male,AS Roma,Carpi,1,True,True,True,,11,587,1,statsbombpy,
3879548,2015-09-26,12,Serie A,27,2015/2016,male,Napoli,Juventus,1,True,True,True,,11,441,1,statsbombpy,
3890315,2015-09-26,9,1. Bundesliga,27,2015/2016,male,Werder Bremen,Bayer Leverkusen,0,True,False,False,insufficient_rolling_history,11,154,1,statsbombpy,
3754266,2015-09-27,2,Premier League,27,2015/2016,male,Watford,Crystal Palace,0,True,True,True,,11,266,1,statsbombpy,
3825609,2015-09-27,11,La Liga,27,2015/2016,male,Real Sociedad,Athletic Club,0,True,True,True,,11,244,1,statsbombpy,
3825610,2015-09-27,11,La Liga,27,2015/2016,male,Sporting Gijón,Real Betis,0,True,True,True,,11,395,1,statsbombpy,
3825611,2015-09-27,11,La Liga,27,2015/2016,male,RC Deportivo La Coruña,Espanyol,1,True,True,True,,11,273,1,statsbombpy,
3825612,2015-09-27,11,La Liga,27,2015/2016,male,Getafe,Levante UD,1,True,True,True,,11,398,1,statsbombpy,
3829488,2015-09-27,7,Ligue 1,27,2015/2016,male,Guingamp,AS Monaco,0,True,True,True,,11,244,1,statsbombpy,
3829489,2015-09-27,7,Ligue 1,27,2015/2016,male,Montpellier,Lorient,1,True,True,True,,11,213,1,statsbombpy,
3829490,2015-09-27,7,Ligue 1,27,2015/2016,male,Saint-Étienne,OGC Nice,0,True,True,True,,11,295,1,statsbombpy,
3829491,2015-09-27,7,Ligue 1,27,2015/2016,male,Olympique de Marseille,Angers,0,True,True,True,,11,489,1,statsbombpy,
3879549,2015-09-27,12,Serie A,27,2015/2016,male,Genoa,AC Milan,1,True,True,True,,11,280,1,statsbombpy,
3879550,2015-09-27,12,Serie A,27,2015/2016,male,Inter Milan,Fiorentina,0,True,True,True,,11,252,1,statsbombpy,
3879551,2015-09-27,12,Serie A,27,2015/2016,male,Hellas Verona,Lazio,0,True,True,True,,11,189,1,statsbombpy,
3879552,2015-09-27,12,Serie A,27,2015/2016,male,Bologna,Udinese,0,True,True,True,,11,323,1,statsbombpy,
3879553,2015-09-27,12,Serie A,27,2015/2016,male,Sassuolo,Chievo,0,True,True,True,,11,332,1,statsbombpy,
3879554,2015-09-27,12,Serie A,27,2015/2016,male,Torino,Palermo,1,True,True,True,,11,371,1,statsbombpy,
3754105,2015-09-28,2,Premier League,27,2015/2016,male,West Bromwich Albion,Everton,0,True,True,True,,11,290,1,statsbombpy,
3879555,2015-09-28,12,Serie A,27,2015/2016,male,Atalanta,Sampdoria,1,True,True,True,,11,266,1,statsbombpy,
3879556,2015-09-28,12,Serie A,27,2015/2016,male,Frosinone,Empoli,1,True,True,True,,11,184,1,statsbombpy,
3829492,2015-09-29,7,Ligue 1,27,2015/2016,male,Lille,Nantes,0,True,True,True,,11,387,1,statsbombpy,
3825613,2015-10-02,11,La Liga,27,2015/2016,male,Celta Vigo,Getafe,0,True,True,True,,11,467,1,statsbombpy,
3829493,2015-10-02,7,Ligue 1,27,2015/2016,male,Lille,Montpellier,1,True,True,True,,11,318,1,statsbombpy,
3753995,2015-10-03,2,Premier League,27,2015/2016,male,Chelsea,Southampton,0,True,True,True,,11,409,1,statsbombpy,
3754076,2015-10-03,2,Premier League,27,2015/2016,male,Sunderland,West Ham United,0,True,True,True,,11,301,1,statsbombpy,
3754079,2015-10-03,2,Premier League,27,2015/2016,male,Manchester City,Newcastle United,1,True,True,True,,11,470,1,statsbombpy,
3754099,2015-10-03,2,Premier League,27,2015/2016,male,Crystal Palace,West Bromwich Albion,1,True,True,True,,11,372,1,statsbombpy,
3754278,2015-10-03,2,Premier League,27,2015/2016,male,AFC Bournemouth,Watford,0,True,True,True,,11,400,1,statsbombpy,
3754330,2015-10-03,2,Premier League,27,2015/2016,male,Aston Villa,Stoke City,0,True,True,True,,11,373,1,statsbombpy,
3754335,2015-10-03,2,Premier League,27,2015/2016,male,Norwich City,Leicester City,0,True,True,True,,11,389,1,statsbombpy,
3825614,2015-10-03,11,La Liga,27,2015/2016,male,Granada,RC Deportivo La Coruña,0,True,True,True,,11,260,1,statsbombpy,
3825615,2015-10-03,11,La Liga,27,2015/2016,male,Espanyol,Sporting Gijón,0,True,True,True,,11,402,1,statsbombpy,
3825616,2015-10-03,11,La Liga,27,2015/2016,male,Málaga,Real Sociedad,1,True,True,True,,11,227,1,statsbombpy,
3825617,2015-10-03,11,La Liga,27,2015/2016,male,Sevilla,Barcelona,1,True,True,True,,11,217,1,statsbombpy,
3825618,2015-10-03,11,La Liga,27,2015/2016,male,Las Palmas,Eibar,0,True,True,True,,11,424,1,statsbombpy,
3829494,2015-10-03,7,Ligue 1,27,2015/2016,male,Gazélec Ajaccio,Toulouse,0,True,True,True,,11,300,1,statsbombpy,
3829495,2015-10-03,7,Ligue 1,27,2015/2016,male,Lyon,Stade de Reims,1,True,True,True,,11,460,1,statsbombpy,
3829496,2015-10-03,7,Ligue 1,27,2015/2016,male,Angers,Bastia,1,True,True,True,,11,388,1,statsbombpy,
3829497,2015-10-03,7,Ligue 1,27,2015/2016,male,Troyes,Guingamp,0,True,True,True,,11,290,1,statsbombpy,
3879557,2015-10-03,12,Serie A,27,2015/2016,male,Chievo,Hellas Verona,0,True,True,True,,11,330,1,statsbombpy,
3879558,2015-10-03,12,Serie A,27,2015/2016,male,Carpi,Torino,1,True,True,True,,11,294,1,statsbombpy,
3754060,2015-10-04,2,Premier League,27,2015/2016,male,Everton,Liverpool,0,True,True,True,,11,305,1,statsbombpy,
3754074,2015-10-04,2,Premier League,27,2015/2016,male,Swansea City,Tottenham Hotspur,0,True,True,True,,11,318,1,statsbombpy,
3754171,2015-10-04,2,Premier League,27,2015/2016,male,Arsenal,Manchester United,1,True,True,True,,11,316,1,statsbombpy,
3825619,2015-10-04,11,La Liga,27,2015/2016,male,Levante UD,Villarreal,1,True,True,True,,11,269,1,statsbombpy,
3825620,2015-10-04,11,La Liga,27,2015/2016,male,Rayo Vallecano,Real Betis,0,True,True,True,,11,417,1,statsbombpy,
3825621,2015-10-04,11,La Liga,27,2015/2016,male,Atlético Madrid,Real Madrid,0,True,True,True,,11,371,1,statsbombpy,
3825622,2015-10-04,11,La Liga,27,2015/2016,male,Athletic Club,Valencia,1,True,True,True,,11,358,1,statsbombpy,
3829498,2015-10-04,7,Ligue 1,27,2015/2016,male,Lorient,Bordeaux,1,True,True,True,,11,299,1,statsbombpy,
3829499,2015-10-04,7,Ligue 1,27,2015/2016,male,Stade Malherbe Caen,Saint-Étienne,1,True,True,True,,11,186,1,statsbombpy,
3829500,2015-10-04,7,Ligue 1,27,2015/2016,male,Paris Saint-Germain,Olympique de Marseille,1,False,False,False,metadata_team_missing_from_events,0,0,1,statsbombpy,
3829501,2015-10-04,7,Ligue 1,27,2015/2016,male,AS Monaco,Rennes,0,True,True,True,,11,363,1,statsbombpy,
3879559,2015-10-04,12,Serie A,27,2015/2016,male,Juventus,Bologna,1,True,True,True,,11,595,1,statsbombpy,
3879560,2015-10-04,12,Serie A,27,2015/2016,male,Lazio,Frosinone,1,True,True,True,,11,373,1,statsbombpy,
3879561,2015-10-04,12,Serie A,27,2015/2016,male,Fiorentina,Atalanta,1,True,True,True,,11,526,1,statsbombpy,
3879562,2015-10-04,12,Serie A,27,2015/2016,male,AC Milan,Napoli,0,True,True,True,,11,302,1,statsbombpy,
3879563,2015-10-04,12,Serie A,27,2015/2016,male,Empoli,Sassuolo,1,True,True,True,,11,352,1,statsbombpy,
3879564,2015-10-04,12,Serie A,27,2015/2016,male,Palermo,AS Roma,0,True,True,True,,11,269,1,statsbombpy,
3879565,2015-10-04,12,Serie A,27,2015/2016,male,Sampdoria,Inter Milan,0,True,True,True,,11,221,1,statsbombpy,
3879566,2015-10-04,12,Serie A,27,2015/2016,male,Udinese,Genoa,0,True,True,True,,11,187,1,statsbombpy,
3890330,2015-10-04,9,1. Bundesliga,27,2015/2016,male,Bayer Leverkusen,Augsburg,0,True,False,False,insufficient_rolling_history,11,449,1,statsbombpy,
3829502,2015-10-16,7,Ligue 1,27,2015/2016,male,AS Monaco,Lyon,0,True,True,True,,11,203,1,statsbombpy,
3753999,2015-10-17,2,Premier League,27,2015/2016,male,Watford,Arsenal,0,True,True,True,,11,211,1,statsbombpy,
3754067,2015-10-17,2,Premier League,27,2015/2016,male,Crystal Palace,West Ham United,0,True,True,True,,11,226,1,statsbombpy,
3754115,2015-10-17,2,Premier League,27,2015/2016,male,Chelsea,Aston Villa,1,True,True,True,,11,281,1,statsbombpy,
3754193,2015-10-17,2,Premier League,27,2015/2016,male,Manchester City,AFC Bournemouth,1,True,True,True,,11,431,1,statsbombpy,
3754198,2015-10-17,2,Premier League,27,2015/2016,male,Tottenham Hotspur,Liverpool,0,True,True,True,,11,325,1,statsbombpy,
3754245,2015-10-17,2,Premier League,27,2015/2016,male,West Bromwich Albion,Sunderland,1,True,True,True,,11,346,1,statsbombpy,
3754256,2015-10-17,2,Premier League,27,2015/2016,male,Everton,Manchester United,0,True,True,True,,11,364,1,statsbombpy,
3754302,2015-10-17,2,Premier League,27,2015/2016,male,Southampton,Leicester City,0,True,True,True,,11,267,1,statsbombpy,
3825623,2015-10-17,11,La Liga,27,2015/2016,male,Valencia,Málaga,1,True,True,True,,11,320,1,statsbombpy,
3825624,2015-10-17,11,La Liga,27,2015/2016,male,Eibar,Sevilla,0,True,True,True,,11,212,1,statsbombpy,
3825625,2015-10-17,11,La Liga,27,2015/2016,male,Real Madrid,Levante UD,1,True,True,True,,11,438,1,statsbombpy,
3825626,2015-10-17,11,La Liga,27,2015/2016,male,Real Betis,Espanyol,0,True,True,True,,11,360,1,statsbombpy,
3825627,2015-10-17,11,La Liga,27,2015/2016,male,Barcelona,Rayo Vallecano,1,True,True,True,,11,347,1,statsbombpy,
3829503,2015-10-17,7,Ligue 1,27,2015/2016,male,Nantes,Troyes,1,True,True,True,,11,363,1,statsbombpy,
3829504,2015-10-17,7,Ligue 1,27,2015/2016,male,Bastia,Paris Saint-Germain,0,True,True,True,,11,218,1,statsbombpy,
3829505,2015-10-17,7,Ligue 1,27,2015/2016,male,Saint-Étienne,Gazélec Ajaccio,1,True,True,True,,11,450,1,statsbombpy,
3829506,2015-10-17,7,Ligue 1,27,2015/2016,male,Guingamp,Lille,0,True,True,True,,11,176,1,statsbombpy,
3829507,2015-10-17,7,Ligue 1,27,2015/2016,male,Toulouse,Angers,0,True,True,True,,11,527,1,statsbombpy,
3829508,2015-10-17,7,Ligue 1,27,2015/2016,male,Stade de Reims,Stade Malherbe Caen,0,False,False,False,metadata_team_missing_from_events,0,0,1,statsbombpy,
3879567,2015-10-17,12,Serie A,27,2015/2016,male,AS Roma,Empoli,1,True,True,True,,11,444,1,statsbombpy,
3879568,2015-10-17,12,Serie A,27,2015/2016,male,Torino,AC Milan,0,True,True,True,,11,276,1,statsbombpy,
3890337,2015-10-17,9,1. Bundesliga,27,2015/2016,male,Hamburger SV,Bayer Leverkusen,0,True,False,False,insufficient_rolling_history,11,237,1,statsbombpy,
3754102,2015-10-18,2,Premier League,27,2015/2016,male,Newcastle United,Norwich City,1,True,True,True,,11,273,1,statsbombpy,
3825628,2015-10-18,11,La Liga,27,2015/2016,male,Getafe,Las Palmas,1,True,True,True,,11,297,1,statsbombpy,
3825629,2015-10-18,11,La Liga,27,2015/2016,male,Villarreal,Celta Vigo,0,True,True,True,,11,186,1,statsbombpy,
3825630,2015-10-18,11,La Liga,27,2015/2016,male,RC Deportivo La Coruña,Athletic Club,0,True,True,True,,11,348,1,statsbombpy,
3825631,2015-10-18,11,La Liga,27,2015/2016,male,Real Sociedad,Atlético Madrid,0,True,True,True,,11,427,1,statsbombpy,
3829509,2015-10-18,7,Ligue 1,27,2015/2016,male,Olympique de Marseille,Lorient,0,True,True,True,,11,440,1,statsbombpy,
3829510,2015-10-18,7,Ligue 1,27,2015/2016,male,Rennes,OGC Nice,0,True,True,True,,11,310,1,statsbombpy,
3829511,2015-10-18,7,Ligue 1,27,2015/2016,male,Bordeaux,Montpellier,0,True,True,True,,11,376,1,statsbombpy,
3879569,2015-10-18,12,Serie A,27,2015/2016,male,Bologna,Palermo,0,True,True,True,,11,420,1,statsbombpy,
3879570,2015-10-18,12,Serie A,27,2015/2016,male,Genoa,Chievo,1,True,True,True,,11,246,1,statsbombpy,
3879571,2015-10-18,12,Serie A,27,2015/2016,male,Atalanta,Carpi,1,True,True,True,,11,393,1,statsbombpy,
3879572,2015-10-18,12,Serie A,27,2015/2016,male,Napoli,Fiorentina,1,True,True,True,,11,382,1,statsbombpy,
3879573,2015-10-18,12,Serie A,27,2015/2016,male,Sassuolo,Lazio,1,True,True,True,,11,272,1,statsbombpy,
3879574,2015-10-18,12,Serie A,27,2015/2016,male,Inter Milan,Juventus,0,True,True,True,,11,352,1,statsbombpy,
3879575,2015-10-18,12,Serie A,27,2015/2016,male,Hellas Verona,Udinese,0,True,True,True,,11,356,1,statsbombpy,
3879576,2015-10-18,12,Serie A,27,2015/2016,male,Frosinone,Sampdoria,1,True,True,True,,11,205,1,statsbombpy,
3754269,2015-10-19,2,Premier League,27,2015/2016,male,Swansea City,Stoke City,0,True,True,True,,11,442,1,statsbombpy,
3825632,2015-10-19,11,La Liga,27,2015/2016,male,Sporting Gijón,Granada,0,True,True,True,,11,370,1,statsbombpy,
3825633,2015-10-23,11,La Liga,27,2015/2016,male,Rayo Vallecano,Espanyol,1,True,True,True,,11,466,1,statsbombpy,
3829512,2015-10-23,7,Ligue 1,27,2015/2016,male,Lyon,Toulouse,1,True,True,True,,11,504,1,statsbombpy,
3829513,2015-10-23,7,Ligue 1,27,2015/2016,male,Stade Malherbe Caen,Nantes,0,True,True,True,,11,276,1,statsbombpy,
3754017,2015-10-24,2,Premier League,27,2015/2016,male,Aston Villa,Swansea City,0,True,True,True,,11,285,1,statsbombpy,
3754091,2015-10-24,2,Premier League,27,2015/2016,male,Stoke City,Watford,0,True,True,True,,11,420,1,statsbombpy,
3754126,2015-10-24,2,Premier League,27,2015/2016,male,Arsenal,Everton,1,True,True,True,,11,462,1,statsbombpy,
3754133,2015-10-24,2,Premier League,27,2015/2016,male,Norwich City,West Bromwich Albion,0,True,True,True,,11,409,1,statsbombpy,
3754263,2015-10-24,2,Premier League,27,2015/2016,male,Leicester City,Crystal Palace,1,True,True,True,,11,338,1,statsbombpy,
3754288,2015-10-24,2,Premier League,27,2015/2016,male,West Ham United,Chelsea,1,True,True,True,,11,307,1,statsbombpy,
3825634,2015-10-24,11,La Liga,27,2015/2016,male,Granada,Real Betis,0,True,True,True,,11,182,1,statsbombpy,
3825635,2015-10-24,11,La Liga,27,2015/2016,male,Celta Vigo,Real Madrid,0,True,True,True,,11,406,1,statsbombpy,
3825636,2015-10-24,11,La Liga,27,2015/2016,male,Málaga,RC Deportivo La Coruña,1,True,True,True,,11,342,1,statsbombpy,
3825874,2015-10-24,11,La Liga,27,2015/2016,male,Sevilla,Getafe,1,True,True,True,,11,360,1,statsbombpy,
3829514,2015-10-24,7,Ligue 1,27,2015/2016,male,Angers,Guingamp,0,True,True,True,,11,326,1,statsbombpy,
3829515,2015-10-24,7,Ligue 1,27,2015/2016,male,Montpellier,Bastia,1,True,True,True,,11,342,1,statsbombpy,
3829516,2015-10-24,7,Ligue 1,27,2015/2016,male,Lorient,Rennes,0,True,True,True,,11,341,1,statsbombpy,
3829517,2015-10-24,7,Ligue 1,27,2015/2016,male,Gazélec Ajaccio,OGC Nice,1,True,True,True,,11,241,1,statsbombpy,
3879577,2015-10-24,12,Serie A,27,2015/2016,male,Empoli,Genoa,1,True,True,True,,11,277,1,statsbombpy,
3879578,2015-10-24,12,Serie A,27,2015/2016,male,Carpi,Bologna,0,True,True,True,,11,293,1,statsbombpy,
3879579,2015-10-24,12,Serie A,27,2015/2016,male,Palermo,Inter Milan,0,True,True,True,,11,309,1,statsbombpy,
3890346,2015-10-24,9,1. Bundesliga,27,2015/2016,male,Bayer Leverkusen,VfB Stuttgart,1,True,False,False,insufficient_rolling_history,11,346,1,statsbombpy,
3754015,2015-10-25,2,Premier League,27,2015/2016,male,Manchester United,Manchester City,0,True,True,True,,11,441,1,statsbombpy,
3754119,2015-10-25,2,Premier League,27,2015/2016,male,Sunderland,Newcastle United,1,True,True,True,,11,222,1,statsbombpy,
3754230,2015-10-25,2,Premier League,27,2015/2016,male,Liverpool,Southampton,0,True,True,True,,11,460,1,statsbombpy,
3754234,2015-10-25,2,Premier League,27,2015/2016,male,AFC Bournemouth,Tottenham Hotspur,0,True,True,True,,11,310,1,statsbombpy,
3825637,2015-10-25,11,La Liga,27,2015/2016,male,Barcelona,Eibar,1,True,True,True,,11,476,1,statsbombpy,
3825638,2015-10-25,11,La Liga,27,2015/2016,male,Atlético Madrid,Valencia,1,True,True,True,,11,324,1,statsbombpy,
3825639,2015-10-25,11,La Liga,27,2015/2016,male,Las Palmas,Villarreal,0,True,True,True,,11,439,1,statsbombpy,
3825640,2015-10-25,11,La Liga,27,2015/2016,male,Levante UD,Real Sociedad,0,True,True,True,,11,248,1,statsbombpy,
3829518,2015-10-25,7,Ligue 1,27,2015/2016,male,Lille,Olympique de Marseille,0,False,False,False,metadata_team_missing_from_events,0,0,1,statsbombpy,
3829519,2015-10-25,7,Ligue 1,27,2015/2016,male,Paris Saint-Germain,Saint-Étienne,1,True,True,True,,11,716,1,statsbombpy,
3829520,2015-10-25,7,Ligue 1,27,2015/2016,male,Stade de Reims,AS Monaco,0,True,True,True,,11,407,1,statsbombpy,
3829521,2015-10-25,7,Ligue 1,27,2015/2016,male,Bordeaux,Troyes,1,True,True,True,,11,351,1,statsbombpy,
3879580,2015-10-25,12,Serie A,27,2015/2016,male,Juventus,Atalanta,1,True,True,True,,11,616,1,statsbombpy,
3879581,2015-10-25,12,Serie A,27,2015/2016,male,Chievo,Napoli,0,True,True,True,,11,229,1,statsbombpy,
3879582,2015-10-25,12,Serie A,27,2015/2016,male,Lazio,Torino,1,True,True,True,,11,438,1,statsbombpy,
3879583,2015-10-25,12,Serie A,27,2015/2016,male,Fiorentina,AS Roma,0,True,True,True,,11,558,1,statsbombpy,
3879584,2015-10-25,12,Serie A,27,2015/2016,male,Udinese,Frosinone,1,True,True,True,,11,355,1,statsbombpy,
3879585,2015-10-25,12,Serie A,27,2015/2016,male,AC Milan,Sassuolo,1,True,True,True,,11,357,1,statsbombpy,
3879586,2015-10-25,12,Serie A,27,2015/2016,male,Sampdoria,Hellas Verona,1,True,True,True,,11,315,1,statsbombpy,
3825641,2015-10-26,11,La Liga,27,2015/2016,male,Athletic Club,Sporting Gijón,1,True,True,True,,11,354,1,statsbombpy,
3879587,2015-10-27,12,Serie A,27,2015/2016,male,Bologna,Inter Milan,0,True,True,True,,11,344,1,statsbombpy,
3879588,2015-10-28,12,Serie A,27,2015/2016,male,Atalanta,Lazio,1,True,True,True,,11,256,1,statsbombpy,
3879589,2015-10-28,12,Serie A,27,2015/2016,male,Frosinone,Carpi,1,True,True,True,,11,230,1,statsbombpy,
3879590,2015-10-28,12,Serie A,27,2015/2016,male,Torino,Genoa,0,True,True,True,,11,286,1,statsbombpy,
3879591,2015-10-28,12,Serie A,27,2015/2016,male,Sassuolo,Juventus,1,True,True,True,,11,240,1,statsbombpy,
3879592,2015-10-28,12,Serie A,27,2015/2016,male,AS Roma,Udinese,1,True,True,True,,11,491,1,statsbombpy,
3879593,2015-10-28,12,Serie A,27,2015/2016,male,Napoli,Palermo,1,True,True,True,,11,671,1,statsbombpy,
3879594,2015-10-28,12,Serie A,27,2015/2016,male,AC Milan,Chievo,1,True,True,True,,11,403,1,statsbombpy,
3879595,2015-10-28,12,Serie A,27,2015/2016,male,Hellas Verona,Fiorentina,0,True,True,True,,11,295,1,statsbombpy,
3879596,2015-10-29,12,Serie A,27,2015/2016,male,Sampdoria,Empoli,0,True,True,True,,11,360,1,statsbombpy,
3825642,2015-10-30,11,La Liga,27,2015/2016,male,RC Deportivo La Coruña,Atlético Madrid,0,True,True,True,,11,373,1,statsbombpy,
3900490,2015-10-30,7,Ligue 1,27,2015/2016,male,Rennes,Paris Saint-Germain,0,True,True,True,,11,318,1,statsbombpy,
3753983,2015-10-31,2,Premier League,27,2015/2016,male,Swansea City,Arsenal,0,True,True,True,,11,465,1,statsbombpy,
3754006,2015-10-31,2,Premier League,27,2015/2016,male,West Bromwich Albion,Leicester City,0,True,True,True,,11,220,1,statsbombpy,
3754090,2015-10-31,2,Premier League,27,2015/2016,male,Newcastle United,Stoke City,0,True,True,True,,11,342,1,statsbombpy,
3754098,2015-10-31,2,Premier League,27,2015/2016,male,Chelsea,Liverpool,0,True,True,True,,11,264,1,statsbombpy,
3754167,2015-10-31,2,Premier League,27,2015/2016,male,Manchester City,Norwich City,1,True,True,True,,11,621,1,statsbombpy,
3754223,2015-10-31,2,Premier League,27,2015/2016,male,Crystal Palace,Manchester United,0,True,True,True,,11,291,1,statsbombpy,
3754273,2015-10-31,2,Premier League,27,2015/2016,male,Watford,West Ham United,1,True,True,True,,11,297,1,statsbombpy,
3825643,2015-10-31,11,La Liga,27,2015/2016,male,Real Madrid,Las Palmas,1,True,True,True,,11,519,1,statsbombpy,
3825644,2015-10-31,11,La Liga,27,2015/2016,male,Real Sociedad,Celta Vigo,0,True,True,True,,11,213,1,statsbombpy,
3825645,2015-10-31,11,La Liga,27,2015/2016,male,Getafe,Barcelona,0,True,True,True,,11,191,1,statsbombpy,
3825646,2015-10-31,11,La Liga,27,2015/2016,male,Villarreal,Sevilla,1,True,True,True,,11,308,1,statsbombpy,
3825647,2015-10-31,11,La Liga,27,2015/2016,male,Valencia,Levante UD,1,True,True,True,,11,318,1,statsbombpy,
3879597,2015-10-31,12,Serie A,27,2015/2016,male,Juventus,Torino,1,True,True,True,,11,505,1,statsbombpy,
3879598,2015-10-31,12,Serie A,27,2015/2016,male,Inter Milan,AS Roma,1,True,True,True,,11,250,1,statsbombpy,
3890350,2015-10-31,9,1. Bundesliga,27,2015/2016,male,Wolfsburg,Bayer Leverkusen,1,True,False,False,insufficient_rolling_history,11,305,1,statsbombpy,
3900491,2015-10-31,7,Ligue 1,27,2015/2016,male,Saint-Étienne,Stade de Reims,1,True,True,True,,11,352,1,statsbombpy,
3900492,2015-10-31,7,Ligue 1,27,2015/2016,male,Guingamp,Lorient,0,True,True,True,,11,213,1,statsbombpy,
3900493,2015-10-31,7,Ligue 1,27,2015/2016,male,Troyes,Lyon,0,True,True,True,,11,211,1,statsbombpy,
3900494,2015-10-31,7,Ligue 1,27,2015/2016,male,Gazélec Ajaccio,Bordeaux,1,True,True,True,,11,254,1,statsbombpy,
3900495,2015-10-31,7,Ligue 1,27,2015/2016,male,Bastia,Stade Malherbe Caen,1,True,True,True,,11,297,1,statsbombpy,
3900496,2015-10-31,7,Ligue 1,27,2015/2016,male,Toulouse,Montpellier,0,True,True,True,,11,305,1,statsbombpy,
3754082,2015-11-01,2,Premier League,27,2015/2016,male,Everton,Sunderland,1,True,True,True,,11,575,1,statsbombpy,
3754191,2015-11-01,2,Premier League,27,2015/2016,male,Southampton,AFC Bournemouth,1,True,True,True,,11,399,1,statsbombpy,
3825648,2015-11-01,11,La Liga,27,2015/2016,male,Eibar,Rayo Vallecano,1,True,True,True,,11,164,1,statsbombpy,
3825649,2015-11-01,11,La Liga,27,2015/2016,male,Sporting Gijón,Málaga,1,True,True,True,,11,196,1,statsbombpy,
3825650,2015-11-01,11,La Liga,27,2015/2016,male,Real Betis,Athletic Club,0,True,True,True,,11,301,1,statsbombpy,
3825651,2015-11-01,11,La Liga,27,2015/2016,male,Espanyol,Granada,0,True,True,True,,11,258,1,statsbombpy,
3879599,2015-11-01,12,Serie A,27,2015/2016,male,Lazio,AC Milan,0,True,True,True,,11,353,1,statsbombpy,
3879600,2015-11-01,12,Serie A,27,2015/2016,male,Carpi,Hellas Verona,0,True,True,True,,11,195,1,statsbombpy,
3879601,2015-11-01,12,Serie A,27,2015/2016,male,Bologna,Atalanta,1,True,True,True,,11,255,1,statsbombpy,
3879602,2015-11-01,12,Serie A,27,2015/2016,male,Fiorentina,Frosinone,1,True,True,True,,11,704,1,statsbombpy,
3879603,2015-11-01,12,Serie A,27,2015/2016,male,Udinese,Sassuolo,0,True,True,True,,11,289,1,statsbombpy,
3879604,2015-11-01,12,Serie A,27,2015/2016,male,Genoa,Napoli,0,True,True,True,,11,217,1,statsbombpy,
3900497,2015-11-01,7,Ligue 1,27,2015/2016,male,OGC Nice,Lille,0,True,True,True,,11,362,1,statsbombpy,
3900498,2015-11-01,7,Ligue 1,27,2015/2016,male,AS Monaco,Angers,1,True,True,True,,11,379,1,statsbombpy,
3900499,2015-11-01,7,Ligue 1,27,2015/2016,male,Nantes,Olympique de Marseille,0,True,True,True,,11,307,1,statsbombpy,
3754029,2015-11-02,2,Premier League,27,2015/2016,male,Tottenham Hotspur,Aston Villa,1,True,True,True,,11,437,1,statsbombpy,
3879605,2015-11-02,12,Serie A,27,2015/2016,male,Palermo,Empoli,0,True,True,True,,11,317,1,statsbombpy,
3879606,2015-11-02,12,Serie A,27,2015/2016,male,Chievo,Sampdoria,0,True,True,True,,11,367,1,statsbombpy,
3829522,2015-11-04,7,Ligue 1,27,2015/2016,male,OGC Nice,Nantes,0,True,True,True,,11,482,1,statsbombpy,
3825652,2015-11-06,11,La Liga,27,2015/2016,male,Las Palmas,Real Sociedad,1,True,True,True,,11,289,1,statsbombpy,
3900500,2015-11-06,7,Ligue 1,27,2015/2016,male,Angers,Rennes,0,True,True,True,,11,365,1,statsbombpy,
3754000,2015-11-07,2,Premier League,27,2015/2016,male,Sunderland,Southampton,0,True,True,True,,11,186,1,statsbombpy,
3754156,2015-11-07,2,Premier League,27,2015/2016,male,Leicester City,Watford,1,True,True,True,,11,246,1,statsbombpy,
3754194,2015-11-07,2,Premier League,27,2015/2016,male,West Ham United,Everton,0,True,True,True,,11,368,1,statsbombpy,
3754238,2015-11-07,2,Premier League,27,2015/2016,male,AFC Bournemouth,Newcastle United,0,True,True,True,,11,509,1,statsbombpy,
3754293,2015-11-07,2,Premier League,27,2015/2016,male,Stoke City,Chelsea,1,True,True,True,,11,198,1,statsbombpy,
3754297,2015-11-07,2,Premier League,27,2015/2016,male,Manchester United,West Bromwich Albion,1,True,True,True,,11,512,1,statsbombpy,
3754311,2015-11-07,2,Premier League,27,2015/2016,male,Norwich City,Swansea City,1,True,True,True,,11,260,1,statsbombpy,
3825653,2015-11-07,11,La Liga,27,2015/2016,male,Eibar,Getafe,1,True,True,True,,11,225,1,statsbombpy,
3825654,2015-11-07,11,La Liga,27,2015/2016,male,Celta Vigo,Valencia,0,True,True,True,,11,328,1,statsbombpy,
3825655,2015-11-07,11,La Liga,27,2015/2016,male,Rayo Vallecano,Granada,1,True,True,True,,11,209,1,statsbombpy,
3825656,2015-11-07,11,La Liga,27,2015/2016,male,Levante UD,RC Deportivo La Coruña,0,True,True,True,,11,323,1,statsbombpy,
3825657,2015-11-07,11,La Liga,27,2015/2016,male,Málaga,Real Betis,0,True,True,True,,11,325,1,statsbombpy,
3879607,2015-11-07,12,Serie A,27,2015/2016,male,AC Milan,Atalanta,0,True,True,True,,11,237,1,statsbombpy,
3879608,2015-11-07,12,Serie A,27,2015/2016,male,Hellas Verona,Bologna,0,True,True,True,,11,384,1,statsbombpy,
3890359,2015-11-07,9,1. Bundesliga,27,2015/2016,male,Bayer Leverkusen,FC Köln,0,True,False,False,insufficient_rolling_history,11,237,1,statsbombpy,
3900501,2015-11-07,7,Ligue 1,27,2015/2016,male,Paris Saint-Germain,Toulouse,1,True,True,True,,11,678,1,statsbombpy,
3900502,2015-11-07,7,Ligue 1,27,2015/2016,male,Lorient,Troyes,1,True,True,True,,11,484,1,statsbombpy,
3900503,2015-11-07,7,Ligue 1,27,2015/2016,male,Lille,Bastia,0,True,True,True,,11,383,1,statsbombpy,
3900504,2015-11-07,7,Ligue 1,27,2015/2016,male,Montpellier,Nantes,1,True,True,True,,11,342,1,statsbombpy,
3900505,2015-11-07,7,Ligue 1,27,2015/2016,male,Stade Malherbe Caen,Guingamp,1,True,True,True,,11,217,1,statsbombpy,
3900506,2015-11-07,7,Ligue 1,27,2015/2016,male,Stade de Reims,Gazélec Ajaccio,0,True,True,True,,11,421,1,statsbombpy,
3754258,2015-11-08,2,Premier League,27,2015/2016,male,Aston Villa,Manchester City,0,True,True,True,,11,312,1,statsbombpy,
3754265,2015-11-08,2,Premier League,27,2015/2016,male,Arsenal,Tottenham Hotspur,0,True,True,True,,11,336,1,statsbombpy,
3754351,2015-11-08,2,Premier League,27,2015/2016,male,Liverpool,Crystal Palace,0,True,True,True,,11,403,1,statsbombpy,
3825658,2015-11-08,11,La Liga,27,2015/2016,male,Atlético Madrid,Sporting Gijón,1,True,True,True,,11,476,1,statsbombpy,
3825659,2015-11-08,11,La Liga,27,2015/2016,male,Athletic Club,Espanyol,1,True,True,True,,11,204,1,statsbombpy,
3825660,2015-11-08,11,La Liga,27,2015/2016,male,Barcelona,Villarreal,1,True,True,True,,11,566,1,statsbombpy,
3825661,2015-11-08,11,La Liga,27,2015/2016,male,Sevilla,Real Madrid,1,True,True,True,,11,341,1,statsbombpy,
3879609,2015-11-08,12,Serie A,27,2015/2016,male,Napoli,Udinese,1,True,True,True,,11,417,1,statsbombpy,
3879610,2015-11-08,12,Serie A,27,2015/2016,male,AS Roma,Lazio,1,True,True,True,,11,254,1,statsbombpy,
3879611,2015-11-08,12,Serie A,27,2015/2016,male,Palermo,Chievo,1,True,True,True,,11,299,1,statsbombpy,
3879612,2015-11-08,12,Serie A,27,2015/2016,male,Frosinone,Genoa,0,True,True,True,,11,250,1,statsbombpy,
3879613,2015-11-08,12,Serie A,27,2015/2016,male,Empoli,Juventus,0,True,True,True,,11,329,1,statsbombpy,
3879614,2015-11-08,12,Serie A,27,2015/2016,male,Torino,Inter Milan,0,True,True,True,,11,373,1,statsbombpy,
3879615,2015-11-08,12,Serie A,27,2015/2016,male,Sassuolo,Carpi,1,True,True,True,,11,385,1,statsbombpy,
3879616,2015-11-08,12,Serie A,27,2015/2016,male,Sampdoria,Fiorentina,0,True,True,True,,11,334,1,statsbombpy,
3900507,2015-11-08,7,Ligue 1,27,2015/2016,male,Olympique de Marseille,OGC Nice,0,True,True,True,,11,375,1,statsbombpy,
3900508,2015-11-08,7,Ligue 1,27,2015/2016,male,Bordeaux,AS Monaco,1,True,True,True,,11,249,1,statsbombpy,
3900509,2015-11-08,7,Ligue 1,27,2015/2016,male,Lyon,Saint-Étienne,1,True,True,True,,11,315,1,statsbombpy,
3900510,2015-11-20,7,Ligue 1,27,2015/2016,male,OGC Nice,Lyon,1,True,True,True,,11,462,1,statsbombpy,
266424,2015-11-21,11,La Liga,27,2015/2016,male,Real Madrid,Barcelona,0,True,True,True,,11,322,1,statsbombpy,
3753972,2015-11-21,2,Premier League,27,2015/2016,male,Swansea City,AFC Bournemouth,0,True,True,True,,11,290,1,statsbombpy,
3753996,2015-11-21,2,Premier League,27,2015/2016,male,Chelsea,Norwich City,1,True,True,True,,11,537,1,statsbombpy,
3754185,2015-11-21,2,Premier League,27,2015/2016,male,Watford,Manchester United,0,True,True,True,,11,251,1,statsbombpy,
3754208,2015-11-21,2,Premier League,27,2015/2016,male,Manchester City,Liverpool,0,True,True,True,,11,386,1,statsbombpy,
3754211,2015-11-21,2,Premier League,27,2015/2016,male,Newcastle United,Leicester City,0,True,True,True,,11,326,1,statsbombpy,
3754247,2015-11-21,2,Premier League,27,2015/2016,male,Southampton,Stoke City,0,True,True,True,,11,391,1,statsbombpy,
3754283,2015-11-21,2,Premier League,27,2015/2016,male,Everton,Aston Villa,1,True,True,True,,11,489,1,statsbombpy,
3754301,2015-11-21,2,Premier League,27,2015/2016,male,West Bromwich Albion,Arsenal,1,True,True,True,,11,151,1,statsbombpy,
3825662,2015-11-21,11,La Liga,27,2015/2016,male,RC Deportivo La Coruña,Celta Vigo,1,True,True,True,,11,198,1,statsbombpy,
3825663,2015-11-21,11,La Liga,27,2015/2016,male,Espanyol,Málaga,1,True,True,True,,11,200,1,statsbombpy,
3825664,2015-11-21,11,La Liga,27,2015/2016,male,Real Sociedad,Sevilla,1,True,True,True,,11,398,1,statsbombpy,
3825888,2015-11-21,11,La Liga,27,2015/2016,male,Valencia,Las Palmas,0,True,True,True,,11,257,1,statsbombpy,
3879617,2015-11-21,12,Serie A,27,2015/2016,male,Bologna,AS Roma,0,True,True,True,,11,161,1,statsbombpy,
3879618,2015-11-21,12,Serie A,27,2015/2016,male,Juventus,AC Milan,1,True,True,True,,11,380,1,statsbombpy,
3890370,2015-11-21,9,1. Bundesliga,27,2015/2016,male,Eintracht Frankfurt,Bayer Leverkusen,0,True,False,False,insufficient_rolling_history,11,226,1,statsbombpy,
3900511,2015-11-21,7,Ligue 1,27,2015/2016,male,Lorient,Paris Saint-Germain,0,True,True,True,,11,348,1,statsbombpy,
3900512,2015-11-21,7,Ligue 1,27,2015/2016,male,Montpellier,Stade de Reims,1,True,True,True,,11,396,1,statsbombpy,
3900513,2015-11-21,7,Ligue 1,27,2015/2016,male,Troyes,Lille,0,True,True,True,,11,328,1,statsbombpy,
3900514,2015-11-21,7,Ligue 1,27,2015/2016,male,Guingamp,Toulouse,1,True,True,True,,11,247,1,statsbombpy,
3900515,2015-11-21,7,Ligue 1,27,2015/2016,male,AS Monaco,Nantes,1,True,True,True,,11,387,1,statsbombpy,
3754109,2015-11-22,2,Premier League,27,2015/2016,male,Tottenham Hotspur,West Ham United,1,True,True,True,,11,388,1,statsbombpy,
3825665,2015-11-22,11,La Liga,27,2015/2016,male,Granada,Athletic Club,1,True,True,True,,11,146,1,statsbombpy,
3825666,2015-11-22,11,La Liga,27,2015/2016,male,Real Betis,Atlético Madrid,0,True,True,True,,11,336,1,statsbombpy,
3825667,2015-11-22,11,La Liga,27,2015/2016,male,Villarreal,Eibar,0,True,True,True,,11,334,1,statsbombpy,
3825668,2015-11-22,11,La Liga,27,2015/2016,male,Sporting Gijón,Levante UD,0,True,True,True,,11,321,1,statsbombpy,
3879619,2015-11-22,12,Serie A,27,2015/2016,male,Genoa,Sassuolo,1,True,True,True,,11,268,1,statsbombpy,
3879620,2015-11-22,12,Serie A,27,2015/2016,male,Hellas Verona,Napoli,0,True,True,True,,11,198,1,statsbombpy,
3879621,2015-11-22,12,Serie A,27,2015/2016,male,Atalanta,Torino,0,True,True,True,,11,400,1,statsbombpy,
3879622,2015-11-22,12,Serie A,27,2015/2016,male,Carpi,Chievo,0,True,True,True,,11,253,1,statsbombpy,
3879623,2015-11-22,12,Serie A,27,2015/2016,male,Fiorentina,Empoli,0,True,True,True,,11,541,1,statsbombpy,
3879624,2015-11-22,12,Serie A,27,2015/2016,male,Lazio,Palermo,0,True,True,True,,11,385,1,statsbombpy,
3879625,2015-11-22,12,Serie A,27,2015/2016,male,Udinese,Sampdoria,1,True,True,True,,11,244,1,statsbombpy,
3879626,2015-11-22,12,Serie A,27,2015/2016,male,Inter Milan,Frosinone,1,True,True,True,,11,413,1,statsbombpy,
3900516,2015-11-22,7,Ligue 1,27,2015/2016,male,Saint-Étienne,Olympique de Marseille,0,True,True,True,,11,315,1,statsbombpy,
3900518,2015-11-22,7,Ligue 1,27,2015/2016,male,Stade Malherbe Caen,Angers,0,True,True,True,,11,289,1,statsbombpy,
3900519,2015-11-22,7,Ligue 1,27,2015/2016,male,Rennes,Bordeaux,0,True,True,True,,11,310,1,statsbombpy,
3753979,2015-11-23,2,Premier League,27,2015/2016,male,Crystal Palace,Sunderland,0,True,True,True,,11,368,1,statsbombpy,
3825669,2015-11-23,11,La Liga,27,2015/2016,male,Getafe,Rayo Vallecano,0,True,True,True,,11,183,1,statsbombpy,
3825670,2015-11-27,11,La Liga,27,2015/2016,male,Levante UD,Real Betis,0,True,True,True,,11,378,1,statsbombpy,
3900520,2015-11-27,7,Ligue 1,27,2015/2016,male,Lyon,Montpellier,0,True,True,True,,11,460,1,statsbombpy,
266885,2015-11-28,11,La Liga,27,2015/2016,male,Barcelona,Real Sociedad,1,True,True,True,,11,399,1,statsbombpy,
3754028,2015-11-28,2,Premier League,27,2015/2016,male,Manchester City,Southampton,1,True,True,True,,11,287,1,statsbombpy,
3754150,2015-11-28,2,Premier League,27,2015/2016,male,Sunderland,Stoke City,1,True,True,True,,11,288,1,statsbombpy,
3754157,2015-11-28,2,Premier League,27,2015/2016,male,AFC Bournemouth,Everton,0,True,True,True,,11,468,1,statsbombpy,
3754178,2015-11-28,2,Premier League,27,2015/2016,male,Aston Villa,Watford,0,True,True,True,,11,423,1,statsbombpy,
3754186,2015-11-28,2,Premier League,27,2015/2016,male,Leicester City,Manchester United,0,True,True,True,,11,182,1,statsbombpy,
3754304,2015-11-28,2,Premier League,27,2015/2016,male,Crystal Palace,Newcastle United,1,True,True,True,,11,376,1,statsbombpy,
3825671,2015-11-28,11,La Liga,27,2015/2016,male,Celta Vigo,Sporting Gijón,1,True,True,True,,11,435,1,statsbombpy,
3825672,2015-11-28,11,La Liga,27,2015/2016,male,Málaga,Granada,0,True,True,True,,11,173,1,statsbombpy,
3825673,2015-11-28,11,La Liga,27,2015/2016,male,Las Palmas,RC Deportivo La Coruña,0,True,True,True,,11,517,1,statsbombpy,
3825674,2015-11-28,11,La Liga,27,2015/2016,male,Atlético Madrid,Espanyol,1,True,True,True,,11,352,1,statsbombpy,
3879627,2015-11-28,12,Serie A,27,2015/2016,male,Torino,Bologna,1,True,True,True,,11,492,1,statsbombpy,
3879628,2015-11-28,12,Serie A,27,2015/2016,male,AC Milan,Sampdoria,1,True,True,True,,11,323,1,statsbombpy,
3900521,2015-11-28,7,Ligue 1,27,2015/2016,male,Paris Saint-Germain,Troyes,1,True,True,True,,11,567,1,statsbombpy,
3900522,2015-11-28,7,Ligue 1,27,2015/2016,male,Toulouse,OGC Nice,1,True,True,True,,11,308,1,statsbombpy,
3900523,2015-11-28,7,Ligue 1,27,2015/2016,male,Stade de Reims,Rennes,0,True,True,True,,11,295,1,statsbombpy,
3900524,2015-11-28,7,Ligue 1,27,2015/2016,male,Gazélec Ajaccio,Lorient,0,True,True,True,,11,363,1,statsbombpy,
3900525,2015-11-28,7,Ligue 1,27,2015/2016,male,Nantes,Bastia,0,True,True,True,,11,377,1,statsbombpy,
3900526,2015-11-28,7,Ligue 1,27,2015/2016,male,Angers,Lille,1,True,True,True,,11,307,1,statsbombpy,
3754038,2015-11-29,2,Premier League,27,2015/2016,male,Norwich City,Arsenal,0,True,True,True,,11,281,1,statsbombpy,
3754047,2015-11-29,2,Premier League,27,2015/2016,male,Liverpool,Swansea City,1,True,True,True,,11,455,1,statsbombpy,
3754093,2015-11-29,2,Premier League,27,2015/2016,male,Tottenham Hotspur,Chelsea,0,True,True,True,,11,384,1,statsbombpy,
3754235,2015-11-29,2,Premier League,27,2015/2016,male,West Ham United,West Bromwich Albion,0,True,True,True,,11,343,1,statsbombpy,
3825675,2015-11-29,11,La Liga,27,2015/2016,male,Rayo Vallecano,Athletic Club,0,True,True,True,,11,373,1,statsbombpy,
3825676,2015-11-29,11,La Liga,27,2015/2016,male,Getafe,Villarreal,1,True,True,True,,11,207,1,statsbombpy,
3825677,2015-11-29,11,La Liga,27,2015/2016,male,Sevilla,Valencia,1,True,True,True,,11,404,1,statsbombpy,
3825678,2015-11-29,11,La Liga,27,2015/2016,male,Eibar,Real Madrid,0,True,True,True,,11,230,1,statsbombpy,
3879629,2015-11-29,12,Serie A,27,2015/2016,male,Frosinone,Hellas Verona,1,True,True,True,,11,268,1,statsbombpy,
3879630,2015-11-29,12,Serie A,27,2015/2016,male,Palermo,Juventus,0,True,True,True,,11,295,1,statsbombpy,
3879631,2015-11-29,12,Serie A,27,2015/2016,male,Chievo,Udinese,0,True,True,True,,11,241,1,statsbombpy,
3879632,2015-11-29,12,Serie A,27,2015/2016,male,AS Roma,Atalanta,0,True,True,True,,11,360,1,statsbombpy,
3879633,2015-11-29,12,Serie A,27,2015/2016,male,Empoli,Lazio,1,True,True,True,,11,220,1,statsbombpy,
3879634,2015-11-29,12,Serie A,27,2015/2016,male,Genoa,Carpi,0,True,True,True,,11,300,1,statsbombpy,
3890382,2015-11-29,9,1. Bundesliga,27,2015/2016,male,Bayer Leverkusen,Schalke 04,0,True,False,False,insufficient_rolling_history,11,327,1,statsbombpy,
3900527,2015-11-29,7,Ligue 1,27,2015/2016,male,Olympique de Marseille,AS Monaco,0,True,True,True,,11,420,1,statsbombpy,
3900528,2015-11-29,7,Ligue 1,27,2015/2016,male,Bordeaux,Stade Malherbe Caen,0,True,True,True,,11,487,1,statsbombpy,
3900529,2015-11-29,7,Ligue 1,27,2015/2016,male,Saint-Étienne,Guingamp,1,True,True,True,,11,280,1,statsbombpy,
3879635,2015-11-30,12,Serie A,27,2015/2016,male,Napoli,Inter Milan,1,True,True,True,,11,622,1,statsbombpy,
3879636,2015-11-30,12,Serie A,27,2015/2016,male,Sassuolo,Fiorentina,0,True,True,True,,11,375,1,statsbombpy,
3900530,2015-12-01,7,Ligue 1,27,2015/2016,male,Nantes,Lyon,0,True,True,True,,11,251,1,statsbombpy,
3900531,2015-12-01,7,Ligue 1,27,2015/2016,male,Lorient,OGC Nice,0,True,True,True,,11,365,1,statsbombpy,
3900532,2015-12-01,7,Ligue 1,27,2015/2016,male,Angers,Paris Saint-Germain,0,True,True,True,,11,176,1,statsbombpy,
3900533,2015-12-02,7,Ligue 1,27,2015/2016,male,AS Monaco,Stade Malherbe Caen,0,True,True,True,,11,462,1,statsbombpy,
3900534,2015-12-02,7,Ligue 1,27,2015/2016,male,Bastia,Bordeaux,1,True,True,True,,11,260,1,statsbombpy,
3900535,2015-12-02,7,Ligue 1,27,2015/2016,male,Lille,Saint-Étienne,1,True,True,True,,11,252,1,statsbombpy,
3900536,2015-12-02,7,Ligue 1,27,2015/2016,male,Montpellier,Gazélec Ajaccio,0,True,True,True,,11,446,1,statsbombpy,
3900537,2015-12-02,7,Ligue 1,27,2015/2016,male,Troyes,Toulouse,0,True,True,True,,11,464,1,statsbombpy,
3900538,2015-12-02,7,Ligue 1,27,2015/2016,male,Guingamp,Stade de Reims,0,True,True,True,,11,273,1,statsbombpy,
3900539,2015-12-03,7,Ligue 1,27,2015/2016,male,Rennes,Olympique de Marseille,0,True,True,True,,11,318,1,statsbombpy,
3879637,2015-12-04,12,Serie A,27,2015/2016,male,Lazio,Juventus,0,True,True,True,,11,474,1,statsbombpy,
3900540,2015-12-04,7,Ligue 1,27,2015/2016,male,OGC Nice,Paris Saint-Germain,0,True,True,True,,11,298,1,statsbombpy,
267274,2015-12-05,11,La Liga,27,2015/2016,male,Valencia,Barcelona,0,True,True,True,,11,213,1,statsbombpy,
3754073,2015-12-05,2,Premier League,27,2015/2016,male,Chelsea,AFC Bournemouth,0,True,True,True,,11,438,1,statsbombpy,
3754085,2015-12-05,2,Premier League,27,2015/2016,male,Swansea City,Leicester City,0,True,True,True,,11,422,1,statsbombpy,
3754113,2015-12-05,2,Premier League,27,2015/2016,male,Southampton,Aston Villa,0,True,True,True,,11,432,1,statsbombpy,
3754135,2015-12-05,2,Premier League,27,2015/2016,male,Stoke City,Manchester City,1,True,True,True,,11,274,1,statsbombpy,
3754160,2015-12-05,2,Premier League,27,2015/2016,male,Arsenal,Sunderland,1,True,True,True,,11,576,1,statsbombpy,
3754215,2015-12-05,2,Premier League,27,2015/2016,male,West Bromwich Albion,Tottenham Hotspur,0,True,True,True,,11,191,1,statsbombpy,
3754286,2015-12-05,2,Premier League,27,2015/2016,male,Watford,Norwich City,1,True,True,True,,11,295,1,statsbombpy,
3754347,2015-12-05,2,Premier League,27,2015/2016,male,Manchester United,West Ham United,0,True,True,True,,11,380,1,statsbombpy,
3825679,2015-12-05,11,La Liga,27,2015/2016,male,Real Betis,Celta Vigo,0,True,True,True,,11,308,1,statsbombpy,
3825680,2015-12-05,11,La Liga,27,2015/2016,male,RC Deportivo La Coruña,Sevilla,0,True,True,True,,11,228,1,statsbombpy,
3825681,2015-12-05,11,La Liga,27,2015/2016,male,Real Madrid,Getafe,1,True,True,True,,11,612,1,statsbombpy,
3825682,2015-12-05,11,La Liga,27,2015/2016,male,Granada,Atlético Madrid,0,True,True,True,,11,365,1,statsbombpy,
3879638,2015-12-05,12,Serie A,27,2015/2016,male,Inter Milan,Genoa,1,True,True,True,,11,469,1,statsbombpy,
3879639,2015-12-05,12,Serie A,27,2015/2016,male,Torino,AS Roma,0,True,True,True,,11,276,1,statsbombpy,
3890390,2015-12-05,9,1. Bundesliga,27,2015/2016,male,Hertha Berlin,Bayer Leverkusen,1,True,False,False,insufficient_rolling_history,11,504,1,statsbombpy,
3900541,2015-12-05,7,Ligue 1,27,2015/2016,male,Bastia,AS Monaco,0,True,True,True,,11,289,1,statsbombpy,
3900542,2015-12-05,7,Ligue 1,27,2015/2016,male,Stade Malherbe Caen,Lille,0,True,True,True,,11,247,1,statsbombpy,
3900543,2015-12-05,7,Ligue 1,27,2015/2016,male,Stade de Reims,Troyes,0,True,True,True,,11,440,1,statsbombpy,
3900544,2015-12-05,7,Ligue 1,27,2015/2016,male,Toulouse,Lorient,0,True,True,True,,11,378,1,statsbombpy,
3900545,2015-12-05,7,Ligue 1,27,2015/2016,male,Lyon,Angers,0,True,True,True,,11,492,1,statsbombpy,
3900546,2015-12-05,7,Ligue 1,27,2015/2016,male,Gazélec Ajaccio,Nantes,0,True,True,True,,11,293,1,statsbombpy,
3754143,2015-12-06,2,Premier League,27,2015/2016,male,Newcastle United,Liverpool,1,True,True,True,,11,262,1,statsbombpy,
3825683,2015-12-06,11,La Liga,27,2015/2016,male,Real Sociedad,Eibar,1,True,True,True,,11,418,1,statsbombpy,
3825684,2015-12-06,11,La Liga,27,2015/2016,male,Villarreal,Rayo Vallecano,1,True,True,True,,11,237,1,statsbombpy,
3825685,2015-12-06,11,La Liga,27,2015/2016,male,Sporting Gijón,Las Palmas,1,True,True,True,,11,202,1,statsbombpy,
3825686,2015-12-06,11,La Liga,27,2015/2016,male,Athletic Club,Málaga,0,True,True,True,,11,261,1,statsbombpy,
3879640,2015-12-06,12,Serie A,27,2015/2016,male,Frosinone,Chievo,0,True,True,True,,11,216,1,statsbombpy,
3879641,2015-12-06,12,Serie A,27,2015/2016,male,Hellas Verona,Empoli,0,True,True,True,,11,397,1,statsbombpy,
3879642,2015-12-06,12,Serie A,27,2015/2016,male,Carpi,AC Milan,0,True,True,True,,11,179,1,statsbombpy,
3879643,2015-12-06,12,Serie A,27,2015/2016,male,Sampdoria,Sassuolo,0,True,True,True,,11,349,1,statsbombpy,
3879644,2015-12-06,12,Serie A,27,2015/2016,male,Atalanta,Palermo,1,True,True,True,,11,325,1,statsbombpy,
3879645,2015-12-06,12,Serie A,27,2015/2016,male,Bologna,Napoli,1,True,True,True,,11,193,1,statsbombpy,
3879646,2015-12-06,12,Serie A,27,2015/2016,male,Fiorentina,Udinese,1,True,True,True,,11,434,1,statsbombpy,
3900547,2015-12-06,7,Ligue 1,27,2015/2016,male,Olympique de Marseille,Montpellier,0,True,True,True,,11,436,1,statsbombpy,
3900548,2015-12-06,7,Ligue 1,27,2015/2016,male,Bordeaux,Guingamp,1,True,True,True,,11,402,1,statsbombpy,
3900549,2015-12-06,7,Ligue 1,27,2015/2016,male,Saint-Étienne,Rennes,0,True,True,True,,11,373,1,statsbombpy,
3754046,2015-12-07,2,Premier League,27,2015/2016,male,Everton,Crystal Palace,0,True,True,True,,11,464,1,statsbombpy,
3825687,2015-12-07,11,La Liga,27,2015/2016,male,Espanyol,Levante UD,0,True,True,True,,11,331,1,statsbombpy,
3825688,2015-12-11,11,La Liga,27,2015/2016,male,Getafe,Real Sociedad,0,True,True,True,,11,219,1,statsbombpy,
3900550,2015-12-11,7,Ligue 1,27,2015/2016,male,Rennes,Stade Malherbe Caen,0,True,True,True,,11,530,1,statsbombpy,
266961,2015-12-12,11,La Liga,27,2015/2016,male,Barcelona,RC Deportivo La Coruña,0,True,True,True,,11,597,1,statsbombpy,
3754072,2015-12-12,2,Premier League,27,2015/2016,male,Sunderland,Watford,0,True,True,True,,11,293,1,statsbombpy,
3754096,2015-12-12,2,Premier League,27,2015/2016,male,West Ham United,Stoke City,0,True,True,True,,11,276,1,statsbombpy,
3754162,2015-12-12,2,Premier League,27,2015/2016,male,AFC Bournemouth,Manchester United,1,True,True,True,,11,289,1,statsbombpy,
3754182,2015-12-12,2,Premier League,27,2015/2016,male,Norwich City,Everton,0,True,True,True,,11,309,1,statsbombpy,
3754218,2015-12-12,2,Premier League,27,2015/2016,male,Crystal Palace,Southampton,1,True,True,True,,11,228,1,statsbombpy,
3754328,2015-12-12,2,Premier League,27,2015/2016,male,Manchester City,Swansea City,1,True,True,True,,11,493,1,statsbombpy,
3825689,2015-12-12,11,La Liga,27,2015/2016,male,Celta Vigo,Espanyol,1,True,True,True,,11,329,1,statsbombpy,
3825690,2015-12-12,11,La Liga,27,2015/2016,male,Las Palmas,Real Betis,1,True,True,True,,11,494,1,statsbombpy,
3825691,2015-12-12,11,La Liga,27,2015/2016,male,Levante UD,Granada,0,True,True,True,,11,290,1,statsbombpy,
3825692,2015-12-12,11,La Liga,27,2015/2016,male,Sevilla,Sporting Gijón,1,True,True,True,,11,473,1,statsbombpy,
3879647,2015-12-12,12,Serie A,27,2015/2016,male,Genoa,Bologna,0,True,True,True,,11,398,1,statsbombpy,
3879648,2015-12-12,12,Serie A,27,2015/2016,male,Udinese,Inter Milan,0,True,True,True,,11,404,1,statsbombpy,
3879649,2015-12-12,12,Serie A,27,2015/2016,male,Palermo,Frosinone,1,True,True,True,,11,242,1,statsbombpy,
3890395,2015-12-12,9,1. Bundesliga,27,2015/2016,male,Bayer Leverkusen,Borussia Mönchengladbach,1,True,False,False,insufficient_rolling_history,11,286,1,statsbombpy,
3900551,2015-12-12,7,Ligue 1,27,2015/2016,male,Lille,Lorient,1,True,True,True,,11,395,1,statsbombpy,
3900552,2015-12-12,7,Ligue 1,27,2015/2016,male,Montpellier,Guingamp,1,True,True,True,,11,471,1,statsbombpy,
3900553,2015-12-12,7,Ligue 1,27,2015/2016,male,Stade de Reims,OGC Nice,0,True,True,True,,11,261,1,statsbombpy,
3900554,2015-12-12,7,Ligue 1,27,2015/2016,male,Troyes,Bastia,0,True,True,True,,11,353,1,statsbombpy,
3900555,2015-12-12,7,Ligue 1,27,2015/2016,male,Nantes,Toulouse,0,True,True,True,,11,353,1,statsbombpy,
3754117,2015-12-13,2,Premier League,27,2015/2016,male,Aston Villa,Arsenal,0,True,True,True,,11,337,1,statsbombpy,
3754255,2015-12-13,2,Premier League,27,2015/2016,male,Liverpool,West Bromwich Albion,0,True,True,True,,11,509,1,statsbombpy,
3754276,2015-12-13,2,Premier League,27,2015/2016,male,Tottenham Hotspur,Newcastle United,0,True,True,True,,11,387,1,statsbombpy,
3825693,2015-12-13,11,La Liga,27,2015/2016,male,Atlético Madrid,Athletic Club,1,True,True,True,,11,337,1,statsbombpy,
3825694,2015-12-13,11,La Liga,27,2015/2016,male,Eibar,Valencia,0,True,True,True,,11,294,1,statsbombpy,
3825695,2015-12-13,11,La Liga,27,2015/2016,male,Villarreal,Real Madrid,1,True,True,True,,11,258,1,statsbombpy,
3825696,2015-12-13,11,La Liga,27,2015/2016,male,Rayo Vallecano,Málaga,0,True,True,True,,11,245,1,statsbombpy,
3879650,2015-12-13,12,Serie A,27,2015/2016,male,Empoli,Carpi,1,True,True,True,,11,546,1,statsbombpy,
3879651,2015-12-13,12,Serie A,27,2015/2016,male,Napoli,AS Roma,0,True,True,True,,11,509,1,statsbombpy,
3879652,2015-12-13,12,Serie A,27,2015/2016,male,AC Milan,Hellas Verona,0,True,True,True,,11,350,1,statsbombpy,
3879653,2015-12-13,12,Serie A,27,2015/2016,male,Juventus,Fiorentina,1,True,True,True,,11,303,1,statsbombpy,
3879654,2015-12-13,12,Serie A,27,2015/2016,male,Chievo,Atalanta,1,True,True,True,,11,344,1,statsbombpy,
3900556,2015-12-13,7,Ligue 1,27,2015/2016,male,Angers,Bordeaux,0,True,True,True,,11,346,1,statsbombpy,
3900557,2015-12-13,7,Ligue 1,27,2015/2016,male,Paris Saint-Germain,Lyon,1,True,True,True,,11,545,1,statsbombpy,
3900558,2015-12-13,7,Ligue 1,27,2015/2016,male,AS Monaco,Saint-Étienne,1,True,True,True,,11,301,1,statsbombpy,
3900559,2015-12-13,7,Ligue 1,27,2015/2016,male,Olympique de Marseille,Gazélec Ajaccio,0,True,True,True,,11,433,1,statsbombpy,
3754013,2015-12-14,2,Premier League,27,2015/2016,male,Leicester City,Chelsea,1,True,True,True,,11,166,1,statsbombpy,
3879655,2015-12-14,12,Serie A,27,2015/2016,male,Lazio,Sampdoria,0,True,True,True,,11,425,1,statsbombpy,
3900560,2015-12-18,7,Ligue 1,27,2015/2016,male,OGC Nice,Montpellier,1,True,True,True,,11,411,1,statsbombpy,
3754025,2015-12-19,2,Premier League,27,2015/2016,male,Chelsea,Sunderland,1,True,True,True,,11,490,1,statsbombpy,
3754044,2015-12-19,2,Premier League,27,2015/2016,male,Manchester United,Norwich City,0,True,True,True,,11,518,1,statsbombpy,
3754136,2015-12-19,2,Premier League,27,2015/2016,male,Newcastle United,Aston Villa,0,True,True,True,,11,240,1,statsbombpy,
3754153,2015-12-19,2,Premier League,27,2015/2016,male,Stoke City,Crystal Palace,0,True,True,True,,11,370,1,statsbombpy,
3754166,2015-12-19,2,Premier League,27,2015/2016,male,Everton,Leicester City,0,True,True,True,,11,446,1,statsbombpy,
3754188,2015-12-19,2,Premier League,27,2015/2016,male,Southampton,Tottenham Hotspur,0,True,True,True,,11,291,1,statsbombpy,
3754219,2015-12-19,2,Premier League,27,2015/2016,male,West Bromwich Albion,AFC Bournemouth,0,True,True,True,,11,166,1,statsbombpy,
3825697,2015-12-19,11,La Liga,27,2015/2016,male,Valencia,Getafe,0,True,True,True,,11,419,1,statsbombpy,
3825698,2015-12-19,11,La Liga,27,2015/2016,male,RC Deportivo La Coruña,Eibar,1,True,True,True,,11,306,1,statsbombpy,
3825699,2015-12-19,11,La Liga,27,2015/2016,male,Real Betis,Sevilla,0,True,True,True,,11,226,1,statsbombpy,
3825891,2015-12-19,11,La Liga,27,2015/2016,male,Espanyol,Las Palmas,1,True,True,True,,11,297,1,statsbombpy,
3879656,2015-12-19,12,Serie A,27,2015/2016,male,Bologna,Empoli,0,True,True,True,,11,281,1,statsbombpy,
3890409,2015-12-19,9,1. Bundesliga,27,2015/2016,male,Ingolstadt,Bayer Leverkusen,0,True,False,False,insufficient_rolling_history,11,239,1,statsbombpy,
3900561,2015-12-19,7,Ligue 1,27,2015/2016,male,Toulouse,Lille,0,True,True,True,,11,218,1,statsbombpy,
3900562,2015-12-19,7,Ligue 1,27,2015/2016,male,Stade Malherbe Caen,Paris Saint-Germain,0,True,True,True,,11,148,1,statsbombpy,
3900563,2015-12-19,7,Ligue 1,27,2015/2016,male,Guingamp,Rennes,0,True,True,True,,11,295,1,statsbombpy,
3900564,2015-12-19,7,Ligue 1,27,2015/2016,male,Troyes,AS Monaco,0,True,True,True,,11,161,1,statsbombpy,
3900565,2015-12-19,7,Ligue 1,27,2015/2016,male,Lorient,Nantes,0,True,True,True,,11,392,1,statsbombpy,
3900566,2015-12-19,7,Ligue 1,27,2015/2016,male,Bastia,Stade de Reims,1,True,True,True,,11,249,1,statsbombpy,
3754051,2015-12-20,2,Premier League,27,2015/2016,male,Watford,Liverpool,1,True,True,True,,11,145,1,statsbombpy,
3754259,2015-12-20,2,Premier League,27,2015/2016,male,Swansea City,West Ham United,0,True,True,True,,11,576,1,statsbombpy,
3825700,2015-12-20,11,La Liga,27,2015/2016,male,Real Madrid,Rayo Vallecano,1,True,True,True,,11,356,1,statsbombpy,
3825701,2015-12-20,11,La Liga,27,2015/2016,male,Málaga,Atlético Madrid,1,True,True,True,,11,399,1,statsbombpy,
3825702,2015-12-20,11,La Liga,27,2015/2016,male,Real Sociedad,Villarreal,0,True,True,True,,11,531,1,statsbombpy,
3825703,2015-12-20,11,La Liga,27,2015/2016,male,Athletic Club,Levante UD,1,True,True,True,,11,335,1,statsbombpy,
3825704,2015-12-20,11,La Liga,27,2015/2016,male,Granada,Celta Vigo,0,True,True,True,,11,261,1,statsbombpy,
3879657,2015-12-20,12,Serie A,27,2015/2016,male,AS Roma,Genoa,1,True,True,True,,11,407,1,statsbombpy,
3879658,2015-12-20,12,Serie A,27,2015/2016,male,Torino,Udinese,0,True,True,True,,11,275,1,statsbombpy,
3879659,2015-12-20,12,Serie A,27,2015/2016,male,Inter Milan,Lazio,0,True,True,True,,11,449,1,statsbombpy,
3879660,2015-12-20,12,Serie A,27,2015/2016,male,Carpi,Juventus,0,True,True,True,,11,200,1,statsbombpy,
3879661,2015-12-20,12,Serie A,27,2015/2016,male,Atalanta,Napoli,0,True,True,True,,11,343,1,statsbombpy,
3879662,2015-12-20,12,Serie A,27,2015/2016,male,Fiorentina,Chievo,1,True,True,True,,11,590,1,statsbombpy,
3879663,2015-12-20,12,Serie A,27,2015/2016,male,Hellas Verona,Sassuolo,0,True,True,True,,11,262,1,statsbombpy,
3879664,2015-12-20,12,Serie A,27,2015/2016,male,Sampdoria,Palermo,1,True,True,True,,11,416,1,statsbombpy,
3879665,2015-12-20,12,Serie A,27,2015/2016,male,Frosinone,AC Milan,0,True,True,True,,11,152,1,statsbombpy,
3900567,2015-12-20,7,Ligue 1,27,2015/2016,male,Bordeaux,Olympique de Marseille,0,True,True,True,,11,253,1,statsbombpy,
3900568,2015-12-20,7,Ligue 1,27,2015/2016,male,Gazélec Ajaccio,Lyon,1,True,True,True,,11,279,1,statsbombpy,
3900569,2015-12-20,7,Ligue 1,27,2015/2016,male,Saint-Étienne,Angers,1,True,True,True,,11,389,1,statsbombpy,
3754296,2015-12-21,2,Premier League,27,2015/2016,male,Arsenal,Manchester City,1,True,True,True,,11,295,1,statsbombpy,
3753974,2015-12-26,2,Premier League,27,2015/2016,male,Newcastle United,Everton,0,True,True,True,,11,292,1,statsbombpy,
3754014,2015-12-26,2,Premier League,27,2015/2016,male,Stoke City,Manchester United,1,True,True,True,,11,193,1,statsbombpy,
3754054,2015-12-26,2,Premier League,27,2015/2016,male,Manchester City,Sunderland,1,True,True,True,,11,519,1,statsbombpy,
3754057,2015-12-26,2,Premier League,27,2015/2016,male,Tottenham Hotspur,Norwich City,1,True,True,True,,11,419,1,statsbombpy,
3754248,2015-12-26,2,Premier League,27,2015/2016,male,AFC Bournemouth,Crystal Palace,0,True,True,True,,11,364,1,statsbombpy,
3754279,2015-12-26,2,Premier League,27,2015/2016,male,Swansea City,West Bromwich Albion,1,True,True,True,,11,412,1,statsbombpy,
3754285,2015-12-26,2,Premier League,27,2015/2016,male,Aston Villa,West Ham United,0,True,True,True,,11,366,1,statsbombpy,
3754287,2015-12-26,2,Premier League,27,2015/2016,male,Chelsea,Watford,0,True,True,True,,11,448,1,statsbombpy,
3754309,2015-12-26,2,Premier League,27,2015/2016,male,Southampton,Arsenal,1,True,True,True,,11,231,1,statsbombpy,
3754343,2015-12-26,2,Premier League,27,2015/2016,male,Liverpool,Leicester City,1,True,True,True,,11,428,1,statsbombpy,
3753998,2015-12-28,2,Premier League,27,2015/2016,male,West Ham United,Southampton,1,True,True,True,,11,280,1,statsbombpy,
3754019,2015-12-28,2,Premier League,27,2015/2016,male,Manchester United,Chelsea,0,True,True,True,,11,533,1,statsbombpy,
3754056,2015-12-28,2,Premier League,27,2015/2016,male,Everton,Stoke City,0,True,True,True,,11,417,1,statsbombpy,
3754130,2015-12-28,2,Premier League,27,2015/2016,male,Norwich City,Aston Villa,1,True,True,True,,11,257,1,statsbombpy,
3754173,2015-12-28,2,Premier League,27,2015/2016,male,Arsenal,AFC Bournemouth,1,True,True,True,,11,458,1,statsbombpy,
3754195,2015-12-28,2,Premier League,27,2015/2016,male,West Bromwich Albion,Newcastle United,1,True,True,True,,11,259,1,statsbombpy,
3754291,2015-12-28,2,Premier League,27,2015/2016,male,Watford,Tottenham Hotspur,0,True,True,True,,11,224,1,statsbombpy,
3754326,2015-12-28,2,Premier League,27,2015/2016,male,Crystal Palace,Swansea City,0,True,True,True,,11,306,1,statsbombpy,
3754045,2015-12-29,2,Premier League,27,2015/2016,male,Leicester City,Manchester City,0,True,True,True,,11,199,1,statsbombpy,
267327,2015-12-30,11,La Liga,27,2015/2016,male,Barcelona,Real Betis,1,True,True,True,,11,451,1,statsbombpy,
3754226,2015-12-30,2,Premier League,27,2015/2016,male,Sunderland,Liverpool,0,True,True,True,,11,190,1,statsbombpy,
3825705,2015-12-30,11,La Liga,27,2015/2016,male,Eibar,Sporting Gijón,1,True,True,True,,11,255,1,statsbombpy,
3825706,2015-12-30,11,La Liga,27,2015/2016,male,Celta Vigo,Athletic Club,0,True,True,True,,11,491,1,statsbombpy,
3825707,2015-12-30,11,La Liga,27,2015/2016,male,Las Palmas,Granada,1,True,True,True,,11,398,1,statsbombpy,
3825708,2015-12-30,11,La Liga,27,2015/2016,male,Levante UD,Málaga,0,True,True,True,,11,222,1,statsbombpy,
3825709,2015-12-30,11,La Liga,27,2015/2016,male,Sevilla,Espanyol,1,True,True,True,,11,299,1,statsbombpy,
3825710,2015-12-30,11,La Liga,27,2015/2016,male,Real Madrid,Real Sociedad,1,True,True,True,,11,393,1,statsbombpy,
3825711,2015-12-30,11,La Liga,27,2015/2016,male,Rayo Vallecano,Atlético Madrid,0,True,True,True,,11,351,1,statsbombpy,
3825712,2015-12-30,11,La Liga,27,2015/2016,male,Getafe,RC Deportivo La Coruña,0,True,True,True,,11,290,1,statsbombpy,
3825713,2015-12-31,11,La Liga,27,2015/2016,male,Villarreal,Valencia,1,True,True,True,,11,335,1,statsbombpy,
266670,2016-01-02,11,La Liga,27,2015/2016,male,Espanyol,Barcelona,0,True,True,True,,11,137,1,statsbombpy,
3754036,2016-01-02,2,Premier League,27,2015/2016,male,Sunderland,Aston Villa,1,True,True,True,,11,276,1,statsbombpy,
3754058,2016-01-02,2,Premier League,27,2015/2016,male,Leicester City,AFC Bournemouth,0,True,True,True,,11,359,1,statsbombpy,
3754069,2016-01-02,2,Premier League,27,2015/2016,male,Arsenal,Newcastle United,1,True,True,True,,11,403,1,statsbombpy,
3754101,2016-01-02,2,Premier League,27,2015/2016,male,Norwich City,Southampton,1,True,True,True,,11,239,1,statsbombpy,
3754122,2016-01-02,2,Premier League,27,2015/2016,male,West Bromwich Albion,Stoke City,1,True,True,True,,11,275,1,statsbombpy,
3754251,2016-01-02,2,Premier League,27,2015/2016,male,West Ham United,Liverpool,1,True,True,True,,11,177,1,statsbombpy,
3754319,2016-01-02,2,Premier League,27,2015/2016,male,Manchester United,Swansea City,1,True,True,True,,11,415,1,statsbombpy,
3754346,2016-01-02,2,Premier League,27,2015/2016,male,Watford,Manchester City,0,True,True,True,,11,314,1,statsbombpy,
3825714,2016-01-02,11,La Liga,27,2015/2016,male,Atlético Madrid,Levante UD,1,True,True,True,,11,348,1,statsbombpy,
3825715,2016-01-02,11,La Liga,27,2015/2016,male,Málaga,Celta Vigo,1,True,True,True,,11,263,1,statsbombpy,
3754114,2016-01-03,2,Premier League,27,2015/2016,male,Crystal Palace,Chelsea,0,True,True,True,,11,241,1,statsbombpy,
3754140,2016-01-03,2,Premier League,27,2015/2016,male,Everton,Tottenham Hotspur,0,True,True,True,,11,295,1,statsbombpy,
3825716,2016-01-03,11,La Liga,27,2015/2016,male,Rayo Vallecano,Real Sociedad,0,True,True,True,,11,178,1,statsbombpy,
3825717,2016-01-03,11,La Liga,27,2015/2016,male,Granada,Sevilla,1,True,True,True,,11,187,1,statsbombpy,
3825718,2016-01-03,11,La Liga,27,2015/2016,male,Valencia,Real Madrid,0,True,True,True,,11,396,1,statsbombpy,
3825719,2016-01-03,11,La Liga,27,2015/2016,male,Athletic Club,Las Palmas,0,True,True,True,,11,223,1,statsbombpy,
3825720,2016-01-03,11,La Liga,27,2015/2016,male,Real Betis,Eibar,0,True,True,True,,11,339,1,statsbombpy,
3825721,2016-01-03,11,La Liga,27,2015/2016,male,RC Deportivo La Coruña,Villarreal,0,True,True,True,,11,392,1,statsbombpy,
3825722,2016-01-04,11,La Liga,27,2015/2016,male,Sporting Gijón,Getafe,0,True,True,True,,11,231,1,statsbombpy,
3879666,2016-01-05,12,Serie A,27,2015/2016,male,Genoa,Sampdoria,0,True,True,True,,11,390,1,statsbombpy,
3879667,2016-01-06,12,Serie A,27,2015/2016,male,Sassuolo,Frosinone,0,True,True,True,,11,501,1,statsbombpy,
3879668,2016-01-06,12,Serie A,27,2015/2016,male,Empoli,Inter Milan,0,True,True,True,,11,364,1,statsbombpy,
3879669,2016-01-06,12,Serie A,27,2015/2016,male,Napoli,Torino,1,True,True,True,,11,534,1,statsbombpy,
3879670,2016-01-06,12,Serie A,27,2015/2016,male,Juventus,Hellas Verona,1,True,True,True,,11,397,1,statsbombpy,
3879671,2016-01-06,12,Serie A,27,2015/2016,male,Palermo,Fiorentina,0,True,True,True,,11,248,1,statsbombpy,
3879672,2016-01-06,12,Serie A,27,2015/2016,male,Chievo,AS Roma,0,True,True,True,,11,318,1,statsbombpy,
3879673,2016-01-06,12,Serie A,27,2015/2016,male,Udinese,Atalanta,1,True,True,True,,11,208,1,statsbombpy,
3879674,2016-01-06,12,Serie A,27,2015/2016,male,AC Milan,Bologna,0,True,True,True,,11,434,1,statsbombpy,
3879675,2016-01-06,12,Serie A,27,2015/2016,male,Lazio,Carpi,0,True,True,True,,11,435,1,statsbombpy,
3900570,2016-01-08,7,Ligue 1,27,2015/2016,male,Paris Saint-Germain,Bastia,1,True,True,True,,11,774,1,statsbombpy,
266620,2016-01-09,11,La Liga,27,2015/2016,male,Barcelona,Granada,1,True,True,True,,11,543,1,statsbombpy,
3825723,2016-01-09,11,La Liga,27,2015/2016,male,Levante UD,Rayo Vallecano,1,True,True,True,,11,193,1,statsbombpy,
3825724,2016-01-09,11,La Liga,27,2015/2016,male,Real Madrid,RC Deportivo La Coruña,1,True,True,True,,11,429,1,statsbombpy,
3825725,2016-01-09,11,La Liga,27,2015/2016,male,Getafe,Real Betis,1,True,True,True,,11,313,1,statsbombpy,
3825726,2016-01-09,11,La Liga,27,2015/2016,male,Sevilla,Athletic Club,1,True,True,True,,11,338,1,statsbombpy,
3879676,2016-01-09,12,Serie A,27,2015/2016,male,AS Roma,AC Milan,0,True,True,True,,11,242,1,statsbombpy,
3879677,2016-01-09,12,Serie A,27,2015/2016,male,Fiorentina,Lazio,0,True,True,True,,11,451,1,statsbombpy,
3879678,2016-01-09,12,Serie A,27,2015/2016,male,Carpi,Udinese,1,True,True,True,,11,252,1,statsbombpy,
3900571,2016-01-09,7,Ligue 1,27,2015/2016,male,Rennes,Lorient,0,True,True,True,,11,378,1,statsbombpy,
3900572,2016-01-09,7,Ligue 1,27,2015/2016,male,AS Monaco,Gazélec Ajaccio,0,True,True,True,,11,386,1,statsbombpy,
3900573,2016-01-09,7,Ligue 1,27,2015/2016,male,Angers,Stade Malherbe Caen,1,True,True,True,,11,427,1,statsbombpy,
3900574,2016-01-09,7,Ligue 1,27,2015/2016,male,Lyon,Troyes,1,True,True,True,,11,615,1,statsbombpy,
3900575,2016-01-09,7,Ligue 1,27,2015/2016,male,Stade de Reims,Toulouse,0,True,True,True,,11,284,1,statsbombpy,
3900576,2016-01-09,7,Ligue 1,27,2015/2016,male,Montpellier,Bordeaux,0,True,True,True,,11,345,1,statsbombpy,
3825727,2016-01-10,11,La Liga,27,2015/2016,male,Eibar,Espanyol,1,True,True,True,,11,305,1,statsbombpy,
3825728,2016-01-10,11,La Liga,27,2015/2016,male,Celta Vigo,Atlético Madrid,0,True,True,True,,11,444,1,statsbombpy,
3825729,2016-01-10,11,La Liga,27,2015/2016,male,Villarreal,Sporting Gijón,1,True,True,True,,11,353,1,statsbombpy,
3825730,2016-01-10,11,La Liga,27,2015/2016,male,Real Sociedad,Valencia,1,True,True,True,,11,359,1,statsbombpy,
3825731,2016-01-10,11,La Liga,27,2015/2016,male,Las Palmas,Málaga,0,True,True,True,,11,451,1,statsbombpy,
3879679,2016-01-10,12,Serie A,27,2015/2016,male,Frosinone,Napoli,0,True,True,True,,11,156,1,statsbombpy,
3879680,2016-01-10,12,Serie A,27,2015/2016,male,Bologna,Chievo,0,True,True,True,,11,448,1,statsbombpy,
3879681,2016-01-10,12,Serie A,27,2015/2016,male,Inter Milan,Sassuolo,0,True,True,True,,11,372,1,statsbombpy,
3879682,2016-01-10,12,Serie A,27,2015/2016,male,Torino,Empoli,0,True,True,True,,11,323,1,statsbombpy,
3879683,2016-01-10,12,Serie A,27,2015/2016,male,Hellas Verona,Palermo,0,True,True,True,,11,331,1,statsbombpy,
3879684,2016-01-10,12,Serie A,27,2015/2016,male,Sampdoria,Juventus,0,True,True,True,,11,374,1,statsbombpy,
3879685,2016-01-10,12,Serie A,27,2015/2016,male,Atalanta,Genoa,0,True,True,True,,11,406,1,statsbombpy,
3900577,2016-01-10,7,Ligue 1,27,2015/2016,male,Olympique de Marseille,Guingamp,0,True,True,True,,11,492,1,statsbombpy,
3900578,2016-01-10,7,Ligue 1,27,2015/2016,male,Lille,OGC Nice,0,True,True,True,,11,240,1,statsbombpy,
3900579,2016-01-10,7,Ligue 1,27,2015/2016,male,Nantes,Saint-Étienne,1,True,True,True,,11,274,1,statsbombpy,
3753981,2016-01-12,2,Premier League,27,2015/2016,male,Aston Villa,Crystal Palace,1,True,True,True,,11,376,1,statsbombpy,
3754021,2016-01-12,2,Premier League,27,2015/2016,male,AFC Bournemouth,West Ham United,0,True,True,True,,11,327,1,statsbombpy,
3754088,2016-01-12,2,Premier League,27,2015/2016,male,Newcastle United,Manchester United,0,True,True,True,,11,429,1,statsbombpy,
3754032,2016-01-13,2,Premier League,27,2015/2016,male,Stoke City,Norwich City,1,True,True,True,,11,494,1,statsbombpy,
3754062,2016-01-13,2,Premier League,27,2015/2016,male,Chelsea,West Bromwich Albion,0,True,True,True,,11,415,1,statsbombpy,
3754065,2016-01-13,2,Premier League,27,2015/2016,male,Tottenham Hotspur,Leicester City,0,True,True,True,,11,395,1,statsbombpy,
3754071,2016-01-13,2,Premier League,27,2015/2016,male,Swansea City,Sunderland,0,True,True,True,,11,329,1,statsbombpy,
3754142,2016-01-13,2,Premier League,27,2015/2016,male,Manchester City,Everton,0,True,True,True,,11,489,1,statsbombpy,
3754183,2016-01-13,2,Premier League,27,2015/2016,male,Southampton,Watford,1,True,True,True,,11,323,1,statsbombpy,
3754305,2016-01-13,2,Premier League,27,2015/2016,male,Liverpool,Arsenal,0,True,True,True,,11,402,1,statsbombpy,
3900580,2016-01-15,7,Ligue 1,27,2015/2016,male,OGC Nice,Angers,1,True,True,True,,11,558,1,statsbombpy,
3754004,2016-01-16,2,Premier League,27,2015/2016,male,AFC Bournemouth,Norwich City,1,True,True,True,,11,289,1,statsbombpy,
3754027,2016-01-16,2,Premier League,27,2015/2016,male,Tottenham Hotspur,Sunderland,1,True,True,True,,11,493,1,statsbombpy,
3754125,2016-01-16,2,Premier League,27,2015/2016,male,Chelsea,Everton,0,True,True,True,,11,448,1,statsbombpy,
3754168,2016-01-16,2,Premier League,27,2015/2016,male,Southampton,West Bromwich Albion,1,True,True,True,,11,383,1,statsbombpy,
3754250,2016-01-16,2,Premier League,27,2015/2016,male,Aston Villa,Leicester City,0,True,True,True,,11,387,1,statsbombpy,
3754260,2016-01-16,2,Premier League,27,2015/2016,male,Manchester City,Crystal Palace,1,True,True,True,,11,369,1,statsbombpy,
3754338,2016-01-16,2,Premier League,27,2015/2016,male,Newcastle United,West Ham United,1,True,True,True,,11,366,1,statsbombpy,
3825732,2016-01-16,11,La Liga,27,2015/2016,male,Celta Vigo,Levante UD,1,True,True,True,,11,409,1,statsbombpy,
3825733,2016-01-16,11,La Liga,27,2015/2016,male,Sevilla,Málaga,1,True,True,True,,11,341,1,statsbombpy,
3825734,2016-01-16,11,La Liga,27,2015/2016,male,Real Sociedad,RC Deportivo La Coruña,0,True,True,True,,11,504,1,statsbombpy,
3825735,2016-01-16,11,La Liga,27,2015/2016,male,Villarreal,Real Betis,0,True,True,True,,11,410,1,statsbombpy,
3879686,2016-01-16,12,Serie A,27,2015/2016,male,Napoli,Sassuolo,1,True,True,True,,11,605,1,statsbombpy,
3879687,2016-01-16,12,Serie A,27,2015/2016,male,Torino,Frosinone,1,True,True,True,,11,301,1,statsbombpy,
3879688,2016-01-16,12,Serie A,27,2015/2016,male,Atalanta,Inter Milan,0,True,True,True,,11,244,1,statsbombpy,
3900581,2016-01-16,7,Ligue 1,27,2015/2016,male,Bordeaux,Lille,1,True,True,True,,11,429,1,statsbombpy,
3900582,2016-01-16,7,Ligue 1,27,2015/2016,male,Gazélec Ajaccio,Stade de Reims,0,True,True,True,,11,376,1,statsbombpy,
3900583,2016-01-16,7,Ligue 1,27,2015/2016,male,Troyes,Rennes,0,True,True,True,,11,323,1,statsbombpy,
3900584,2016-01-16,7,Ligue 1,27,2015/2016,male,Bastia,Montpellier,1,True,True,True,,11,277,1,statsbombpy,
3900585,2016-01-16,7,Ligue 1,27,2015/2016,male,Toulouse,Paris Saint-Germain,0,True,True,True,,11,187,1,statsbombpy,
3900586,2016-01-16,7,Ligue 1,27,2015/2016,male,Guingamp,Nantes,0,True,True,True,,11,229,1,statsbombpy,
266149,2016-01-17,11,La Liga,27,2015/2016,male,Barcelona,Athletic Club,1,True,True,True,,11,562,1,statsbombpy,
3754202,2016-01-17,2,Premier League,27,2015/2016,male,Stoke City,Arsenal,0,True,True,True,,11,317,1,statsbombpy,
3754345,2016-01-17,2,Premier League,27,2015/2016,male,Liverpool,Manchester United,0,True,True,True,,11,365,1,statsbombpy,
3825736,2016-01-17,11,La Liga,27,2015/2016,male,Valencia,Rayo Vallecano,0,True,True,True,,11,317,1,statsbombpy,
3825737,2016-01-17,11,La Liga,27,2015/2016,male,Getafe,Espanyol,1,True,True,True,,11,241,1,statsbombpy,
3825738,2016-01-17,11,La Liga,27,2015/2016,male,Las Palmas,Atlético Madrid,0,True,True,True,,11,569,1,statsbombpy,
3825739,2016-01-17,11,La Liga,27,2015/2016,male,Real Madrid,Sporting Gijón,1,True,True,True,,11,611,1,statsbombpy,
3879689,2016-01-17,12,Serie A,27,2015/2016,male,Carpi,Sampdoria,1,True,True,True,,11,175,1,statsbombpy,
3879690,2016-01-17,12,Serie A,27,2015/2016,male,AC Milan,Fiorentina,1,True,True,True,,11,207,1,statsbombpy,
3879691,2016-01-17,12,Serie A,27,2015/2016,male,AS Roma,Hellas Verona,0,True,True,True,,11,501,1,statsbombpy,
3879692,2016-01-17,12,Serie A,27,2015/2016,male,Chievo,Empoli,0,True,True,True,,11,237,1,statsbombpy,
3879693,2016-01-17,12,Serie A,27,2015/2016,male,Udinese,Juventus,0,True,True,True,,11,279,1,statsbombpy,
3879694,2016-01-17,12,Serie A,27,2015/2016,male,Bologna,Lazio,0,True,True,True,,11,207,1,statsbombpy,
3879695,2016-01-17,12,Serie A,27,2015/2016,male,Genoa,Palermo,1,True,True,True,,11,388,1,statsbombpy,
3900587,2016-01-17,7,Ligue 1,27,2015/2016,male,Saint-Étienne,Lyon,1,True,True,True,,11,154,1,statsbombpy,
3900588,2016-01-17,7,Ligue 1,27,2015/2016,male,Lorient,AS Monaco,0,True,True,True,,11,376,1,statsbombpy,
3900589,2016-01-17,7,Ligue 1,27,2015/2016,male,Stade Malherbe Caen,Olympique de Marseille,0,True,True,True,,11,219,1,statsbombpy,
3754161,2016-01-18,2,Premier League,27,2015/2016,male,Swansea City,Watford,1,True,True,True,,11,421,1,statsbombpy,
3825740,2016-01-18,11,La Liga,27,2015/2016,male,Eibar,Granada,1,True,True,True,,11,271,1,statsbombpy,
3879696,2016-01-20,12,Serie A,27,2015/2016,male,Sassuolo,Torino,0,True,True,True,,11,436,1,statsbombpy,
3825741,2016-01-22,11,La Liga,27,2015/2016,male,Sporting Gijón,Real Sociedad,1,True,True,True,,11,217,1,statsbombpy,
3900590,2016-01-22,7,Ligue 1,27,2015/2016,male,Rennes,Gazélec Ajaccio,1,True,True,True,,11,426,1,statsbombpy,
265894,2016-01-23,11,La Liga,27,2015/2016,male,Málaga,Barcelona,0,True,True,True,,11,188,1,statsbombpy,
3753975,2016-01-23,2,Premier League,27,2015/2016,male,Sunderland,AFC Bournemouth,0,True,True,True,,11,289,1,statsbombpy,
3754084,2016-01-23,2,Premier League,27,2015/2016,male,West Bromwich Albion,Aston Villa,0,True,True,True,,11,186,1,statsbombpy,
3754110,2016-01-23,2,Premier League,27,2015/2016,male,West Ham United,Manchester City,0,True,True,True,,11,286,1,statsbombpy,
3754179,2016-01-23,2,Premier League,27,2015/2016,male,Crystal Palace,Tottenham Hotspur,0,True,True,True,,11,199,1,statsbombpy,
3754200,2016-01-23,2,Premier League,27,2015/2016,male,Manchester United,Southampton,0,True,True,True,,11,323,1,statsbombpy,
3754271,2016-01-23,2,Premier League,27,2015/2016,male,Watford,Newcastle United,1,True,True,True,,11,363,1,statsbombpy,
3754341,2016-01-23,2,Premier League,27,2015/2016,male,Leicester City,Stoke City,1,True,True,True,,11,256,1,statsbombpy,
3754348,2016-01-23,2,Premier League,27,2015/2016,male,Norwich City,Liverpool,0,True,True,True,,11,273,1,statsbombpy,
3825742,2016-01-23,11,La Liga,27,2015/2016,male,Granada,Getafe,1,True,True,True,,11,302,1,statsbombpy,
3825743,2016-01-23,11,La Liga,27,2015/2016,male,Rayo Vallecano,Celta Vigo,1,True,True,True,,11,235,1,statsbombpy,
3825744,2016-01-23,11,La Liga,27,2015/2016,male,Espanyol,Villarreal,0,True,True,True,,11,319,1,statsbombpy,
3879697,2016-01-23,12,Serie A,27,2015/2016,male,Frosinone,Atalanta,0,True,True,True,,11,239,1,statsbombpy,
3879698,2016-01-23,12,Serie A,27,2015/2016,male,Empoli,AC Milan,0,True,True,True,,11,465,1,statsbombpy,
3890415,2016-01-23,9,1. Bundesliga,27,2015/2016,male,Hoffenheim,Bayer Leverkusen,0,True,False,False,insufficient_rolling_history,11,200,1,statsbombpy,
3900591,2016-01-23,7,Ligue 1,27,2015/2016,male,Paris Saint-Germain,Angers,1,True,True,True,,11,744,1,statsbombpy,
3900592,2016-01-23,7,Ligue 1,27,2015/2016,male,Montpellier,Stade Malherbe Caen,0,True,True,True,,11,487,1,statsbombpy,
3900593,2016-01-23,7,Ligue 1,27,2015/2016,male,Lille,Troyes,0,True,True,True,,11,404,1,statsbombpy,
3900594,2016-01-23,7,Ligue 1,27,2015/2016,male,Nantes,Bordeaux,0,True,True,True,,11,167,1,statsbombpy,
3900595,2016-01-23,7,Ligue 1,27,2015/2016,male,OGC Nice,Lorient,1,True,True,True,,11,544,1,statsbombpy,
3900596,2016-01-23,7,Ligue 1,27,2015/2016,male,Guingamp,Bastia,1,True,True,True,,11,394,1,statsbombpy,
3754111,2016-01-24,2,Premier League,27,2015/2016,male,Arsenal,Chelsea,0,True,True,True,,11,345,1,statsbombpy,
3754163,2016-01-24,2,Premier League,27,2015/2016,male,Everton,Swansea City,0,True,True,True,,11,492,1,statsbombpy,
3825745,2016-01-24,11,La Liga,27,2015/2016,male,RC Deportivo La Coruña,Valencia,0,True,True,True,,11,320,1,statsbombpy,
3825746,2016-01-24,11,La Liga,27,2015/2016,male,Real Betis,Real Madrid,0,True,True,True,,11,211,1,statsbombpy,
3825747,2016-01-24,11,La Liga,27,2015/2016,male,Athletic Club,Eibar,1,True,True,True,,11,305,1,statsbombpy,
3825748,2016-01-24,11,La Liga,27,2015/2016,male,Atlético Madrid,Sevilla,0,True,True,True,,11,442,1,statsbombpy,
3879699,2016-01-24,12,Serie A,27,2015/2016,male,Sampdoria,Napoli,0,True,True,True,,11,327,1,statsbombpy,
3879700,2016-01-24,12,Serie A,27,2015/2016,male,Palermo,Udinese,1,True,True,True,,11,305,1,statsbombpy,
3879701,2016-01-24,12,Serie A,27,2015/2016,male,Juventus,AS Roma,1,True,True,True,,11,552,1,statsbombpy,
3879702,2016-01-24,12,Serie A,27,2015/2016,male,Hellas Verona,Genoa,0,True,True,True,,11,277,1,statsbombpy,
3879703,2016-01-24,12,Serie A,27,2015/2016,male,Lazio,Chievo,1,True,True,True,,11,364,1,statsbombpy,
3879704,2016-01-24,12,Serie A,27,2015/2016,male,Inter Milan,Carpi,0,True,True,True,,11,551,1,statsbombpy,
3879705,2016-01-24,12,Serie A,27,2015/2016,male,Sassuolo,Bologna,0,True,True,True,,11,385,1,statsbombpy,
3879706,2016-01-24,12,Serie A,27,2015/2016,male,Fiorentina,Torino,1,True,True,True,,11,410,1,statsbombpy,
3900597,2016-01-24,7,Ligue 1,27,2015/2016,male,Lyon,Olympique de Marseille,0,True,True,True,,11,464,1,statsbombpy,
3900598,2016-01-24,7,Ligue 1,27,2015/2016,male,AS Monaco,Toulouse,1,True,True,True,,11,266,1,statsbombpy,
3900599,2016-01-24,7,Ligue 1,27,2015/2016,male,Stade de Reims,Saint-Étienne,0,True,True,True,,11,314,1,statsbombpy,
3825749,2016-01-25,11,La Liga,27,2015/2016,male,Levante UD,Las Palmas,1,True,True,True,,11,186,1,statsbombpy,
3900600,2016-01-29,7,Ligue 1,27,2015/2016,male,Olympique de Marseille,Lille,0,True,True,True,,11,371,1,statsbombpy,
267576,2016-01-30,11,La Liga,27,2015/2016,male,Barcelona,Atlético Madrid,1,True,True,True,,11,581,1,statsbombpy,
3825750,2016-01-30,11,La Liga,27,2015/2016,male,Real Sociedad,Real Betis,1,True,True,True,,11,305,1,statsbombpy,
3825751,2016-01-30,11,La Liga,27,2015/2016,male,Getafe,Athletic Club,0,True,True,True,,11,312,1,statsbombpy,
3825752,2016-01-30,11,La Liga,27,2015/2016,male,Eibar,Málaga,0,True,True,True,,11,269,1,statsbombpy,
3825753,2016-01-30,11,La Liga,27,2015/2016,male,Villarreal,Granada,1,True,True,True,,11,401,1,statsbombpy,
3879707,2016-01-30,12,Serie A,27,2015/2016,male,AS Roma,Frosinone,1,True,True,True,,11,441,1,statsbombpy,
3879708,2016-01-30,12,Serie A,27,2015/2016,male,Atalanta,Sassuolo,0,True,True,True,,11,319,1,statsbombpy,
3879709,2016-01-30,12,Serie A,27,2015/2016,male,Carpi,Palermo,0,True,True,True,,11,270,1,statsbombpy,
3890427,2016-01-30,9,1. Bundesliga,27,2015/2016,male,Bayer Leverkusen,Hannover 96,1,True,False,False,insufficient_rolling_history,11,358,1,statsbombpy,
3900601,2016-01-30,7,Ligue 1,27,2015/2016,male,Gazélec Ajaccio,Montpellier,0,True,True,True,,11,341,1,statsbombpy,
3900602,2016-01-30,7,Ligue 1,27,2015/2016,male,Lorient,Stade de Reims,1,True,True,True,,11,275,1,statsbombpy,
3900603,2016-01-30,7,Ligue 1,27,2015/2016,male,Toulouse,Guingamp,0,True,True,True,,11,401,1,statsbombpy,
3900604,2016-01-30,7,Ligue 1,27,2015/2016,male,Angers,AS Monaco,1,True,True,True,,11,276,1,statsbombpy,
3900605,2016-01-30,7,Ligue 1,27,2015/2016,male,Bastia,Lyon,1,True,True,True,,11,127,1,statsbombpy,
3900606,2016-01-30,7,Ligue 1,27,2015/2016,male,Troyes,Nantes,0,True,True,True,,11,417,1,statsbombpy,
3825754,2016-01-31,11,La Liga,27,2015/2016,male,Las Palmas,Celta Vigo,1,True,True,True,,11,358,1,statsbombpy,
3825755,2016-01-31,11,La Liga,27,2015/2016,male,Valencia,Sporting Gijón,0,True,True,True,,11,338,1,statsbombpy,
3825756,2016-01-31,11,La Liga,27,2015/2016,male,Sevilla,Levante UD,1,True,True,True,,11,316,1,statsbombpy,
3825757,2016-01-31,11,La Liga,27,2015/2016,male,Real Madrid,Espanyol,1,True,True,True,,11,553,1,statsbombpy,
3879710,2016-01-31,12,Serie A,27,2015/2016,male,Bologna,Sampdoria,1,True,True,True,,11,289,1,statsbombpy,
3879711,2016-01-31,12,Serie A,27,2015/2016,male,Udinese,Lazio,0,True,True,True,,11,156,1,statsbombpy,
3879712,2016-01-31,12,Serie A,27,2015/2016,male,AC Milan,Inter Milan,1,True,True,True,,11,324,1,statsbombpy,
3879713,2016-01-31,12,Serie A,27,2015/2016,male,Chievo,Juventus,0,True,True,True,,11,282,1,statsbombpy,
3879714,2016-01-31,12,Serie A,27,2015/2016,male,Napoli,Empoli,1,True,True,True,,11,564,1,statsbombpy,
3879715,2016-01-31,12,Serie A,27,2015/2016,male,Torino,Hellas Verona,0,True,True,True,,11,323,1,statsbombpy,
3879716,2016-01-31,12,Serie A,27,2015/2016,male,Genoa,Fiorentina,0,True,True,True,,11,252,1,statsbombpy,
3900608,2016-01-31,7,Ligue 1,27,2015/2016,male,Stade Malherbe Caen,OGC Nice,1,True,True,True,,11,134,1,statsbombpy,
3900609,2016-01-31,7,Ligue 1,27,2015/2016,male,Bordeaux,Rennes,1,True,True,True,,11,381,1,statsbombpy,
3825758,2016-02-01,11,La Liga,27,2015/2016,male,RC Deportivo La Coruña,Rayo Vallecano,0,True,True,True,,11,329,1,statsbombpy,
3753997,2016-02-02,2,Premier League,27,2015/2016,male,West Ham United,Aston Villa,1,True,True,True,,11,586,1,statsbombpy,
3754089,2016-02-02,2,Premier League,27,2015/2016,male,Crystal Palace,AFC Bournemouth,0,True,True,True,,11,269,1,statsbombpy,
3754094,2016-02-02,2,Premier League,27,2015/2016,male,Manchester United,Stoke City,1,True,True,True,,11,349,1,statsbombpy,
3754095,2016-02-02,2,Premier League,27,2015/2016,male,Sunderland,Manchester City,0,True,True,True,,11,261,1,statsbombpy,
3754201,2016-02-02,2,Premier League,27,2015/2016,male,Arsenal,Southampton,0,True,True,True,,11,458,1,statsbombpy,
3754275,2016-02-02,2,Premier League,27,2015/2016,male,Leicester City,Liverpool,1,True,True,True,,11,215,1,statsbombpy,
3754317,2016-02-02,2,Premier League,27,2015/2016,male,Norwich City,Tottenham Hotspur,0,True,True,True,,11,258,1,statsbombpy,
3754340,2016-02-02,2,Premier League,27,2015/2016,male,West Bromwich Albion,Swansea City,0,True,True,True,,11,265,1,statsbombpy,
3879717,2016-02-02,12,Serie A,27,2015/2016,male,Sassuolo,AS Roma,0,True,True,True,,11,339,1,statsbombpy,
3900610,2016-02-02,7,Ligue 1,27,2015/2016,male,Montpellier,Olympique de Marseille,0,True,True,True,,11,285,1,statsbombpy,
3900611,2016-02-02,7,Ligue 1,27,2015/2016,male,AS Monaco,Bastia,1,True,True,True,,11,416,1,statsbombpy,
3754103,2016-02-03,2,Premier League,27,2015/2016,male,Watford,Chelsea,0,True,True,True,,11,335,1,statsbombpy,
3754252,2016-02-03,2,Premier League,27,2015/2016,male,Everton,Newcastle United,1,True,True,True,,11,396,1,statsbombpy,
3879718,2016-02-03,12,Serie A,27,2015/2016,male,Empoli,Udinese,0,True,True,True,,11,520,1,statsbombpy,
3879719,2016-02-03,12,Serie A,27,2015/2016,male,Sampdoria,Torino,0,True,True,True,,11,304,1,statsbombpy,
3879720,2016-02-03,12,Serie A,27,2015/2016,male,Lazio,Napoli,0,True,True,True,,11,301,1,statsbombpy,
3879721,2016-02-03,12,Serie A,27,2015/2016,male,Palermo,AC Milan,0,True,True,True,,11,205,1,statsbombpy,
3879722,2016-02-03,12,Serie A,27,2015/2016,male,Hellas Verona,Atalanta,1,True,True,True,,11,236,1,statsbombpy,
3879723,2016-02-03,12,Serie A,27,2015/2016,male,Inter Milan,Chievo,1,True,True,True,,11,452,1,statsbombpy,
3879724,2016-02-03,12,Serie A,27,2015/2016,male,Fiorentina,Carpi,1,True,True,True,,11,490,1,statsbombpy,
3879725,2016-02-03,12,Serie A,27,2015/2016,male,Frosinone,Bologna,1,True,True,True,,11,205,1,statsbombpy,
3879726,2016-02-03,12,Serie A,27,2015/2016,male,Juventus,Genoa,1,True,True,True,,11,322,1,statsbombpy,
3900612,2016-02-03,7,Ligue 1,27,2015/2016,male,Guingamp,Troyes,1,True,True,True,,11,354,1,statsbombpy,
3900613,2016-02-03,7,Ligue 1,27,2015/2016,male,OGC Nice,Toulouse,1,True,True,True,,11,529,1,statsbombpy,
3900614,2016-02-03,7,Ligue 1,27,2015/2016,male,Lille,Stade Malherbe Caen,1,True,True,True,,11,427,1,statsbombpy,
3900615,2016-02-03,7,Ligue 1,27,2015/2016,male,Nantes,Gazélec Ajaccio,1,True,True,True,,11,375,1,statsbombpy,
3900616,2016-02-03,7,Ligue 1,27,2015/2016,male,Lyon,Bordeaux,1,True,True,True,,11,363,1,statsbombpy,
3900617,2016-02-03,7,Ligue 1,27,2015/2016,male,Stade de Reims,Angers,1,True,True,True,,11,349,1,statsbombpy,
3900618,2016-02-03,7,Ligue 1,27,2015/2016,male,Paris Saint-Germain,Lorient,1,True,True,True,,11,593,1,statsbombpy,
3900619,2016-02-04,7,Ligue 1,27,2015/2016,male,Rennes,Saint-Étienne,0,True,True,True,,11,303,1,statsbombpy,
3825759,2016-02-05,11,La Liga,27,2015/2016,male,Málaga,Getafe,1,True,True,True,,11,270,1,statsbombpy,
3754080,2016-02-06,2,Premier League,27,2015/2016,male,Tottenham Hotspur,Watford,1,True,True,True,,11,458,1,statsbombpy,
3754120,2016-02-06,2,Premier League,27,2015/2016,male,Southampton,West Ham United,1,True,True,True,,11,226,1,statsbombpy,
3754127,2016-02-06,2,Premier League,27,2015/2016,male,Stoke City,Everton,0,True,True,True,,11,501,1,statsbombpy,
3754290,2016-02-06,2,Premier League,27,2015/2016,male,Manchester City,Leicester City,0,True,True,True,,11,445,1,statsbombpy,
3754292,2016-02-06,2,Premier League,27,2015/2016,male,Newcastle United,West Bromwich Albion,1,True,True,True,,11,451,1,statsbombpy,
3754303,2016-02-06,2,Premier League,27,2015/2016,male,Swansea City,Crystal Palace,0,True,True,True,,11,385,1,statsbombpy,
3754306,2016-02-06,2,Premier League,27,2015/2016,male,Aston Villa,Norwich City,1,True,True,True,,11,309,1,statsbombpy,
3754316,2016-02-06,2,Premier League,27,2015/2016,male,Liverpool,Sunderland,0,True,True,True,,11,555,1,statsbombpy,
3825760,2016-02-06,11,La Liga,27,2015/2016,male,Atlético Madrid,Eibar,1,True,True,True,,11,276,1,statsbombpy,
3825761,2016-02-06,11,La Liga,27,2015/2016,male,Athletic Club,Villarreal,0,True,True,True,,11,402,1,statsbombpy,
3825762,2016-02-06,11,La Liga,27,2015/2016,male,Sporting Gijón,RC Deportivo La Coruña,0,True,True,True,,11,240,1,statsbombpy,
3825763,2016-02-06,11,La Liga,27,2015/2016,male,Rayo Vallecano,Las Palmas,1,True,True,True,,11,291,1,statsbombpy,
3879727,2016-02-06,12,Serie A,27,2015/2016,male,Genoa,Lazio,0,True,True,True,,11,267,1,statsbombpy,
3879728,2016-02-06,12,Serie A,27,2015/2016,male,Bologna,Fiorentina,0,True,True,True,,11,328,1,statsbombpy,
3890431,2016-02-06,9,1. Bundesliga,27,2015/2016,male,Bayer Leverkusen,Bayern Munich,0,True,False,False,insufficient_rolling_history,11,181,1,statsbombpy,
3900620,2016-02-06,7,Ligue 1,27,2015/2016,male,Stade Malherbe Caen,Stade de Reims,0,True,True,True,,11,243,1,statsbombpy,
3900621,2016-02-06,7,Ligue 1,27,2015/2016,male,Toulouse,Nantes,0,True,True,True,,11,322,1,statsbombpy,
3900622,2016-02-06,7,Ligue 1,27,2015/2016,male,Bastia,Troyes,1,True,True,True,,11,265,1,statsbombpy,
3900623,2016-02-06,7,Ligue 1,27,2015/2016,male,Lorient,Montpellier,0,True,True,True,,11,343,1,statsbombpy,
3900624,2016-02-06,7,Ligue 1,27,2015/2016,male,Angers,Lyon,0,True,True,True,,11,222,1,statsbombpy,
3900625,2016-02-06,7,Ligue 1,27,2015/2016,male,AS Monaco,OGC Nice,1,True,True,True,,11,208,1,statsbombpy,
3900626,2016-02-06,7,Ligue 1,27,2015/2016,male,Gazélec Ajaccio,Guingamp,0,True,True,True,,11,438,1,statsbombpy,
266160,2016-02-07,11,La Liga,27,2015/2016,male,Levante UD,Barcelona,0,True,True,True,,11,192,1,statsbombpy,
3754253,2016-02-07,2,Premier League,27,2015/2016,male,AFC Bournemouth,Arsenal,0,True,True,True,,11,377,1,statsbombpy,
3754281,2016-02-07,2,Premier League,27,2015/2016,male,Chelsea,Manchester United,0,True,True,True,,11,294,1,statsbombpy,
3825764,2016-02-07,11,La Liga,27,2015/2016,male,Granada,Real Madrid,0,True,True,True,,11,276,1,statsbombpy,
3825765,2016-02-07,11,La Liga,27,2015/2016,male,Celta Vigo,Sevilla,0,True,True,True,,11,563,1,statsbombpy,
3825766,2016-02-07,11,La Liga,27,2015/2016,male,Real Betis,Valencia,1,True,True,True,,11,222,1,statsbombpy,
3879729,2016-02-07,12,Serie A,27,2015/2016,male,Sassuolo,Palermo,0,True,True,True,,11,367,1,statsbombpy,
3879730,2016-02-07,12,Serie A,27,2015/2016,male,Hellas Verona,Inter Milan,0,True,True,True,,11,117,1,statsbombpy,
3879731,2016-02-07,12,Serie A,27,2015/2016,male,Napoli,Carpi,1,True,True,True,,11,640,1,statsbombpy,
3879732,2016-02-07,12,Serie A,27,2015/2016,male,Torino,Chievo,0,True,True,True,,11,343,1,statsbombpy,
3879733,2016-02-07,12,Serie A,27,2015/2016,male,Frosinone,Juventus,0,True,True,True,,11,165,1,statsbombpy,
3879734,2016-02-07,12,Serie A,27,2015/2016,male,AC Milan,Udinese,0,True,True,True,,11,389,1,statsbombpy,
3879735,2016-02-07,12,Serie A,27,2015/2016,male,Atalanta,Empoli,0,True,True,True,,11,264,1,statsbombpy,
3879736,2016-02-07,12,Serie A,27,2015/2016,male,AS Roma,Sampdoria,1,True,True,True,,11,479,1,statsbombpy,
3900627,2016-02-07,7,Ligue 1,27,2015/2016,male,Bordeaux,Saint-Étienne,0,True,True,True,,11,345,1,statsbombpy,
3900628,2016-02-07,7,Ligue 1,27,2015/2016,male,Lille,Rennes,0,True,True,True,,11,316,1,statsbombpy,
3900629,2016-02-07,7,Ligue 1,27,2015/2016,male,Olympique de Marseille,Paris Saint-Germain,0,True,True,True,,11,395,1,statsbombpy,
3825767,2016-02-08,11,La Liga,27,2015/2016,male,Espanyol,Real Sociedad,0,True,True,True,,11,405,1,statsbombpy,
3879737,2016-02-11,12,Serie A,27,2015/2016,male,Lazio,Hellas Verona,1,True,True,True,,11,455,1,statsbombpy,
3825768,2016-02-12,11,La Liga,27,2015/2016,male,Sporting Gijón,Rayo Vallecano,0,True,True,True,,11,234,1,statsbombpy,
3879738,2016-02-12,12,Serie A,27,2015/2016,male,Carpi,AS Roma,0,True,True,True,,11,137,1,statsbombpy,
3900630,2016-02-12,7,Ligue 1,27,2015/2016,male,Rennes,Angers,1,True,True,True,,11,541,1,statsbombpy,
3754031,2016-02-13,2,Premier League,27,2015/2016,male,Sunderland,Manchester United,1,True,True,True,,11,162,1,statsbombpy,
3754039,2016-02-13,2,Premier League,27,2015/2016,male,Crystal Palace,Watford,0,True,True,True,,11,303,1,statsbombpy,
3754139,2016-02-13,2,Premier League,27,2015/2016,male,Swansea City,Southampton,0,True,True,True,,11,345,1,statsbombpy,
3754244,2016-02-13,2,Premier League,27,2015/2016,male,Norwich City,West Ham United,0,True,True,True,,11,250,1,statsbombpy,
3754264,2016-02-13,2,Premier League,27,2015/2016,male,Chelsea,Newcastle United,1,True,True,True,,11,428,1,statsbombpy,
3754274,2016-02-13,2,Premier League,27,2015/2016,male,AFC Bournemouth,Stoke City,0,True,True,True,,11,421,1,statsbombpy,
3754350,2016-02-13,2,Premier League,27,2015/2016,male,Everton,West Bromwich Albion,0,True,True,True,,11,524,1,statsbombpy,
3825769,2016-02-13,11,La Liga,27,2015/2016,male,Villarreal,Málaga,1,True,True,True,,11,344,1,statsbombpy,
3825770,2016-02-13,11,La Liga,27,2015/2016,male,Real Madrid,Athletic Club,1,True,True,True,,11,510,1,statsbombpy,
3825771,2016-02-13,11,La Liga,27,2015/2016,male,RC Deportivo La Coruña,Real Betis,0,True,True,True,,11,280,1,statsbombpy,
3825772,2016-02-13,11,La Liga,27,2015/2016,male,Valencia,Espanyol,1,True,True,True,,11,324,1,statsbombpy,
3879739,2016-02-13,12,Serie A,27,2015/2016,male,Juventus,Napoli,1,True,True,True,,11,382,1,statsbombpy,
3879740,2016-02-13,12,Serie A,27,2015/2016,male,Empoli,Frosinone,0,True,True,True,,11,443,1,statsbombpy,
3879741,2016-02-13,12,Serie A,27,2015/2016,male,Chievo,Sassuolo,0,True,True,True,,11,207,1,statsbombpy,
3890444,2016-02-13,9,1. Bundesliga,27,2015/2016,male,Darmstadt 98,Bayer Leverkusen,0,True,False,False,insufficient_rolling_history,11,131,1,statsbombpy,
3900631,2016-02-13,7,Ligue 1,27,2015/2016,male,Montpellier,Toulouse,1,True,True,True,,11,258,1,statsbombpy,
3900632,2016-02-13,7,Ligue 1,27,2015/2016,male,Guingamp,Bordeaux,0,True,True,True,,11,220,1,statsbombpy,
3900633,2016-02-13,7,Ligue 1,27,2015/2016,male,Gazélec Ajaccio,Troyes,0,True,True,True,,11,276,1,statsbombpy,
3900634,2016-02-13,7,Ligue 1,27,2015/2016,male,Paris Saint-Germain,Lille,0,True,True,True,,11,462,1,statsbombpy,
3900635,2016-02-13,7,Ligue 1,27,2015/2016,male,Stade de Reims,Bastia,0,True,True,True,,11,336,1,statsbombpy,
3900636,2016-02-13,7,Ligue 1,27,2015/2016,male,Nantes,Lorient,1,True,True,True,,11,304,1,statsbombpy,
266254,2016-02-14,11,La Liga,27,2015/2016,male,Barcelona,Celta Vigo,1,True,True,True,,11,409,1,statsbombpy,
3754147,2016-02-14,2,Premier League,27,2015/2016,male,Manchester City,Tottenham Hotspur,0,True,True,True,,11,367,1,statsbombpy,
3754214,2016-02-14,2,Premier League,27,2015/2016,male,Aston Villa,Liverpool,0,True,True,True,,11,312,1,statsbombpy,
3754261,2016-02-14,2,Premier League,27,2015/2016,male,Arsenal,Leicester City,1,True,True,True,,11,569,1,statsbombpy,
3825773,2016-02-14,11,La Liga,27,2015/2016,male,Eibar,Levante UD,1,True,True,True,,11,289,1,statsbombpy,
3825774,2016-02-14,11,La Liga,27,2015/2016,male,Getafe,Atlético Madrid,0,True,True,True,,11,514,1,statsbombpy,
3825775,2016-02-14,11,La Liga,27,2015/2016,male,Real Sociedad,Granada,1,True,True,True,,11,272,1,statsbombpy,
3825776,2016-02-14,11,La Liga,27,2015/2016,male,Sevilla,Las Palmas,1,True,True,True,,11,361,1,statsbombpy,
3879742,2016-02-14,12,Serie A,27,2015/2016,male,AC Milan,Genoa,1,True,True,True,,11,397,1,statsbombpy,
3879743,2016-02-14,12,Serie A,27,2015/2016,male,Udinese,Bologna,0,True,True,True,,11,300,1,statsbombpy,
3879744,2016-02-14,12,Serie A,27,2015/2016,male,Sampdoria,Atalanta,0,True,True,True,,11,372,1,statsbombpy,
3879745,2016-02-14,12,Serie A,27,2015/2016,male,Palermo,Torino,0,True,True,True,,11,341,1,statsbombpy,
3879746,2016-02-14,12,Serie A,27,2015/2016,male,Fiorentina,Inter Milan,1,True,True,True,,11,448,1,statsbombpy,
3900637,2016-02-14,7,Ligue 1,27,2015/2016,male,OGC Nice,Olympique de Marseille,0,False,False,False,metadata_team_missing_from_events,0,0,1,statsbombpy,
3900638,2016-02-14,7,Ligue 1,27,2015/2016,male,Lyon,Stade Malherbe Caen,1,True,True,True,,11,433,1,statsbombpy,
3900639,2016-02-14,7,Ligue 1,27,2015/2016,male,Saint-Étienne,AS Monaco,0,True,True,True,,11,292,1,statsbombpy,
266815,2016-02-17,11,La Liga,27,2015/2016,male,Sporting Gijón,Barcelona,0,True,True,True,,11,123,1,statsbombpy,
3825777,2016-02-19,11,La Liga,27,2015/2016,male,Levante UD,Getafe,1,True,True,True,,11,218,1,statsbombpy,
3879747,2016-02-19,12,Serie A,27,2015/2016,male,Bologna,Juventus,0,True,True,True,,11,311,1,statsbombpy,
3901144,2016-02-19,7,Ligue 1,27,2015/2016,male,Bordeaux,OGC Nice,0,True,True,True,,11,360,1,statsbombpy,
267273,2016-02-20,11,La Liga,27,2015/2016,male,Las Palmas,Barcelona,0,True,True,True,,11,412,1,statsbombpy,
3825778,2016-02-20,11,La Liga,27,2015/2016,male,Real Betis,Sporting Gijón,0,True,True,True,,11,304,1,statsbombpy,
3825779,2016-02-20,11,La Liga,27,2015/2016,male,Celta Vigo,Eibar,1,True,True,True,,11,444,1,statsbombpy,
3825780,2016-02-20,11,La Liga,27,2015/2016,male,Espanyol,RC Deportivo La Coruña,1,True,True,True,,11,236,1,statsbombpy,
3879748,2016-02-20,12,Serie A,27,2015/2016,male,Hellas Verona,Chievo,1,True,True,True,,11,184,1,statsbombpy,
3879749,2016-02-20,12,Serie A,27,2015/2016,male,Inter Milan,Sampdoria,1,True,True,True,,11,267,1,statsbombpy,
3901145,2016-02-20,7,Ligue 1,27,2015/2016,male,Angers,Montpellier,0,True,True,True,,11,249,1,statsbombpy,
3901146,2016-02-20,7,Ligue 1,27,2015/2016,male,Paris Saint-Germain,Stade de Reims,1,True,True,True,,11,634,1,statsbombpy,
3901147,2016-02-20,7,Ligue 1,27,2015/2016,male,Toulouse,Gazélec Ajaccio,0,True,True,True,,11,318,1,statsbombpy,
3901148,2016-02-20,7,Ligue 1,27,2015/2016,male,Lorient,Guingamp,1,True,True,True,,11,362,1,statsbombpy,
3901149,2016-02-20,7,Ligue 1,27,2015/2016,male,AS Monaco,Troyes,1,True,True,True,,11,387,1,statsbombpy,
3825781,2016-02-21,11,La Liga,27,2015/2016,male,Rayo Vallecano,Sevilla,0,True,True,True,,11,297,1,statsbombpy,
3825782,2016-02-21,11,La Liga,27,2015/2016,male,Granada,Valencia,0,True,True,True,,11,360,1,statsbombpy,
3825783,2016-02-21,11,La Liga,27,2015/2016,male,Athletic Club,Real Sociedad,0,True,True,True,,11,313,1,statsbombpy,
3825784,2016-02-21,11,La Liga,27,2015/2016,male,Atlético Madrid,Villarreal,0,True,True,True,,11,403,1,statsbombpy,
3825785,2016-02-21,11,La Liga,27,2015/2016,male,Málaga,Real Madrid,0,True,True,True,,11,204,1,statsbombpy,
3879750,2016-02-21,12,Serie A,27,2015/2016,male,Atalanta,Fiorentina,0,True,True,True,,11,296,1,statsbombpy,
3879751,2016-02-21,12,Serie A,27,2015/2016,male,AS Roma,Palermo,1,True,True,True,,11,513,1,statsbombpy,
3879752,2016-02-21,12,Serie A,27,2015/2016,male,Genoa,Udinese,1,True,True,True,,11,355,1,statsbombpy,
3879753,2016-02-21,12,Serie A,27,2015/2016,male,Sassuolo,Empoli,1,True,True,True,,11,304,1,statsbombpy,
3879754,2016-02-21,12,Serie A,27,2015/2016,male,Torino,Carpi,0,True,True,True,,11,336,1,statsbombpy,
3879755,2016-02-21,12,Serie A,27,2015/2016,male,Frosinone,Lazio,0,True,True,True,,11,200,1,statsbombpy,
3890456,2016-02-21,9,1. Bundesliga,27,2015/2016,male,Bayer Leverkusen,Borussia Dortmund,0,True,False,False,insufficient_rolling_history,11,253,1,statsbombpy,
3901150,2016-02-21,7,Ligue 1,27,2015/2016,male,Olympique de Marseille,Saint-Étienne,0,True,True,True,,11,325,1,statsbombpy,
3901151,2016-02-21,7,Ligue 1,27,2015/2016,male,Lille,Lyon,1,True,True,True,,11,232,1,statsbombpy,
3901152,2016-02-21,7,Ligue 1,27,2015/2016,male,Stade Malherbe Caen,Rennes,1,True,True,True,,11,226,1,statsbombpy,
3879756,2016-02-22,12,Serie A,27,2015/2016,male,Napoli,AC Milan,0,True,True,True,,11,567,1,statsbombpy,
3825786,2016-02-26,11,La Liga,27,2015/2016,male,Eibar,Las Palmas,0,True,True,True,,11,272,1,statsbombpy,
3901153,2016-02-26,7,Ligue 1,27,2015/2016,male,OGC Nice,Bastia,0,True,True,True,,11,469,1,statsbombpy,
3754012,2016-02-27,2,Premier League,27,2015/2016,male,Southampton,Chelsea,0,True,True,True,,11,244,1,statsbombpy,
3754049,2016-02-27,2,Premier League,27,2015/2016,male,Leicester City,Norwich City,1,True,True,True,,11,327,1,statsbombpy,
3754121,2016-02-27,2,Premier League,27,2015/2016,male,Watford,AFC Bournemouth,0,True,True,True,,11,205,1,statsbombpy,
3754236,2016-02-27,2,Premier League,27,2015/2016,male,West Bromwich Albion,Crystal Palace,1,True,True,True,,11,237,1,statsbombpy,
3754321,2016-02-27,2,Premier League,27,2015/2016,male,Stoke City,Aston Villa,1,True,True,True,,11,394,1,statsbombpy,
3754331,2016-02-27,2,Premier League,27,2015/2016,male,West Ham United,Sunderland,1,True,True,True,,11,292,1,statsbombpy,
3825787,2016-02-27,11,La Liga,27,2015/2016,male,Real Madrid,Atlético Madrid,0,True,True,True,,11,543,1,statsbombpy,
3825788,2016-02-27,11,La Liga,27,2015/2016,male,Getafe,Celta Vigo,0,True,True,True,,11,275,1,statsbombpy,
3825789,2016-02-27,11,La Liga,27,2015/2016,male,Real Sociedad,Málaga,0,True,True,True,,11,340,1,statsbombpy,
3825790,2016-02-27,11,La Liga,27,2015/2016,male,Sporting Gijón,Espanyol,0,True,True,True,,11,324,1,statsbombpy,
3825791,2016-02-27,11,La Liga,27,2015/2016,male,Real Betis,Rayo Vallecano,0,True,True,True,,11,196,1,statsbombpy,
3879757,2016-02-27,12,Serie A,27,2015/2016,male,Empoli,AS Roma,0,True,True,True,,11,344,1,statsbombpy,
3879758,2016-02-27,12,Serie A,27,2015/2016,male,AC Milan,Torino,1,True,True,True,,11,384,1,statsbombpy,
3901154,2016-02-27,7,Ligue 1,27,2015/2016,male,Troyes,Lorient,0,True,True,True,,11,471,1,statsbombpy,
3901155,2016-02-27,7,Ligue 1,27,2015/2016,male,Montpellier,Lille,1,True,True,True,,11,330,1,statsbombpy,
3901156,2016-02-27,7,Ligue 1,27,2015/2016,male,Guingamp,Angers,0,True,True,True,,11,408,1,statsbombpy,
3901157,2016-02-27,7,Ligue 1,27,2015/2016,male,Stade de Reims,Bordeaux,1,True,True,True,,11,218,1,statsbombpy,
3901158,2016-02-27,7,Ligue 1,27,2015/2016,male,Toulouse,Rennes,0,True,True,True,,11,320,1,statsbombpy,
265839,2016-02-28,11,La Liga,27,2015/2016,male,Barcelona,Sevilla,1,True,True,True,,11,517,1,statsbombpy,
3754239,2016-02-28,2,Premier League,27,2015/2016,male,Manchester United,Arsenal,1,True,True,True,,11,256,1,statsbombpy,
3754324,2016-02-28,2,Premier League,27,2015/2016,male,Tottenham Hotspur,Swansea City,1,True,True,True,,11,351,1,statsbombpy,
3825792,2016-02-28,11,La Liga,27,2015/2016,male,RC Deportivo La Coruña,Granada,0,True,True,True,,11,506,1,statsbombpy,
3825793,2016-02-28,11,La Liga,27,2015/2016,male,Valencia,Athletic Club,0,True,True,True,,11,418,1,statsbombpy,
3825794,2016-02-28,11,La Liga,27,2015/2016,male,Villarreal,Levante UD,1,True,True,True,,11,365,1,statsbombpy,
3879759,2016-02-28,12,Serie A,27,2015/2016,male,Juventus,Inter Milan,1,True,True,True,,11,354,1,statsbombpy,
3879760,2016-02-28,12,Serie A,27,2015/2016,male,Palermo,Bologna,0,True,True,True,,11,277,1,statsbombpy,
3879761,2016-02-28,12,Serie A,27,2015/2016,male,Carpi,Atalanta,0,True,True,True,,11,178,1,statsbombpy,
3879762,2016-02-28,12,Serie A,27,2015/2016,male,Udinese,Hellas Verona,1,True,True,True,,11,320,1,statsbombpy,
3879763,2016-02-28,12,Serie A,27,2015/2016,male,Sampdoria,Frosinone,1,True,True,True,,11,271,1,statsbombpy,
3879764,2016-02-28,12,Serie A,27,2015/2016,male,Chievo,Genoa,1,True,True,True,,11,266,1,statsbombpy,
3890463,2016-02-28,9,1. Bundesliga,27,2015/2016,male,FSV Mainz 05,Bayer Leverkusen,1,True,False,False,insufficient_rolling_history,11,210,1,statsbombpy,
3901159,2016-02-28,7,Ligue 1,27,2015/2016,male,Lyon,Paris Saint-Germain,1,True,True,True,,11,257,1,statsbombpy,
3901160,2016-02-28,7,Ligue 1,27,2015/2016,male,Nantes,AS Monaco,0,True,True,True,,11,362,1,statsbombpy,
3901161,2016-02-28,7,Ligue 1,27,2015/2016,male,Saint-Étienne,Stade Malherbe Caen,0,True,True,True,,11,399,1,statsbombpy,
3879765,2016-02-29,12,Serie A,27,2015/2016,male,Fiorentina,Napoli,0,True,True,True,,11,499,1,statsbombpy,
3879766,2016-02-29,12,Serie A,27,2015/2016,male,Lazio,Sassuolo,0,True,True,True,,11,370,1,statsbombpy,
3754050,2016-03-01,2,Premier League,27,2015/2016,male,Sunderland,Crystal Palace,0,True,True,True,,11,328,1,statsbombpy,
3754231,2016-03-01,2,Premier League,27,2015/2016,male,Leicester City,West Bromwich Albion,0,True,True,True,,11,353,1,statsbombpy,
3754280,2016-03-01,2,Premier League,27,2015/2016,male,Norwich City,Chelsea,0,True,True,True,,11,342,1,statsbombpy,
3754327,2016-03-01,2,Premier League,27,2015/2016,male,Aston Villa,Everton,0,True,True,True,,11,359,1,statsbombpy,
3754334,2016-03-01,2,Premier League,27,2015/2016,male,AFC Bournemouth,Southampton,1,True,True,True,,11,233,1,statsbombpy,
3825795,2016-03-01,11,La Liga,27,2015/2016,male,Atlético Madrid,Real Sociedad,1,True,True,True,,11,453,1,statsbombpy,
3825796,2016-03-01,11,La Liga,27,2015/2016,male,Las Palmas,Getafe,1,True,True,True,,11,391,1,statsbombpy,
3753976,2016-03-02,2,Premier League,27,2015/2016,male,Arsenal,Swansea City,0,True,True,True,,11,536,1,statsbombpy,
3753991,2016-03-02,2,Premier League,27,2015/2016,male,Liverpool,Manchester City,1,True,True,True,,11,357,1,statsbombpy,
3754005,2016-03-02,2,Premier League,27,2015/2016,male,Stoke City,Newcastle United,1,True,True,True,,11,342,1,statsbombpy,
3754232,2016-03-02,2,Premier League,27,2015/2016,male,Manchester United,Watford,1,True,True,True,,11,409,1,statsbombpy,
3754349,2016-03-02,2,Premier League,27,2015/2016,male,West Ham United,Tottenham Hotspur,1,True,True,True,,11,174,1,statsbombpy,
3825797,2016-03-02,11,La Liga,27,2015/2016,male,Athletic Club,RC Deportivo La Coruña,1,True,True,True,,11,425,1,statsbombpy,
3825798,2016-03-02,11,La Liga,27,2015/2016,male,Levante UD,Real Madrid,0,True,True,True,,11,309,1,statsbombpy,
3825799,2016-03-02,11,La Liga,27,2015/2016,male,Málaga,Valencia,0,True,True,True,,11,234,1,statsbombpy,
3825800,2016-03-02,11,La Liga,27,2015/2016,male,Celta Vigo,Villarreal,0,True,True,True,,11,553,1,statsbombpy,
3825801,2016-03-02,11,La Liga,27,2015/2016,male,Sevilla,Eibar,1,True,True,True,,11,359,1,statsbombpy,
3890472,2016-03-02,9,1. Bundesliga,27,2015/2016,male,Bayer Leverkusen,Werder Bremen,0,True,False,False,insufficient_rolling_history,11,378,1,statsbombpy,
266653,2016-03-03,11,La Liga,27,2015/2016,male,Rayo Vallecano,Barcelona,0,True,True,True,,11,216,1,statsbombpy,
3825802,2016-03-03,11,La Liga,27,2015/2016,male,Espanyol,Real Betis,0,True,True,True,,11,283,1,statsbombpy,
3825803,2016-03-03,11,La Liga,27,2015/2016,male,Granada,Sporting Gijón,1,True,True,True,,11,332,1,statsbombpy,
3879767,2016-03-04,12,Serie A,27,2015/2016,male,AS Roma,Fiorentina,1,True,True,True,,11,370,1,statsbombpy,
3901162,2016-03-04,7,Ligue 1,27,2015/2016,male,Stade Malherbe Caen,AS Monaco,0,True,True,True,,11,289,1,statsbombpy,
3754061,2016-03-05,2,Premier League,27,2015/2016,male,Chelsea,Stoke City,0,True,True,True,,11,319,1,statsbombpy,
3754151,2016-03-05,2,Premier League,27,2015/2016,male,Swansea City,Norwich City,1,True,True,True,,11,294,1,statsbombpy,
3754164,2016-03-05,2,Premier League,27,2015/2016,male,Southampton,Sunderland,0,True,True,True,,11,371,1,statsbombpy,
3754177,2016-03-05,2,Premier League,27,2015/2016,male,Newcastle United,AFC Bournemouth,0,True,True,True,,11,293,1,statsbombpy,
3754249,2016-03-05,2,Premier League,27,2015/2016,male,Manchester City,Aston Villa,1,True,True,True,,11,681,1,statsbombpy,
3754277,2016-03-05,2,Premier League,27,2015/2016,male,Everton,West Ham United,0,True,True,True,,11,247,1,statsbombpy,
3754289,2016-03-05,2,Premier League,27,2015/2016,male,Watford,Leicester City,0,True,True,True,,11,293,1,statsbombpy,
3754318,2016-03-05,2,Premier League,27,2015/2016,male,Tottenham Hotspur,Arsenal,0,True,True,True,,11,322,1,statsbombpy,
3825804,2016-03-05,11,La Liga,27,2015/2016,male,RC Deportivo La Coruña,Málaga,0,True,True,True,,11,351,1,statsbombpy,
3825805,2016-03-05,11,La Liga,27,2015/2016,male,Villarreal,Las Palmas,0,True,True,True,,11,512,1,statsbombpy,
3825806,2016-03-05,11,La Liga,27,2015/2016,male,Real Madrid,Celta Vigo,1,True,True,True,,11,463,1,statsbombpy,
3825867,2016-03-05,11,La Liga,27,2015/2016,male,Getafe,Sevilla,0,True,True,True,,11,261,1,statsbombpy,
3879768,2016-03-05,12,Serie A,27,2015/2016,male,Hellas Verona,Sampdoria,0,True,True,True,,11,267,1,statsbombpy,
3879769,2016-03-05,12,Serie A,27,2015/2016,male,Napoli,Chievo,1,True,True,True,,11,661,1,statsbombpy,
3890477,2016-03-05,9,1. Bundesliga,27,2015/2016,male,Augsburg,Bayer Leverkusen,0,True,False,False,insufficient_rolling_history,11,305,1,statsbombpy,
3901163,2016-03-05,7,Ligue 1,27,2015/2016,male,OGC Nice,Troyes,1,True,True,True,,11,617,1,statsbombpy,
3901164,2016-03-05,7,Ligue 1,27,2015/2016,male,Angers,Saint-Étienne,0,True,True,True,,11,221,1,statsbombpy,
3901165,2016-03-05,7,Ligue 1,27,2015/2016,male,Bordeaux,Gazélec Ajaccio,0,True,True,True,,11,371,1,statsbombpy,
3901166,2016-03-05,7,Ligue 1,27,2015/2016,male,Paris Saint-Germain,Montpellier,0,True,True,True,,11,554,1,statsbombpy,
3901167,2016-03-05,7,Ligue 1,27,2015/2016,male,Bastia,Lorient,0,True,True,True,,11,357,1,statsbombpy,
3901168,2016-03-05,7,Ligue 1,27,2015/2016,male,Lille,Stade de Reims,1,True,True,True,,11,233,1,statsbombpy,
266056,2016-03-06,11,La Liga,27,2015/2016,male,Eibar,Barcelona,0,True,True,True,,11,236,1,statsbombpy,
3754081,2016-03-06,2,Premier League,27,2015/2016,male,West Bromwich Albion,Manchester United,1,True,True,True,,11,297,1,statsbombpy,
3754220,2016-03-06,2,Premier League,27,2015/2016,male,Crystal Palace,Liverpool,0,True,True,True,,11,230,1,statsbombpy,
3825807,2016-03-06,11,La Liga,27,2015/2016,male,Valencia,Atlético Madrid,0,True,True,True,,11,316,1,statsbombpy,
3825808,2016-03-06,11,La Liga,27,2015/2016,male,Sporting Gijón,Athletic Club,0,True,True,True,,11,302,1,statsbombpy,
3825809,2016-03-06,11,La Liga,27,2015/2016,male,Real Betis,Granada,1,True,True,True,,11,211,1,statsbombpy,
3825810,2016-03-06,11,La Liga,27,2015/2016,male,Real Sociedad,Levante UD,0,True,True,True,,11,343,1,statsbombpy,
3879770,2016-03-06,12,Serie A,27,2015/2016,male,Atalanta,Juventus,0,True,True,True,,11,216,1,statsbombpy,
3879771,2016-03-06,12,Serie A,27,2015/2016,male,Sassuolo,AC Milan,1,True,True,True,,11,299,1,statsbombpy,
3879772,2016-03-06,12,Serie A,27,2015/2016,male,Torino,Lazio,0,True,True,True,,11,219,1,statsbombpy,
3879773,2016-03-06,12,Serie A,27,2015/2016,male,Frosinone,Udinese,1,True,True,True,,11,259,1,statsbombpy,
3879774,2016-03-06,12,Serie A,27,2015/2016,male,Inter Milan,Palermo,1,True,True,True,,11,488,1,statsbombpy,
3879775,2016-03-06,12,Serie A,27,2015/2016,male,Genoa,Empoli,1,True,True,True,,11,334,1,statsbombpy,
3879776,2016-03-06,12,Serie A,27,2015/2016,male,Bologna,Carpi,0,True,True,True,,11,484,1,statsbombpy,
3901169,2016-03-06,7,Ligue 1,27,2015/2016,male,Olympique de Marseille,Toulouse,0,True,True,True,,11,377,1,statsbombpy,
3901170,2016-03-06,7,Ligue 1,27,2015/2016,male,Rennes,Nantes,1,True,True,True,,11,248,1,statsbombpy,
3901171,2016-03-06,7,Ligue 1,27,2015/2016,male,Lyon,Guingamp,1,True,True,True,,11,508,1,statsbombpy,
3825811,2016-03-07,11,La Liga,27,2015/2016,male,Espanyol,Rayo Vallecano,1,True,True,True,,11,164,1,statsbombpy,
3901172,2016-03-09,7,Ligue 1,27,2015/2016,male,Bastia,Nantes,0,True,True,True,,11,267,1,statsbombpy,
3901173,2016-03-09,7,Ligue 1,27,2015/2016,male,Gazélec Ajaccio,Olympique de Marseille,0,False,False,False,metadata_team_missing_from_events,0,0,1,statsbombpy,
3825812,2016-03-11,11,La Liga,27,2015/2016,male,Málaga,Sporting Gijón,1,True,True,True,,11,296,1,statsbombpy,
3879777,2016-03-11,12,Serie A,27,2015/2016,male,Juventus,Sassuolo,1,True,True,True,,11,365,1,statsbombpy,
3901174,2016-03-11,7,Ligue 1,27,2015/2016,male,AS Monaco,Stade de Reims,0,True,True,True,,11,279,1,statsbombpy,
266498,2016-03-12,11,La Liga,27,2015/2016,male,Barcelona,Getafe,1,True,True,True,,11,542,1,statsbombpy,
3753988,2016-03-12,2,Premier League,27,2015/2016,male,AFC Bournemouth,Swansea City,1,True,True,True,,11,255,1,statsbombpy,
3754196,2016-03-12,2,Premier League,27,2015/2016,male,Stoke City,Southampton,0,True,True,True,,11,433,1,statsbombpy,
3754313,2016-03-12,2,Premier League,27,2015/2016,male,Norwich City,Manchester City,0,True,True,True,,11,214,1,statsbombpy,
3825813,2016-03-12,11,La Liga,27,2015/2016,male,Atlético Madrid,RC Deportivo La Coruña,1,True,True,True,,11,393,1,statsbombpy,
3825814,2016-03-12,11,La Liga,27,2015/2016,male,Celta Vigo,Real Sociedad,1,True,True,True,,11,252,1,statsbombpy,
3825858,2016-03-12,11,La Liga,27,2015/2016,male,Rayo Vallecano,Eibar,0,True,True,True,,11,269,1,statsbombpy,
3879778,2016-03-12,12,Serie A,27,2015/2016,male,Empoli,Sampdoria,0,True,True,True,,11,425,1,statsbombpy,
3879779,2016-03-12,12,Serie A,27,2015/2016,male,Inter Milan,Bologna,1,True,True,True,,11,430,1,statsbombpy,
3901175,2016-03-12,7,Ligue 1,27,2015/2016,male,Montpellier,OGC Nice,0,True,True,True,,11,349,1,statsbombpy,
3901176,2016-03-12,7,Ligue 1,27,2015/2016,male,Toulouse,Bordeaux,1,True,True,True,,11,269,1,statsbombpy,
3901177,2016-03-12,7,Ligue 1,27,2015/2016,male,Bastia,Lille,0,True,True,True,,11,280,1,statsbombpy,
3901178,2016-03-12,7,Ligue 1,27,2015/2016,male,Lorient,Olympique de Marseille,0,False,False,False,metadata_team_missing_from_events,0,0,1,statsbombpy,
3901179,2016-03-12,7,Ligue 1,27,2015/2016,male,Gazélec Ajaccio,Stade Malherbe Caen,1,False,False,False,metadata_team_missing_from_events,0,0,1,statsbombpy,
3901180,2016-03-12,7,Ligue 1,27,2015/2016,male,Guingamp,Saint-Étienne,1,True,True,True,,11,197,1,statsbombpy,
3754053,2016-03-13,2,Premier League,27,2015/2016,male,Aston Villa,Tottenham Hotspur,0,True,True,True,,11,243,1,statsbombpy,
3825815,2016-03-13,11,La Liga,27,2015/2016,male,Levante UD,Valencia,1,True,True,True,,11,258,1,statsbombpy,
3825816,2016-03-13,11,La Liga,27,2015/2016,male,Sevilla,Villarreal,1,True,True,True,,11,340,1,statsbombpy,
3825844,2016-03-13,11,La Liga,27,2015/2016,male,Athletic Club,Real Betis,1,True,True,True,,11,328,1,statsbombpy,
3825879,2016-03-13,11,La Liga,27,2015/2016,male,Las Palmas,Real Madrid,0,True,True,True,,11,397,1,statsbombpy,
3879780,2016-03-13,12,Serie A,27,2015/2016,male,Fiorentina,Hellas Verona,0,True,True,True,,11,515,1,statsbombpy,
3879781,2016-03-13,12,Serie A,27,2015/2016,male,Chievo,AC Milan,0,True,True,True,,11,268,1,statsbombpy,
3879782,2016-03-13,12,Serie A,27,2015/2016,male,Carpi,Frosinone,1,True,True,True,,11,218,1,statsbombpy,
3879783,2016-03-13,12,Serie A,27,2015/2016,male,Udinese,AS Roma,0,True,True,True,,11,250,1,statsbombpy,
3879784,2016-03-13,12,Serie A,27,2015/2016,male,Genoa,Torino,1,True,True,True,,11,322,1,statsbombpy,
3879785,2016-03-13,12,Serie A,27,2015/2016,male,Lazio,Atalanta,1,True,True,True,,11,320,1,statsbombpy,
3879786,2016-03-13,12,Serie A,27,2015/2016,male,Palermo,Napoli,0,True,True,True,,11,191,1,statsbombpy,
3890492,2016-03-13,9,1. Bundesliga,27,2015/2016,male,Bayer Leverkusen,Hamburger SV,1,True,False,False,insufficient_rolling_history,11,194,1,statsbombpy,
3901181,2016-03-13,7,Ligue 1,27,2015/2016,male,Rennes,Lyon,0,True,True,True,,11,201,1,statsbombpy,
3901182,2016-03-13,7,Ligue 1,27,2015/2016,male,Nantes,Angers,1,True,True,True,,11,318,1,statsbombpy,
3901183,2016-03-13,7,Ligue 1,27,2015/2016,male,Troyes,Paris Saint-Germain,0,True,True,True,,11,305,1,statsbombpy,
3754002,2016-03-14,2,Premier League,27,2015/2016,male,Leicester City,Newcastle United,1,True,True,True,,11,346,1,statsbombpy,
3825881,2016-03-14,11,La Liga,27,2015/2016,male,Granada,Espanyol,0,True,True,True,,11,231,1,statsbombpy,
3825817,2016-03-18,11,La Liga,27,2015/2016,male,Getafe,Eibar,0,True,True,True,,11,180,1,statsbombpy,
3901184,2016-03-18,7,Ligue 1,27,2015/2016,male,Olympique de Marseille,Rennes,0,True,True,True,,11,490,1,statsbombpy,
3753973,2016-03-19,2,Premier League,27,2015/2016,male,Chelsea,West Ham United,0,True,True,True,,11,399,1,statsbombpy,
3753977,2016-03-19,2,Premier League,27,2015/2016,male,Watford,Stoke City,0,True,True,True,,11,282,1,statsbombpy,
3753980,2016-03-19,2,Premier League,27,2015/2016,male,Everton,Arsenal,0,True,True,True,,11,376,1,statsbombpy,
3754052,2016-03-19,2,Premier League,27,2015/2016,male,West Bromwich Albion,Norwich City,0,True,True,True,,11,199,1,statsbombpy,
3754181,2016-03-19,2,Premier League,27,2015/2016,male,Crystal Palace,Leicester City,0,True,True,True,,11,323,1,statsbombpy,
3754224,2016-03-19,2,Premier League,27,2015/2016,male,Swansea City,Aston Villa,1,True,True,True,,11,345,1,statsbombpy,
3825818,2016-03-19,11,La Liga,27,2015/2016,male,Real Sociedad,Las Palmas,0,True,True,True,,11,385,1,statsbombpy,
3825880,2016-03-19,11,La Liga,27,2015/2016,male,RC Deportivo La Coruña,Levante UD,1,True,True,True,,11,335,1,statsbombpy,
3825887,2016-03-19,11,La Liga,27,2015/2016,male,Granada,Rayo Vallecano,0,True,True,True,,11,160,1,statsbombpy,
3825903,2016-03-19,11,La Liga,27,2015/2016,male,Real Betis,Málaga,0,True,True,True,,11,338,1,statsbombpy,
3825907,2016-03-19,11,La Liga,27,2015/2016,male,Sporting Gijón,Atlético Madrid,1,True,True,True,,11,426,1,statsbombpy,
3879787,2016-03-19,12,Serie A,27,2015/2016,male,AS Roma,Inter Milan,0,True,True,True,,11,470,1,statsbombpy,
3879788,2016-03-19,12,Serie A,27,2015/2016,male,Empoli,Palermo,0,True,True,True,,11,422,1,statsbombpy,
3901185,2016-03-19,7,Ligue 1,27,2015/2016,male,Stade de Reims,Guingamp,0,True,True,True,,11,540,1,statsbombpy,
3901186,2016-03-19,7,Ligue 1,27,2015/2016,male,Lyon,Nantes,1,True,True,True,,11,480,1,statsbombpy,
3901187,2016-03-19,7,Ligue 1,27,2015/2016,male,Angers,Lorient,1,True,True,True,,11,244,1,statsbombpy,
3901188,2016-03-19,7,Ligue 1,27,2015/2016,male,Saint-Étienne,Montpellier,1,True,True,True,,11,237,1,statsbombpy,
3901189,2016-03-19,7,Ligue 1,27,2015/2016,male,Lille,Toulouse,1,True,True,True,,11,329,1,statsbombpy,
3901190,2016-03-19,7,Ligue 1,27,2015/2016,male,Stade Malherbe Caen,Troyes,1,True,True,True,,11,334,1,statsbombpy,
266106,2016-03-20,11,La Liga,27,2015/2016,male,Villarreal,Barcelona,0,True,True,True,,11,239,1,statsbombpy,
3754043,2016-03-20,2,Premier League,27,2015/2016,male,Tottenham Hotspur,AFC Bournemouth,1,True,True,True,,11,479,1,statsbombpy,
3754064,2016-03-20,2,Premier League,27,2015/2016,male,Southampton,Liverpool,1,True,True,True,,11,323,1,statsbombpy,
3754100,2016-03-20,2,Premier League,27,2015/2016,male,Newcastle United,Sunderland,0,True,True,True,,11,324,1,statsbombpy,
3754124,2016-03-20,2,Premier League,27,2015/2016,male,Manchester City,Manchester United,0,True,True,True,,11,380,1,statsbombpy,
3825819,2016-03-20,11,La Liga,27,2015/2016,male,Valencia,Celta Vigo,0,True,True,True,,11,315,1,statsbombpy,
3825820,2016-03-20,11,La Liga,27,2015/2016,male,Real Madrid,Sevilla,1,True,True,True,,11,466,1,statsbombpy,
3825821,2016-03-20,11,La Liga,27,2015/2016,male,Espanyol,Athletic Club,1,True,True,True,,11,242,1,statsbombpy,
3879789,2016-03-20,12,Serie A,27,2015/2016,male,Frosinone,Fiorentina,0,True,True,True,,11,146,1,statsbombpy,
3879790,2016-03-20,12,Serie A,27,2015/2016,male,Torino,Juventus,0,True,True,True,,11,243,1,statsbombpy,
3879791,2016-03-20,12,Serie A,27,2015/2016,male,AC Milan,Lazio,0,True,True,True,,11,350,1,statsbombpy,
3879792,2016-03-20,12,Serie A,27,2015/2016,male,Sampdoria,Chievo,0,True,True,True,,11,394,1,statsbombpy,
3879793,2016-03-20,12,Serie A,27,2015/2016,male,Sassuolo,Udinese,0,True,True,True,,11,390,1,statsbombpy,
3879794,2016-03-20,12,Serie A,27,2015/2016,male,Atalanta,Bologna,1,True,True,True,,11,272,1,statsbombpy,
3879795,2016-03-20,12,Serie A,27,2015/2016,male,Hellas Verona,Carpi,0,True,True,True,,11,348,1,statsbombpy,
3879796,2016-03-20,12,Serie A,27,2015/2016,male,Napoli,Genoa,1,True,True,True,,11,650,1,statsbombpy,
3890500,2016-03-20,9,1. Bundesliga,27,2015/2016,male,VfB Stuttgart,Bayer Leverkusen,0,True,False,False,insufficient_rolling_history,11,309,1,statsbombpy,
3901191,2016-03-20,7,Ligue 1,27,2015/2016,male,OGC Nice,Gazélec Ajaccio,1,True,True,True,,11,547,1,statsbombpy,
3901192,2016-03-20,7,Ligue 1,27,2015/2016,male,Bordeaux,Bastia,0,True,True,True,,11,308,1,statsbombpy,
3901193,2016-03-20,7,Ligue 1,27,2015/2016,male,Paris Saint-Germain,AS Monaco,0,True,True,True,,11,719,1,statsbombpy,
3825885,2016-04-01,11,La Liga,27,2015/2016,male,Rayo Vallecano,Getafe,1,True,True,True,,11,271,1,statsbombpy,
3890502,2016-04-01,9,1. Bundesliga,27,2015/2016,male,Bayer Leverkusen,Wolfsburg,1,True,False,False,insufficient_rolling_history,11,296,1,statsbombpy,
3901194,2016-04-01,7,Ligue 1,27,2015/2016,male,AS Monaco,Bordeaux,0,True,True,True,,11,384,1,statsbombpy,
267533,2016-04-02,11,La Liga,27,2015/2016,male,Barcelona,Real Madrid,0,True,True,True,,11,628,1,statsbombpy,
3754075,2016-04-02,2,Premier League,27,2015/2016,male,Aston Villa,Chelsea,0,True,True,True,,11,307,1,statsbombpy,
3754087,2016-04-02,2,Premier League,27,2015/2016,male,Liverpool,Tottenham Hotspur,0,True,True,True,,11,278,1,statsbombpy,
3754118,2016-04-02,2,Premier League,27,2015/2016,male,Arsenal,Watford,1,True,True,True,,11,657,1,statsbombpy,
3754144,2016-04-02,2,Premier League,27,2015/2016,male,AFC Bournemouth,Manchester City,0,True,True,True,,11,377,1,statsbombpy,
3754175,2016-04-02,2,Premier League,27,2015/2016,male,Sunderland,West Bromwich Albion,0,True,True,True,,11,333,1,statsbombpy,
3754176,2016-04-02,2,Premier League,27,2015/2016,male,West Ham United,Crystal Palace,0,True,True,True,,11,405,1,statsbombpy,
3754243,2016-04-02,2,Premier League,27,2015/2016,male,Norwich City,Newcastle United,1,True,True,True,,11,244,1,statsbombpy,
3754272,2016-04-02,2,Premier League,27,2015/2016,male,Stoke City,Swansea City,0,True,True,True,,11,366,1,statsbombpy,
3825822,2016-04-02,11,La Liga,27,2015/2016,male,Las Palmas,Valencia,1,True,True,True,,11,465,1,statsbombpy,
3825872,2016-04-02,11,La Liga,27,2015/2016,male,Atlético Madrid,Real Betis,1,True,True,True,,11,322,1,statsbombpy,
3825898,2016-04-02,11,La Liga,27,2015/2016,male,Celta Vigo,RC Deportivo La Coruña,0,True,True,True,,11,424,1,statsbombpy,
3879797,2016-04-02,12,Serie A,27,2015/2016,male,Carpi,Sassuolo,0,True,True,True,,11,253,1,statsbombpy,
3879798,2016-04-02,12,Serie A,27,2015/2016,male,Juventus,Empoli,1,True,True,True,,11,281,1,statsbombpy,
3901195,2016-04-02,7,Ligue 1,27,2015/2016,male,Gazélec Ajaccio,Saint-Étienne,0,True,True,True,,11,326,1,statsbombpy,
3901196,2016-04-02,7,Ligue 1,27,2015/2016,male,Paris Saint-Germain,OGC Nice,1,True,True,True,,11,526,1,statsbombpy,
3901197,2016-04-02,7,Ligue 1,27,2015/2016,male,Guingamp,Montpellier,0,True,True,True,,11,255,1,statsbombpy,
3901198,2016-04-02,7,Ligue 1,27,2015/2016,male,Troyes,Angers,0,True,True,True,,11,388,1,statsbombpy,
3901199,2016-04-02,7,Ligue 1,27,2015/2016,male,Rennes,Stade de Reims,1,True,True,True,,11,307,1,statsbombpy,
3901200,2016-04-02,7,Ligue 1,27,2015/2016,male,Toulouse,Stade Malherbe Caen,1,False,False,False,metadata_team_missing_from_events,0,0,1,statsbombpy,
3753982,2016-04-03,2,Premier League,27,2015/2016,male,Leicester City,Southampton,1,True,True,True,,11,239,1,statsbombpy,
3754299,2016-04-03,2,Premier League,27,2015/2016,male,Manchester United,Everton,1,True,True,True,,11,365,1,statsbombpy,
3825823,2016-04-03,11,La Liga,27,2015/2016,male,Sevilla,Real Sociedad,0,True,True,True,,11,394,1,statsbombpy,
3825824,2016-04-03,11,La Liga,27,2015/2016,male,Eibar,Villarreal,0,True,True,True,,11,317,1,statsbombpy,
3825877,2016-04-03,11,La Liga,27,2015/2016,male,Athletic Club,Granada,0,True,True,True,,11,360,1,statsbombpy,
3825905,2016-04-03,11,La Liga,27,2015/2016,male,Málaga,Espanyol,0,True,True,True,,11,371,1,statsbombpy,
3879799,2016-04-03,12,Serie A,27,2015/2016,male,Lazio,AS Roma,0,True,True,True,,11,258,1,statsbombpy,
3879800,2016-04-03,12,Serie A,27,2015/2016,male,Fiorentina,Sampdoria,0,True,True,True,,11,413,1,statsbombpy,
3879801,2016-04-03,12,Serie A,27,2015/2016,male,Inter Milan,Torino,0,True,True,True,,11,520,1,statsbombpy,
3879802,2016-04-03,12,Serie A,27,2015/2016,male,Chievo,Palermo,1,True,True,True,,11,367,1,statsbombpy,
3879803,2016-04-03,12,Serie A,27,2015/2016,male,Udinese,Napoli,1,True,True,True,,11,158,1,statsbombpy,
3879804,2016-04-03,12,Serie A,27,2015/2016,male,Genoa,Frosinone,1,True,True,True,,11,339,1,statsbombpy,
3879805,2016-04-03,12,Serie A,27,2015/2016,male,Atalanta,AC Milan,1,True,True,True,,11,302,1,statsbombpy,
3901201,2016-04-03,7,Ligue 1,27,2015/2016,male,Bastia,Olympique de Marseille,1,False,False,False,metadata_team_missing_from_events,0,0,1,statsbombpy,
3901202,2016-04-03,7,Ligue 1,27,2015/2016,male,Lorient,Lyon,0,True,True,True,,11,282,1,statsbombpy,
3901203,2016-04-03,7,Ligue 1,27,2015/2016,male,Nantes,Lille,0,True,True,True,,11,366,1,statsbombpy,
3825825,2016-04-04,11,La Liga,27,2015/2016,male,Levante UD,Sporting Gijón,0,True,True,True,,11,297,1,statsbombpy,
3879806,2016-04-04,12,Serie A,27,2015/2016,male,Bologna,Hellas Verona,0,True,True,True,,11,382,1,statsbombpy,
3825826,2016-04-08,11,La Liga,27,2015/2016,male,Granada,Málaga,0,True,True,True,,11,306,1,statsbombpy,
3901204,2016-04-08,7,Ligue 1,27,2015/2016,male,Montpellier,Lyon,0,True,True,True,,11,263,1,statsbombpy,
266664,2016-04-09,11,La Liga,27,2015/2016,male,Real Sociedad,Barcelona,1,True,True,True,,11,166,1,statsbombpy,
3754016,2016-04-09,2,Premier League,27,2015/2016,male,Southampton,Newcastle United,1,True,True,True,,11,323,1,statsbombpy,
3754022,2016-04-09,2,Premier League,27,2015/2016,male,Crystal Palace,Norwich City,1,True,True,True,,11,197,1,statsbombpy,
3754030,2016-04-09,2,Premier League,27,2015/2016,male,Watford,Everton,0,True,True,True,,11,206,1,statsbombpy,
3754035,2016-04-09,2,Premier League,27,2015/2016,male,Manchester City,West Bromwich Albion,1,True,True,True,,11,422,1,statsbombpy,
3754116,2016-04-09,2,Premier League,27,2015/2016,male,Swansea City,Chelsea,1,True,True,True,,11,307,1,statsbombpy,
3754241,2016-04-09,2,Premier League,27,2015/2016,male,West Ham United,Arsenal,0,True,True,True,,11,279,1,statsbombpy,
3754262,2016-04-09,2,Premier League,27,2015/2016,male,Aston Villa,AFC Bournemouth,0,True,True,True,,11,273,1,statsbombpy,
3825827,2016-04-09,11,La Liga,27,2015/2016,male,Real Betis,Levante UD,1,True,True,True,,11,345,1,statsbombpy,
3825828,2016-04-09,11,La Liga,27,2015/2016,male,Espanyol,Atlético Madrid,0,True,True,True,,11,336,1,statsbombpy,
3825856,2016-04-09,11,La Liga,27,2015/2016,male,Real Madrid,Eibar,1,True,True,True,,11,424,1,statsbombpy,
3879807,2016-04-09,12,Serie A,27,2015/2016,male,Chievo,Carpi,1,True,True,True,,11,426,1,statsbombpy,
3879808,2016-04-09,12,Serie A,27,2015/2016,male,Frosinone,Inter Milan,0,True,True,True,,11,206,1,statsbombpy,
3879809,2016-04-09,12,Serie A,27,2015/2016,male,Sassuolo,Genoa,0,True,True,True,,11,397,1,statsbombpy,
3879810,2016-04-09,12,Serie A,27,2015/2016,male,AC Milan,Juventus,0,True,True,True,,11,291,1,statsbombpy,
3901205,2016-04-09,7,Ligue 1,27,2015/2016,male,Stade Malherbe Caen,Lorient,0,True,True,True,,11,363,1,statsbombpy,
3901206,2016-04-09,7,Ligue 1,27,2015/2016,male,Toulouse,Bastia,1,True,True,True,,11,243,1,statsbombpy,
3901207,2016-04-09,7,Ligue 1,27,2015/2016,male,Stade de Reims,Nantes,1,True,True,True,,11,190,1,statsbombpy,
3901208,2016-04-09,7,Ligue 1,27,2015/2016,male,Guingamp,Paris Saint-Germain,0,True,True,True,,11,234,1,statsbombpy,
3901209,2016-04-09,7,Ligue 1,27,2015/2016,male,Angers,Gazélec Ajaccio,0,True,True,True,,11,336,1,statsbombpy,
3901210,2016-04-09,7,Ligue 1,27,2015/2016,male,Saint-Étienne,Troyes,1,True,True,True,,11,411,1,statsbombpy,
3753986,2016-04-10,2,Premier League,27,2015/2016,male,Liverpool,Stoke City,1,True,True,True,,11,349,1,statsbombpy,
3754152,2016-04-10,2,Premier League,27,2015/2016,male,Sunderland,Leicester City,0,True,True,True,,11,228,1,statsbombpy,
3754209,2016-04-10,2,Premier League,27,2015/2016,male,Tottenham Hotspur,Manchester United,1,True,True,True,,11,298,1,statsbombpy,
3825829,2016-04-10,11,La Liga,27,2015/2016,male,Athletic Club,Rayo Vallecano,1,True,True,True,,11,288,1,statsbombpy,
3825830,2016-04-10,11,La Liga,27,2015/2016,male,Villarreal,Getafe,1,True,True,True,,11,320,1,statsbombpy,
3825831,2016-04-10,11,La Liga,27,2015/2016,male,Valencia,Sevilla,1,True,True,True,,11,323,1,statsbombpy,
3825832,2016-04-10,11,La Liga,27,2015/2016,male,Sporting Gijón,Celta Vigo,0,True,True,True,,11,217,1,statsbombpy,
3879811,2016-04-10,12,Serie A,27,2015/2016,male,Napoli,Hellas Verona,1,True,True,True,,11,553,1,statsbombpy,
3879812,2016-04-10,12,Serie A,27,2015/2016,male,Palermo,Lazio,0,True,True,True,,11,197,1,statsbombpy,
3879813,2016-04-10,12,Serie A,27,2015/2016,male,Sampdoria,Udinese,1,True,True,True,,11,306,1,statsbombpy,
3879814,2016-04-10,12,Serie A,27,2015/2016,male,Empoli,Fiorentina,1,True,True,True,,11,269,1,statsbombpy,
3879815,2016-04-10,12,Serie A,27,2015/2016,male,Torino,Atalanta,1,True,True,True,,11,265,1,statsbombpy,
3890519,2016-04-10,9,1. Bundesliga,27,2015/2016,male,FC Köln,Bayer Leverkusen,0,True,False,False,insufficient_rolling_history,11,355,1,statsbombpy,
3901211,2016-04-10,7,Ligue 1,27,2015/2016,male,Olympique de Marseille,Bordeaux,0,True,True,True,,11,538,1,statsbombpy,
3901212,2016-04-10,7,Ligue 1,27,2015/2016,male,Lille,AS Monaco,1,True,True,True,,11,329,1,statsbombpy,
3901213,2016-04-10,7,Ligue 1,27,2015/2016,male,OGC Nice,Rennes,1,True,True,True,,11,473,1,statsbombpy,
3825863,2016-04-11,11,La Liga,27,2015/2016,male,RC Deportivo La Coruña,Las Palmas,0,True,True,True,,11,273,1,statsbombpy,
3879816,2016-04-11,12,Serie A,27,2015/2016,male,AS Roma,Bologna,0,True,True,True,,11,550,1,statsbombpy,
3754048,2016-04-13,2,Premier League,27,2015/2016,male,Crystal Palace,Everton,0,True,True,True,,11,397,1,statsbombpy,
3825857,2016-04-15,11,La Liga,27,2015/2016,male,Levante UD,Espanyol,1,True,True,True,,11,292,1,statsbombpy,
3901214,2016-04-15,7,Ligue 1,27,2015/2016,male,Lyon,OGC Nice,0,True,True,True,,11,378,1,statsbombpy,
3754024,2016-04-16,2,Premier League,27,2015/2016,male,Newcastle United,Swansea City,1,True,True,True,,11,182,1,statsbombpy,
3754137,2016-04-16,2,Premier League,27,2015/2016,male,Everton,Southampton,0,True,True,True,,11,268,1,statsbombpy,
3754155,2016-04-16,2,Premier League,27,2015/2016,male,West Bromwich Albion,Watford,0,True,True,True,,11,308,1,statsbombpy,
3754172,2016-04-16,2,Premier League,27,2015/2016,male,Norwich City,Sunderland,0,True,True,True,,11,255,1,statsbombpy,
3754295,2016-04-16,2,Premier League,27,2015/2016,male,Manchester United,Aston Villa,1,True,True,True,,11,484,1,statsbombpy,
3754322,2016-04-16,2,Premier League,27,2015/2016,male,Chelsea,Manchester City,0,True,True,True,,11,412,1,statsbombpy,
3825833,2016-04-16,11,La Liga,27,2015/2016,male,Getafe,Real Madrid,0,True,True,True,,11,230,1,statsbombpy,
3825852,2016-04-16,11,La Liga,27,2015/2016,male,Las Palmas,Sporting Gijón,0,True,True,True,,11,397,1,statsbombpy,
3825889,2016-04-16,11,La Liga,27,2015/2016,male,Celta Vigo,Real Betis,0,True,True,True,,11,439,1,statsbombpy,
3825897,2016-04-16,11,La Liga,27,2015/2016,male,Eibar,Real Sociedad,1,True,True,True,,11,230,1,statsbombpy,
3879817,2016-04-16,12,Serie A,27,2015/2016,male,Inter Milan,Napoli,1,True,True,True,,11,291,1,statsbombpy,
3879818,2016-04-16,12,Serie A,27,2015/2016,male,Bologna,Torino,0,True,True,True,,11,440,1,statsbombpy,
3879819,2016-04-16,12,Serie A,27,2015/2016,male,Carpi,Genoa,1,True,True,True,,11,262,1,statsbombpy,
3890521,2016-04-16,9,1. Bundesliga,27,2015/2016,male,Bayer Leverkusen,Eintracht Frankfurt,1,True,False,False,insufficient_rolling_history,11,368,1,statsbombpy,
3901215,2016-04-16,7,Ligue 1,27,2015/2016,male,Gazélec Ajaccio,Lille,0,True,True,True,,11,248,1,statsbombpy,
3901216,2016-04-16,7,Ligue 1,27,2015/2016,male,Paris Saint-Germain,Stade Malherbe Caen,1,False,False,False,metadata_team_missing_from_events,0,0,1,statsbombpy,
3901217,2016-04-16,7,Ligue 1,27,2015/2016,male,Troyes,Stade de Reims,1,True,True,True,,11,305,1,statsbombpy,
3901218,2016-04-16,7,Ligue 1,27,2015/2016,male,Bordeaux,Angers,0,True,True,True,,11,510,1,statsbombpy,
3901219,2016-04-16,7,Ligue 1,27,2015/2016,male,Lorient,Toulouse,0,True,True,True,,11,410,1,statsbombpy,
3901220,2016-04-16,7,Ligue 1,27,2015/2016,male,Bastia,Saint-Étienne,0,True,True,True,,11,266,1,statsbombpy,
266557,2016-04-17,11,La Liga,27,2015/2016,male,Barcelona,Valencia,0,True,True,True,,11,582,1,statsbombpy,
3754009,2016-04-17,2,Premier League,27,2015/2016,male,Arsenal,Crystal Palace,0,True,True,True,,11,634,1,statsbombpy,
3754216,2016-04-17,2,Premier League,27,2015/2016,male,AFC Bournemouth,Liverpool,0,True,True,True,,11,369,1,statsbombpy,
3754227,2016-04-17,2,Premier League,27,2015/2016,male,Leicester City,West Ham United,0,True,True,True,,11,192,1,statsbombpy,
3825834,2016-04-17,11,La Liga,27,2015/2016,male,Atlético Madrid,Granada,1,True,True,True,,11,346,1,statsbombpy,
3825835,2016-04-17,11,La Liga,27,2015/2016,male,Málaga,Athletic Club,0,True,True,True,,11,243,1,statsbombpy,
3825836,2016-04-17,11,La Liga,27,2015/2016,male,Rayo Vallecano,Villarreal,1,True,True,True,,11,431,1,statsbombpy,
3825906,2016-04-17,11,La Liga,27,2015/2016,male,Sevilla,RC Deportivo La Coruña,0,True,True,True,,11,440,1,statsbombpy,
3879820,2016-04-17,12,Serie A,27,2015/2016,male,Juventus,Palermo,1,True,True,True,,11,447,1,statsbombpy,
3879821,2016-04-17,12,Serie A,27,2015/2016,male,Fiorentina,Sassuolo,1,True,True,True,,11,358,1,statsbombpy,
3879822,2016-04-17,12,Serie A,27,2015/2016,male,Udinese,Chievo,0,True,True,True,,11,247,1,statsbombpy,
3879823,2016-04-17,12,Serie A,27,2015/2016,male,Atalanta,AS Roma,0,True,True,True,,11,206,1,statsbombpy,
3879824,2016-04-17,12,Serie A,27,2015/2016,male,Sampdoria,AC Milan,0,True,True,True,,11,257,1,statsbombpy,
3879825,2016-04-17,12,Serie A,27,2015/2016,male,Lazio,Empoli,1,True,True,True,,11,379,1,statsbombpy,
3879826,2016-04-17,12,Serie A,27,2015/2016,male,Hellas Verona,Frosinone,0,True,True,True,,11,286,1,statsbombpy,
3901221,2016-04-17,7,Ligue 1,27,2015/2016,male,Rennes,Guingamp,0,True,True,True,,11,409,1,statsbombpy,
3901222,2016-04-17,7,Ligue 1,27,2015/2016,male,Nantes,Montpellier,0,True,True,True,,11,361,1,statsbombpy,
3901223,2016-04-17,7,Ligue 1,27,2015/2016,male,AS Monaco,Olympique de Marseille,1,False,False,False,metadata_team_missing_from_events,0,0,1,statsbombpy,
3754187,2016-04-18,2,Premier League,27,2015/2016,male,Stoke City,Tottenham Hotspur,0,True,True,True,,11,319,1,statsbombpy,
3754206,2016-04-19,2,Premier League,27,2015/2016,male,Newcastle United,Manchester City,0,True,True,True,,11,273,1,statsbombpy,
3825837,2016-04-19,11,La Liga,27,2015/2016,male,Real Betis,Las Palmas,1,True,True,True,,11,336,1,statsbombpy,
3825862,2016-04-19,11,La Liga,27,2015/2016,male,Espanyol,Celta Vigo,0,True,True,True,,11,270,1,statsbombpy,
3879827,2016-04-19,12,Serie A,27,2015/2016,male,Napoli,Bologna,1,True,True,True,,11,557,1,statsbombpy,
266310,2016-04-20,11,La Liga,27,2015/2016,male,RC Deportivo La Coruña,Barcelona,0,True,True,True,,11,258,1,statsbombpy,
3754086,2016-04-20,2,Premier League,27,2015/2016,male,West Ham United,Watford,1,True,True,True,,11,304,1,statsbombpy,
3754294,2016-04-20,2,Premier League,27,2015/2016,male,Liverpool,Everton,1,True,True,True,,11,467,1,statsbombpy,
3754310,2016-04-20,2,Premier League,27,2015/2016,male,Manchester United,Crystal Palace,1,True,True,True,,11,507,1,statsbombpy,
3825838,2016-04-20,11,La Liga,27,2015/2016,male,Athletic Club,Atlético Madrid,0,True,True,True,,11,535,1,statsbombpy,
3825839,2016-04-20,11,La Liga,27,2015/2016,male,Sporting Gijón,Sevilla,1,True,True,True,,11,298,1,statsbombpy,
3825840,2016-04-20,11,La Liga,27,2015/2016,male,Valencia,Eibar,1,True,True,True,,11,373,1,statsbombpy,
3825843,2016-04-20,11,La Liga,27,2015/2016,male,Málaga,Rayo Vallecano,0,True,True,True,,11,281,1,statsbombpy,
3825893,2016-04-20,11,La Liga,27,2015/2016,male,Real Madrid,Villarreal,1,True,True,True,,11,582,1,statsbombpy,
3879828,2016-04-20,12,Serie A,27,2015/2016,male,AS Roma,Torino,1,True,True,True,,11,364,1,statsbombpy,
3879829,2016-04-20,12,Serie A,27,2015/2016,male,Empoli,Hellas Verona,1,True,True,True,,11,398,1,statsbombpy,
3879830,2016-04-20,12,Serie A,27,2015/2016,male,Genoa,Inter Milan,1,True,True,True,,11,224,1,statsbombpy,
3879831,2016-04-20,12,Serie A,27,2015/2016,male,Sassuolo,Sampdoria,0,True,True,True,,11,497,1,statsbombpy,
3879832,2016-04-20,12,Serie A,27,2015/2016,male,Palermo,Atalanta,0,True,True,True,,11,305,1,statsbombpy,
3879833,2016-04-20,12,Serie A,27,2015/2016,male,Juventus,Lazio,1,True,True,True,,11,459,1,statsbombpy,
3879834,2016-04-20,12,Serie A,27,2015/2016,male,Udinese,Fiorentina,1,True,True,True,,11,161,1,statsbombpy,
3879835,2016-04-20,12,Serie A,27,2015/2016,male,Chievo,Frosinone,1,True,True,True,,11,536,1,statsbombpy,
3754284,2016-04-21,2,Premier League,27,2015/2016,male,Arsenal,West Bromwich Albion,1,True,True,True,,11,611,1,statsbombpy,
3825841,2016-04-21,11,La Liga,27,2015/2016,male,Real Sociedad,Getafe,0,True,True,True,,11,382,1,statsbombpy,
3825896,2016-04-21,11,La Liga,27,2015/2016,male,Granada,Levante UD,1,True,True,True,,11,276,1,statsbombpy,
3879836,2016-04-21,12,Serie A,27,2015/2016,male,AC Milan,Carpi,0,True,True,True,,11,588,1,statsbombpy,
3825871,2016-04-22,11,La Liga,27,2015/2016,male,Las Palmas,Espanyol,1,True,True,True,,11,423,1,statsbombpy,
3901224,2016-04-22,7,Ligue 1,27,2015/2016,male,OGC Nice,Stade de Reims,1,True,True,True,,11,594,1,statsbombpy,
265944,2016-04-23,11,La Liga,27,2015/2016,male,Barcelona,Sporting Gijón,1,True,True,True,,11,588,1,statsbombpy,
3754154,2016-04-23,2,Premier League,27,2015/2016,male,Liverpool,Newcastle United,0,True,True,True,,11,445,1,statsbombpy,
3754242,2016-04-23,2,Premier League,27,2015/2016,male,AFC Bournemouth,Chelsea,0,True,True,True,,11,343,1,statsbombpy,
3754282,2016-04-23,2,Premier League,27,2015/2016,male,Aston Villa,Southampton,0,True,True,True,,11,263,1,statsbombpy,
3754307,2016-04-23,2,Premier League,27,2015/2016,male,Manchester City,Stoke City,1,True,True,True,,11,371,1,statsbombpy,
3825847,2016-04-23,11,La Liga,27,2015/2016,male,Eibar,RC Deportivo La Coruña,0,True,True,True,,11,281,1,statsbombpy,
3825886,2016-04-23,11,La Liga,27,2015/2016,male,Rayo Vallecano,Real Madrid,0,True,True,True,,11,229,1,statsbombpy,
3825890,2016-04-23,11,La Liga,27,2015/2016,male,Atlético Madrid,Málaga,1,True,True,True,,11,270,1,statsbombpy,
3879837,2016-04-23,12,Serie A,27,2015/2016,male,Inter Milan,Udinese,1,True,True,True,,11,466,1,statsbombpy,
3890534,2016-04-23,9,1. Bundesliga,27,2015/2016,male,Schalke 04,Bayer Leverkusen,0,True,False,False,insufficient_rolling_history,11,405,1,statsbombpy,
3901225,2016-04-23,7,Ligue 1,27,2015/2016,male,Toulouse,Lyon,0,True,True,True,,11,147,1,statsbombpy,
3753990,2016-04-24,2,Premier League,27,2015/2016,male,Sunderland,Arsenal,0,True,True,True,,11,169,1,statsbombpy,
3754228,2016-04-24,2,Premier League,27,2015/2016,male,Leicester City,Swansea City,1,True,True,True,,11,265,1,statsbombpy,
3825842,2016-04-24,11,La Liga,27,2015/2016,male,Levante UD,Athletic Club,0,True,True,True,,11,170,1,statsbombpy,
3825875,2016-04-24,11,La Liga,27,2015/2016,male,Villarreal,Real Sociedad,0,True,True,True,,11,255,1,statsbombpy,
3825884,2016-04-24,11,La Liga,27,2015/2016,male,Sevilla,Real Betis,1,True,True,True,,11,284,1,statsbombpy,
3825899,2016-04-24,11,La Liga,27,2015/2016,male,Getafe,Valencia,0,True,True,True,,11,236,1,statsbombpy,
3879838,2016-04-24,12,Serie A,27,2015/2016,male,Sampdoria,Lazio,1,True,True,True,,11,257,1,statsbombpy,
3879839,2016-04-24,12,Serie A,27,2015/2016,male,Fiorentina,Juventus,0,True,True,True,,11,538,1,statsbombpy,
3879840,2016-04-24,12,Serie A,27,2015/2016,male,Bologna,Genoa,1,True,True,True,,11,321,1,statsbombpy,
3879841,2016-04-24,12,Serie A,27,2015/2016,male,Frosinone,Palermo,0,True,True,True,,11,251,1,statsbombpy,
3879842,2016-04-24,12,Serie A,27,2015/2016,male,Atalanta,Chievo,1,True,True,True,,11,259,1,statsbombpy,
3879843,2016-04-24,12,Serie A,27,2015/2016,male,Torino,Sassuolo,0,True,True,True,,11,346,1,statsbombpy,
3901226,2016-04-24,7,Ligue 1,27,2015/2016,male,Montpellier,Troyes,1,True,True,True,,11,284,1,statsbombpy,
3901227,2016-04-24,7,Ligue 1,27,2015/2016,male,Olympique de Marseille,Nantes,0,True,True,True,,11,352,1,statsbombpy,
3901228,2016-04-24,7,Ligue 1,27,2015/2016,male,Saint-Étienne,Lorient,1,True,True,True,,11,362,1,statsbombpy,
3901229,2016-04-24,7,Ligue 1,27,2015/2016,male,Guingamp,Stade Malherbe Caen,0,False,False,False,metadata_team_missing_from_events,0,0,1,statsbombpy,
3901230,2016-04-24,7,Ligue 1,27,2015/2016,male,Gazélec Ajaccio,Bastia,1,True,True,True,,11,282,1,statsbombpy,
3901231,2016-04-24,7,Ligue 1,27,2015/2016,male,Rennes,AS Monaco,0,True,True,True,,11,410,1,statsbombpy,
3754332,2016-04-25,2,Premier League,27,2015/2016,male,Tottenham Hotspur,West Bromwich Albion,0,True,True,True,,11,452,1,statsbombpy,
3825868,2016-04-25,11,La Liga,27,2015/2016,male,Celta Vigo,Granada,1,True,True,True,,11,465,1,statsbombpy,
3879844,2016-04-25,12,Serie A,27,2015/2016,male,Carpi,Empoli,1,True,True,True,,11,311,1,statsbombpy,
3879845,2016-04-25,12,Serie A,27,2015/2016,male,AS Roma,Napoli,1,True,True,True,,11,348,1,statsbombpy,
3879846,2016-04-25,12,Serie A,27,2015/2016,male,Hellas Verona,AC Milan,1,True,True,True,,11,193,1,statsbombpy,
3901232,2016-04-27,7,Ligue 1,27,2015/2016,male,Lille,Angers,0,True,True,True,,11,565,1,statsbombpy,
3825854,2016-04-29,11,La Liga,27,2015/2016,male,Sporting Gijón,Eibar,1,True,True,True,,11,278,1,statsbombpy,
3901233,2016-04-29,7,Ligue 1,27,2015/2016,male,Paris Saint-Germain,Rennes,1,True,True,True,,11,670,1,statsbombpy,
266986,2016-04-30,11,La Liga,27,2015/2016,male,Real Betis,Barcelona,0,True,True,True,,11,172,1,statsbombpy,
3754037,2016-04-30,2,Premier League,27,2015/2016,male,Everton,AFC Bournemouth,1,True,True,True,,11,452,1,statsbombpy,
3754063,2016-04-30,2,Premier League,27,2015/2016,male,Watford,Aston Villa,1,True,True,True,,11,474,1,statsbombpy,
3754132,2016-04-30,2,Premier League,27,2015/2016,male,Stoke City,Sunderland,0,True,True,True,,11,272,1,statsbombpy,
3754170,2016-04-30,2,Premier League,27,2015/2016,male,Newcastle United,Crystal Palace,1,True,True,True,,11,273,1,statsbombpy,
3754184,2016-04-30,2,Premier League,27,2015/2016,male,Arsenal,Norwich City,1,True,True,True,,11,545,1,statsbombpy,
3754192,2016-04-30,2,Premier League,27,2015/2016,male,West Bromwich Albion,West Ham United,0,True,True,True,,11,200,1,statsbombpy,
3825859,2016-04-30,11,La Liga,27,2015/2016,male,Granada,Las Palmas,1,True,True,True,,11,253,1,statsbombpy,
3825864,2016-04-30,11,La Liga,27,2015/2016,male,Real Sociedad,Real Madrid,0,True,True,True,,11,299,1,statsbombpy,
3825878,2016-04-30,11,La Liga,27,2015/2016,male,Atlético Madrid,Rayo Vallecano,1,True,True,True,,11,156,1,statsbombpy,
3879847,2016-04-30,12,Serie A,27,2015/2016,male,Udinese,Torino,0,True,True,True,,11,276,1,statsbombpy,
3879848,2016-04-30,12,Serie A,27,2015/2016,male,Chievo,Fiorentina,0,True,True,True,,11,245,1,statsbombpy,
3890540,2016-04-30,9,1. Bundesliga,27,2015/2016,male,Bayer Leverkusen,Hertha Berlin,1,True,False,False,insufficient_rolling_history,11,377,1,statsbombpy,
3901234,2016-04-30,7,Ligue 1,27,2015/2016,male,Stade de Reims,Montpellier,0,True,True,True,,11,268,1,statsbombpy,
3901235,2016-04-30,7,Ligue 1,27,2015/2016,male,Lyon,Gazélec Ajaccio,1,True,True,True,,11,553,1,statsbombpy,
3901236,2016-04-30,7,Ligue 1,27,2015/2016,male,Nantes,OGC Nice,1,True,True,True,,11,304,1,statsbombpy,
3901237,2016-04-30,7,Ligue 1,27,2015/2016,male,Saint-Étienne,Toulouse,0,True,True,True,,11,244,1,statsbombpy,
3901238,2016-04-30,7,Ligue 1,27,2015/2016,male,AS Monaco,Guingamp,1,True,True,True,,11,362,1,statsbombpy,
3901240,2016-04-30,7,Ligue 1,27,2015/2016,male,Lorient,Lille,0,True,True,True,,11,392,1,statsbombpy,
3901241,2016-04-30,7,Ligue 1,27,2015/2016,male,Stade Malherbe Caen,Bastia,0,True,True,True,,11,387,1,statsbombpy,
3754018,2016-05-01,2,Premier League,27,2015/2016,male,Swansea City,Liverpool,1,True,True,True,,11,400,1,statsbombpy,
3754165,2016-05-01,2,Premier League,27,2015/2016,male,Manchester United,Leicester City,0,True,True,True,,11,462,1,statsbombpy,
3754320,2016-05-01,2,Premier League,27,2015/2016,male,Southampton,Manchester City,1,True,True,True,,11,275,1,statsbombpy,
3825845,2016-05-01,11,La Liga,27,2015/2016,male,Espanyol,Sevilla,1,True,True,True,,11,222,1,statsbombpy,
3825870,2016-05-01,11,La Liga,27,2015/2016,male,Athletic Club,Celta Vigo,1,True,True,True,,11,310,1,statsbombpy,
3825873,2016-05-01,11,La Liga,27,2015/2016,male,Valencia,Villarreal,0,True,True,True,,11,464,1,statsbombpy,
3825894,2016-05-01,11,La Liga,27,2015/2016,male,RC Deportivo La Coruña,Getafe,0,True,True,True,,11,286,1,statsbombpy,
3879849,2016-05-01,12,Serie A,27,2015/2016,male,Empoli,Bologna,0,True,True,True,,11,512,1,statsbombpy,
3879850,2016-05-01,12,Serie A,27,2015/2016,male,Juventus,Carpi,1,True,True,True,,11,583,1,statsbombpy,
3879851,2016-05-01,12,Serie A,27,2015/2016,male,AC Milan,Frosinone,0,True,True,True,,11,351,1,statsbombpy,
3879852,2016-05-01,12,Serie A,27,2015/2016,male,Palermo,Sampdoria,1,True,True,True,,11,224,1,statsbombpy,
3879853,2016-05-01,12,Serie A,27,2015/2016,male,Lazio,Inter Milan,1,True,True,True,,11,348,1,statsbombpy,
3879854,2016-05-01,12,Serie A,27,2015/2016,male,Sassuolo,Hellas Verona,1,True,True,True,,11,384,1,statsbombpy,
3901242,2016-05-01,7,Ligue 1,27,2015/2016,male,Angers,Olympique de Marseille,0,False,False,False,metadata_team_missing_from_events,0,0,1,statsbombpy,
3754092,2016-05-02,2,Premier League,27,2015/2016,male,Chelsea,Tottenham Hotspur,0,True,True,True,,11,290,1,statsbombpy,
3825855,2016-05-02,11,La Liga,27,2015/2016,male,Málaga,Levante UD,1,True,True,True,,11,335,1,statsbombpy,
3879855,2016-05-02,12,Serie A,27,2015/2016,male,Napoli,Atalanta,1,True,True,True,,11,558,1,statsbombpy,
3879856,2016-05-02,12,Serie A,27,2015/2016,male,Genoa,AS Roma,0,True,True,True,,11,254,1,statsbombpy,
3754026,2016-05-07,2,Premier League,27,2015/2016,male,Crystal Palace,Stoke City,1,True,True,True,,11,298,1,statsbombpy,
3754033,2016-05-07,2,Premier League,27,2015/2016,male,Leicester City,Everton,1,True,True,True,,11,253,1,statsbombpy,
3754070,2016-05-07,2,Premier League,27,2015/2016,male,Aston Villa,Newcastle United,0,True,True,True,,11,352,1,statsbombpy,
3754108,2016-05-07,2,Premier League,27,2015/2016,male,Sunderland,Chelsea,1,True,True,True,,11,197,1,statsbombpy,
3754158,2016-05-07,2,Premier League,27,2015/2016,male,West Ham United,Swansea City,0,True,True,True,,11,361,1,statsbombpy,
3754210,2016-05-07,2,Premier League,27,2015/2016,male,Norwich City,Manchester United,0,True,True,True,,11,178,1,statsbombpy,
3754225,2016-05-07,2,Premier League,27,2015/2016,male,AFC Bournemouth,West Bromwich Albion,0,True,True,True,,11,479,1,statsbombpy,
3879857,2016-05-07,12,Serie A,27,2015/2016,male,Inter Milan,Empoli,1,True,True,True,,11,308,1,statsbombpy,
3879858,2016-05-07,12,Serie A,27,2015/2016,male,Bologna,AC Milan,0,True,True,True,,11,271,1,statsbombpy,
3890550,2016-05-07,9,1. Bundesliga,27,2015/2016,male,Borussia Mönchengladbach,Bayer Leverkusen,1,True,False,False,insufficient_rolling_history,11,467,1,statsbombpy,
3901243,2016-05-07,7,Ligue 1,27,2015/2016,male,Bastia,Angers,1,True,True,True,,11,387,1,statsbombpy,
3901244,2016-05-07,7,Ligue 1,27,2015/2016,male,Toulouse,Troyes,1,True,True,True,,11,281,1,statsbombpy,
3901245,2016-05-07,7,Ligue 1,27,2015/2016,male,Bordeaux,Lorient,1,True,True,True,,11,401,1,statsbombpy,
3901246,2016-05-07,7,Ligue 1,27,2015/2016,male,Nantes,Stade Malherbe Caen,0,False,False,False,metadata_team_missing_from_events,0,0,1,statsbombpy,
3901247,2016-05-07,7,Ligue 1,27,2015/2016,male,Gazélec Ajaccio,Paris Saint-Germain,0,True,True,True,,11,185,1,statsbombpy,
3901248,2016-05-07,7,Ligue 1,27,2015/2016,male,Lille,Guingamp,0,True,True,True,,11,531,1,statsbombpy,
3901249,2016-05-07,7,Ligue 1,27,2015/2016,male,Montpellier,Rennes,1,True,True,True,,11,456,1,statsbombpy,
3901250,2016-05-07,7,Ligue 1,27,2015/2016,male,OGC Nice,Saint-Étienne,1,True,True,True,,11,442,1,statsbombpy,
3901251,2016-05-07,7,Ligue 1,27,2015/2016,male,Olympique de Marseille,Stade de Reims,1,True,True,True,,11,389,1,statsbombpy,
3901252,2016-05-07,7,Ligue 1,27,2015/2016,male,Lyon,AS Monaco,1,True,True,True,,11,457,1,statsbombpy,
265958,2016-05-08,11,La Liga,27,2015/2016,male,Barcelona,Espanyol,1,True,True,True,,11,479,1,statsbombpy,
3753992,2016-05-08,2,Premier League,27,2015/2016,male,Tottenham Hotspur,Southampton,0,True,True,True,,11,509,1,statsbombpy,
3754314,2016-05-08,2,Premier League,27,2015/2016,male,Manchester City,Arsenal,0,True,True,True,,11,396,1,statsbombpy,
3754342,2016-05-08,2,Premier League,27,2015/2016,male,Liverpool,Watford,1,True,True,True,,11,431,1,statsbombpy,
3825850,2016-05-08,11,La Liga,27,2015/2016,male,Celta Vigo,Málaga,1,True,True,True,,11,428,1,statsbombpy,
3825851,2016-05-08,11,La Liga,27,2015/2016,male,Villarreal,RC Deportivo La Coruña,0,True,True,True,,11,494,1,statsbombpy,
3825853,2016-05-08,11,La Liga,27,2015/2016,male,Sevilla,Granada,0,True,True,True,,11,387,1,statsbombpy,
3825860,2016-05-08,11,La Liga,27,2015/2016,male,Levante UD,Atlético Madrid,1,True,True,True,,11,456,1,statsbombpy,
3825861,2016-05-08,11,La Liga,27,2015/2016,male,Real Sociedad,Rayo Vallecano,1,True,True,True,,11,203,1,statsbombpy,
3825865,2016-05-08,11,La Liga,27,2015/2016,male,Getafe,Sporting Gijón,0,True,True,True,,11,284,1,statsbombpy,
3825866,2016-05-08,11,La Liga,27,2015/2016,male,Las Palmas,Athletic Club,0,True,True,True,,11,505,1,statsbombpy,
3825901,2016-05-08,11,La Liga,27,2015/2016,male,Real Madrid,Valencia,1,True,True,True,,11,443,1,statsbombpy,
3825904,2016-05-08,11,La Liga,27,2015/2016,male,Eibar,Real Betis,0,True,True,True,,11,415,1,statsbombpy,
3879859,2016-05-08,12,Serie A,27,2015/2016,male,Carpi,Lazio,0,True,True,True,,11,261,1,statsbombpy,
3879860,2016-05-08,12,Serie A,27,2015/2016,male,Fiorentina,Palermo,0,True,True,True,,11,512,1,statsbombpy,
3879861,2016-05-08,12,Serie A,27,2015/2016,male,Frosinone,Sassuolo,0,True,True,True,,11,176,1,statsbombpy,
3879862,2016-05-08,12,Serie A,27,2015/2016,male,Torino,Napoli,0,True,True,True,,11,314,1,statsbombpy,
3879863,2016-05-08,12,Serie A,27,2015/2016,male,Atalanta,Udinese,0,True,True,True,,11,537,1,statsbombpy,
3879864,2016-05-08,12,Serie A,27,2015/2016,male,Hellas Verona,Juventus,1,True,True,True,,11,267,1,statsbombpy,
3879865,2016-05-08,12,Serie A,27,2015/2016,male,Sampdoria,Genoa,0,True,True,True,,11,341,1,statsbombpy,
3879866,2016-05-08,12,Serie A,27,2015/2016,male,AS Roma,Chievo,1,True,True,True,,11,572,1,statsbombpy,
3754134,2016-05-10,2,Premier League,27,2015/2016,male,West Ham United,Manchester United,1,True,True,True,,11,246,1,statsbombpy,
3753989,2016-05-11,2,Premier League,27,2015/2016,male,Sunderland,Everton,1,True,True,True,,11,256,1,statsbombpy,
3754055,2016-05-11,2,Premier League,27,2015/2016,male,Liverpool,Chelsea,0,True,True,True,,11,473,1,statsbombpy,
3754207,2016-05-11,2,Premier League,27,2015/2016,male,Norwich City,Watford,1,True,True,True,,11,407,1,statsbombpy,
3901253,2016-05-11,7,Ligue 1,27,2015/2016,male,Bordeaux,Paris Saint-Germain,0,True,True,True,,11,249,1,statsbombpy,
3825849,2016-05-13,11,La Liga,27,2015/2016,male,Valencia,Real Sociedad,0,True,True,True,,11,325,1,statsbombpy,
267506,2016-05-14,11,La Liga,27,2015/2016,male,Granada,Barcelona,0,True,True,True,,11,197,1,statsbombpy,
3825846,2016-05-14,11,La Liga,27,2015/2016,male,RC Deportivo La Coruña,Real Madrid,0,True,True,True,,11,363,1,statsbombpy,
3825869,2016-05-14,11,La Liga,27,2015/2016,male,Athletic Club,Sevilla,1,True,True,True,,11,390,1,statsbombpy,
3825882,2016-05-14,11,La Liga,27,2015/2016,male,Atlético Madrid,Celta Vigo,1,True,True,True,,11,341,1,statsbombpy,
3879867,2016-05-14,12,Serie A,27,2015/2016,male,Napoli,Frosinone,1,True,True,True,,11,652,1,statsbombpy,
3879868,2016-05-14,12,Serie A,27,2015/2016,male,Sassuolo,Inter Milan,1,True,True,True,,11,321,1,statsbombpy,
3879869,2016-05-14,12,Serie A,27,2015/2016,male,AC Milan,AS Roma,0,True,True,True,,11,260,1,statsbombpy,
3879870,2016-05-14,12,Serie A,27,2015/2016,male,Juventus,Sampdoria,1,True,True,True,,11,537,1,statsbombpy,
3890563,2016-05-14,9,1. Bundesliga,27,2015/2016,male,Bayer Leverkusen,Ingolstadt,1,True,False,False,insufficient_rolling_history,11,181,1,statsbombpy,
3901254,2016-05-14,7,Ligue 1,27,2015/2016,male,Stade de Reims,Lyon,1,True,True,True,,11,192,1,statsbombpy,
3901255,2016-05-14,7,Ligue 1,27,2015/2016,male,Angers,Toulouse,0,True,True,True,,11,203,1,statsbombpy,
3901256,2016-05-14,7,Ligue 1,27,2015/2016,male,AS Monaco,Montpellier,1,True,True,True,,11,273,1,statsbombpy,
3901257,2016-05-14,7,Ligue 1,27,2015/2016,male,Saint-Étienne,Lille,0,True,True,True,,11,354,1,statsbombpy,
3901258,2016-05-14,7,Ligue 1,27,2015/2016,male,Guingamp,OGC Nice,0,True,True,True,,11,263,1,statsbombpy,
3901259,2016-05-14,7,Ligue 1,27,2015/2016,male,Troyes,Olympique de Marseille,0,True,True,True,,11,360,1,statsbombpy,
3901260,2016-05-14,7,Ligue 1,27,2015/2016,male,Lorient,Gazélec Ajaccio,1,True,True,True,,11,398,1,statsbombpy,
3901261,2016-05-14,7,Ligue 1,27,2015/2016,male,Paris Saint-Germain,Nantes,1,True,True,True,,11,543,1,statsbombpy,
3901262,2016-05-14,7,Ligue 1,27,2015/2016,male,Stade Malherbe Caen,Bordeaux,1,True,True,True,,11,260,1,statsbombpy,
3901263,2016-05-14,7,Ligue 1,27,2015/2016,male,Rennes,Bastia,0,True,True,True,,11,387,1,statsbombpy,
3753994,2016-05-15,2,Premier League,27,2015/2016,male,Southampton,Crystal Palace,1,True,True,True,,11,326,1,statsbombpy,
3754041,2016-05-15,2,Premier League,27,2015/2016,male,Arsenal,Aston Villa,1,True,True,True,,11,505,1,statsbombpy,
3754042,2016-05-15,2,Premier League,27,2015/2016,male,West Bromwich Albion,Liverpool,0,True,True,True,,11,182,1,statsbombpy,
3754123,2016-05-15,2,Premier League,27,2015/2016,male,Everton,Norwich City,1,True,True,True,,11,270,1,statsbombpy,
3754149,2016-05-15,2,Premier League,27,2015/2016,male,Swansea City,Manchester City,0,True,True,True,,11,400,1,statsbombpy,
3754199,2016-05-15,2,Premier League,27,2015/2016,male,Stoke City,West Ham United,1,True,True,True,,11,270,1,statsbombpy,
3754229,2016-05-15,2,Premier League,27,2015/2016,male,Chelsea,Leicester City,0,True,True,True,,11,399,1,statsbombpy,
3754308,2016-05-15,2,Premier League,27,2015/2016,male,Watford,Sunderland,0,True,True,True,,11,300,1,statsbombpy,
3754333,2016-05-15,2,Premier League,27,2015/2016,male,Newcastle United,Tottenham Hotspur,1,True,True,True,,11,291,1,statsbombpy,
3825876,2016-05-15,11,La Liga,27,2015/2016,male,Real Betis,Getafe,1,True,True,True,,11,375,1,statsbombpy,
3825883,2016-05-15,11,La Liga,27,2015/2016,male,Málaga,Las Palmas,1,True,True,True,,11,210,1,statsbombpy,
3825900,2016-05-15,11,La Liga,27,2015/2016,male,Sporting Gijón,Villarreal,1,True,True,True,,11,423,1,statsbombpy,
3825902,2016-05-15,11,La Liga,27,2015/2016,male,Rayo Vallecano,Levante UD,1,True,True,True,,11,394,1,statsbombpy,
3825908,2016-05-15,11,La Liga,27,2015/2016,male,Espanyol,Eibar,1,True,True,True,,11,304,1,statsbombpy,
3879871,2016-05-15,12,Serie A,27,2015/2016,male,Udinese,Carpi,0,True,True,True,,11,336,1,statsbombpy,
3879872,2016-05-15,12,Serie A,27,2015/2016,male,Chievo,Bologna,0,True,True,True,,11,380,1,statsbombpy,
3879873,2016-05-15,12,Serie A,27,2015/2016,male,Empoli,Torino,1,True,True,True,,11,353,1,statsbombpy,
3879874,2016-05-15,12,Serie A,27,2015/2016,male,Lazio,Fiorentina,0,True,True,True,,11,327,1,statsbombpy,
3879875,2016-05-15,12,Serie A,27,2015/2016,male,Palermo,Hellas Verona,1,True,True,True,,11,264,1,statsbombpy,
3879876,2016-05-15,12,Serie A,27,2015/2016,male,Genoa,Atalanta,0,True,True,True,,11,331,1,statsbombpy,
3754159,2016-05-17,2,Premier League,27,2015/2016,male,Manchester United,AFC Bournemouth,1,True,True,True,,11,587,1,statsbombpy,
18243,2016-05-28,16,Champions League,27,2015/2016,male,Real Madrid,Atlético Madrid,0,True,False,False,insufficient_rolling_history,11,398,1,statsbombpy,
267670,2016-08-20,11,La Liga,2,2016/2017,male,Barcelona,Real Betis,1,True,True,True,,11,600,1,statsbombpy,
266892,2016-08-28,11,La Liga,2,2016/2017,male,Athletic Club,Barcelona,0,True,True,True,,11,232,1,statsbombpy,
266669,2016-09-10,11,La Liga,2,2016/2017,male,Barcelona,Deportivo Alavés,0,True,False,False,insufficient_rolling_history,11,581,1,statsbombpy,
267212,2016-09-17,11,La Liga,2,2016/2017,male,Leganés,Barcelona,0,True,False,False,insufficient_rolling_history,11,200,1,statsbombpy,
267220,2016-09-21,11,La Liga,2,2016/2017,male,Barcelona,Atlético Madrid,0,True,True,True,,11,609,1,statsbombpy,
267492,2016-10-15,11,La Liga,2,2016/2017,male,Barcelona,RC Deportivo La Coruña,1,True,True,True,,11,543,1,statsbombpy,
266033,2016-10-22,11,La Liga,2,2016/2017,male,Valencia,Barcelona,0,True,True,True,,11,171,1,statsbombpy,
267058,2016-10-29,11,La Liga,2,2016/2017,male,Barcelona,Granada,1,True,True,True,,11,616,1,statsbombpy,
266989,2016-11-06,11,La Liga,2,2016/2017,male,Sevilla,Barcelona,0,True,True,True,,11,350,1,statsbombpy,
266191,2016-11-27,11,La Liga,2,2016/2017,male,Real Sociedad,Barcelona,0,True,True,True,,11,367,1,statsbombpy,
267076,2016-12-03,11,La Liga,2,2016/2017,male,Barcelona,Real Madrid,0,True,True,True,,11,463,1,statsbombpy,
266357,2016-12-10,11,La Liga,2,2016/2017,male,Osasuna,Barcelona,0,True,True,True,,11,122,1,statsbombpy,
266528,2016-12-18,11,La Liga,2,2016/2017,male,Barcelona,Espanyol,1,True,True,True,,11,499,1,statsbombpy,
266477,2017-01-08,11,La Liga,2,2016/2017,male,Villarreal,Barcelona,0,True,True,True,,11,230,1,statsbombpy,
267395,2017-01-14,11,La Liga,2,2016/2017,male,Barcelona,Las Palmas,1,True,True,True,,11,463,1,statsbombpy,
266731,2017-01-22,11,La Liga,2,2016/2017,male,Eibar,Barcelona,0,True,True,True,,11,235,1,statsbombpy,
266516,2017-01-29,11,La Liga,2,2016/2017,male,Real Betis,Barcelona,0,True,True,True,,11,199,1,statsbombpy,
266874,2017-02-04,11,La Liga,2,2016/2017,male,Barcelona,Athletic Club,1,True,True,True,,11,358,1,statsbombpy,
266273,2017-02-11,11,La Liga,2,2016/2017,male,Deportivo Alavés,Barcelona,0,True,False,False,insufficient_rolling_history,11,206,1,statsbombpy,
267596,2017-02-19,11,La Liga,2,2016/2017,male,Barcelona,Leganés,1,True,False,False,insufficient_rolling_history,11,655,1,statsbombpy,
267464,2017-02-26,11,La Liga,2,2016/2017,male,Atlético Madrid,Barcelona,0,True,True,True,,11,204,1,statsbombpy,
265952,2017-03-01,11,La Liga,2,2016/2017,male,Barcelona,Sporting Gijón,1,True,True,True,,11,594,1,statsbombpy,
266299,2017-03-04,11,La Liga,2,2016/2017,male,Barcelona,Celta Vigo,1,True,True,True,,11,451,1,statsbombpy,
267660,2017-03-12,11,La Liga,2,2016/2017,male,RC Deportivo La Coruña,Barcelona,1,True,True,True,,11,196,1,statsbombpy,
266440,2017-03-19,11,La Liga,2,2016/2017,male,Barcelona,Valencia,1,True,True,True,,11,545,1,statsbombpy,
266280,2017-04-05,11,La Liga,2,2016/2017,male,Barcelona,Sevilla,1,True,True,True,,11,514,1,statsbombpy,
267590,2017-04-08,11,La Liga,2,2016/2017,male,Málaga,Barcelona,1,True,True,True,,11,188,1,statsbombpy,
267373,2017-04-15,11,La Liga,2,2016/2017,male,Barcelona,Real Sociedad,1,True,True,True,,11,425,1,statsbombpy,
267569,2017-04-23,11,La Liga,2,2016/2017,male,Real Madrid,Barcelona,0,True,True,True,,11,306,1,statsbombpy,
267101,2017-04-26,11,La Liga,2,2016/2017,male,Barcelona,Osasuna,1,True,True,True,,11,712,1,statsbombpy,
267077,2017-04-29,11,La Liga,2,2016/2017,male,Espanyol,Barcelona,0,True,True,True,,11,196,1,statsbombpy,
266952,2017-05-06,11,La Liga,2,2016/2017,male,Barcelona,Villarreal,1,True,True,True,,11,619,1,statsbombpy,
267039,2017-05-14,11,La Liga,2,2016/2017,male,Las Palmas,Barcelona,0,True,True,True,,11,319,1,statsbombpy,
267432,2017-05-21,11,La Liga,2,2016/2017,male,Barcelona,Eibar,1,True,True,True,,11,510,1,statsbombpy,
18244,2017-06-03,16,Champions League,2,2016/2017,male,Juventus,Real Madrid,0,True,False,False,insufficient_rolling_history,11,307,1,statsbombpy,
9575,2017-08-20,11,La Liga,1,2017/2018,male,Barcelona,Real Betis,1,True,True,True,,11,567,1,statsbombpy,
9581,2017-08-26,11,La Liga,1,2017/2018,male,Deportivo Alavés,Barcelona,0,True,True,True,,11,173,1,statsbombpy,
9592,2017-09-09,11,La Liga,1,2017/2018,male,Barcelona,Espanyol,1,True,True,True,,11,621,1,statsbombpy,
9602,2017-09-16,11,La Liga,1,2017/2018,male,Getafe,Barcelona,0,True,True,True,,11,168,1,statsbombpy,
9609,2017-09-19,11,La Liga,1,2017/2018,male,Barcelona,Eibar,1,True,True,True,,11,485,1,statsbombpy,
9620,2017-09-23,11,La Liga,1,2017/2018,male,Girona,Barcelona,0,True,False,False,insufficient_rolling_history,11,264,1,statsbombpy,
9636,2017-10-01,11,La Liga,1,2017/2018,male,Barcelona,Las Palmas,1,True,True,True,,11,392,1,statsbombpy,
9642,2017-10-14,11,La Liga,1,2017/2018,male,Atlético Madrid,Barcelona,0,True,True,True,,11,233,1,statsbombpy,
9650,2017-10-21,11,La Liga,1,2017/2018,male,Barcelona,Málaga,1,True,True,True,,11,608,1,statsbombpy,
9661,2017-10-28,11,La Liga,1,2017/2018,male,Athletic Club,Barcelona,0,True,True,True,,11,256,1,statsbombpy,
9673,2017-11-04,11,La Liga,1,2017/2018,male,Barcelona,Sevilla,1,True,True,True,,11,465,1,statsbombpy,
9682,2017-11-18,11,La Liga,1,2017/2018,male,Leganés,Barcelona,0,True,False,False,insufficient_rolling_history,11,178,1,statsbombpy,
9695,2017-11-26,11,La Liga,1,2017/2018,male,Valencia,Barcelona,0,True,True,True,,11,256,1,statsbombpy,
9700,2017-12-02,11,La Liga,1,2017/2018,male,Barcelona,Celta Vigo,0,True,True,True,,11,606,1,statsbombpy,
9717,2017-12-10,11,La Liga,1,2017/2018,male,Villarreal,Barcelona,0,True,True,True,,11,253,1,statsbombpy,
9726,2017-12-17,11,La Liga,1,2017/2018,male,Barcelona,RC Deportivo La Coruña,1,True,True,True,,11,537,1,statsbombpy,
9736,2017-12-23,11,La Liga,1,2017/2018,male,Real Madrid,Barcelona,0,True,True,True,,11,355,1,statsbombpy,
9742,2018-01-07,11,La Liga,1,2017/2018,male,Barcelona,Levante UD,1,True,True,True,,11,598,1,statsbombpy,
9754,2018-01-14,11,La Liga,1,2017/2018,male,Real Sociedad,Barcelona,0,True,True,True,,11,361,1,statsbombpy,
9765,2018-01-21,11,La Liga,1,2017/2018,male,Real Betis,Barcelona,0,True,True,True,,11,405,1,statsbombpy,
9774,2018-01-28,11,La Liga,1,2017/2018,male,Barcelona,Deportivo Alavés,1,True,True,True,,11,571,1,statsbombpy,
9783,2018-02-04,11,La Liga,1,2017/2018,male,Espanyol,Barcelona,0,True,True,True,,11,142,1,statsbombpy,
9794,2018-02-11,11,La Liga,1,2017/2018,male,Barcelona,Getafe,0,True,True,True,,11,617,1,statsbombpy,
9799,2018-02-17,11,La Liga,1,2017/2018,male,Eibar,Barcelona,0,True,True,True,,11,343,1,statsbombpy,
9811,2018-02-24,11,La Liga,1,2017/2018,male,Barcelona,Girona,1,True,False,False,insufficient_rolling_history,11,468,1,statsbombpy,
9827,2018-03-01,11,La Liga,1,2017/2018,male,Las Palmas,Barcelona,0,True,True,True,,11,229,1,statsbombpy,
9837,2018-03-04,11,La Liga,1,2017/2018,male,Barcelona,Atlético Madrid,1,True,True,True,,11,475,1,statsbombpy,
9855,2018-03-18,11,La Liga,1,2017/2018,male,Barcelona,Athletic Club,1,True,True,True,,11,483,1,statsbombpy,
9860,2018-03-31,11,La Liga,1,2017/2018,male,Sevilla,Barcelona,0,True,True,True,,11,304,1,statsbombpy,
9870,2018-04-07,11,La Liga,1,2017/2018,male,Barcelona,Leganés,1,True,True,True,,11,610,1,statsbombpy,
9880,2018-04-14,11,La Liga,1,2017/2018,male,Barcelona,Valencia,1,True,True,True,,11,623,1,statsbombpy,
7430,2018-04-15,49,NWSL,3,2018,female,Washington Spirit,North Carolina Courage,0,True,False,False,insufficient_rolling_history,11,250,1,statsbombpy,
9889,2018-04-17,11,La Liga,1,2017/2018,male,Celta Vigo,Barcelona,0,True,True,True,,11,342,1,statsbombpy,
9912,2018-04-29,11,La Liga,1,2017/2018,male,RC Deportivo La Coruña,Barcelona,0,True,True,True,,11,350,1,statsbombpy,
7443,2018-05-05,49,NWSL,3,2018,female,Portland Thorns,Seattle Reign,0,False,False,False,metadata_team_missing_from_events,0,0,1,statsbombpy,
7444,2018-05-06,49,NWSL,3,2018,female,North Carolina Courage,Chicago Red Stars,0,True,False,False,insufficient_rolling_history,11,265,1,statsbombpy,
7445,2018-05-06,49,NWSL,3,2018,female,Utah Royals,Washington Spirit,1,True,False,False,insufficient_rolling_history,11,357,1,statsbombpy,
9924,2018-05-06,11,La Liga,1,2017/2018,male,Barcelona,Real Madrid,0,True,True,True,,11,440,1,statsbombpy,
9928,2018-05-09,11,La Liga,1,2017/2018,male,Barcelona,Villarreal,1,True,True,True,,11,535,1,statsbombpy,
7451,2018-05-13,49,NWSL,3,2018,female,North Carolina Courage,Washington Spirit,1,True,False,False,insufficient_rolling_history,11,292,1,statsbombpy,
7456,2018-05-20,49,NWSL,3,2018,female,NJ/NY Gotham FC,North Carolina Courage,0,True,False,False,insufficient_rolling_history,11,179,1,statsbombpy,
9948,2018-05-20,11,La Liga,1,2017/2018,male,Barcelona,Real Sociedad,1,True,True,True,,11,501,1,statsbombpy,
7457,2018-05-24,49,NWSL,3,2018,female,Orlando Pride,North Carolina Courage,0,True,False,False,insufficient_rolling_history,11,276,1,statsbombpy,
18245,2018-05-26,16,Champions League,1,2017/2018,male,Real Madrid,Liverpool,1,True,False,False,insufficient_rolling_history,11,551,1,statsbombpy,
7519,2018-05-31,49,NWSL,3,2018,female,Portland Thorns,North Carolina Courage,0,True,False,False,insufficient_rolling_history,11,223,1,statsbombpy,
7520,2018-06-03,49,NWSL,3,2018,female,Washington Spirit,Chicago Red Stars,0,True,False,False,insufficient_rolling_history,11,303,1,statsbombpy,
7521,2018-06-03,49,NWSL,3,2018,female,NJ/NY Gotham FC,Utah Royals,0,True,False,False,insufficient_rolling_history,11,202,1,statsbombpy,
7522,2018-06-04,49,NWSL,3,2018,female,Houston Dash,North Carolina Courage,0,True,False,False,insufficient_rolling_history,11,275,1,statsbombpy,
7523,2018-06-04,49,NWSL,3,2018,female,Seattle Reign,Orlando Pride,0,False,False,False,metadata_team_missing_from_events,0,0,1,statsbombpy,
7525,2018-06-14,43,FIFA World Cup,3,2018,male,Russia,Saudi Arabia,1,True,False,False,insufficient_rolling_history,11,214,1,statsbombpy,
7576,2018-06-15,43,FIFA World Cup,3,2018,male,Portugal,Spain,0,True,False,False,insufficient_rolling_history,11,288,1,statsbombpy,
7577,2018-06-15,43,FIFA World Cup,3,2018,male,Morocco,Iran,0,True,False,False,insufficient_rolling_history,11,376,1,statsbombpy,
7578,2018-06-15,43,FIFA World Cup,3,2018,male,Egypt,Uruguay,0,True,False,False,insufficient_rolling_history,11,304,1,statsbombpy,
7529,2018-06-16,43,FIFA World Cup,3,2018,male,Croatia,Nigeria,1,True,False,False,insufficient_rolling_history,11,345,1,statsbombpy,
7530,2018-06-16,43,FIFA World Cup,3,2018,male,France,Australia,1,True,False,False,insufficient_rolling_history,11,394,1,statsbombpy,
7531,2018-06-16,43,FIFA World Cup,3,2018,male,Argentina,Iceland,0,True,False,False,insufficient_rolling_history,11,645,1,statsbombpy,
7532,2018-06-16,43,FIFA World Cup,3,2018,male,Peru,Denmark,0,True,False,False,insufficient_rolling_history,11,312,1,statsbombpy,
7533,2018-06-17,43,FIFA World Cup,3,2018,male,Brazil,Switzerland,0,True,False,False,insufficient_rolling_history,11,421,1,statsbombpy,
7534,2018-06-17,43,FIFA World Cup,3,2018,male,Germany,Mexico,0,True,False,False,insufficient_rolling_history,11,484,1,statsbombpy,
7535,2018-06-17,43,FIFA World Cup,3,2018,male,Costa Rica,Serbia,0,True,False,False,insufficient_rolling_history,11,332,1,statsbombpy,
7536,2018-06-18,43,FIFA World Cup,3,2018,male,Belgium,Panama,1,True,False,False,insufficient_rolling_history,11,489,1,statsbombpy,
7537,2018-06-18,43,FIFA World Cup,3,2018,male,Tunisia,England,0,True,False,False,insufficient_rolling_history,11,266,1,statsbombpy,
7538,2018-06-18,43,FIFA World Cup,3,2018,male,Sweden,South Korea,1,True,False,False,insufficient_rolling_history,11,353,1,statsbombpy,
7539,2018-06-19,43,FIFA World Cup,3,2018,male,Poland,Senegal,0,True,False,False,insufficient_rolling_history,11,446,1,statsbombpy,
7540,2018-06-19,43,FIFA World Cup,3,2018,male,Russia,Egypt,1,True,False,False,insufficient_rolling_history,11,284,1,statsbombpy,
7541,2018-06-19,43,FIFA World Cup,3,2018,male,Colombia,Japan,0,True,False,False,insufficient_rolling_history,11,270,1,statsbombpy,
7542,2018-06-20,43,FIFA World Cup,3,2018,male,Portugal,Morocco,1,True,False,False,insufficient_rolling_history,11,239,1,statsbombpy,
7543,2018-06-20,43,FIFA World Cup,3,2018,male,Iran,Spain,0,True,False,False,insufficient_rolling_history,11,135,1,statsbombpy,
7544,2018-06-20,43,FIFA World Cup,3,2018,male,Uruguay,Saudi Arabia,1,True,False,False,insufficient_rolling_history,11,358,1,statsbombpy,
7545,2018-06-21,43,FIFA World Cup,3,2018,male,Argentina,Croatia,0,True,False,False,insufficient_rolling_history,11,366,1,statsbombpy,
7546,2018-06-21,43,FIFA World Cup,3,2018,male,France,Peru,1,True,False,False,insufficient_rolling_history,11,315,1,statsbombpy,
7547,2018-06-21,43,FIFA World Cup,3,2018,male,Denmark,Australia,0,True,False,False,insufficient_rolling_history,11,370,1,statsbombpy,
7548,2018-06-22,43,FIFA World Cup,3,2018,male,Brazil,Costa Rica,1,True,False,False,insufficient_rolling_history,11,599,1,statsbombpy,
7549,2018-06-22,43,FIFA World Cup,3,2018,male,Nigeria,Iceland,1,True,False,False,insufficient_rolling_history,11,389,1,statsbombpy,
7550,2018-06-22,43,FIFA World Cup,3,2018,male,Serbia,Switzerland,0,True,False,False,insufficient_rolling_history,11,239,1,statsbombpy,
7551,2018-06-23,43,FIFA World Cup,3,2018,male,Germany,Sweden,1,True,True,True,,11,571,1,statsbombpy,
7552,2018-06-23,43,FIFA World Cup,3,2018,male,Belgium,Tunisia,1,True,False,False,insufficient_rolling_history,11,337,1,statsbombpy,
7553,2018-06-23,43,FIFA World Cup,3,2018,male,South Korea,Mexico,0,True,False,False,insufficient_rolling_history,11,245,1,statsbombpy,
7554,2018-06-24,43,FIFA World Cup,3,2018,male,England,Panama,1,True,False,False,insufficient_rolling_history,11,502,1,statsbombpy,
7555,2018-06-24,43,FIFA World Cup,3,2018,male,Poland,Colombia,0,True,False,False,insufficient_rolling_history,11,309,1,statsbombpy,
7556,2018-06-24,43,FIFA World Cup,3,2018,male,Japan,Senegal,0,True,False,False,insufficient_rolling_history,11,346,1,statsbombpy,
7557,2018-06-25,43,FIFA World Cup,3,2018,male,Iran,Portugal,0,True,False,False,insufficient_rolling_history,11,144,1,statsbombpy,
7558,2018-06-25,43,FIFA World Cup,3,2018,male,Uruguay,Russia,1,True,False,False,insufficient_rolling_history,11,403,1,statsbombpy,
7559,2018-06-25,43,FIFA World Cup,3,2018,male,Saudi Arabia,Egypt,1,True,False,False,insufficient_rolling_history,11,568,1,statsbombpy,
7560,2018-06-25,43,FIFA World Cup,3,2018,male,Spain,Morocco,0,True,False,False,insufficient_rolling_history,11,649,1,statsbombpy,
7561,2018-06-26,43,FIFA World Cup,3,2018,male,Iceland,Croatia,0,True,False,False,insufficient_rolling_history,11,213,1,statsbombpy,
7562,2018-06-26,43,FIFA World Cup,3,2018,male,Australia,Peru,0,True,False,False,insufficient_rolling_history,11,448,1,statsbombpy,
7563,2018-06-26,43,FIFA World Cup,3,2018,male,Denmark,France,0,True,False,False,insufficient_rolling_history,11,214,1,statsbombpy,
7564,2018-06-26,43,FIFA World Cup,3,2018,male,Nigeria,Argentina,0,True,False,False,insufficient_rolling_history,11,195,1,statsbombpy,
7565,2018-06-27,43,FIFA World Cup,3,2018,male,Serbia,Brazil,0,True,False,False,insufficient_rolling_history,11,305,1,statsbombpy,
7566,2018-06-27,43,FIFA World Cup,3,2018,male,Mexico,Sweden,0,True,True,True,,11,353,1,statsbombpy,
7567,2018-06-27,43,FIFA World Cup,3,2018,male,South Korea,Germany,1,True,False,False,insufficient_rolling_history,11,160,1,statsbombpy,
7568,2018-06-27,43,FIFA World Cup,3,2018,male,Switzerland,Costa Rica,0,True,False,False,insufficient_rolling_history,11,463,1,statsbombpy,
7569,2018-06-28,43,FIFA World Cup,3,2018,male,Panama,Tunisia,0,True,False,False,insufficient_rolling_history,11,159,1,statsbombpy,
7570,2018-06-28,43,FIFA World Cup,3,2018,male,England,Belgium,0,True,True,True,,11,382,1,statsbombpy,
7571,2018-06-28,43,FIFA World Cup,3,2018,male,Senegal,Colombia,0,True,False,False,insufficient_rolling_history,11,225,1,statsbombpy,
7572,2018-06-28,43,FIFA World Cup,3,2018,male,Japan,Poland,0,True,False,False,insufficient_rolling_history,11,422,1,statsbombpy,
7471,2018-06-30,49,NWSL,3,2018,female,Orlando Pride,North Carolina Courage,0,True,False,False,insufficient_rolling_history,11,278,1,statsbombpy,
7579,2018-06-30,43,FIFA World Cup,3,2018,male,Uruguay,Portugal,1,True,True,True,,11,145,1,statsbombpy,
7580,2018-06-30,43,FIFA World Cup,3,2018,male,France,Argentina,1,True,True,True,,11,267,1,statsbombpy,
7472,2018-07-01,49,NWSL,3,2018,female,Seattle Reign,Portland Thorns,1,False,False,False,metadata_team_missing_from_events,0,0,1,statsbombpy,
7473,2018-07-01,49,NWSL,3,2018,female,Utah Royals,NJ/NY Gotham FC,1,True,False,False,insufficient_rolling_history,11,423,1,statsbombpy,
7581,2018-07-01,43,FIFA World Cup,3,2018,male,Croatia,Denmark,0,True,True,True,,11,412,1,statsbombpy,
7582,2018-07-01,43,FIFA World Cup,3,2018,male,Spain,Russia,0,True,True,True,,11,941,1,statsbombpy,
7474,2018-07-02,49,NWSL,3,2018,female,Chicago Red Stars,Washington Spirit,1,True,False,False,insufficient_rolling_history,11,212,1,statsbombpy,
7583,2018-07-02,43,FIFA World Cup,3,2018,male,Brazil,Mexico,1,True,True,True,,11,313,1,statsbombpy,
7584,2018-07-02,43,FIFA World Cup,3,2018,male,Belgium,Japan,1,True,True,True,,11,479,1,statsbombpy,
7585,2018-07-03,43,FIFA World Cup,3,2018,male,Colombia,England,0,True,True,True,,11,376,1,statsbombpy,
7586,2018-07-03,43,FIFA World Cup,3,2018,male,Sweden,Switzerland,1,True,True,True,,11,189,1,statsbombpy,
7475,2018-07-05,49,NWSL,3,2018,female,North Carolina Courage,Chicago Red Stars,1,True,True,True,,11,266,1,statsbombpy,
8649,2018-07-06,43,FIFA World Cup,3,2018,male,Uruguay,France,0,True,True,True,,11,180,1,statsbombpy,
8650,2018-07-06,43,FIFA World Cup,3,2018,male,Brazil,Belgium,0,True,True,True,,11,413,1,statsbombpy,
7477,2018-07-07,49,NWSL,3,2018,female,Portland Thorns,Utah Royals,1,True,False,False,insufficient_rolling_history,11,255,1,statsbombpy,
8651,2018-07-07,43,FIFA World Cup,3,2018,male,Sweden,England,0,True,True,True,,11,264,1,statsbombpy,
8652,2018-07-07,43,FIFA World Cup,3,2018,male,Russia,Croatia,0,True,True,True,,11,194,1,statsbombpy,
7476,2018-07-08,49,NWSL,3,2018,female,NJ/NY Gotham FC,Chicago Red Stars,0,True,True,True,,11,277,1,statsbombpy,
7478,2018-07-08,49,NWSL,3,2018,female,Seattle Reign,Houston Dash,1,False,False,False,metadata_team_missing_from_events,0,0,1,statsbombpy,
7479,2018-07-08,49,NWSL,3,2018,female,Orlando Pride,Washington Spirit,1,True,False,False,insufficient_rolling_history,11,367,1,statsbombpy,
8655,2018-07-10,43,FIFA World Cup,3,2018,male,France,Belgium,1,True,True,True,,11,295,1,statsbombpy,
8656,2018-07-11,43,FIFA World Cup,3,2018,male,Croatia,England,1,True,True,True,,11,447,1,statsbombpy,
7480,2018-07-12,49,NWSL,3,2018,female,Seattle Reign,Utah Royals,1,False,False,False,metadata_team_missing_from_events,0,0,1,statsbombpy,
7482,2018-07-12,49,NWSL,3,2018,female,North Carolina Courage,Washington Spirit,1,True,True,True,,11,366,1,statsbombpy,
7524,2018-07-12,49,NWSL,3,2018,female,Houston Dash,Orlando Pride,1,True,False,False,insufficient_rolling_history,11,189,1,statsbombpy,
8657,2018-07-14,43,FIFA World Cup,3,2018,male,Belgium,England,1,True,True,True,,11,363,1,statsbombpy,
7483,2018-07-15,49,NWSL,3,2018,female,Utah Royals,Orlando Pride,0,True,True,True,,11,260,1,statsbombpy,
7484,2018-07-15,49,NWSL,3,2018,female,NJ/NY Gotham FC,North Carolina Courage,0,True,True,True,,11,282,1,statsbombpy,
7485,2018-07-15,49,NWSL,3,2018,female,Chicago Red Stars,Seattle Reign,1,False,False,False,metadata_team_missing_from_events,0,0,1,statsbombpy,
8658,2018-07-15,43,FIFA World Cup,3,2018,male,France,Croatia,1,True,True,True,,11,163,1,statsbombpy,
7486,2018-07-16,49,NWSL,3,2018,female,Portland Thorns,Houston Dash,1,True,False,False,insufficient_rolling_history,11,406,1,statsbombpy,
7487,2018-07-21,49,NWSL,3,2018,female,Utah Royals,North Carolina Courage,0,True,True,True,,11,330,1,statsbombpy,
7490,2018-07-22,49,NWSL,3,2018,female,NJ/NY Gotham FC,Portland Thorns,0,True,True,True,,11,319,1,statsbombpy,
7492,2018-08-06,49,NWSL,3,2018,female,Orlando Pride,NJ/NY Gotham FC,0,True,True,True,,11,320,1,statsbombpy,
7493,2018-08-06,49,NWSL,3,2018,female,Seattle Reign,Washington Spirit,1,False,False,False,metadata_team_missing_from_events,0,0,1,statsbombpy,
7494,2018-08-06,49,NWSL,3,2018,female,Houston Dash,Utah Royals,0,True,True,True,,11,215,1,statsbombpy,
7496,2018-08-09,49,NWSL,3,2018,female,Utah Royals,Washington Spirit,1,True,True,True,,11,286,1,statsbombpy,
7497,2018-08-11,49,NWSL,3,2018,female,Chicago Red Stars,North Carolina Courage,0,True,True,True,,11,272,1,statsbombpy,
7500,2018-08-12,49,NWSL,3,2018,female,Orlando Pride,Portland Thorns,0,True,True,True,,11,167,1,statsbombpy,
15946,2018-08-18,11,La Liga,4,2018/2019,male,Barcelona,Deportivo Alavés,1,True,True,True,,11,734,1,statsbombpy,
15956,2018-08-25,11,La Liga,4,2018/2019,male,Real Valladolid,Barcelona,0,True,True,True,,11,244,1,statsbombpy,
15973,2018-09-02,11,La Liga,4,2018/2019,male,Barcelona,Huesca,1,True,False,False,insufficient_rolling_history,11,547,1,statsbombpy,
19714,2018-09-09,37,FA Women's Super League,4,2018/2019,female,Chelsea FCW,Manchester City WFC,0,True,False,False,insufficient_rolling_history,11,262,1,statsbombpy,
19715,2018-09-09,37,FA Women's Super League,4,2018/2019,female,Brighton & Hove Albion WFC,Bristol City WFC,0,True,False,False,insufficient_rolling_history,11,230,1,statsbombpy,
19716,2018-09-09,37,FA Women's Super League,4,2018/2019,female,Reading WFC,Yeovil Town LFC,1,True,False,False,insufficient_rolling_history,11,391,1,statsbombpy,
19717,2018-09-09,37,FA Women's Super League,4,2018/2019,female,Arsenal WFC,Liverpool WFC,1,True,False,False,insufficient_rolling_history,11,485,1,statsbombpy,
19718,2018-09-09,37,FA Women's Super League,4,2018/2019,female,Birmingham City WFC,Everton LFC,1,True,False,False,insufficient_rolling_history,11,452,1,statsbombpy,
15978,2018-09-15,11,La Liga,4,2018/2019,male,Real Sociedad,Barcelona,0,True,True,True,,11,259,1,statsbombpy,
19719,2018-09-19,37,FA Women's Super League,4,2018/2019,female,West Ham United LFC,Reading WFC,0,True,False,False,insufficient_rolling_history,11,123,1,statsbombpy,
19720,2018-09-19,37,FA Women's Super League,4,2018/2019,female,Bristol City WFC,Chelsea FCW,0,True,False,False,insufficient_rolling_history,11,117,1,statsbombpy,
19722,2018-09-19,37,FA Women's Super League,4,2018/2019,female,Yeovil Town LFC,Arsenal WFC,0,True,False,False,insufficient_rolling_history,11,127,1,statsbombpy,
19723,2018-09-20,37,FA Women's Super League,4,2018/2019,female,Everton LFC,Manchester City WFC,0,True,False,False,insufficient_rolling_history,11,212,1,statsbombpy,
15986,2018-09-23,11,La Liga,4,2018/2019,male,Barcelona,Girona,0,True,False,False,insufficient_rolling_history,11,594,1,statsbombpy,
19724,2018-09-23,37,FA Women's Super League,4,2018/2019,female,Arsenal WFC,West Ham United LFC,1,True,False,False,insufficient_rolling_history,11,379,1,statsbombpy,
19725,2018-09-23,37,FA Women's Super League,4,2018/2019,female,Brighton & Hove Albion WFC,Liverpool WFC,0,True,False,False,insufficient_rolling_history,11,347,1,statsbombpy,
19726,2018-09-23,37,FA Women's Super League,4,2018/2019,female,Everton LFC,Chelsea FCW,0,True,False,False,insufficient_rolling_history,11,212,1,statsbombpy,
19727,2018-09-23,37,FA Women's Super League,4,2018/2019,female,Reading WFC,Birmingham City WFC,0,True,False,False,insufficient_rolling_history,11,280,1,statsbombpy,
19728,2018-09-23,37,FA Women's Super League,4,2018/2019,female,Manchester City WFC,Bristol City WFC,0,True,False,False,insufficient_rolling_history,11,500,1,statsbombpy,
15998,2018-09-26,11,La Liga,4,2018/2019,male,Leganés,Barcelona,1,True,True,True,,11,179,1,statsbombpy,
16010,2018-09-29,11,La Liga,4,2018/2019,male,Barcelona,Athletic Club,0,True,True,True,,11,480,1,statsbombpy,
19730,2018-09-30,37,FA Women's Super League,4,2018/2019,female,Chelsea FCW,Brighton & Hove Albion WFC,1,True,False,False,insufficient_rolling_history,11,513,1,statsbombpy,
19731,2018-09-30,37,FA Women's Super League,4,2018/2019,female,West Ham United LFC,Yeovil Town LFC,1,True,False,False,insufficient_rolling_history,11,392,1,statsbombpy,
19732,2018-09-30,37,FA Women's Super League,4,2018/2019,female,Liverpool WFC,Reading WFC,0,True,False,False,insufficient_rolling_history,11,147,1,statsbombpy,
19733,2018-09-30,37,FA Women's Super League,4,2018/2019,female,Birmingham City WFC,Manchester City WFC,0,True,False,False,insufficient_rolling_history,11,263,1,statsbombpy,
16023,2018-10-07,11,La Liga,4,2018/2019,male,Valencia,Barcelona,0,True,True,True,,11,229,1,statsbombpy,
19734,2018-10-14,37,FA Women's Super League,4,2018/2019,female,Everton LFC,Brighton & Hove Albion WFC,0,True,True,True,,11,387,1,statsbombpy,
19735,2018-10-14,37,FA Women's Super League,4,2018/2019,female,Manchester City WFC,West Ham United LFC,1,True,True,True,,11,527,1,statsbombpy,
19736,2018-10-14,37,FA Women's Super League,4,2018/2019,female,Chelsea FCW,Arsenal WFC,0,True,True,True,,11,333,1,statsbombpy,
19737,2018-10-14,37,FA Women's Super League,4,2018/2019,female,Liverpool WFC,Yeovil Town LFC,1,True,True,True,,11,365,1,statsbombpy,
19738,2018-10-14,37,FA Women's Super League,4,2018/2019,female,Bristol City WFC,Birmingham City WFC,0,True,True,True,,11,144,1,statsbombpy,
16029,2018-10-20,11,La Liga,4,2018/2019,male,Barcelona,Sevilla,1,True,True,True,,11,379,1,statsbombpy,
19739,2018-10-21,37,FA Women's Super League,4,2018/2019,female,Brighton & Hove Albion WFC,Manchester City WFC,0,True,True,True,,11,194,1,statsbombpy,
19740,2018-10-21,37,FA Women's Super League,4,2018/2019,female,West Ham United LFC,Liverpool WFC,0,True,True,True,,11,346,1,statsbombpy,
19741,2018-10-21,37,FA Women's Super League,4,2018/2019,female,Arsenal WFC,Reading WFC,1,True,True,True,,11,339,1,statsbombpy,
19742,2018-10-21,37,FA Women's Super League,4,2018/2019,female,Yeovil Town LFC,Bristol City WFC,0,True,True,True,,11,112,1,statsbombpy,
19743,2018-10-21,37,FA Women's Super League,4,2018/2019,female,Birmingham City WFC,Chelsea FCW,0,True,True,True,,11,422,1,statsbombpy,
19747,2018-10-26,37,FA Women's Super League,4,2018/2019,female,Manchester City WFC,Reading WFC,0,True,True,True,,11,370,1,statsbombpy,
19744,2018-10-28,37,FA Women's Super League,4,2018/2019,female,Bristol City WFC,Arsenal WFC,0,True,True,True,,11,178,1,statsbombpy,
19745,2018-10-28,37,FA Women's Super League,4,2018/2019,female,Brighton & Hove Albion WFC,Yeovil Town LFC,1,True,True,True,,11,249,1,statsbombpy,
19746,2018-10-28,37,FA Women's Super League,4,2018/2019,female,Everton LFC,West Ham United LFC,0,True,True,True,,11,293,1,statsbombpy,
19748,2018-10-28,37,FA Women's Super League,4,2018/2019,female,Chelsea FCW,Liverpool WFC,1,True,True,True,,11,492,1,statsbombpy,
19749,2018-11-04,37,FA Women's Super League,4,2018/2019,female,Arsenal WFC,Birmingham City WFC,1,True,True,True,,11,358,1,statsbombpy,
19750,2018-11-04,37,FA Women's Super League,4,2018/2019,female,Yeovil Town LFC,Everton LFC,1,True,True,True,,11,111,1,statsbombpy,
19751,2018-11-04,37,FA Women's Super League,4,2018/2019,female,West Ham United LFC,Chelsea FCW,0,True,True,True,,11,252,1,statsbombpy,
19752,2018-11-04,37,FA Women's Super League,4,2018/2019,female,Liverpool WFC,Manchester City WFC,0,True,True,True,,11,181,1,statsbombpy,
19753,2018-11-04,37,FA Women's Super League,4,2018/2019,female,Reading WFC,Bristol City WFC,1,True,True,True,,11,356,1,statsbombpy,
16056,2018-11-11,11,La Liga,4,2018/2019,male,Barcelona,Real Betis,0,True,True,True,,11,385,1,statsbombpy,
19761,2018-11-17,37,FA Women's Super League,4,2018/2019,female,Bristol City WFC,Liverpool WFC,1,True,True,True,,11,146,1,statsbombpy,
19759,2018-11-18,37,FA Women's Super League,4,2018/2019,female,Everton LFC,Arsenal WFC,0,True,True,True,,11,132,1,statsbombpy,
19760,2018-11-18,37,FA Women's Super League,4,2018/2019,female,Chelsea FCW,Yeovil Town LFC,1,True,True,True,,11,470,1,statsbombpy,
19762,2018-11-18,37,FA Women's Super League,4,2018/2019,female,Brighton & Hove Albion WFC,Reading WFC,0,True,True,True,,11,169,1,statsbombpy,
19763,2018-11-18,37,FA Women's Super League,4,2018/2019,female,Birmingham City WFC,West Ham United LFC,1,True,True,True,,11,415,1,statsbombpy,
16073,2018-11-24,11,La Liga,4,2018/2019,male,Atlético Madrid,Barcelona,0,True,True,True,,11,253,1,statsbombpy,
19764,2018-11-25,37,FA Women's Super League,4,2018/2019,female,Yeovil Town LFC,Manchester City WFC,0,True,True,True,,11,152,1,statsbombpy,
19765,2018-11-25,37,FA Women's Super League,4,2018/2019,female,Liverpool WFC,Birmingham City WFC,0,True,True,True,,11,205,1,statsbombpy,
19766,2018-11-25,37,FA Women's Super League,4,2018/2019,female,Arsenal WFC,Brighton & Hove Albion WFC,1,True,True,True,,11,527,1,statsbombpy,
19767,2018-11-25,37,FA Women's Super League,4,2018/2019,female,Reading WFC,Everton LFC,1,True,True,True,,11,328,1,statsbombpy,
19768,2018-11-25,37,FA Women's Super League,4,2018/2019,female,West Ham United LFC,Bristol City WFC,1,True,True,True,,11,312,1,statsbombpy,
16079,2018-12-02,11,La Liga,4,2018/2019,male,Barcelona,Villarreal,1,True,True,True,,11,623,1,statsbombpy,
19769,2018-12-02,37,FA Women's Super League,4,2018/2019,female,Brighton & Hove Albion WFC,West Ham United LFC,0,True,True,True,,11,265,1,statsbombpy,
19770,2018-12-02,37,FA Women's Super League,4,2018/2019,female,Manchester City WFC,Arsenal WFC,1,True,True,True,,11,320,1,statsbombpy,
19771,2018-12-02,37,FA Women's Super League,4,2018/2019,female,Birmingham City WFC,Yeovil Town LFC,1,True,True,True,,11,537,1,statsbombpy,
19772,2018-12-02,37,FA Women's Super League,4,2018/2019,female,Chelsea FCW,Reading WFC,1,True,True,True,,11,333,1,statsbombpy,
19773,2018-12-02,37,FA Women's Super League,4,2018/2019,female,Everton LFC,Liverpool WFC,1,True,True,True,,11,272,1,statsbombpy,
16086,2018-12-08,11,La Liga,4,2018/2019,male,Espanyol,Barcelona,0,True,True,True,,11,341,1,statsbombpy,
19774,2018-12-09,37,FA Women's Super League,4,2018/2019,female,Everton LFC,Bristol City WFC,0,True,True,True,,11,288,1,statsbombpy,
19775,2018-12-09,37,FA Women's Super League,4,2018/2019,female,Reading WFC,Liverpool WFC,0,True,True,True,,11,440,1,statsbombpy,
19776,2018-12-09,37,FA Women's Super League,4,2018/2019,female,Brighton & Hove Albion WFC,Chelsea FCW,0,True,True,True,,11,212,1,statsbombpy,
19777,2018-12-09,37,FA Women's Super League,4,2018/2019,female,Yeovil Town LFC,West Ham United LFC,0,True,True,True,,11,193,1,statsbombpy,
19778,2018-12-09,37,FA Women's Super League,4,2018/2019,female,Manchester City WFC,Birmingham City WFC,1,True,True,True,,11,396,1,statsbombpy,
16095,2018-12-16,11,La Liga,4,2018/2019,male,Levante UD,Barcelona,0,True,True,True,,11,298,1,statsbombpy,
16109,2018-12-22,11,La Liga,4,2018/2019,male,Barcelona,Celta Vigo,1,True,True,True,,11,448,1,statsbombpy,
16120,2019-01-06,11,La Liga,4,2018/2019,male,Getafe,Barcelona,0,True,True,True,,11,135,1,statsbombpy,
19779,2019-01-06,37,FA Women's Super League,4,2018/2019,female,Bristol City WFC,Manchester City WFC,0,True,True,True,,11,108,1,statsbombpy,
19780,2019-01-06,37,FA Women's Super League,4,2018/2019,female,Liverpool WFC,Brighton & Hove Albion WFC,0,True,True,True,,11,217,1,statsbombpy,
19781,2019-01-06,37,FA Women's Super League,4,2018/2019,female,West Ham United LFC,Arsenal WFC,0,True,True,True,,11,209,1,statsbombpy,
19782,2019-01-06,37,FA Women's Super League,4,2018/2019,female,Birmingham City WFC,Reading WFC,1,True,True,True,,11,213,1,statsbombpy,
19783,2019-01-06,37,FA Women's Super League,4,2018/2019,female,Chelsea FCW,Everton LFC,1,True,True,True,,11,479,1,statsbombpy,
16131,2019-01-13,11,La Liga,4,2018/2019,male,Barcelona,Eibar,1,True,True,True,,11,493,1,statsbombpy,
19784,2019-01-13,37,FA Women's Super League,4,2018/2019,female,Brighton & Hove Albion WFC,Everton LFC,0,True,True,True,,11,245,1,statsbombpy,
19785,2019-01-13,37,FA Women's Super League,4,2018/2019,female,Arsenal WFC,Chelsea FCW,0,True,True,True,,11,315,1,statsbombpy,
19786,2019-01-13,37,FA Women's Super League,4,2018/2019,female,West Ham United LFC,Manchester City WFC,0,True,True,True,,11,273,1,statsbombpy,
19787,2019-01-13,37,FA Women's Super League,4,2018/2019,female,Birmingham City WFC,Bristol City WFC,0,True,True,True,,11,421,1,statsbombpy,
19788,2019-01-13,37,FA Women's Super League,4,2018/2019,female,Yeovil Town LFC,Liverpool WFC,0,True,True,True,,11,173,1,statsbombpy,
16136,2019-01-20,11,La Liga,4,2018/2019,male,Barcelona,Leganés,1,True,True,True,,11,595,1,statsbombpy,
16149,2019-01-27,11,La Liga,4,2018/2019,male,Girona,Barcelona,0,True,True,True,,11,255,1,statsbombpy,
19789,2019-01-27,37,FA Women's Super League,4,2018/2019,female,Chelsea FCW,Birmingham City WFC,0,True,True,True,,11,372,1,statsbombpy,
19790,2019-01-27,37,FA Women's Super League,4,2018/2019,female,Manchester City WFC,Brighton & Hove Albion WFC,1,True,True,True,,11,529,1,statsbombpy,
19791,2019-01-27,37,FA Women's Super League,4,2018/2019,female,Reading WFC,Arsenal WFC,0,True,True,True,,11,305,1,statsbombpy,
19792,2019-01-27,37,FA Women's Super League,4,2018/2019,female,Bristol City WFC,Yeovil Town LFC,1,True,True,True,,11,272,1,statsbombpy,
19793,2019-01-28,37,FA Women's Super League,4,2018/2019,female,Liverpool WFC,West Ham United LFC,1,True,True,True,,11,210,1,statsbombpy,
16157,2019-02-02,11,La Liga,4,2018/2019,male,Barcelona,Valencia,0,True,True,True,,11,632,1,statsbombpy,
16173,2019-02-10,11,La Liga,4,2018/2019,male,Athletic Club,Barcelona,0,True,True,True,,11,234,1,statsbombpy,
19755,2019-02-10,37,FA Women's Super League,4,2018/2019,female,Manchester City WFC,Chelsea FCW,0,True,True,True,,11,245,1,statsbombpy,
19757,2019-02-10,37,FA Women's Super League,4,2018/2019,female,Bristol City WFC,Brighton & Hove Albion WFC,0,True,True,True,,11,195,1,statsbombpy,
16182,2019-02-16,11,La Liga,4,2018/2019,male,Barcelona,Real Valladolid,1,True,True,True,,11,593,1,statsbombpy,
19794,2019-02-20,37,FA Women's Super League,4,2018/2019,female,Chelsea FCW,Bristol City WFC,1,True,True,True,,11,528,1,statsbombpy,
19795,2019-02-20,37,FA Women's Super League,4,2018/2019,female,Reading WFC,West Ham United LFC,0,True,True,True,,11,240,1,statsbombpy,
19796,2019-02-20,37,FA Women's Super League,4,2018/2019,female,Brighton & Hove Albion WFC,Birmingham City WFC,1,True,True,True,,11,171,1,statsbombpy,
19797,2019-02-20,37,FA Women's Super League,4,2018/2019,female,Arsenal WFC,Yeovil Town LFC,1,True,True,True,,11,515,1,statsbombpy,
19798,2019-02-20,37,FA Women's Super League,4,2018/2019,female,Manchester City WFC,Everton LFC,1,True,True,True,,11,387,1,statsbombpy,
16190,2019-02-23,11,La Liga,4,2018/2019,male,Sevilla,Barcelona,0,True,True,True,,11,231,1,statsbombpy,
16196,2019-03-02,11,La Liga,4,2018/2019,male,Real Madrid,Barcelona,0,True,True,True,,11,330,1,statsbombpy,
16205,2019-03-09,11,La Liga,4,2018/2019,male,Barcelona,Rayo Vallecano,1,True,True,True,,11,589,1,statsbombpy,
19799,2019-03-13,37,FA Women's Super League,4,2018/2019,female,Liverpool WFC,Chelsea FCW,0,True,True,True,,11,153,1,statsbombpy,
19801,2019-03-13,37,FA Women's Super League,4,2018/2019,female,Reading WFC,Manchester City WFC,0,True,True,True,,11,360,1,statsbombpy,
19802,2019-03-13,37,FA Women's Super League,4,2018/2019,female,Yeovil Town LFC,Brighton & Hove Albion WFC,0,True,True,True,,11,163,1,statsbombpy,
19803,2019-03-13,37,FA Women's Super League,4,2018/2019,female,West Ham United LFC,Everton LFC,0,True,True,True,,11,233,1,statsbombpy,
19800,2019-03-14,37,FA Women's Super League,4,2018/2019,female,Arsenal WFC,Bristol City WFC,1,True,True,True,,11,527,1,statsbombpy,
16215,2019-03-17,11,La Liga,4,2018/2019,male,Real Betis,Barcelona,0,True,True,True,,11,492,1,statsbombpy,
19729,2019-03-24,37,FA Women's Super League,4,2018/2019,female,Bristol City WFC,Everton LFC,1,True,True,True,,11,192,1,statsbombpy,
19754,2019-03-24,37,FA Women's Super League,4,2018/2019,female,Liverpool WFC,Arsenal WFC,0,True,True,True,,11,163,1,statsbombpy,
16231,2019-03-30,11,La Liga,4,2018/2019,male,Barcelona,Espanyol,1,True,True,True,,11,533,1,statsbombpy,
19804,2019-03-31,37,FA Women's Super League,4,2018/2019,female,Birmingham City WFC,Arsenal WFC,0,True,True,True,,11,294,1,statsbombpy,
19805,2019-03-31,37,FA Women's Super League,4,2018/2019,female,Chelsea FCW,West Ham United LFC,0,True,True,True,,11,286,1,statsbombpy,
19806,2019-03-31,37,FA Women's Super League,4,2018/2019,female,Bristol City WFC,Reading WFC,0,True,True,True,,11,183,1,statsbombpy,
19807,2019-03-31,37,FA Women's Super League,4,2018/2019,female,Manchester City WFC,Liverpool WFC,1,True,True,True,,11,603,1,statsbombpy,
19808,2019-03-31,37,FA Women's Super League,4,2018/2019,female,Everton LFC,Yeovil Town LFC,0,True,True,True,,11,283,1,statsbombpy,
16240,2019-04-02,11,La Liga,4,2018/2019,male,Villarreal,Barcelona,0,True,True,True,,11,270,1,statsbombpy,
16248,2019-04-06,11,La Liga,4,2018/2019,male,Barcelona,Atlético Madrid,1,True,True,True,,11,629,1,statsbombpy,
19756,2019-04-17,37,FA Women's Super League,4,2018/2019,female,Everton LFC,Birmingham City WFC,0,True,True,True,,11,195,1,statsbombpy,
19758,2019-04-17,37,FA Women's Super League,4,2018/2019,female,Yeovil Town LFC,Reading WFC,0,True,True,True,,11,137,1,statsbombpy,
16265,2019-04-20,11,La Liga,4,2018/2019,male,Barcelona,Real Sociedad,1,True,True,True,,11,421,1,statsbombpy,
19809,2019-04-20,37,FA Women's Super League,4,2018/2019,female,Reading WFC,Brighton & Hove Albion WFC,1,True,True,True,,11,293,1,statsbombpy,
19810,2019-04-21,37,FA Women's Super League,4,2018/2019,female,Liverpool WFC,Bristol City WFC,1,True,True,True,,11,225,1,statsbombpy,
19811,2019-04-21,37,FA Women's Super League,4,2018/2019,female,Arsenal WFC,Everton LFC,1,True,True,True,,11,425,1,statsbombpy,
19813,2019-04-21,37,FA Women's Super League,4,2018/2019,female,West Ham United LFC,Birmingham City WFC,0,True,True,True,,11,189,1,statsbombpy,
16275,2019-04-23,11,La Liga,4,2018/2019,male,Deportivo Alavés,Barcelona,0,True,True,True,,11,144,1,statsbombpy,
16289,2019-04-27,11,La Liga,4,2018/2019,male,Barcelona,Levante UD,1,True,True,True,,11,504,1,statsbombpy,
19814,2019-04-28,37,FA Women's Super League,4,2018/2019,female,Bristol City WFC,West Ham United LFC,0,True,True,True,,11,234,1,statsbombpy,
19815,2019-04-28,37,FA Women's Super League,4,2018/2019,female,Brighton & Hove Albion WFC,Arsenal WFC,0,True,True,True,,11,135,1,statsbombpy,
19816,2019-04-28,37,FA Women's Super League,4,2018/2019,female,Birmingham City WFC,Liverpool WFC,1,True,True,True,,11,458,1,statsbombpy,
19817,2019-04-28,37,FA Women's Super League,4,2018/2019,female,Everton LFC,Reading WFC,1,True,True,True,,11,222,1,statsbombpy,
19818,2019-04-28,37,FA Women's Super League,4,2018/2019,female,Manchester City WFC,Yeovil Town LFC,1,True,True,True,,11,478,1,statsbombpy,
19819,2019-05-11,37,FA Women's Super League,4,2018/2019,female,West Ham United LFC,Brighton & Hove Albion WFC,0,True,True,True,,11,358,1,statsbombpy,
19820,2019-05-11,37,FA Women's Super League,4,2018/2019,female,Reading WFC,Chelsea FCW,0,True,True,True,,11,263,1,statsbombpy,
19821,2019-05-11,37,FA Women's Super League,4,2018/2019,female,Arsenal WFC,Manchester City WFC,1,True,True,True,,11,377,1,statsbombpy,
19822,2019-05-11,37,FA Women's Super League,4,2018/2019,female,Yeovil Town LFC,Birmingham City WFC,0,True,True,True,,11,154,1,statsbombpy,
16306,2019-05-12,11,La Liga,4,2018/2019,male,Barcelona,Getafe,1,True,True,True,,11,725,1,statsbombpy,
16317,2019-05-19,11,La Liga,4,2018/2019,male,Eibar,Barcelona,0,True,True,True,,11,276,1,statsbombpy,
22912,2019-06-01,16,Champions League,4,2018/2019,male,Tottenham Hotspur,Liverpool,0,True,False,False,insufficient_rolling_history,11,412,1,statsbombpy,
22921,2019-06-07,72,Women's World Cup,30,2019,female,France Women's,Korea Republic Women's,1,True,False,False,insufficient_rolling_history,11,504,1,statsbombpy,
22924,2019-06-08,72,Women's World Cup,30,2019,female,Norway Women's,Nigeria Women's,1,True,False,False,insufficient_rolling_history,11,352,1,statsbombpy,
22926,2019-06-08,72,Women's World Cup,30,2019,female,Germany Women's,China PR Women's,1,True,False,False,insufficient_rolling_history,11,323,1,statsbombpy,
22930,2019-06-08,72,Women's World Cup,30,2019,female,Spain Women's,South Africa Women's,1,True,False,False,insufficient_rolling_history,11,413,1,statsbombpy,
22933,2019-06-09,72,Women's World Cup,30,2019,female,Australia Women's,Italy Women's,0,True,False,False,insufficient_rolling_history,11,347,1,statsbombpy,
22934,2019-06-09,72,Women's World Cup,30,2019,female,Brazil Women's,Jamaica Women's,1,True,False,False,insufficient_rolling_history,11,322,1,statsbombpy,
22936,2019-06-09,72,Women's World Cup,30,2019,female,England Women's,Scotland W,1,True,False,False,insufficient_rolling_history,11,422,1,statsbombpy,
22939,2019-06-10,72,Women's World Cup,30,2019,female,Canada Women's,Cameroon W,1,True,False,False,insufficient_rolling_history,11,480,1,statsbombpy,
22940,2019-06-10,72,Women's World Cup,30,2019,female,Argentina Women's,Japan Women's,0,True,False,False,insufficient_rolling_history,11,168,1,statsbombpy,
22942,2019-06-11,72,Women's World Cup,30,2019,female,New Zealand Women's,Netherlands Women's,0,True,False,False,insufficient_rolling_history,11,181,1,statsbombpy,
22943,2019-06-11,72,Women's World Cup,30,2019,female,United States Women's,Thailand W,1,True,False,False,insufficient_rolling_history,11,507,1,statsbombpy,
22944,2019-06-11,72,Women's World Cup,30,2019,female,Chile Women's,Sweden Women's,0,True,False,False,insufficient_rolling_history,11,157,1,statsbombpy,
22945,2019-06-12,72,Women's World Cup,30,2019,female,Nigeria Women's,Korea Republic Women's,1,True,False,False,insufficient_rolling_history,11,189,1,statsbombpy,
22948,2019-06-12,72,Women's World Cup,30,2019,female,France Women's,Norway Women's,1,True,False,False,insufficient_rolling_history,11,233,1,statsbombpy,
22949,2019-06-12,72,Women's World Cup,30,2019,female,Germany Women's,Spain Women's,1,True,False,False,insufficient_rolling_history,11,155,1,statsbombpy,
22955,2019-06-13,72,Women's World Cup,30,2019,female,Australia Women's,Brazil Women's,1,True,False,False,insufficient_rolling_history,11,406,1,statsbombpy,
22956,2019-06-13,72,Women's World Cup,30,2019,female,South Africa Women's,China PR Women's,0,True,False,False,insufficient_rolling_history,11,256,1,statsbombpy,
22961,2019-06-14,72,Women's World Cup,30,2019,female,Japan Women's,Scotland W,1,True,False,False,insufficient_rolling_history,11,401,1,statsbombpy,
22962,2019-06-14,72,Women's World Cup,30,2019,female,England Women's,Argentina Women's,1,True,False,False,insufficient_rolling_history,11,488,1,statsbombpy,
22963,2019-06-14,72,Women's World Cup,30,2019,female,Jamaica Women's,Italy Women's,0,True,False,False,insufficient_rolling_history,11,225,1,statsbombpy,
22964,2019-06-15,72,Women's World Cup,30,2019,female,Netherlands Women's,Cameroon W,1,True,False,False,insufficient_rolling_history,11,348,1,statsbombpy,
22966,2019-06-15,72,Women's World Cup,30,2019,female,Canada Women's,New Zealand Women's,1,True,False,False,insufficient_rolling_history,11,509,1,statsbombpy,
22973,2019-06-16,72,Women's World Cup,30,2019,female,Sweden Women's,Thailand W,1,True,False,False,insufficient_rolling_history,11,514,1,statsbombpy,
22974,2019-06-16,72,Women's World Cup,30,2019,female,United States Women's,Chile Women's,1,True,False,False,insufficient_rolling_history,11,448,1,statsbombpy,
22980,2019-06-17,72,Women's World Cup,30,2019,female,Nigeria Women's,France Women's,0,True,False,False,insufficient_rolling_history,11,121,1,statsbombpy,
22981,2019-06-17,72,Women's World Cup,30,2019,female,Korea Republic Women's,Norway Women's,0,True,False,False,insufficient_rolling_history,11,346,1,statsbombpy,
22983,2019-06-17,72,Women's World Cup,30,2019,female,China PR Women's,Spain Women's,0,True,False,False,insufficient_rolling_history,11,184,1,statsbombpy,
22984,2019-06-17,72,Women's World Cup,30,2019,female,South Africa Women's,Germany Women's,0,True,False,False,insufficient_rolling_history,11,276,1,statsbombpy,
68311,2019-06-18,72,Women's World Cup,30,2019,female,Jamaica Women's,Australia Women's,0,True,False,False,insufficient_rolling_history,11,131,1,statsbombpy,
68312,2019-06-18,72,Women's World Cup,30,2019,female,Italy Women's,Brazil Women's,0,True,False,False,insufficient_rolling_history,11,262,1,statsbombpy,
68337,2019-06-19,72,Women's World Cup,30,2019,female,Japan Women's,England Women's,0,True,False,False,insufficient_rolling_history,11,372,1,statsbombpy,
68338,2019-06-19,72,Women's World Cup,30,2019,female,Scotland W,Argentina Women's,0,True,False,False,insufficient_rolling_history,11,287,1,statsbombpy,
68343,2019-06-20,72,Women's World Cup,30,2019,female,Thailand W,Chile Women's,0,True,False,False,insufficient_rolling_history,11,176,1,statsbombpy,
68344,2019-06-20,72,Women's World Cup,30,2019,female,Netherlands Women's,Canada Women's,1,True,False,False,insufficient_rolling_history,11,303,1,statsbombpy,
68345,2019-06-20,72,Women's World Cup,30,2019,female,Sweden Women's,United States Women's,0,True,False,False,insufficient_rolling_history,11,241,1,statsbombpy,
68346,2019-06-20,72,Women's World Cup,30,2019,female,Cameroon W,New Zealand Women's,1,True,False,False,insufficient_rolling_history,11,203,1,statsbombpy,
68355,2019-06-22,72,Women's World Cup,30,2019,female,Germany Women's,Nigeria Women's,1,True,True,True,,11,301,1,statsbombpy,
68357,2019-06-22,72,Women's World Cup,30,2019,female,Norway Women's,Australia Women's,0,True,True,True,,11,352,1,statsbombpy,
68362,2019-06-23,72,Women's World Cup,30,2019,female,England Women's,Cameroon W,1,True,True,True,,11,440,1,statsbombpy,
69137,2019-06-23,72,Women's World Cup,30,2019,female,France Women's,Brazil Women's,1,True,True,True,,11,306,1,statsbombpy,
69161,2019-06-24,72,Women's World Cup,30,2019,female,Spain Women's,United States Women's,0,True,True,True,,11,227,1,statsbombpy,
69163,2019-06-24,72,Women's World Cup,30,2019,female,Sweden Women's,Canada Women's,1,True,True,True,,11,256,1,statsbombpy,
69188,2019-06-25,72,Women's World Cup,30,2019,female,Netherlands Women's,Japan Women's,1,True,True,True,,11,476,1,statsbombpy,
69191,2019-06-25,72,Women's World Cup,30,2019,female,Italy Women's,China PR Women's,1,True,True,True,,11,166,1,statsbombpy,
69199,2019-06-27,72,Women's World Cup,30,2019,female,Norway Women's,England Women's,0,True,True,True,,11,366,1,statsbombpy,
69202,2019-06-28,72,Women's World Cup,30,2019,female,France Women's,United States Women's,0,True,True,True,,11,376,1,statsbombpy,
69205,2019-06-29,72,Women's World Cup,30,2019,female,Italy Women's,Netherlands Women's,0,True,True,True,,11,152,1,statsbombpy,
69208,2019-06-29,72,Women's World Cup,30,2019,female,Germany Women's,Sweden Women's,0,True,True,True,,11,385,1,statsbombpy,
69258,2019-07-02,72,Women's World Cup,30,2019,female,England Women's,United States Women's,0,True,True,True,,11,332,1,statsbombpy,
69284,2019-07-03,72,Women's World Cup,30,2019,female,Netherlands Women's,Sweden Women's,1,True,True,True,,11,413,1,statsbombpy,
69301,2019-07-06,72,Women's World Cup,30,2019,female,England Women's,Sweden Women's,0,True,True,True,,11,402,1,statsbombpy,
69321,2019-07-07,72,Women's World Cup,30,2019,female,United States Women's,Netherlands Women's,1,True,True,True,,11,273,1,statsbombpy,
2275061,2019-09-07,37,FA Women's Super League,42,2019/2020,female,Bristol City WFC,Brighton & Hove Albion WFC,0,True,True,True,,11,207,1,statsbombpy,
2275136,2019-09-07,37,FA Women's Super League,42,2019/2020,female,Manchester City WFC,Manchester United W,1,False,False,False,metadata_team_missing_from_events,0,0,1,statsbombpy,
2275096,2019-09-08,37,FA Women's Super League,42,2019/2020,female,Arsenal WFC,West Ham United LFC,1,True,True,True,,11,501,1,statsbombpy,
2275099,2019-09-08,37,FA Women's Super League,42,2019/2020,female,Liverpool WFC,Reading WFC,0,True,True,True,,11,252,1,statsbombpy,
2275120,2019-09-08,37,FA Women's Super League,42,2019/2020,female,Birmingham City WFC,Everton LFC,0,True,True,True,,11,367,1,statsbombpy,
2275132,2019-09-08,37,FA Women's Super League,42,2019/2020,female,Chelsea FCW,Tottenham Hotspur Women,1,True,False,False,insufficient_rolling_history,11,416,1,statsbombpy,
2275034,2019-09-15,37,FA Women's Super League,42,2019/2020,female,Tottenham Hotspur Women,Liverpool WFC,1,True,False,False,insufficient_rolling_history,11,390,1,statsbombpy,
2275041,2019-09-15,37,FA Women's Super League,42,2019/2020,female,Everton LFC,Bristol City WFC,1,True,True,True,,11,431,1,statsbombpy,
2275052,2019-09-15,37,FA Women's Super League,42,2019/2020,female,Brighton & Hove Albion WFC,Chelsea FCW,0,True,True,True,,11,161,1,statsbombpy,
2275094,2019-09-15,37,FA Women's Super League,42,2019/2020,female,West Ham United LFC,Birmingham City WFC,1,True,True,True,,11,252,1,statsbombpy,
2275107,2019-09-15,37,FA Women's Super League,42,2019/2020,female,Reading WFC,Manchester City WFC,0,True,True,True,,11,304,1,statsbombpy,
2275156,2019-09-16,37,FA Women's Super League,42,2019/2020,female,Manchester United W,Arsenal WFC,0,True,False,False,insufficient_rolling_history,11,221,1,statsbombpy,
303666,2019-09-21,11,La Liga,42,2019/2020,male,Granada,Barcelona,1,True,True,True,,11,130,1,statsbombpy,
303430,2019-09-24,11,La Liga,42,2019/2020,male,Barcelona,Villarreal,1,True,True,True,,11,496,1,statsbombpy,
2275138,2019-09-28,37,FA Women's Super League,42,2019/2020,female,Manchester United W,Liverpool WFC,1,False,False,False,metadata_team_missing_from_events,0,0,1,statsbombpy,
2275048,2019-09-29,37,FA Women's Super League,42,2019/2020,female,West Ham United LFC,Tottenham Hotspur Women,0,True,False,False,insufficient_rolling_history,11,239,1,statsbombpy,
2275108,2019-09-29,37,FA Women's Super League,42,2019/2020,female,Bristol City WFC,Chelsea FCW,0,True,True,True,,11,227,1,statsbombpy,
2275121,2019-09-29,37,FA Women's Super League,42,2019/2020,female,Arsenal WFC,Brighton & Hove Albion WFC,1,True,True,True,,11,739,1,statsbombpy,
2275131,2019-09-29,37,FA Women's Super League,42,2019/2020,female,Everton LFC,Manchester City WFC,0,True,True,True,,11,263,1,statsbombpy,
303473,2019-10-06,11,La Liga,42,2019/2020,male,Barcelona,Sevilla,1,True,True,True,,11,475,1,statsbombpy,
2275028,2019-10-12,37,FA Women's Super League,42,2019/2020,female,Manchester City WFC,Birmingham City WFC,1,True,True,True,,11,501,1,statsbombpy,
2275040,2019-10-13,37,FA Women's Super League,42,2019/2020,female,Brighton & Hove Albion WFC,West Ham United LFC,0,True,True,True,,11,201,1,statsbombpy,
2275063,2019-10-13,37,FA Women's Super League,42,2019/2020,female,Chelsea FCW,Arsenal WFC,1,True,True,True,,11,299,1,statsbombpy,
2275070,2019-10-13,37,FA Women's Super League,42,2019/2020,female,Liverpool WFC,Bristol City WFC,0,True,True,True,,11,407,1,statsbombpy,
2275127,2019-10-13,37,FA Women's Super League,42,2019/2020,female,Reading WFC,Everton LFC,1,True,True,True,,11,214,1,statsbombpy,
2275139,2019-10-13,37,FA Women's Super League,42,2019/2020,female,Tottenham Hotspur Women,Manchester United W,0,False,False,False,metadata_team_missing_from_events,0,0,1,statsbombpy,
303700,2019-10-19,11,La Liga,42,2019/2020,male,Eibar,Barcelona,0,True,True,True,,11,319,1,statsbombpy,
2275033,2019-10-27,37,FA Women's Super League,42,2019/2020,female,Bristol City WFC,Tottenham Hotspur Women,0,True,True,True,,11,182,1,statsbombpy,
2275044,2019-10-27,37,FA Women's Super League,42,2019/2020,female,Arsenal WFC,Manchester City WFC,1,True,True,True,,11,544,1,statsbombpy,
2275051,2019-10-27,37,FA Women's Super League,42,2019/2020,female,Everton LFC,Brighton & Hove Albion WFC,1,True,True,True,,11,277,1,statsbombpy,
2275084,2019-10-27,37,FA Women's Super League,42,2019/2020,female,West Ham United LFC,Chelsea FCW,0,True,True,True,,11,259,1,statsbombpy,
2275110,2019-10-27,37,FA Women's Super League,42,2019/2020,female,Birmingham City WFC,Liverpool WFC,1,True,True,True,,11,441,1,statsbombpy,
2275157,2019-10-27,37,FA Women's Super League,42,2019/2020,female,Manchester United W,Reading WFC,1,True,False,False,insufficient_rolling_history,11,147,1,statsbombpy,
303600,2019-10-29,11,La Liga,42,2019/2020,male,Barcelona,Real Valladolid,1,True,True,True,,11,486,1,statsbombpy,
303504,2019-11-02,11,La Liga,42,2019/2020,male,Levante UD,Barcelona,1,True,True,True,,11,274,1,statsbombpy,
303487,2019-11-09,11,La Liga,42,2019/2020,male,Barcelona,Celta Vigo,1,True,True,True,,11,563,1,statsbombpy,
2275042,2019-11-17,37,FA Women's Super League,42,2019/2020,female,Manchester City WFC,West Ham United LFC,1,True,True,True,,11,306,1,statsbombpy,
2275056,2019-11-17,37,FA Women's Super League,42,2019/2020,female,Liverpool WFC,Everton LFC,0,True,True,True,,11,349,1,statsbombpy,
2275065,2019-11-17,37,FA Women's Super League,42,2019/2020,female,Brighton & Hove Albion WFC,Birmingham City WFC,1,True,True,True,,11,270,1,statsbombpy,
2275082,2019-11-17,37,FA Women's Super League,42,2019/2020,female,Tottenham Hotspur Women,Arsenal WFC,0,True,True,True,,11,206,1,statsbombpy,
2275122,2019-11-17,37,FA Women's Super League,42,2019/2020,female,Reading WFC,Bristol City WFC,0,True,True,True,,11,474,1,statsbombpy,
2275154,2019-11-17,37,FA Women's Super League,42,2019/2020,female,Chelsea FCW,Manchester United W,1,False,False,False,metadata_team_missing_from_events,0,0,1,statsbombpy,
303715,2019-11-23,11,La Liga,42,2019/2020,male,Leganés,Barcelona,0,True,True,True,,11,141,1,statsbombpy,
2275026,2019-11-24,37,FA Women's Super League,42,2019/2020,female,Bristol City WFC,Manchester City WFC,0,True,True,True,,11,154,1,statsbombpy,
2275049,2019-11-24,37,FA Women's Super League,42,2019/2020,female,West Ham United LFC,Reading WFC,0,True,True,True,,11,233,1,statsbombpy,
2275079,2019-11-24,37,FA Women's Super League,42,2019/2020,female,Arsenal WFC,Liverpool WFC,1,True,True,True,,11,541,1,statsbombpy,
2275093,2019-11-24,37,FA Women's Super League,42,2019/2020,female,Birmingham City WFC,Chelsea FCW,0,True,True,True,,11,317,1,statsbombpy,
2275126,2019-11-24,37,FA Women's Super League,42,2019/2020,female,Everton LFC,Tottenham Hotspur Women,1,True,True,True,,11,278,1,statsbombpy,
2275140,2019-11-24,37,FA Women's Super League,42,2019/2020,female,Manchester United W,Brighton & Hove Albion WFC,1,True,False,False,insufficient_rolling_history,11,438,1,statsbombpy,
2275102,2019-11-29,37,FA Women's Super League,42,2019/2020,female,Brighton & Hove Albion WFC,Reading WFC,0,True,True,True,,11,185,1,statsbombpy,
303524,2019-12-01,11,La Liga,42,2019/2020,male,Atlético Madrid,Barcelona,0,True,True,True,,11,273,1,statsbombpy,
2275104,2019-12-01,37,FA Women's Super League,42,2019/2020,female,Arsenal WFC,Bristol City WFC,1,True,True,True,,11,571,1,statsbombpy,
2275116,2019-12-01,37,FA Women's Super League,42,2019/2020,female,Manchester City WFC,Liverpool WFC,1,True,True,True,,11,507,1,statsbombpy,
2275150,2019-12-01,37,FA Women's Super League,42,2019/2020,female,West Ham United LFC,Manchester United W,1,False,False,False,metadata_team_missing_from_events,0,0,1,statsbombpy,
2275109,2019-12-04,37,FA Women's Super League,42,2019/2020,female,Birmingham City WFC,Tottenham Hotspur Women,0,True,True,True,,11,215,1,statsbombpy,
303451,2019-12-07,11,La Liga,42,2019/2020,male,Barcelona,Mallorca,1,True,True,True,,11,586,1,statsbombpy,
2275086,2019-12-08,37,FA Women's Super League,42,2019/2020,female,Reading WFC,Arsenal WFC,0,True,True,True,,11,188,1,statsbombpy,
2275088,2019-12-08,37,FA Women's Super League,42,2019/2020,female,Bristol City WFC,Birmingham City WFC,0,True,True,True,,11,222,1,statsbombpy,
2275091,2019-12-08,37,FA Women's Super League,42,2019/2020,female,Tottenham Hotspur Women,Brighton & Hove Albion WFC,1,True,True,True,,11,341,1,statsbombpy,
2275103,2019-12-08,37,FA Women's Super League,42,2019/2020,female,Liverpool WFC,West Ham United LFC,0,True,True,True,,11,225,1,statsbombpy,
2275130,2019-12-08,37,FA Women's Super League,42,2019/2020,female,Chelsea FCW,Manchester City WFC,1,True,True,True,,11,385,1,statsbombpy,
2275146,2019-12-08,37,FA Women's Super League,42,2019/2020,female,Manchester United W,Everton LFC,1,False,False,False,metadata_team_missing_from_events,0,0,1,statsbombpy,
303664,2019-12-14,11,La Liga,42,2019/2020,male,Real Sociedad,Barcelona,0,True,True,True,,11,488,1,statsbombpy,
2275045,2019-12-15,37,FA Women's Super League,42,2019/2020,female,Liverpool WFC,Chelsea FCW,0,True,True,True,,11,149,1,statsbombpy,
2275075,2019-12-15,37,FA Women's Super League,42,2019/2020,female,Reading WFC,Tottenham Hotspur Women,1,True,True,True,,11,264,1,statsbombpy,
2275097,2019-12-15,37,FA Women's Super League,42,2019/2020,female,Manchester City WFC,Brighton & Hove Albion WFC,1,True,True,True,,11,419,1,statsbombpy,
2275117,2019-12-15,37,FA Women's Super League,42,2019/2020,female,Everton LFC,Arsenal WFC,0,True,True,True,,11,269,1,statsbombpy,
303596,2019-12-18,11,La Liga,42,2019/2020,male,Barcelona,Real Madrid,0,True,True,True,,11,494,1,statsbombpy,
303517,2019-12-21,11,La Liga,42,2019/2020,male,Barcelona,Deportivo Alavés,1,True,True,True,,11,677,1,statsbombpy,
303652,2020-01-04,11,La Liga,42,2019/2020,male,Espanyol,Barcelona,0,True,True,True,,11,214,1,statsbombpy,
2275054,2020-01-05,37,FA Women's Super League,42,2019/2020,female,Brighton & Hove Albion WFC,Liverpool WFC,1,True,True,True,,11,152,1,statsbombpy,
2275072,2020-01-05,37,FA Women's Super League,42,2019/2020,female,Chelsea FCW,Reading WFC,1,True,True,True,,11,396,1,statsbombpy,
2275085,2020-01-05,37,FA Women's Super League,42,2019/2020,female,Tottenham Hotspur Women,Manchester City WFC,0,True,True,True,,11,220,1,statsbombpy,
2275089,2020-01-05,37,FA Women's Super League,42,2019/2020,female,Arsenal WFC,Birmingham City WFC,1,True,True,True,,11,605,1,statsbombpy,
2275142,2020-01-05,37,FA Women's Super League,42,2019/2020,female,Manchester United W,Bristol City WFC,0,False,False,False,metadata_team_missing_from_events,0,0,1,statsbombpy,
2275078,2020-01-11,37,FA Women's Super League,42,2019/2020,female,Manchester City WFC,Everton LFC,1,True,True,True,,11,508,1,statsbombpy,
2275050,2020-01-12,37,FA Women's Super League,42,2019/2020,female,Reading WFC,Birmingham City WFC,1,True,True,True,,11,328,1,statsbombpy,
2275077,2020-01-12,37,FA Women's Super League,42,2019/2020,female,Tottenham Hotspur Women,West Ham United LFC,1,True,True,True,,11,202,1,statsbombpy,
2275080,2020-01-12,37,FA Women's Super League,42,2019/2020,female,Chelsea FCW,Bristol City WFC,1,True,True,True,,11,553,1,statsbombpy,
2275098,2020-01-12,37,FA Women's Super League,42,2019/2020,female,Brighton & Hove Albion WFC,Arsenal WFC,0,True,True,True,,11,246,1,statsbombpy,
303610,2020-01-19,11,La Liga,42,2019/2020,male,Barcelona,Granada,1,True,True,True,,11,839,1,statsbombpy,
2275029,2020-01-19,37,FA Women's Super League,42,2019/2020,female,Bristol City WFC,Liverpool WFC,0,True,True,True,,11,205,1,statsbombpy,
2275036,2020-01-19,37,FA Women's Super League,42,2019/2020,female,Everton LFC,Reading WFC,1,True,True,True,,11,164,1,statsbombpy,
2275090,2020-01-19,37,FA Women's Super League,42,2019/2020,female,Arsenal WFC,Chelsea FCW,0,True,True,True,,11,331,1,statsbombpy,
2275092,2020-01-19,37,FA Women's Super League,42,2019/2020,female,Birmingham City WFC,Manchester City WFC,0,True,True,True,,11,314,1,statsbombpy,
2275113,2020-01-19,37,FA Women's Super League,42,2019/2020,female,West Ham United LFC,Brighton & Hove Albion WFC,1,True,True,True,,11,268,1,statsbombpy,
2275137,2020-01-19,37,FA Women's Super League,42,2019/2020,female,Manchester United W,Tottenham Hotspur Women,1,False,False,False,metadata_team_missing_from_events,0,0,1,statsbombpy,
303400,2020-01-25,11,La Liga,42,2019/2020,male,Valencia,Barcelona,1,True,True,True,,11,232,1,statsbombpy,
303682,2020-02-02,11,La Liga,42,2019/2020,male,Barcelona,Levante UD,1,True,True,True,,11,652,1,statsbombpy,
2275027,2020-02-02,37,FA Women's Super League,42,2019/2020,female,Brighton & Hove Albion WFC,Everton LFC,1,True,True,True,,11,226,1,statsbombpy,
2275037,2020-02-02,37,FA Women's Super League,42,2019/2020,female,Manchester City WFC,Arsenal WFC,1,True,True,True,,11,314,1,statsbombpy,
2275057,2020-02-02,37,FA Women's Super League,42,2019/2020,female,Chelsea FCW,West Ham United LFC,1,True,True,True,,11,264,1,statsbombpy,
2275153,2020-02-02,37,FA Women's Super League,42,2019/2020,female,Reading WFC,Manchester United W,0,False,False,False,metadata_team_missing_from_events,0,0,1,statsbombpy,
303707,2020-02-09,11,La Liga,42,2019/2020,male,Real Betis,Barcelona,0,True,True,True,,11,233,1,statsbombpy,
2275038,2020-02-12,37,FA Women's Super League,42,2019/2020,female,Reading WFC,West Ham United LFC,1,True,True,True,,11,322,1,statsbombpy,
2275073,2020-02-12,37,FA Women's Super League,42,2019/2020,female,Tottenham Hotspur Women,Everton LFC,0,True,True,True,,11,276,1,statsbombpy,
2275074,2020-02-12,37,FA Women's Super League,42,2019/2020,female,Chelsea FCW,Birmingham City WFC,1,True,True,True,,11,449,1,statsbombpy,
2275106,2020-02-12,37,FA Women's Super League,42,2019/2020,female,Manchester City WFC,Bristol City WFC,1,True,True,True,,11,553,1,statsbombpy,
2275151,2020-02-12,37,FA Women's Super League,42,2019/2020,female,Brighton & Hove Albion WFC,Manchester United W,0,False,False,False,metadata_team_missing_from_events,0,0,1,statsbombpy,
2275062,2020-02-13,37,FA Women's Super League,42,2019/2020,female,Liverpool WFC,Arsenal WFC,0,True,True,True,,11,206,1,statsbombpy,
303377,2020-02-15,11,La Liga,42,2019/2020,male,Barcelona,Getafe,1,True,True,True,,11,574,1,statsbombpy,
303731,2020-02-22,11,La Liga,42,2019/2020,male,Barcelona,Eibar,1,True,True,True,,11,568,1,statsbombpy,
2275030,2020-02-23,37,FA Women's Super League,42,2019/2020,female,Brighton & Hove Albion WFC,Tottenham Hotspur Women,0,True,True,True,,11,191,1,statsbombpy,
2275083,2020-02-23,37,FA Women's Super League,42,2019/2020,female,Birmingham City WFC,Bristol City WFC,0,True,True,True,,11,354,1,statsbombpy,
2275105,2020-02-23,37,FA Women's Super League,42,2019/2020,female,Manchester City WFC,Chelsea FCW,0,True,True,True,,11,349,1,statsbombpy,
2275133,2020-02-23,37,FA Women's Super League,42,2019/2020,female,West Ham United LFC,Liverpool WFC,1,True,True,True,,11,315,1,statsbombpy,
2275144,2020-02-23,37,FA Women's Super League,42,2019/2020,female,Everton LFC,Manchester United W,0,False,False,False,metadata_team_missing_from_events,0,0,1,statsbombpy,
303470,2020-03-01,11,La Liga,42,2019/2020,male,Real Madrid,Barcelona,1,True,True,True,,11,449,1,statsbombpy,
303479,2020-03-07,11,La Liga,42,2019/2020,male,Barcelona,Real Sociedad,1,True,True,True,,11,446,1,statsbombpy,
303548,2020-06-13,11,La Liga,42,2019/2020,male,Mallorca,Barcelona,0,True,True,True,,11,235,1,statsbombpy,
303532,2020-06-16,11,La Liga,42,2019/2020,male,Barcelona,Leganés,1,True,True,True,,11,676,1,statsbombpy,
303674,2020-06-19,11,La Liga,42,2019/2020,male,Sevilla,Barcelona,0,True,True,True,,11,277,1,statsbombpy,
303493,2020-06-23,11,La Liga,42,2019/2020,male,Barcelona,Athletic Club,1,True,True,True,,11,602,1,statsbombpy,
303516,2020-06-27,11,La Liga,42,2019/2020,male,Celta Vigo,Barcelona,0,True,True,True,,11,185,1,statsbombpy,
303696,2020-06-30,11,La Liga,42,2019/2020,male,Barcelona,Atlético Madrid,0,True,True,True,,11,666,1,statsbombpy,
303725,2020-07-05,11,La Liga,42,2019/2020,male,Villarreal,Barcelona,0,True,True,True,,11,246,1,statsbombpy,
303615,2020-07-08,11,La Liga,42,2019/2020,male,Barcelona,Espanyol,1,True,True,True,,11,731,1,statsbombpy,
303680,2020-07-11,11,La Liga,42,2019/2020,male,Real Valladolid,Barcelona,0,True,True,True,,11,228,1,statsbombpy,
303634,2020-07-16,11,La Liga,42,2019/2020,male,Barcelona,Osasuna,0,True,True,True,,11,620,1,statsbombpy,
303421,2020-07-19,11,La Liga,42,2019/2020,male,Deportivo Alavés,Barcelona,0,True,True,True,,11,204,1,statsbombpy,
3764234,2020-09-05,37,FA Women's Super League,90,2020/2021,female,Aston Villa W,Manchester City WFC,0,False,False,False,metadata_team_missing_from_events,0,0,1,statsbombpy,
3764230,2020-09-06,37,FA Women's Super League,90,2020/2021,female,Tottenham Hotspur Women,West Ham United LFC,0,True,True,True,,11,316,1,statsbombpy,
3764231,2020-09-06,37,FA Women's Super League,90,2020/2021,female,Brighton & Hove Albion WFC,Birmingham City WFC,1,True,True,True,,11,340,1,statsbombpy,
3764232,2020-09-06,37,FA Women's Super League,90,2020/2021,female,Manchester United W,Chelsea FCW,0,True,True,True,,11,399,1,statsbombpy,
3764233,2020-09-06,37,FA Women's Super League,90,2020/2021,female,Arsenal WFC,Reading WFC,1,True,True,True,,11,333,1,statsbombpy,
3764240,2020-09-06,37,FA Women's Super League,90,2020/2021,female,Bristol City WFC,Everton LFC,0,True,True,True,,11,193,1,statsbombpy,
3764238,2020-09-12,37,FA Women's Super League,90,2020/2021,female,West Ham United LFC,Arsenal WFC,0,True,True,True,,11,202,1,statsbombpy,
3764235,2020-09-13,37,FA Women's Super League,90,2020/2021,female,Chelsea FCW,Bristol City WFC,1,True,True,True,,11,568,1,statsbombpy,
3764236,2020-09-13,37,FA Women's Super League,90,2020/2021,female,Reading WFC,Aston Villa W,1,False,False,False,metadata_team_missing_from_events,0,0,1,statsbombpy,
3764237,2020-09-13,37,FA Women's Super League,90,2020/2021,female,Birmingham City WFC,Manchester United W,0,False,False,False,metadata_team_missing_from_events,0,0,1,statsbombpy,
3764239,2020-09-13,37,FA Women's Super League,90,2020/2021,female,Everton LFC,Tottenham Hotspur Women,1,True,True,True,,11,300,1,statsbombpy,
3764241,2020-09-13,37,FA Women's Super League,90,2020/2021,female,Manchester City WFC,Brighton & Hove Albion WFC,0,True,True,True,,11,494,1,statsbombpy,
3773593,2020-09-27,11,La Liga,90,2020/2021,male,Barcelona,Villarreal,1,True,True,True,,11,572,1,statsbombpy,
3773466,2020-10-01,11,La Liga,90,2020/2021,male,Celta Vigo,Barcelona,0,True,True,True,,11,248,1,statsbombpy,
3775575,2020-10-03,37,FA Women's Super League,90,2020/2021,female,Aston Villa W,Everton LFC,0,False,False,False,metadata_team_missing_from_events,0,0,1,statsbombpy,
3773672,2020-10-04,11,La Liga,90,2020/2021,male,Barcelona,Sevilla,0,True,True,True,,11,502,1,statsbombpy,
3775545,2020-10-04,37,FA Women's Super League,90,2020/2021,female,Manchester City WFC,Tottenham Hotspur Women,1,True,True,True,,11,421,1,statsbombpy,
3775562,2020-10-04,37,FA Women's Super League,90,2020/2021,female,Manchester United W,Brighton & Hove Albion WFC,1,True,True,True,,11,272,1,statsbombpy,
3775572,2020-10-04,37,FA Women's Super League,90,2020/2021,female,Birmingham City WFC,Chelsea FCW,0,True,True,True,,11,198,1,statsbombpy,
3775602,2020-10-04,37,FA Women's Super League,90,2020/2021,female,West Ham United LFC,Reading WFC,0,True,True,True,,11,254,1,statsbombpy,
3775657,2020-10-04,37,FA Women's Super League,90,2020/2021,female,Arsenal WFC,Bristol City WFC,1,True,True,True,,11,702,1,statsbombpy,
3775644,2020-10-10,37,FA Women's Super League,90,2020/2021,female,Tottenham Hotspur Women,Manchester United W,0,False,False,False,metadata_team_missing_from_events,0,0,1,statsbombpy,
3775543,2020-10-11,37,FA Women's Super League,90,2020/2021,female,Brighton & Hove Albion WFC,Arsenal WFC,0,True,True,True,,11,254,1,statsbombpy,
3775611,2020-10-11,37,FA Women's Super League,90,2020/2021,female,Chelsea FCW,Manchester City WFC,1,True,True,True,,11,281,1,statsbombpy,
3775618,2020-10-11,37,FA Women's Super League,90,2020/2021,female,Reading WFC,Birmingham City WFC,0,True,True,True,,11,315,1,statsbombpy,
3775620,2020-10-11,37,FA Women's Super League,90,2020/2021,female,Everton LFC,West Ham United LFC,1,True,True,True,,11,260,1,statsbombpy,
3773587,2020-10-17,11,La Liga,90,2020/2021,male,Getafe,Barcelona,1,True,True,True,,11,133,1,statsbombpy,
3775561,2020-10-18,37,FA Women's Super League,90,2020/2021,female,West Ham United LFC,Manchester United W,0,False,False,False,metadata_team_missing_from_events,0,0,1,statsbombpy,
3775582,2020-10-18,37,FA Women's Super League,90,2020/2021,female,Everton LFC,Brighton & Hove Albion WFC,0,True,True,True,,11,304,1,statsbombpy,
3775586,2020-10-18,37,FA Women's Super League,90,2020/2021,female,Arsenal WFC,Tottenham Hotspur Women,1,True,True,True,,11,552,1,statsbombpy,
3775636,2020-10-18,37,FA Women's Super League,90,2020/2021,female,Bristol City WFC,Birmingham City WFC,0,True,True,True,,11,234,1,statsbombpy,
3775659,2020-10-18,37,FA Women's Super League,90,2020/2021,female,Reading WFC,Manchester City WFC,0,True,True,True,,11,193,1,statsbombpy,
3773585,2020-10-24,11,La Liga,90,2020/2021,male,Barcelona,Real Madrid,0,True,True,True,,11,519,1,statsbombpy,
3773386,2020-10-31,11,La Liga,90,2020/2021,male,Deportivo Alavés,Barcelona,0,True,True,True,,11,111,1,statsbombpy,
3773477,2020-11-07,11,La Liga,90,2020/2021,male,Barcelona,Real Betis,1,True,True,True,,11,484,1,statsbombpy,
3775592,2020-11-07,37,FA Women's Super League,90,2020/2021,female,Tottenham Hotspur Women,Reading WFC,0,True,True,True,,11,211,1,statsbombpy,
3775625,2020-11-07,37,FA Women's Super League,90,2020/2021,female,Manchester City WFC,Bristol City WFC,1,True,True,True,,11,559,1,statsbombpy,
3775551,2020-11-08,37,FA Women's Super League,90,2020/2021,female,Manchester United W,Arsenal WFC,1,True,True,True,,11,265,1,statsbombpy,
3775553,2020-11-08,37,FA Women's Super League,90,2020/2021,female,Birmingham City WFC,West Ham United LFC,0,True,True,True,,11,223,1,statsbombpy,
3775556,2020-11-08,37,FA Women's Super League,90,2020/2021,female,Brighton & Hove Albion WFC,Aston Villa W,0,False,False,False,metadata_team_missing_from_events,0,0,1,statsbombpy,
3775645,2020-11-08,37,FA Women's Super League,90,2020/2021,female,Chelsea FCW,Everton LFC,1,True,True,True,,11,454,1,statsbombpy,
3775554,2020-11-14,37,FA Women's Super League,90,2020/2021,female,Everton LFC,Reading WFC,0,True,True,True,,11,285,1,statsbombpy,
3775624,2020-11-14,37,FA Women's Super League,90,2020/2021,female,Manchester United W,Manchester City WFC,0,True,True,True,,11,256,1,statsbombpy,
3775631,2020-11-14,37,FA Women's Super League,90,2020/2021,female,Bristol City WFC,Tottenham Hotspur Women,0,True,True,True,,11,122,1,statsbombpy,
3775641,2020-11-14,37,FA Women's Super League,90,2020/2021,female,Aston Villa W,Birmingham City WFC,0,False,False,False,metadata_team_missing_from_events,0,0,1,statsbombpy,
3775623,2020-11-15,37,FA Women's Super League,90,2020/2021,female,West Ham United LFC,Brighton & Hove Albion WFC,0,True,True,True,,11,309,1,statsbombpy,
3775627,2020-11-15,37,FA Women's Super League,90,2020/2021,female,Arsenal WFC,Chelsea FCW,0,True,True,True,,11,371,1,statsbombpy,
3773656,2020-11-21,11,La Liga,90,2020/2021,male,Atlético Madrid,Barcelona,1,True,True,True,,11,430,1,statsbombpy,
3773547,2020-11-29,11,La Liga,90,2020/2021,male,Barcelona,Osasuna,1,True,True,True,,11,591,1,statsbombpy,
3773428,2020-12-05,11,La Liga,90,2020/2021,male,Cádiz,Barcelona,1,True,False,False,insufficient_rolling_history,11,103,1,statsbombpy,
3775566,2020-12-05,37,FA Women's Super League,90,2020/2021,female,Aston Villa W,Manchester United W,0,False,False,False,metadata_team_missing_from_events,0,0,1,statsbombpy,
3775584,2020-12-06,37,FA Women's Super League,90,2020/2021,female,Arsenal WFC,Birmingham City WFC,1,True,True,True,,11,429,1,statsbombpy,
3775588,2020-12-06,37,FA Women's Super League,90,2020/2021,female,Tottenham Hotspur Women,Brighton & Hove Albion WFC,1,True,True,True,,11,258,1,statsbombpy,
3775621,2020-12-06,37,FA Women's Super League,90,2020/2021,female,Reading WFC,Bristol City WFC,0,True,True,True,,11,408,1,statsbombpy,
3775632,2020-12-06,37,FA Women's Super League,90,2020/2021,female,Everton LFC,Manchester City WFC,0,True,True,True,,11,308,1,statsbombpy,
3775650,2020-12-06,37,FA Women's Super League,90,2020/2021,female,Chelsea FCW,West Ham United LFC,1,True,True,True,,11,411,1,statsbombpy,
3775637,2020-12-09,37,FA Women's Super League,90,2020/2021,female,Bristol City WFC,Aston Villa W,0,False,False,False,metadata_team_missing_from_events,0,0,1,statsbombpy,
3773660,2020-12-13,11,La Liga,90,2020/2021,male,Barcelona,Levante UD,1,True,True,True,,11,574,1,statsbombpy,
3775558,2020-12-13,37,FA Women's Super League,90,2020/2021,female,Reading WFC,Manchester United W,0,False,False,False,metadata_team_missing_from_events,0,0,1,statsbombpy,
3775580,2020-12-13,37,FA Women's Super League,90,2020/2021,female,Brighton & Hove Albion WFC,Chelsea FCW,0,True,True,True,,11,254,1,statsbombpy,
3775583,2020-12-13,37,FA Women's Super League,90,2020/2021,female,Manchester City WFC,Arsenal WFC,1,True,True,True,,11,460,1,statsbombpy,
3775615,2020-12-13,37,FA Women's Super League,90,2020/2021,female,Tottenham Hotspur Women,Aston Villa W,1,False,False,False,metadata_team_missing_from_events,0,0,1,statsbombpy,
3775616,2020-12-13,37,FA Women's Super League,90,2020/2021,female,Bristol City WFC,West Ham United LFC,0,True,True,True,,11,186,1,statsbombpy,
3773523,2020-12-16,11,La Liga,90,2020/2021,male,Barcelona,Real Sociedad,1,True,True,True,,11,393,1,statsbombpy,
3773377,2020-12-19,11,La Liga,90,2020/2021,male,Barcelona,Valencia,0,True,True,True,,11,599,1,statsbombpy,
3775559,2020-12-20,37,FA Women's Super League,90,2020/2021,female,Arsenal WFC,Everton LFC,1,True,True,True,,11,512,1,statsbombpy,
3775610,2020-12-20,37,FA Women's Super League,90,2020/2021,female,Manchester United W,Bristol City WFC,1,True,True,True,,11,483,1,statsbombpy,
3775619,2020-12-20,37,FA Women's Super League,90,2020/2021,female,Brighton & Hove Albion WFC,Reading WFC,0,True,True,True,,11,311,1,statsbombpy,
3773571,2020-12-22,11,La Liga,90,2020/2021,male,Real Valladolid,Barcelona,0,True,True,True,,11,289,1,statsbombpy,
3773552,2021-01-03,11,La Liga,90,2020/2021,male,Huesca,Barcelona,0,True,False,False,insufficient_rolling_history,11,264,1,statsbombpy,
3764661,2021-01-06,11,La Liga,90,2020/2021,male,Athletic Club,Barcelona,0,True,True,True,,11,350,1,statsbombpy,
3773565,2021-01-09,11,La Liga,90,2020/2021,male,Granada,Barcelona,0,True,True,True,,11,192,1,statsbombpy,
3775606,2021-01-10,37,FA Women's Super League,90,2020/2021,female,Reading WFC,Chelsea FCW,0,True,True,True,,11,267,1,statsbombpy,
3775542,2021-01-17,37,FA Women's Super League,90,2020/2021,female,Everton LFC,Bristol City WFC,1,True,True,True,,11,440,1,statsbombpy,
3775567,2021-01-17,37,FA Women's Super League,90,2020/2021,female,Chelsea FCW,Manchester United W,1,False,False,False,metadata_team_missing_from_events,0,0,1,statsbombpy,
3775589,2021-01-17,37,FA Women's Super League,90,2020/2021,female,Reading WFC,Arsenal WFC,0,True,True,True,,11,197,1,statsbombpy,
3775608,2021-01-17,37,FA Women's Super League,90,2020/2021,female,West Ham United LFC,Tottenham Hotspur Women,0,True,True,True,,11,269,1,statsbombpy,
3775626,2021-01-17,37,FA Women's Super League,90,2020/2021,female,Manchester City WFC,Aston Villa W,1,False,False,False,metadata_team_missing_from_events,0,0,1,statsbombpy,
3775647,2021-01-17,37,FA Women's Super League,90,2020/2021,female,Birmingham City WFC,Brighton & Hove Albion WFC,0,True,True,True,,11,263,1,statsbombpy,
3775571,2021-01-23,37,FA Women's Super League,90,2020/2021,female,Aston Villa W,Reading WFC,0,False,False,False,metadata_team_missing_from_events,0,0,1,statsbombpy,
3775594,2021-01-24,37,FA Women's Super League,90,2020/2021,female,Manchester United W,Birmingham City WFC,1,True,True,True,,11,491,1,statsbombpy,
3775629,2021-01-24,37,FA Women's Super League,90,2020/2021,female,Brighton & Hove Albion WFC,Manchester City WFC,0,True,True,True,,11,174,1,statsbombpy,
3775646,2021-01-27,37,FA Women's Super League,90,2020/2021,female,Aston Villa W,Chelsea FCW,0,False,False,False,metadata_team_missing_from_events,0,0,1,statsbombpy,
3775595,2021-01-30,37,FA Women's Super League,90,2020/2021,female,Bristol City WFC,Brighton & Hove Albion WFC,1,True,True,True,,11,188,1,statsbombpy,
3773403,2021-01-31,11,La Liga,90,2020/2021,male,Barcelona,Athletic Club,1,True,True,True,,11,515,1,statsbombpy,
3775587,2021-01-31,37,FA Women's Super League,90,2020/2021,female,Everton LFC,Manchester United W,0,False,False,False,metadata_team_missing_from_events,0,0,1,statsbombpy,
3775605,2021-01-31,37,FA Women's Super League,90,2020/2021,female,Chelsea FCW,Tottenham Hotspur Women,1,True,True,True,,11,527,1,statsbombpy,
3775651,2021-01-31,37,FA Women's Super League,90,2020/2021,female,Manchester City WFC,West Ham United LFC,1,True,True,True,,11,626,1,statsbombpy,
3775633,2021-02-06,37,FA Women's Super League,90,2020/2021,female,Aston Villa W,Tottenham Hotspur Women,1,False,False,False,metadata_team_missing_from_events,0,0,1,statsbombpy,
3773631,2021-02-07,11,La Liga,90,2020/2021,male,Real Betis,Barcelona,0,True,True,True,,11,277,1,statsbombpy,
3775590,2021-02-07,37,FA Women's Super League,90,2020/2021,female,Everton LFC,Birmingham City WFC,0,True,True,True,,11,418,1,statsbombpy,
3775600,2021-02-07,37,FA Women's Super League,90,2020/2021,female,Arsenal WFC,Manchester City WFC,0,True,True,True,,11,398,1,statsbombpy,
3775640,2021-02-07,37,FA Women's Super League,90,2020/2021,female,Manchester United W,Reading WFC,0,True,True,True,,11,259,1,statsbombpy,
3775652,2021-02-07,37,FA Women's Super League,90,2020/2021,female,Chelsea FCW,Brighton & Hove Albion WFC,0,True,True,True,,11,562,1,statsbombpy,
3775655,2021-02-07,37,FA Women's Super League,90,2020/2021,female,West Ham United LFC,Bristol City WFC,0,True,True,True,,11,219,1,statsbombpy,
3775548,2021-02-10,37,FA Women's Super League,90,2020/2021,female,Chelsea FCW,Arsenal WFC,1,True,True,True,,11,232,1,statsbombpy,
3775603,2021-02-10,37,FA Women's Super League,90,2020/2021,female,Brighton & Hove Albion WFC,West Ham United LFC,1,True,True,True,,11,262,1,statsbombpy,
3775658,2021-02-12,37,FA Women's Super League,90,2020/2021,female,Manchester City WFC,Manchester United W,1,False,False,False,metadata_team_missing_from_events,0,0,1,statsbombpy,
3773526,2021-02-13,11,La Liga,90,2020/2021,male,Barcelona,Deportivo Alavés,1,True,True,True,,11,646,1,statsbombpy,
3775578,2021-02-14,37,FA Women's Super League,90,2020/2021,female,Reading WFC,Everton LFC,0,True,True,True,,11,212,1,statsbombpy,
3775614,2021-02-14,37,FA Women's Super League,90,2020/2021,female,Bristol City WFC,Chelsea FCW,0,True,True,True,,11,124,1,statsbombpy,
3773415,2021-02-21,11,La Liga,90,2020/2021,male,Barcelona,Cádiz,0,True,False,False,insufficient_rolling_history,11,741,1,statsbombpy,
3764440,2021-02-24,11,La Liga,90,2020/2021,male,Barcelona,Elche,1,True,True,True,,11,604,1,statsbombpy,
3773625,2021-02-27,11,La Liga,90,2020/2021,male,Sevilla,Barcelona,0,True,True,True,,11,319,1,statsbombpy,
3775547,2021-02-28,37,FA Women's Super League,90,2020/2021,female,Birmingham City WFC,Manchester City WFC,0,True,True,True,,11,85,1,statsbombpy,
3775552,2021-02-28,37,FA Women's Super League,90,2020/2021,female,Tottenham Hotspur Women,Everton LFC,0,True,True,True,,11,259,1,statsbombpy,
3775648,2021-02-28,37,FA Women's Super League,90,2020/2021,female,Aston Villa W,Arsenal WFC,0,False,False,False,metadata_team_missing_from_events,0,0,1,statsbombpy,
3773665,2021-03-06,11,La Liga,90,2020/2021,male,Osasuna,Barcelona,0,True,True,True,,11,290,1,statsbombpy,
3775541,2021-03-07,37,FA Women's Super League,90,2020/2021,female,Manchester United W,Aston Villa W,1,True,False,False,insufficient_rolling_history,11,493,1,statsbombpy,
3775591,2021-03-07,37,FA Women's Super League,90,2020/2021,female,West Ham United LFC,Chelsea FCW,0,True,True,True,,11,183,1,statsbombpy,
3775630,2021-03-07,37,FA Women's Super League,90,2020/2021,female,Birmingham City WFC,Arsenal WFC,0,True,True,True,,11,146,1,statsbombpy,
3775638,2021-03-07,37,FA Women's Super League,90,2020/2021,female,Brighton & Hove Albion WFC,Tottenham Hotspur Women,1,True,True,True,,11,251,1,statsbombpy,
3775639,2021-03-07,37,FA Women's Super League,90,2020/2021,female,Manchester City WFC,Everton LFC,1,True,True,True,,11,559,1,statsbombpy,
3775607,2021-03-08,37,FA Women's Super League,90,2020/2021,female,Bristol City WFC,Reading WFC,1,True,True,True,,11,137,1,statsbombpy,
3775653,2021-03-11,37,FA Women's Super League,90,2020/2021,female,Birmingham City WFC,Everton LFC,0,True,True,True,,11,164,1,statsbombpy,
3775598,2021-03-14,37,FA Women's Super League,90,2020/2021,female,Reading WFC,Tottenham Hotspur Women,0,True,True,True,,11,354,1,statsbombpy,
3773369,2021-03-15,11,La Liga,90,2020/2021,male,Barcelona,Huesca,1,True,False,False,insufficient_rolling_history,11,759,1,statsbombpy,
3775550,2021-03-17,37,FA Women's Super League,90,2020/2021,female,Everton LFC,Chelsea FCW,0,True,True,True,,11,400,1,statsbombpy,
3775596,2021-03-17,37,FA Women's Super League,90,2020/2021,female,Bristol City WFC,Manchester City WFC,0,True,True,True,,11,133,1,statsbombpy,
3775642,2021-03-17,37,FA Women's Super League,90,2020/2021,female,Aston Villa W,Brighton & Hove Albion WFC,0,False,False,False,metadata_team_missing_from_events,0,0,1,statsbombpy,
3775643,2021-03-17,37,FA Women's Super League,90,2020/2021,female,West Ham United LFC,Birmingham City WFC,0,True,True,True,,11,287,1,statsbombpy,
3775597,2021-03-19,37,FA Women's Super League,90,2020/2021,female,Arsenal WFC,Manchester United W,1,False,False,False,metadata_team_missing_from_events,0,0,1,statsbombpy,
3773597,2021-03-21,11,La Liga,90,2020/2021,male,Real Sociedad,Barcelona,0,True,True,True,,11,238,1,statsbombpy,
3775546,2021-03-21,37,FA Women's Super League,90,2020/2021,female,Tottenham Hotspur Women,Bristol City WFC,0,True,True,True,,11,289,1,statsbombpy,
3775564,2021-03-27,37,FA Women's Super League,90,2020/2021,female,Manchester City WFC,Reading WFC,1,True,True,True,,11,416,1,statsbombpy,
3775613,2021-03-27,37,FA Women's Super League,90,2020/2021,female,Tottenham Hotspur Women,Arsenal WFC,0,True,True,True,,11,271,1,statsbombpy,
3775628,2021-03-27,37,FA Women's Super League,90,2020/2021,female,Manchester United W,West Ham United LFC,1,True,True,True,,11,431,1,statsbombpy,
3775570,2021-03-28,37,FA Women's Super League,90,2020/2021,female,Brighton & Hove Albion WFC,Everton LFC,0,True,True,True,,11,197,1,statsbombpy,
3775581,2021-03-28,37,FA Women's Super League,90,2020/2021,female,Chelsea FCW,Aston Villa W,1,False,False,False,metadata_team_missing_from_events,0,0,1,statsbombpy,
3775654,2021-03-28,37,FA Women's Super League,90,2020/2021,female,Birmingham City WFC,Bristol City WFC,0,True,True,True,,11,283,1,statsbombpy,
3775649,2021-04-03,37,FA Women's Super League,90,2020/2021,female,Reading WFC,West Ham United LFC,0,True,True,True,,11,304,1,statsbombpy,
3775565,2021-04-04,37,FA Women's Super League,90,2020/2021,female,Chelsea FCW,Birmingham City WFC,1,True,True,True,,11,400,1,statsbombpy,
3775569,2021-04-04,37,FA Women's Super League,90,2020/2021,female,Bristol City WFC,Arsenal WFC,0,True,True,True,,11,142,1,statsbombpy,
3775604,2021-04-04,37,FA Women's Super League,90,2020/2021,female,Tottenham Hotspur Women,Manchester City WFC,0,True,True,True,,11,261,1,statsbombpy,
3775617,2021-04-04,37,FA Women's Super League,90,2020/2021,female,Brighton & Hove Albion WFC,Manchester United W,1,False,False,False,metadata_team_missing_from_events,0,0,1,statsbombpy,
3775634,2021-04-04,37,FA Women's Super League,90,2020/2021,female,Everton LFC,Aston Villa W,1,False,False,False,metadata_team_missing_from_events,0,0,1,statsbombpy,
3773474,2021-04-05,11,La Liga,90,2020/2021,male,Barcelona,Real Valladolid,1,True,True,True,,11,567,1,statsbombpy,
3773497,2021-04-10,11,La Liga,90,2020/2021,male,Real Madrid,Barcelona,1,True,True,True,,11,215,1,statsbombpy,
3775599,2021-04-20,37,FA Women's Super League,90,2020/2021,female,West Ham United LFC,Aston Villa W,0,False,False,False,metadata_team_missing_from_events,0,0,1,statsbombpy,
3775576,2021-04-21,37,FA Women's Super League,90,2020/2021,female,Manchester City WFC,Chelsea FCW,0,True,True,True,,11,409,1,statsbombpy,
3773661,2021-04-22,11,La Liga,90,2020/2021,male,Barcelona,Getafe,1,True,True,True,,11,694,1,statsbombpy,
3775540,2021-04-24,37,FA Women's Super League,90,2020/2021,female,Aston Villa W,Bristol City WFC,0,False,False,False,metadata_team_missing_from_events,0,0,1,statsbombpy,
3773689,2021-04-25,11,La Liga,90,2020/2021,male,Villarreal,Barcelona,0,True,True,True,,11,343,1,statsbombpy,
3775557,2021-04-25,37,FA Women's Super League,90,2020/2021,female,Arsenal WFC,Brighton & Hove Albion WFC,1,True,True,True,,11,532,1,statsbombpy,
3775612,2021-04-25,37,FA Women's Super League,90,2020/2021,female,Birmingham City WFC,Reading WFC,0,True,True,True,,11,173,1,statsbombpy,
3775622,2021-04-25,37,FA Women's Super League,90,2020/2021,female,Manchester United W,Tottenham Hotspur Women,1,True,True,True,,11,286,1,statsbombpy,
3775635,2021-04-25,37,FA Women's Super League,90,2020/2021,female,West Ham United LFC,Everton LFC,0,True,True,True,,11,178,1,statsbombpy,
3775568,2021-04-28,37,FA Women's Super League,90,2020/2021,female,Birmingham City WFC,Aston Villa W,0,False,False,False,metadata_team_missing_from_events,0,0,1,statsbombpy,
3775609,2021-04-28,37,FA Women's Super League,90,2020/2021,female,Arsenal WFC,West Ham United LFC,1,True,True,True,,11,503,1,statsbombpy,
3773586,2021-04-29,11,La Liga,90,2020/2021,male,Barcelona,Granada,0,True,True,True,,11,752,1,statsbombpy,
3773695,2021-05-02,11,La Liga,90,2020/2021,male,Valencia,Barcelona,0,True,True,True,,11,263,1,statsbombpy,
3775544,2021-05-02,37,FA Women's Super League,90,2020/2021,female,Aston Villa W,West Ham United LFC,0,False,False,False,metadata_team_missing_from_events,0,0,1,statsbombpy,
3775574,2021-05-02,37,FA Women's Super League,90,2020/2021,female,Manchester City WFC,Birmingham City WFC,1,True,True,True,,11,654,1,statsbombpy,
3775577,2021-05-02,37,FA Women's Super League,90,2020/2021,female,Everton LFC,Arsenal WFC,0,True,True,True,,11,262,1,statsbombpy,
3775579,2021-05-02,37,FA Women's Super League,90,2020/2021,female,Reading WFC,Brighton & Hove Albion WFC,1,True,True,True,,11,334,1,statsbombpy,
3775601,2021-05-02,37,FA Women's Super League,90,2020/2021,female,Bristol City WFC,Manchester United W,0,False,False,False,metadata_team_missing_from_events,0,0,1,statsbombpy,
3775555,2021-05-05,37,FA Women's Super League,90,2020/2021,female,Tottenham Hotspur Women,Chelsea FCW,0,True,True,True,,11,246,1,statsbombpy,
3773372,2021-05-08,11,La Liga,90,2020/2021,male,Barcelona,Atlético Madrid,0,True,True,True,,11,455,1,statsbombpy,
3775549,2021-05-09,37,FA Women's Super League,90,2020/2021,female,Birmingham City WFC,Tottenham Hotspur Women,0,True,True,True,,11,139,1,statsbombpy,
3775560,2021-05-09,37,FA Women's Super League,90,2020/2021,female,Arsenal WFC,Aston Villa W,0,False,False,False,metadata_team_missing_from_events,0,0,1,statsbombpy,
3775563,2021-05-09,37,FA Women's Super League,90,2020/2021,female,Manchester United W,Everton LFC,1,True,True,True,,11,330,1,statsbombpy,
3775573,2021-05-09,37,FA Women's Super League,90,2020/2021,female,West Ham United LFC,Manchester City WFC,0,True,True,True,,11,96,1,statsbombpy,
3775585,2021-05-09,37,FA Women's Super League,90,2020/2021,female,Brighton & Hove Albion WFC,Bristol City WFC,1,True,True,True,,11,338,1,statsbombpy,
3775593,2021-05-09,37,FA Women's Super League,90,2020/2021,female,Chelsea FCW,Reading WFC,1,True,True,True,,11,373,1,statsbombpy,
3773387,2021-05-11,11,La Liga,90,2020/2021,male,Levante UD,Barcelona,0,True,True,True,,11,291,1,statsbombpy,
3773457,2021-05-16,11,La Liga,90,2020/2021,male,Barcelona,Celta Vigo,0,True,True,True,,11,563,1,statsbombpy,
3788741,2021-06-11,55,UEFA Euro,43,2020,male,Turkey,Italy,0,True,False,False,insufficient_rolling_history,11,243,1,statsbombpy,
3788742,2021-06-12,55,UEFA Euro,43,2020,male,Denmark,Finland,0,True,False,False,insufficient_rolling_history,11,469,1,statsbombpy,
3788743,2021-06-12,55,UEFA Euro,43,2020,male,Belgium,Russia,1,True,False,False,insufficient_rolling_history,11,593,1,statsbombpy,
3788744,2021-06-12,55,UEFA Euro,43,2020,male,Wales,Switzerland,0,True,False,False,insufficient_rolling_history,11,250,1,statsbombpy,
3788745,2021-06-13,55,UEFA Euro,43,2020,male,England,Croatia,1,True,False,False,insufficient_rolling_history,11,386,1,statsbombpy,
3788746,2021-06-13,55,UEFA Euro,43,2020,male,Netherlands,Ukraine,1,True,False,False,insufficient_rolling_history,11,542,1,statsbombpy,
3788747,2021-06-13,55,UEFA Euro,43,2020,male,Austria,North Macedonia,1,True,False,False,insufficient_rolling_history,11,418,1,statsbombpy,
3788748,2021-06-14,55,UEFA Euro,43,2020,male,Scotland,Czech Republic,0,True,False,False,insufficient_rolling_history,11,311,1,statsbombpy,
3788749,2021-06-14,55,UEFA Euro,43,2020,male,Poland,Slovakia,0,True,False,False,insufficient_rolling_history,11,446,1,statsbombpy,
3788750,2021-06-14,55,UEFA Euro,43,2020,male,Spain,Sweden,0,True,False,False,insufficient_rolling_history,11,727,1,statsbombpy,
3788751,2021-06-15,55,UEFA Euro,43,2020,male,France,Germany,1,True,False,False,insufficient_rolling_history,11,375,1,statsbombpy,
3788752,2021-06-15,55,UEFA Euro,43,2020,male,Hungary,Portugal,0,True,False,False,insufficient_rolling_history,11,210,1,statsbombpy,
3788753,2021-06-16,55,UEFA Euro,43,2020,male,Finland,Russia,0,True,False,False,insufficient_rolling_history,11,298,1,statsbombpy,
3788754,2021-06-16,55,UEFA Euro,43,2020,male,Italy,Switzerland,1,True,False,False,insufficient_rolling_history,11,418,1,statsbombpy,
3788755,2021-06-16,55,UEFA Euro,43,2020,male,Turkey,Wales,0,True,False,False,insufficient_rolling_history,11,356,1,statsbombpy,
3788756,2021-06-17,55,UEFA Euro,43,2020,male,Netherlands,Austria,1,True,False,False,insufficient_rolling_history,11,338,1,statsbombpy,
3788757,2021-06-17,55,UEFA Euro,43,2020,male,Denmark,Belgium,0,True,False,False,insufficient_rolling_history,11,349,1,statsbombpy,
3788758,2021-06-17,55,UEFA Euro,43,2020,male,Ukraine,North Macedonia,1,True,False,False,insufficient_rolling_history,11,382,1,statsbombpy,
3788759,2021-06-18,55,UEFA Euro,43,2020,male,England,Scotland,0,True,False,False,insufficient_rolling_history,11,474,1,statsbombpy,
3788760,2021-06-18,55,UEFA Euro,43,2020,male,Croatia,Czech Republic,0,True,False,False,insufficient_rolling_history,11,331,1,statsbombpy,
3788761,2021-06-18,55,UEFA Euro,43,2020,male,Sweden,Slovakia,1,True,False,False,insufficient_rolling_history,11,362,1,statsbombpy,
3788762,2021-06-19,55,UEFA Euro,43,2020,male,Spain,Poland,0,True,False,False,insufficient_rolling_history,11,571,1,statsbombpy,
3788763,2021-06-19,55,UEFA Euro,43,2020,male,Hungary,France,0,True,False,False,insufficient_rolling_history,11,283,1,statsbombpy,
3788764,2021-06-19,55,UEFA Euro,43,2020,male,Portugal,Germany,0,True,False,False,insufficient_rolling_history,11,294,1,statsbombpy,
3788765,2021-06-20,55,UEFA Euro,43,2020,male,Switzerland,Turkey,1,True,False,False,insufficient_rolling_history,11,404,1,statsbombpy,
3788766,2021-06-20,55,UEFA Euro,43,2020,male,Italy,Wales,1,True,False,False,insufficient_rolling_history,11,493,1,statsbombpy,
3788767,2021-06-21,55,UEFA Euro,43,2020,male,Ukraine,Austria,0,True,False,False,insufficient_rolling_history,11,360,1,statsbombpy,
3788768,2021-06-21,55,UEFA Euro,43,2020,male,Finland,Belgium,0,True,False,False,insufficient_rolling_history,11,319,1,statsbombpy,
3788769,2021-06-21,55,UEFA Euro,43,2020,male,Russia,Denmark,0,True,False,False,insufficient_rolling_history,11,163,1,statsbombpy,
3788770,2021-06-21,55,UEFA Euro,43,2020,male,North Macedonia,Netherlands,0,True,False,False,insufficient_rolling_history,11,323,1,statsbombpy,
3788771,2021-06-22,55,UEFA Euro,43,2020,male,Croatia,Scotland,1,True,False,False,insufficient_rolling_history,11,549,1,statsbombpy,
3788772,2021-06-22,55,UEFA Euro,43,2020,male,Czech Republic,England,0,True,False,False,insufficient_rolling_history,11,282,1,statsbombpy,
3788773,2021-06-23,55,UEFA Euro,43,2020,male,Portugal,France,0,True,False,False,insufficient_rolling_history,11,423,1,statsbombpy,
3788774,2021-06-23,55,UEFA Euro,43,2020,male,Germany,Hungary,0,True,False,False,insufficient_rolling_history,11,622,1,statsbombpy,
3788775,2021-06-23,55,UEFA Euro,43,2020,male,Slovakia,Spain,0,True,False,False,insufficient_rolling_history,11,234,1,statsbombpy,
3788776,2021-06-23,55,UEFA Euro,43,2020,male,Sweden,Poland,1,True,False,False,insufficient_rolling_history,11,118,1,statsbombpy,
3794685,2021-06-26,55,UEFA Euro,43,2020,male,Italy,Austria,1,True,True,True,,11,498,1,statsbombpy,
3794689,2021-06-26,55,UEFA Euro,43,2020,male,Wales,Denmark,0,True,True,True,,11,291,1,statsbombpy,
3794687,2021-06-27,55,UEFA Euro,43,2020,male,Belgium,Portugal,1,True,True,True,,11,374,1,statsbombpy,
3794690,2021-06-27,55,UEFA Euro,43,2020,male,Netherlands,Czech Republic,0,True,True,True,,11,273,1,statsbombpy,
3794686,2021-06-28,55,UEFA Euro,43,2020,male,Croatia,Spain,0,True,True,True,,11,267,1,statsbombpy,
3794691,2021-06-28,55,UEFA Euro,43,2020,male,France,Switzerland,0,True,True,True,,11,499,1,statsbombpy,
3794688,2021-06-29,55,UEFA Euro,43,2020,male,England,Germany,1,True,True,True,,11,383,1,statsbombpy,
3794692,2021-06-29,55,UEFA Euro,43,2020,male,Sweden,Ukraine,0,True,True,True,,11,524,1,statsbombpy,
3795107,2021-07-02,55,UEFA Euro,43,2020,male,Belgium,Italy,0,True,True,True,,11,377,1,statsbombpy,
3795108,2021-07-02,55,UEFA Euro,43,2020,male,Switzerland,Spain,0,True,True,True,,11,249,1,statsbombpy,
3795109,2021-07-03,55,UEFA Euro,43,2020,male,Czech Republic,Denmark,0,True,True,True,,11,301,1,statsbombpy,
3795187,2021-07-03,55,UEFA Euro,43,2020,male,Ukraine,England,0,True,True,True,,11,478,1,statsbombpy,
3795220,2021-07-06,55,UEFA Euro,43,2020,male,Italy,Spain,0,True,True,True,,11,254,1,statsbombpy,
3795221,2021-07-07,55,UEFA Euro,43,2020,male,England,Denmark,1,True,True,True,,11,560,1,statsbombpy,
3795506,2021-07-11,55,UEFA Euro,43,2020,male,Italy,England,0,True,True,True,,11,665,1,statsbombpy,
3802696,2021-08-29,7,Ligue 1,108,2021/2022,male,Stade de Reims,Paris Saint-Germain,0,True,True,True,,11,236,1,statsbombpy,
3802752,2021-09-19,7,Ligue 1,108,2021/2022,male,Paris Saint-Germain,Lyon,1,True,True,True,,11,463,1,statsbombpy,
3802809,2021-10-03,7,Ligue 1,108,2021/2022,male,Rennes,Paris Saint-Germain,1,True,True,True,,11,229,1,statsbombpy,
3802902,2021-10-24,7,Ligue 1,108,2021/2022,male,Olympique de Marseille,Paris Saint-Germain,0,True,True,True,,11,386,1,statsbombpy,
3802699,2021-10-29,7,Ligue 1,108,2021/2022,male,Paris Saint-Germain,Lille,1,True,True,True,,11,498,1,statsbombpy,
3813314,2021-11-19,1238,Indian Super league,108,2021/2022,male,Mohun Bagan Super Giant,Kerala Blasters,1,True,False,False,insufficient_rolling_history,11,199,1,statsbombpy,
3802984,2021-11-20,7,Ligue 1,108,2021/2022,male,Paris Saint-Germain,Nantes,1,True,True,True,,11,701,1,statsbombpy,
3813297,2021-11-20,1238,Indian Super league,108,2021/2022,male,Bengaluru,NorthEast United,1,True,False,False,insufficient_rolling_history,11,406,1,statsbombpy,
3813298,2021-11-21,1238,Indian Super league,108,2021/2022,male,East Bengal,Jamshedpur,0,True,False,False,insufficient_rolling_history,11,144,1,statsbombpy,
3813270,2021-11-22,1238,Indian Super league,108,2021/2022,male,Mumbai City,Goa,1,True,False,False,insufficient_rolling_history,11,208,1,statsbombpy,
3813309,2021-11-23,1238,Indian Super league,108,2021/2022,male,SC Delhi,Chennaiyin,0,False,False,False,metadata_team_missing_from_events,0,0,1,statsbombpy,
3813289,2021-11-24,1238,Indian Super league,108,2021/2022,male,Odisha,Bengaluru,1,True,False,False,insufficient_rolling_history,11,130,1,statsbombpy,
3813296,2021-11-25,1238,Indian Super league,108,2021/2022,male,NorthEast United,Kerala Blasters,0,True,False,False,insufficient_rolling_history,11,204,1,statsbombpy,
3813315,2021-11-26,1238,Indian Super league,108,2021/2022,male,Goa,Jamshedpur,0,True,False,False,insufficient_rolling_history,11,404,1,statsbombpy,
3813277,2021-11-27,1238,Indian Super league,108,2021/2022,male,Mumbai City,SC Delhi,0,False,False,False,metadata_team_missing_from_events,0,0,1,statsbombpy,
3813291,2021-11-27,1238,Indian Super league,108,2021/2022,male,East Bengal,Mohun Bagan Super Giant,0,False,False,False,metadata_team_missing_from_events,0,0,1,statsbombpy,
3802837,2021-11-28,7,Ligue 1,108,2021/2022,male,Saint-Étienne,Paris Saint-Germain,0,True,True,True,,11,193,1,statsbombpy,
3813292,2021-11-28,1238,Indian Super league,108,2021/2022,male,Bengaluru,Kerala Blasters,0,True,False,False,insufficient_rolling_history,11,394,1,statsbombpy,
3813294,2021-11-29,1238,Indian Super league,108,2021/2022,male,NorthEast United,Chennaiyin,0,True,False,False,insufficient_rolling_history,11,268,1,statsbombpy,
3813317,2021-11-30,1238,Indian Super league,108,2021/2022,male,Odisha,East Bengal,1,True,False,False,insufficient_rolling_history,11,290,1,statsbombpy,
3802793,2021-12-01,7,Ligue 1,108,2021/2022,male,Paris Saint-Germain,OGC Nice,0,True,True,True,,11,647,1,statsbombpy,
3813312,2021-12-01,1238,Indian Super league,108,2021/2022,male,Mohun Bagan Super Giant,Mumbai City,0,True,False,False,insufficient_rolling_history,11,199,1,statsbombpy,
3813288,2021-12-02,1238,Indian Super league,108,2021/2022,male,Jamshedpur,SC Delhi,0,False,False,False,metadata_team_missing_from_events,0,0,1,statsbombpy,
3813280,2021-12-03,1238,Indian Super league,108,2021/2022,male,Chennaiyin,East Bengal,0,True,False,False,insufficient_rolling_history,11,363,1,statsbombpy,
3802685,2021-12-04,7,Ligue 1,108,2021/2022,male,Lens,Paris Saint-Germain,0,True,False,False,insufficient_rolling_history,11,315,1,statsbombpy,
3813274,2021-12-04,1238,Indian Super league,108,2021/2022,male,Bengaluru,Mumbai City,0,True,False,False,insufficient_rolling_history,11,151,1,statsbombpy,
3813316,2021-12-04,1238,Indian Super league,108,2021/2022,male,NorthEast United,Goa,1,True,False,False,insufficient_rolling_history,11,164,1,statsbombpy,
3813300,2021-12-05,1238,Indian Super league,108,2021/2022,male,Kerala Blasters,Odisha,1,True,False,False,insufficient_rolling_history,11,318,1,statsbombpy,
3813268,2021-12-06,1238,Indian Super league,108,2021/2022,male,Jamshedpur,Mohun Bagan Super Giant,1,False,False,False,metadata_team_missing_from_events,0,0,1,statsbombpy,
3813267,2021-12-07,1238,Indian Super league,108,2021/2022,male,East Bengal,Goa,0,True,True,True,,11,113,1,statsbombpy,
3813299,2021-12-08,1238,Indian Super league,108,2021/2022,male,SC Delhi,Bengaluru,1,False,False,False,metadata_team_missing_from_events,0,0,1,statsbombpy,
3813284,2021-12-09,1238,Indian Super league,108,2021/2022,male,Mumbai City,Jamshedpur,1,True,False,False,insufficient_rolling_history,11,316,1,statsbombpy,
3813301,2021-12-10,1238,Indian Super league,108,2021/2022,male,Odisha,NorthEast United,1,True,True,True,,11,336,1,statsbombpy,
3813281,2021-12-11,1238,Indian Super league,108,2021/2022,male,Mohun Bagan Super Giant,Chennaiyin,0,True,False,False,insufficient_rolling_history,11,268,1,statsbombpy,
3813285,2021-12-11,1238,Indian Super league,108,2021/2022,male,Goa,Bengaluru,1,True,True,True,,11,191,1,statsbombpy,
3802683,2021-12-12,7,Ligue 1,108,2021/2022,male,Paris Saint-Germain,AS Monaco,1,True,True,True,,11,424,1,statsbombpy,
3813310,2021-12-12,1238,Indian Super league,108,2021/2022,male,East Bengal,Kerala Blasters,0,True,True,True,,11,117,1,statsbombpy,
3813290,2021-12-13,1238,Indian Super league,108,2021/2022,male,SC Delhi,NorthEast United,1,False,False,False,metadata_team_missing_from_events,0,0,1,statsbombpy,
3813269,2021-12-14,1238,Indian Super league,108,2021/2022,male,Odisha,Jamshedpur,0,True,True,True,,11,258,1,statsbombpy,
3813286,2021-12-15,1238,Indian Super league,108,2021/2022,male,Mumbai City,Chennaiyin,1,True,True,True,,11,509,1,statsbombpy,
3813287,2021-12-16,1238,Indian Super league,108,2021/2022,male,Bengaluru,Mohun Bagan Super Giant,0,False,False,False,metadata_team_missing_from_events,0,0,1,statsbombpy,
3813276,2021-12-17,1238,Indian Super league,108,2021/2022,male,NorthEast United,East Bengal,1,True,True,True,,11,320,1,statsbombpy,
3813272,2021-12-18,1238,Indian Super league,108,2021/2022,male,Goa,SC Delhi,0,False,False,False,metadata_team_missing_from_events,0,0,1,statsbombpy,
3813279,2021-12-18,1238,Indian Super league,108,2021/2022,male,Chennaiyin,Odisha,1,True,True,True,,11,377,1,statsbombpy,
3813282,2021-12-19,1238,Indian Super league,108,2021/2022,male,Mumbai City,Kerala Blasters,0,True,True,True,,11,260,1,statsbombpy,
3813307,2021-12-20,1238,Indian Super league,108,2021/2022,male,Jamshedpur,Bengaluru,0,True,True,True,,11,119,1,statsbombpy,
3813306,2021-12-21,1238,Indian Super league,108,2021/2022,male,NorthEast United,Mohun Bagan Super Giant,0,False,False,False,metadata_team_missing_from_events,0,0,1,statsbombpy,
3802690,2021-12-22,7,Ligue 1,108,2021/2022,male,Lorient,Paris Saint-Germain,0,True,True,True,,11,176,1,statsbombpy,
3813278,2021-12-22,1238,Indian Super league,108,2021/2022,male,Chennaiyin,Kerala Blasters,0,True,True,True,,11,246,1,statsbombpy,
3813304,2021-12-23,1238,Indian Super league,108,2021/2022,male,SC Delhi,East Bengal,0,False,False,False,metadata_team_missing_from_events,0,0,1,statsbombpy,
3813308,2021-12-24,1238,Indian Super league,108,2021/2022,male,Odisha,Goa,0,True,True,True,,11,199,1,statsbombpy,
3813275,2021-12-26,1238,Indian Super league,108,2021/2022,male,Kerala Blasters,Jamshedpur,0,True,True,True,,11,215,1,statsbombpy,
3813318,2021-12-27,1238,Indian Super league,108,2021/2022,male,NorthEast United,Mumbai City,0,True,True,True,,11,175,1,statsbombpy,
3813295,2021-12-28,1238,Indian Super league,108,2021/2022,male,SC Delhi,Odisha,1,False,False,False,metadata_team_missing_from_events,0,0,1,statsbombpy,
3813303,2021-12-29,1238,Indian Super league,108,2021/2022,male,Mohun Bagan Super Giant,Goa,1,True,True,True,,11,282,1,statsbombpy,
3813283,2021-12-30,1238,Indian Super league,108,2021/2022,male,Chennaiyin,Bengaluru,0,True,True,True,,11,257,1,statsbombpy,
3813271,2022-01-02,1238,Indian Super league,108,2021/2022,male,Kerala Blasters,Goa,0,True,True,True,,11,160,1,statsbombpy,
3813311,2022-01-02,1238,Indian Super league,108,2021/2022,male,Jamshedpur,Chennaiyin,0,True,True,True,,11,310,1,statsbombpy,
3813273,2022-01-03,1238,Indian Super league,108,2021/2022,male,Odisha,Mumbai City,1,True,True,True,,11,174,1,statsbombpy,
3813293,2022-01-04,1238,Indian Super league,108,2021/2022,male,Bengaluru,East Bengal,0,True,True,True,,11,432,1,statsbombpy,
3813264,2022-01-05,1238,Indian Super league,108,2021/2022,male,Mohun Bagan Super Giant,SC Delhi,0,True,False,False,insufficient_rolling_history,11,292,1,statsbombpy,
3813302,2022-01-06,1238,Indian Super league,108,2021/2022,male,Jamshedpur,NorthEast United,1,True,True,True,,11,277,1,statsbombpy,
3813265,2022-01-07,1238,Indian Super league,108,2021/2022,male,East Bengal,Mumbai City,0,True,True,True,,11,101,1,statsbombpy,
3813266,2022-01-08,1238,Indian Super league,108,2021/2022,male,Goa,Chennaiyin,1,True,True,True,,11,422,1,statsbombpy,
3813305,2022-01-09,1238,Indian Super league,108,2021/2022,male,Kerala Blasters,SC Delhi,1,False,False,False,metadata_team_missing_from_events,0,0,1,statsbombpy,
3817849,2022-01-10,1238,Indian Super league,108,2021/2022,male,Mumbai City,Bengaluru,0,True,True,True,,11,278,1,statsbombpy,
3817850,2022-01-11,1238,Indian Super league,108,2021/2022,male,Jamshedpur,East Bengal,1,True,True,True,,11,248,1,statsbombpy,
3817851,2022-01-12,1238,Indian Super league,108,2021/2022,male,Odisha,Kerala Blasters,0,True,True,True,,11,235,1,statsbombpy,
3817879,2022-01-13,1238,Indian Super league,108,2021/2022,male,Chennaiyin,SC Delhi,0,False,False,False,metadata_team_missing_from_events,0,0,1,statsbombpy,
3817890,2022-01-14,1238,Indian Super league,108,2021/2022,male,Goa,NorthEast United,0,True,True,True,,11,395,1,statsbombpy,
3817865,2022-01-18,1238,Indian Super league,108,2021/2022,male,NorthEast United,Odisha,0,True,True,True,,11,345,1,statsbombpy,
3817853,2022-01-19,1238,Indian Super league,108,2021/2022,male,Goa,East Bengal,0,True,True,True,,11,456,1,statsbombpy,
3817876,2022-01-22,1238,Indian Super league,108,2021/2022,male,Chennaiyin,NorthEast United,1,True,True,True,,11,315,1,statsbombpy,
3802802,2022-01-23,7,Ligue 1,108,2021/2022,male,Paris Saint-Germain,Stade de Reims,1,True,True,True,,11,660,1,statsbombpy,
3813313,2022-01-23,1238,Indian Super league,108,2021/2022,male,Mohun Bagan Super Giant,Odisha,0,True,True,True,,11,380,1,statsbombpy,
3817874,2022-01-23,1238,Indian Super league,108,2021/2022,male,Bengaluru,Goa,0,True,True,True,,11,141,1,statsbombpy,
3817878,2022-01-24,1238,Indian Super league,108,2021/2022,male,East Bengal,SC Delhi,0,False,False,False,metadata_team_missing_from_events,0,0,1,statsbombpy,
3817867,2022-01-25,1238,Indian Super league,108,2021/2022,male,Mumbai City,NorthEast United,0,True,True,True,,11,270,1,statsbombpy,
3817868,2022-01-26,1238,Indian Super league,108,2021/2022,male,Bengaluru,Chennaiyin,1,True,True,True,,11,275,1,statsbombpy,
3817860,2022-01-27,1238,Indian Super league,108,2021/2022,male,Odisha,SC Delhi,0,False,False,False,metadata_team_missing_from_events,0,0,1,statsbombpy,
3817875,2022-01-28,1238,Indian Super league,108,2021/2022,male,Jamshedpur,Goa,1,True,True,True,,11,135,1,statsbombpy,
3817888,2022-01-29,1238,Indian Super league,108,2021/2022,male,Mohun Bagan Super Giant,East Bengal,1,True,True,True,,11,504,1,statsbombpy,
3817861,2022-01-30,1238,Indian Super league,108,2021/2022,male,Kerala Blasters,Bengaluru,0,True,True,True,,11,212,1,statsbombpy,
3817871,2022-01-31,1238,Indian Super league,108,2021/2022,male,NorthEast United,SC Delhi,0,False,False,False,metadata_team_missing_from_events,0,0,1,statsbombpy,
3817894,2022-02-01,1238,Indian Super league,108,2021/2022,male,Goa,Odisha,0,True,True,True,,11,365,1,statsbombpy,
3817882,2022-02-02,1238,Indian Super league,108,2021/2022,male,East Bengal,Chennaiyin,0,True,True,True,,11,324,1,statsbombpy,
3817864,2022-02-03,1238,Indian Super league,108,2021/2022,male,Mumbai City,Mohun Bagan Super Giant,0,False,False,False,metadata_team_missing_from_events,0,0,1,statsbombpy,
3817886,2022-02-04,1238,Indian Super league,108,2021/2022,male,Kerala Blasters,NorthEast United,1,True,True,True,,11,289,1,statsbombpy,
3817883,2022-02-05,1238,Indian Super league,108,2021/2022,male,Bengaluru,Jamshedpur,1,True,True,True,,11,284,1,statsbombpy,
3802907,2022-02-06,7,Ligue 1,108,2021/2022,male,Lille,Paris Saint-Germain,0,True,True,True,,11,356,1,statsbombpy,
3817852,2022-02-06,1238,Indian Super league,108,2021/2022,male,Chennaiyin,Mumbai City,0,True,True,True,,11,228,1,statsbombpy,
3817896,2022-02-07,1238,Indian Super league,108,2021/2022,male,East Bengal,Odisha,0,True,True,True,,11,294,1,statsbombpy,
3817884,2022-02-08,1238,Indian Super league,108,2021/2022,male,SC Delhi,Mohun Bagan Super Giant,0,False,False,False,metadata_team_missing_from_events,0,0,1,statsbombpy,
3817895,2022-02-09,1238,Indian Super league,108,2021/2022,male,Chennaiyin,Goa,0,True,True,True,,11,214,1,statsbombpy,
3817881,2022-02-10,1238,Indian Super league,108,2021/2022,male,Jamshedpur,Kerala Blasters,1,True,True,True,,11,181,1,statsbombpy,
3802795,2022-02-11,7,Ligue 1,108,2021/2022,male,Paris Saint-Germain,Rennes,1,True,True,True,,11,605,1,statsbombpy,
3817869,2022-02-11,1238,Indian Super league,108,2021/2022,male,Bengaluru,SC Delhi,0,False,False,False,metadata_team_missing_from_events,0,0,1,statsbombpy,
3817873,2022-02-12,1238,Indian Super league,108,2021/2022,male,Mohun Bagan Super Giant,NorthEast United,1,True,True,True,,11,331,1,statsbombpy,
3817862,2022-02-13,1238,Indian Super league,108,2021/2022,male,Mumbai City,Odisha,1,True,True,True,,11,385,1,statsbombpy,
3817902,2022-02-14,1238,Indian Super league,108,2021/2022,male,Kerala Blasters,East Bengal,1,True,True,True,,11,277,1,statsbombpy,
3817848,2022-02-15,1238,Indian Super league,108,2021/2022,male,Goa,Mohun Bagan Super Giant,0,False,False,False,metadata_team_missing_from_events,0,0,1,statsbombpy,
3817880,2022-02-16,1238,Indian Super league,108,2021/2022,male,Odisha,Chennaiyin,0,True,True,True,,11,244,1,statsbombpy,
3817901,2022-02-17,1238,Indian Super league,108,2021/2022,male,Jamshedpur,Mumbai City,1,True,True,True,,11,153,1,statsbombpy,
3817877,2022-02-18,1238,Indian Super league,108,2021/2022,male,NorthEast United,Bengaluru,1,True,True,True,,11,177,1,statsbombpy,
3802839,2022-02-19,7,Ligue 1,108,2021/2022,male,Nantes,Paris Saint-Germain,1,True,True,True,,11,222,1,statsbombpy,
3817855,2022-02-19,1238,Indian Super league,108,2021/2022,male,Kerala Blasters,Mohun Bagan Super Giant,0,False,False,False,metadata_team_missing_from_events,0,0,1,statsbombpy,
3817863,2022-02-19,1238,Indian Super league,108,2021/2022,male,SC Delhi,Goa,1,False,False,False,metadata_team_missing_from_events,0,0,1,statsbombpy,
3817900,2022-02-20,1238,Indian Super league,108,2021/2022,male,Chennaiyin,Jamshedpur,0,True,True,True,,11,271,1,statsbombpy,
3817872,2022-02-21,1238,Indian Super league,108,2021/2022,male,Bengaluru,Odisha,1,True,True,True,,11,272,1,statsbombpy,
3817885,2022-02-22,1238,Indian Super league,108,2021/2022,male,Mumbai City,East Bengal,1,True,True,True,,11,333,1,statsbombpy,
3817897,2022-02-23,1238,Indian Super league,108,2021/2022,male,SC Delhi,Kerala Blasters,1,False,False,False,metadata_team_missing_from_events,0,0,1,statsbombpy,
3817892,2022-02-24,1238,Indian Super league,108,2021/2022,male,Odisha,Mohun Bagan Super Giant,0,False,False,False,metadata_team_missing_from_events,0,0,1,statsbombpy,
3817859,2022-02-25,1238,Indian Super league,108,2021/2022,male,NorthEast United,Jamshedpur,0,True,True,True,,11,277,1,statsbombpy,
3802709,2022-02-26,7,Ligue 1,108,2021/2022,male,Paris Saint-Germain,Saint-Étienne,1,True,True,True,,11,537,1,statsbombpy,
3817858,2022-02-26,1238,Indian Super league,108,2021/2022,male,Kerala Blasters,Chennaiyin,1,True,True,True,,11,389,1,statsbombpy,
3817898,2022-02-26,1238,Indian Super league,108,2021/2022,male,Goa,Mumbai City,0,True,True,True,,11,334,1,statsbombpy,
3817854,2022-02-27,1238,Indian Super league,108,2021/2022,male,Mohun Bagan Super Giant,Bengaluru,1,True,True,True,,11,253,1,statsbombpy,
3817893,2022-02-28,1238,Indian Super league,108,2021/2022,male,East Bengal,NorthEast United,0,True,True,True,,11,255,1,statsbombpy,
3817857,2022-03-01,1238,Indian Super league,108,2021/2022,male,SC Delhi,Jamshedpur,0,False,False,False,metadata_team_missing_from_events,0,0,1,statsbombpy,
3817866,2022-03-02,1238,Indian Super league,108,2021/2022,male,Kerala Blasters,Mumbai City,1,True,True,True,,11,191,1,statsbombpy,
3817889,2022-03-03,1238,Indian Super league,108,2021/2022,male,Chennaiyin,Mohun Bagan Super Giant,0,False,False,False,metadata_team_missing_from_events,0,0,1,statsbombpy,
3817899,2022-03-04,1238,Indian Super league,108,2021/2022,male,Jamshedpur,Odisha,1,True,True,True,,11,279,1,statsbombpy,
3802805,2022-03-05,7,Ligue 1,108,2021/2022,male,OGC Nice,Paris Saint-Germain,1,True,True,True,,11,411,1,statsbombpy,
3817887,2022-03-05,1238,Indian Super league,108,2021/2022,male,SC Delhi,Mumbai City,1,False,False,False,metadata_team_missing_from_events,0,0,1,statsbombpy,
3817891,2022-03-05,1238,Indian Super league,108,2021/2022,male,East Bengal,Bengaluru,0,True,True,True,,11,171,1,statsbombpy,
3817870,2022-03-06,1238,Indian Super league,108,2021/2022,male,Goa,Kerala Blasters,0,True,True,True,,11,338,1,statsbombpy,
3817856,2022-03-07,1238,Indian Super league,108,2021/2022,male,Mohun Bagan Super Giant,Jamshedpur,0,True,True,True,,11,324,1,statsbombpy,
3827337,2022-03-11,1238,Indian Super league,108,2021/2022,male,Jamshedpur,Kerala Blasters,0,True,True,True,,11,190,1,statsbombpy,
3827338,2022-03-12,1238,Indian Super league,108,2021/2022,male,SC Delhi,Mohun Bagan Super Giant,1,False,False,False,metadata_team_missing_from_events,0,0,1,statsbombpy,
3802904,2022-03-13,7,Ligue 1,108,2021/2022,male,Paris Saint-Germain,Bordeaux,1,True,True,True,,11,570,1,statsbombpy,
3827335,2022-03-15,1238,Indian Super league,108,2021/2022,male,Kerala Blasters,Jamshedpur,0,True,True,True,,11,153,1,statsbombpy,
3827336,2022-03-16,1238,Indian Super league,108,2021/2022,male,Mohun Bagan Super Giant,SC Delhi,1,True,False,False,insufficient_rolling_history,11,335,1,statsbombpy,
3827767,2022-03-20,1238,Indian Super league,108,2021/2022,male,SC Delhi,Kerala Blasters,0,False,False,False,metadata_team_missing_from_events,0,0,1,statsbombpy,
3802818,2022-04-03,7,Ligue 1,108,2021/2022,male,Paris Saint-Germain,Lorient,1,True,True,True,,11,615,1,statsbombpy,
3803000,2022-04-09,7,Ligue 1,108,2021/2022,male,Clermont Foot,Paris Saint-Germain,0,True,False,False,insufficient_rolling_history,11,307,1,statsbombpy,
3802983,2022-04-17,7,Ligue 1,108,2021/2022,male,Paris Saint-Germain,Olympique de Marseille,1,True,True,True,,11,437,1,statsbombpy,
3802676,2022-04-23,7,Ligue 1,108,2021/2022,male,Paris Saint-Germain,Lens,0,True,False,False,insufficient_rolling_history,11,667,1,statsbombpy,
3802643,2022-04-29,7,Ligue 1,108,2021/2022,male,Strasbourg,Paris Saint-Germain,0,True,False,False,insufficient_rolling_history,11,348,1,statsbombpy,
3802930,2022-05-08,7,Ligue 1,108,2021/2022,male,Paris Saint-Germain,Troyes,0,True,True,True,,11,541,1,statsbombpy,
3802665,2022-05-14,7,Ligue 1,108,2021/2022,male,Montpellier,Paris Saint-Germain,0,True,True,True,,11,214,1,statsbombpy,
3802948,2022-05-21,7,Ligue 1,108,2021/2022,male,Paris Saint-Germain,Metz,1,True,False,False,insufficient_rolling_history,11,642,1,statsbombpy,
3835319,2022-07-06,53,UEFA Women's Euro,106,2022,female,England Women's,Austria Women's,1,True,False,False,insufficient_rolling_history,11,432,1,statsbombpy,
3835320,2022-07-07,53,UEFA Women's Euro,106,2022,female,Norway Women's,Northern Ireland W,1,True,False,False,insufficient_rolling_history,11,403,1,statsbombpy,
3835321,2022-07-08,53,UEFA Women's Euro,106,2022,female,Spain Women's,WNT Finland,1,True,False,False,insufficient_rolling_history,11,552,1,statsbombpy,
3835322,2022-07-08,53,UEFA Women's Euro,106,2022,female,Germany Women's,Denmark Women's,1,True,False,False,insufficient_rolling_history,11,394,1,statsbombpy,
3835323,2022-07-09,53,UEFA Women's Euro,106,2022,female,Portugal Women's,Switzerland Women's,0,True,False,False,insufficient_rolling_history,11,368,1,statsbombpy,
3835324,2022-07-09,53,UEFA Women's Euro,106,2022,female,Netherlands Women's,Sweden Women's,0,True,False,False,insufficient_rolling_history,11,334,1,statsbombpy,
3835325,2022-07-10,53,UEFA Women's Euro,106,2022,female,France Women's,Italy Women's,1,True,False,False,insufficient_rolling_history,11,387,1,statsbombpy,
3835326,2022-07-10,53,UEFA Women's Euro,106,2022,female,Belgium Women's,Iceland Women's,0,True,False,False,insufficient_rolling_history,11,327,1,statsbombpy,
3835327,2022-07-11,53,UEFA Women's Euro,106,2022,female,England Women's,Norway Women's,1,True,False,False,insufficient_rolling_history,11,439,1,statsbombpy,
3835328,2022-07-11,53,UEFA Women's Euro,106,2022,female,Austria Women's,Northern Ireland W,1,True,False,False,insufficient_rolling_history,11,246,1,statsbombpy,
3835329,2022-07-12,53,UEFA Women's Euro,106,2022,female,Denmark Women's,WNT Finland,1,True,False,False,insufficient_rolling_history,11,396,1,statsbombpy,
3835330,2022-07-12,53,UEFA Women's Euro,106,2022,female,Germany Women's,Spain Women's,1,True,False,False,insufficient_rolling_history,11,156,1,statsbombpy,
3835331,2022-07-13,53,UEFA Women's Euro,106,2022,female,Sweden Women's,Switzerland Women's,1,True,False,False,insufficient_rolling_history,11,362,1,statsbombpy,
3835332,2022-07-13,53,UEFA Women's Euro,106,2022,female,Netherlands Women's,Portugal Women's,1,True,False,False,insufficient_rolling_history,11,383,1,statsbombpy,
3835333,2022-07-14,53,UEFA Women's Euro,106,2022,female,France Women's,Belgium Women's,1,True,False,False,insufficient_rolling_history,11,489,1,statsbombpy,
3835334,2022-07-14,53,UEFA Women's Euro,106,2022,female,Italy Women's,Iceland Women's,0,True,False,False,insufficient_rolling_history,11,327,1,statsbombpy,
3835335,2022-07-15,53,UEFA Women's Euro,106,2022,female,Northern Ireland W,England Women's,0,True,False,False,insufficient_rolling_history,11,86,1,statsbombpy,
3835336,2022-07-15,53,UEFA Women's Euro,106,2022,female,Austria Women's,Norway Women's,1,True,False,False,insufficient_rolling_history,11,266,1,statsbombpy,
3835337,2022-07-16,53,UEFA Women's Euro,106,2022,female,Denmark Women's,Spain Women's,0,True,False,False,insufficient_rolling_history,11,151,1,statsbombpy,
3835338,2022-07-16,53,UEFA Women's Euro,106,2022,female,WNT Finland,Germany Women's,0,True,False,False,insufficient_rolling_history,11,166,1,statsbombpy,
3835339,2022-07-17,53,UEFA Women's Euro,106,2022,female,Switzerland Women's,Netherlands Women's,0,True,False,False,insufficient_rolling_history,11,315,1,statsbombpy,
3835340,2022-07-17,53,UEFA Women's Euro,106,2022,female,Sweden Women's,Portugal Women's,1,True,False,False,insufficient_rolling_history,11,207,1,statsbombpy,
3835341,2022-07-18,53,UEFA Women's Euro,106,2022,female,Italy Women's,Belgium Women's,0,True,False,False,insufficient_rolling_history,11,348,1,statsbombpy,
3835342,2022-07-18,53,UEFA Women's Euro,106,2022,female,Iceland Women's,France Women's,0,True,False,False,insufficient_rolling_history,11,184,1,statsbombpy,
3844384,2022-07-20,53,UEFA Women's Euro,106,2022,female,England Women's,Spain Women's,1,True,True,True,,11,322,1,statsbombpy,
3844385,2022-07-21,53,UEFA Women's Euro,106,2022,female,Germany Women's,Austria Women's,1,True,True,True,,11,332,1,statsbombpy,
3844386,2022-07-22,53,UEFA Women's Euro,106,2022,female,Sweden Women's,Belgium Women's,1,True,True,True,,11,348,1,statsbombpy,
3844387,2022-07-23,53,UEFA Women's Euro,106,2022,female,France Women's,Netherlands Women's,1,True,True,True,,11,391,1,statsbombpy,
3845506,2022-07-26,53,UEFA Women's Euro,106,2022,female,England Women's,Sweden Women's,1,True,True,True,,11,346,1,statsbombpy,
3845507,2022-07-27,53,UEFA Women's Euro,106,2022,female,Germany Women's,France Women's,1,True,True,True,,11,325,1,statsbombpy,
3847567,2022-07-31,53,UEFA Women's Euro,106,2022,female,England Women's,Germany Women's,1,True,True,True,,11,278,1,statsbombpy,
3837650,2022-08-06,7,Ligue 1,235,2022/2023,male,Clermont Foot,Paris Saint-Germain,0,True,False,False,insufficient_rolling_history,11,349,1,statsbombpy,
3837659,2022-08-13,7,Ligue 1,235,2022/2023,male,Paris Saint-Germain,Montpellier,1,True,True,True,,11,547,1,statsbombpy,
3837662,2022-08-21,7,Ligue 1,235,2022/2023,male,Lille,Paris Saint-Germain,0,True,True,True,,11,423,1,statsbombpy,
3837680,2022-08-28,7,Ligue 1,235,2022/2023,male,Paris Saint-Germain,AS Monaco,0,True,True,True,,11,614,1,statsbombpy,
3837683,2022-08-31,7,Ligue 1,235,2022/2023,male,Toulouse,Paris Saint-Germain,0,True,True,True,,11,261,1,statsbombpy,
3837695,2022-09-03,7,Ligue 1,235,2022/2023,male,Nantes,Paris Saint-Germain,0,True,True,True,,11,359,1,statsbombpy,
3837706,2022-09-10,7,Ligue 1,235,2022/2023,male,Paris Saint-Germain,Stade Brestois,1,True,False,False,insufficient_rolling_history,11,547,1,statsbombpy,
3837717,2022-09-18,7,Ligue 1,235,2022/2023,male,Lyon,Paris Saint-Germain,0,True,True,True,,11,312,1,statsbombpy,
3837727,2022-10-01,7,Ligue 1,235,2022/2023,male,Paris Saint-Germain,OGC Nice,1,True,True,True,,11,523,1,statsbombpy,
3837747,2022-10-16,7,Ligue 1,235,2022/2023,male,Paris Saint-Germain,Olympique de Marseille,1,False,False,False,metadata_team_missing_from_events,0,0,1,statsbombpy,
3837752,2022-10-21,7,Ligue 1,235,2022/2023,male,AC Ajaccio,Paris Saint-Germain,0,True,False,False,insufficient_rolling_history,11,230,1,statsbombpy,
3837771,2022-10-29,7,Ligue 1,235,2022/2023,male,Paris Saint-Germain,Troyes,1,True,True,True,,11,565,1,statsbombpy,
3837785,2022-11-13,7,Ligue 1,235,2022/2023,male,Paris Saint-Germain,Auxerre,1,True,False,False,insufficient_rolling_history,11,534,1,statsbombpy,
3857286,2022-11-20,43,FIFA World Cup,106,2022,male,Qatar,Ecuador,0,True,False,False,insufficient_rolling_history,11,369,1,statsbombpy,
3857271,2022-11-21,43,FIFA World Cup,106,2022,male,England,Iran,1,True,True,True,,11,615,1,statsbombpy,
3857282,2022-11-21,43,FIFA World Cup,106,2022,male,United States,Wales,0,True,False,False,insufficient_rolling_history,11,449,1,statsbombpy,
3857285,2022-11-21,43,FIFA World Cup,106,2022,male,Senegal,Netherlands,0,True,True,True,,11,287,1,statsbombpy,
3857254,2022-11-22,43,FIFA World Cup,106,2022,male,Denmark,Tunisia,0,True,True,True,,11,463,1,statsbombpy,
3857265,2022-11-22,43,FIFA World Cup,106,2022,male,Mexico,Poland,0,True,True,True,,11,384,1,statsbombpy,
3857279,2022-11-22,43,FIFA World Cup,106,2022,male,France,Australia,1,True,True,True,,11,595,1,statsbombpy,
3857300,2022-11-22,43,FIFA World Cup,106,2022,male,Argentina,Saudi Arabia,0,True,True,True,,11,452,1,statsbombpy,
3857268,2022-11-23,43,FIFA World Cup,106,2022,male,Belgium,Canada,1,True,False,False,insufficient_rolling_history,11,362,1,statsbombpy,
3857277,2022-11-23,43,FIFA World Cup,106,2022,male,Morocco,Croatia,0,True,True,True,,11,266,1,statsbombpy,
3857284,2022-11-23,43,FIFA World Cup,106,2022,male,Germany,Japan,0,True,True,True,,11,664,1,statsbombpy,
3857291,2022-11-23,43,FIFA World Cup,106,2022,male,Spain,Costa Rica,1,True,True,True,,11,806,1,statsbombpy,
3857258,2022-11-24,43,FIFA World Cup,106,2022,male,Brazil,Serbia,1,True,True,True,,11,452,1,statsbombpy,
3857287,2022-11-24,43,FIFA World Cup,106,2022,male,Uruguay,South Korea,0,True,True,True,,11,427,1,statsbombpy,
3857290,2022-11-24,43,FIFA World Cup,106,2022,male,Switzerland,Cameroon,1,True,False,False,insufficient_rolling_history,11,406,1,statsbombpy,
3857298,2022-11-24,43,FIFA World Cup,106,2022,male,Portugal,Ghana,1,True,False,False,insufficient_rolling_history,11,509,1,statsbombpy,
3857272,2022-11-25,43,FIFA World Cup,106,2022,male,England,United States,0,True,False,False,insufficient_rolling_history,11,456,1,statsbombpy,
3857273,2022-11-25,43,FIFA World Cup,106,2022,male,Wales,Iran,0,True,False,False,insufficient_rolling_history,11,387,1,statsbombpy,
3857274,2022-11-25,43,FIFA World Cup,106,2022,male,Netherlands,Ecuador,0,True,False,False,insufficient_rolling_history,11,396,1,statsbombpy,
3857301,2022-11-25,43,FIFA World Cup,106,2022,male,Qatar,Senegal,0,True,False,False,insufficient_rolling_history,11,320,1,statsbombpy,
3857266,2022-11-26,43,FIFA World Cup,106,2022,male,France,Denmark,1,True,True,True,,11,407,1,statsbombpy,
3857288,2022-11-26,43,FIFA World Cup,106,2022,male,Tunisia,Australia,0,True,True,True,,11,341,1,statsbombpy,
3857289,2022-11-26,43,FIFA World Cup,106,2022,male,Argentina,Mexico,1,True,True,True,,11,422,1,statsbombpy,
3857297,2022-11-26,43,FIFA World Cup,106,2022,male,Poland,Saudi Arabia,1,True,True,True,,11,230,1,statsbombpy,
3857263,2022-11-27,43,FIFA World Cup,106,2022,male,Spain,Germany,0,True,True,True,,11,511,1,statsbombpy,
3857281,2022-11-27,43,FIFA World Cup,106,2022,male,Croatia,Canada,1,True,False,False,insufficient_rolling_history,11,364,1,statsbombpy,
3857283,2022-11-27,43,FIFA World Cup,106,2022,male,Belgium,Morocco,0,True,True,True,,11,530,1,statsbombpy,
3857295,2022-11-27,43,FIFA World Cup,106,2022,male,Japan,Costa Rica,0,True,True,True,,11,444,1,statsbombpy,
3857259,2022-11-28,43,FIFA World Cup,106,2022,male,Cameroon,Serbia,0,True,False,False,insufficient_rolling_history,11,218,1,statsbombpy,
3857269,2022-11-28,43,FIFA World Cup,106,2022,male,Brazil,Switzerland,1,True,True,True,,11,432,1,statsbombpy,
3857270,2022-11-28,43,FIFA World Cup,106,2022,male,Portugal,Uruguay,1,True,True,True,,11,447,1,statsbombpy,
3857299,2022-11-28,43,FIFA World Cup,106,2022,male,South Korea,Ghana,0,True,False,False,insufficient_rolling_history,11,417,1,statsbombpy,
3857261,2022-11-29,43,FIFA World Cup,106,2022,male,Wales,England,0,True,False,False,insufficient_rolling_history,11,237,1,statsbombpy,
3857267,2022-11-29,43,FIFA World Cup,106,2022,male,Ecuador,Senegal,0,True,False,False,insufficient_rolling_history,11,316,1,statsbombpy,
3857278,2022-11-29,43,FIFA World Cup,106,2022,male,Iran,United States,0,True,False,False,insufficient_rolling_history,11,300,1,statsbombpy,
3857294,2022-11-29,43,FIFA World Cup,106,2022,male,Netherlands,Qatar,1,True,False,False,insufficient_rolling_history,11,646,1,statsbombpy,
3857257,2022-11-30,43,FIFA World Cup,106,2022,male,Australia,Denmark,1,True,True,True,,11,189,1,statsbombpy,
3857260,2022-11-30,43,FIFA World Cup,106,2022,male,Saudi Arabia,Mexico,0,True,True,True,,11,158,1,statsbombpy,
3857264,2022-11-30,43,FIFA World Cup,106,2022,male,Poland,Argentina,0,True,True,True,,11,214,1,statsbombpy,
3857275,2022-11-30,43,FIFA World Cup,106,2022,male,Tunisia,France,1,True,True,True,,11,254,1,statsbombpy,
3857255,2022-12-01,43,FIFA World Cup,106,2022,male,Japan,Spain,1,True,True,True,,11,138,1,statsbombpy,
3857276,2022-12-01,43,FIFA World Cup,106,2022,male,Canada,Morocco,0,True,False,False,insufficient_rolling_history,11,388,1,statsbombpy,
3857292,2022-12-01,43,FIFA World Cup,106,2022,male,Costa Rica,Germany,0,True,True,True,,11,213,1,statsbombpy,
3857296,2022-12-01,43,FIFA World Cup,106,2022,male,Croatia,Belgium,0,True,True,True,,11,473,1,statsbombpy,
3857256,2022-12-02,43,FIFA World Cup,106,2022,male,Serbia,Switzerland,0,True,True,True,,11,336,1,statsbombpy,
3857262,2022-12-02,43,FIFA World Cup,106,2022,male,South Korea,Portugal,1,True,True,True,,11,282,1,statsbombpy,
3857280,2022-12-02,43,FIFA World Cup,106,2022,male,Cameroon,Brazil,1,True,False,False,insufficient_rolling_history,11,215,1,statsbombpy,
3857293,2022-12-02,43,FIFA World Cup,106,2022,male,Ghana,Uruguay,0,True,False,False,insufficient_rolling_history,11,323,1,statsbombpy,
3869117,2022-12-03,43,FIFA World Cup,106,2022,male,Netherlands,United States,1,True,True,True,,11,278,1,statsbombpy,
3869151,2022-12-03,43,FIFA World Cup,106,2022,male,Argentina,Australia,1,True,True,True,,11,569,1,statsbombpy,
3869118,2022-12-04,43,FIFA World Cup,106,2022,male,England,Senegal,1,True,True,True,,11,474,1,statsbombpy,
3869152,2022-12-04,43,FIFA World Cup,106,2022,male,France,Poland,1,True,True,True,,11,445,1,statsbombpy,
3869219,2022-12-05,43,FIFA World Cup,106,2022,male,Japan,Croatia,0,True,True,True,,11,349,1,statsbombpy,
3869253,2022-12-05,43,FIFA World Cup,106,2022,male,Brazil,South Korea,1,True,True,True,,11,471,1,statsbombpy,
3869220,2022-12-06,43,FIFA World Cup,106,2022,male,Morocco,Spain,0,True,True,True,,11,206,1,statsbombpy,
3869254,2022-12-06,43,FIFA World Cup,106,2022,male,Portugal,Switzerland,1,True,True,True,,11,337,1,statsbombpy,
3869321,2022-12-09,43,FIFA World Cup,106,2022,male,Netherlands,Argentina,0,True,True,True,,11,457,1,statsbombpy,
3869420,2022-12-09,43,FIFA World Cup,106,2022,male,Croatia,Brazil,0,True,True,True,,11,572,1,statsbombpy,
3869354,2022-12-10,43,FIFA World Cup,106,2022,male,England,France,0,True,True,True,,11,447,1,statsbombpy,
3869486,2022-12-10,43,FIFA World Cup,106,2022,male,Morocco,Portugal,1,True,True,True,,11,155,1,statsbombpy,
3869519,2022-12-13,43,FIFA World Cup,106,2022,male,Argentina,Croatia,1,True,True,True,,11,297,1,statsbombpy,
3869552,2022-12-14,43,FIFA World Cup,106,2022,male,France,Morocco,1,True,True,True,,11,291,1,statsbombpy,
3869684,2022-12-17,43,FIFA World Cup,106,2022,male,Croatia,Morocco,1,True,True,True,,11,386,1,statsbombpy,
3869685,2022-12-18,43,FIFA World Cup,106,2022,male,Argentina,France,0,True,True,True,,11,471,1,statsbombpy,
3837818,2023-01-11,7,Ligue 1,235,2022/2023,male,Paris Saint-Germain,Angers,1,True,True,True,,11,756,1,statsbombpy,
3837827,2023-01-15,7,Ligue 1,235,2022/2023,male,Rennes,Paris Saint-Germain,1,True,True,True,,11,301,1,statsbombpy,
3837839,2023-01-29,7,Ligue 1,235,2022/2023,male,Paris Saint-Germain,Stade de Reims,0,True,True,True,,11,572,1,statsbombpy,
3837844,2023-02-01,7,Ligue 1,235,2022/2023,male,Montpellier,Paris Saint-Germain,0,True,True,True,,11,221,1,statsbombpy,
3837859,2023-02-04,7,Ligue 1,235,2022/2023,male,Paris Saint-Germain,Toulouse,1,True,True,True,,11,519,1,statsbombpy,
3837876,2023-02-19,7,Ligue 1,235,2022/2023,male,Paris Saint-Germain,Lille,1,True,True,True,,11,325,1,statsbombpy,
3837885,2023-02-26,7,Ligue 1,235,2022/2023,male,Olympique de Marseille,Paris Saint-Germain,0,True,True,True,,11,343,1,statsbombpy,
3837896,2023-03-04,7,Ligue 1,235,2022/2023,male,Paris Saint-Germain,Nantes,1,True,True,True,,11,677,1,statsbombpy,
3837902,2023-03-11,7,Ligue 1,235,2022/2023,male,Stade Brestois,Paris Saint-Germain,0,True,False,False,insufficient_rolling_history,11,313,1,statsbombpy,
3837918,2023-03-19,7,Ligue 1,235,2022/2023,male,Paris Saint-Germain,Rennes,0,True,True,True,,11,524,1,statsbombpy,
3881483,2023-03-25,49,NWSL,107,2023,female,North Carolina Courage,KC Current,1,True,False,False,insufficient_rolling_history,11,388,1,statsbombpy,
3881484,2023-03-26,49,NWSL,107,2023,female,San Diego Wave,Chicago Red Stars,1,True,False,False,insufficient_rolling_history,11,263,1,statsbombpy,
3881485,2023-03-26,49,NWSL,107,2023,female,Washington Spirit,Seattle Reign,1,True,False,False,insufficient_rolling_history,11,172,1,statsbombpy,
3881486,2023-03-26,49,NWSL,107,2023,female,Portland Thorns,Orlando Pride,1,True,True,True,,11,310,1,statsbombpy,
3881487,2023-03-27,49,NWSL,107,2023,female,Houston Dash,Racing Louisville FC,0,True,False,False,insufficient_rolling_history,11,251,1,statsbombpy,
3881488,2023-03-27,49,NWSL,107,2023,female,Angel City,NJ/NY Gotham FC,0,True,False,False,insufficient_rolling_history,11,323,1,statsbombpy,
3881489,2023-04-01,49,NWSL,107,2023,female,KC Current,Portland Thorns,0,True,False,False,insufficient_rolling_history,11,218,1,statsbombpy,
3881490,2023-04-01,49,NWSL,107,2023,female,Chicago Red Stars,Houston Dash,0,True,True,True,,11,280,1,statsbombpy,
3881491,2023-04-01,49,NWSL,107,2023,female,Racing Louisville FC,Washington Spirit,0,True,False,False,insufficient_rolling_history,11,267,1,statsbombpy,
3837928,2023-04-02,7,Ligue 1,235,2022/2023,male,Paris Saint-Germain,Lyon,0,True,True,True,,11,550,1,statsbombpy,
3881492,2023-04-02,49,NWSL,107,2023,female,NJ/NY Gotham FC,Seattle Reign,0,True,False,False,insufficient_rolling_history,11,265,1,statsbombpy,
3881493,2023-04-02,49,NWSL,107,2023,female,San Diego Wave,North Carolina Courage,1,True,False,False,insufficient_rolling_history,11,241,1,statsbombpy,
3881494,2023-04-02,49,NWSL,107,2023,female,Orlando Pride,Angel City,0,True,False,False,insufficient_rolling_history,11,238,1,statsbombpy,
3837938,2023-04-08,7,Ligue 1,235,2022/2023,male,OGC Nice,Paris Saint-Germain,0,True,True,True,,11,456,1,statsbombpy,
3837947,2023-04-15,7,Ligue 1,235,2022/2023,male,Paris Saint-Germain,Lens,1,True,False,False,insufficient_rolling_history,11,676,1,statsbombpy,
3881495,2023-04-15,49,NWSL,107,2023,female,Portland Thorns,Houston Dash,0,True,True,True,,11,301,1,statsbombpy,
3881496,2023-04-16,49,NWSL,107,2023,female,North Carolina Courage,Washington Spirit,0,True,True,True,,11,426,1,statsbombpy,
3881497,2023-04-16,49,NWSL,107,2023,female,Orlando Pride,NJ/NY Gotham FC,0,True,True,True,,11,209,1,statsbombpy,
3881498,2023-04-16,49,NWSL,107,2023,female,Chicago Red Stars,KC Current,1,True,False,False,insufficient_rolling_history,11,257,1,statsbombpy,
3881499,2023-04-16,49,NWSL,107,2023,female,Angel City,Racing Louisville FC,0,True,False,False,insufficient_rolling_history,11,289,1,statsbombpy,
3881500,2023-04-16,49,NWSL,107,2023,female,Seattle Reign,San Diego Wave,1,True,False,False,insufficient_rolling_history,11,380,1,statsbombpy,
3837954,2023-04-21,7,Ligue 1,235,2022/2023,male,Angers,Paris Saint-Germain,0,True,True,True,,11,370,1,statsbombpy,
3881502,2023-04-22,49,NWSL,107,2023,female,Seattle Reign,Chicago Red Stars,1,True,True,True,,11,392,1,statsbombpy,
3881501,2023-04-23,49,NWSL,107,2023,female,KC Current,Orlando Pride,1,True,True,True,,11,311,1,statsbombpy,
3881503,2023-04-23,49,NWSL,107,2023,female,NJ/NY Gotham FC,North Carolina Courage,1,True,True,True,,11,279,1,statsbombpy,
3881504,2023-04-23,49,NWSL,107,2023,female,Portland Thorns,Racing Louisville FC,1,True,True,True,,11,255,1,statsbombpy,
3881505,2023-04-23,49,NWSL,107,2023,female,Washington Spirit,Houston Dash,0,True,True,True,,11,270,1,statsbombpy,
3881506,2023-04-24,49,NWSL,107,2023,female,Angel City,San Diego Wave,0,True,True,True,,11,251,1,statsbombpy,
3881507,2023-04-29,49,NWSL,107,2023,female,Houston Dash,North Carolina Courage,0,True,True,True,,11,163,1,statsbombpy,
3837963,2023-04-30,7,Ligue 1,235,2022/2023,male,Paris Saint-Germain,Lorient,0,True,True,True,,11,483,1,statsbombpy,
3881508,2023-04-30,49,NWSL,107,2023,female,Racing Louisville FC,Seattle Reign,0,True,True,True,,11,244,1,statsbombpy,
3881509,2023-04-30,49,NWSL,107,2023,female,Portland Thorns,Angel City,0,True,True,True,,11,348,1,statsbombpy,
3881510,2023-04-30,49,NWSL,107,2023,female,San Diego Wave,Orlando Pride,0,True,True,True,,11,364,1,statsbombpy,
3881511,2023-04-30,49,NWSL,107,2023,female,Chicago Red Stars,Washington Spirit,0,True,True,True,,11,228,1,statsbombpy,
3881512,2023-04-30,49,NWSL,107,2023,female,KC Current,NJ/NY Gotham FC,1,True,True,True,,11,234,1,statsbombpy,
3881513,2023-05-06,49,NWSL,107,2023,female,Washington Spirit,San Diego Wave,1,True,True,True,,11,229,1,statsbombpy,
3881514,2023-05-07,49,NWSL,107,2023,female,Seattle Reign,Houston Dash,1,True,True,True,,11,296,1,statsbombpy,
3881515,2023-05-07,49,NWSL,107,2023,female,Orlando Pride,Racing Louisville FC,1,True,True,True,,11,305,1,statsbombpy,
3881516,2023-05-07,49,NWSL,107,2023,female,North Carolina Courage,Portland Thorns,0,True,True,True,,11,343,1,statsbombpy,
3881517,2023-05-08,49,NWSL,107,2023,female,Angel City,KC Current,1,True,True,True,,11,282,1,statsbombpy,
3881518,2023-05-08,49,NWSL,107,2023,female,Chicago Red Stars,NJ/NY Gotham FC,0,True,True,True,,11,315,1,statsbombpy,
3837987,2023-05-13,7,Ligue 1,235,2022/2023,male,Paris Saint-Germain,AC Ajaccio,1,True,False,False,insufficient_rolling_history,11,596,1,statsbombpy,
3881519,2023-05-13,49,NWSL,107,2023,female,Houston Dash,Portland Thorns,1,True,True,True,,11,207,1,statsbombpy,
3881520,2023-05-13,49,NWSL,107,2023,female,Racing Louisville FC,Chicago Red Stars,1,True,True,True,,11,290,1,statsbombpy,
3881521,2023-05-14,49,NWSL,107,2023,female,North Carolina Courage,Seattle Reign,1,True,True,True,,11,459,1,statsbombpy,
3881522,2023-05-14,49,NWSL,107,2023,female,Angel City,Washington Spirit,0,True,True,True,,11,251,1,statsbombpy,
3881524,2023-05-14,49,NWSL,107,2023,female,KC Current,San Diego Wave,0,True,True,True,,11,295,1,statsbombpy,
3881523,2023-05-15,49,NWSL,107,2023,female,NJ/NY Gotham FC,Orlando Pride,0,True,True,True,,11,323,1,statsbombpy,
3837998,2023-05-21,7,Ligue 1,235,2022/2023,male,Auxerre,Paris Saint-Germain,0,True,False,False,insufficient_rolling_history,11,386,1,statsbombpy,
3881526,2023-05-21,49,NWSL,107,2023,female,North Carolina Courage,Angel City,0,True,True,True,,11,446,1,statsbombpy,
3881527,2023-05-21,49,NWSL,107,2023,female,Orlando Pride,Washington Spirit,1,True,True,True,,11,230,1,statsbombpy,
3881528,2023-05-21,49,NWSL,107,2023,female,KC Current,Racing Louisville FC,0,True,True,True,,11,305,1,statsbombpy,
3881529,2023-05-21,49,NWSL,107,2023,female,Houston Dash,San Diego Wave,0,True,True,True,,11,242,1,statsbombpy,
3881525,2023-05-22,49,NWSL,107,2023,female,Portland Thorns,Chicago Red Stars,1,True,True,True,,11,306,1,statsbombpy,
3881530,2023-05-22,49,NWSL,107,2023,female,Seattle Reign,NJ/NY Gotham FC,0,True,True,True,,11,339,1,statsbombpy,
3838004,2023-05-27,7,Ligue 1,235,2022/2023,male,Strasbourg,Paris Saint-Germain,0,True,False,False,insufficient_rolling_history,11,319,1,statsbombpy,
3881531,2023-05-27,49,NWSL,107,2023,female,KC Current,Houston Dash,0,True,True,True,,11,250,1,statsbombpy,
3881532,2023-05-27,49,NWSL,107,2023,female,San Diego Wave,Portland Thorns,0,True,True,True,,11,215,1,statsbombpy,
3881533,2023-05-27,49,NWSL,107,2023,female,Seattle Reign,Angel City,1,True,True,True,,11,244,1,statsbombpy,
3881534,2023-05-28,49,NWSL,107,2023,female,Chicago Red Stars,Orlando Pride,1,True,True,True,,11,332,1,statsbombpy,
3881535,2023-05-28,49,NWSL,107,2023,female,Racing Louisville FC,North Carolina Courage,0,True,True,True,,11,255,1,statsbombpy,
3881536,2023-05-29,49,NWSL,107,2023,female,Washington Spirit,NJ/NY Gotham FC,0,True,True,True,,11,171,1,statsbombpy,
3838017,2023-06-03,7,Ligue 1,235,2022/2023,male,Paris Saint-Germain,Clermont Foot,0,True,False,False,insufficient_rolling_history,11,442,1,statsbombpy,
3881537,2023-06-04,49,NWSL,107,2023,female,Washington Spirit,Racing Louisville FC,0,True,True,True,,11,303,1,statsbombpy,
3881538,2023-06-04,49,NWSL,107,2023,female,Seattle Reign,Portland Thorns,0,True,True,True,,11,276,1,statsbombpy,
3881540,2023-06-04,49,NWSL,107,2023,female,KC Current,North Carolina Courage,1,True,True,True,,11,206,1,statsbombpy,
3881541,2023-06-04,49,NWSL,107,2023,female,Houston Dash,Orlando Pride,1,True,True,True,,11,210,1,statsbombpy,
3881539,2023-06-05,49,NWSL,107,2023,female,NJ/NY Gotham FC,San Diego Wave,0,True,True,True,,11,349,1,statsbombpy,
3881542,2023-06-06,49,NWSL,107,2023,female,Angel City,Chicago Red Stars,0,True,True,True,,11,312,1,statsbombpy,
3881544,2023-06-10,49,NWSL,107,2023,female,Racing Louisville FC,San Diego Wave,0,True,True,True,,11,478,1,statsbombpy,
3881543,2023-06-11,49,NWSL,107,2023,female,Chicago Red Stars,North Carolina Courage,0,True,True,True,,11,298,1,statsbombpy,
3881545,2023-06-11,49,NWSL,107,2023,female,Seattle Reign,KC Current,1,True,True,True,,11,318,1,statsbombpy,
3881546,2023-06-11,49,NWSL,107,2023,female,Washington Spirit,Angel City,1,True,True,True,,11,186,1,statsbombpy,
3881547,2023-06-12,49,NWSL,107,2023,female,Orlando Pride,Portland Thorns,1,True,True,True,,11,220,1,statsbombpy,
3881548,2023-06-12,49,NWSL,107,2023,female,Houston Dash,NJ/NY Gotham FC,0,True,True,True,,11,247,1,statsbombpy,
3881549,2023-06-17,49,NWSL,107,2023,female,San Diego Wave,Angel City,0,True,True,True,,11,282,1,statsbombpy,
3881550,2023-06-18,49,NWSL,107,2023,female,Racing Louisville FC,NJ/NY Gotham FC,1,True,True,True,,11,227,1,statsbombpy,
3881551,2023-06-18,49,NWSL,107,2023,female,North Carolina Courage,Orlando Pride,1,True,True,True,,11,495,1,statsbombpy,
3881552,2023-06-18,49,NWSL,107,2023,female,Houston Dash,Seattle Reign,0,True,True,True,,11,332,1,statsbombpy,
3881553,2023-06-18,49,NWSL,107,2023,female,KC Current,Washington Spirit,0,True,True,True,,11,271,1,statsbombpy,
3881554,2023-06-19,49,NWSL,107,2023,female,Chicago Red Stars,Portland Thorns,0,True,True,True,,11,251,1,statsbombpy,
3881555,2023-06-24,49,NWSL,107,2023,female,Portland Thorns,Washington Spirit,1,True,True,True,,11,252,1,statsbombpy,
3881558,2023-06-24,49,NWSL,107,2023,female,Orlando Pride,KC Current,0,True,True,True,,11,335,1,statsbombpy,
3881556,2023-06-25,49,NWSL,107,2023,female,San Diego Wave,Seattle Reign,0,True,True,True,,11,349,1,statsbombpy,
3881557,2023-06-25,49,NWSL,107,2023,female,North Carolina Courage,Racing Louisville FC,1,True,True,True,,11,414,1,statsbombpy,
3881559,2023-06-26,49,NWSL,107,2023,female,NJ/NY Gotham FC,Chicago Red Stars,1,True,True,True,,11,371,1,statsbombpy,
3881560,2023-06-26,49,NWSL,107,2023,female,Angel City,Houston Dash,0,True,True,True,,11,271,1,statsbombpy,
3881561,2023-07-01,49,NWSL,107,2023,female,Seattle Reign,Racing Louisville FC,0,True,True,True,,11,211,1,statsbombpy,
3881563,2023-07-02,49,NWSL,107,2023,female,Portland Thorns,KC Current,0,True,True,True,,11,372,1,statsbombpy,
3881564,2023-07-02,49,NWSL,107,2023,female,Chicago Red Stars,San Diego Wave,1,True,True,True,,11,206,1,statsbombpy,
3881565,2023-07-02,49,NWSL,107,2023,female,North Carolina Courage,Houston Dash,1,True,True,True,,11,444,1,statsbombpy,
3881566,2023-07-02,49,NWSL,107,2023,female,Washington Spirit,Orlando Pride,0,True,True,True,,11,270,1,statsbombpy,
3881562,2023-07-03,49,NWSL,107,2023,female,NJ/NY Gotham FC,Angel City,0,True,True,True,,11,232,1,statsbombpy,
3881567,2023-07-08,49,NWSL,107,2023,female,Houston Dash,Chicago Red Stars,0,True,True,True,,11,282,1,statsbombpy,
3881568,2023-07-08,49,NWSL,107,2023,female,Racing Louisville FC,KC Current,1,True,True,True,,11,338,1,statsbombpy,
3881569,2023-07-08,49,NWSL,107,2023,female,Orlando Pride,Seattle Reign,1,True,True,True,,11,235,1,statsbombpy,
3881571,2023-07-09,49,NWSL,107,2023,female,San Diego Wave,Washington Spirit,0,True,True,True,,11,183,1,statsbombpy,
3881570,2023-07-10,49,NWSL,107,2023,female,NJ/NY Gotham FC,Portland Thorns,1,True,True,True,,11,301,1,statsbombpy,
3881572,2023-07-10,49,NWSL,107,2023,female,Angel City,North Carolina Courage,1,True,True,True,,11,267,1,statsbombpy,
3893787,2023-07-20,72,Women's World Cup,107,2023,female,New Zealand Women's,Norway Women's,1,True,True,True,,11,258,1,statsbombpy,
3893788,2023-07-20,72,Women's World Cup,107,2023,female,Australia Women's,Republic of Ireland Women's,1,True,False,False,insufficient_rolling_history,11,379,1,statsbombpy,
3893789,2023-07-21,72,Women's World Cup,107,2023,female,Philippines Women's,Switzerland Women's,0,True,False,False,insufficient_rolling_history,11,176,1,statsbombpy,
3893790,2023-07-21,72,Women's World Cup,107,2023,female,Nigeria Women's,Canada Women's,0,True,True,True,,11,130,1,statsbombpy,
3893791,2023-07-21,72,Women's World Cup,107,2023,female,Spain Women's,Costa Rica Women's,1,True,False,False,insufficient_rolling_history,11,469,1,statsbombpy,
3893792,2023-07-22,72,Women's World Cup,107,2023,female,United States Women's,Vietnam Women's,1,True,False,False,insufficient_rolling_history,11,325,1,statsbombpy,
3893793,2023-07-22,72,Women's World Cup,107,2023,female,Zambia W,Japan Women's,0,True,False,False,insufficient_rolling_history,11,281,1,statsbombpy,
3893794,2023-07-22,72,Women's World Cup,107,2023,female,England Women's,Haiti Women's,1,True,False,False,insufficient_rolling_history,11,555,1,statsbombpy,
3893795,2023-07-22,72,Women's World Cup,107,2023,female,Denmark Women's,China PR Women's,1,True,False,False,insufficient_rolling_history,11,379,1,statsbombpy,
3893796,2023-07-23,72,Women's World Cup,107,2023,female,Sweden Women's,South Africa Women's,1,True,True,True,,11,411,1,statsbombpy,
3893797,2023-07-23,72,Women's World Cup,107,2023,female,Netherlands Women's,Portugal Women's,1,True,False,False,insufficient_rolling_history,11,327,1,statsbombpy,
3893798,2023-07-23,72,Women's World Cup,107,2023,female,France Women's,Jamaica Women's,0,True,True,True,,11,373,1,statsbombpy,
3893799,2023-07-24,72,Women's World Cup,107,2023,female,Germany Women's,Morocco Women's,1,True,False,False,insufficient_rolling_history,11,534,1,statsbombpy,
3893800,2023-07-24,72,Women's World Cup,107,2023,female,Italy Women's,Argentina Women's,1,True,True,True,,11,292,1,statsbombpy,
3893801,2023-07-24,72,Women's World Cup,107,2023,female,Brazil Women's,Panama Women's,1,True,False,False,insufficient_rolling_history,11,440,1,statsbombpy,
3893802,2023-07-25,72,Women's World Cup,107,2023,female,Colombia Women's,Korea Republic Women's,1,True,False,False,insufficient_rolling_history,11,268,1,statsbombpy,
3893803,2023-07-25,72,Women's World Cup,107,2023,female,New Zealand Women's,Philippines Women's,0,True,False,False,insufficient_rolling_history,11,348,1,statsbombpy,
3893804,2023-07-25,72,Women's World Cup,107,2023,female,Switzerland Women's,Norway Women's,0,True,False,False,insufficient_rolling_history,11,386,1,statsbombpy,
3893805,2023-07-26,72,Women's World Cup,107,2023,female,Japan Women's,Costa Rica Women's,1,True,False,False,insufficient_rolling_history,11,383,1,statsbombpy,
3893806,2023-07-26,72,Women's World Cup,107,2023,female,Spain Women's,Zambia W,1,True,False,False,insufficient_rolling_history,11,492,1,statsbombpy,
3893807,2023-07-26,72,Women's World Cup,107,2023,female,Canada Women's,Republic of Ireland Women's,1,True,False,False,insufficient_rolling_history,11,350,1,statsbombpy,
3893808,2023-07-27,72,Women's World Cup,107,2023,female,United States Women's,Netherlands Women's,0,True,True,True,,11,255,1,statsbombpy,
3893809,2023-07-27,72,Women's World Cup,107,2023,female,Australia Women's,Nigeria Women's,0,True,True,True,,11,367,1,statsbombpy,
3893810,2023-07-27,72,Women's World Cup,107,2023,female,Portugal Women's,Vietnam Women's,1,True,False,False,insufficient_rolling_history,11,461,1,statsbombpy,
3893811,2023-07-28,72,Women's World Cup,107,2023,female,England Women's,Denmark Women's,1,True,False,False,insufficient_rolling_history,11,488,1,statsbombpy,
3893812,2023-07-28,72,Women's World Cup,107,2023,female,Argentina Women's,South Africa Women's,0,True,True,True,,11,335,1,statsbombpy,
3893813,2023-07-28,72,Women's World Cup,107,2023,female,China PR Women's,Haiti Women's,1,True,False,False,insufficient_rolling_history,11,297,1,statsbombpy,
3893814,2023-07-29,72,Women's World Cup,107,2023,female,Sweden Women's,Italy Women's,1,True,True,True,,11,283,1,statsbombpy,
3893815,2023-07-29,72,Women's World Cup,107,2023,female,France Women's,Brazil Women's,1,True,True,True,,11,298,1,statsbombpy,
3893816,2023-07-29,72,Women's World Cup,107,2023,female,Panama Women's,Jamaica Women's,0,True,False,False,insufficient_rolling_history,11,227,1,statsbombpy,
3893817,2023-07-30,72,Women's World Cup,107,2023,female,Switzerland Women's,New Zealand Women's,0,True,False,False,insufficient_rolling_history,11,386,1,statsbombpy,
3893818,2023-07-30,72,Women's World Cup,107,2023,female,Germany Women's,Colombia Women's,0,True,False,False,insufficient_rolling_history,11,422,1,statsbombpy,
3893819,2023-07-30,72,Women's World Cup,107,2023,female,Korea Republic Women's,Morocco Women's,0,True,False,False,insufficient_rolling_history,11,336,1,statsbombpy,
3893820,2023-07-30,72,Women's World Cup,107,2023,female,Norway Women's,Philippines Women's,1,True,False,False,insufficient_rolling_history,11,429,1,statsbombpy,
3893821,2023-07-31,72,Women's World Cup,107,2023,female,Canada Women's,Australia Women's,0,True,True,True,,11,293,1,statsbombpy,
3893822,2023-07-31,72,Women's World Cup,107,2023,female,Japan Women's,Spain Women's,1,True,True,True,,11,114,1,statsbombpy,
3893823,2023-07-31,72,Women's World Cup,107,2023,female,Costa Rica Women's,Zambia W,0,True,False,False,insufficient_rolling_history,11,291,1,statsbombpy,
3893824,2023-07-31,72,Women's World Cup,107,2023,female,Republic of Ireland Women's,Nigeria Women's,0,True,False,False,insufficient_rolling_history,11,454,1,statsbombpy,
3893825,2023-08-01,72,Women's World Cup,107,2023,female,Haiti Women's,Denmark Women's,0,True,False,False,insufficient_rolling_history,11,166,1,statsbombpy,
3893826,2023-08-01,72,Women's World Cup,107,2023,female,Portugal Women's,United States Women's,0,True,False,False,insufficient_rolling_history,11,274,1,statsbombpy,
3893827,2023-08-01,72,Women's World Cup,107,2023,female,Vietnam Women's,Netherlands Women's,0,True,False,False,insufficient_rolling_history,11,166,1,statsbombpy,
3893828,2023-08-01,72,Women's World Cup,107,2023,female,China PR Women's,England Women's,0,True,True,True,,11,173,1,statsbombpy,
3893829,2023-08-02,72,Women's World Cup,107,2023,female,Panama Women's,France Women's,0,True,False,False,insufficient_rolling_history,11,87,1,statsbombpy,
3893830,2023-08-02,72,Women's World Cup,107,2023,female,Argentina Women's,Sweden Women's,0,True,True,True,,11,200,1,statsbombpy,
3893831,2023-08-02,72,Women's World Cup,107,2023,female,South Africa Women's,Italy Women's,1,True,True,True,,11,169,1,statsbombpy,
3893832,2023-08-02,72,Women's World Cup,107,2023,female,Jamaica Women's,Brazil Women's,0,True,True,True,,11,121,1,statsbombpy,
3893833,2023-08-03,72,Women's World Cup,107,2023,female,Korea Republic Women's,Germany Women's,0,True,True,True,,11,141,1,statsbombpy,
3893834,2023-08-03,72,Women's World Cup,107,2023,female,Morocco Women's,Colombia Women's,1,True,False,False,insufficient_rolling_history,11,204,1,statsbombpy,
3901733,2023-08-05,72,Women's World Cup,107,2023,female,Switzerland Women's,Spain Women's,0,True,True,True,,11,169,1,statsbombpy,
3901734,2023-08-05,72,Women's World Cup,107,2023,female,Japan Women's,Norway Women's,1,True,True,True,,11,518,1,statsbombpy,
3901796,2023-08-06,72,Women's World Cup,107,2023,female,Netherlands Women's,South Africa Women's,1,True,True,True,,11,553,1,statsbombpy,
3901797,2023-08-06,72,Women's World Cup,107,2023,female,Sweden Women's,United States Women's,0,True,True,True,,11,297,1,statsbombpy,
3901735,2023-08-07,72,Women's World Cup,107,2023,female,England Women's,Nigeria Women's,0,True,True,True,,11,403,1,statsbombpy,
3901736,2023-08-07,72,Women's World Cup,107,2023,female,Australia Women's,Denmark Women's,1,True,True,True,,11,277,1,statsbombpy,
3901832,2023-08-08,72,Women's World Cup,107,2023,female,Colombia Women's,Jamaica Women's,1,True,True,True,,11,242,1,statsbombpy,
3901833,2023-08-08,72,Women's World Cup,107,2023,female,France Women's,Morocco Women's,1,True,True,True,,11,562,1,statsbombpy,
3902239,2023-08-11,72,Women's World Cup,107,2023,female,Japan Women's,Sweden Women's,0,True,True,True,,11,346,1,statsbombpy,
3902240,2023-08-11,72,Women's World Cup,107,2023,female,Spain Women's,Netherlands Women's,1,True,True,True,,11,430,1,statsbombpy,
3902967,2023-08-12,72,Women's World Cup,107,2023,female,England Women's,Colombia Women's,1,True,True,True,,11,441,1,statsbombpy,
3902968,2023-08-12,72,Women's World Cup,107,2023,female,Australia Women's,France Women's,0,True,True,True,,11,310,1,statsbombpy,
3904628,2023-08-15,72,Women's World Cup,107,2023,female,Spain Women's,Sweden Women's,1,True,True,True,,11,397,1,statsbombpy,
3904629,2023-08-16,72,Women's World Cup,107,2023,female,Australia Women's,England Women's,0,True,True,True,,11,265,1,statsbombpy,
3881573,2023-08-19,49,NWSL,107,2023,female,KC Current,Seattle Reign,1,True,True,True,,11,411,1,statsbombpy,
3895052,2023-08-19,9,1. Bundesliga,281,2023/2024,male,Bayer Leverkusen,RB Leipzig,1,True,False,False,insufficient_rolling_history,11,366,1,statsbombpy,
3906389,2023-08-19,72,Women's World Cup,107,2023,female,Sweden Women's,Australia Women's,1,True,True,True,,11,333,1,statsbombpy,
3881574,2023-08-20,49,NWSL,107,2023,female,San Diego Wave,NJ/NY Gotham FC,1,True,True,True,,11,158,1,statsbombpy,
3881575,2023-08-20,49,NWSL,107,2023,female,Houston Dash,Washington Spirit,0,True,True,True,,11,357,1,statsbombpy,
3881576,2023-08-20,49,NWSL,107,2023,female,Racing Louisville FC,Angel City,0,True,True,True,,11,255,1,statsbombpy,
3906390,2023-08-20,72,Women's World Cup,107,2023,female,Spain Women's,England Women's,1,True,True,True,,11,386,1,statsbombpy,
3881577,2023-08-21,49,NWSL,107,2023,female,Orlando Pride,Chicago Red Stars,1,True,True,True,,11,282,1,statsbombpy,
3881578,2023-08-21,49,NWSL,107,2023,female,Portland Thorns,North Carolina Courage,1,True,True,True,,11,287,1,statsbombpy,
3881579,2023-08-26,49,NWSL,107,2023,female,Orlando Pride,San Diego Wave,0,True,True,True,,11,302,1,statsbombpy,
3895060,2023-08-26,9,1. Bundesliga,281,2023/2024,male,Borussia Mönchengladbach,Bayer Leverkusen,0,True,False,False,insufficient_rolling_history,11,344,1,statsbombpy,
3877060,2023-08-27,44,Major League Soccer,107,2023,male,New York Red Bulls,Inter Miami,0,True,False,False,insufficient_rolling_history,11,336,1,statsbombpy,
3881582,2023-08-27,49,NWSL,107,2023,female,North Carolina Courage,Chicago Red Stars,0,True,True,True,,11,347,1,statsbombpy,
3881583,2023-08-27,49,NWSL,107,2023,female,Houston Dash,KC Current,0,True,True,True,,11,260,1,statsbombpy,
3881580,2023-08-28,49,NWSL,107,2023,female,Washington Spirit,Portland Thorns,0,True,True,True,,11,348,1,statsbombpy,
3881581,2023-08-28,49,NWSL,107,2023,female,NJ/NY Gotham FC,Racing Louisville FC,0,True,True,True,,11,356,1,statsbombpy,
3881584,2023-08-28,49,NWSL,107,2023,female,Angel City,Seattle Reign,1,True,True,True,,11,226,1,statsbombpy,
3877072,2023-08-31,44,Major League Soccer,107,2023,male,Inter Miami,Nashville SC,0,True,False,False,insufficient_rolling_history,11,574,1,statsbombpy,
3881585,2023-09-02,49,NWSL,107,2023,female,KC Current,Angel City,0,True,True,True,,11,294,1,statsbombpy,
3895067,2023-09-02,9,1. Bundesliga,281,2023/2024,male,Bayer Leverkusen,Darmstadt 98,1,True,False,False,insufficient_rolling_history,11,618,1,statsbombpy,
3881586,2023-09-03,49,NWSL,107,2023,female,Racing Louisville FC,Portland Thorns,1,True,True,True,,11,293,1,statsbombpy,
3881588,2023-09-03,49,NWSL,107,2023,female,North Carolina Courage,NJ/NY Gotham FC,0,True,True,True,,11,384,1,statsbombpy,
3877090,2023-09-04,44,Major League Soccer,107,2023,male,LAFC,Inter Miami,0,True,False,False,insufficient_rolling_history,11,260,1,statsbombpy,
3881587,2023-09-04,49,NWSL,107,2023,female,Washington Spirit,Chicago Red Stars,0,True,True,True,,11,294,1,statsbombpy,
3881589,2023-09-04,49,NWSL,107,2023,female,San Diego Wave,Houston Dash,1,True,True,True,,11,390,1,statsbombpy,
3881590,2023-09-04,49,NWSL,107,2023,female,Seattle Reign,Orlando Pride,1,True,True,True,,11,329,1,statsbombpy,
3895074,2023-09-15,9,1. Bundesliga,281,2023/2024,male,Bayern Munich,Bayer Leverkusen,0,True,False,False,insufficient_rolling_history,11,460,1,statsbombpy,
3910730,2023-09-15,135,Frauen Bundesliga,281,2023/2024,female,SC Freiburg,Bayern München W,0,True,False,False,insufficient_rolling_history,11,297,1,statsbombpy,
3910744,2023-09-15,182,Liga F,281,2023/2024,female,Valencia CF,Real Madrid CF W,0,True,False,False,insufficient_rolling_history,11,216,1,statsbombpy,
3881591,2023-09-16,49,NWSL,107,2023,female,Racing Louisville FC,Houston Dash,0,True,True,True,,11,293,1,statsbombpy,
3910621,2023-09-16,131,Serie A Women,281,2023/2024,female,Fiorentina W,Sassuolo W,1,True,False,False,insufficient_rolling_history,11,298,1,statsbombpy,
3910623,2023-09-16,131,Serie A Women,281,2023/2024,female,Pomigliano,Juventus W,0,True,False,False,insufficient_rolling_history,11,165,1,statsbombpy,
3910731,2023-09-16,135,Frauen Bundesliga,281,2023/2024,female,Hoffenheim W,Duisburg WFC,1,True,False,False,insufficient_rolling_history,11,364,1,statsbombpy,
3910732,2023-09-16,135,Frauen Bundesliga,281,2023/2024,female,Nürnberg W,SV Werder Bremen,0,True,False,False,insufficient_rolling_history,11,188,1,statsbombpy,
3910745,2023-09-16,182,Liga F,281,2023/2024,female,Real Betis Balompié,Villarreal,1,True,False,False,insufficient_rolling_history,11,252,1,statsbombpy,
3910746,2023-09-16,182,Liga F,281,2023/2024,female,Atletico Madrid W,Athletic Club Bilbao,1,True,False,False,insufficient_rolling_history,11,332,1,statsbombpy,
3910747,2023-09-16,182,Liga F,281,2023/2024,female,SD Eibar,FC Levante Badalona,0,True,False,False,insufficient_rolling_history,11,121,1,statsbombpy,
3910748,2023-09-16,182,Liga F,281,2023/2024,female,Madrid CFF,Barcelona WFC,0,True,False,False,insufficient_rolling_history,11,247,1,statsbombpy,
3881592,2023-09-17,49,NWSL,107,2023,female,San Diego Wave,KC Current,0,True,True,True,,11,347,1,statsbombpy,
3881593,2023-09-17,49,NWSL,107,2023,female,Portland Thorns,Seattle Reign,1,True,True,True,,11,366,1,statsbombpy,
3881594,2023-09-17,49,NWSL,107,2023,female,NJ/NY Gotham FC,Washington Spirit,1,True,True,True,,11,349,1,statsbombpy,
3910620,2023-09-17,131,Serie A Women,281,2023/2024,female,Como W,Napoli W,1,True,False,False,insufficient_rolling_history,11,281,1,statsbombpy,
3910622,2023-09-17,131,Serie A Women,281,2023/2024,female,AC Milan W,AS Roma W,0,True,False,False,insufficient_rolling_history,11,260,1,statsbombpy,
3910624,2023-09-17,131,Serie A Women,281,2023/2024,female,Sampdoria W,FC Internazionale Milano W,0,True,False,False,insufficient_rolling_history,11,184,1,statsbombpy,
3910733,2023-09-17,135,Frauen Bundesliga,281,2023/2024,female,Köln,RB Leipzig W,1,True,False,False,insufficient_rolling_history,11,248,1,statsbombpy,
3910734,2023-09-17,135,Frauen Bundesliga,281,2023/2024,female,VfL Wolfsburg WFC,TSV Bayer 04 Leverkusen,1,True,False,False,insufficient_rolling_history,11,366,1,statsbombpy,
3910735,2023-09-17,135,Frauen Bundesliga,281,2023/2024,female,SGS Essen 19/68,Eintracht Frankfurt W,1,True,False,False,insufficient_rolling_history,11,139,1,statsbombpy,
3910749,2023-09-17,182,Liga F,281,2023/2024,female,Costa Adeje Tenerife,CD Sporting de Huelva,1,True,False,False,insufficient_rolling_history,11,252,1,statsbombpy,
3910750,2023-09-17,182,Liga F,281,2023/2024,female,Granada W,Real Sociedad de Fútbol,1,True,False,False,insufficient_rolling_history,11,412,1,statsbombpy,
3910751,2023-09-17,182,Liga F,281,2023/2024,female,Levante UD Femenino,Sevilla FC,1,True,False,False,insufficient_rolling_history,11,379,1,statsbombpy,
3881595,2023-09-18,49,NWSL,107,2023,female,Orlando Pride,North Carolina Courage,1,True,True,True,,11,206,1,statsbombpy,
3881596,2023-09-18,49,NWSL,107,2023,female,Chicago Red Stars,Angel City,0,True,True,True,,11,277,1,statsbombpy,
3877115,2023-09-21,44,Major League Soccer,107,2023,male,Inter Miami,Toronto FC,1,True,False,False,insufficient_rolling_history,11,455,1,statsbombpy,
3895086,2023-09-24,9,1. Bundesliga,281,2023/2024,male,Bayer Leverkusen,FC Heidenheim,1,True,False,False,insufficient_rolling_history,11,700,1,statsbombpy,
3911755,2023-09-29,135,Frauen Bundesliga,281,2023/2024,female,RB Leipzig W,SGS Essen 19/68,1,True,False,False,insufficient_rolling_history,11,227,1,statsbombpy,
3881599,2023-09-30,49,NWSL,107,2023,female,Washington Spirit,KC Current,1,True,True,True,,11,248,1,statsbombpy,
3895095,2023-09-30,9,1. Bundesliga,281,2023/2024,male,FSV Mainz 05,Bayer Leverkusen,0,True,False,False,insufficient_rolling_history,11,342,1,statsbombpy,
3910931,2023-09-30,182,Liga F,281,2023/2024,female,Villarreal,Valencia CF,0,True,False,False,insufficient_rolling_history,11,194,1,statsbombpy,
3910932,2023-09-30,182,Liga F,281,2023/2024,female,Granada W,SD Eibar,0,True,False,False,insufficient_rolling_history,11,442,1,statsbombpy,
3910933,2023-09-30,182,Liga F,281,2023/2024,female,Sevilla FC,Madrid CFF,0,True,False,False,insufficient_rolling_history,11,210,1,statsbombpy,
3910934,2023-09-30,182,Liga F,281,2023/2024,female,Levante UD Femenino,Atletico Madrid W,0,True,False,False,insufficient_rolling_history,11,479,1,statsbombpy,
3911756,2023-09-30,135,Frauen Bundesliga,281,2023/2024,female,TSV Bayer 04 Leverkusen,Nürnberg W,1,True,False,False,insufficient_rolling_history,11,334,1,statsbombpy,
3911757,2023-09-30,135,Frauen Bundesliga,281,2023/2024,female,SV Werder Bremen,Hoffenheim W,0,True,False,False,insufficient_rolling_history,11,241,1,statsbombpy,
3911869,2023-09-30,131,Serie A Women,281,2023/2024,female,AS Roma W,Como W,1,True,False,False,insufficient_rolling_history,11,434,1,statsbombpy,
3881598,2023-10-01,49,NWSL,107,2023,female,Chicago Red Stars,Racing Louisville FC,1,True,True,True,,11,392,1,statsbombpy,
3881600,2023-10-01,49,NWSL,107,2023,female,Portland Thorns,San Diego Wave,0,True,True,True,,11,297,1,statsbombpy,
3910935,2023-10-01,182,Liga F,281,2023/2024,female,Real Sociedad de Fútbol,Real Betis Balompié,1,True,False,False,insufficient_rolling_history,11,527,1,statsbombpy,
3910936,2023-10-01,182,Liga F,281,2023/2024,female,CD Sporting de Huelva,Barcelona WFC,0,True,False,False,insufficient_rolling_history,11,99,1,statsbombpy,
3910937,2023-10-01,182,Liga F,281,2023/2024,female,Costa Adeje Tenerife,Real Madrid CF W,0,True,False,False,insufficient_rolling_history,11,167,1,statsbombpy,
3910938,2023-10-01,182,Liga F,281,2023/2024,female,FC Levante Badalona,Athletic Club Bilbao,1,True,False,False,insufficient_rolling_history,11,236,1,statsbombpy,
3911758,2023-10-01,135,Frauen Bundesliga,281,2023/2024,female,Duisburg WFC,SC Freiburg,0,True,False,False,insufficient_rolling_history,11,180,1,statsbombpy,
3911759,2023-10-01,135,Frauen Bundesliga,281,2023/2024,female,Eintracht Frankfurt W,VfL Wolfsburg WFC,0,True,False,False,insufficient_rolling_history,11,274,1,statsbombpy,
3911870,2023-10-01,131,Serie A Women,281,2023/2024,female,Napoli W,AC Milan W,0,True,False,False,insufficient_rolling_history,11,141,1,statsbombpy,
3911871,2023-10-01,131,Serie A Women,281,2023/2024,female,Sassuolo W,Pomigliano,0,True,False,False,insufficient_rolling_history,11,254,1,statsbombpy,
3911872,2023-10-01,131,Serie A Women,281,2023/2024,female,Juventus W,Sampdoria W,1,True,False,False,insufficient_rolling_history,11,397,1,statsbombpy,
3912592,2023-10-01,37,FA Women's Super League,281,2023/2024,female,Aston Villa W,Manchester United W,0,True,False,False,insufficient_rolling_history,11,253,1,statsbombpy,
3912593,2023-10-01,37,FA Women's Super League,281,2023/2024,female,West Ham United LFC,Manchester City WFC,0,True,True,True,,11,218,1,statsbombpy,
3912594,2023-10-01,37,FA Women's Super League,281,2023/2024,female,Bristol City WFC,Leicester City WFC,0,True,False,False,insufficient_rolling_history,11,134,1,statsbombpy,
3912595,2023-10-01,37,FA Women's Super League,281,2023/2024,female,Arsenal WFC,Liverpool WFC,0,True,True,True,,11,359,1,statsbombpy,
3912596,2023-10-01,37,FA Women's Super League,281,2023/2024,female,Everton LFC,Brighton & Hove Albion WFC,0,True,True,True,,11,380,1,statsbombpy,
3912597,2023-10-01,37,FA Women's Super League,281,2023/2024,female,Chelsea FCW,Tottenham Hotspur Women,1,True,True,True,,11,407,1,statsbombpy,
3881601,2023-10-02,49,NWSL,107,2023,female,NJ/NY Gotham FC,Houston Dash,0,True,True,True,,11,309,1,statsbombpy,
3881602,2023-10-02,49,NWSL,107,2023,female,Seattle Reign,North Carolina Courage,0,True,True,True,,11,199,1,statsbombpy,
3911760,2023-10-02,135,Frauen Bundesliga,281,2023/2024,female,Bayern München W,Köln,1,True,False,False,insufficient_rolling_history,11,558,1,statsbombpy,
3911873,2023-10-02,131,Serie A Women,281,2023/2024,female,FC Internazionale Milano W,Fiorentina W,0,True,False,False,insufficient_rolling_history,11,403,1,statsbombpy,
3881597,2023-10-03,49,NWSL,107,2023,female,Angel City,Orlando Pride,0,True,True,True,,11,372,1,statsbombpy,
3910743,2023-10-03,182,Liga F,281,2023/2024,female,Villarreal,Atletico Madrid W,0,True,False,False,insufficient_rolling_history,11,246,1,statsbombpy,
3910736,2023-10-04,182,Liga F,281,2023/2024,female,Sevilla FC,Costa Adeje Tenerife,1,True,False,False,insufficient_rolling_history,11,210,1,statsbombpy,
3910737,2023-10-04,182,Liga F,281,2023/2024,female,Real Madrid CF W,Real Betis Balompié,1,True,False,False,insufficient_rolling_history,11,346,1,statsbombpy,
3910738,2023-10-04,182,Liga F,281,2023/2024,female,SD Eibar,Madrid CFF,0,True,False,False,insufficient_rolling_history,11,101,1,statsbombpy,
3910739,2023-10-04,182,Liga F,281,2023/2024,female,Athletic Club Bilbao,Granada W,1,True,False,False,insufficient_rolling_history,11,263,1,statsbombpy,
3910741,2023-10-04,182,Liga F,281,2023/2024,female,Real Sociedad de Fútbol,Levante UD Femenino,0,True,False,False,insufficient_rolling_history,11,221,1,statsbombpy,
3910740,2023-10-05,182,Liga F,281,2023/2024,female,Barcelona WFC,Valencia CF,1,True,False,False,insufficient_rolling_history,11,608,1,statsbombpy,
3910742,2023-10-05,182,Liga F,281,2023/2024,female,FC Levante Badalona,CD Sporting de Huelva,0,True,False,False,insufficient_rolling_history,11,402,1,statsbombpy,
3911761,2023-10-06,135,Frauen Bundesliga,281,2023/2024,female,VfL Wolfsburg WFC,Nürnberg W,1,True,False,False,insufficient_rolling_history,11,370,1,statsbombpy,
3912598,2023-10-06,37,FA Women's Super League,281,2023/2024,female,Manchester United W,Arsenal WFC,0,True,True,True,,11,384,1,statsbombpy,
3881604,2023-10-07,49,NWSL,107,2023,female,Racing Louisville FC,Orlando Pride,1,True,True,True,,11,269,1,statsbombpy,
3881605,2023-10-07,49,NWSL,107,2023,female,Seattle Reign,Washington Spirit,0,True,True,True,,11,257,1,statsbombpy,
3910942,2023-10-07,182,Liga F,281,2023/2024,female,Atletico Madrid W,Sevilla FC,1,True,True,True,,11,349,1,statsbombpy,
3910945,2023-10-07,182,Liga F,281,2023/2024,female,Real Madrid CF W,Villarreal,1,True,True,True,,11,388,1,statsbombpy,
3911762,2023-10-07,135,Frauen Bundesliga,281,2023/2024,female,Eintracht Frankfurt W,RB Leipzig W,1,True,False,False,insufficient_rolling_history,11,331,1,statsbombpy,
3911763,2023-10-07,135,Frauen Bundesliga,281,2023/2024,female,Köln,Duisburg WFC,1,True,False,False,insufficient_rolling_history,11,409,1,statsbombpy,
3912477,2023-10-07,131,Serie A Women,281,2023/2024,female,Pomigliano,AS Roma W,0,True,False,False,insufficient_rolling_history,11,158,1,statsbombpy,
3912478,2023-10-07,131,Serie A Women,281,2023/2024,female,Sampdoria W,Como W,0,True,False,False,insufficient_rolling_history,11,221,1,statsbombpy,
3912479,2023-10-07,131,Serie A Women,281,2023/2024,female,AC Milan W,Juventus W,0,True,False,False,insufficient_rolling_history,11,243,1,statsbombpy,
3877170,2023-10-08,44,Major League Soccer,107,2023,male,Inter Miami,Cincinnati,0,True,False,False,insufficient_rolling_history,11,385,1,statsbombpy,
3881603,2023-10-08,49,NWSL,107,2023,female,Portland Thorns,NJ/NY Gotham FC,1,True,True,True,,11,264,1,statsbombpy,
3881606,2023-10-08,49,NWSL,107,2023,female,North Carolina Courage,San Diego Wave,0,True,True,True,,11,448,1,statsbombpy,
3881607,2023-10-08,49,NWSL,107,2023,female,KC Current,Chicago Red Stars,1,True,True,True,,11,351,1,statsbombpy,
3895107,2023-10-08,9,1. Bundesliga,281,2023/2024,male,Bayer Leverkusen,FC Köln,1,True,False,False,insufficient_rolling_history,11,636,1,statsbombpy,
3910939,2023-10-08,182,Liga F,281,2023/2024,female,Madrid CFF,Granada W,1,True,True,True,,11,312,1,statsbombpy,
3910940,2023-10-08,182,Liga F,281,2023/2024,female,SD Eibar,Costa Adeje Tenerife,0,True,True,True,,11,157,1,statsbombpy,
3910943,2023-10-08,182,Liga F,281,2023/2024,female,Barcelona WFC,Real Sociedad de Fútbol,1,True,True,True,,11,547,1,statsbombpy,
3910944,2023-10-08,182,Liga F,281,2023/2024,female,Real Betis Balompié,Levante UD Femenino,0,True,True,True,,11,144,1,statsbombpy,
3911764,2023-10-08,135,Frauen Bundesliga,281,2023/2024,female,SGS Essen 19/68,Bayern München W,0,True,False,False,insufficient_rolling_history,11,235,1,statsbombpy,
3911765,2023-10-08,135,Frauen Bundesliga,281,2023/2024,female,SC Freiburg,SV Werder Bremen,1,True,False,False,insufficient_rolling_history,11,259,1,statsbombpy,
3912480,2023-10-08,131,Serie A Women,281,2023/2024,female,Sassuolo W,FC Internazionale Milano W,0,True,False,False,insufficient_rolling_history,11,230,1,statsbombpy,
3912481,2023-10-08,131,Serie A Women,281,2023/2024,female,Fiorentina W,Napoli W,1,True,False,False,insufficient_rolling_history,11,347,1,statsbombpy,
3912599,2023-10-08,37,FA Women's Super League,281,2023/2024,female,Brighton & Hove Albion WFC,West Ham United LFC,0,True,True,True,,11,262,1,statsbombpy,
3912600,2023-10-08,37,FA Women's Super League,281,2023/2024,female,Manchester City WFC,Chelsea FCW,0,True,True,True,,11,208,1,statsbombpy,
3912601,2023-10-08,37,FA Women's Super League,281,2023/2024,female,Tottenham Hotspur Women,Bristol City WFC,1,True,True,True,,11,492,1,statsbombpy,
3912602,2023-10-08,37,FA Women's Super League,281,2023/2024,female,Leicester City WFC,Everton LFC,1,True,False,False,insufficient_rolling_history,11,300,1,statsbombpy,
3912603,2023-10-08,37,FA Women's Super League,281,2023/2024,female,Liverpool WFC,Aston Villa W,1,True,False,False,insufficient_rolling_history,11,314,1,statsbombpy,
3881608,2023-10-09,49,NWSL,107,2023,female,Houston Dash,Angel City,0,True,True,True,,11,232,1,statsbombpy,
3910941,2023-10-09,182,Liga F,281,2023/2024,female,Athletic Club Bilbao,CD Sporting de Huelva,1,True,True,True,,11,464,1,statsbombpy,
3910946,2023-10-09,182,Liga F,281,2023/2024,female,Valencia CF,FC Levante Badalona,0,True,True,True,,11,445,1,statsbombpy,
3911766,2023-10-09,135,Frauen Bundesliga,281,2023/2024,female,Hoffenheim W,TSV Bayer 04 Leverkusen,0,True,False,False,insufficient_rolling_history,11,441,1,statsbombpy,
3911767,2023-10-13,135,Frauen Bundesliga,281,2023/2024,female,Nürnberg W,Hoffenheim W,0,True,True,True,,11,214,1,statsbombpy,
3910947,2023-10-14,182,Liga F,281,2023/2024,female,Granada W,Real Madrid CF W,0,True,True,True,,11,183,1,statsbombpy,
3910948,2023-10-14,182,Liga F,281,2023/2024,female,Sevilla FC,Valencia CF,0,True,True,True,,11,289,1,statsbombpy,
3910949,2023-10-14,182,Liga F,281,2023/2024,female,Villarreal,Athletic Club Bilbao,1,True,True,True,,11,199,1,statsbombpy,
3910953,2023-10-14,182,Liga F,281,2023/2024,female,Real Sociedad de Fútbol,SD Eibar,1,True,True,True,,11,464,1,statsbombpy,
3911768,2023-10-14,135,Frauen Bundesliga,281,2023/2024,female,Bayern München W,Eintracht Frankfurt W,0,True,True,True,,11,469,1,statsbombpy,
3911769,2023-10-14,135,Frauen Bundesliga,281,2023/2024,female,SV Werder Bremen,Köln,1,True,True,True,,11,250,1,statsbombpy,
3912483,2023-10-14,131,Serie A Women,281,2023/2024,female,Como W,AC Milan W,0,True,True,True,,11,167,1,statsbombpy,
3912485,2023-10-14,131,Serie A Women,281,2023/2024,female,Napoli W,Sampdoria W,0,True,True,True,,11,225,1,statsbombpy,
3913069,2023-10-14,37,FA Women's Super League,281,2023/2024,female,Chelsea FCW,West Ham United LFC,1,True,True,True,,11,617,1,statsbombpy,
3881612,2023-10-15,49,NWSL,107,2023,female,NJ/NY Gotham FC,KC Current,0,True,True,True,,11,341,1,statsbombpy,
3910950,2023-10-15,182,Liga F,281,2023/2024,female,Levante UD Femenino,FC Levante Badalona,0,True,True,True,,11,465,1,statsbombpy,
3910951,2023-10-15,182,Liga F,281,2023/2024,female,CD Sporting de Huelva,Madrid CFF,0,True,True,True,,11,127,1,statsbombpy,
3910952,2023-10-15,182,Liga F,281,2023/2024,female,Costa Adeje Tenerife,Real Betis Balompié,1,True,True,True,,11,293,1,statsbombpy,
3910954,2023-10-15,182,Liga F,281,2023/2024,female,Atletico Madrid W,Barcelona WFC,0,True,True,True,,11,185,1,statsbombpy,
3911770,2023-10-15,135,Frauen Bundesliga,281,2023/2024,female,RB Leipzig W,VfL Wolfsburg WFC,0,True,True,True,,11,246,1,statsbombpy,
3911771,2023-10-15,135,Frauen Bundesliga,281,2023/2024,female,TSV Bayer 04 Leverkusen,SC Freiburg,1,True,True,True,,11,298,1,statsbombpy,
3912482,2023-10-15,131,Serie A Women,281,2023/2024,female,AS Roma W,FC Internazionale Milano W,1,True,True,True,,11,425,1,statsbombpy,
3912484,2023-10-15,131,Serie A Women,281,2023/2024,female,Juventus W,Sassuolo W,1,True,True,True,,11,414,1,statsbombpy,
3912486,2023-10-15,131,Serie A Women,281,2023/2024,female,Pomigliano,Fiorentina W,0,True,True,True,,11,195,1,statsbombpy,
3913070,2023-10-15,37,FA Women's Super League,281,2023/2024,female,Liverpool WFC,Everton LFC,0,True,True,True,,11,346,1,statsbombpy,
3913071,2023-10-15,37,FA Women's Super League,281,2023/2024,female,Manchester United W,Leicester City WFC,0,True,False,False,insufficient_rolling_history,11,381,1,statsbombpy,
3913072,2023-10-15,37,FA Women's Super League,281,2023/2024,female,Manchester City WFC,Bristol City WFC,1,True,True,True,,11,678,1,statsbombpy,
3913073,2023-10-15,37,FA Women's Super League,281,2023/2024,female,Arsenal WFC,Aston Villa W,1,True,True,True,,11,467,1,statsbombpy,
3913074,2023-10-15,37,FA Women's Super League,281,2023/2024,female,Brighton & Hove Albion WFC,Tottenham Hotspur Women,0,True,True,True,,11,288,1,statsbombpy,
3881609,2023-10-16,49,NWSL,107,2023,female,Angel City,Portland Thorns,1,True,True,True,,11,247,1,statsbombpy,
3881610,2023-10-16,49,NWSL,107,2023,female,Orlando Pride,Houston Dash,1,True,True,True,,11,256,1,statsbombpy,
3881611,2023-10-16,49,NWSL,107,2023,female,Chicago Red Stars,Seattle Reign,0,True,True,True,,11,368,1,statsbombpy,
3881613,2023-10-16,49,NWSL,107,2023,female,Washington Spirit,North Carolina Courage,0,True,True,True,,11,229,1,statsbombpy,
3881614,2023-10-16,49,NWSL,107,2023,female,San Diego Wave,Racing Louisville FC,1,True,True,True,,11,298,1,statsbombpy,
3911772,2023-10-16,135,Frauen Bundesliga,281,2023/2024,female,Duisburg WFC,SGS Essen 19/68,0,True,True,True,,11,220,1,statsbombpy,
3911773,2023-10-20,135,Frauen Bundesliga,281,2023/2024,female,Köln,TSV Bayer 04 Leverkusen,0,True,True,True,,11,302,1,statsbombpy,
3895113,2023-10-21,9,1. Bundesliga,281,2023/2024,male,Wolfsburg,Bayer Leverkusen,0,True,False,False,insufficient_rolling_history,11,332,1,statsbombpy,
3910955,2023-10-21,182,Liga F,281,2023/2024,female,Barcelona WFC,Granada W,1,True,True,True,,11,492,1,statsbombpy,
3910958,2023-10-21,182,Liga F,281,2023/2024,female,Real Betis Balompié,Valencia CF,0,True,True,True,,11,290,1,statsbombpy,
3910959,2023-10-21,182,Liga F,281,2023/2024,female,SD Eibar,Villarreal,0,True,True,True,,11,182,1,statsbombpy,
3910960,2023-10-21,182,Liga F,281,2023/2024,female,CD Sporting de Huelva,Atletico Madrid W,0,True,True,True,,11,149,1,statsbombpy,
3911774,2023-10-21,135,Frauen Bundesliga,281,2023/2024,female,SGS Essen 19/68,SV Werder Bremen,0,True,True,True,,11,283,1,statsbombpy,
3911775,2023-10-21,135,Frauen Bundesliga,281,2023/2024,female,SC Freiburg,Nürnberg W,0,True,True,True,,11,348,1,statsbombpy,
3912489,2023-10-21,131,Serie A Women,281,2023/2024,female,FC Internazionale Milano W,Napoli W,1,True,True,True,,11,397,1,statsbombpy,
3912491,2023-10-21,131,Serie A Women,281,2023/2024,female,Sassuolo W,Como W,0,True,True,True,,11,284,1,statsbombpy,
3913075,2023-10-21,37,FA Women's Super League,281,2023/2024,female,Aston Villa W,Tottenham Hotspur Women,0,True,True,True,,11,421,1,statsbombpy,
3913076,2023-10-21,37,FA Women's Super League,281,2023/2024,female,Leicester City WFC,Manchester City WFC,0,True,True,True,,11,302,1,statsbombpy,
3914644,2023-10-21,49,NWSL,107,2023,female,Seattle Reign,Angel City,1,True,True,True,,11,290,1,statsbombpy,
3877194,2023-10-22,44,Major League Soccer,107,2023,male,Charlotte,Inter Miami,1,True,False,False,insufficient_rolling_history,11,258,1,statsbombpy,
3910956,2023-10-22,182,Liga F,281,2023/2024,female,FC Levante Badalona,Sevilla FC,0,True,True,True,,11,226,1,statsbombpy,
3910957,2023-10-22,182,Liga F,281,2023/2024,female,Madrid CFF,Costa Adeje Tenerife,1,True,True,True,,11,423,1,statsbombpy,
3910961,2023-10-22,182,Liga F,281,2023/2024,female,Real Madrid CF W,Levante UD Femenino,0,True,True,True,,11,310,1,statsbombpy,
3910962,2023-10-22,182,Liga F,281,2023/2024,female,Athletic Club Bilbao,Real Sociedad de Fútbol,1,True,True,True,,11,388,1,statsbombpy,
3911776,2023-10-22,135,Frauen Bundesliga,281,2023/2024,female,VfL Wolfsburg WFC,Hoffenheim W,0,True,True,True,,11,304,1,statsbombpy,
3911777,2023-10-22,135,Frauen Bundesliga,281,2023/2024,female,Eintracht Frankfurt W,Duisburg WFC,1,True,True,True,,11,348,1,statsbombpy,
3911778,2023-10-22,135,Frauen Bundesliga,281,2023/2024,female,RB Leipzig W,Bayern München W,0,True,True,True,,11,197,1,statsbombpy,
3912487,2023-10-22,131,Serie A Women,281,2023/2024,female,Sampdoria W,AS Roma W,0,True,True,True,,11,141,1,statsbombpy,
3912488,2023-10-22,131,Serie A Women,281,2023/2024,female,AC Milan W,Pomigliano,1,True,True,True,,11,287,1,statsbombpy,
3912490,2023-10-22,131,Serie A Women,281,2023/2024,female,Fiorentina W,Juventus W,0,True,True,True,,11,274,1,statsbombpy,
3913077,2023-10-22,37,FA Women's Super League,281,2023/2024,female,Chelsea FCW,Brighton & Hove Albion WFC,1,True,True,True,,11,438,1,statsbombpy,
3913078,2023-10-22,37,FA Women's Super League,281,2023/2024,female,Everton LFC,Manchester United W,0,True,True,True,,11,346,1,statsbombpy,
3913079,2023-10-22,37,FA Women's Super League,281,2023/2024,female,Bristol City WFC,Arsenal WFC,0,True,True,True,,11,100,1,statsbombpy,
3913080,2023-10-22,37,FA Women's Super League,281,2023/2024,female,West Ham United LFC,Liverpool WFC,0,True,True,True,,11,280,1,statsbombpy,
3914645,2023-10-23,49,NWSL,107,2023,female,North Carolina Courage,NJ/NY Gotham FC,0,True,True,True,,11,349,1,statsbombpy,
3895121,2023-10-29,9,1. Bundesliga,281,2023/2024,male,Bayer Leverkusen,Freiburg,1,True,False,False,insufficient_rolling_history,11,668,1,statsbombpy,
3911781,2023-11-03,135,Frauen Bundesliga,281,2023/2024,female,Duisburg WFC,RB Leipzig W,0,True,True,True,,11,346,1,statsbombpy,
3895134,2023-11-04,9,1. Bundesliga,281,2023/2024,male,Hoffenheim,Bayer Leverkusen,0,True,False,False,insufficient_rolling_history,11,412,1,statsbombpy,
3910965,2023-11-04,182,Liga F,281,2023/2024,female,Real Sociedad de Fútbol,Villarreal,1,True,True,True,,11,384,1,statsbombpy,
3910966,2023-11-04,182,Liga F,281,2023/2024,female,SD Eibar,Real Madrid CF W,0,True,True,True,,11,112,1,statsbombpy,
3910967,2023-11-04,182,Liga F,281,2023/2024,female,Real Betis Balompié,Athletic Club Bilbao,1,True,True,True,,11,233,1,statsbombpy,
3910970,2023-11-04,182,Liga F,281,2023/2024,female,Valencia CF,CD Sporting de Huelva,1,True,True,True,,11,359,1,statsbombpy,
3911779,2023-11-04,135,Frauen Bundesliga,281,2023/2024,female,Hoffenheim W,SC Freiburg,0,True,True,True,,11,375,1,statsbombpy,
3911782,2023-11-04,135,Frauen Bundesliga,281,2023/2024,female,TSV Bayer 04 Leverkusen,SGS Essen 19/68,0,True,True,True,,11,372,1,statsbombpy,
3912492,2023-11-04,131,Serie A Women,281,2023/2024,female,Fiorentina W,AC Milan W,1,True,True,True,,11,200,1,statsbombpy,
3912495,2023-11-04,131,Serie A Women,281,2023/2024,female,Pomigliano,Sampdoria W,0,True,True,True,,11,237,1,statsbombpy,
3913081,2023-11-04,37,FA Women's Super League,281,2023/2024,female,Aston Villa W,Chelsea FCW,0,True,True,True,,11,372,1,statsbombpy,
3910963,2023-11-05,182,Liga F,281,2023/2024,female,Granada W,FC Levante Badalona,0,True,True,True,,11,286,1,statsbombpy,
3910964,2023-11-05,182,Liga F,281,2023/2024,female,Barcelona WFC,Sevilla FC,1,True,True,True,,11,605,1,statsbombpy,
3910968,2023-11-05,182,Liga F,281,2023/2024,female,Costa Adeje Tenerife,Atletico Madrid W,1,True,True,True,,11,164,1,statsbombpy,
3910969,2023-11-05,182,Liga F,281,2023/2024,female,Madrid CFF,Levante UD Femenino,0,True,True,True,,11,205,1,statsbombpy,
3911783,2023-11-05,135,Frauen Bundesliga,281,2023/2024,female,Bayern München W,VfL Wolfsburg WFC,1,True,True,True,,11,270,1,statsbombpy,
3911784,2023-11-05,135,Frauen Bundesliga,281,2023/2024,female,Nürnberg W,Köln,0,True,True,True,,11,252,1,statsbombpy,
3912493,2023-11-05,131,Serie A Women,281,2023/2024,female,Juventus W,AS Roma W,0,True,True,True,,11,326,1,statsbombpy,
3912494,2023-11-05,131,Serie A Women,281,2023/2024,female,Napoli W,Sassuolo W,0,True,True,True,,11,221,1,statsbombpy,
3912496,2023-11-05,131,Serie A Women,281,2023/2024,female,Como W,FC Internazionale Milano W,1,True,True,True,,11,180,1,statsbombpy,
3913082,2023-11-05,37,FA Women's Super League,281,2023/2024,female,Brighton & Hove Albion WFC,Manchester United W,0,True,True,True,,11,157,1,statsbombpy,
3913083,2023-11-05,37,FA Women's Super League,281,2023/2024,female,Arsenal WFC,Manchester City WFC,1,True,True,True,,11,226,1,statsbombpy,
3913084,2023-11-05,37,FA Women's Super League,281,2023/2024,female,Liverpool WFC,Leicester City WFC,1,True,True,True,,11,300,1,statsbombpy,
3913085,2023-11-05,37,FA Women's Super League,281,2023/2024,female,Tottenham Hotspur Women,Everton LFC,0,True,True,True,,11,422,1,statsbombpy,
3913086,2023-11-05,37,FA Women's Super League,281,2023/2024,female,West Ham United LFC,Bristol City WFC,0,True,True,True,,11,445,1,statsbombpy,
3911780,2023-11-06,135,Frauen Bundesliga,281,2023/2024,female,SV Werder Bremen,Eintracht Frankfurt W,0,True,True,True,,11,268,1,statsbombpy,
3915110,2023-11-06,49,NWSL,107,2023,female,San Diego Wave,Seattle Reign,0,True,True,True,,11,385,1,statsbombpy,
3915111,2023-11-06,49,NWSL,107,2023,female,Portland Thorns,NJ/NY Gotham FC,0,True,True,True,,11,294,1,statsbombpy,
3910974,2023-11-10,182,Liga F,281,2023/2024,female,Real Madrid CF W,Real Sociedad de Fútbol,1,True,True,True,,11,324,1,statsbombpy,
3911786,2023-11-10,135,Frauen Bundesliga,281,2023/2024,female,Eintracht Frankfurt W,TSV Bayer 04 Leverkusen,0,True,True,True,,11,387,1,statsbombpy,
3910971,2023-11-11,182,Liga F,281,2023/2024,female,Atletico Madrid W,SD Eibar,1,True,True,True,,11,438,1,statsbombpy,
3910975,2023-11-11,182,Liga F,281,2023/2024,female,Villarreal,Barcelona WFC,0,True,True,True,,11,142,1,statsbombpy,
3910977,2023-11-11,182,Liga F,281,2023/2024,female,CD Sporting de Huelva,Real Betis Balompié,0,True,True,True,,11,261,1,statsbombpy,
3911787,2023-11-11,135,Frauen Bundesliga,281,2023/2024,female,SGS Essen 19/68,Nürnberg W,1,True,True,True,,11,327,1,statsbombpy,
3911790,2023-11-11,135,Frauen Bundesliga,281,2023/2024,female,RB Leipzig W,SV Werder Bremen,0,True,True,True,,11,216,1,statsbombpy,
3912497,2023-11-11,131,Serie A Women,281,2023/2024,female,AS Roma W,Napoli W,1,True,True,True,,11,451,1,statsbombpy,
3912500,2023-11-11,131,Serie A Women,281,2023/2024,female,AC Milan W,Sassuolo W,0,True,True,True,,11,307,1,statsbombpy,
3895139,2023-11-12,9,1. Bundesliga,281,2023/2024,male,Bayer Leverkusen,Union Berlin,1,True,False,False,insufficient_rolling_history,11,745,1,statsbombpy,
3910972,2023-11-12,182,Liga F,281,2023/2024,female,FC Levante Badalona,Costa Adeje Tenerife,1,True,True,True,,11,238,1,statsbombpy,
3910973,2023-11-12,182,Liga F,281,2023/2024,female,Levante UD Femenino,Valencia CF,1,True,True,True,,11,429,1,statsbombpy,
3910976,2023-11-12,182,Liga F,281,2023/2024,female,Sevilla FC,Granada W,1,True,True,True,,11,316,1,statsbombpy,
3910978,2023-11-12,182,Liga F,281,2023/2024,female,Athletic Club Bilbao,Madrid CFF,0,True,True,True,,11,185,1,statsbombpy,
3911785,2023-11-12,135,Frauen Bundesliga,281,2023/2024,female,VfL Wolfsburg WFC,SC Freiburg,1,True,True,True,,11,317,1,statsbombpy,
3911788,2023-11-12,135,Frauen Bundesliga,281,2023/2024,female,Bayern München W,Duisburg WFC,1,True,True,True,,11,603,1,statsbombpy,
3912498,2023-11-12,131,Serie A Women,281,2023/2024,female,Como W,Juventus W,0,True,True,True,,11,172,1,statsbombpy,
3912499,2023-11-12,131,Serie A Women,281,2023/2024,female,FC Internazionale Milano W,Pomigliano,1,True,True,True,,11,392,1,statsbombpy,
3912501,2023-11-12,131,Serie A Women,281,2023/2024,female,Sampdoria W,Fiorentina W,0,True,True,True,,11,153,1,statsbombpy,
3913087,2023-11-12,37,FA Women's Super League,281,2023/2024,female,Bristol City WFC,Aston Villa W,0,True,True,True,,11,196,1,statsbombpy,
3913088,2023-11-12,37,FA Women's Super League,281,2023/2024,female,Manchester City WFC,Brighton & Hove Albion WFC,0,True,True,True,,11,470,1,statsbombpy,
3913089,2023-11-12,37,FA Women's Super League,281,2023/2024,female,Everton LFC,Chelsea FCW,0,True,True,True,,11,286,1,statsbombpy,
3913090,2023-11-12,37,FA Women's Super League,281,2023/2024,female,Manchester United W,West Ham United LFC,1,True,True,True,,11,522,1,statsbombpy,
3913091,2023-11-12,37,FA Women's Super League,281,2023/2024,female,Leicester City WFC,Arsenal WFC,0,True,True,True,,11,239,1,statsbombpy,
3913092,2023-11-12,37,FA Women's Super League,281,2023/2024,female,Tottenham Hotspur Women,Liverpool WFC,0,True,True,True,,11,413,1,statsbombpy,
3915998,2023-11-12,49,NWSL,107,2023,female,Seattle Reign,NJ/NY Gotham FC,0,True,True,True,,11,281,1,statsbombpy,
3911789,2023-11-13,135,Frauen Bundesliga,281,2023/2024,female,Köln,Hoffenheim W,0,True,True,True,,11,217,1,statsbombpy,
3911793,2023-11-17,135,Frauen Bundesliga,281,2023/2024,female,Hoffenheim W,SGS Essen 19/68,0,True,True,True,,11,536,1,statsbombpy,
3910981,2023-11-18,182,Liga F,281,2023/2024,female,Real Sociedad de Fútbol,Sevilla FC,0,True,True,True,,11,214,1,statsbombpy,
3910982,2023-11-18,182,Liga F,281,2023/2024,female,SD Eibar,CD Sporting de Huelva,1,True,True,True,,11,282,1,statsbombpy,
3910983,2023-11-18,182,Liga F,281,2023/2024,female,Valencia CF,Athletic Club Bilbao,0,True,True,True,,11,337,1,statsbombpy,
3910985,2023-11-18,182,Liga F,281,2023/2024,female,Costa Adeje Tenerife,Levante UD Femenino,0,True,True,True,,11,184,1,statsbombpy,
3911791,2023-11-18,135,Frauen Bundesliga,281,2023/2024,female,VfL Wolfsburg WFC,Duisburg WFC,1,True,True,True,,11,520,1,statsbombpy,
3911796,2023-11-18,135,Frauen Bundesliga,281,2023/2024,female,Nürnberg W,Eintracht Frankfurt W,0,True,True,True,,11,159,1,statsbombpy,
3912504,2023-11-18,131,Serie A Women,281,2023/2024,female,AC Milan W,Sampdoria W,0,True,True,True,,11,366,1,statsbombpy,
3912506,2023-11-18,131,Serie A Women,281,2023/2024,female,Fiorentina W,Como W,1,True,True,True,,11,320,1,statsbombpy,
3913093,2023-11-18,37,FA Women's Super League,281,2023/2024,female,Chelsea FCW,Liverpool WFC,1,True,True,True,,11,398,1,statsbombpy,
3910979,2023-11-19,182,Liga F,281,2023/2024,female,Granada W,Villarreal,0,True,True,True,,11,373,1,statsbombpy,
3910980,2023-11-19,182,Liga F,281,2023/2024,female,Real Betis Balompié,FC Levante Badalona,1,True,True,True,,11,297,1,statsbombpy,
3910984,2023-11-19,182,Liga F,281,2023/2024,female,Madrid CFF,Atletico Madrid W,0,True,True,True,,11,301,1,statsbombpy,
3910986,2023-11-19,182,Liga F,281,2023/2024,female,Barcelona WFC,Real Madrid CF W,1,True,True,True,,11,591,1,statsbombpy,
3911794,2023-11-19,135,Frauen Bundesliga,281,2023/2024,female,TSV Bayer 04 Leverkusen,RB Leipzig W,0,True,True,True,,11,403,1,statsbombpy,
3911795,2023-11-19,135,Frauen Bundesliga,281,2023/2024,female,SV Werder Bremen,Bayern München W,0,True,True,True,,11,224,1,statsbombpy,
3912502,2023-11-19,131,Serie A Women,281,2023/2024,female,Sassuolo W,AS Roma W,0,True,True,True,,11,194,1,statsbombpy,
3912503,2023-11-19,131,Serie A Women,281,2023/2024,female,Pomigliano,Napoli W,1,True,True,True,,11,233,1,statsbombpy,
3912505,2023-11-19,131,Serie A Women,281,2023/2024,female,Juventus W,FC Internazionale Milano W,1,True,True,True,,11,289,1,statsbombpy,
3913094,2023-11-19,37,FA Women's Super League,281,2023/2024,female,Everton LFC,Bristol City WFC,0,True,True,True,,11,418,1,statsbombpy,
3913095,2023-11-19,37,FA Women's Super League,281,2023/2024,female,Leicester City WFC,Tottenham Hotspur Women,0,True,True,True,,11,258,1,statsbombpy,
3913096,2023-11-19,37,FA Women's Super League,281,2023/2024,female,West Ham United LFC,Aston Villa W,0,True,True,True,,11,252,1,statsbombpy,
3913097,2023-11-19,37,FA Women's Super League,281,2023/2024,female,Brighton & Hove Albion WFC,Arsenal WFC,0,True,True,True,,11,239,1,statsbombpy,
3913098,2023-11-19,37,FA Women's Super League,281,2023/2024,female,Manchester United W,Manchester City WFC,0,True,True,True,,11,322,1,statsbombpy,
3911792,2023-11-20,135,Frauen Bundesliga,281,2023/2024,female,SC Freiburg,Köln,0,True,True,True,,11,343,1,statsbombpy,
3895153,2023-11-25,9,1. Bundesliga,281,2023/2024,male,Werder Bremen,Bayer Leverkusen,0,True,False,False,insufficient_rolling_history,11,371,1,statsbombpy,
3910990,2023-11-25,182,Liga F,281,2023/2024,female,Real Sociedad de Fútbol,Valencia CF,1,True,True,True,,11,279,1,statsbombpy,
3910991,2023-11-25,182,Liga F,281,2023/2024,female,Sevilla FC,Real Betis Balompié,1,True,True,True,,11,317,1,statsbombpy,
3910992,2023-11-25,182,Liga F,281,2023/2024,female,Levante UD Femenino,SD Eibar,1,True,True,True,,11,497,1,statsbombpy,
3910993,2023-11-25,182,Liga F,281,2023/2024,female,Villarreal,Costa Adeje Tenerife,0,True,True,True,,11,190,1,statsbombpy,
3912508,2023-11-25,131,Serie A Women,281,2023/2024,female,Como W,Pomigliano,0,True,True,True,,11,259,1,statsbombpy,
3912510,2023-11-25,131,Serie A Women,281,2023/2024,female,FC Internazionale Milano W,AC Milan W,1,True,True,True,,11,254,1,statsbombpy,
3910987,2023-11-26,182,Liga F,281,2023/2024,female,Atletico Madrid W,Granada W,1,True,True,True,,11,392,1,statsbombpy,
3910988,2023-11-26,182,Liga F,281,2023/2024,female,FC Levante Badalona,Madrid CFF,0,True,True,True,,11,234,1,statsbombpy,
3910989,2023-11-26,182,Liga F,281,2023/2024,female,Real Madrid CF W,CD Sporting de Huelva,1,True,True,True,,11,376,1,statsbombpy,
3910994,2023-11-26,182,Liga F,281,2023/2024,female,Athletic Club Bilbao,Barcelona WFC,0,True,True,True,,11,284,1,statsbombpy,
3912507,2023-11-26,131,Serie A Women,281,2023/2024,female,AS Roma W,Fiorentina W,1,True,True,True,,11,425,1,statsbombpy,
3912509,2023-11-26,131,Serie A Women,281,2023/2024,female,Sampdoria W,Sassuolo W,0,True,True,True,,11,155,1,statsbombpy,
3912511,2023-11-26,131,Serie A Women,281,2023/2024,female,Napoli W,Juventus W,0,True,True,True,,11,147,1,statsbombpy,
3913099,2023-11-26,37,FA Women's Super League,281,2023/2024,female,Liverpool WFC,Brighton & Hove Albion WFC,1,True,True,True,,11,412,1,statsbombpy,
3913100,2023-11-26,37,FA Women's Super League,281,2023/2024,female,Aston Villa W,Everton LFC,0,True,True,True,,11,511,1,statsbombpy,
3913101,2023-11-26,37,FA Women's Super League,281,2023/2024,female,Arsenal WFC,West Ham United LFC,1,True,True,True,,11,370,1,statsbombpy,
3913102,2023-11-26,37,FA Women's Super League,281,2023/2024,female,Manchester City WFC,Tottenham Hotspur Women,1,True,True,True,,11,452,1,statsbombpy,
3913103,2023-11-26,37,FA Women's Super League,281,2023/2024,female,Chelsea FCW,Leicester City WFC,1,True,True,True,,11,407,1,statsbombpy,
3913104,2023-11-26,37,FA Women's Super League,281,2023/2024,female,Bristol City WFC,Manchester United W,0,True,True,True,,11,124,1,statsbombpy,
3895158,2023-12-03,9,1. Bundesliga,281,2023/2024,male,Bayer Leverkusen,Borussia Dortmund,0,True,False,False,insufficient_rolling_history,11,577,1,statsbombpy,
3911801,2023-12-08,135,Frauen Bundesliga,281,2023/2024,female,RB Leipzig W,Nürnberg W,0,True,True,True,,11,215,1,statsbombpy,
3910995,2023-12-09,182,Liga F,281,2023/2024,female,Real Madrid CF W,Sevilla FC,0,True,True,True,,11,431,1,statsbombpy,
3910998,2023-12-09,182,Liga F,281,2023/2024,female,Costa Adeje Tenerife,Granada W,1,True,True,True,,11,262,1,statsbombpy,
3911000,2023-12-09,182,Liga F,281,2023/2024,female,CD Sporting de Huelva,Real Sociedad de Fútbol,0,True,True,True,,11,146,1,statsbombpy,
3911001,2023-12-09,182,Liga F,281,2023/2024,female,Barcelona WFC,SD Eibar,1,True,True,True,,11,608,1,statsbombpy,
3911797,2023-12-09,135,Frauen Bundesliga,281,2023/2024,female,SGS Essen 19/68,SC Freiburg,0,True,True,True,,11,238,1,statsbombpy,
3911798,2023-12-09,135,Frauen Bundesliga,281,2023/2024,female,Köln,VfL Wolfsburg WFC,0,True,True,True,,11,150,1,statsbombpy,
3912512,2023-12-09,131,Serie A Women,281,2023/2024,female,FC Internazionale Milano W,Sampdoria W,0,True,True,True,,11,341,1,statsbombpy,
3912516,2023-12-09,131,Serie A Women,281,2023/2024,female,Juventus W,Pomigliano,1,True,True,True,,11,425,1,statsbombpy,
3913107,2023-12-09,37,FA Women's Super League,281,2023/2024,female,Manchester City WFC,Aston Villa W,1,True,True,True,,11,471,1,statsbombpy,
3895167,2023-12-10,9,1. Bundesliga,281,2023/2024,male,VfB Stuttgart,Bayer Leverkusen,0,True,False,False,insufficient_rolling_history,11,487,1,statsbombpy,
3910996,2023-12-10,182,Liga F,281,2023/2024,female,Real Betis Balompié,Atletico Madrid W,0,True,True,True,,11,237,1,statsbombpy,
3910997,2023-12-10,182,Liga F,281,2023/2024,female,Villarreal,FC Levante Badalona,0,True,True,True,,11,264,1,statsbombpy,
3910999,2023-12-10,182,Liga F,281,2023/2024,female,Valencia CF,Madrid CFF,0,True,True,True,,11,252,1,statsbombpy,
3911002,2023-12-10,182,Liga F,281,2023/2024,female,Athletic Club Bilbao,Levante UD Femenino,1,True,True,True,,11,186,1,statsbombpy,
3911799,2023-12-10,135,Frauen Bundesliga,281,2023/2024,female,Duisburg WFC,SV Werder Bremen,0,True,True,True,,11,161,1,statsbombpy,
3911802,2023-12-10,135,Frauen Bundesliga,281,2023/2024,female,Eintracht Frankfurt W,Hoffenheim W,1,True,True,True,,11,454,1,statsbombpy,
3912513,2023-12-10,131,Serie A Women,281,2023/2024,female,Napoli W,Como W,0,True,True,True,,11,204,1,statsbombpy,
3912515,2023-12-10,131,Serie A Women,281,2023/2024,female,AS Roma W,AC Milan W,1,True,True,True,,11,446,1,statsbombpy,
3913105,2023-12-10,37,FA Women's Super League,281,2023/2024,female,Arsenal WFC,Chelsea FCW,1,True,True,True,,11,284,1,statsbombpy,
3913106,2023-12-10,37,FA Women's Super League,281,2023/2024,female,Brighton & Hove Albion WFC,Leicester City WFC,0,True,True,True,,11,211,1,statsbombpy,
3913108,2023-12-10,37,FA Women's Super League,281,2023/2024,female,Liverpool WFC,Bristol City WFC,0,True,True,True,,11,396,1,statsbombpy,
3913109,2023-12-10,37,FA Women's Super League,281,2023/2024,female,Tottenham Hotspur Women,Manchester United W,0,True,True,True,,11,238,1,statsbombpy,
3913110,2023-12-10,37,FA Women's Super League,281,2023/2024,female,West Ham United LFC,Everton LFC,0,True,True,True,,11,381,1,statsbombpy,
3911800,2023-12-11,135,Frauen Bundesliga,281,2023/2024,female,Bayern München W,TSV Bayer 04 Leverkusen,1,True,True,True,,11,507,1,statsbombpy,
3912514,2023-12-11,131,Serie A Women,281,2023/2024,female,Sassuolo W,Fiorentina W,0,True,True,True,,11,335,1,statsbombpy,
3913800,2023-12-15,135,Frauen Bundesliga,281,2023/2024,female,TSV Bayer 04 Leverkusen,Duisburg WFC,1,True,True,True,,11,380,1,statsbombpy,
3911005,2023-12-16,182,Liga F,281,2023/2024,female,Levante UD Femenino,CD Sporting de Huelva,1,True,True,True,,11,735,1,statsbombpy,
3911006,2023-12-16,182,Liga F,281,2023/2024,female,Madrid CFF,Villarreal,1,True,True,True,,11,347,1,statsbombpy,
3911009,2023-12-16,182,Liga F,281,2023/2024,female,SD Eibar,Real Betis Balompié,1,True,True,True,,11,253,1,statsbombpy,
3911010,2023-12-16,182,Liga F,281,2023/2024,female,Atletico Madrid W,Real Sociedad de Fútbol,0,True,True,True,,11,342,1,statsbombpy,
3912184,2023-12-16,135,Frauen Bundesliga,281,2023/2024,female,SC Freiburg,Eintracht Frankfurt W,0,True,True,True,,11,340,1,statsbombpy,
3912185,2023-12-16,135,Frauen Bundesliga,281,2023/2024,female,Köln,SGS Essen 19/68,0,True,True,True,,11,292,1,statsbombpy,
3912519,2023-12-16,131,Serie A Women,281,2023/2024,female,AC Milan W,Napoli W,0,True,True,True,,11,266,1,statsbombpy,
3912520,2023-12-16,131,Serie A Women,281,2023/2024,female,Sampdoria W,Juventus W,1,True,True,True,,11,162,1,statsbombpy,
3913113,2023-12-16,37,FA Women's Super League,281,2023/2024,female,Tottenham Hotspur Women,Arsenal WFC,1,True,True,True,,11,230,1,statsbombpy,
3895180,2023-12-17,9,1. Bundesliga,281,2023/2024,male,Bayer Leverkusen,Eintracht Frankfurt,1,True,False,False,insufficient_rolling_history,11,630,1,statsbombpy,
3911003,2023-12-17,182,Liga F,281,2023/2024,female,FC Levante Badalona,Real Madrid CF W,0,True,True,True,,11,200,1,statsbombpy,
3911004,2023-12-17,182,Liga F,281,2023/2024,female,Granada W,Valencia CF,0,True,True,True,,11,241,1,statsbombpy,
3911007,2023-12-17,182,Liga F,281,2023/2024,female,Sevilla FC,Athletic Club Bilbao,0,True,True,True,,11,290,1,statsbombpy,
3911008,2023-12-17,182,Liga F,281,2023/2024,female,Costa Adeje Tenerife,Barcelona WFC,0,True,True,True,,11,134,1,statsbombpy,
3912183,2023-12-17,135,Frauen Bundesliga,281,2023/2024,female,Hoffenheim W,RB Leipzig W,1,True,True,True,,11,435,1,statsbombpy,
3912187,2023-12-17,135,Frauen Bundesliga,281,2023/2024,female,Nürnberg W,Bayern München W,0,True,True,True,,11,166,1,statsbombpy,
3912517,2023-12-17,131,Serie A Women,281,2023/2024,female,Pomigliano,Sassuolo W,0,True,True,True,,11,240,1,statsbombpy,
3912518,2023-12-17,131,Serie A Women,281,2023/2024,female,Como W,AS Roma W,0,True,True,True,,11,172,1,statsbombpy,
3913111,2023-12-17,37,FA Women's Super League,281,2023/2024,female,Manchester United W,Liverpool WFC,0,True,True,True,,11,411,1,statsbombpy,
3913112,2023-12-17,37,FA Women's Super League,281,2023/2024,female,Bristol City WFC,Chelsea FCW,0,True,True,True,,11,173,1,statsbombpy,
3913114,2023-12-17,37,FA Women's Super League,281,2023/2024,female,Leicester City WFC,West Ham United LFC,0,True,True,True,,11,441,1,statsbombpy,
3913115,2023-12-17,37,FA Women's Super League,281,2023/2024,female,Aston Villa W,Brighton & Hove Albion WFC,1,True,True,True,,11,430,1,statsbombpy,
3913116,2023-12-17,37,FA Women's Super League,281,2023/2024,female,Everton LFC,Manchester City WFC,0,True,True,True,,11,229,1,statsbombpy,
3912186,2023-12-18,135,Frauen Bundesliga,281,2023/2024,female,VfL Wolfsburg WFC,SV Werder Bremen,1,True,True,True,,11,399,1,statsbombpy,
3912521,2023-12-18,131,Serie A Women,281,2023/2024,female,Fiorentina W,FC Internazionale Milano W,1,True,True,True,,11,287,1,statsbombpy,
3895182,2023-12-20,9,1. Bundesliga,281,2023/2024,male,Bayer Leverkusen,Bochum,1,True,False,False,insufficient_rolling_history,11,583,1,statsbombpy,
3911293,2024-01-06,182,Liga F,281,2023/2024,female,Barcelona WFC,FC Levante Badalona,1,True,True,True,,11,567,1,statsbombpy,
3911295,2024-01-06,182,Liga F,281,2023/2024,female,Villarreal,Levante UD Femenino,0,True,True,True,,11,200,1,statsbombpy,
3911292,2024-01-07,182,Liga F,281,2023/2024,female,Real Sociedad de Fútbol,Costa Adeje Tenerife,0,True,True,True,,11,505,1,statsbombpy,
3911294,2024-01-07,182,Liga F,281,2023/2024,female,Valencia CF,Atletico Madrid W,0,True,True,True,,11,285,1,statsbombpy,
3911296,2024-01-07,182,Liga F,281,2023/2024,female,Real Madrid CF W,Madrid CFF,1,True,True,True,,11,365,1,statsbombpy,
3911297,2024-01-07,182,Liga F,281,2023/2024,female,CD Sporting de Huelva,Sevilla FC,0,True,True,True,,11,156,1,statsbombpy,
3911298,2024-01-07,182,Liga F,281,2023/2024,female,Athletic Club Bilbao,SD Eibar,1,True,True,True,,11,346,1,statsbombpy,
3911299,2024-01-07,182,Liga F,281,2023/2024,female,Real Betis Balompié,Granada W,0,True,True,True,,11,284,1,statsbombpy,
3895194,2024-01-13,9,1. Bundesliga,281,2023/2024,male,Augsburg,Bayer Leverkusen,0,True,False,False,insufficient_rolling_history,11,184,1,statsbombpy,
3912523,2024-01-13,131,Serie A Women,281,2023/2024,female,Napoli W,Fiorentina W,0,True,True,True,,11,203,1,statsbombpy,
3912524,2024-01-13,131,Serie A Women,281,2023/2024,female,Juventus W,AC Milan W,1,True,True,True,,11,305,1,statsbombpy,
3912525,2024-01-13,131,Serie A Women,281,2023/2024,female,AS Roma W,Pomigliano,1,True,True,True,,11,508,1,statsbombpy,
3920384,2024-01-13,1267,African Cup of Nations,107,2023,male,Côte d'Ivoire,Guinea-Bissau,1,True,False,False,insufficient_rolling_history,11,432,1,statsbombpy,
3912522,2024-01-14,131,Serie A Women,281,2023/2024,female,FC Internazionale Milano W,Sassuolo W,0,True,True,True,,11,309,1,statsbombpy,
3912526,2024-01-14,131,Serie A Women,281,2023/2024,female,Como W,Sampdoria W,0,True,True,True,,11,338,1,statsbombpy,
3920385,2024-01-14,1267,African Cup of Nations,107,2023,male,Egypt,Mozambique,0,True,False,False,insufficient_rolling_history,11,439,1,statsbombpy,
3920386,2024-01-14,1267,African Cup of Nations,107,2023,male,Nigeria,Equatorial Guinea,0,True,False,False,insufficient_rolling_history,11,233,1,statsbombpy,
3920387,2024-01-14,1267,African Cup of Nations,107,2023,male,Ghana,Cape Verde Islands,0,True,False,False,insufficient_rolling_history,11,244,1,statsbombpy,
3920388,2024-01-15,1267,African Cup of Nations,107,2023,male,Senegal,Gambia,1,True,False,False,insufficient_rolling_history,11,447,1,statsbombpy,
3920389,2024-01-15,1267,African Cup of Nations,107,2023,male,Cameroon,Guinea,0,True,False,False,insufficient_rolling_history,11,378,1,statsbombpy,
3920390,2024-01-15,1267,African Cup of Nations,107,2023,male,Algeria,Angola,0,True,False,False,insufficient_rolling_history,11,412,1,statsbombpy,
3920391,2024-01-16,1267,African Cup of Nations,107,2023,male,Mali,South Africa,1,True,False,False,insufficient_rolling_history,11,311,1,statsbombpy,
3920392,2024-01-16,1267,African Cup of Nations,107,2023,male,Burkina Faso,Mauritania,1,True,False,False,insufficient_rolling_history,11,328,1,statsbombpy,
3920393,2024-01-16,1267,African Cup of Nations,107,2023,male,Tunisia,Namibia,0,True,False,False,insufficient_rolling_history,11,345,1,statsbombpy,
3920394,2024-01-17,1267,African Cup of Nations,107,2023,male,Morocco,Tanzania,1,True,False,False,insufficient_rolling_history,11,384,1,statsbombpy,
3920395,2024-01-17,1267,African Cup of Nations,107,2023,male,Congo DR,Zambia,0,True,False,False,insufficient_rolling_history,11,409,1,statsbombpy,
3920396,2024-01-18,1267,African Cup of Nations,107,2023,male,Egypt,Ghana,0,True,False,False,insufficient_rolling_history,11,353,1,statsbombpy,
3920397,2024-01-18,1267,African Cup of Nations,107,2023,male,Equatorial Guinea,Guinea-Bissau,1,True,False,False,insufficient_rolling_history,11,303,1,statsbombpy,
3920398,2024-01-18,1267,African Cup of Nations,107,2023,male,Côte d'Ivoire,Nigeria,0,True,False,False,insufficient_rolling_history,11,315,1,statsbombpy,
3913119,2024-01-19,37,FA Women's Super League,281,2023/2024,female,Leicester City WFC,Aston Villa W,0,True,True,True,,11,233,1,statsbombpy,
3920399,2024-01-19,1267,African Cup of Nations,107,2023,male,Cape Verde Islands,Mozambique,1,True,False,False,insufficient_rolling_history,11,323,1,statsbombpy,
3920400,2024-01-19,1267,African Cup of Nations,107,2023,male,Senegal,Cameroon,1,True,False,False,insufficient_rolling_history,11,260,1,statsbombpy,
3920401,2024-01-19,1267,African Cup of Nations,107,2023,male,Guinea,Gambia,1,True,False,False,insufficient_rolling_history,11,356,1,statsbombpy,
3895202,2024-01-20,9,1. Bundesliga,281,2023/2024,male,RB Leipzig,Bayer Leverkusen,0,True,False,False,insufficient_rolling_history,11,326,1,statsbombpy,
3911300,2024-01-20,182,Liga F,281,2023/2024,female,FC Levante Badalona,Real Sociedad de Fútbol,0,True,True,True,,11,270,1,statsbombpy,
3911301,2024-01-20,182,Liga F,281,2023/2024,female,Madrid CFF,Real Betis Balompié,1,True,True,True,,11,561,1,statsbombpy,
3911303,2024-01-20,182,Liga F,281,2023/2024,female,Sevilla FC,Villarreal,1,True,True,True,,11,255,1,statsbombpy,
3912527,2024-01-20,131,Serie A Women,281,2023/2024,female,FC Internazionale Milano W,AS Roma W,1,True,True,True,,11,270,1,statsbombpy,
3912530,2024-01-20,131,Serie A Women,281,2023/2024,female,Sampdoria W,Napoli W,0,True,True,True,,11,162,1,statsbombpy,
3913117,2024-01-20,37,FA Women's Super League,281,2023/2024,female,Arsenal WFC,Everton LFC,1,True,True,True,,11,496,1,statsbombpy,
3920402,2024-01-20,1267,African Cup of Nations,107,2023,male,Algeria,Burkina Faso,0,True,False,False,insufficient_rolling_history,11,336,1,statsbombpy,
3920403,2024-01-20,1267,African Cup of Nations,107,2023,male,Mauritania,Angola,0,True,False,False,insufficient_rolling_history,11,268,1,statsbombpy,
3920404,2024-01-20,1267,African Cup of Nations,107,2023,male,Tunisia,Mali,0,True,False,False,insufficient_rolling_history,11,240,1,statsbombpy,
3911302,2024-01-21,182,Liga F,281,2023/2024,female,Costa Adeje Tenerife,Athletic Club Bilbao,0,True,True,True,,11,341,1,statsbombpy,
3911304,2024-01-21,182,Liga F,281,2023/2024,female,SD Eibar,Valencia CF,1,True,True,True,,11,196,1,statsbombpy,
3911305,2024-01-21,182,Liga F,281,2023/2024,female,Granada W,CD Sporting de Huelva,0,True,True,True,,11,439,1,statsbombpy,
3912529,2024-01-21,131,Serie A Women,281,2023/2024,female,Sassuolo W,Juventus W,0,True,True,True,,11,236,1,statsbombpy,
3912531,2024-01-21,131,Serie A Women,281,2023/2024,female,Fiorentina W,Pomigliano,1,True,True,True,,11,303,1,statsbombpy,
3913118,2024-01-21,37,FA Women's Super League,281,2023/2024,female,West Ham United LFC,Tottenham Hotspur Women,0,True,True,True,,11,337,1,statsbombpy,
3913120,2024-01-21,37,FA Women's Super League,281,2023/2024,female,Manchester City WFC,Liverpool WFC,1,True,True,True,,11,397,1,statsbombpy,
3913121,2024-01-21,37,FA Women's Super League,281,2023/2024,female,Chelsea FCW,Manchester United W,1,True,True,True,,11,419,1,statsbombpy,
3913122,2024-01-21,37,FA Women's Super League,281,2023/2024,female,Brighton & Hove Albion WFC,Bristol City WFC,1,True,True,True,,11,331,1,statsbombpy,
3920405,2024-01-21,1267,African Cup of Nations,107,2023,male,Morocco,Congo DR,0,True,False,False,insufficient_rolling_history,11,291,1,statsbombpy,
3920406,2024-01-21,1267,African Cup of Nations,107,2023,male,Zambia,Tanzania,0,True,False,False,insufficient_rolling_history,11,319,1,statsbombpy,
3920407,2024-01-21,1267,African Cup of Nations,107,2023,male,South Africa,Namibia,1,True,False,False,insufficient_rolling_history,11,236,1,statsbombpy,
3912528,2024-01-22,131,Serie A Women,281,2023/2024,female,AC Milan W,Como W,1,True,True,True,,11,315,1,statsbombpy,
3920408,2024-01-22,1267,African Cup of Nations,107,2023,male,Equatorial Guinea,Côte d'Ivoire,1,True,False,False,insufficient_rolling_history,11,96,1,statsbombpy,
3920409,2024-01-22,1267,African Cup of Nations,107,2023,male,Guinea-Bissau,Nigeria,0,True,False,False,insufficient_rolling_history,11,336,1,statsbombpy,
3920410,2024-01-22,1267,African Cup of Nations,107,2023,male,Mozambique,Ghana,0,True,False,False,insufficient_rolling_history,11,292,1,statsbombpy,
3920411,2024-01-22,1267,African Cup of Nations,107,2023,male,Cape Verde Islands,Egypt,0,True,False,False,insufficient_rolling_history,11,271,1,statsbombpy,
3920412,2024-01-23,1267,African Cup of Nations,107,2023,male,Guinea,Senegal,0,True,False,False,insufficient_rolling_history,11,262,1,statsbombpy,
3920413,2024-01-23,1267,African Cup of Nations,107,2023,male,Gambia,Cameroon,0,True,False,False,insufficient_rolling_history,11,197,1,statsbombpy,
3920414,2024-01-23,1267,African Cup of Nations,107,2023,male,Angola,Burkina Faso,1,True,False,False,insufficient_rolling_history,11,268,1,statsbombpy,
3920415,2024-01-23,1267,African Cup of Nations,107,2023,male,Mauritania,Algeria,1,True,False,False,insufficient_rolling_history,11,97,1,statsbombpy,
3920416,2024-01-24,1267,African Cup of Nations,107,2023,male,South Africa,Tunisia,0,True,False,False,insufficient_rolling_history,11,292,1,statsbombpy,
3920417,2024-01-24,1267,African Cup of Nations,107,2023,male,Namibia,Mali,0,True,False,False,insufficient_rolling_history,11,146,1,statsbombpy,
3920418,2024-01-24,1267,African Cup of Nations,107,2023,male,Tanzania,Congo DR,0,True,False,False,insufficient_rolling_history,11,391,1,statsbombpy,
3920419,2024-01-24,1267,African Cup of Nations,107,2023,male,Zambia,Morocco,0,True,False,False,insufficient_rolling_history,11,272,1,statsbombpy,
3912189,2024-01-26,135,Frauen Bundesliga,281,2023/2024,female,SV Werder Bremen,TSV Bayer 04 Leverkusen,1,True,True,True,,11,275,1,statsbombpy,
3895210,2024-01-27,9,1. Bundesliga,281,2023/2024,male,Bayer Leverkusen,Borussia Mönchengladbach,0,True,True,True,,11,875,1,statsbombpy,
3911308,2024-01-27,182,Liga F,281,2023/2024,female,Athletic Club Bilbao,Real Madrid CF W,0,True,True,True,,11,360,1,statsbombpy,
3911309,2024-01-27,182,Liga F,281,2023/2024,female,Valencia CF,Costa Adeje Tenerife,0,True,True,True,,11,186,1,statsbombpy,
3911313,2024-01-27,182,Liga F,281,2023/2024,female,FC Levante Badalona,Atletico Madrid W,0,True,True,True,,11,150,1,statsbombpy,
3911314,2024-01-27,182,Liga F,281,2023/2024,female,CD Sporting de Huelva,Villarreal,0,True,True,True,,11,181,1,statsbombpy,
3912190,2024-01-27,135,Frauen Bundesliga,281,2023/2024,female,Bayern München W,Hoffenheim W,1,True,True,True,,11,353,1,statsbombpy,
3912191,2024-01-27,135,Frauen Bundesliga,281,2023/2024,female,RB Leipzig W,SC Freiburg,0,True,True,True,,11,274,1,statsbombpy,
3912534,2024-01-27,131,Serie A Women,281,2023/2024,female,Napoli W,FC Internazionale Milano W,0,True,True,True,,11,174,1,statsbombpy,
3912536,2024-01-27,131,Serie A Women,281,2023/2024,female,AS Roma W,Sampdoria W,1,True,True,True,,11,575,1,statsbombpy,
3913123,2024-01-27,37,FA Women's Super League,281,2023/2024,female,Brighton & Hove Albion WFC,Chelsea FCW,0,True,True,True,,11,161,1,statsbombpy,
3922237,2024-01-27,1267,African Cup of Nations,107,2023,male,Angola,Namibia,1,True,True,True,,11,235,1,statsbombpy,
3922238,2024-01-27,1267,African Cup of Nations,107,2023,male,Nigeria,Cameroon,1,True,True,True,,11,204,1,statsbombpy,
3911310,2024-01-28,182,Liga F,281,2023/2024,female,Sevilla FC,SD Eibar,1,True,True,True,,11,375,1,statsbombpy,
3911311,2024-01-28,182,Liga F,281,2023/2024,female,Real Sociedad de Fútbol,Madrid CFF,0,True,True,True,,11,266,1,statsbombpy,
3911312,2024-01-28,182,Liga F,281,2023/2024,female,Levante UD Femenino,Granada W,0,True,True,True,,11,386,1,statsbombpy,
3911315,2024-01-28,182,Liga F,281,2023/2024,female,Real Betis Balompié,Barcelona WFC,0,True,True,True,,11,205,1,statsbombpy,
3912188,2024-01-28,135,Frauen Bundesliga,281,2023/2024,female,Duisburg WFC,Nürnberg W,0,True,True,True,,11,216,1,statsbombpy,
3912193,2024-01-28,135,Frauen Bundesliga,281,2023/2024,female,Eintracht Frankfurt W,Köln,1,True,True,True,,11,476,1,statsbombpy,
3912532,2024-01-28,131,Serie A Women,281,2023/2024,female,Como W,Sassuolo W,0,True,True,True,,11,196,1,statsbombpy,
3912535,2024-01-28,131,Serie A Women,281,2023/2024,female,Pomigliano,AC Milan W,0,True,True,True,,11,193,1,statsbombpy,
3913124,2024-01-28,37,FA Women's Super League,281,2023/2024,female,Bristol City WFC,West Ham United LFC,0,True,True,True,,11,227,1,statsbombpy,
3913125,2024-01-28,37,FA Women's Super League,281,2023/2024,female,Liverpool WFC,Arsenal WFC,0,True,True,True,,11,178,1,statsbombpy,
3913126,2024-01-28,37,FA Women's Super League,281,2023/2024,female,Tottenham Hotspur Women,Manchester City WFC,0,True,True,True,,11,271,1,statsbombpy,
3913127,2024-01-28,37,FA Women's Super League,281,2023/2024,female,Manchester United W,Aston Villa W,1,True,True,True,,11,358,1,statsbombpy,
3913128,2024-01-28,37,FA Women's Super League,281,2023/2024,female,Everton LFC,Leicester City WFC,0,True,True,True,,11,210,1,statsbombpy,
3922239,2024-01-28,1267,African Cup of Nations,107,2023,male,Equatorial Guinea,Guinea,0,True,True,True,,11,304,1,statsbombpy,
3922240,2024-01-28,1267,African Cup of Nations,107,2023,male,Egypt,Congo DR,0,True,True,True,,11,377,1,statsbombpy,
3912192,2024-01-29,135,Frauen Bundesliga,281,2023/2024,female,SGS Essen 19/68,VfL Wolfsburg WFC,0,True,True,True,,11,157,1,statsbombpy,
3912533,2024-01-29,131,Serie A Women,281,2023/2024,female,Juventus W,Fiorentina W,0,True,True,True,,11,501,1,statsbombpy,
3922241,2024-01-29,1267,African Cup of Nations,107,2023,male,Cape Verde Islands,Mauritania,1,True,True,True,,11,393,1,statsbombpy,
3922242,2024-01-29,1267,African Cup of Nations,107,2023,male,Senegal,Côte d'Ivoire,0,True,True,True,,11,305,1,statsbombpy,
3922243,2024-01-30,1267,African Cup of Nations,107,2023,male,Morocco,South Africa,0,True,True,True,,11,351,1,statsbombpy,
3922244,2024-01-30,1267,African Cup of Nations,107,2023,male,Mali,Burkina Faso,1,True,True,True,,11,338,1,statsbombpy,
3912198,2024-02-02,135,Frauen Bundesliga,281,2023/2024,female,Duisburg WFC,Hoffenheim W,0,True,True,True,,11,161,1,statsbombpy,
3922321,2024-02-02,1267,African Cup of Nations,107,2023,male,Nigeria,Angola,1,True,True,True,,11,266,1,statsbombpy,
3922356,2024-02-02,1267,African Cup of Nations,107,2023,male,Congo DR,Guinea,1,True,True,True,,11,184,1,statsbombpy,
3895220,2024-02-03,9,1. Bundesliga,281,2023/2024,male,Darmstadt 98,Bayer Leverkusen,0,True,True,True,,11,252,1,statsbombpy,
3911471,2024-02-03,182,Liga F,281,2023/2024,female,Atletico Madrid W,Levante UD Femenino,0,True,True,True,,11,311,1,statsbombpy,
3911473,2024-02-03,182,Liga F,281,2023/2024,female,Madrid CFF,Sevilla FC,0,True,True,True,,11,261,1,statsbombpy,
3911474,2024-02-03,182,Liga F,281,2023/2024,female,Real Madrid CF W,Valencia CF,1,True,True,True,,11,336,1,statsbombpy,
3911475,2024-02-03,182,Liga F,281,2023/2024,female,Villarreal,Real Betis Balompié,1,True,True,True,,11,343,1,statsbombpy,
3911477,2024-02-03,182,Liga F,281,2023/2024,female,Granada W,Athletic Club Bilbao,1,True,True,True,,11,204,1,statsbombpy,
3912195,2024-02-03,135,Frauen Bundesliga,281,2023/2024,female,RB Leipzig W,Köln,1,True,True,True,,11,254,1,statsbombpy,
3912199,2024-02-03,135,Frauen Bundesliga,281,2023/2024,female,SV Werder Bremen,Nürnberg W,1,True,True,True,,11,255,1,statsbombpy,
3912537,2024-02-03,131,Serie A Women,281,2023/2024,female,Sassuolo W,Napoli W,1,True,True,True,,11,395,1,statsbombpy,
3912539,2024-02-03,131,Serie A Women,281,2023/2024,female,AC Milan W,Fiorentina W,0,True,True,True,,11,252,1,statsbombpy,
3912555,2024-02-03,131,Serie A Women,281,2023/2024,female,FC Internazionale Milano W,Como W,0,True,True,True,,11,380,1,statsbombpy,
3913129,2024-02-03,37,FA Women's Super League,281,2023/2024,female,Aston Villa W,Bristol City WFC,0,True,True,True,,11,601,1,statsbombpy,
3922658,2024-02-03,1267,African Cup of Nations,107,2023,male,Cape Verde Islands,South Africa,0,True,True,True,,11,318,1,statsbombpy,
3922659,2024-02-03,1267,African Cup of Nations,107,2023,male,Mali,Côte d'Ivoire,0,True,True,True,,11,437,1,statsbombpy,
3911472,2024-02-04,182,Liga F,281,2023/2024,female,Barcelona WFC,CD Sporting de Huelva,1,True,True,True,,11,599,1,statsbombpy,
3911476,2024-02-04,182,Liga F,281,2023/2024,female,SD Eibar,Real Sociedad de Fútbol,0,True,True,True,,11,218,1,statsbombpy,
3911478,2024-02-04,182,Liga F,281,2023/2024,female,Costa Adeje Tenerife,FC Levante Badalona,0,True,True,True,,11,200,1,statsbombpy,
3912194,2024-02-04,135,Frauen Bundesliga,281,2023/2024,female,Eintracht Frankfurt W,SGS Essen 19/68,1,True,True,True,,11,438,1,statsbombpy,
3912197,2024-02-04,135,Frauen Bundesliga,281,2023/2024,female,TSV Bayer 04 Leverkusen,VfL Wolfsburg WFC,0,True,True,True,,11,165,1,statsbombpy,
3912538,2024-02-04,131,Serie A Women,281,2023/2024,female,AS Roma W,Juventus W,1,True,True,True,,11,282,1,statsbombpy,
3912556,2024-02-04,131,Serie A Women,281,2023/2024,female,Sampdoria W,Pomigliano,1,True,True,True,,11,298,1,statsbombpy,
3913130,2024-02-04,37,FA Women's Super League,281,2023/2024,female,West Ham United LFC,Arsenal WFC,1,True,True,True,,11,203,1,statsbombpy,
3913131,2024-02-04,37,FA Women's Super League,281,2023/2024,female,Liverpool WFC,Tottenham Hotspur Women,0,True,True,True,,11,329,1,statsbombpy,
3913132,2024-02-04,37,FA Women's Super League,281,2023/2024,female,Manchester City WFC,Leicester City WFC,1,True,True,True,,11,561,1,statsbombpy,
3913133,2024-02-04,37,FA Women's Super League,281,2023/2024,female,Manchester United W,Brighton & Hove Albion WFC,1,True,True,True,,11,360,1,statsbombpy,
3913134,2024-02-04,37,FA Women's Super League,281,2023/2024,female,Chelsea FCW,Everton LFC,1,True,True,True,,11,400,1,statsbombpy,
3912196,2024-02-05,135,Frauen Bundesliga,281,2023/2024,female,Bayern München W,SC Freiburg,1,True,True,True,,11,460,1,statsbombpy,
3922837,2024-02-07,1267,African Cup of Nations,107,2023,male,Nigeria,South Africa,0,True,True,True,,11,271,1,statsbombpy,
3922838,2024-02-07,1267,African Cup of Nations,107,2023,male,Côte d'Ivoire,Congo DR,1,True,True,True,,11,288,1,statsbombpy,
3912204,2024-02-09,135,Frauen Bundesliga,281,2023/2024,female,SGS Essen 19/68,RB Leipzig W,0,True,True,True,,11,303,1,statsbombpy,
3895232,2024-02-10,9,1. Bundesliga,281,2023/2024,male,Bayer Leverkusen,Bayern Munich,1,True,True,True,,11,352,1,statsbombpy,
3911479,2024-02-10,182,Liga F,281,2023/2024,female,Valencia CF,Villarreal,0,True,True,True,,11,335,1,statsbombpy,
3911480,2024-02-10,182,Liga F,281,2023/2024,female,FC Levante Badalona,SD Eibar,0,True,True,True,,11,359,1,statsbombpy,
3911482,2024-02-10,182,Liga F,281,2023/2024,female,Sevilla FC,Barcelona WFC,0,True,True,True,,11,192,1,statsbombpy,
3912201,2024-02-10,135,Frauen Bundesliga,281,2023/2024,female,Hoffenheim W,SV Werder Bremen,0,True,True,True,,11,267,1,statsbombpy,
3912203,2024-02-10,135,Frauen Bundesliga,281,2023/2024,female,Köln,Bayern München W,0,True,True,True,,11,200,1,statsbombpy,
3912541,2024-02-10,131,Serie A Women,281,2023/2024,female,Sassuolo W,AC Milan W,1,True,True,True,,11,261,1,statsbombpy,
3912543,2024-02-10,131,Serie A Women,281,2023/2024,female,Napoli W,AS Roma W,0,True,True,True,,11,184,1,statsbombpy,
3923880,2024-02-10,1267,African Cup of Nations,107,2023,male,South Africa,Congo DR,0,True,True,True,,11,404,1,statsbombpy,
3911481,2024-02-11,182,Liga F,281,2023/2024,female,Real Sociedad de Fútbol,Granada W,0,True,True,True,,11,327,1,statsbombpy,
3911483,2024-02-11,182,Liga F,281,2023/2024,female,CD Sporting de Huelva,Athletic Club Bilbao,0,True,True,True,,11,201,1,statsbombpy,
3911484,2024-02-11,182,Liga F,281,2023/2024,female,Real Betis Balompié,Real Madrid CF W,0,True,True,True,,11,199,1,statsbombpy,
3911485,2024-02-11,182,Liga F,281,2023/2024,female,Levante UD Femenino,Costa Adeje Tenerife,1,True,True,True,,11,655,1,statsbombpy,
3911486,2024-02-11,182,Liga F,281,2023/2024,female,Atletico Madrid W,Madrid CFF,0,True,True,True,,11,350,1,statsbombpy,
3912200,2024-02-11,135,Frauen Bundesliga,281,2023/2024,female,VfL Wolfsburg WFC,Eintracht Frankfurt W,1,True,True,True,,11,323,1,statsbombpy,
3912202,2024-02-11,135,Frauen Bundesliga,281,2023/2024,female,SC Freiburg,Duisburg WFC,0,True,True,True,,11,389,1,statsbombpy,
3912540,2024-02-11,131,Serie A Women,281,2023/2024,female,Juventus W,Como W,1,True,True,True,,11,390,1,statsbombpy,
3912542,2024-02-11,131,Serie A Women,281,2023/2024,female,Pomigliano,FC Internazionale Milano W,0,True,True,True,,11,231,1,statsbombpy,
3912544,2024-02-11,131,Serie A Women,281,2023/2024,female,Fiorentina W,Sampdoria W,1,True,True,True,,11,412,1,statsbombpy,
3923881,2024-02-11,1267,African Cup of Nations,107,2023,male,Nigeria,Côte d'Ivoire,0,True,True,True,,11,155,1,statsbombpy,
3912205,2024-02-12,135,Frauen Bundesliga,281,2023/2024,female,Nürnberg W,TSV Bayer 04 Leverkusen,0,True,True,True,,11,248,1,statsbombpy,
3912549,2024-02-13,131,Serie A Women,281,2023/2024,female,AS Roma W,Sassuolo W,1,True,True,True,,11,415,1,statsbombpy,
3911306,2024-02-14,182,Liga F,281,2023/2024,female,Barcelona WFC,Levante UD Femenino,0,True,True,True,,11,582,1,statsbombpy,
3911307,2024-02-14,182,Liga F,281,2023/2024,female,Atletico Madrid W,Real Madrid CF W,0,True,True,True,,11,400,1,statsbombpy,
3912545,2024-02-14,131,Serie A Women,281,2023/2024,female,Como W,Fiorentina W,0,True,True,True,,11,274,1,statsbombpy,
3912546,2024-02-14,131,Serie A Women,281,2023/2024,female,FC Internazionale Milano W,Juventus W,0,True,True,True,,11,311,1,statsbombpy,
3912547,2024-02-14,131,Serie A Women,281,2023/2024,female,Sampdoria W,AC Milan W,0,True,True,True,,11,153,1,statsbombpy,
3912548,2024-02-15,131,Serie A Women,281,2023/2024,female,Napoli W,Pomigliano,1,True,True,True,,11,317,1,statsbombpy,
3912210,2024-02-16,135,Frauen Bundesliga,281,2023/2024,female,RB Leipzig W,Eintracht Frankfurt W,1,True,True,True,,11,182,1,statsbombpy,
3913138,2024-02-16,37,FA Women's Super League,281,2023/2024,female,Chelsea FCW,Manchester City WFC,0,True,True,True,,11,395,1,statsbombpy,
3895244,2024-02-17,9,1. Bundesliga,281,2023/2024,male,FC Heidenheim,Bayer Leverkusen,0,True,False,False,insufficient_rolling_history,11,207,1,statsbombpy,
3911488,2024-02-17,182,Liga F,281,2023/2024,female,Athletic Club Bilbao,Real Betis Balompié,1,True,True,True,,11,389,1,statsbombpy,
3911490,2024-02-17,182,Liga F,281,2023/2024,female,Granada W,Sevilla FC,0,True,True,True,,11,203,1,statsbombpy,
3911493,2024-02-17,182,Liga F,281,2023/2024,female,Villarreal,Real Sociedad de Fútbol,0,True,True,True,,11,264,1,statsbombpy,
3911494,2024-02-17,182,Liga F,281,2023/2024,female,CD Sporting de Huelva,Valencia CF,0,True,True,True,,11,188,1,statsbombpy,
3912206,2024-02-17,135,Frauen Bundesliga,281,2023/2024,female,SV Werder Bremen,SC Freiburg,0,True,True,True,,11,215,1,statsbombpy,
3912207,2024-02-17,135,Frauen Bundesliga,281,2023/2024,female,Nürnberg W,VfL Wolfsburg WFC,0,True,True,True,,11,131,1,statsbombpy,
3912551,2024-02-17,131,Serie A Women,281,2023/2024,female,Fiorentina W,AS Roma W,0,True,True,True,,11,263,1,statsbombpy,
3912552,2024-02-17,131,Serie A Women,281,2023/2024,female,Sassuolo W,Sampdoria W,1,True,True,True,,11,346,1,statsbombpy,
3913135,2024-02-17,37,FA Women's Super League,281,2023/2024,female,Arsenal WFC,Manchester United W,1,True,True,True,,11,312,1,statsbombpy,
3911487,2024-02-18,182,Liga F,281,2023/2024,female,Madrid CFF,FC Levante Badalona,1,True,True,True,,11,421,1,statsbombpy,
3911489,2024-02-18,182,Liga F,281,2023/2024,female,Barcelona WFC,Atletico Madrid W,1,True,True,True,,11,497,1,statsbombpy,
3911491,2024-02-18,182,Liga F,281,2023/2024,female,Real Madrid CF W,Costa Adeje Tenerife,1,True,True,True,,11,309,1,statsbombpy,
3911492,2024-02-18,182,Liga F,281,2023/2024,female,SD Eibar,Levante UD Femenino,0,True,True,True,,11,150,1,statsbombpy,
3912208,2024-02-18,135,Frauen Bundesliga,281,2023/2024,female,Duisburg WFC,Köln,0,True,True,True,,11,259,1,statsbombpy,
3912209,2024-02-18,135,Frauen Bundesliga,281,2023/2024,female,TSV Bayer 04 Leverkusen,Hoffenheim W,0,True,True,True,,11,409,1,statsbombpy,
3912211,2024-02-18,135,Frauen Bundesliga,281,2023/2024,female,Bayern München W,SGS Essen 19/68,1,True,True,True,,11,331,1,statsbombpy,
3912550,2024-02-18,131,Serie A Women,281,2023/2024,female,Pomigliano,Como W,0,True,True,True,,11,227,1,statsbombpy,
3912553,2024-02-18,131,Serie A Women,281,2023/2024,female,Juventus W,Napoli W,1,True,True,True,,11,424,1,statsbombpy,
3912554,2024-02-18,131,Serie A Women,281,2023/2024,female,AC Milan W,FC Internazionale Milano W,1,True,True,True,,11,201,1,statsbombpy,
3913136,2024-02-18,37,FA Women's Super League,281,2023/2024,female,Everton LFC,West Ham United LFC,1,True,True,True,,11,397,1,statsbombpy,
3913137,2024-02-18,37,FA Women's Super League,281,2023/2024,female,Brighton & Hove Albion WFC,Liverpool WFC,0,True,True,True,,11,341,1,statsbombpy,
3913139,2024-02-18,37,FA Women's Super League,281,2023/2024,female,Tottenham Hotspur Women,Aston Villa W,0,True,True,True,,11,327,1,statsbombpy,
3913140,2024-02-18,37,FA Women's Super League,281,2023/2024,female,Leicester City WFC,Bristol City WFC,1,True,True,True,,11,537,1,statsbombpy,
3895250,2024-02-23,9,1. Bundesliga,281,2023/2024,male,Bayer Leverkusen,FSV Mainz 05,1,True,True,True,,11,576,1,statsbombpy,
3913143,2024-03-02,37,FA Women's Super League,281,2023/2024,female,Manchester City WFC,Everton LFC,1,True,True,True,,11,651,1,statsbombpy,
3895258,2024-03-03,9,1. Bundesliga,281,2023/2024,male,FC Köln,Bayer Leverkusen,0,True,True,True,,11,153,1,statsbombpy,
3913141,2024-03-03,37,FA Women's Super League,281,2023/2024,female,Aston Villa W,Liverpool WFC,0,True,True,True,,11,416,1,statsbombpy,
3913142,2024-03-03,37,FA Women's Super League,281,2023/2024,female,Arsenal WFC,Tottenham Hotspur Women,1,True,True,True,,11,461,1,statsbombpy,
3913144,2024-03-03,37,FA Women's Super League,281,2023/2024,female,West Ham United LFC,Manchester United W,0,True,True,True,,11,274,1,statsbombpy,
3913145,2024-03-03,37,FA Women's Super League,281,2023/2024,female,Leicester City WFC,Chelsea FCW,0,True,True,True,,11,377,1,statsbombpy,
3913146,2024-03-03,37,FA Women's Super League,281,2023/2024,female,Bristol City WFC,Brighton & Hove Albion WFC,0,True,True,True,,11,242,1,statsbombpy,
3912214,2024-03-08,135,Frauen Bundesliga,281,2023/2024,female,SGS Essen 19/68,Duisburg WFC,1,True,True,True,,11,340,1,statsbombpy,
3911495,2024-03-09,182,Liga F,281,2023/2024,female,Madrid CFF,SD Eibar,0,True,True,True,,11,429,1,statsbombpy,
3911499,2024-03-09,182,Liga F,281,2023/2024,female,FC Levante Badalona,Granada W,0,True,True,True,,11,250,1,statsbombpy,
3911501,2024-03-09,182,Liga F,281,2023/2024,female,Sevilla FC,Real Madrid CF W,0,True,True,True,,11,196,1,statsbombpy,
3911502,2024-03-09,182,Liga F,281,2023/2024,female,Costa Adeje Tenerife,Villarreal,0,True,True,True,,11,239,1,statsbombpy,
3912215,2024-03-09,135,Frauen Bundesliga,281,2023/2024,female,Eintracht Frankfurt W,Bayern München W,0,True,True,True,,11,406,1,statsbombpy,
3912217,2024-03-09,135,Frauen Bundesliga,281,2023/2024,female,Hoffenheim W,Nürnberg W,1,True,True,True,,11,409,1,statsbombpy,
3895266,2024-03-10,9,1. Bundesliga,281,2023/2024,male,Bayer Leverkusen,Wolfsburg,1,True,True,True,,11,812,1,statsbombpy,
3911496,2024-03-10,182,Liga F,281,2023/2024,female,Atletico Madrid W,CD Sporting de Huelva,1,True,True,True,,11,487,1,statsbombpy,
3911497,2024-03-10,182,Liga F,281,2023/2024,female,Levante UD Femenino,Athletic Club Bilbao,0,True,True,True,,11,377,1,statsbombpy,
3911498,2024-03-10,182,Liga F,281,2023/2024,female,Real Sociedad de Fútbol,Barcelona WFC,0,True,True,True,,11,171,1,statsbombpy,
3911500,2024-03-10,182,Liga F,281,2023/2024,female,Valencia CF,Real Betis Balompié,0,True,True,True,,11,380,1,statsbombpy,
3912212,2024-03-10,135,Frauen Bundesliga,281,2023/2024,female,SC Freiburg,TSV Bayer 04 Leverkusen,0,True,True,True,,11,370,1,statsbombpy,
3912213,2024-03-10,135,Frauen Bundesliga,281,2023/2024,female,Köln,SV Werder Bremen,1,True,True,True,,11,214,1,statsbombpy,
3912216,2024-03-11,135,Frauen Bundesliga,281,2023/2024,female,VfL Wolfsburg WFC,RB Leipzig W,1,True,True,True,,11,360,1,statsbombpy,
3912219,2024-03-15,135,Frauen Bundesliga,281,2023/2024,female,Hoffenheim W,VfL Wolfsburg WFC,1,True,True,True,,11,201,1,statsbombpy,
3913152,2024-03-15,37,FA Women's Super League,281,2023/2024,female,Chelsea FCW,Arsenal WFC,1,True,True,True,,11,287,1,statsbombpy,
3911507,2024-03-16,182,Liga F,281,2023/2024,female,Sevilla FC,FC Levante Badalona,1,True,True,True,,11,378,1,statsbombpy,
3911508,2024-03-16,182,Liga F,281,2023/2024,female,CD Sporting de Huelva,Levante UD Femenino,0,True,True,True,,11,131,1,statsbombpy,
3911509,2024-03-16,182,Liga F,281,2023/2024,female,Villarreal,Madrid CFF,0,True,True,True,,11,201,1,statsbombpy,
3911510,2024-03-16,182,Liga F,281,2023/2024,female,Real Madrid CF W,SD Eibar,1,True,True,True,,11,453,1,statsbombpy,
3912218,2024-03-16,135,Frauen Bundesliga,281,2023/2024,female,Bayern München W,RB Leipzig W,1,True,True,True,,11,455,1,statsbombpy,
3912221,2024-03-16,135,Frauen Bundesliga,281,2023/2024,female,SV Werder Bremen,SGS Essen 19/68,0,True,True,True,,11,290,1,statsbombpy,
3913147,2024-03-16,37,FA Women's Super League,281,2023/2024,female,Everton LFC,Aston Villa W,0,True,True,True,,11,360,1,statsbombpy,
3928984,2024-03-16,131,Serie A Women,281,2023/2024,female,Pomigliano,Sampdoria W,0,True,True,True,,11,261,1,statsbombpy,
3928985,2024-03-16,131,Serie A Women,281,2023/2024,female,Sassuolo W,Fiorentina W,1,True,True,True,,11,296,1,statsbombpy,
3895275,2024-03-17,9,1. Bundesliga,281,2023/2024,male,Freiburg,Bayer Leverkusen,0,True,False,False,insufficient_rolling_history,11,215,1,statsbombpy,
3911503,2024-03-17,182,Liga F,281,2023/2024,female,Athletic Club Bilbao,Valencia CF,1,True,True,True,,11,244,1,statsbombpy,
3911504,2024-03-17,182,Liga F,281,2023/2024,female,Barcelona WFC,Costa Adeje Tenerife,1,True,True,True,,11,530,1,statsbombpy,
3911505,2024-03-17,182,Liga F,281,2023/2024,female,Real Betis Balompié,Real Sociedad de Fútbol,0,True,True,True,,11,155,1,statsbombpy,
3911506,2024-03-17,182,Liga F,281,2023/2024,female,Granada W,Atletico Madrid W,0,True,True,True,,11,212,1,statsbombpy,
3912222,2024-03-17,135,Frauen Bundesliga,281,2023/2024,female,Nürnberg W,SC Freiburg,0,True,True,True,,11,112,1,statsbombpy,
3912223,2024-03-17,135,Frauen Bundesliga,281,2023/2024,female,Duisburg WFC,Eintracht Frankfurt W,0,True,True,True,,11,177,1,statsbombpy,
3913148,2024-03-17,37,FA Women's Super League,281,2023/2024,female,Liverpool WFC,West Ham United LFC,1,True,True,True,,11,387,1,statsbombpy,
3913149,2024-03-17,37,FA Women's Super League,281,2023/2024,female,Tottenham Hotspur Women,Leicester City WFC,1,True,True,True,,11,262,1,statsbombpy,
3913150,2024-03-17,37,FA Women's Super League,281,2023/2024,female,Brighton & Hove Albion WFC,Manchester City WFC,0,True,True,True,,11,204,1,statsbombpy,
3913151,2024-03-17,37,FA Women's Super League,281,2023/2024,female,Manchester United W,Bristol City WFC,1,True,True,True,,11,519,1,statsbombpy,
3928986,2024-03-17,131,Serie A Women,281,2023/2024,female,FC Internazionale Milano W,Juventus W,0,True,True,True,,11,275,1,statsbombpy,
3928987,2024-03-17,131,Serie A Women,281,2023/2024,female,Como W,Napoli W,0,True,True,True,,11,294,1,statsbombpy,
3912220,2024-03-18,135,Frauen Bundesliga,281,2023/2024,female,TSV Bayer 04 Leverkusen,Köln,1,True,True,True,,11,310,1,statsbombpy,
3912227,2024-03-22,135,Frauen Bundesliga,281,2023/2024,female,SC Freiburg,Hoffenheim W,0,True,True,True,,11,344,1,statsbombpy,
3911513,2024-03-23,182,Liga F,281,2023/2024,female,Real Sociedad de Fútbol,Athletic Club Bilbao,0,True,True,True,,11,301,1,statsbombpy,
3911516,2024-03-23,182,Liga F,281,2023/2024,female,Valencia CF,Granada W,1,True,True,True,,11,215,1,statsbombpy,
3911517,2024-03-23,182,Liga F,281,2023/2024,female,Levante UD Femenino,Real Betis Balompié,1,True,True,True,,11,523,1,statsbombpy,
3911518,2024-03-23,182,Liga F,281,2023/2024,female,Costa Adeje Tenerife,Sevilla FC,1,True,True,True,,11,179,1,statsbombpy,
3912224,2024-03-23,135,Frauen Bundesliga,281,2023/2024,female,VfL Wolfsburg WFC,Bayern München W,0,True,True,True,,11,305,1,statsbombpy,
3912226,2024-03-23,135,Frauen Bundesliga,281,2023/2024,female,Köln,Nürnberg W,0,True,True,True,,11,257,1,statsbombpy,
3913155,2024-03-23,37,FA Women's Super League,281,2023/2024,female,Manchester City WFC,Manchester United W,1,True,True,True,,11,418,1,statsbombpy,
3928988,2024-03-23,131,Serie A Women,281,2023/2024,female,Sampdoria W,Como W,1,True,True,True,,11,272,1,statsbombpy,
3928989,2024-03-23,131,Serie A Women,281,2023/2024,female,AS Roma W,Sassuolo W,1,True,True,True,,11,326,1,statsbombpy,
3911511,2024-03-24,182,Liga F,281,2023/2024,female,FC Levante Badalona,Villarreal,0,True,True,True,,11,327,1,statsbombpy,
3911512,2024-03-24,182,Liga F,281,2023/2024,female,Madrid CFF,CD Sporting de Huelva,1,True,True,True,,11,513,1,statsbombpy,
3911514,2024-03-24,182,Liga F,281,2023/2024,female,SD Eibar,Atletico Madrid W,0,True,True,True,,11,173,1,statsbombpy,
3911515,2024-03-24,182,Liga F,281,2023/2024,female,Real Madrid CF W,Barcelona WFC,0,True,True,True,,11,203,1,statsbombpy,
3912225,2024-03-24,135,Frauen Bundesliga,281,2023/2024,female,SGS Essen 19/68,TSV Bayer 04 Leverkusen,0,True,True,True,,11,234,1,statsbombpy,
3912228,2024-03-24,135,Frauen Bundesliga,281,2023/2024,female,RB Leipzig W,Duisburg WFC,1,True,True,True,,11,326,1,statsbombpy,
3913153,2024-03-24,37,FA Women's Super League,281,2023/2024,female,Everton LFC,Liverpool WFC,0,True,True,True,,11,320,1,statsbombpy,
3913154,2024-03-24,37,FA Women's Super League,281,2023/2024,female,Bristol City WFC,Tottenham Hotspur Women,0,True,True,True,,11,192,1,statsbombpy,
3913156,2024-03-24,37,FA Women's Super League,281,2023/2024,female,Aston Villa W,Arsenal WFC,0,True,True,True,,11,302,1,statsbombpy,
3913157,2024-03-24,37,FA Women's Super League,281,2023/2024,female,Leicester City WFC,Brighton & Hove Albion WFC,0,True,True,True,,11,304,1,statsbombpy,
3913158,2024-03-24,37,FA Women's Super League,281,2023/2024,female,West Ham United LFC,Chelsea FCW,0,True,True,True,,11,241,1,statsbombpy,
3928990,2024-03-24,131,Serie A Women,281,2023/2024,female,Fiorentina W,FC Internazionale Milano W,0,True,True,True,,11,258,1,statsbombpy,
3928991,2024-03-24,131,Serie A Women,281,2023/2024,female,AC Milan W,Pomigliano,1,True,True,True,,11,355,1,statsbombpy,
3912229,2024-03-25,135,Frauen Bundesliga,281,2023/2024,female,Eintracht Frankfurt W,SV Werder Bremen,1,True,True,True,,11,425,1,statsbombpy,
3928992,2024-03-29,131,Serie A Women,281,2023/2024,female,FC Internazionale Milano W,AS Roma W,0,True,True,True,,11,275,1,statsbombpy,
3895286,2024-03-30,9,1. Bundesliga,281,2023/2024,male,Bayer Leverkusen,Hoffenheim,1,True,True,True,,11,635,1,statsbombpy,
3911520,2024-03-30,182,Liga F,281,2023/2024,female,Atletico Madrid W,Valencia CF,1,True,True,True,,11,244,1,statsbombpy,
3911522,2024-03-30,182,Liga F,281,2023/2024,female,Real Betis Balompié,SD Eibar,0,True,True,True,,11,216,1,statsbombpy,
3911525,2024-03-30,182,Liga F,281,2023/2024,female,Villarreal,Real Madrid CF W,0,True,True,True,,11,178,1,statsbombpy,
3911526,2024-03-30,182,Liga F,281,2023/2024,female,Sevilla FC,Real Sociedad de Fútbol,1,True,True,True,,11,190,1,statsbombpy,
3913159,2024-03-30,37,FA Women's Super League,281,2023/2024,female,Aston Villa W,Leicester City WFC,0,True,True,True,,11,369,1,statsbombpy,
3913162,2024-03-30,37,FA Women's Super League,281,2023/2024,female,Liverpool WFC,Manchester City WFC,0,True,True,True,,11,202,1,statsbombpy,
3928993,2024-03-30,131,Serie A Women,281,2023/2024,female,Como W,AC Milan W,0,True,True,True,,11,207,1,statsbombpy,
3928994,2024-03-30,131,Serie A Women,281,2023/2024,female,Juventus W,Fiorentina W,1,True,True,True,,11,334,1,statsbombpy,
3928995,2024-03-30,131,Serie A Women,281,2023/2024,female,Napoli W,Sampdoria W,1,True,True,True,,11,217,1,statsbombpy,
3911519,2024-03-31,182,Liga F,281,2023/2024,female,Athletic Club Bilbao,FC Levante Badalona,1,True,True,True,,11,444,1,statsbombpy,
3911521,2024-03-31,182,Liga F,281,2023/2024,female,Granada W,Madrid CFF,1,True,True,True,,11,214,1,statsbombpy,
3911523,2024-03-31,182,Liga F,281,2023/2024,female,CD Sporting de Huelva,Costa Adeje Tenerife,0,True,True,True,,11,156,1,statsbombpy,
3911524,2024-03-31,182,Liga F,281,2023/2024,female,Levante UD Femenino,Barcelona WFC,0,True,True,True,,11,341,1,statsbombpy,
3913161,2024-03-31,37,FA Women's Super League,281,2023/2024,female,Manchester United W,Everton LFC,1,True,True,True,,11,483,1,statsbombpy,
3913164,2024-03-31,37,FA Women's Super League,281,2023/2024,female,West Ham United LFC,Brighton & Hove Albion WFC,0,True,True,True,,11,223,1,statsbombpy,
3895292,2024-04-06,9,1. Bundesliga,281,2023/2024,male,Union Berlin,Bayer Leverkusen,0,True,False,False,insufficient_rolling_history,11,204,1,statsbombpy,
3912234,2024-04-12,135,Frauen Bundesliga,281,2023/2024,female,SV Werder Bremen,RB Leipzig W,0,True,True,True,,11,403,1,statsbombpy,
3911528,2024-04-13,182,Liga F,281,2023/2024,female,Barcelona WFC,Villarreal,1,True,True,True,,11,503,1,statsbombpy,
3911529,2024-04-13,182,Liga F,281,2023/2024,female,Real Sociedad de Fútbol,CD Sporting de Huelva,0,True,True,True,,11,355,1,statsbombpy,
3911530,2024-04-13,182,Liga F,281,2023/2024,female,SD Eibar,Sevilla FC,1,True,True,True,,11,172,1,statsbombpy,
3911534,2024-04-13,182,Liga F,281,2023/2024,female,FC Levante Badalona,Real Betis Balompié,0,True,True,True,,11,251,1,statsbombpy,
3912231,2024-04-13,135,Frauen Bundesliga,281,2023/2024,female,SC Freiburg,VfL Wolfsburg WFC,0,True,True,True,,11,232,1,statsbombpy,
3912235,2024-04-13,135,Frauen Bundesliga,281,2023/2024,female,TSV Bayer 04 Leverkusen,Eintracht Frankfurt W,1,True,True,True,,11,219,1,statsbombpy,
3928998,2024-04-13,131,Serie A Women,281,2023/2024,female,Sassuolo W,FC Internazionale Milano W,1,True,True,True,,11,200,1,statsbombpy,
3895302,2024-04-14,9,1. Bundesliga,281,2023/2024,male,Bayer Leverkusen,Werder Bremen,1,True,True,True,,11,480,1,statsbombpy,
3911527,2024-04-14,182,Liga F,281,2023/2024,female,Athletic Club Bilbao,Atletico Madrid W,1,True,True,True,,11,279,1,statsbombpy,
3911531,2024-04-14,182,Liga F,281,2023/2024,female,Real Madrid CF W,Granada W,1,True,True,True,,11,374,1,statsbombpy,
3911532,2024-04-14,182,Liga F,281,2023/2024,female,Valencia CF,Levante UD Femenino,0,True,True,True,,11,217,1,statsbombpy,
3911533,2024-04-14,182,Liga F,281,2023/2024,female,Costa Adeje Tenerife,Madrid CFF,0,True,True,True,,11,137,1,statsbombpy,
3912230,2024-04-14,135,Frauen Bundesliga,281,2023/2024,female,Nürnberg W,SGS Essen 19/68,0,True,True,True,,11,195,1,statsbombpy,
3912233,2024-04-14,135,Frauen Bundesliga,281,2023/2024,female,Duisburg WFC,Bayern München W,0,True,True,True,,11,153,1,statsbombpy,
3913160,2024-04-14,37,FA Women's Super League,281,2023/2024,female,Arsenal WFC,Bristol City WFC,1,True,True,True,,11,723,1,statsbombpy,
3928996,2024-04-14,131,Serie A Women,281,2023/2024,female,AC Milan W,Napoli W,1,True,True,True,,11,316,1,statsbombpy,
3928999,2024-04-14,131,Serie A Women,281,2023/2024,female,Pomigliano,Como W,0,True,True,True,,11,197,1,statsbombpy,
3912232,2024-04-15,135,Frauen Bundesliga,281,2023/2024,female,Hoffenheim W,Köln,0,True,True,True,,11,414,1,statsbombpy,
3928997,2024-04-15,131,Serie A Women,281,2023/2024,female,AS Roma W,Juventus W,1,True,True,True,,11,352,1,statsbombpy,
3913165,2024-04-17,37,FA Women's Super League,281,2023/2024,female,Chelsea FCW,Aston Villa W,1,True,True,True,,11,393,1,statsbombpy,
3912240,2024-04-19,135,Frauen Bundesliga,281,2023/2024,female,RB Leipzig W,TSV Bayer 04 Leverkusen,1,True,True,True,,11,302,1,statsbombpy,
3913166,2024-04-19,37,FA Women's Super League,281,2023/2024,female,Brighton & Hove Albion WFC,Everton LFC,0,True,True,True,,11,326,1,statsbombpy,
3911536,2024-04-20,182,Liga F,281,2023/2024,female,Granada W,Costa Adeje Tenerife,1,True,True,True,,11,323,1,statsbombpy,
3911537,2024-04-20,182,Liga F,281,2023/2024,female,Levante UD Femenino,Real Madrid CF W,0,True,True,True,,11,357,1,statsbombpy,
3911538,2024-04-20,182,Liga F,281,2023/2024,female,Madrid CFF,Athletic Club Bilbao,1,True,True,True,,11,395,1,statsbombpy,
3911541,2024-04-20,182,Liga F,281,2023/2024,female,CD Sporting de Huelva,SD Eibar,0,True,True,True,,11,327,1,statsbombpy,
3912236,2024-04-20,135,Frauen Bundesliga,281,2023/2024,female,SGS Essen 19/68,Hoffenheim W,1,True,True,True,,11,282,1,statsbombpy,
3912241,2024-04-20,135,Frauen Bundesliga,281,2023/2024,female,Eintracht Frankfurt W,Nürnberg W,1,True,True,True,,11,394,1,statsbombpy,
3913170,2024-04-20,37,FA Women's Super League,281,2023/2024,female,Bristol City WFC,Liverpool WFC,0,True,True,True,,11,218,1,statsbombpy,
3929000,2024-04-20,131,Serie A Women,281,2023/2024,female,Fiorentina W,AS Roma W,0,True,True,True,,11,304,1,statsbombpy,
3929003,2024-04-20,131,Serie A Women,281,2023/2024,female,Juventus W,Sassuolo W,1,True,True,True,,11,357,1,statsbombpy,
3895309,2024-04-21,9,1. Bundesliga,281,2023/2024,male,Borussia Dortmund,Bayer Leverkusen,0,True,True,True,,11,356,1,statsbombpy,
3911535,2024-04-21,182,Liga F,281,2023/2024,female,Atletico Madrid W,Real Betis Balompié,1,True,True,True,,11,359,1,statsbombpy,
3911540,2024-04-21,182,Liga F,281,2023/2024,female,Valencia CF,Real Sociedad de Fútbol,1,True,True,True,,11,224,1,statsbombpy,
3911542,2024-04-21,182,Liga F,281,2023/2024,female,Villarreal,Sevilla FC,0,True,True,True,,11,247,1,statsbombpy,
3912237,2024-04-21,135,Frauen Bundesliga,281,2023/2024,female,Duisburg WFC,VfL Wolfsburg WFC,0,True,True,True,,11,121,1,statsbombpy,
3912238,2024-04-21,135,Frauen Bundesliga,281,2023/2024,female,Köln,SC Freiburg,1,True,True,True,,11,179,1,statsbombpy,
3913167,2024-04-21,37,FA Women's Super League,281,2023/2024,female,Manchester United W,Tottenham Hotspur Women,0,True,True,True,,11,454,1,statsbombpy,
3913168,2024-04-21,37,FA Women's Super League,281,2023/2024,female,Manchester City WFC,West Ham United LFC,1,True,True,True,,11,653,1,statsbombpy,
3913169,2024-04-21,37,FA Women's Super League,281,2023/2024,female,Arsenal WFC,Leicester City WFC,1,True,True,True,,11,476,1,statsbombpy,
3929001,2024-04-21,131,Serie A Women,281,2023/2024,female,Sampdoria W,AC Milan W,0,True,True,True,,11,254,1,statsbombpy,
3929002,2024-04-21,131,Serie A Women,281,2023/2024,female,Napoli W,Pomigliano,0,True,True,True,,11,335,1,statsbombpy,
3912239,2024-04-22,135,Frauen Bundesliga,281,2023/2024,female,Bayern München W,SV Werder Bremen,1,True,True,True,,11,420,1,statsbombpy,
3911539,2024-04-24,182,Liga F,281,2023/2024,female,FC Levante Badalona,Barcelona WFC,0,True,True,True,,11,75,1,statsbombpy,
3929004,2024-04-26,131,Serie A Women,281,2023/2024,female,Juventus W,FC Internazionale Milano W,0,True,True,True,,11,288,1,statsbombpy,
3895320,2024-04-27,9,1. Bundesliga,281,2023/2024,male,Bayer Leverkusen,VfB Stuttgart,0,True,True,True,,11,336,1,statsbombpy,
3911544,2024-04-27,182,Liga F,281,2023/2024,female,Real Betis Balompié,CD Sporting de Huelva,1,True,True,True,,11,335,1,statsbombpy,
3911545,2024-04-27,182,Liga F,281,2023/2024,female,Costa Adeje Tenerife,Valencia CF,1,True,True,True,,11,180,1,statsbombpy,
3911549,2024-04-27,182,Liga F,281,2023/2024,female,Villarreal,Granada W,0,True,True,True,,11,253,1,statsbombpy,
3911550,2024-04-27,182,Liga F,281,2023/2024,female,Sevilla FC,Levante UD Femenino,0,True,True,True,,11,203,1,statsbombpy,
3929005,2024-04-27,131,Serie A Women,281,2023/2024,female,Fiorentina W,Sassuolo W,0,True,True,True,,11,265,1,statsbombpy,
3929006,2024-04-27,131,Serie A Women,281,2023/2024,female,Sampdoria W,Pomigliano,0,True,True,True,,11,536,1,statsbombpy,
3929007,2024-04-27,131,Serie A Women,281,2023/2024,female,Napoli W,Como W,0,True,True,True,,11,277,1,statsbombpy,
3911546,2024-04-28,182,Liga F,281,2023/2024,female,SD Eibar,Athletic Club Bilbao,0,True,True,True,,11,175,1,statsbombpy,
3911547,2024-04-28,182,Liga F,281,2023/2024,female,Real Sociedad de Fútbol,Atletico Madrid W,0,True,True,True,,11,434,1,statsbombpy,
3911548,2024-04-28,182,Liga F,281,2023/2024,female,Real Madrid CF W,FC Levante Badalona,1,True,True,True,,11,508,1,statsbombpy,
3913171,2024-04-28,37,FA Women's Super League,281,2023/2024,female,Leicester City WFC,Manchester United W,0,True,True,True,,11,258,1,statsbombpy,
3913172,2024-04-28,37,FA Women's Super League,281,2023/2024,female,Tottenham Hotspur Women,Brighton & Hove Albion WFC,0,True,True,True,,11,325,1,statsbombpy,
3913174,2024-04-28,37,FA Women's Super League,281,2023/2024,female,Bristol City WFC,Manchester City WFC,0,True,True,True,,11,119,1,statsbombpy,
3913175,2024-04-28,37,FA Women's Super League,281,2023/2024,female,Aston Villa W,West Ham United LFC,0,True,True,True,,11,501,1,statsbombpy,
3913176,2024-04-28,37,FA Women's Super League,281,2023/2024,female,Everton LFC,Arsenal WFC,0,True,True,True,,11,292,1,statsbombpy,
3911543,2024-05-01,182,Liga F,281,2023/2024,female,Barcelona WFC,Madrid CFF,1,True,True,True,,11,706,1,statsbombpy,
3913173,2024-05-01,37,FA Women's Super League,281,2023/2024,female,Liverpool WFC,Chelsea FCW,1,True,True,True,,11,219,1,statsbombpy,
3929008,2024-05-01,131,Serie A Women,281,2023/2024,female,Sassuolo W,AS Roma W,0,True,True,True,,11,234,1,statsbombpy,
3929009,2024-05-01,131,Serie A Women,281,2023/2024,female,Pomigliano,AC Milan W,0,True,True,True,,11,137,1,statsbombpy,
3929010,2024-05-01,131,Serie A Women,281,2023/2024,female,Como W,Sampdoria W,1,True,True,True,,11,176,1,statsbombpy,
3929011,2024-05-01,131,Serie A Women,281,2023/2024,female,FC Internazionale Milano W,Fiorentina W,0,True,True,True,,11,319,1,statsbombpy,
3912245,2024-05-03,135,Frauen Bundesliga,281,2023/2024,female,VfL Wolfsburg WFC,Köln,1,True,True,True,,11,400,1,statsbombpy,
3911551,2024-05-04,182,Liga F,281,2023/2024,female,Athletic Club Bilbao,Villarreal,1,True,True,True,,11,349,1,statsbombpy,
3911552,2024-05-04,182,Liga F,281,2023/2024,female,Atletico Madrid W,Costa Adeje Tenerife,1,True,True,True,,11,368,1,statsbombpy,
3911556,2024-05-04,182,Liga F,281,2023/2024,female,Granada W,Barcelona WFC,0,True,True,True,,11,137,1,statsbombpy,
3911558,2024-05-04,182,Liga F,281,2023/2024,female,Valencia CF,SD Eibar,0,True,True,True,,11,392,1,statsbombpy,
3912243,2024-05-04,135,Frauen Bundesliga,281,2023/2024,female,Hoffenheim W,Eintracht Frankfurt W,0,True,True,True,,11,278,1,statsbombpy,
3912247,2024-05-04,135,Frauen Bundesliga,281,2023/2024,female,TSV Bayer 04 Leverkusen,Bayern München W,0,True,True,True,,11,199,1,statsbombpy,
3913181,2024-05-04,37,FA Women's Super League,281,2023/2024,female,Everton LFC,Tottenham Hotspur Women,0,True,True,True,,11,337,1,statsbombpy,
3913182,2024-05-04,37,FA Women's Super League,281,2023/2024,female,Brighton & Hove Albion WFC,Aston Villa W,0,True,True,True,,11,353,1,statsbombpy,
3895333,2024-05-05,9,1. Bundesliga,281,2023/2024,male,Eintracht Frankfurt,Bayer Leverkusen,0,True,True,True,,11,383,1,statsbombpy,
3911553,2024-05-05,182,Liga F,281,2023/2024,female,Levante UD Femenino,Real Sociedad de Fútbol,1,True,True,True,,11,362,1,statsbombpy,
3911554,2024-05-05,182,Liga F,281,2023/2024,female,Madrid CFF,Real Madrid CF W,0,True,True,True,,11,369,1,statsbombpy,
3911555,2024-05-05,182,Liga F,281,2023/2024,female,Real Betis Balompié,Sevilla FC,0,True,True,True,,11,193,1,statsbombpy,
3911557,2024-05-05,182,Liga F,281,2023/2024,female,CD Sporting de Huelva,FC Levante Badalona,0,True,True,True,,11,200,1,statsbombpy,
3912244,2024-05-05,135,Frauen Bundesliga,281,2023/2024,female,SC Freiburg,SGS Essen 19/68,0,True,True,True,,11,299,1,statsbombpy,
3912246,2024-05-05,135,Frauen Bundesliga,281,2023/2024,female,SV Werder Bremen,Duisburg WFC,1,True,True,True,,11,336,1,statsbombpy,
3913177,2024-05-05,37,FA Women's Super League,281,2023/2024,female,Manchester City WFC,Arsenal WFC,0,True,True,True,,11,356,1,statsbombpy,
3913178,2024-05-05,37,FA Women's Super League,281,2023/2024,female,West Ham United LFC,Leicester City WFC,0,True,True,True,,11,240,1,statsbombpy,
3913179,2024-05-05,37,FA Women's Super League,281,2023/2024,female,Liverpool WFC,Manchester United W,1,True,True,True,,11,285,1,statsbombpy,
3913180,2024-05-05,37,FA Women's Super League,281,2023/2024,female,Chelsea FCW,Bristol City WFC,1,True,True,True,,11,477,1,statsbombpy,
3929013,2024-05-05,131,Serie A Women,281,2023/2024,female,AC Milan W,Como W,1,True,True,True,,11,330,1,statsbombpy,
3929014,2024-05-05,131,Serie A Women,281,2023/2024,female,Sampdoria W,Napoli W,1,True,True,True,,11,183,1,statsbombpy,
3929015,2024-05-05,131,Serie A Women,281,2023/2024,female,AS Roma W,FC Internazionale Milano W,1,True,True,True,,11,374,1,statsbombpy,
3912242,2024-05-06,135,Frauen Bundesliga,281,2023/2024,female,Nürnberg W,RB Leipzig W,0,True,True,True,,11,239,1,statsbombpy,
3929012,2024-05-06,131,Serie A Women,281,2023/2024,female,Fiorentina W,Juventus W,0,True,True,True,,11,292,1,statsbombpy,
3911562,2024-05-10,182,Liga F,281,2023/2024,female,Barcelona WFC,Athletic Club Bilbao,1,True,True,True,,11,588,1,statsbombpy,
3911566,2024-05-10,182,Liga F,281,2023/2024,female,Villarreal,SD Eibar,0,True,True,True,,11,236,1,statsbombpy,
3912248,2024-05-10,135,Frauen Bundesliga,281,2023/2024,female,RB Leipzig W,Hoffenheim W,1,True,True,True,,11,214,1,statsbombpy,
3911559,2024-05-11,182,Liga F,281,2023/2024,female,FC Levante Badalona,Levante UD Femenino,0,True,True,True,,11,151,1,statsbombpy,
3911563,2024-05-11,182,Liga F,281,2023/2024,female,Real Madrid CF W,Atletico Madrid W,0,True,True,True,,11,372,1,statsbombpy,
3911564,2024-05-11,182,Liga F,281,2023/2024,female,Granada W,Real Betis Balompié,0,True,True,True,,11,302,1,statsbombpy,
3912249,2024-05-11,135,Frauen Bundesliga,281,2023/2024,female,SGS Essen 19/68,Köln,1,True,True,True,,11,277,1,statsbombpy,
3912251,2024-05-11,135,Frauen Bundesliga,281,2023/2024,female,Duisburg WFC,TSV Bayer 04 Leverkusen,0,True,True,True,,11,163,1,statsbombpy,
3895340,2024-05-12,9,1. Bundesliga,281,2023/2024,male,Bochum,Bayer Leverkusen,0,True,False,False,insufficient_rolling_history,11,169,1,statsbombpy,
3911560,2024-05-12,182,Liga F,281,2023/2024,female,Madrid CFF,Valencia CF,1,True,True,True,,11,303,1,statsbombpy,
3911561,2024-05-12,182,Liga F,281,2023/2024,female,Sevilla FC,CD Sporting de Huelva,1,True,True,True,,11,357,1,statsbombpy,
3911565,2024-05-12,182,Liga F,281,2023/2024,female,Costa Adeje Tenerife,Real Sociedad de Fútbol,0,True,True,True,,11,243,1,statsbombpy,
3912250,2024-05-12,135,Frauen Bundesliga,281,2023/2024,female,SV Werder Bremen,VfL Wolfsburg WFC,0,True,True,True,,11,211,1,statsbombpy,
3912252,2024-05-12,135,Frauen Bundesliga,281,2023/2024,female,Bayern München W,Nürnberg W,1,True,True,True,,11,533,1,statsbombpy,
3929016,2024-05-12,131,Serie A Women,281,2023/2024,female,Napoli W,AC Milan W,0,True,True,True,,11,189,1,statsbombpy,
3929018,2024-05-12,131,Serie A Women,281,2023/2024,female,Como W,Pomigliano,1,True,True,True,,11,366,1,statsbombpy,
3929019,2024-05-12,131,Serie A Women,281,2023/2024,female,FC Internazionale Milano W,Sassuolo W,0,True,True,True,,11,359,1,statsbombpy,
3912253,2024-05-13,135,Frauen Bundesliga,281,2023/2024,female,Eintracht Frankfurt W,SC Freiburg,1,True,True,True,,11,440,1,statsbombpy,
3929017,2024-05-13,131,Serie A Women,281,2023/2024,female,Juventus W,AS Roma W,1,True,True,True,,11,292,1,statsbombpy,
3911629,2024-05-14,182,Liga F,281,2023/2024,female,SD Eibar,Barcelona WFC,0,True,True,True,,11,114,1,statsbombpy,
3913163,2024-05-15,37,FA Women's Super League,281,2023/2024,female,Tottenham Hotspur Women,Chelsea FCW,0,True,True,True,,11,301,1,statsbombpy,
3895348,2024-05-18,9,1. Bundesliga,281,2023/2024,male,Bayer Leverkusen,Augsburg,1,True,True,True,,11,586,1,statsbombpy,
3913183,2024-05-18,37,FA Women's Super League,281,2023/2024,female,Bristol City WFC,Everton LFC,0,True,True,True,,11,316,1,statsbombpy,
3913184,2024-05-18,37,FA Women's Super League,281,2023/2024,female,Aston Villa W,Manchester City WFC,0,True,True,True,,11,239,1,statsbombpy,
3913185,2024-05-18,37,FA Women's Super League,281,2023/2024,female,Arsenal WFC,Brighton & Hove Albion WFC,1,True,True,True,,11,455,1,statsbombpy,
3913186,2024-05-18,37,FA Women's Super League,281,2023/2024,female,Leicester City WFC,Liverpool WFC,0,True,True,True,,11,285,1,statsbombpy,
3913187,2024-05-18,37,FA Women's Super League,281,2023/2024,female,Manchester United W,Chelsea FCW,0,True,True,True,,11,317,1,statsbombpy,
3913188,2024-05-18,37,FA Women's Super League,281,2023/2024,female,Tottenham Hotspur Women,West Ham United LFC,1,True,True,True,,11,367,1,statsbombpy,
3929022,2024-05-18,131,Serie A Women,281,2023/2024,female,AC Milan W,Sampdoria W,1,True,True,True,,11,355,1,statsbombpy,
3929023,2024-05-18,131,Serie A Women,281,2023/2024,female,Sassuolo W,Juventus W,0,True,True,True,,11,277,1,statsbombpy,
3929020,2024-05-19,131,Serie A Women,281,2023/2024,female,AS Roma W,Fiorentina W,1,True,True,True,,11,348,1,statsbombpy,
3929021,2024-05-19,131,Serie A Women,281,2023/2024,female,Pomigliano,Napoli W,1,True,True,True,,11,380,1,statsbombpy,
3912254,2024-05-20,135,Frauen Bundesliga,281,2023/2024,female,TSV Bayer 04 Leverkusen,SV Werder Bremen,0,True,True,True,,11,218,1,statsbombpy,
3912255,2024-05-20,135,Frauen Bundesliga,281,2023/2024,female,Nürnberg W,Duisburg WFC,1,True,True,True,,11,228,1,statsbombpy,
3912256,2024-05-20,135,Frauen Bundesliga,281,2023/2024,female,Hoffenheim W,Bayern München W,0,True,True,True,,11,281,1,statsbombpy,
3912257,2024-05-20,135,Frauen Bundesliga,281,2023/2024,female,Köln,Eintracht Frankfurt W,0,True,True,True,,11,258,1,statsbombpy,
3912258,2024-05-20,135,Frauen Bundesliga,281,2023/2024,female,SC Freiburg,RB Leipzig W,1,True,True,True,,11,279,1,statsbombpy,
3912259,2024-05-20,135,Frauen Bundesliga,281,2023/2024,female,VfL Wolfsburg WFC,SGS Essen 19/68,1,True,True,True,,11,333,1,statsbombpy,
3911625,2024-05-24,182,Liga F,281,2023/2024,female,Atletico Madrid W,FC Levante Badalona,1,True,True,True,,11,603,1,statsbombpy,
3911626,2024-05-24,182,Liga F,281,2023/2024,female,Athletic Club Bilbao,Costa Adeje Tenerife,1,True,True,True,,11,419,1,statsbombpy,
3911627,2024-05-25,182,Liga F,281,2023/2024,female,Levante UD Femenino,Villarreal,1,True,True,True,,11,483,1,statsbombpy,
3911630,2024-05-25,182,Liga F,281,2023/2024,female,CD Sporting de Huelva,Granada W,1,True,True,True,,11,130,1,statsbombpy,
3911628,2024-05-26,182,Liga F,281,2023/2024,female,Real Betis Balompié,Madrid CFF,0,True,True,True,,11,242,1,statsbombpy,
3911631,2024-05-26,182,Liga F,281,2023/2024,female,Real Sociedad de Fútbol,Real Madrid CF W,0,True,True,True,,11,298,1,statsbombpy,
3911632,2024-05-26,182,Liga F,281,2023/2024,female,Valencia CF,Sevilla FC,1,True,True,True,,11,259,1,statsbombpy,
3911633,2024-06-09,182,Liga F,281,2023/2024,female,Villarreal,CD Sporting de Huelva,1,True,True,True,,11,170,1,statsbombpy,
3911634,2024-06-09,182,Liga F,281,2023/2024,female,Sevilla FC,Atletico Madrid W,0,True,True,True,,11,217,1,statsbombpy,
3911635,2024-06-09,182,Liga F,281,2023/2024,female,Costa Adeje Tenerife,SD Eibar,0,True,True,True,,11,406,1,statsbombpy,
3911636,2024-06-09,182,Liga F,281,2023/2024,female,Barcelona WFC,Real Betis Balompié,1,True,True,True,,11,605,1,statsbombpy,
3911637,2024-06-09,182,Liga F,281,2023/2024,female,Real Madrid CF W,Athletic Club Bilbao,1,True,True,True,,11,317,1,statsbombpy,
3911638,2024-06-09,182,Liga F,281,2023/2024,female,Madrid CFF,Real Sociedad de Fútbol,0,True,True,True,,11,440,1,statsbombpy,
3911639,2024-06-09,182,Liga F,281,2023/2024,female,Granada W,Levante UD Femenino,0,True,True,True,,11,196,1,statsbombpy,
3911640,2024-06-09,182,Liga F,281,2023/2024,female,FC Levante Badalona,Valencia CF,1,True,True,True,,11,220,1,statsbombpy,
3911641,2024-06-14,182,Liga F,281,2023/2024,female,CD Sporting de Huelva,Real Madrid CF W,0,True,True,True,,11,152,1,statsbombpy,
3930158,2024-06-14,55,UEFA Euro,282,2024,male,Germany,Scotland,1,True,True,True,,11,573,1,statsbombpy,
3911642,2024-06-15,182,Liga F,281,2023/2024,female,Real Sociedad de Fútbol,FC Levante Badalona,0,True,True,True,,11,445,1,statsbombpy,
3911644,2024-06-15,182,Liga F,281,2023/2024,female,SD Eibar,Granada W,0,True,True,True,,11,241,1,statsbombpy,
3911645,2024-06-15,182,Liga F,281,2023/2024,female,Real Betis Balompié,Costa Adeje Tenerife,1,True,True,True,,11,186,1,statsbombpy,
3911646,2024-06-15,182,Liga F,281,2023/2024,female,Levante UD Femenino,Madrid CFF,1,True,True,True,,11,251,1,statsbombpy,
3911647,2024-06-15,182,Liga F,281,2023/2024,female,Atletico Madrid W,Villarreal,1,True,True,True,,11,409,1,statsbombpy,
3930159,2024-06-15,55,UEFA Euro,282,2024,male,Hungary,Switzerland,0,True,True,True,,11,313,1,statsbombpy,
3930160,2024-06-15,55,UEFA Euro,282,2024,male,Spain,Croatia,1,True,True,True,,11,350,1,statsbombpy,
3930161,2024-06-15,55,UEFA Euro,282,2024,male,Italy,Albania,1,True,False,False,insufficient_rolling_history,11,723,1,statsbombpy,
3911643,2024-06-16,182,Liga F,281,2023/2024,female,Valencia CF,Barcelona WFC,0,True,True,True,,11,206,1,statsbombpy,
3911648,2024-06-16,182,Liga F,281,2023/2024,female,Athletic Club Bilbao,Sevilla FC,1,True,True,True,,11,333,1,statsbombpy,
3930162,2024-06-16,55,UEFA Euro,282,2024,male,Slovenia,Denmark,0,True,False,False,insufficient_rolling_history,11,228,1,statsbombpy,
3930163,2024-06-16,55,UEFA Euro,282,2024,male,Serbia,England,0,True,False,False,insufficient_rolling_history,11,373,1,statsbombpy,
3938637,2024-06-16,55,UEFA Euro,282,2024,male,Poland,Netherlands,0,True,True,True,,11,195,1,statsbombpy,
3930164,2024-06-17,55,UEFA Euro,282,2024,male,Belgium,Slovakia,0,True,True,True,,11,448,1,statsbombpy,
3930165,2024-06-17,55,UEFA Euro,282,2024,male,Austria,France,0,True,True,True,,11,356,1,statsbombpy,
3938638,2024-06-17,55,UEFA Euro,282,2024,male,Romania,Ukraine,1,True,False,False,insufficient_rolling_history,11,167,1,statsbombpy,
3930166,2024-06-18,55,UEFA Euro,282,2024,male,Portugal,Czech Republic,1,True,True,True,,11,590,1,statsbombpy,
3938639,2024-06-18,55,UEFA Euro,282,2024,male,Turkey,Georgia,1,True,False,False,insufficient_rolling_history,11,524,1,statsbombpy,
3930167,2024-06-19,55,UEFA Euro,282,2024,male,Croatia,Albania,0,True,False,False,insufficient_rolling_history,11,527,1,statsbombpy,
3930168,2024-06-19,55,UEFA Euro,282,2024,male,Germany,Hungary,1,True,True,True,,11,587,1,statsbombpy,
3930169,2024-06-19,55,UEFA Euro,282,2024,male,Scotland,Switzerland,0,True,True,True,,11,283,1,statsbombpy,
3930170,2024-06-20,55,UEFA Euro,282,2024,male,Slovenia,Serbia,0,True,False,False,insufficient_rolling_history,11,293,1,statsbombpy,
3930171,2024-06-20,55,UEFA Euro,282,2024,male,Denmark,England,0,True,True,True,,11,426,1,statsbombpy,
3930172,2024-06-20,55,UEFA Euro,282,2024,male,Spain,Italy,1,True,True,True,,11,538,1,statsbombpy,
3930173,2024-06-21,55,UEFA Euro,282,2024,male,Netherlands,France,0,True,True,True,,11,305,1,statsbombpy,
3938640,2024-06-21,55,UEFA Euro,282,2024,male,Slovakia,Ukraine,0,True,True,True,,11,458,1,statsbombpy,
3938641,2024-06-21,55,UEFA Euro,282,2024,male,Poland,Austria,0,True,True,True,,11,293,1,statsbombpy,
3939969,2024-06-21,223,Copa America,282,2024,male,Argentina,Canada,1,True,False,False,insufficient_rolling_history,11,546,1,statsbombpy,
3930174,2024-06-22,55,UEFA Euro,282,2024,male,Turkey,Portugal,0,True,True,True,,11,273,1,statsbombpy,
3930175,2024-06-22,55,UEFA Euro,282,2024,male,Belgium,Romania,1,True,False,False,insufficient_rolling_history,11,364,1,statsbombpy,
3938642,2024-06-22,55,UEFA Euro,282,2024,male,Georgia,Czech Republic,0,True,False,False,insufficient_rolling_history,11,230,1,statsbombpy,
3939970,2024-06-22,223,Copa America,282,2024,male,Peru,Chile,0,True,False,False,insufficient_rolling_history,11,180,1,statsbombpy,
3939972,2024-06-22,223,Copa America,282,2024,male,Ecuador,Venezuela,0,True,False,False,insufficient_rolling_history,11,176,1,statsbombpy,
3930176,2024-06-23,55,UEFA Euro,282,2024,male,Switzerland,Germany,0,True,True,True,,11,239,1,statsbombpy,
3930177,2024-06-23,55,UEFA Euro,282,2024,male,Scotland,Hungary,0,True,True,True,,11,398,1,statsbombpy,
3939971,2024-06-23,223,Copa America,282,2024,male,Mexico,Jamaica,1,True,False,False,insufficient_rolling_history,11,387,1,statsbombpy,
3939974,2024-06-23,223,Copa America,282,2024,male,United States,Bolivia,1,True,False,False,insufficient_rolling_history,11,368,1,statsbombpy,
3930178,2024-06-24,55,UEFA Euro,282,2024,male,Croatia,Italy,0,True,True,True,,11,413,1,statsbombpy,
3930179,2024-06-24,55,UEFA Euro,282,2024,male,Albania,Spain,0,True,False,False,insufficient_rolling_history,11,302,1,statsbombpy,
3939973,2024-06-24,223,Copa America,282,2024,male,Uruguay,Panama,1,True,False,False,insufficient_rolling_history,11,292,1,statsbombpy,
3939975,2024-06-24,223,Copa America,282,2024,male,Colombia,Paraguay,1,True,False,False,insufficient_rolling_history,11,410,1,statsbombpy,
3930180,2024-06-25,55,UEFA Euro,282,2024,male,Netherlands,Austria,0,True,True,True,,11,305,1,statsbombpy,
3930181,2024-06-25,55,UEFA Euro,282,2024,male,England,Slovenia,0,True,False,False,insufficient_rolling_history,11,622,1,statsbombpy,
3930182,2024-06-25,55,UEFA Euro,282,2024,male,Denmark,Serbia,0,True,False,False,insufficient_rolling_history,11,447,1,statsbombpy,
3938643,2024-06-25,55,UEFA Euro,282,2024,male,France,Poland,0,True,True,True,,11,450,1,statsbombpy,
3939976,2024-06-25,223,Copa America,282,2024,male,Brazil,Costa Rica,0,True,False,False,insufficient_rolling_history,11,601,1,statsbombpy,
3939978,2024-06-25,223,Copa America,282,2024,male,Peru,Canada,0,True,False,False,insufficient_rolling_history,11,213,1,statsbombpy,
3930183,2024-06-26,55,UEFA Euro,282,2024,male,Slovakia,Romania,0,True,False,False,insufficient_rolling_history,11,365,1,statsbombpy,
3930184,2024-06-26,55,UEFA Euro,282,2024,male,Czech Republic,Turkey,0,True,True,True,,11,149,1,statsbombpy,
3938644,2024-06-26,55,UEFA Euro,282,2024,male,Georgia,Portugal,1,True,False,False,insufficient_rolling_history,11,197,1,statsbombpy,
3938645,2024-06-26,55,UEFA Euro,282,2024,male,Ukraine,Belgium,0,True,True,True,,11,270,1,statsbombpy,
3939977,2024-06-26,223,Copa America,282,2024,male,Chile,Argentina,0,True,False,False,insufficient_rolling_history,11,275,1,statsbombpy,
3939980,2024-06-26,223,Copa America,282,2024,male,Ecuador,Jamaica,1,True,False,False,insufficient_rolling_history,11,230,1,statsbombpy,
3939979,2024-06-27,223,Copa America,282,2024,male,Venezuela,Mexico,1,True,False,False,insufficient_rolling_history,11,234,1,statsbombpy,
3939981,2024-06-27,223,Copa America,282,2024,male,Panama,United States,1,True,False,False,insufficient_rolling_history,11,451,1,statsbombpy,
3939982,2024-06-28,223,Copa America,282,2024,male,Uruguay,Bolivia,1,True,False,False,insufficient_rolling_history,11,415,1,statsbombpy,
3939984,2024-06-28,223,Copa America,282,2024,male,Colombia,Costa Rica,1,True,False,False,insufficient_rolling_history,11,390,1,statsbombpy,
3939983,2024-06-29,223,Copa America,282,2024,male,Paraguay,Brazil,0,True,False,False,insufficient_rolling_history,11,319,1,statsbombpy,
3940878,2024-06-29,55,UEFA Euro,282,2024,male,Switzerland,Italy,1,True,True,True,,11,450,1,statsbombpy,
3940983,2024-06-29,55,UEFA Euro,282,2024,male,Germany,Denmark,1,True,True,True,,11,433,1,statsbombpy,
3939985,2024-06-30,223,Copa America,282,2024,male,Canada,Chile,0,True,False,False,insufficient_rolling_history,11,337,1,statsbombpy,
3939986,2024-06-30,223,Copa America,282,2024,male,Argentina,Peru,1,True,False,False,insufficient_rolling_history,11,510,1,statsbombpy,
3941017,2024-06-30,55,UEFA Euro,282,2024,male,England,Slovakia,1,True,True,True,,11,673,1,statsbombpy,
3941018,2024-06-30,55,UEFA Euro,282,2024,male,Spain,Georgia,1,True,True,True,,11,670,1,statsbombpy,
3939987,2024-07-01,223,Copa America,282,2024,male,Jamaica,Venezuela,0,True,False,False,insufficient_rolling_history,11,257,1,statsbombpy,
3939988,2024-07-01,223,Copa America,282,2024,male,Mexico,Ecuador,0,True,False,False,insufficient_rolling_history,11,304,1,statsbombpy,
3941019,2024-07-01,55,UEFA Euro,282,2024,male,France,Belgium,1,True,True,True,,11,569,1,statsbombpy,
3941020,2024-07-01,55,UEFA Euro,282,2024,male,Portugal,Slovenia,0,True,True,True,,11,640,1,statsbombpy,
3939989,2024-07-02,223,Copa America,282,2024,male,Bolivia,Panama,0,True,False,False,insufficient_rolling_history,11,290,1,statsbombpy,
3939990,2024-07-02,223,Copa America,282,2024,male,United States,Uruguay,0,True,False,False,insufficient_rolling_history,11,240,1,statsbombpy,
3941021,2024-07-02,55,UEFA Euro,282,2024,male,Romania,Netherlands,0,True,True,True,,11,197,1,statsbombpy,
3941022,2024-07-02,55,UEFA Euro,282,2024,male,Austria,Turkey,0,True,True,True,,11,380,1,statsbombpy,
3939991,2024-07-03,223,Copa America,282,2024,male,Brazil,Colombia,0,True,False,False,insufficient_rolling_history,11,285,1,statsbombpy,
3939992,2024-07-03,223,Copa America,282,2024,male,Costa Rica,Paraguay,1,True,False,False,insufficient_rolling_history,11,169,1,statsbombpy,
3942226,2024-07-05,55,UEFA Euro,282,2024,male,Spain,Germany,1,True,True,True,,11,353,1,statsbombpy,
3942228,2024-07-05,223,Copa America,282,2024,male,Argentina,Ecuador,0,True,True,True,,11,300,1,statsbombpy,
3942349,2024-07-05,55,UEFA Euro,282,2024,male,Portugal,France,0,True,True,True,,11,665,1,statsbombpy,
3942227,2024-07-06,55,UEFA Euro,282,2024,male,England,Switzerland,0,True,True,True,,11,530,1,statsbombpy,
3942229,2024-07-06,223,Copa America,282,2024,male,Venezuela,Canada,0,True,True,True,,11,320,1,statsbombpy,
3942382,2024-07-06,55,UEFA Euro,282,2024,male,Netherlands,Turkey,1,True,True,True,,11,456,1,statsbombpy,
3942416,2024-07-06,223,Copa America,282,2024,male,Colombia,Panama,1,True,True,True,,11,272,1,statsbombpy,
3942415,2024-07-07,223,Copa America,282,2024,male,Uruguay,Brazil,0,True,True,True,,11,163,1,statsbombpy,
3942752,2024-07-09,55,UEFA Euro,282,2024,male,Spain,France,1,True,True,True,,11,400,1,statsbombpy,
3942785,2024-07-10,223,Copa America,282,2024,male,Argentina,Canada,1,True,True,True,,11,394,1,statsbombpy,
3942819,2024-07-10,55,UEFA Euro,282,2024,male,Netherlands,England,0,True,True,True,,11,371,1,statsbombpy,
3942852,2024-07-11,223,Copa America,282,2024,male,Uruguay,Colombia,0,True,True,True,,11,296,1,statsbombpy,
3943043,2024-07-14,55,UEFA Euro,282,2024,male,Spain,England,1,True,True,True,,11,459,1,statsbombpy,
3943076,2024-07-14,223,Copa America,282,2024,male,Canada,Uruguay,0,True,True,True,,11,234,1,statsbombpy,
3943077,2024-07-15,223,Copa America,282,2024,male,Argentina,Colombia,1,True,True,True,,11,359,1,statsbombpy,
3998836,2025-07-02,53,UEFA Women's Euro,315,2025,female,Iceland Women's,WNT Finland,0,True,True,True,,11,183,1,statsbombpy,
3998837,2025-07-02,53,UEFA Women's Euro,315,2025,female,Switzerland Women's,Norway Women's,0,True,True,True,,11,360,1,statsbombpy,
3998838,2025-07-03,53,UEFA Women's Euro,315,2025,female,Belgium Women's,Italy Women's,0,True,True,True,,11,315,1,statsbombpy,
3998839,2025-07-03,53,UEFA Women's Euro,315,2025,female,Spain Women's,Portugal Women's,1,True,True,True,,11,478,1,statsbombpy,
3998840,2025-07-04,53,UEFA Women's Euro,315,2025,female,Germany Women's,Poland Women's,1,True,False,False,insufficient_rolling_history,11,458,1,statsbombpy,
3998841,2025-07-04,53,UEFA Women's Euro,315,2025,female,Denmark Women's,Sweden Women's,0,True,True,True,,11,181,1,statsbombpy,
3998842,2025-07-05,53,UEFA Women's Euro,315,2025,female,Wales W,Netherlands Women's,0,True,False,False,insufficient_rolling_history,11,149,1,statsbombpy,
3998843,2025-07-05,53,UEFA Women's Euro,315,2025,female,France Women's,England Women's,1,True,True,True,,11,239,1,statsbombpy,
3998844,2025-07-06,53,UEFA Women's Euro,315,2025,female,Switzerland Women's,Iceland Women's,1,True,True,True,,11,261,1,statsbombpy,
3998845,2025-07-06,53,UEFA Women's Euro,315,2025,female,Norway Women's,WNT Finland,1,True,True,True,,11,251,1,statsbombpy,
3998846,2025-07-07,53,UEFA Women's Euro,315,2025,female,Portugal Women's,Italy Women's,0,True,True,True,,11,267,1,statsbombpy,
3998847,2025-07-07,53,UEFA Women's Euro,315,2025,female,Spain Women's,Belgium Women's,1,True,True,True,,11,621,1,statsbombpy,
3998848,2025-07-08,53,UEFA Women's Euro,315,2025,female,Poland Women's,Sweden Women's,0,True,False,False,insufficient_rolling_history,11,206,1,statsbombpy,
3998849,2025-07-08,53,UEFA Women's Euro,315,2025,female,Germany Women's,Denmark Women's,1,True,True,True,,11,472,1,statsbombpy,
3998850,2025-07-09,53,UEFA Women's Euro,315,2025,female,France Women's,Wales W,1,True,False,False,insufficient_rolling_history,11,471,1,statsbombpy,
3998851,2025-07-09,53,UEFA Women's Euro,315,2025,female,England Women's,Netherlands Women's,1,True,True,True,,11,308,1,statsbombpy,
3998852,2025-07-10,53,UEFA Women's Euro,315,2025,female,WNT Finland,Switzerland Women's,0,True,True,True,,11,356,1,statsbombpy,
3998853,2025-07-10,53,UEFA Women's Euro,315,2025,female,Norway Women's,Iceland Women's,1,True,True,True,,11,355,1,statsbombpy,
3998854,2025-07-11,53,UEFA Women's Euro,315,2025,female,Portugal Women's,Belgium Women's,0,True,True,True,,11,281,1,statsbombpy,
3998855,2025-07-11,53,UEFA Women's Euro,315,2025,female,Italy Women's,Spain Women's,0,True,True,True,,11,194,1,statsbombpy,
3998856,2025-07-12,53,UEFA Women's Euro,315,2025,female,Sweden Women's,Germany Women's,1,True,True,True,,11,260,1,statsbombpy,
3998857,2025-07-12,53,UEFA Women's Euro,315,2025,female,Poland Women's,Denmark Women's,1,True,False,False,insufficient_rolling_history,11,296,1,statsbombpy,
3998858,2025-07-13,53,UEFA Women's Euro,315,2025,female,England Women's,Wales W,1,True,False,False,insufficient_rolling_history,11,581,1,statsbombpy,
3998859,2025-07-13,53,UEFA Women's Euro,315,2025,female,Netherlands Women's,France Women's,0,True,True,True,,11,252,1,statsbombpy,
4018354,2025-07-16,53,UEFA Women's Euro,315,2025,female,Norway Women's,Italy Women's,0,True,True,True,,11,306,1,statsbombpy,
4018355,2025-07-17,53,UEFA Women's Euro,315,2025,female,Sweden Women's,England Women's,0,True,True,True,,11,213,1,statsbombpy,
4018356,2025-07-18,53,UEFA Women's Euro,315,2025,female,Spain Women's,Switzerland Women's,1,True,True,True,,11,513,1,statsbombpy,
4018357,2025-07-19,53,UEFA Women's Euro,315,2025,female,France Women's,Germany Women's,0,True,True,True,,11,483,1,statsbombpy,
4020005,2025-07-22,53,UEFA Women's Euro,315,2025,female,England Women's,Italy Women's,1,True,True,True,,11,454,1,statsbombpy,
4020077,2025-07-23,53,UEFA Women's Euro,315,2025,female,Germany Women's,Spain Women's,0,True,True,True,,11,231,1,statsbombpy,
4020846,2025-07-27,53,UEFA Women's Euro,315,2025,female,England Women's,Spain Women's,0,True,True,True,,11,302,1,statsbombpy,
