match_id,date,competition_id,competition_name,season_id,category,home_team,away_team,cohort,protocol,fold,seed,model,true_label,predicted_class,predicted_score,gate_value
3825637,2015-10-25,11,La Liga,27,male,Barcelona,Eibar,elite,experiment4_reduced_feature_robustness,1,142,A-MLP,1,1,0.5877716541290283,
3825638,2015-10-25,11,La Liga,27,male,Atlético Madrid,Valencia,elite,experiment4_reduced_feature_robustness,1,142,A-MLP,1,1,0.6519788503646851,
3825639,2015-10-25,11,La Liga,27,male,Las Palmas,Villarreal,elite,experiment4_reduced_feature_robustness,1,142,A-MLP,0,0,0.4038355350494385,
3825640,2015-10-25,11,La Liga,27,male,Levante UD,Real Sociedad,elite,experiment4_reduced_feature_robustness,1,142,A-MLP,0,0,0.3260850608348846,
3825641,2015-10-26,11,La Liga,27,male,Athletic Club,Sporting Gijón,elite,experiment4_reduced_feature_robustness,1,142,A-MLP,1,1,0.6165328621864319,
3825642,2015-10-30,11,La Liga,27,male,RC Deportivo La Coruña,Atlético Madrid,elite,experiment4_reduced_feature_robustness,1,142,A-MLP,0,0,0.2779272794723511,
3825643,2015-10-31,11,La Liga,27,male,Real Madrid,Las Palmas,elite,experiment4_reduced_feature_robustness,1,142,A-MLP,1,1,0.5580199360847473,
3825644,2015-10-31,11,La Liga,27,male,Real Sociedad,Celta Vigo,elite,experiment4_reduced_feature_robustness,1,142,A-MLP,0,0,0.4657201170921325,
3825645,2015-10-31,11,La Liga,27,male,Getafe,Barcelona,elite,experiment4_reduced_feature_robustness,1,142,A-MLP,0,0,0.1884625554084777,
3825646,2015-10-31,11,La Liga,27,male,Villarreal,Sevilla,elite,experiment4_reduced_feature_robustness,1,142,A-MLP,1,0,0.2197253853082656,
3825647,2015-10-31,11,La Liga,27,male,Valencia,Levante UD,elite,experiment4_reduced_feature_robustness,1,142,A-MLP,1,0,0.2396925389766693,
3825648,2015-11-01,11,La Liga,27,male,Eibar,Rayo Vallecano,elite,experiment4_reduced_feature_robustness,1,142,A-MLP,1,0,0.335417777299881,
3825649,2015-11-01,11,La Liga,27,male,Sporting Gijón,Málaga,elite,experiment4_reduced_feature_robustness,1,142,A-MLP,1,0,0.2467159777879715,
3825650,2015-11-01,11,La Liga,27,male,Real Betis,Athletic Club,elite,experiment4_reduced_feature_robustness,1,142,A-MLP,0,0,0.2317110747098922,
3825651,2015-11-01,11,La Liga,27,male,Espanyol,Granada,elite,experiment4_reduced_feature_robustness,1,142,A-MLP,0,0,0.474158763885498,
3825652,2015-11-06,11,La Liga,27,male,Las Palmas,Real Sociedad,elite,experiment4_reduced_feature_robustness,1,142,A-MLP,1,0,0.2357517629861831,
3825653,2015-11-07,11,La Liga,27,male,Eibar,Getafe,elite,experiment4_reduced_feature_robustness,1,142,A-MLP,1,1,0.6404312252998352,
3825654,2015-11-07,11,La Liga,27,male,Celta Vigo,Valencia,elite,experiment4_reduced_feature_robustness,1,142,A-MLP,0,1,0.5088068842887878,
3825655,2015-11-07,11,La Liga,27,male,Rayo Vallecano,Granada,elite,experiment4_reduced_feature_robustness,1,142,A-MLP,1,1,0.5253881812095642,
3825656,2015-11-07,11,La Liga,27,male,Levante UD,RC Deportivo La Coruña,elite,experiment4_reduced_feature_robustness,1,142,A-MLP,0,0,0.287579745054245,
3825657,2015-11-07,11,La Liga,27,male,Málaga,Real Betis,elite,experiment4_reduced_feature_robustness,1,142,A-MLP,0,1,0.6109179258346558,
3825658,2015-11-08,11,La Liga,27,male,Atlético Madrid,Sporting Gijón,elite,experiment4_reduced_feature_robustness,1,142,A-MLP,1,1,0.7168980836868286,
3825659,2015-11-08,11,La Liga,27,male,Athletic Club,Espanyol,elite,experiment4_reduced_feature_robustness,1,142,A-MLP,1,1,0.7872655987739563,
3825660,2015-11-08,11,La Liga,27,male,Barcelona,Villarreal,elite,experiment4_reduced_feature_robustness,1,142,A-MLP,1,1,0.5746046304702759,
3825661,2015-11-08,11,La Liga,27,male,Sevilla,Real Madrid,elite,experiment4_reduced_feature_robustness,1,142,A-MLP,1,1,0.6180753111839294,
266424,2015-11-21,11,La Liga,27,male,Real Madrid,Barcelona,elite,experiment4_reduced_feature_robustness,1,142,A-MLP,0,0,0.4664219319820404,
3825662,2015-11-21,11,La Liga,27,male,RC Deportivo La Coruña,Celta Vigo,elite,experiment4_reduced_feature_robustness,1,142,A-MLP,1,0,0.3933054804801941,
3825663,2015-11-21,11,La Liga,27,male,Espanyol,Málaga,elite,experiment4_reduced_feature_robustness,1,142,A-MLP,1,0,0.2517001330852508,
3825664,2015-11-21,11,La Liga,27,male,Real Sociedad,Sevilla,elite,experiment4_reduced_feature_robustness,1,142,A-MLP,1,1,0.5284630656242371,
3825888,2015-11-21,11,La Liga,27,male,Valencia,Las Palmas,elite,experiment4_reduced_feature_robustness,1,142,A-MLP,0,1,0.5771392583847046,
3825665,2015-11-22,11,La Liga,27,male,Granada,Athletic Club,elite,experiment4_reduced_feature_robustness,1,142,A-MLP,1,0,0.3078658580780029,
3825666,2015-11-22,11,La Liga,27,male,Real Betis,Atlético Madrid,elite,experiment4_reduced_feature_robustness,1,142,A-MLP,0,0,0.1381868720054626,
3825667,2015-11-22,11,La Liga,27,male,Villarreal,Eibar,elite,experiment4_reduced_feature_robustness,1,142,A-MLP,0,0,0.3422510027885437,
3825668,2015-11-22,11,La Liga,27,male,Sporting Gijón,Levante UD,elite,experiment4_reduced_feature_robustness,1,142,A-MLP,0,0,0.3000175058841705,
3825669,2015-11-23,11,La Liga,27,male,Getafe,Rayo Vallecano,elite,experiment4_reduced_feature_robustness,1,142,A-MLP,0,0,0.0872273370623588,
3825670,2015-11-27,11,La Liga,27,male,Levante UD,Real Betis,elite,experiment4_reduced_feature_robustness,1,142,A-MLP,0,1,0.6947751641273499,
266885,2015-11-28,11,La Liga,27,male,Barcelona,Real Sociedad,elite,experiment4_reduced_feature_robustness,1,142,A-MLP,1,1,0.7273151874542236,
3825671,2015-11-28,11,La Liga,27,male,Celta Vigo,Sporting Gijón,elite,experiment4_reduced_feature_robustness,1,142,A-MLP,1,0,0.4628447890281677,
3825672,2015-11-28,11,La Liga,27,male,Málaga,Granada,elite,experiment4_reduced_feature_robustness,1,142,A-MLP,0,1,0.5385134816169739,
3825673,2015-11-28,11,La Liga,27,male,Las Palmas,RC Deportivo La Coruña,elite,experiment4_reduced_feature_robustness,1,142,A-MLP,0,1,0.5818824172019958,
3825674,2015-11-28,11,La Liga,27,male,Atlético Madrid,Espanyol,elite,experiment4_reduced_feature_robustness,1,142,A-MLP,1,1,0.6727308630943298,
3825675,2015-11-29,11,La Liga,27,male,Rayo Vallecano,Athletic Club,elite,experiment4_reduced_feature_robustness,1,142,A-MLP,0,0,0.2945138812065124,
3825676,2015-11-29,11,La Liga,27,male,Getafe,Villarreal,elite,experiment4_reduced_feature_robustness,1,142,A-MLP,1,0,0.4693978130817413,
3825677,2015-11-29,11,La Liga,27,male,Sevilla,Valencia,elite,experiment4_reduced_feature_robustness,1,142,A-MLP,1,0,0.3600720167160034,
3825678,2015-11-29,11,La Liga,27,male,Eibar,Real Madrid,elite,experiment4_reduced_feature_robustness,1,142,A-MLP,0,1,0.5582042336463928,
267274,2015-12-05,11,La Liga,27,male,Valencia,Barcelona,elite,experiment4_reduced_feature_robustness,1,142,A-MLP,0,0,0.1131142452359199,
3825679,2015-12-05,11,La Liga,27,male,Real Betis,Celta Vigo,elite,experiment4_reduced_feature_robustness,1,142,A-MLP,0,0,0.3217757940292358,
3825680,2015-12-05,11,La Liga,27,male,RC Deportivo La Coruña,Sevilla,elite,experiment4_reduced_feature_robustness,1,142,A-MLP,0,0,0.3747938275337219,
3825681,2015-12-05,11,La Liga,27,male,Real Madrid,Getafe,elite,experiment4_reduced_feature_robustness,1,142,A-MLP,1,0,0.4743062555789947,
3825682,2015-12-05,11,La Liga,27,male,Granada,Atlético Madrid,elite,experiment4_reduced_feature_robustness,1,142,A-MLP,0,0,0.1912276446819305,
3825683,2015-12-06,11,La Liga,27,male,Real Sociedad,Eibar,elite,experiment4_reduced_feature_robustness,1,142,A-MLP,1,0,0.4442456364631653,
3825684,2015-12-06,11,La Liga,27,male,Villarreal,Rayo Vallecano,elite,experiment4_reduced_feature_robustness,1,142,A-MLP,1,0,0.2232387810945511,
3825685,2015-12-06,11,La Liga,27,male,Sporting Gijón,Las Palmas,elite,experiment4_reduced_feature_robustness,1,142,A-MLP,1,0,0.3128084540367126,
3825686,2015-12-06,11,La Liga,27,male,Athletic Club,Málaga,elite,experiment4_reduced_feature_robustness,1,142,A-MLP,0,0,0.4793727695941925,
3825687,2015-12-07,11,La Liga,27,male,Espanyol,Levante UD,elite,experiment4_reduced_feature_robustness,1,142,A-MLP,0,0,0.2255921065807342,
3825688,2015-12-11,11,La Liga,27,male,Getafe,Real Sociedad,elite,experiment4_reduced_feature_robustness,1,142,A-MLP,0,1,0.5417401790618896,
266961,2015-12-12,11,La Liga,27,male,Barcelona,RC Deportivo La Coruña,elite,experiment4_reduced_feature_robustness,1,142,A-MLP,0,1,0.6768010854721069,
3825689,2015-12-12,11,La Liga,27,male,Celta Vigo,Espanyol,elite,experiment4_reduced_feature_robustness,1,142,A-MLP,1,1,0.5511941909790039,
3825690,2015-12-12,11,La Liga,27,male,Las Palmas,Real Betis,elite,experiment4_reduced_feature_robustness,1,142,A-MLP,1,0,0.2755048274993896,
3825691,2015-12-12,11,La Liga,27,male,Levante UD,Granada,elite,experiment4_reduced_feature_robustness,1,142,A-MLP,0,1,0.7270028591156006,
3825692,2015-12-12,11,La Liga,27,male,Sevilla,Sporting Gijón,elite,experiment4_reduced_feature_robustness,1,142,A-MLP,1,1,0.5353535413742065,
3825693,2015-12-13,11,La Liga,27,male,Atlético Madrid,Athletic Club,elite,experiment4_reduced_feature_robustness,1,142,A-MLP,1,1,0.538888156414032,
3825694,2015-12-13,11,La Liga,27,male,Eibar,Valencia,elite,experiment4_reduced_feature_robustness,1,142,A-MLP,0,1,0.605021595954895,
3825695,2015-12-13,11,La Liga,27,male,Villarreal,Real Madrid,elite,experiment4_reduced_feature_robustness,1,142,A-MLP,1,0,0.2968565225601196,
3825696,2015-12-13,11,La Liga,27,male,Rayo Vallecano,Málaga,elite,experiment4_reduced_feature_robustness,1,142,A-MLP,0,0,0.2818568050861358,
3825697,2015-12-19,11,La Liga,27,male,Valencia,Getafe,elite,experiment4_reduced_feature_robustness,1,142,A-MLP,0,0,0.1521162539720535,
3825698,2015-12-19,11,La Liga,27,male,RC Deportivo La Coruña,Eibar,elite,experiment4_reduced_feature_robustness,1,142,A-MLP,1,1,0.501346230506897,
3825699,2015-12-19,11,La Liga,27,male,Real Betis,Sevilla,elite,experiment4_reduced_feature_robustness,1,142,A-MLP,0,0,0.2838712036609649,
3825891,2015-12-19,11,La Liga,27,male,Espanyol,Las Palmas,elite,experiment4_reduced_feature_robustness,1,142,A-MLP,1,0,0.3131488859653473,
3825700,2015-12-20,11,La Liga,27,male,Real Madrid,Rayo Vallecano,elite,experiment4_reduced_feature_robustness,1,142,A-MLP,1,1,0.7517553567886353,
3825701,2015-12-20,11,La Liga,27,male,Málaga,Atlético Madrid,elite,experiment4_reduced_feature_robustness,1,142,A-MLP,1,0,0.4035115838050842,
3825702,2015-12-20,11,La Liga,27,male,Real Sociedad,Villarreal,elite,experiment4_reduced_feature_robustness,1,142,A-MLP,0,0,0.4485383629798889,
3825703,2015-12-20,11,La Liga,27,male,Athletic Club,Levante UD,elite,experiment4_reduced_feature_robustness,1,142,A-MLP,1,0,0.4848439991474151,
3825704,2015-12-20,11,La Liga,27,male,Granada,Celta Vigo,elite,experiment4_reduced_feature_robustness,1,142,A-MLP,0,0,0.4350959956645965,
267327,2015-12-30,11,La Liga,27,male,Barcelona,Real Betis,elite,experiment4_reduced_feature_robustness,1,142,A-MLP,1,1,0.5476871132850647,
3825705,2015-12-30,11,La Liga,27,male,Eibar,Sporting Gijón,elite,experiment4_reduced_feature_robustness,1,142,A-MLP,1,0,0.4842818975448608,
3825706,2015-12-30,11,La Liga,27,male,Celta Vigo,Athletic Club,elite,experiment4_reduced_feature_robustness,1,142,A-MLP,0,0,0.1986901313066482,
3825707,2015-12-30,11,La Liga,27,male,Las Palmas,Granada,elite,experiment4_reduced_feature_robustness,1,142,A-MLP,1,0,0.3991604745388031,
3825708,2015-12-30,11,La Liga,27,male,Levante UD,Málaga,elite,experiment4_reduced_feature_robustness,1,142,A-MLP,0,0,0.2872951328754425,
3825709,2015-12-30,11,La Liga,27,male,Sevilla,Espanyol,elite,experiment4_reduced_feature_robustness,1,142,A-MLP,1,1,0.5669227242469788,
3825710,2015-12-30,11,La Liga,27,male,Real Madrid,Real Sociedad,elite,experiment4_reduced_feature_robustness,1,142,A-MLP,1,1,0.7167836427688599,
3825711,2015-12-30,11,La Liga,27,male,Rayo Vallecano,Atlético Madrid,elite,experiment4_reduced_feature_robustness,1,142,A-MLP,0,0,0.1525851786136627,
3825712,2015-12-30,11,La Liga,27,male,Getafe,RC Deportivo La Coruña,elite,experiment4_reduced_feature_robustness,1,142,A-MLP,0,0,0.2922309935092926,
3825713,2015-12-31,11,La Liga,27,male,Villarreal,Valencia,elite,experiment4_reduced_feature_robustness,1,142,A-MLP,1,1,0.5475736856460571,
266670,2016-01-02,11,La Liga,27,male,Espanyol,Barcelona,elite,experiment4_reduced_feature_robustness,1,142,A-MLP,0,0,0.1886520385742187,
3825714,2016-01-02,11,La Liga,27,male,Atlético Madrid,Levante UD,elite,experiment4_reduced_feature_robustness,1,142,A-MLP,1,1,0.6608731150627136,
3825715,2016-01-02,11,La Liga,27,male,Málaga,Celta Vigo,elite,experiment4_reduced_feature_robustness,1,142,A-MLP,1,1,0.620404839515686,
3825716,2016-01-03,11,La Liga,27,male,Rayo Vallecano,Real Sociedad,elite,experiment4_reduced_feature_robustness,1,142,A-MLP,0,0,0.194191962480545,
3825717,2016-01-03,11,La Liga,27,male,Granada,Sevilla,elite,experiment4_reduced_feature_robustness,1,142,A-MLP,1,0,0.2316899597644806,
3825718,2016-01-03,11,La Liga,27,male,Valencia,Real Madrid,elite,experiment4_reduced_feature_robustness,1,142,A-MLP,0,0,0.1980724781751632,
3825719,2016-01-03,11,La Liga,27,male,Athletic Club,Las Palmas,elite,experiment4_reduced_feature_robustness,1,142,A-MLP,0,1,0.6249266862869263,
3825720,2016-01-03,11,La Liga,27,male,Real Betis,Eibar,elite,experiment4_reduced_feature_robustness,1,142,A-MLP,0,0,0.1517588496208191,
3825721,2016-01-03,11,La Liga,27,male,RC Deportivo La Coruña,Villarreal,elite,experiment4_reduced_feature_robustness,1,142,A-MLP,0,0,0.3543573915958404,
3825722,2016-01-04,11,La Liga,27,male,Sporting Gijón,Getafe,elite,experiment4_reduced_feature_robustness,1,142,A-MLP,0,0,0.4046761393547058,
266620,2016-01-09,11,La Liga,27,male,Barcelona,Granada,elite,experiment4_reduced_feature_robustness,1,142,A-MLP,1,1,0.720587432384491,
3825723,2016-01-09,11,La Liga,27,male,Levante UD,Rayo Vallecano,elite,experiment4_reduced_feature_robustness,1,142,A-MLP,1,1,0.5776988863945007,
3825724,2016-01-09,11,La Liga,27,male,Real Madrid,RC Deportivo La Coruña,elite,experiment4_reduced_feature_robustness,1,142,A-MLP,1,1,0.7500922083854675,
3825725,2016-01-09,11,La Liga,27,male,Getafe,Real Betis,elite,experiment4_reduced_feature_robustness,1,142,A-MLP,1,1,0.5017235279083252,
3825726,2016-01-09,11,La Liga,27,male,Sevilla,Athletic Club,elite,experiment4_reduced_feature_robustness,1,142,A-MLP,1,0,0.4499652981758117,
3825727,2016-01-10,11,La Liga,27,male,Eibar,Espanyol,elite,experiment4_reduced_feature_robustness,1,142,A-MLP,1,1,0.5947206020355225,
3825728,2016-01-10,11,La Liga,27,male,Celta Vigo,Atlético Madrid,elite,experiment4_reduced_feature_robustness,1,142,A-MLP,0,0,0.1850430816411972,
3825729,2016-01-10,11,La Liga,27,male,Villarreal,Sporting Gijón,elite,experiment4_reduced_feature_robustness,1,142,A-MLP,1,0,0.4809005558490753,
3825730,2016-01-10,11,La Liga,27,male,Real Sociedad,Valencia,elite,experiment4_reduced_feature_robustness,1,142,A-MLP,1,0,0.2457921206951141,
3825731,2016-01-10,11,La Liga,27,male,Las Palmas,Málaga,elite,experiment4_reduced_feature_robustness,1,142,A-MLP,0,0,0.3465841114521026,
3825732,2016-01-16,11,La Liga,27,male,Celta Vigo,Levante UD,elite,experiment4_reduced_feature_robustness,1,142,A-MLP,1,0,0.3332798182964325,
3825733,2016-01-16,11,La Liga,27,male,Sevilla,Málaga,elite,experiment4_reduced_feature_robustness,1,142,A-MLP,1,1,0.5003514289855957,
3825734,2016-01-16,11,La Liga,27,male,Real Sociedad,RC Deportivo La Coruña,elite,experiment4_reduced_feature_robustness,1,142,A-MLP,0,0,0.4769266545772552,
3825735,2016-01-16,11,La Liga,27,male,Villarreal,Real Betis,elite,experiment4_reduced_feature_robustness,1,142,A-MLP,0,1,0.5428653359413147,
266149,2016-01-17,11,La Liga,27,male,Barcelona,Athletic Club,elite,experiment4_reduced_feature_robustness,1,142,A-MLP,1,1,0.6540305614471436,
3825736,2016-01-17,11,La Liga,27,male,Valencia,Rayo Vallecano,elite,experiment4_reduced_feature_robustness,1,142,A-MLP,0,0,0.475900650024414,
3825737,2016-01-17,11,La Liga,27,male,Getafe,Espanyol,elite,experiment4_reduced_feature_robustness,1,142,A-MLP,1,1,0.7417497634887695,
3825738,2016-01-17,11,La Liga,27,male,Las Palmas,Atlético Madrid,elite,experiment4_reduced_feature_robustness,1,142,A-MLP,0,0,0.3094927966594696,
3825739,2016-01-17,11,La Liga,27,male,Real Madrid,Sporting Gijón,elite,experiment4_reduced_feature_robustness,1,142,A-MLP,1,1,0.6673783659934998,
3825740,2016-01-18,11,La Liga,27,male,Eibar,Granada,elite,experiment4_reduced_feature_robustness,1,142,A-MLP,1,1,0.8404170870780945,
3825741,2016-01-22,11,La Liga,27,male,Sporting Gijón,Real Sociedad,elite,experiment4_reduced_feature_robustness,1,142,A-MLP,1,0,0.233432337641716,
265894,2016-01-23,11,La Liga,27,male,Málaga,Barcelona,elite,experiment4_reduced_feature_robustness,1,142,A-MLP,0,0,0.3657417297363281,
3825742,2016-01-23,11,La Liga,27,male,Granada,Getafe,elite,experiment4_reduced_feature_robustness,1,142,A-MLP,1,0,0.1521874368190765,
3825743,2016-01-23,11,La Liga,27,male,Rayo Vallecano,Celta Vigo,elite,experiment4_reduced_feature_robustness,1,142,A-MLP,1,1,0.5636703968048096,
3825744,2016-01-23,11,La Liga,27,male,Espanyol,Villarreal,elite,experiment4_reduced_feature_robustness,1,142,A-MLP,0,0,0.3169390261173248,
3825745,2016-01-24,11,La Liga,27,male,RC Deportivo La Coruña,Valencia,elite,experiment4_reduced_feature_robustness,1,142,A-MLP,0,0,0.4845365285873413,
3825746,2016-01-24,11,La Liga,27,male,Real Betis,Real Madrid,elite,experiment4_reduced_feature_robustness,1,142,A-MLP,0,0,0.2801116108894348,
3825747,2016-01-24,11,La Liga,27,male,Athletic Club,Eibar,elite,experiment4_reduced_feature_robustness,1,142,A-MLP,1,0,0.2492153048515319,
3825748,2016-01-24,11,La Liga,27,male,Atlético Madrid,Sevilla,elite,experiment4_reduced_feature_robustness,1,142,A-MLP,0,1,0.6199313402175903,
3825749,2016-01-25,11,La Liga,27,male,Levante UD,Las Palmas,elite,experiment4_reduced_feature_robustness,1,142,A-MLP,1,0,0.4283554553985595,
267576,2016-01-30,11,La Liga,27,male,Barcelona,Atlético Madrid,elite,experiment4_reduced_feature_robustness,1,142,A-MLP,1,1,0.5703421831130981,
3825750,2016-01-30,11,La Liga,27,male,Real Sociedad,Real Betis,elite,experiment4_reduced_feature_robustness,1,142,A-MLP,1,1,0.5658349990844727,
3825751,2016-01-30,11,La Liga,27,male,Getafe,Athletic Club,elite,experiment4_reduced_feature_robustness,1,142,A-MLP,0,1,0.5495216846466064,
3825752,2016-01-30,11,La Liga,27,male,Eibar,Málaga,elite,experiment4_reduced_feature_robustness,1,142,A-MLP,0,1,0.6000600457191467,
3825753,2016-01-30,11,La Liga,27,male,Villarreal,Granada,elite,experiment4_reduced_feature_robustness,1,142,A-MLP,1,1,0.6187619566917419,
3825754,2016-01-31,11,La Liga,27,male,Las Palmas,Celta Vigo,elite,experiment4_reduced_feature_robustness,1,142,A-MLP,1,1,0.6179176568984985,
3825755,2016-01-31,11,La Liga,27,male,Valencia,Sporting Gijón,elite,experiment4_reduced_feature_robustness,1,142,A-MLP,0,0,0.3185431063175201,
3825756,2016-01-31,11,La Liga,27,male,Sevilla,Levante UD,elite,experiment4_reduced_feature_robustness,1,142,A-MLP,1,0,0.4576466679573059,
3825757,2016-01-31,11,La Liga,27,male,Real Madrid,Espanyol,elite,experiment4_reduced_feature_robustness,1,142,A-MLP,1,1,0.8574122190475464,
3825758,2016-02-01,11,La Liga,27,male,RC Deportivo La Coruña,Rayo Vallecano,elite,experiment4_reduced_feature_robustness,1,142,A-MLP,0,0,0.1611032038927078,
3825759,2016-02-05,11,La Liga,27,male,Málaga,Getafe,elite,experiment4_reduced_feature_robustness,1,142,A-MLP,1,1,0.646281898021698,
3825760,2016-02-06,11,La Liga,27,male,Atlético Madrid,Eibar,elite,experiment4_reduced_feature_robustness,1,142,A-MLP,1,1,0.5841522216796875,
3825761,2016-02-06,11,La Liga,27,male,Athletic Club,Villarreal,elite,experiment4_reduced_feature_robustness,1,142,A-MLP,0,0,0.3155834972858429,
3825762,2016-02-06,11,La Liga,27,male,Sporting Gijón,RC Deportivo La Coruña,elite,experiment4_reduced_feature_robustness,1,142,A-MLP,0,1,0.5194722414016724,
3825763,2016-02-06,11,La Liga,27,male,Rayo Vallecano,Las Palmas,elite,experiment4_reduced_feature_robustness,1,142,A-MLP,1,1,0.6822303533554077,
266160,2016-02-07,11,La Liga,27,male,Levante UD,Barcelona,elite,experiment4_reduced_feature_robustness,1,142,A-MLP,0,0,0.466992050409317,
3825764,2016-02-07,11,La Liga,27,male,Granada,Real Madrid,elite,experiment4_reduced_feature_robustness,1,142,A-MLP,0,0,0.278737723827362,
3825765,2016-02-07,11,La Liga,27,male,Celta Vigo,Sevilla,elite,experiment4_reduced_feature_robustness,1,142,A-MLP,0,0,0.2322780489921569,
3825766,2016-02-07,11,La Liga,27,male,Real Betis,Valencia,elite,experiment4_reduced_feature_robustness,1,142,A-MLP,1,0,0.2969800233840942,
3825767,2016-02-08,11,La Liga,27,male,Espanyol,Real Sociedad,elite,experiment4_reduced_feature_robustness,1,142,A-MLP,0,0,0.3550313115119934,
3825768,2016-02-12,11,La Liga,27,male,Sporting Gijón,Rayo Vallecano,elite,experiment4_reduced_feature_robustness,1,142,A-MLP,0,0,0.4368922710418701,
3825769,2016-02-13,11,La Liga,27,male,Villarreal,Málaga,elite,experiment4_reduced_feature_robustness,1,142,A-MLP,1,1,0.5511906743049622,
3825770,2016-02-13,11,La Liga,27,male,Real Madrid,Athletic Club,elite,experiment4_reduced_feature_robustness,1,142,A-MLP,1,1,0.5989394187927246,
3825771,2016-02-13,11,La Liga,27,male,RC Deportivo La Coruña,Real Betis,elite,experiment4_reduced_feature_robustness,1,142,A-MLP,0,1,0.5968150496482849,
3825772,2016-02-13,11,La Liga,27,male,Valencia,Espanyol,elite,experiment4_reduced_feature_robustness,1,142,A-MLP,1,1,0.6963467001914978,
266254,2016-02-14,11,La Liga,27,male,Barcelona,Celta Vigo,elite,experiment4_reduced_feature_robustness,1,142,A-MLP,1,1,0.7187220454216003,
3825773,2016-02-14,11,La Liga,27,male,Eibar,Levante UD,elite,experiment4_reduced_feature_robustness,1,142,A-MLP,1,0,0.3640000820159912,
3825774,2016-02-14,11,La Liga,27,male,Getafe,Atlético Madrid,elite,experiment4_reduced_feature_robustness,1,142,A-MLP,0,0,0.1960295438766479,
3825775,2016-02-14,11,La Liga,27,male,Real Sociedad,Granada,elite,experiment4_reduced_feature_robustness,1,142,A-MLP,1,1,0.5997943878173828,
3825776,2016-02-14,11,La Liga,27,male,Sevilla,Las Palmas,elite,experiment4_reduced_feature_robustness,1,142,A-MLP,1,0,0.3863780498504638,
266815,2016-02-17,11,La Liga,27,male,Sporting Gijón,Barcelona,elite,experiment4_reduced_feature_robustness,1,142,A-MLP,0,0,0.3574278354644775,
3825777,2016-02-19,11,La Liga,27,male,Levante UD,Getafe,elite,experiment4_reduced_feature_robustness,1,142,A-MLP,1,0,0.2508622705936432,
267273,2016-02-20,11,La Liga,27,male,Las Palmas,Barcelona,elite,experiment4_reduced_feature_robustness,1,142,A-MLP,0,0,0.303882360458374,
3825778,2016-02-20,11,La Liga,27,male,Real Betis,Sporting Gijón,elite,experiment4_reduced_feature_robustness,1,142,A-MLP,0,0,0.4380667507648468,
3825779,2016-02-20,11,La Liga,27,male,Celta Vigo,Eibar,elite,experiment4_reduced_feature_robustness,1,142,A-MLP,1,0,0.3462737798690796,
3825780,2016-02-20,11,La Liga,27,male,Espanyol,RC Deportivo La Coruña,elite,experiment4_reduced_feature_robustness,1,142,A-MLP,1,0,0.1410613358020782,
3825781,2016-02-21,11,La Liga,27,male,Rayo Vallecano,Sevilla,elite,experiment4_reduced_feature_robustness,1,142,A-MLP,0,1,0.5895829796791077,
3825782,2016-02-21,11,La Liga,27,male,Granada,Valencia,elite,experiment4_reduced_feature_robustness,1,142,A-MLP,0,0,0.170518547296524,
3825783,2016-02-21,11,La Liga,27,male,Athletic Club,Real Sociedad,elite,experiment4_reduced_feature_robustness,1,142,A-MLP,0,0,0.2465477287769317,
3825784,2016-02-21,11,La Liga,27,male,Atlético Madrid,Villarreal,elite,experiment4_reduced_feature_robustness,1,142,A-MLP,0,0,0.381141722202301,
3825785,2016-02-21,11,La Liga,27,male,Málaga,Real Madrid,elite,experiment4_reduced_feature_robustness,1,142,A-MLP,0,0,0.449095606803894,
3825786,2016-02-26,11,La Liga,27,male,Eibar,Las Palmas,elite,experiment4_reduced_feature_robustness,1,142,A-MLP,0,1,0.6693724989891052,
3825787,2016-02-27,11,La Liga,27,male,Real Madrid,Atlético Madrid,elite,experiment4_reduced_feature_robustness,2,242,A-MLP,0,1,0.518744170665741,
3825788,2016-02-27,11,La Liga,27,male,Getafe,Celta Vigo,elite,experiment4_reduced_feature_robustness,2,242,A-MLP,0,0,0.3547841906547546,
3825789,2016-02-27,11,La Liga,27,male,Real Sociedad,Málaga,elite,experiment4_reduced_feature_robustness,2,242,A-MLP,0,1,0.6978793740272522,
3825790,2016-02-27,11,La Liga,27,male,Sporting Gijón,Espanyol,elite,experiment4_reduced_feature_robustness,2,242,A-MLP,0,0,0.3322349488735199,
3825791,2016-02-27,11,La Liga,27,male,Real Betis,Rayo Vallecano,elite,experiment4_reduced_feature_robustness,2,242,A-MLP,0,0,0.3830556869506836,
265839,2016-02-28,11,La Liga,27,male,Barcelona,Sevilla,elite,experiment4_reduced_feature_robustness,2,242,A-MLP,1,1,0.7487955689430237,
3825792,2016-02-28,11,La Liga,27,male,RC Deportivo La Coruña,Granada,elite,experiment4_reduced_feature_robustness,2,242,A-MLP,0,1,0.6532057523727417,
3825793,2016-02-28,11,La Liga,27,male,Valencia,Athletic Club,elite,experiment4_reduced_feature_robustness,2,242,A-MLP,0,1,0.5407227873802185,
3825794,2016-02-28,11,La Liga,27,male,Villarreal,Levante UD,elite,experiment4_reduced_feature_robustness,2,242,A-MLP,1,0,0.4386262893676758,
3825795,2016-03-01,11,La Liga,27,male,Atlético Madrid,Real Sociedad,elite,experiment4_reduced_feature_robustness,2,242,A-MLP,1,0,0.4219569861888885,
3825796,2016-03-01,11,La Liga,27,male,Las Palmas,Getafe,elite,experiment4_reduced_feature_robustness,2,242,A-MLP,1,0,0.4154773950576782,
3825797,2016-03-02,11,La Liga,27,male,Athletic Club,RC Deportivo La Coruña,elite,experiment4_reduced_feature_robustness,2,242,A-MLP,1,0,0.3677640855312347,
3825798,2016-03-02,11,La Liga,27,male,Levante UD,Real Madrid,elite,experiment4_reduced_feature_robustness,2,242,A-MLP,0,0,0.2608604431152344,
3825799,2016-03-02,11,La Liga,27,male,Málaga,Valencia,elite,experiment4_reduced_feature_robustness,2,242,A-MLP,0,0,0.4099444448947906,
3825800,2016-03-02,11,La Liga,27,male,Celta Vigo,Villarreal,elite,experiment4_reduced_feature_robustness,2,242,A-MLP,0,0,0.3954279124736786,
3825801,2016-03-02,11,La Liga,27,male,Sevilla,Eibar,elite,experiment4_reduced_feature_robustness,2,242,A-MLP,1,1,0.6307311654090881,
266653,2016-03-03,11,La Liga,27,male,Rayo Vallecano,Barcelona,elite,experiment4_reduced_feature_robustness,2,242,A-MLP,0,0,0.3325865864753723,
3825802,2016-03-03,11,La Liga,27,male,Espanyol,Real Betis,elite,experiment4_reduced_feature_robustness,2,242,A-MLP,0,1,0.6275739669799805,
3825803,2016-03-03,11,La Liga,27,male,Granada,Sporting Gijón,elite,experiment4_reduced_feature_robustness,2,242,A-MLP,1,1,0.7181772589683533,
3825804,2016-03-05,11,La Liga,27,male,RC Deportivo La Coruña,Málaga,elite,experiment4_reduced_feature_robustness,2,242,A-MLP,0,0,0.3853215873241424,
3825805,2016-03-05,11,La Liga,27,male,Villarreal,Las Palmas,elite,experiment4_reduced_feature_robustness,2,242,A-MLP,0,0,0.2777778804302215,
3825806,2016-03-05,11,La Liga,27,male,Real Madrid,Celta Vigo,elite,experiment4_reduced_feature_robustness,2,242,A-MLP,1,1,0.5156715512275696,
3825867,2016-03-05,11,La Liga,27,male,Getafe,Sevilla,elite,experiment4_reduced_feature_robustness,2,242,A-MLP,0,0,0.3365508019924164,
266056,2016-03-06,11,La Liga,27,male,Eibar,Barcelona,elite,experiment4_reduced_feature_robustness,2,242,A-MLP,0,0,0.2237317115068435,
3825807,2016-03-06,11,La Liga,27,male,Valencia,Atlético Madrid,elite,experiment4_reduced_feature_robustness,2,242,A-MLP,0,0,0.3330168128013611,
3825808,2016-03-06,11,La Liga,27,male,Sporting Gijón,Athletic Club,elite,experiment4_reduced_feature_robustness,2,242,A-MLP,0,0,0.1638039946556091,
3825809,2016-03-06,11,La Liga,27,male,Real Betis,Granada,elite,experiment4_reduced_feature_robustness,2,242,A-MLP,1,1,0.5408687591552734,
3825810,2016-03-06,11,La Liga,27,male,Real Sociedad,Levante UD,elite,experiment4_reduced_feature_robustness,2,242,A-MLP,0,1,0.5199428200721741,
3825811,2016-03-07,11,La Liga,27,male,Espanyol,Rayo Vallecano,elite,experiment4_reduced_feature_robustness,2,242,A-MLP,1,1,0.7368957996368408,
3825812,2016-03-11,11,La Liga,27,male,Málaga,Sporting Gijón,elite,experiment4_reduced_feature_robustness,2,242,A-MLP,1,1,0.5482914447784424,
266498,2016-03-12,11,La Liga,27,male,Barcelona,Getafe,elite,experiment4_reduced_feature_robustness,2,242,A-MLP,1,1,0.754774808883667,
3825813,2016-03-12,11,La Liga,27,male,Atlético Madrid,RC Deportivo La Coruña,elite,experiment4_reduced_feature_robustness,2,242,A-MLP,1,1,0.716192901134491,
3825814,2016-03-12,11,La Liga,27,male,Celta Vigo,Real Sociedad,elite,experiment4_reduced_feature_robustness,2,242,A-MLP,1,0,0.3379406929016113,
3825858,2016-03-12,11,La Liga,27,male,Rayo Vallecano,Eibar,elite,experiment4_reduced_feature_robustness,2,242,A-MLP,0,0,0.3887201249599457,
3825815,2016-03-13,11,La Liga,27,male,Levante UD,Valencia,elite,experiment4_reduced_feature_robustness,2,242,A-MLP,1,0,0.3343972563743591,
3825816,2016-03-13,11,La Liga,27,male,Sevilla,Villarreal,elite,experiment4_reduced_feature_robustness,2,242,A-MLP,1,0,0.444063276052475,
3825844,2016-03-13,11,La Liga,27,male,Athletic Club,Real Betis,elite,experiment4_reduced_feature_robustness,2,242,A-MLP,1,1,0.634861409664154,
3825879,2016-03-13,11,La Liga,27,male,Las Palmas,Real Madrid,elite,experiment4_reduced_feature_robustness,2,242,A-MLP,0,0,0.4019172191619873,
3825881,2016-03-14,11,La Liga,27,male,Granada,Espanyol,elite,experiment4_reduced_feature_robustness,2,242,A-MLP,0,1,0.5305484533309937,
3825817,2016-03-18,11,La Liga,27,male,Getafe,Eibar,elite,experiment4_reduced_feature_robustness,2,242,A-MLP,0,0,0.4608215689659118,
3825818,2016-03-19,11,La Liga,27,male,Real Sociedad,Las Palmas,elite,experiment4_reduced_feature_robustness,2,242,A-MLP,0,0,0.3887861669063568,
3825880,2016-03-19,11,La Liga,27,male,RC Deportivo La Coruña,Levante UD,elite,experiment4_reduced_feature_robustness,2,242,A-MLP,1,0,0.4143496453762054,
3825887,2016-03-19,11,La Liga,27,male,Granada,Rayo Vallecano,elite,experiment4_reduced_feature_robustness,2,242,A-MLP,0,1,0.6857210397720337,
3825903,2016-03-19,11,La Liga,27,male,Real Betis,Málaga,elite,experiment4_reduced_feature_robustness,2,242,A-MLP,0,0,0.4214063286781311,
3825907,2016-03-19,11,La Liga,27,male,Sporting Gijón,Atlético Madrid,elite,experiment4_reduced_feature_robustness,2,242,A-MLP,1,0,0.0883522927761077,
266106,2016-03-20,11,La Liga,27,male,Villarreal,Barcelona,elite,experiment4_reduced_feature_robustness,2,242,A-MLP,0,0,0.182334154844284,
3825819,2016-03-20,11,La Liga,27,male,Valencia,Celta Vigo,elite,experiment4_reduced_feature_robustness,2,242,A-MLP,0,0,0.49314945936203,
3825820,2016-03-20,11,La Liga,27,male,Real Madrid,Sevilla,elite,experiment4_reduced_feature_robustness,2,242,A-MLP,1,1,0.7843636870384216,
3825821,2016-03-20,11,La Liga,27,male,Espanyol,Athletic Club,elite,experiment4_reduced_feature_robustness,2,242,A-MLP,1,0,0.3938674032688141,
3825885,2016-04-01,11,La Liga,27,male,Rayo Vallecano,Getafe,elite,experiment4_reduced_feature_robustness,2,242,A-MLP,1,1,0.7795440554618835,
267533,2016-04-02,11,La Liga,27,male,Barcelona,Real Madrid,elite,experiment4_reduced_feature_robustness,2,242,A-MLP,0,1,0.5670004487037659,
3825822,2016-04-02,11,La Liga,27,male,Las Palmas,Valencia,elite,experiment4_reduced_feature_robustness,2,242,A-MLP,1,1,0.680884063243866,
3825872,2016-04-02,11,La Liga,27,male,Atlético Madrid,Real Betis,elite,experiment4_reduced_feature_robustness,2,242,A-MLP,1,1,0.7524157762527466,
3825898,2016-04-02,11,La Liga,27,male,Celta Vigo,RC Deportivo La Coruña,elite,experiment4_reduced_feature_robustness,2,242,A-MLP,0,0,0.2884919047355652,
3825823,2016-04-03,11,La Liga,27,male,Sevilla,Real Sociedad,elite,experiment4_reduced_feature_robustness,2,242,A-MLP,0,0,0.316618412733078,
3825824,2016-04-03,11,La Liga,27,male,Eibar,Villarreal,elite,experiment4_reduced_feature_robustness,2,242,A-MLP,0,0,0.3720334470272064,
3825877,2016-04-03,11,La Liga,27,male,Athletic Club,Granada,elite,experiment4_reduced_feature_robustness,2,242,A-MLP,0,1,0.6893993020057678,
3825905,2016-04-03,11,La Liga,27,male,Málaga,Espanyol,elite,experiment4_reduced_feature_robustness,2,242,A-MLP,0,0,0.2845871746540069,
3825825,2016-04-04,11,La Liga,27,male,Levante UD,Sporting Gijón,elite,experiment4_reduced_feature_robustness,2,242,A-MLP,0,0,0.4429098069667816,
3825826,2016-04-08,11,La Liga,27,male,Granada,Málaga,elite,experiment4_reduced_feature_robustness,2,242,A-MLP,0,0,0.2787380218505859,
266664,2016-04-09,11,La Liga,27,male,Real Sociedad,Barcelona,elite,experiment4_reduced_feature_robustness,2,242,A-MLP,1,0,0.3574636578559875,
3825827,2016-04-09,11,La Liga,27,male,Real Betis,Levante UD,elite,experiment4_reduced_feature_robustness,2,242,A-MLP,1,0,0.2394496202468872,
3825828,2016-04-09,11,La Liga,27,male,Espanyol,Atlético Madrid,elite,experiment4_reduced_feature_robustness,2,242,A-MLP,0,0,0.318427175283432,
3825856,2016-04-09,11,La Liga,27,male,Real Madrid,Eibar,elite,experiment4_reduced_feature_robustness,2,242,A-MLP,1,1,0.6682108640670776,
3825829,2016-04-10,11,La Liga,27,male,Athletic Club,Rayo Vallecano,elite,experiment4_reduced_feature_robustness,2,242,A-MLP,1,0,0.4651922285556793,
3825830,2016-04-10,11,La Liga,27,male,Villarreal,Getafe,elite,experiment4_reduced_feature_robustness,2,242,A-MLP,1,1,0.7942289710044861,
3825831,2016-04-10,11,La Liga,27,male,Valencia,Sevilla,elite,experiment4_reduced_feature_robustness,2,242,A-MLP,1,0,0.3294358253479004,
3825832,2016-04-10,11,La Liga,27,male,Sporting Gijón,Celta Vigo,elite,experiment4_reduced_feature_robustness,2,242,A-MLP,0,0,0.4699949920177459,
3825863,2016-04-11,11,La Liga,27,male,RC Deportivo La Coruña,Las Palmas,elite,experiment4_reduced_feature_robustness,2,242,A-MLP,0,0,0.3188730180263519,
3825857,2016-04-15,11,La Liga,27,male,Levante UD,Espanyol,elite,experiment4_reduced_feature_robustness,2,242,A-MLP,1,0,0.4468512833118438,
3825833,2016-04-16,11,La Liga,27,male,Getafe,Real Madrid,elite,experiment4_reduced_feature_robustness,2,242,A-MLP,0,0,0.2086090892553329,
3825852,2016-04-16,11,La Liga,27,male,Las Palmas,Sporting Gijón,elite,experiment4_reduced_feature_robustness,2,242,A-MLP,0,1,0.5666161775588989,
3825889,2016-04-16,11,La Liga,27,male,Celta Vigo,Real Betis,elite,experiment4_reduced_feature_robustness,2,242,A-MLP,0,1,0.7550323009490967,
3825897,2016-04-16,11,La Liga,27,male,Eibar,Real Sociedad,elite,experiment4_reduced_feature_robustness,2,242,A-MLP,1,1,0.5397744178771973,
266557,2016-04-17,11,La Liga,27,male,Barcelona,Valencia,elite,experiment4_reduced_feature_robustness,2,242,A-MLP,0,1,0.523331344127655,
3825834,2016-04-17,11,La Liga,27,male,Atlético Madrid,Granada,elite,experiment4_reduced_feature_robustness,2,242,A-MLP,1,1,0.6365603804588318,
3825835,2016-04-17,11,La Liga,27,male,Málaga,Athletic Club,elite,experiment4_reduced_feature_robustness,2,242,A-MLP,0,1,0.5590646862983704,
3825836,2016-04-17,11,La Liga,27,male,Rayo Vallecano,Villarreal,elite,experiment4_reduced_feature_robustness,2,242,A-MLP,1,1,0.6292002201080322,
3825906,2016-04-17,11,La Liga,27,male,Sevilla,RC Deportivo La Coruña,elite,experiment4_reduced_feature_robustness,2,242,A-MLP,0,0,0.3330378532409668,
3825837,2016-04-19,11,La Liga,27,male,Real Betis,Las Palmas,elite,experiment4_reduced_feature_robustness,2,242,A-MLP,1,0,0.2567498981952667,
3825862,2016-04-19,11,La Liga,27,male,Espanyol,Celta Vigo,elite,experiment4_reduced_feature_robustness,2,242,A-MLP,0,0,0.2044188231229782,
266310,2016-04-20,11,La Liga,27,male,RC Deportivo La Coruña,Barcelona,elite,experiment4_reduced_feature_robustness,2,242,A-MLP,0,0,0.3380835354328155,
3825838,2016-04-20,11,La Liga,27,male,Athletic Club,Atlético Madrid,elite,experiment4_reduced_feature_robustness,2,242,A-MLP,0,0,0.2481535226106643,
3825839,2016-04-20,11,La Liga,27,male,Sporting Gijón,Sevilla,elite,experiment4_reduced_feature_robustness,2,242,A-MLP,1,0,0.4294103980064392,
3825840,2016-04-20,11,La Liga,27,male,Valencia,Eibar,elite,experiment4_reduced_feature_robustness,2,242,A-MLP,1,1,0.5111075639724731,
3825843,2016-04-20,11,La Liga,27,male,Málaga,Rayo Vallecano,elite,experiment4_reduced_feature_robustness,2,242,A-MLP,0,1,0.5474454164505005,
3825893,2016-04-20,11,La Liga,27,male,Real Madrid,Villarreal,elite,experiment4_reduced_feature_robustness,2,242,A-MLP,1,1,0.7761587500572205,
3825841,2016-04-21,11,La Liga,27,male,Real Sociedad,Getafe,elite,experiment4_reduced_feature_robustness,2,242,A-MLP,0,1,0.530267059803009,
3825896,2016-04-21,11,La Liga,27,male,Granada,Levante UD,elite,experiment4_reduced_feature_robustness,2,242,A-MLP,1,0,0.3095363676548004,
3825871,2016-04-22,11,La Liga,27,male,Las Palmas,Espanyol,elite,experiment4_reduced_feature_robustness,2,242,A-MLP,1,0,0.3480541110038757,
265944,2016-04-23,11,La Liga,27,male,Barcelona,Sporting Gijón,elite,experiment4_reduced_feature_robustness,2,242,A-MLP,1,1,0.7929286360740662,
3825847,2016-04-23,11,La Liga,27,male,Eibar,RC Deportivo La Coruña,elite,experiment4_reduced_feature_robustness,2,242,A-MLP,0,1,0.5156710743904114,
3825886,2016-04-23,11,La Liga,27,male,Rayo Vallecano,Real Madrid,elite,experiment4_reduced_feature_robustness,2,242,A-MLP,0,0,0.2643840610980987,
3825890,2016-04-23,11,La Liga,27,male,Atlético Madrid,Málaga,elite,experiment4_reduced_feature_robustness,2,242,A-MLP,1,0,0.3866926729679107,
3825842,2016-04-24,11,La Liga,27,male,Levante UD,Athletic Club,elite,experiment4_reduced_feature_robustness,2,242,A-MLP,0,0,0.4848011434078216,
3825875,2016-04-24,11,La Liga,27,male,Villarreal,Real Sociedad,elite,experiment4_reduced_feature_robustness,2,242,A-MLP,0,0,0.2889301478862762,
3825884,2016-04-24,11,La Liga,27,male,Sevilla,Real Betis,elite,experiment4_reduced_feature_robustness,2,242,A-MLP,1,0,0.4321664273738861,
3825899,2016-04-24,11,La Liga,27,male,Getafe,Valencia,elite,experiment4_reduced_feature_robustness,2,242,A-MLP,0,0,0.2440617382526397,
3825868,2016-04-25,11,La Liga,27,male,Celta Vigo,Granada,elite,experiment4_reduced_feature_robustness,2,242,A-MLP,1,1,0.5733309388160706,
3825854,2016-04-29,11,La Liga,27,male,Sporting Gijón,Eibar,elite,experiment4_reduced_feature_robustness,2,242,A-MLP,1,0,0.2881304323673248,
266986,2016-04-30,11,La Liga,27,male,Real Betis,Barcelona,elite,experiment4_reduced_feature_robustness,2,242,A-MLP,0,0,0.2511772513389587,
3825859,2016-04-30,11,La Liga,27,male,Granada,Las Palmas,elite,experiment4_reduced_feature_robustness,2,242,A-MLP,1,0,0.4787461757659912,
3825864,2016-04-30,11,La Liga,27,male,Real Sociedad,Real Madrid,elite,experiment4_reduced_feature_robustness,2,242,A-MLP,0,0,0.2558765709400177,
3825878,2016-04-30,11,La Liga,27,male,Atlético Madrid,Rayo Vallecano,elite,experiment4_reduced_feature_robustness,2,242,A-MLP,1,0,0.4722650051116943,
3825845,2016-05-01,11,La Liga,27,male,Espanyol,Sevilla,elite,experiment4_reduced_feature_robustness,2,242,A-MLP,1,0,0.2668463885784149,
3825870,2016-05-01,11,La Liga,27,male,Athletic Club,Celta Vigo,elite,experiment4_reduced_feature_robustness,2,242,A-MLP,1,0,0.4825218021869659,
3825873,2016-05-01,11,La Liga,27,male,Valencia,Villarreal,elite,experiment4_reduced_feature_robustness,2,242,A-MLP,0,0,0.4775814414024353,
3825894,2016-05-01,11,La Liga,27,male,RC Deportivo La Coruña,Getafe,elite,experiment4_reduced_feature_robustness,2,242,A-MLP,0,0,0.4035632014274597,
3825855,2016-05-02,11,La Liga,27,male,Málaga,Levante UD,elite,experiment4_reduced_feature_robustness,2,242,A-MLP,1,1,0.616492748260498,
265958,2016-05-08,11,La Liga,27,male,Barcelona,Espanyol,elite,experiment4_reduced_feature_robustness,2,242,A-MLP,1,1,0.8261009454727173,
3825850,2016-05-08,11,La Liga,27,male,Celta Vigo,Málaga,elite,experiment4_reduced_feature_robustness,2,242,A-MLP,1,0,0.3382973670959472,
3825851,2016-05-08,11,La Liga,27,male,Villarreal,RC Deportivo La Coruña,elite,experiment4_reduced_feature_robustness,2,242,A-MLP,0,0,0.4588245153427124,
3825853,2016-05-08,11,La Liga,27,male,Sevilla,Granada,elite,experiment4_reduced_feature_robustness,2,242,A-MLP,0,1,0.5358270406723022,
3825860,2016-05-08,11,La Liga,27,male,Levante UD,Atlético Madrid,elite,experiment4_reduced_feature_robustness,2,242,A-MLP,1,0,0.3248952031135559,
3825861,2016-05-08,11,La Liga,27,male,Real Sociedad,Rayo Vallecano,elite,experiment4_reduced_feature_robustness,2,242,A-MLP,1,0,0.4918736219406128,
3825865,2016-05-08,11,La Liga,27,male,Getafe,Sporting Gijón,elite,experiment4_reduced_feature_robustness,2,242,A-MLP,0,1,0.7877792119979858,
3825866,2016-05-08,11,La Liga,27,male,Las Palmas,Athletic Club,elite,experiment4_reduced_feature_robustness,2,242,A-MLP,0,0,0.2994042336940765,
3825901,2016-05-08,11,La Liga,27,male,Real Madrid,Valencia,elite,experiment4_reduced_feature_robustness,2,242,A-MLP,1,1,0.767568826675415,
3825904,2016-05-08,11,La Liga,27,male,Eibar,Real Betis,elite,experiment4_reduced_feature_robustness,2,242,A-MLP,0,0,0.4568921327590942,
3825849,2016-05-13,11,La Liga,27,male,Valencia,Real Sociedad,elite,experiment4_reduced_feature_robustness,2,242,A-MLP,0,0,0.4376716613769531,
267506,2016-05-14,11,La Liga,27,male,Granada,Barcelona,elite,experiment4_reduced_feature_robustness,2,242,A-MLP,0,0,0.242050439119339,
3825846,2016-05-14,11,La Liga,27,male,RC Deportivo La Coruña,Real Madrid,elite,experiment4_reduced_feature_robustness,2,242,A-MLP,0,0,0.4672621488571167,
3825869,2016-05-14,11,La Liga,27,male,Athletic Club,Sevilla,elite,experiment4_reduced_feature_robustness,2,242,A-MLP,1,1,0.6707521080970764,
3825882,2016-05-14,11,La Liga,27,male,Atlético Madrid,Celta Vigo,elite,experiment4_reduced_feature_robustness,2,242,A-MLP,1,1,0.5949081182479858,
3825876,2016-05-15,11,La Liga,27,male,Real Betis,Getafe,elite,experiment4_reduced_feature_robustness,2,242,A-MLP,1,0,0.1191487312316894,
3825883,2016-05-15,11,La Liga,27,male,Málaga,Las Palmas,elite,experiment4_reduced_feature_robustness,2,242,A-MLP,1,1,0.5645146369934082,
3825900,2016-05-15,11,La Liga,27,male,Sporting Gijón,Villarreal,elite,experiment4_reduced_feature_robustness,2,242,A-MLP,1,0,0.1409076303243637,
3825902,2016-05-15,11,La Liga,27,male,Rayo Vallecano,Levante UD,elite,experiment4_reduced_feature_robustness,2,242,A-MLP,1,1,0.6931513547897339,
3825908,2016-05-15,11,La Liga,27,male,Espanyol,Eibar,elite,experiment4_reduced_feature_robustness,2,242,A-MLP,1,0,0.2245186269283294,
267670,2016-08-20,11,La Liga,2,male,Barcelona,Real Betis,elite,experiment4_reduced_feature_robustness,2,242,A-MLP,1,1,0.9027647972106934,
266892,2016-08-28,11,La Liga,2,male,Athletic Club,Barcelona,elite,experiment4_reduced_feature_robustness,2,242,A-MLP,0,0,0.268608808517456,
267220,2016-09-21,11,La Liga,2,male,Barcelona,Atlético Madrid,elite,experiment4_reduced_feature_robustness,2,242,A-MLP,0,0,0.4980455040931701,
267492,2016-10-15,11,La Liga,2,male,Barcelona,RC Deportivo La Coruña,elite,experiment4_reduced_feature_robustness,2,242,A-MLP,1,1,0.7180366516113281,
266033,2016-10-22,11,La Liga,2,male,Valencia,Barcelona,elite,experiment4_reduced_feature_robustness,2,242,A-MLP,0,0,0.1892531067132949,
267058,2016-10-29,11,La Liga,2,male,Barcelona,Granada,elite,experiment4_reduced_feature_robustness,2,242,A-MLP,1,1,0.846830427646637,
266989,2016-11-06,11,La Liga,2,male,Sevilla,Barcelona,elite,experiment4_reduced_feature_robustness,2,242,A-MLP,0,0,0.1186436563730239,
266191,2016-11-27,11,La Liga,2,male,Real Sociedad,Barcelona,elite,experiment4_reduced_feature_robustness,2,242,A-MLP,0,0,0.3824889957904815,
267076,2016-12-03,11,La Liga,2,male,Barcelona,Real Madrid,elite,experiment4_reduced_feature_robustness,2,242,A-MLP,0,0,0.4783265590667724,
266357,2016-12-10,11,La Liga,2,male,Osasuna,Barcelona,elite,experiment4_reduced_feature_robustness,3,342,A-MLP,0,0,0.4177767932415008,
266528,2016-12-18,11,La Liga,2,male,Barcelona,Espanyol,elite,experiment4_reduced_feature_robustness,3,342,A-MLP,1,1,0.6103821992874146,
266477,2017-01-08,11,La Liga,2,male,Villarreal,Barcelona,elite,experiment4_reduced_feature_robustness,3,342,A-MLP,0,0,0.3454702198505401,
267395,2017-01-14,11,La Liga,2,male,Barcelona,Las Palmas,elite,experiment4_reduced_feature_robustness,3,342,A-MLP,1,1,0.7647024989128113,
266731,2017-01-22,11,La Liga,2,male,Eibar,Barcelona,elite,experiment4_reduced_feature_robustness,3,342,A-MLP,0,0,0.3252018392086029,
266516,2017-01-29,11,La Liga,2,male,Real Betis,Barcelona,elite,experiment4_reduced_feature_robustness,3,342,A-MLP,0,0,0.3013850450515747,
266874,2017-02-04,11,La Liga,2,male,Barcelona,Athletic Club,elite,experiment4_reduced_feature_robustness,3,342,A-MLP,1,1,0.53297358751297,
267464,2017-02-26,11,La Liga,2,male,Atlético Madrid,Barcelona,elite,experiment4_reduced_feature_robustness,3,342,A-MLP,0,0,0.3507997691631317,
265952,2017-03-01,11,La Liga,2,male,Barcelona,Sporting Gijón,elite,experiment4_reduced_feature_robustness,3,342,A-MLP,1,1,0.6317622065544128,
266299,2017-03-04,11,La Liga,2,male,Barcelona,Celta Vigo,elite,experiment4_reduced_feature_robustness,3,342,A-MLP,1,1,0.680746853351593,
267660,2017-03-12,11,La Liga,2,male,RC Deportivo La Coruña,Barcelona,elite,experiment4_reduced_feature_robustness,3,342,A-MLP,1,0,0.2738001346588135,
266440,2017-03-19,11,La Liga,2,male,Barcelona,Valencia,elite,experiment4_reduced_feature_robustness,3,342,A-MLP,1,1,0.8047374486923218,
266280,2017-04-05,11,La Liga,2,male,Barcelona,Sevilla,elite,experiment4_reduced_feature_robustness,3,342,A-MLP,1,1,0.7864919304847717,
267590,2017-04-08,11,La Liga,2,male,Málaga,Barcelona,elite,experiment4_reduced_feature_robustness,3,342,A-MLP,1,0,0.4688208699226379,
267373,2017-04-15,11,La Liga,2,male,Barcelona,Real Sociedad,elite,experiment4_reduced_feature_robustness,3,342,A-MLP,1,1,0.5732585191726685,
267569,2017-04-23,11,La Liga,2,male,Real Madrid,Barcelona,elite,experiment4_reduced_feature_robustness,3,342,A-MLP,0,1,0.5170771479606628,
267101,2017-04-26,11,La Liga,2,male,Barcelona,Osasuna,elite,experiment4_reduced_feature_robustness,3,342,A-MLP,1,1,0.6441662907600403,
267077,2017-04-29,11,La Liga,2,male,Espanyol,Barcelona,elite,experiment4_reduced_feature_robustness,3,342,A-MLP,0,0,0.3393741548061371,
266952,2017-05-06,11,La Liga,2,male,Barcelona,Villarreal,elite,experiment4_reduced_feature_robustness,3,342,A-MLP,1,1,0.705858588218689,
267039,2017-05-14,11,La Liga,2,male,Las Palmas,Barcelona,elite,experiment4_reduced_feature_robustness,3,342,A-MLP,0,0,0.2285438627004623,
267432,2017-05-21,11,La Liga,2,male,Barcelona,Eibar,elite,experiment4_reduced_feature_robustness,3,342,A-MLP,1,1,0.6687067151069641,
9575,2017-08-20,11,La Liga,1,male,Barcelona,Real Betis,elite,experiment4_reduced_feature_robustness,3,342,A-MLP,1,1,0.7456229329109192,
9581,2017-08-26,11,La Liga,1,male,Deportivo Alavés,Barcelona,elite,experiment4_reduced_feature_robustness,3,342,A-MLP,0,0,0.3270258605480194,
9592,2017-09-09,11,La Liga,1,male,Barcelona,Espanyol,elite,experiment4_reduced_feature_robustness,3,342,A-MLP,1,1,0.868187665939331,
9602,2017-09-16,11,La Liga,1,male,Getafe,Barcelona,elite,experiment4_reduced_feature_robustness,3,342,A-MLP,0,0,0.337663471698761,
9609,2017-09-19,11,La Liga,1,male,Barcelona,Eibar,elite,experiment4_reduced_feature_robustness,3,342,A-MLP,1,1,0.799688458442688,
9636,2017-10-01,11,La Liga,1,male,Barcelona,Las Palmas,elite,experiment4_reduced_feature_robustness,3,342,A-MLP,1,1,0.7118649482727051,
9642,2017-10-14,11,La Liga,1,male,Atlético Madrid,Barcelona,elite,experiment4_reduced_feature_robustness,3,342,A-MLP,0,0,0.3370214104652405,
9650,2017-10-21,11,La Liga,1,male,Barcelona,Málaga,elite,experiment4_reduced_feature_robustness,3,342,A-MLP,1,1,0.5445882081985474,
9661,2017-10-28,11,La Liga,1,male,Athletic Club,Barcelona,elite,experiment4_reduced_feature_robustness,3,342,A-MLP,0,0,0.3364775776863098,
9673,2017-11-04,11,La Liga,1,male,Barcelona,Sevilla,elite,experiment4_reduced_feature_robustness,3,342,A-MLP,1,1,0.6616576313972473,
9695,2017-11-26,11,La Liga,1,male,Valencia,Barcelona,elite,experiment4_reduced_feature_robustness,3,342,A-MLP,0,0,0.4051428735256195,
9700,2017-12-02,11,La Liga,1,male,Barcelona,Celta Vigo,elite,experiment4_reduced_feature_robustness,3,342,A-MLP,0,1,0.6733140349388123,
9717,2017-12-10,11,La Liga,1,male,Villarreal,Barcelona,elite,experiment4_reduced_feature_robustness,3,342,A-MLP,0,0,0.3742455840110779,
9726,2017-12-17,11,La Liga,1,male,Barcelona,RC Deportivo La Coruña,elite,experiment4_reduced_feature_robustness,3,342,A-MLP,1,1,0.7317591905593872,
9736,2017-12-23,11,La Liga,1,male,Real Madrid,Barcelona,elite,experiment4_reduced_feature_robustness,3,342,A-MLP,0,0,0.428688108921051,
9742,2018-01-07,11,La Liga,1,male,Barcelona,Levante UD,elite,experiment4_reduced_feature_robustness,3,342,A-MLP,1,1,0.745387613773346,
9754,2018-01-14,11,La Liga,1,male,Real Sociedad,Barcelona,elite,experiment4_reduced_feature_robustness,3,342,A-MLP,0,0,0.3255914449691772,
9765,2018-01-21,11,La Liga,1,male,Real Betis,Barcelona,elite,experiment4_reduced_feature_robustness,3,342,A-MLP,0,0,0.3232741057872772,
9774,2018-01-28,11,La Liga,1,male,Barcelona,Deportivo Alavés,elite,experiment4_reduced_feature_robustness,3,342,A-MLP,1,1,0.7265609502792358,
9783,2018-02-04,11,La Liga,1,male,Espanyol,Barcelona,elite,experiment4_reduced_feature_robustness,3,342,A-MLP,0,0,0.2846200168132782,
9794,2018-02-11,11,La Liga,1,male,Barcelona,Getafe,elite,experiment4_reduced_feature_robustness,3,342,A-MLP,0,1,0.6191827058792114,
9799,2018-02-17,11,La Liga,1,male,Eibar,Barcelona,elite,experiment4_reduced_feature_robustness,3,342,A-MLP,0,0,0.3659908175468445,
9827,2018-03-01,11,La Liga,1,male,Las Palmas,Barcelona,elite,experiment4_reduced_feature_robustness,3,342,A-MLP,0,0,0.3136642575263977,
9837,2018-03-04,11,La Liga,1,male,Barcelona,Atlético Madrid,elite,experiment4_reduced_feature_robustness,3,342,A-MLP,1,1,0.610340416431427,
9855,2018-03-18,11,La Liga,1,male,Barcelona,Athletic Club,elite,experiment4_reduced_feature_robustness,3,342,A-MLP,1,1,0.7300577163696289,
9860,2018-03-31,11,La Liga,1,male,Sevilla,Barcelona,elite,experiment4_reduced_feature_robustness,3,342,A-MLP,0,0,0.3676598966121673,
9870,2018-04-07,11,La Liga,1,male,Barcelona,Leganés,elite,experiment4_reduced_feature_robustness,3,342,A-MLP,1,1,0.7290000319480896,
9880,2018-04-14,11,La Liga,1,male,Barcelona,Valencia,elite,experiment4_reduced_feature_robustness,3,342,A-MLP,1,1,0.732075035572052,
9889,2018-04-17,11,La Liga,1,male,Celta Vigo,Barcelona,elite,experiment4_reduced_feature_robustness,3,342,A-MLP,0,0,0.3879111707210541,
9912,2018-04-29,11,La Liga,1,male,RC Deportivo La Coruña,Barcelona,elite,experiment4_reduced_feature_robustness,4,442,A-MLP,0,0,0.1732423156499862,
9924,2018-05-06,11,La Liga,1,male,Barcelona,Real Madrid,elite,experiment4_reduced_feature_robustness,4,442,A-MLP,0,0,0.4413624107837677,
9928,2018-05-09,11,La Liga,1,male,Barcelona,Villarreal,elite,experiment4_reduced_feature_robustness,4,442,A-MLP,1,1,0.661491334438324,
9948,2018-05-20,11,La Liga,1,male,Barcelona,Real Sociedad,elite,experiment4_reduced_feature_robustness,4,442,A-MLP,1,0,0.4128440022468567,
15946,2018-08-18,11,La Liga,4,male,Barcelona,Deportivo Alavés,elite,experiment4_reduced_feature_robustness,4,442,A-MLP,1,1,0.6423730254173279,
15956,2018-08-25,11,La Liga,4,male,Real Valladolid,Barcelona,elite,experiment4_reduced_feature_robustness,4,442,A-MLP,0,0,0.1760729551315307,
15978,2018-09-15,11,La Liga,4,male,Real Sociedad,Barcelona,elite,experiment4_reduced_feature_robustness,4,442,A-MLP,0,0,0.1659125685691833,
15998,2018-09-26,11,La Liga,4,male,Leganés,Barcelona,elite,experiment4_reduced_feature_robustness,4,442,A-MLP,1,0,0.1582997590303421,
16010,2018-09-29,11,La Liga,4,male,Barcelona,Athletic Club,elite,experiment4_reduced_feature_robustness,4,442,A-MLP,0,1,0.6732780337333679,
16023,2018-10-07,11,La Liga,4,male,Valencia,Barcelona,elite,experiment4_reduced_feature_robustness,4,442,A-MLP,0,0,0.1915600299835205,
16029,2018-10-20,11,La Liga,4,male,Barcelona,Sevilla,elite,experiment4_reduced_feature_robustness,4,442,A-MLP,1,1,0.6489995718002319,
16056,2018-11-11,11,La Liga,4,male,Barcelona,Real Betis,elite,experiment4_reduced_feature_robustness,4,442,A-MLP,0,1,0.7072201371192932,
16073,2018-11-24,11,La Liga,4,male,Atlético Madrid,Barcelona,elite,experiment4_reduced_feature_robustness,4,442,A-MLP,0,0,0.2712920606136322,
16079,2018-12-02,11,La Liga,4,male,Barcelona,Villarreal,elite,experiment4_reduced_feature_robustness,4,442,A-MLP,1,1,0.591789186000824,
16086,2018-12-08,11,La Liga,4,male,Espanyol,Barcelona,elite,experiment4_reduced_feature_robustness,4,442,A-MLP,0,0,0.1894136667251587,
16095,2018-12-16,11,La Liga,4,male,Levante UD,Barcelona,elite,experiment4_reduced_feature_robustness,4,442,A-MLP,0,0,0.1885321587324142,
16109,2018-12-22,11,La Liga,4,male,Barcelona,Celta Vigo,elite,experiment4_reduced_feature_robustness,4,442,A-MLP,1,1,0.6034466028213501,
16120,2019-01-06,11,La Liga,4,male,Getafe,Barcelona,elite,experiment4_reduced_feature_robustness,4,442,A-MLP,0,0,0.248704582452774,
16131,2019-01-13,11,La Liga,4,male,Barcelona,Eibar,elite,experiment4_reduced_feature_robustness,4,442,A-MLP,1,1,0.5663561224937439,
16136,2019-01-20,11,La Liga,4,male,Barcelona,Leganés,elite,experiment4_reduced_feature_robustness,4,442,A-MLP,1,1,0.6404262781143188,
16149,2019-01-27,11,La Liga,4,male,Girona,Barcelona,elite,experiment4_reduced_feature_robustness,4,442,A-MLP,0,0,0.1213228777050972,
16157,2019-02-02,11,La Liga,4,male,Barcelona,Valencia,elite,experiment4_reduced_feature_robustness,4,442,A-MLP,0,1,0.6989430785179138,
16173,2019-02-10,11,La Liga,4,male,Athletic Club,Barcelona,elite,experiment4_reduced_feature_robustness,4,442,A-MLP,0,0,0.2266921997070312,
16182,2019-02-16,11,La Liga,4,male,Barcelona,Real Valladolid,elite,experiment4_reduced_feature_robustness,4,442,A-MLP,1,1,0.6595810055732727,
16190,2019-02-23,11,La Liga,4,male,Sevilla,Barcelona,elite,experiment4_reduced_feature_robustness,4,442,A-MLP,0,0,0.3320908844470978,
16196,2019-03-02,11,La Liga,4,male,Real Madrid,Barcelona,elite,experiment4_reduced_feature_robustness,4,442,A-MLP,0,0,0.4606618583202362,
16205,2019-03-09,11,La Liga,4,male,Barcelona,Rayo Vallecano,elite,experiment4_reduced_feature_robustness,4,442,A-MLP,1,0,0.4785554111003876,
16215,2019-03-17,11,La Liga,4,male,Real Betis,Barcelona,elite,experiment4_reduced_feature_robustness,4,442,A-MLP,0,0,0.2062440365552902,
16231,2019-03-30,11,La Liga,4,male,Barcelona,Espanyol,elite,experiment4_reduced_feature_robustness,4,442,A-MLP,1,1,0.6421526074409485,
16240,2019-04-02,11,La Liga,4,male,Villarreal,Barcelona,elite,experiment4_reduced_feature_robustness,4,442,A-MLP,0,0,0.2253452390432357,
16248,2019-04-06,11,La Liga,4,male,Barcelona,Atlético Madrid,elite,experiment4_reduced_feature_robustness,4,442,A-MLP,1,1,0.7528880834579468,
16265,2019-04-20,11,La Liga,4,male,Barcelona,Real Sociedad,elite,experiment4_reduced_feature_robustness,4,442,A-MLP,1,1,0.679654598236084,
16275,2019-04-23,11,La Liga,4,male,Deportivo Alavés,Barcelona,elite,experiment4_reduced_feature_robustness,4,442,A-MLP,0,0,0.049009770154953,
16289,2019-04-27,11,La Liga,4,male,Barcelona,Levante UD,elite,experiment4_reduced_feature_robustness,4,442,A-MLP,1,1,0.6617646217346191,
16306,2019-05-12,11,La Liga,4,male,Barcelona,Getafe,elite,experiment4_reduced_feature_robustness,4,442,A-MLP,1,1,0.782302975654602,
16317,2019-05-19,11,La Liga,4,male,Eibar,Barcelona,elite,experiment4_reduced_feature_robustness,4,442,A-MLP,0,0,0.2393786162137985,
303666,2019-09-21,11,La Liga,42,male,Granada,Barcelona,elite,experiment4_reduced_feature_robustness,4,442,A-MLP,1,0,0.2038950026035308,
303430,2019-09-24,11,La Liga,42,male,Barcelona,Villarreal,elite,experiment4_reduced_feature_robustness,4,442,A-MLP,1,0,0.4983573257923126,
303473,2019-10-06,11,La Liga,42,male,Barcelona,Sevilla,elite,experiment4_reduced_feature_robustness,4,442,A-MLP,1,0,0.4335149824619293,
303700,2019-10-19,11,La Liga,42,male,Eibar,Barcelona,elite,experiment4_reduced_feature_robustness,4,442,A-MLP,0,0,0.4843692481517792,
303600,2019-10-29,11,La Liga,42,male,Barcelona,Real Valladolid,elite,experiment4_reduced_feature_robustness,4,442,A-MLP,1,1,0.6660668253898621,
303504,2019-11-02,11,La Liga,42,male,Levante UD,Barcelona,elite,experiment4_reduced_feature_robustness,4,442,A-MLP,1,0,0.1369430720806121,
303487,2019-11-09,11,La Liga,42,male,Barcelona,Celta Vigo,elite,experiment4_reduced_feature_robustness,4,442,A-MLP,1,1,0.6857172250747681,
303715,2019-11-23,11,La Liga,42,male,Leganés,Barcelona,elite,experiment4_reduced_feature_robustness,4,442,A-MLP,0,0,0.1574485301971435,
303524,2019-12-01,11,La Liga,42,male,Atlético Madrid,Barcelona,elite,experiment4_reduced_feature_robustness,4,442,A-MLP,0,0,0.1277751922607422,
303451,2019-12-07,11,La Liga,42,male,Barcelona,Mallorca,elite,experiment4_reduced_feature_robustness,4,442,A-MLP,1,1,0.7137506008148193,
303664,2019-12-14,11,La Liga,42,male,Real Sociedad,Barcelona,elite,experiment4_reduced_feature_robustness,4,442,A-MLP,0,0,0.2297954708337783,
303596,2019-12-18,11,La Liga,42,male,Barcelona,Real Madrid,elite,experiment4_reduced_feature_robustness,4,442,A-MLP,0,1,0.5636764168739319,
303517,2019-12-21,11,La Liga,42,male,Barcelona,Deportivo Alavés,elite,experiment4_reduced_feature_robustness,4,442,A-MLP,1,1,0.8047043681144714,
303652,2020-01-04,11,La Liga,42,male,Espanyol,Barcelona,elite,experiment4_reduced_feature_robustness,4,442,A-MLP,0,0,0.3561103940010071,
303610,2020-01-19,11,La Liga,42,male,Barcelona,Granada,elite,experiment4_reduced_feature_robustness,5,542,A-MLP,1,1,0.6461922526359558,
303400,2020-01-25,11,La Liga,42,male,Valencia,Barcelona,elite,experiment4_reduced_feature_robustness,5,542,A-MLP,1,0,0.2412179261445999,
303682,2020-02-02,11,La Liga,42,male,Barcelona,Levante UD,elite,experiment4_reduced_feature_robustness,5,542,A-MLP,1,1,0.784020721912384,
303707,2020-02-09,11,La Liga,42,male,Real Betis,Barcelona,elite,experiment4_reduced_feature_robustness,5,542,A-MLP,0,0,0.2612053453922272,
303377,2020-02-15,11,La Liga,42,male,Barcelona,Getafe,elite,experiment4_reduced_feature_robustness,5,542,A-MLP,1,1,0.8043690323829651,
303731,2020-02-22,11,La Liga,42,male,Barcelona,Eibar,elite,experiment4_reduced_feature_robustness,5,542,A-MLP,1,1,0.7155440449714661,
303470,2020-03-01,11,La Liga,42,male,Real Madrid,Barcelona,elite,experiment4_reduced_feature_robustness,5,542,A-MLP,1,0,0.2880805134773254,
303479,2020-03-07,11,La Liga,42,male,Barcelona,Real Sociedad,elite,experiment4_reduced_feature_robustness,5,542,A-MLP,1,1,0.6773076057434082,
303548,2020-06-13,11,La Liga,42,male,Mallorca,Barcelona,elite,experiment4_reduced_feature_robustness,5,542,A-MLP,0,0,0.239305704832077,
303532,2020-06-16,11,La Liga,42,male,Barcelona,Leganés,elite,experiment4_reduced_feature_robustness,5,542,A-MLP,1,1,0.6007612943649292,
303674,2020-06-19,11,La Liga,42,male,Sevilla,Barcelona,elite,experiment4_reduced_feature_robustness,5,542,A-MLP,0,0,0.2622912526130676,
303493,2020-06-23,11,La Liga,42,male,Barcelona,Athletic Club,elite,experiment4_reduced_feature_robustness,5,542,A-MLP,1,1,0.7043700218200684,
303516,2020-06-27,11,La Liga,42,male,Celta Vigo,Barcelona,elite,experiment4_reduced_feature_robustness,5,542,A-MLP,0,0,0.3812946677207947,
303696,2020-06-30,11,La Liga,42,male,Barcelona,Atlético Madrid,elite,experiment4_reduced_feature_robustness,5,542,A-MLP,0,1,0.7178987264633179,
303725,2020-07-05,11,La Liga,42,male,Villarreal,Barcelona,elite,experiment4_reduced_feature_robustness,5,542,A-MLP,0,0,0.2895508408546448,
303615,2020-07-08,11,La Liga,42,male,Barcelona,Espanyol,elite,experiment4_reduced_feature_robustness,5,542,A-MLP,1,1,0.8044255375862122,
303680,2020-07-11,11,La Liga,42,male,Real Valladolid,Barcelona,elite,experiment4_reduced_feature_robustness,5,542,A-MLP,0,0,0.1639766544103622,
303634,2020-07-16,11,La Liga,42,male,Barcelona,Osasuna,elite,experiment4_reduced_feature_robustness,5,542,A-MLP,0,1,0.9110568761825562,
303421,2020-07-19,11,La Liga,42,male,Deportivo Alavés,Barcelona,elite,experiment4_reduced_feature_robustness,5,542,A-MLP,0,0,0.2716233134269714,
3773593,2020-09-27,11,La Liga,90,male,Barcelona,Villarreal,elite,experiment4_reduced_feature_robustness,5,542,A-MLP,1,1,0.7926387786865234,
3773466,2020-10-01,11,La Liga,90,male,Celta Vigo,Barcelona,elite,experiment4_reduced_feature_robustness,5,542,A-MLP,0,0,0.1583236902952194,
3773672,2020-10-04,11,La Liga,90,male,Barcelona,Sevilla,elite,experiment4_reduced_feature_robustness,5,542,A-MLP,0,1,0.8873981833457947,
3773587,2020-10-17,11,La Liga,90,male,Getafe,Barcelona,elite,experiment4_reduced_feature_robustness,5,542,A-MLP,1,0,0.1734618842601776,
3773585,2020-10-24,11,La Liga,90,male,Barcelona,Real Madrid,elite,experiment4_reduced_feature_robustness,5,542,A-MLP,0,0,0.4440706968307495,
3773386,2020-10-31,11,La Liga,90,male,Deportivo Alavés,Barcelona,elite,experiment4_reduced_feature_robustness,5,542,A-MLP,0,0,0.4289291203022003,
3773477,2020-11-07,11,La Liga,90,male,Barcelona,Real Betis,elite,experiment4_reduced_feature_robustness,5,542,A-MLP,1,1,0.674978494644165,
3773656,2020-11-21,11,La Liga,90,male,Atlético Madrid,Barcelona,elite,experiment4_reduced_feature_robustness,5,542,A-MLP,1,0,0.1686757355928421,
3773547,2020-11-29,11,La Liga,90,male,Barcelona,Osasuna,elite,experiment4_reduced_feature_robustness,5,542,A-MLP,1,1,0.8637041449546814,
3773660,2020-12-13,11,La Liga,90,male,Barcelona,Levante UD,elite,experiment4_reduced_feature_robustness,5,542,A-MLP,1,1,0.8026041388511658,
3773523,2020-12-16,11,La Liga,90,male,Barcelona,Real Sociedad,elite,experiment4_reduced_feature_robustness,5,542,A-MLP,1,1,0.8534437417984009,
3773377,2020-12-19,11,La Liga,90,male,Barcelona,Valencia,elite,experiment4_reduced_feature_robustness,5,542,A-MLP,0,1,0.7698175311088562,
3773571,2020-12-22,11,La Liga,90,male,Real Valladolid,Barcelona,elite,experiment4_reduced_feature_robustness,5,542,A-MLP,0,0,0.1477512270212173,
3764661,2021-01-06,11,La Liga,90,male,Athletic Club,Barcelona,elite,experiment4_reduced_feature_robustness,5,542,A-MLP,0,0,0.1776235401630401,
3773565,2021-01-09,11,La Liga,90,male,Granada,Barcelona,elite,experiment4_reduced_feature_robustness,5,542,A-MLP,0,0,0.1538767367601394,
3773403,2021-01-31,11,La Liga,90,male,Barcelona,Athletic Club,elite,experiment4_reduced_feature_robustness,5,542,A-MLP,1,1,0.7676695585250854,
3773631,2021-02-07,11,La Liga,90,male,Real Betis,Barcelona,elite,experiment4_reduced_feature_robustness,5,542,A-MLP,0,0,0.1533233076333999,
3773526,2021-02-13,11,La Liga,90,male,Barcelona,Deportivo Alavés,elite,experiment4_reduced_feature_robustness,5,542,A-MLP,1,1,0.7972434163093567,
3764440,2021-02-24,11,La Liga,90,male,Barcelona,Elche,elite,experiment4_reduced_feature_robustness,5,542,A-MLP,1,1,0.8417678475379944,
3773625,2021-02-27,11,La Liga,90,male,Sevilla,Barcelona,elite,experiment4_reduced_feature_robustness,5,542,A-MLP,0,0,0.102552093565464,
3773665,2021-03-06,11,La Liga,90,male,Osasuna,Barcelona,elite,experiment4_reduced_feature_robustness,5,542,A-MLP,0,0,0.0992716923356056,
3773597,2021-03-21,11,La Liga,90,male,Real Sociedad,Barcelona,elite,experiment4_reduced_feature_robustness,5,542,A-MLP,0,0,0.3121893405914306,
3773474,2021-04-05,11,La Liga,90,male,Barcelona,Real Valladolid,elite,experiment4_reduced_feature_robustness,5,542,A-MLP,1,1,0.8909822702407837,
3773497,2021-04-10,11,La Liga,90,male,Real Madrid,Barcelona,elite,experiment4_reduced_feature_robustness,5,542,A-MLP,1,0,0.3593854010105133,
3773661,2021-04-22,11,La Liga,90,male,Barcelona,Getafe,elite,experiment4_reduced_feature_robustness,5,542,A-MLP,1,1,0.7653597593307495,
3773689,2021-04-25,11,La Liga,90,male,Villarreal,Barcelona,elite,experiment4_reduced_feature_robustness,5,542,A-MLP,0,0,0.1294432580471038,
3773586,2021-04-29,11,La Liga,90,male,Barcelona,Granada,elite,experiment4_reduced_feature_robustness,5,542,A-MLP,0,1,0.6538956761360168,
3773695,2021-05-02,11,La Liga,90,male,Valencia,Barcelona,elite,experiment4_reduced_feature_robustness,5,542,A-MLP,0,0,0.3406240940093994,
3773372,2021-05-08,11,La Liga,90,male,Barcelona,Atlético Madrid,elite,experiment4_reduced_feature_robustness,5,542,A-MLP,0,1,0.6919650435447693,
3773387,2021-05-11,11,La Liga,90,male,Levante UD,Barcelona,elite,experiment4_reduced_feature_robustness,5,542,A-MLP,0,0,0.2294756472110748,
3773457,2021-05-16,11,La Liga,90,male,Barcelona,Celta Vigo,elite,experiment4_reduced_feature_robustness,5,542,A-MLP,0,1,0.6699627041816711,
3825637,2015-10-25,11,La Liga,27,male,Barcelona,Eibar,elite,experiment4_reduced_feature_robustness,1,142,B-GNN-full,1,0,0.3071519136428833,
3825638,2015-10-25,11,La Liga,27,male,Atlético Madrid,Valencia,elite,experiment4_reduced_feature_robustness,1,142,B-GNN-full,1,0,0.2117211371660232,
3825639,2015-10-25,11,La Liga,27,male,Las Palmas,Villarreal,elite,experiment4_reduced_feature_robustness,1,142,B-GNN-full,0,0,0.1466216146945953,
3825640,2015-10-25,11,La Liga,27,male,Levante UD,Real Sociedad,elite,experiment4_reduced_feature_robustness,1,142,B-GNN-full,0,0,0.0665691718459129,
3825641,2015-10-26,11,La Liga,27,male,Athletic Club,Sporting Gijón,elite,experiment4_reduced_feature_robustness,1,142,B-GNN-full,1,0,0.26669642329216,
3825642,2015-10-30,11,La Liga,27,male,RC Deportivo La Coruña,Atlético Madrid,elite,experiment4_reduced_feature_robustness,1,142,B-GNN-full,0,0,0.1223943680524826,
3825643,2015-10-31,11,La Liga,27,male,Real Madrid,Las Palmas,elite,experiment4_reduced_feature_robustness,1,142,B-GNN-full,1,1,0.6669828295707703,
3825644,2015-10-31,11,La Liga,27,male,Real Sociedad,Celta Vigo,elite,experiment4_reduced_feature_robustness,1,142,B-GNN-full,0,0,0.0629164949059486,
3825645,2015-10-31,11,La Liga,27,male,Getafe,Barcelona,elite,experiment4_reduced_feature_robustness,1,142,B-GNN-full,0,0,0.0178568810224533,
3825646,2015-10-31,11,La Liga,27,male,Villarreal,Sevilla,elite,experiment4_reduced_feature_robustness,1,142,B-GNN-full,1,0,0.1405991017818451,
3825647,2015-10-31,11,La Liga,27,male,Valencia,Levante UD,elite,experiment4_reduced_feature_robustness,1,142,B-GNN-full,1,0,0.169894278049469,
3825648,2015-11-01,11,La Liga,27,male,Eibar,Rayo Vallecano,elite,experiment4_reduced_feature_robustness,1,142,B-GNN-full,1,0,0.0249918736517429,
3825649,2015-11-01,11,La Liga,27,male,Sporting Gijón,Málaga,elite,experiment4_reduced_feature_robustness,1,142,B-GNN-full,1,0,0.0415001846849918,
3825650,2015-11-01,11,La Liga,27,male,Real Betis,Athletic Club,elite,experiment4_reduced_feature_robustness,1,142,B-GNN-full,0,0,0.1087025851011276,
3825651,2015-11-01,11,La Liga,27,male,Espanyol,Granada,elite,experiment4_reduced_feature_robustness,1,142,B-GNN-full,0,0,0.0400004908442497,
3825652,2015-11-06,11,La Liga,27,male,Las Palmas,Real Sociedad,elite,experiment4_reduced_feature_robustness,1,142,B-GNN-full,1,0,0.0552468262612819,
3825653,2015-11-07,11,La Liga,27,male,Eibar,Getafe,elite,experiment4_reduced_feature_robustness,1,142,B-GNN-full,1,0,0.084971122443676,
3825654,2015-11-07,11,La Liga,27,male,Celta Vigo,Valencia,elite,experiment4_reduced_feature_robustness,1,142,B-GNN-full,0,0,0.1275510191917419,
3825655,2015-11-07,11,La Liga,27,male,Rayo Vallecano,Granada,elite,experiment4_reduced_feature_robustness,1,142,B-GNN-full,1,0,0.0470833294093608,
3825656,2015-11-07,11,La Liga,27,male,Levante UD,RC Deportivo La Coruña,elite,experiment4_reduced_feature_robustness,1,142,B-GNN-full,0,0,0.0919589698314666,
3825657,2015-11-07,11,La Liga,27,male,Málaga,Real Betis,elite,experiment4_reduced_feature_robustness,1,142,B-GNN-full,0,0,0.0515272356569767,
3825658,2015-11-08,11,La Liga,27,male,Atlético Madrid,Sporting Gijón,elite,experiment4_reduced_feature_robustness,1,142,B-GNN-full,1,0,0.389335423707962,
3825659,2015-11-08,11,La Liga,27,male,Athletic Club,Espanyol,elite,experiment4_reduced_feature_robustness,1,142,B-GNN-full,1,0,0.0313522405922412,
3825660,2015-11-08,11,La Liga,27,male,Barcelona,Villarreal,elite,experiment4_reduced_feature_robustness,1,142,B-GNN-full,1,1,0.7863186001777649,
3825661,2015-11-08,11,La Liga,27,male,Sevilla,Real Madrid,elite,experiment4_reduced_feature_robustness,1,142,B-GNN-full,1,0,0.1857468038797378,
266424,2015-11-21,11,La Liga,27,male,Real Madrid,Barcelona,elite,experiment4_reduced_feature_robustness,1,142,B-GNN-full,0,0,0.1991474628448486,
3825662,2015-11-21,11,La Liga,27,male,RC Deportivo La Coruña,Celta Vigo,elite,experiment4_reduced_feature_robustness,1,142,B-GNN-full,1,0,0.0194715354591608,
3825663,2015-11-21,11,La Liga,27,male,Espanyol,Málaga,elite,experiment4_reduced_feature_robustness,1,142,B-GNN-full,1,0,0.0367389433085918,
3825664,2015-11-21,11,La Liga,27,male,Real Sociedad,Sevilla,elite,experiment4_reduced_feature_robustness,1,142,B-GNN-full,1,0,0.1669739335775375,
3825888,2015-11-21,11,La Liga,27,male,Valencia,Las Palmas,elite,experiment4_reduced_feature_robustness,1,142,B-GNN-full,0,0,0.0778686329722404,
3825665,2015-11-22,11,La Liga,27,male,Granada,Athletic Club,elite,experiment4_reduced_feature_robustness,1,142,B-GNN-full,1,0,0.0169720668345689,
3825666,2015-11-22,11,La Liga,27,male,Real Betis,Atlético Madrid,elite,experiment4_reduced_feature_robustness,1,142,B-GNN-full,0,0,0.0669799000024795,
3825667,2015-11-22,11,La Liga,27,male,Villarreal,Eibar,elite,experiment4_reduced_feature_robustness,1,142,B-GNN-full,0,0,0.1270900964736938,
3825668,2015-11-22,11,La Liga,27,male,Sporting Gijón,Levante UD,elite,experiment4_reduced_feature_robustness,1,142,B-GNN-full,0,0,0.0850764065980911,
3825669,2015-11-23,11,La Liga,27,male,Getafe,Rayo Vallecano,elite,experiment4_reduced_feature_robustness,1,142,B-GNN-full,0,0,0.034814029932022,
3825670,2015-11-27,11,La Liga,27,male,Levante UD,Real Betis,elite,experiment4_reduced_feature_robustness,1,142,B-GNN-full,0,0,0.1250706166028976,
266885,2015-11-28,11,La Liga,27,male,Barcelona,Real Sociedad,elite,experiment4_reduced_feature_robustness,1,142,B-GNN-full,1,0,0.2329037934541702,
3825671,2015-11-28,11,La Liga,27,male,Celta Vigo,Sporting Gijón,elite,experiment4_reduced_feature_robustness,1,142,B-GNN-full,1,0,0.1830903887748718,
3825672,2015-11-28,11,La Liga,27,male,Málaga,Granada,elite,experiment4_reduced_feature_robustness,1,142,B-GNN-full,0,0,0.0466519854962825,
3825673,2015-11-28,11,La Liga,27,male,Las Palmas,RC Deportivo La Coruña,elite,experiment4_reduced_feature_robustness,1,142,B-GNN-full,0,0,0.3398324847221374,
3825674,2015-11-28,11,La Liga,27,male,Atlético Madrid,Espanyol,elite,experiment4_reduced_feature_robustness,1,142,B-GNN-full,1,0,0.2950485348701477,
3825675,2015-11-29,11,La Liga,27,male,Rayo Vallecano,Athletic Club,elite,experiment4_reduced_feature_robustness,1,142,B-GNN-full,0,0,0.1528863310813903,
3825676,2015-11-29,11,La Liga,27,male,Getafe,Villarreal,elite,experiment4_reduced_feature_robustness,1,142,B-GNN-full,1,0,0.0519434213638305,
3825677,2015-11-29,11,La Liga,27,male,Sevilla,Valencia,elite,experiment4_reduced_feature_robustness,1,142,B-GNN-full,1,0,0.3383669555187225,
3825678,2015-11-29,11,La Liga,27,male,Eibar,Real Madrid,elite,experiment4_reduced_feature_robustness,1,142,B-GNN-full,0,0,0.0418816916644573,
267274,2015-12-05,11,La Liga,27,male,Valencia,Barcelona,elite,experiment4_reduced_feature_robustness,1,142,B-GNN-full,0,0,0.0392665229737758,
3825679,2015-12-05,11,La Liga,27,male,Real Betis,Celta Vigo,elite,experiment4_reduced_feature_robustness,1,142,B-GNN-full,0,0,0.1989454329013824,
3825680,2015-12-05,11,La Liga,27,male,RC Deportivo La Coruña,Sevilla,elite,experiment4_reduced_feature_robustness,1,142,B-GNN-full,0,0,0.0337594971060752,
3825681,2015-12-05,11,La Liga,27,male,Real Madrid,Getafe,elite,experiment4_reduced_feature_robustness,1,142,B-GNN-full,1,1,0.8005886673927307,
3825682,2015-12-05,11,La Liga,27,male,Granada,Atlético Madrid,elite,experiment4_reduced_feature_robustness,1,142,B-GNN-full,0,0,0.1304167360067367,
3825683,2015-12-06,11,La Liga,27,male,Real Sociedad,Eibar,elite,experiment4_reduced_feature_robustness,1,142,B-GNN-full,1,0,0.1315465867519378,
3825684,2015-12-06,11,La Liga,27,male,Villarreal,Rayo Vallecano,elite,experiment4_reduced_feature_robustness,1,142,B-GNN-full,1,0,0.076902650296688,
3825685,2015-12-06,11,La Liga,27,male,Sporting Gijón,Las Palmas,elite,experiment4_reduced_feature_robustness,1,142,B-GNN-full,1,0,0.0895440950989723,
3825686,2015-12-06,11,La Liga,27,male,Athletic Club,Málaga,elite,experiment4_reduced_feature_robustness,1,142,B-GNN-full,0,0,0.0545021221041679,
3825687,2015-12-07,11,La Liga,27,male,Espanyol,Levante UD,elite,experiment4_reduced_feature_robustness,1,142,B-GNN-full,0,0,0.0483723618090152,
3825688,2015-12-11,11,La Liga,27,male,Getafe,Real Sociedad,elite,experiment4_reduced_feature_robustness,1,142,B-GNN-full,0,0,0.0343615524470806,
266961,2015-12-12,11,La Liga,27,male,Barcelona,RC Deportivo La Coruña,elite,experiment4_reduced_feature_robustness,1,142,B-GNN-full,0,1,0.8478893041610718,
3825689,2015-12-12,11,La Liga,27,male,Celta Vigo,Espanyol,elite,experiment4_reduced_feature_robustness,1,142,B-GNN-full,1,0,0.0763818472623825,
3825690,2015-12-12,11,La Liga,27,male,Las Palmas,Real Betis,elite,experiment4_reduced_feature_robustness,1,142,B-GNN-full,1,0,0.2287581413984298,
3825691,2015-12-12,11,La Liga,27,male,Levante UD,Granada,elite,experiment4_reduced_feature_robustness,1,142,B-GNN-full,0,0,0.0528942719101905,
3825692,2015-12-12,11,La Liga,27,male,Sevilla,Sporting Gijón,elite,experiment4_reduced_feature_robustness,1,142,B-GNN-full,1,0,0.4582162797451019,
3825693,2015-12-13,11,La Liga,27,male,Atlético Madrid,Athletic Club,elite,experiment4_reduced_feature_robustness,1,142,B-GNN-full,1,0,0.0540233738720417,
3825694,2015-12-13,11,La Liga,27,male,Eibar,Valencia,elite,experiment4_reduced_feature_robustness,1,142,B-GNN-full,0,0,0.0785781368613243,
3825695,2015-12-13,11,La Liga,27,male,Villarreal,Real Madrid,elite,experiment4_reduced_feature_robustness,1,142,B-GNN-full,1,0,0.0535947419703006,
3825696,2015-12-13,11,La Liga,27,male,Rayo Vallecano,Málaga,elite,experiment4_reduced_feature_robustness,1,142,B-GNN-full,0,0,0.0480958223342895,
3825697,2015-12-19,11,La Liga,27,male,Valencia,Getafe,elite,experiment4_reduced_feature_robustness,1,142,B-GNN-full,0,0,0.2222514599561691,
3825698,2015-12-19,11,La Liga,27,male,RC Deportivo La Coruña,Eibar,elite,experiment4_reduced_feature_robustness,1,142,B-GNN-full,1,0,0.0888560712337493,
3825699,2015-12-19,11,La Liga,27,male,Real Betis,Sevilla,elite,experiment4_reduced_feature_robustness,1,142,B-GNN-full,0,0,0.0410935059189796,
3825891,2015-12-19,11,La Liga,27,male,Espanyol,Las Palmas,elite,experiment4_reduced_feature_robustness,1,142,B-GNN-full,1,0,0.0692829564213752,
3825700,2015-12-20,11,La Liga,27,male,Real Madrid,Rayo Vallecano,elite,experiment4_reduced_feature_robustness,1,142,B-GNN-full,1,1,0.7206190824508667,
3825701,2015-12-20,11,La Liga,27,male,Málaga,Atlético Madrid,elite,experiment4_reduced_feature_robustness,1,142,B-GNN-full,1,0,0.1292083263397216,
3825702,2015-12-20,11,La Liga,27,male,Real Sociedad,Villarreal,elite,experiment4_reduced_feature_robustness,1,142,B-GNN-full,0,0,0.4837386608123779,
3825703,2015-12-20,11,La Liga,27,male,Athletic Club,Levante UD,elite,experiment4_reduced_feature_robustness,1,142,B-GNN-full,1,0,0.1405091285705566,
3825704,2015-12-20,11,La Liga,27,male,Granada,Celta Vigo,elite,experiment4_reduced_feature_robustness,1,142,B-GNN-full,0,0,0.0641205087304115,
267327,2015-12-30,11,La Liga,27,male,Barcelona,Real Betis,elite,experiment4_reduced_feature_robustness,1,142,B-GNN-full,1,1,0.5649515986442566,
3825705,2015-12-30,11,La Liga,27,male,Eibar,Sporting Gijón,elite,experiment4_reduced_feature_robustness,1,142,B-GNN-full,1,0,0.0598259568214416,
3825706,2015-12-30,11,La Liga,27,male,Celta Vigo,Athletic Club,elite,experiment4_reduced_feature_robustness,1,142,B-GNN-full,0,0,0.1604288816452026,
3825707,2015-12-30,11,La Liga,27,male,Las Palmas,Granada,elite,experiment4_reduced_feature_robustness,1,142,B-GNN-full,1,0,0.2013671398162841,
3825708,2015-12-30,11,La Liga,27,male,Levante UD,Málaga,elite,experiment4_reduced_feature_robustness,1,142,B-GNN-full,0,0,0.0367436371743679,
3825709,2015-12-30,11,La Liga,27,male,Sevilla,Espanyol,elite,experiment4_reduced_feature_robustness,1,142,B-GNN-full,1,0,0.1275630742311477,
3825710,2015-12-30,11,La Liga,27,male,Real Madrid,Real Sociedad,elite,experiment4_reduced_feature_robustness,1,142,B-GNN-full,1,0,0.4310483336448669,
3825711,2015-12-30,11,La Liga,27,male,Rayo Vallecano,Atlético Madrid,elite,experiment4_reduced_feature_robustness,1,142,B-GNN-full,0,0,0.0810094028711319,
3825712,2015-12-30,11,La Liga,27,male,Getafe,RC Deportivo La Coruña,elite,experiment4_reduced_feature_robustness,1,142,B-GNN-full,0,0,0.0811010152101516,
3825713,2015-12-31,11,La Liga,27,male,Villarreal,Valencia,elite,experiment4_reduced_feature_robustness,1,142,B-GNN-full,1,0,0.084534615278244,
266670,2016-01-02,11,La Liga,27,male,Espanyol,Barcelona,elite,experiment4_reduced_feature_robustness,1,142,B-GNN-full,0,0,0.0173346474766731,
3825714,2016-01-02,11,La Liga,27,male,Atlético Madrid,Levante UD,elite,experiment4_reduced_feature_robustness,1,142,B-GNN-full,1,0,0.0981417670845985,
3825715,2016-01-02,11,La Liga,27,male,Málaga,Celta Vigo,elite,experiment4_reduced_feature_robustness,1,142,B-GNN-full,1,0,0.0995012298226356,
3825716,2016-01-03,11,La Liga,27,male,Rayo Vallecano,Real Sociedad,elite,experiment4_reduced_feature_robustness,1,142,B-GNN-full,0,0,0.0269666332751512,
3825717,2016-01-03,11,La Liga,27,male,Granada,Sevilla,elite,experiment4_reduced_feature_robustness,1,142,B-GNN-full,1,0,0.046791948378086,
3825718,2016-01-03,11,La Liga,27,male,Valencia,Real Madrid,elite,experiment4_reduced_feature_robustness,1,142,B-GNN-full,0,0,0.3546876609325409,
3825719,2016-01-03,11,La Liga,27,male,Athletic Club,Las Palmas,elite,experiment4_reduced_feature_robustness,1,142,B-GNN-full,0,0,0.048907846212387,
3825720,2016-01-03,11,La Liga,27,male,Real Betis,Eibar,elite,experiment4_reduced_feature_robustness,1,142,B-GNN-full,0,0,0.1425215601921081,
3825721,2016-01-03,11,La Liga,27,male,RC Deportivo La Coruña,Villarreal,elite,experiment4_reduced_feature_robustness,1,142,B-GNN-full,0,0,0.1147540956735611,
3825722,2016-01-04,11,La Liga,27,male,Sporting Gijón,Getafe,elite,experiment4_reduced_feature_robustness,1,142,B-GNN-full,0,0,0.0640863627195358,
266620,2016-01-09,11,La Liga,27,male,Barcelona,Granada,elite,experiment4_reduced_feature_robustness,1,142,B-GNN-full,1,1,0.8071473240852356,
3825723,2016-01-09,11,La Liga,27,male,Levante UD,Rayo Vallecano,elite,experiment4_reduced_feature_robustness,1,142,B-GNN-full,1,0,0.0264544319361448,
3825724,2016-01-09,11,La Liga,27,male,Real Madrid,RC Deportivo La Coruña,elite,experiment4_reduced_feature_robustness,1,142,B-GNN-full,1,0,0.4277457594871521,
3825725,2016-01-09,11,La Liga,27,male,Getafe,Real Betis,elite,experiment4_reduced_feature_robustness,1,142,B-GNN-full,1,0,0.068534605205059,
3825726,2016-01-09,11,La Liga,27,male,Sevilla,Athletic Club,elite,experiment4_reduced_feature_robustness,1,142,B-GNN-full,1,0,0.0685067549347877,
3825727,2016-01-10,11,La Liga,27,male,Eibar,Espanyol,elite,experiment4_reduced_feature_robustness,1,142,B-GNN-full,1,0,0.1395530700683593,
3825728,2016-01-10,11,La Liga,27,male,Celta Vigo,Atlético Madrid,elite,experiment4_reduced_feature_robustness,1,142,B-GNN-full,0,0,0.1843649446964264,
3825729,2016-01-10,11,La Liga,27,male,Villarreal,Sporting Gijón,elite,experiment4_reduced_feature_robustness,1,142,B-GNN-full,1,0,0.0872876793146133,
3825730,2016-01-10,11,La Liga,27,male,Real Sociedad,Valencia,elite,experiment4_reduced_feature_robustness,1,142,B-GNN-full,1,0,0.1816218942403793,
3825731,2016-01-10,11,La Liga,27,male,Las Palmas,Málaga,elite,experiment4_reduced_feature_robustness,1,142,B-GNN-full,0,0,0.1454229354858398,
3825732,2016-01-16,11,La Liga,27,male,Celta Vigo,Levante UD,elite,experiment4_reduced_feature_robustness,1,142,B-GNN-full,1,1,0.5749995708465576,
3825733,2016-01-16,11,La Liga,27,male,Sevilla,Málaga,elite,experiment4_reduced_feature_robustness,1,142,B-GNN-full,1,0,0.0769006609916687,
3825734,2016-01-16,11,La Liga,27,male,Real Sociedad,RC Deportivo La Coruña,elite,experiment4_reduced_feature_robustness,1,142,B-GNN-full,0,1,0.6390054821968079,
3825735,2016-01-16,11,La Liga,27,male,Villarreal,Real Betis,elite,experiment4_reduced_feature_robustness,1,142,B-GNN-full,0,0,0.1329738050699234,
266149,2016-01-17,11,La Liga,27,male,Barcelona,Athletic Club,elite,experiment4_reduced_feature_robustness,1,142,B-GNN-full,1,1,0.7566441893577576,
3825736,2016-01-17,11,La Liga,27,male,Valencia,Rayo Vallecano,elite,experiment4_reduced_feature_robustness,1,142,B-GNN-full,0,0,0.0861217305064201,
3825737,2016-01-17,11,La Liga,27,male,Getafe,Espanyol,elite,experiment4_reduced_feature_robustness,1,142,B-GNN-full,1,0,0.1197239309549331,
3825738,2016-01-17,11,La Liga,27,male,Las Palmas,Atlético Madrid,elite,experiment4_reduced_feature_robustness,1,142,B-GNN-full,0,0,0.4576888382434845,
3825739,2016-01-17,11,La Liga,27,male,Real Madrid,Sporting Gijón,elite,experiment4_reduced_feature_robustness,1,142,B-GNN-full,1,1,0.8874437212944031,
3825740,2016-01-18,11,La Liga,27,male,Eibar,Granada,elite,experiment4_reduced_feature_robustness,1,142,B-GNN-full,1,0,0.0755676850676536,
3825741,2016-01-22,11,La Liga,27,male,Sporting Gijón,Real Sociedad,elite,experiment4_reduced_feature_robustness,1,142,B-GNN-full,1,0,0.2988472878932953,
265894,2016-01-23,11,La Liga,27,male,Málaga,Barcelona,elite,experiment4_reduced_feature_robustness,1,142,B-GNN-full,0,0,0.0387295596301555,
3825742,2016-01-23,11,La Liga,27,male,Granada,Getafe,elite,experiment4_reduced_feature_robustness,1,142,B-GNN-full,1,0,0.2088527381420135,
3825743,2016-01-23,11,La Liga,27,male,Rayo Vallecano,Celta Vigo,elite,experiment4_reduced_feature_robustness,1,142,B-GNN-full,1,0,0.1548098176717758,
3825744,2016-01-23,11,La Liga,27,male,Espanyol,Villarreal,elite,experiment4_reduced_feature_robustness,1,142,B-GNN-full,0,0,0.0816933289170265,
3825745,2016-01-24,11,La Liga,27,male,RC Deportivo La Coruña,Valencia,elite,experiment4_reduced_feature_robustness,1,142,B-GNN-full,0,0,0.078285314142704,
3825746,2016-01-24,11,La Liga,27,male,Real Betis,Real Madrid,elite,experiment4_reduced_feature_robustness,1,142,B-GNN-full,0,0,0.0275008864700794,
3825747,2016-01-24,11,La Liga,27,male,Athletic Club,Eibar,elite,experiment4_reduced_feature_robustness,1,142,B-GNN-full,1,0,0.0661271139979362,
3825748,2016-01-24,11,La Liga,27,male,Atlético Madrid,Sevilla,elite,experiment4_reduced_feature_robustness,1,142,B-GNN-full,0,0,0.3806636333465576,
3825749,2016-01-25,11,La Liga,27,male,Levante UD,Las Palmas,elite,experiment4_reduced_feature_robustness,1,142,B-GNN-full,1,0,0.0330432765185833,
267576,2016-01-30,11,La Liga,27,male,Barcelona,Atlético Madrid,elite,experiment4_reduced_feature_robustness,1,142,B-GNN-full,1,1,0.7257353663444519,
3825750,2016-01-30,11,La Liga,27,male,Real Sociedad,Real Betis,elite,experiment4_reduced_feature_robustness,1,142,B-GNN-full,1,0,0.0663625374436378,
3825751,2016-01-30,11,La Liga,27,male,Getafe,Athletic Club,elite,experiment4_reduced_feature_robustness,1,142,B-GNN-full,0,0,0.0534346960484981,
3825752,2016-01-30,11,La Liga,27,male,Eibar,Málaga,elite,experiment4_reduced_feature_robustness,1,142,B-GNN-full,0,0,0.0490177646279335,
3825753,2016-01-30,11,La Liga,27,male,Villarreal,Granada,elite,experiment4_reduced_feature_robustness,1,142,B-GNN-full,1,0,0.2901865839958191,
3825754,2016-01-31,11,La Liga,27,male,Las Palmas,Celta Vigo,elite,experiment4_reduced_feature_robustness,1,142,B-GNN-full,1,0,0.1558864861726761,
3825755,2016-01-31,11,La Liga,27,male,Valencia,Sporting Gijón,elite,experiment4_reduced_feature_robustness,1,142,B-GNN-full,0,0,0.286276638507843,
3825756,2016-01-31,11,La Liga,27,male,Sevilla,Levante UD,elite,experiment4_reduced_feature_robustness,1,142,B-GNN-full,1,0,0.1344950944185257,
3825757,2016-01-31,11,La Liga,27,male,Real Madrid,Espanyol,elite,experiment4_reduced_feature_robustness,1,142,B-GNN-full,1,1,0.8219175338745117,
3825758,2016-02-01,11,La Liga,27,male,RC Deportivo La Coruña,Rayo Vallecano,elite,experiment4_reduced_feature_robustness,1,142,B-GNN-full,0,0,0.0848657116293907,
3825759,2016-02-05,11,La Liga,27,male,Málaga,Getafe,elite,experiment4_reduced_feature_robustness,1,142,B-GNN-full,1,0,0.0862550437450409,
3825760,2016-02-06,11,La Liga,27,male,Atlético Madrid,Eibar,elite,experiment4_reduced_feature_robustness,1,142,B-GNN-full,1,0,0.0524939410388469,
3825761,2016-02-06,11,La Liga,27,male,Athletic Club,Villarreal,elite,experiment4_reduced_feature_robustness,1,142,B-GNN-full,0,0,0.1334616392850875,
3825762,2016-02-06,11,La Liga,27,male,Sporting Gijón,RC Deportivo La Coruña,elite,experiment4_reduced_feature_robustness,1,142,B-GNN-full,0,0,0.0492478981614112,
3825763,2016-02-06,11,La Liga,27,male,Rayo Vallecano,Las Palmas,elite,experiment4_reduced_feature_robustness,1,142,B-GNN-full,1,0,0.1669065058231353,
266160,2016-02-07,11,La Liga,27,male,Levante UD,Barcelona,elite,experiment4_reduced_feature_robustness,1,142,B-GNN-full,0,0,0.0365068353712558,
3825764,2016-02-07,11,La Liga,27,male,Granada,Real Madrid,elite,experiment4_reduced_feature_robustness,1,142,B-GNN-full,0,0,0.0734590291976928,
3825765,2016-02-07,11,La Liga,27,male,Celta Vigo,Sevilla,elite,experiment4_reduced_feature_robustness,1,142,B-GNN-full,0,1,0.8008700013160706,
3825766,2016-02-07,11,La Liga,27,male,Real Betis,Valencia,elite,experiment4_reduced_feature_robustness,1,142,B-GNN-full,1,0,0.0363880023360252,
3825767,2016-02-08,11,La Liga,27,male,Espanyol,Real Sociedad,elite,experiment4_reduced_feature_robustness,1,142,B-GNN-full,0,0,0.117156334221363,
3825768,2016-02-12,11,La Liga,27,male,Sporting Gijón,Rayo Vallecano,elite,experiment4_reduced_feature_robustness,1,142,B-GNN-full,0,0,0.0431108400225639,
3825769,2016-02-13,11,La Liga,27,male,Villarreal,Málaga,elite,experiment4_reduced_feature_robustness,1,142,B-GNN-full,1,0,0.1148470118641853,
3825770,2016-02-13,11,La Liga,27,male,Real Madrid,Athletic Club,elite,experiment4_reduced_feature_robustness,1,142,B-GNN-full,1,1,0.6327216029167175,
3825771,2016-02-13,11,La Liga,27,male,RC Deportivo La Coruña,Real Betis,elite,experiment4_reduced_feature_robustness,1,142,B-GNN-full,0,0,0.1223316937685012,
3825772,2016-02-13,11,La Liga,27,male,Valencia,Espanyol,elite,experiment4_reduced_feature_robustness,1,142,B-GNN-full,1,0,0.1533405035734176,
266254,2016-02-14,11,La Liga,27,male,Barcelona,Celta Vigo,elite,experiment4_reduced_feature_robustness,1,142,B-GNN-full,1,0,0.362779289484024,
3825773,2016-02-14,11,La Liga,27,male,Eibar,Levante UD,elite,experiment4_reduced_feature_robustness,1,142,B-GNN-full,1,0,0.1780878156423568,
3825774,2016-02-14,11,La Liga,27,male,Getafe,Atlético Madrid,elite,experiment4_reduced_feature_robustness,1,142,B-GNN-full,0,1,0.5599126815795898,
3825775,2016-02-14,11,La Liga,27,male,Real Sociedad,Granada,elite,experiment4_reduced_feature_robustness,1,142,B-GNN-full,1,0,0.0885907262563705,
3825776,2016-02-14,11,La Liga,27,male,Sevilla,Las Palmas,elite,experiment4_reduced_feature_robustness,1,142,B-GNN-full,1,0,0.1222972422838211,
266815,2016-02-17,11,La Liga,27,male,Sporting Gijón,Barcelona,elite,experiment4_reduced_feature_robustness,1,142,B-GNN-full,0,0,0.0176757238805294,
3825777,2016-02-19,11,La Liga,27,male,Levante UD,Getafe,elite,experiment4_reduced_feature_robustness,1,142,B-GNN-full,1,0,0.0820219442248344,
267273,2016-02-20,11,La Liga,27,male,Las Palmas,Barcelona,elite,experiment4_reduced_feature_robustness,1,142,B-GNN-full,0,0,0.1748654246330261,
3825778,2016-02-20,11,La Liga,27,male,Real Betis,Sporting Gijón,elite,experiment4_reduced_feature_robustness,1,142,B-GNN-full,0,0,0.1272767186164856,
3825779,2016-02-20,11,La Liga,27,male,Celta Vigo,Eibar,elite,experiment4_reduced_feature_robustness,1,142,B-GNN-full,1,0,0.1827506124973297,
3825780,2016-02-20,11,La Liga,27,male,Espanyol,RC Deportivo La Coruña,elite,experiment4_reduced_feature_robustness,1,142,B-GNN-full,1,0,0.0901847556233406,
3825781,2016-02-21,11,La Liga,27,male,Rayo Vallecano,Sevilla,elite,experiment4_reduced_feature_robustness,1,142,B-GNN-full,0,0,0.098545953631401,
3825782,2016-02-21,11,La Liga,27,male,Granada,Valencia,elite,experiment4_reduced_feature_robustness,1,142,B-GNN-full,0,0,0.1669375896453857,
3825783,2016-02-21,11,La Liga,27,male,Athletic Club,Real Sociedad,elite,experiment4_reduced_feature_robustness,1,142,B-GNN-full,0,0,0.0797353535890579,
3825784,2016-02-21,11,La Liga,27,male,Atlético Madrid,Villarreal,elite,experiment4_reduced_feature_robustness,1,142,B-GNN-full,0,0,0.150842010974884,
3825785,2016-02-21,11,La Liga,27,male,Málaga,Real Madrid,elite,experiment4_reduced_feature_robustness,1,142,B-GNN-full,0,0,0.0386498980224132,
3825786,2016-02-26,11,La Liga,27,male,Eibar,Las Palmas,elite,experiment4_reduced_feature_robustness,1,142,B-GNN-full,0,0,0.0464308448135852,
3825787,2016-02-27,11,La Liga,27,male,Real Madrid,Atlético Madrid,elite,experiment4_reduced_feature_robustness,2,242,B-GNN-full,0,1,0.6422905325889587,
3825788,2016-02-27,11,La Liga,27,male,Getafe,Celta Vigo,elite,experiment4_reduced_feature_robustness,2,242,B-GNN-full,0,0,0.2182435840368271,
3825789,2016-02-27,11,La Liga,27,male,Real Sociedad,Málaga,elite,experiment4_reduced_feature_robustness,2,242,B-GNN-full,0,0,0.3932863473892212,
3825790,2016-02-27,11,La Liga,27,male,Sporting Gijón,Espanyol,elite,experiment4_reduced_feature_robustness,2,242,B-GNN-full,0,1,0.6528482437133789,
3825791,2016-02-27,11,La Liga,27,male,Real Betis,Rayo Vallecano,elite,experiment4_reduced_feature_robustness,2,242,B-GNN-full,0,0,0.3390772640705108,
265839,2016-02-28,11,La Liga,27,male,Barcelona,Sevilla,elite,experiment4_reduced_feature_robustness,2,242,B-GNN-full,1,1,0.642286479473114,
3825792,2016-02-28,11,La Liga,27,male,RC Deportivo La Coruña,Granada,elite,experiment4_reduced_feature_robustness,2,242,B-GNN-full,0,1,0.6969687342643738,
3825793,2016-02-28,11,La Liga,27,male,Valencia,Athletic Club,elite,experiment4_reduced_feature_robustness,2,242,B-GNN-full,0,0,0.3992210030555725,
3825794,2016-02-28,11,La Liga,27,male,Villarreal,Levante UD,elite,experiment4_reduced_feature_robustness,2,242,B-GNN-full,1,1,0.6141046285629272,
3825795,2016-03-01,11,La Liga,27,male,Atlético Madrid,Real Sociedad,elite,experiment4_reduced_feature_robustness,2,242,B-GNN-full,1,1,0.9161361455917358,
3825796,2016-03-01,11,La Liga,27,male,Las Palmas,Getafe,elite,experiment4_reduced_feature_robustness,2,242,B-GNN-full,1,1,0.777940571308136,
3825797,2016-03-02,11,La Liga,27,male,Athletic Club,RC Deportivo La Coruña,elite,experiment4_reduced_feature_robustness,2,242,B-GNN-full,1,1,0.9739510416984558,
3825798,2016-03-02,11,La Liga,27,male,Levante UD,Real Madrid,elite,experiment4_reduced_feature_robustness,2,242,B-GNN-full,0,0,0.3440699577331543,
3825799,2016-03-02,11,La Liga,27,male,Málaga,Valencia,elite,experiment4_reduced_feature_robustness,2,242,B-GNN-full,0,0,0.1463303714990615,
3825800,2016-03-02,11,La Liga,27,male,Celta Vigo,Villarreal,elite,experiment4_reduced_feature_robustness,2,242,B-GNN-full,0,1,0.6678093075752258,
3825801,2016-03-02,11,La Liga,27,male,Sevilla,Eibar,elite,experiment4_reduced_feature_robustness,2,242,B-GNN-full,1,1,0.6352957487106323,
266653,2016-03-03,11,La Liga,27,male,Rayo Vallecano,Barcelona,elite,experiment4_reduced_feature_robustness,2,242,B-GNN-full,0,0,0.2544691264629364,
3825802,2016-03-03,11,La Liga,27,male,Espanyol,Real Betis,elite,experiment4_reduced_feature_robustness,2,242,B-GNN-full,0,0,0.2537936270236969,
3825803,2016-03-03,11,La Liga,27,male,Granada,Sporting Gijón,elite,experiment4_reduced_feature_robustness,2,242,B-GNN-full,1,1,0.7150127291679382,
3825804,2016-03-05,11,La Liga,27,male,RC Deportivo La Coruña,Málaga,elite,experiment4_reduced_feature_robustness,2,242,B-GNN-full,0,1,0.8245985507965088,
3825805,2016-03-05,11,La Liga,27,male,Villarreal,Las Palmas,elite,experiment4_reduced_feature_robustness,2,242,B-GNN-full,0,0,0.3376387059688568,
3825806,2016-03-05,11,La Liga,27,male,Real Madrid,Celta Vigo,elite,experiment4_reduced_feature_robustness,2,242,B-GNN-full,1,1,0.8911553025245667,
3825867,2016-03-05,11,La Liga,27,male,Getafe,Sevilla,elite,experiment4_reduced_feature_robustness,2,242,B-GNN-full,0,0,0.2410611063241958,
266056,2016-03-06,11,La Liga,27,male,Eibar,Barcelona,elite,experiment4_reduced_feature_robustness,2,242,B-GNN-full,0,0,0.2347966581583023,
3825807,2016-03-06,11,La Liga,27,male,Valencia,Atlético Madrid,elite,experiment4_reduced_feature_robustness,2,242,B-GNN-full,0,0,0.2037897408008575,
3825808,2016-03-06,11,La Liga,27,male,Sporting Gijón,Athletic Club,elite,experiment4_reduced_feature_robustness,2,242,B-GNN-full,0,0,0.1384285688400268,
3825809,2016-03-06,11,La Liga,27,male,Real Betis,Granada,elite,experiment4_reduced_feature_robustness,2,242,B-GNN-full,1,0,0.1476465761661529,
3825810,2016-03-06,11,La Liga,27,male,Real Sociedad,Levante UD,elite,experiment4_reduced_feature_robustness,2,242,B-GNN-full,0,0,0.3806948661804199,
3825811,2016-03-07,11,La Liga,27,male,Espanyol,Rayo Vallecano,elite,experiment4_reduced_feature_robustness,2,242,B-GNN-full,1,1,0.5348277688026428,
3825812,2016-03-11,11,La Liga,27,male,Málaga,Sporting Gijón,elite,experiment4_reduced_feature_robustness,2,242,B-GNN-full,1,0,0.2407496869564056,
266498,2016-03-12,11,La Liga,27,male,Barcelona,Getafe,elite,experiment4_reduced_feature_robustness,2,242,B-GNN-full,1,1,0.9724383354187012,
3825813,2016-03-12,11,La Liga,27,male,Atlético Madrid,RC Deportivo La Coruña,elite,experiment4_reduced_feature_robustness,2,242,B-GNN-full,1,1,0.9025444984436036,
3825814,2016-03-12,11,La Liga,27,male,Celta Vigo,Real Sociedad,elite,experiment4_reduced_feature_robustness,2,242,B-GNN-full,1,0,0.1412601023912429,
3825858,2016-03-12,11,La Liga,27,male,Rayo Vallecano,Eibar,elite,experiment4_reduced_feature_robustness,2,242,B-GNN-full,0,0,0.4059256911277771,
3825815,2016-03-13,11,La Liga,27,male,Levante UD,Valencia,elite,experiment4_reduced_feature_robustness,2,242,B-GNN-full,1,0,0.1977524310350418,
3825816,2016-03-13,11,La Liga,27,male,Sevilla,Villarreal,elite,experiment4_reduced_feature_robustness,2,242,B-GNN-full,1,1,0.966378390789032,
3825844,2016-03-13,11,La Liga,27,male,Athletic Club,Real Betis,elite,experiment4_reduced_feature_robustness,2,242,B-GNN-full,1,1,0.7481865286827087,
3825879,2016-03-13,11,La Liga,27,male,Las Palmas,Real Madrid,elite,experiment4_reduced_feature_robustness,2,242,B-GNN-full,0,1,0.6637073159217834,
3825881,2016-03-14,11,La Liga,27,male,Granada,Espanyol,elite,experiment4_reduced_feature_robustness,2,242,B-GNN-full,0,0,0.1304227709770202,
3825817,2016-03-18,11,La Liga,27,male,Getafe,Eibar,elite,experiment4_reduced_feature_robustness,2,242,B-GNN-full,0,0,0.195906177163124,
3825818,2016-03-19,11,La Liga,27,male,Real Sociedad,Las Palmas,elite,experiment4_reduced_feature_robustness,2,242,B-GNN-full,0,0,0.1991620808839798,
3825880,2016-03-19,11,La Liga,27,male,RC Deportivo La Coruña,Levante UD,elite,experiment4_reduced_feature_robustness,2,242,B-GNN-full,1,1,0.5181732177734375,
3825887,2016-03-19,11,La Liga,27,male,Granada,Rayo Vallecano,elite,experiment4_reduced_feature_robustness,2,242,B-GNN-full,0,1,0.5115311145782471,
3825903,2016-03-19,11,La Liga,27,male,Real Betis,Málaga,elite,experiment4_reduced_feature_robustness,2,242,B-GNN-full,0,0,0.3424012362957001,
3825907,2016-03-19,11,La Liga,27,male,Sporting Gijón,Atlético Madrid,elite,experiment4_reduced_feature_robustness,2,242,B-GNN-full,1,1,0.658746063709259,
266106,2016-03-20,11,La Liga,27,male,Villarreal,Barcelona,elite,experiment4_reduced_feature_robustness,2,242,B-GNN-full,0,1,0.6029344201087952,
3825819,2016-03-20,11,La Liga,27,male,Valencia,Celta Vigo,elite,experiment4_reduced_feature_robustness,2,242,B-GNN-full,0,0,0.3723604381084442,
3825820,2016-03-20,11,La Liga,27,male,Real Madrid,Sevilla,elite,experiment4_reduced_feature_robustness,2,242,B-GNN-full,1,1,0.9960675239562988,
3825821,2016-03-20,11,La Liga,27,male,Espanyol,Athletic Club,elite,experiment4_reduced_feature_robustness,2,242,B-GNN-full,1,1,0.5512080788612366,
3825885,2016-04-01,11,La Liga,27,male,Rayo Vallecano,Getafe,elite,experiment4_reduced_feature_robustness,2,242,B-GNN-full,1,1,0.9754526615142822,
267533,2016-04-02,11,La Liga,27,male,Barcelona,Real Madrid,elite,experiment4_reduced_feature_robustness,2,242,B-GNN-full,0,1,0.6385726928710938,
3825822,2016-04-02,11,La Liga,27,male,Las Palmas,Valencia,elite,experiment4_reduced_feature_robustness,2,242,B-GNN-full,1,1,0.5645519495010376,
3825872,2016-04-02,11,La Liga,27,male,Atlético Madrid,Real Betis,elite,experiment4_reduced_feature_robustness,2,242,B-GNN-full,1,1,0.964163601398468,
3825898,2016-04-02,11,La Liga,27,male,Celta Vigo,RC Deportivo La Coruña,elite,experiment4_reduced_feature_robustness,2,242,B-GNN-full,0,0,0.371059387922287,
3825823,2016-04-03,11,La Liga,27,male,Sevilla,Real Sociedad,elite,experiment4_reduced_feature_robustness,2,242,B-GNN-full,0,1,0.7540772557258606,
3825824,2016-04-03,11,La Liga,27,male,Eibar,Villarreal,elite,experiment4_reduced_feature_robustness,2,242,B-GNN-full,0,0,0.1756837218999862,
3825877,2016-04-03,11,La Liga,27,male,Athletic Club,Granada,elite,experiment4_reduced_feature_robustness,2,242,B-GNN-full,0,1,0.8804018497467041,
3825905,2016-04-03,11,La Liga,27,male,Málaga,Espanyol,elite,experiment4_reduced_feature_robustness,2,242,B-GNN-full,0,1,0.526628851890564,
3825825,2016-04-04,11,La Liga,27,male,Levante UD,Sporting Gijón,elite,experiment4_reduced_feature_robustness,2,242,B-GNN-full,0,0,0.3617070913314819,
3825826,2016-04-08,11,La Liga,27,male,Granada,Málaga,elite,experiment4_reduced_feature_robustness,2,242,B-GNN-full,0,0,0.2364260405302047,
266664,2016-04-09,11,La Liga,27,male,Real Sociedad,Barcelona,elite,experiment4_reduced_feature_robustness,2,242,B-GNN-full,1,0,0.1912947297096252,
3825827,2016-04-09,11,La Liga,27,male,Real Betis,Levante UD,elite,experiment4_reduced_feature_robustness,2,242,B-GNN-full,1,0,0.2478522360324859,
3825828,2016-04-09,11,La Liga,27,male,Espanyol,Atlético Madrid,elite,experiment4_reduced_feature_robustness,2,242,B-GNN-full,0,0,0.2340813428163528,
3825856,2016-04-09,11,La Liga,27,male,Real Madrid,Eibar,elite,experiment4_reduced_feature_robustness,2,242,B-GNN-full,1,1,0.9610010385513306,
3825829,2016-04-10,11,La Liga,27,male,Athletic Club,Rayo Vallecano,elite,experiment4_reduced_feature_robustness,2,242,B-GNN-full,1,0,0.2115458399057388,
3825830,2016-04-10,11,La Liga,27,male,Villarreal,Getafe,elite,experiment4_reduced_feature_robustness,2,242,B-GNN-full,1,0,0.415844976902008,
3825831,2016-04-10,11,La Liga,27,male,Valencia,Sevilla,elite,experiment4_reduced_feature_robustness,2,242,B-GNN-full,1,0,0.4361136555671692,
3825832,2016-04-10,11,La Liga,27,male,Sporting Gijón,Celta Vigo,elite,experiment4_reduced_feature_robustness,2,242,B-GNN-full,0,0,0.1451407074928283,
3825863,2016-04-11,11,La Liga,27,male,RC Deportivo La Coruña,Las Palmas,elite,experiment4_reduced_feature_robustness,2,242,B-GNN-full,0,0,0.2711496949195862,
3825857,2016-04-15,11,La Liga,27,male,Levante UD,Espanyol,elite,experiment4_reduced_feature_robustness,2,242,B-GNN-full,1,0,0.2706591188907623,
3825833,2016-04-16,11,La Liga,27,male,Getafe,Real Madrid,elite,experiment4_reduced_feature_robustness,2,242,B-GNN-full,0,0,0.2468321025371551,
3825852,2016-04-16,11,La Liga,27,male,Las Palmas,Sporting Gijón,elite,experiment4_reduced_feature_robustness,2,242,B-GNN-full,0,0,0.3673878908157348,
3825889,2016-04-16,11,La Liga,27,male,Celta Vigo,Real Betis,elite,experiment4_reduced_feature_robustness,2,242,B-GNN-full,0,1,0.5520607829093933,
3825897,2016-04-16,11,La Liga,27,male,Eibar,Real Sociedad,elite,experiment4_reduced_feature_robustness,2,242,B-GNN-full,1,0,0.3853804171085357,
266557,2016-04-17,11,La Liga,27,male,Barcelona,Valencia,elite,experiment4_reduced_feature_robustness,2,242,B-GNN-full,0,1,0.8160128593444824,
3825834,2016-04-17,11,La Liga,27,male,Atlético Madrid,Granada,elite,experiment4_reduced_feature_robustness,2,242,B-GNN-full,1,1,0.5407386422157288,
3825835,2016-04-17,11,La Liga,27,male,Málaga,Athletic Club,elite,experiment4_reduced_feature_robustness,2,242,B-GNN-full,0,0,0.2817219495773315,
3825836,2016-04-17,11,La Liga,27,male,Rayo Vallecano,Villarreal,elite,experiment4_reduced_feature_robustness,2,242,B-GNN-full,1,1,0.7504141330718994,
3825906,2016-04-17,11,La Liga,27,male,Sevilla,RC Deportivo La Coruña,elite,experiment4_reduced_feature_robustness,2,242,B-GNN-full,0,1,0.50066077709198,
3825837,2016-04-19,11,La Liga,27,male,Real Betis,Las Palmas,elite,experiment4_reduced_feature_robustness,2,242,B-GNN-full,1,0,0.3400823473930359,
3825862,2016-04-19,11,La Liga,27,male,Espanyol,Celta Vigo,elite,experiment4_reduced_feature_robustness,2,242,B-GNN-full,0,0,0.28410205245018,
266310,2016-04-20,11,La Liga,27,male,RC Deportivo La Coruña,Barcelona,elite,experiment4_reduced_feature_robustness,2,242,B-GNN-full,0,1,0.5174638628959656,
3825838,2016-04-20,11,La Liga,27,male,Athletic Club,Atlético Madrid,elite,experiment4_reduced_feature_robustness,2,242,B-GNN-full,0,0,0.2888906896114349,
3825839,2016-04-20,11,La Liga,27,male,Sporting Gijón,Sevilla,elite,experiment4_reduced_feature_robustness,2,242,B-GNN-full,1,0,0.3125814199447632,
3825840,2016-04-20,11,La Liga,27,male,Valencia,Eibar,elite,experiment4_reduced_feature_robustness,2,242,B-GNN-full,1,1,0.9905956983566284,
3825843,2016-04-20,11,La Liga,27,male,Málaga,Rayo Vallecano,elite,experiment4_reduced_feature_robustness,2,242,B-GNN-full,0,0,0.3497234284877777,
3825893,2016-04-20,11,La Liga,27,male,Real Madrid,Villarreal,elite,experiment4_reduced_feature_robustness,2,242,B-GNN-full,1,1,0.844380795955658,
3825841,2016-04-21,11,La Liga,27,male,Real Sociedad,Getafe,elite,experiment4_reduced_feature_robustness,2,242,B-GNN-full,0,0,0.4101165533065796,
3825896,2016-04-21,11,La Liga,27,male,Granada,Levante UD,elite,experiment4_reduced_feature_robustness,2,242,B-GNN-full,1,1,0.995940089225769,
3825871,2016-04-22,11,La Liga,27,male,Las Palmas,Espanyol,elite,experiment4_reduced_feature_robustness,2,242,B-GNN-full,1,1,0.5540891885757446,
265944,2016-04-23,11,La Liga,27,male,Barcelona,Sporting Gijón,elite,experiment4_reduced_feature_robustness,2,242,B-GNN-full,1,1,0.9986041188240052,
3825847,2016-04-23,11,La Liga,27,male,Eibar,RC Deportivo La Coruña,elite,experiment4_reduced_feature_robustness,2,242,B-GNN-full,0,0,0.3305230736732483,
3825886,2016-04-23,11,La Liga,27,male,Rayo Vallecano,Real Madrid,elite,experiment4_reduced_feature_robustness,2,242,B-GNN-full,0,0,0.3955255448818207,
3825890,2016-04-23,11,La Liga,27,male,Atlético Madrid,Málaga,elite,experiment4_reduced_feature_robustness,2,242,B-GNN-full,1,0,0.2204625159502029,
3825842,2016-04-24,11,La Liga,27,male,Levante UD,Athletic Club,elite,experiment4_reduced_feature_robustness,2,242,B-GNN-full,0,0,0.1887276023626327,
3825875,2016-04-24,11,La Liga,27,male,Villarreal,Real Sociedad,elite,experiment4_reduced_feature_robustness,2,242,B-GNN-full,0,0,0.1944841891527176,
3825884,2016-04-24,11,La Liga,27,male,Sevilla,Real Betis,elite,experiment4_reduced_feature_robustness,2,242,B-GNN-full,1,0,0.3319487273693084,
3825899,2016-04-24,11,La Liga,27,male,Getafe,Valencia,elite,experiment4_reduced_feature_robustness,2,242,B-GNN-full,0,0,0.3550574779510498,
3825868,2016-04-25,11,La Liga,27,male,Celta Vigo,Granada,elite,experiment4_reduced_feature_robustness,2,242,B-GNN-full,1,1,0.9373725652694702,
3825854,2016-04-29,11,La Liga,27,male,Sporting Gijón,Eibar,elite,experiment4_reduced_feature_robustness,2,242,B-GNN-full,1,0,0.2049393057823181,
266986,2016-04-30,11,La Liga,27,male,Real Betis,Barcelona,elite,experiment4_reduced_feature_robustness,2,242,B-GNN-full,0,0,0.0980987027287483,
3825859,2016-04-30,11,La Liga,27,male,Granada,Las Palmas,elite,experiment4_reduced_feature_robustness,2,242,B-GNN-full,1,0,0.4775177836418152,
3825864,2016-04-30,11,La Liga,27,male,Real Sociedad,Real Madrid,elite,experiment4_reduced_feature_robustness,2,242,B-GNN-full,0,0,0.2684248089790344,
3825878,2016-04-30,11,La Liga,27,male,Atlético Madrid,Rayo Vallecano,elite,experiment4_reduced_feature_robustness,2,242,B-GNN-full,1,0,0.1723512709140777,
3825845,2016-05-01,11,La Liga,27,male,Espanyol,Sevilla,elite,experiment4_reduced_feature_robustness,2,242,B-GNN-full,1,0,0.3309035897254944,
3825870,2016-05-01,11,La Liga,27,male,Athletic Club,Celta Vigo,elite,experiment4_reduced_feature_robustness,2,242,B-GNN-full,1,1,0.5222330093383789,
3825873,2016-05-01,11,La Liga,27,male,Valencia,Villarreal,elite,experiment4_reduced_feature_robustness,2,242,B-GNN-full,0,0,0.3756978511810303,
3825894,2016-05-01,11,La Liga,27,male,RC Deportivo La Coruña,Getafe,elite,experiment4_reduced_feature_robustness,2,242,B-GNN-full,0,0,0.1799169331789016,
3825855,2016-05-02,11,La Liga,27,male,Málaga,Levante UD,elite,experiment4_reduced_feature_robustness,2,242,B-GNN-full,1,0,0.4927381575107574,
265958,2016-05-08,11,La Liga,27,male,Barcelona,Espanyol,elite,experiment4_reduced_feature_robustness,2,242,B-GNN-full,1,1,0.7491093873977661,
3825850,2016-05-08,11,La Liga,27,male,Celta Vigo,Málaga,elite,experiment4_reduced_feature_robustness,2,242,B-GNN-full,1,1,0.7332245707511902,
3825851,2016-05-08,11,La Liga,27,male,Villarreal,RC Deportivo La Coruña,elite,experiment4_reduced_feature_robustness,2,242,B-GNN-full,0,1,0.582687497138977,
3825853,2016-05-08,11,La Liga,27,male,Sevilla,Granada,elite,experiment4_reduced_feature_robustness,2,242,B-GNN-full,0,0,0.2590923607349396,
3825860,2016-05-08,11,La Liga,27,male,Levante UD,Atlético Madrid,elite,experiment4_reduced_feature_robustness,2,242,B-GNN-full,1,0,0.4283841848373413,
3825861,2016-05-08,11,La Liga,27,male,Real Sociedad,Rayo Vallecano,elite,experiment4_reduced_feature_robustness,2,242,B-GNN-full,1,0,0.3665991723537445,
3825865,2016-05-08,11,La Liga,27,male,Getafe,Sporting Gijón,elite,experiment4_reduced_feature_robustness,2,242,B-GNN-full,0,0,0.2280732691287994,
3825866,2016-05-08,11,La Liga,27,male,Las Palmas,Athletic Club,elite,experiment4_reduced_feature_robustness,2,242,B-GNN-full,0,0,0.3411650657653808,
3825901,2016-05-08,11,La Liga,27,male,Real Madrid,Valencia,elite,experiment4_reduced_feature_robustness,2,242,B-GNN-full,1,1,0.9533864259719848,
3825904,2016-05-08,11,La Liga,27,male,Eibar,Real Betis,elite,experiment4_reduced_feature_robustness,2,242,B-GNN-full,0,0,0.4281438887119293,
3825849,2016-05-13,11,La Liga,27,male,Valencia,Real Sociedad,elite,experiment4_reduced_feature_robustness,2,242,B-GNN-full,0,0,0.4394745528697967,
267506,2016-05-14,11,La Liga,27,male,Granada,Barcelona,elite,experiment4_reduced_feature_robustness,2,242,B-GNN-full,0,0,0.1696511507034301,
3825846,2016-05-14,11,La Liga,27,male,RC Deportivo La Coruña,Real Madrid,elite,experiment4_reduced_feature_robustness,2,242,B-GNN-full,0,0,0.3801452815532684,
3825869,2016-05-14,11,La Liga,27,male,Athletic Club,Sevilla,elite,experiment4_reduced_feature_robustness,2,242,B-GNN-full,1,1,0.956198513507843,
3825882,2016-05-14,11,La Liga,27,male,Atlético Madrid,Celta Vigo,elite,experiment4_reduced_feature_robustness,2,242,B-GNN-full,1,0,0.3633630871772766,
3825876,2016-05-15,11,La Liga,27,male,Real Betis,Getafe,elite,experiment4_reduced_feature_robustness,2,242,B-GNN-full,1,1,0.8570273518562317,
3825883,2016-05-15,11,La Liga,27,male,Málaga,Las Palmas,elite,experiment4_reduced_feature_robustness,2,242,B-GNN-full,1,1,0.5244459509849548,
3825900,2016-05-15,11,La Liga,27,male,Sporting Gijón,Villarreal,elite,experiment4_reduced_feature_robustness,2,242,B-GNN-full,1,0,0.4677412509918213,
3825902,2016-05-15,11,La Liga,27,male,Rayo Vallecano,Levante UD,elite,experiment4_reduced_feature_robustness,2,242,B-GNN-full,1,1,0.8732157945632935,
3825908,2016-05-15,11,La Liga,27,male,Espanyol,Eibar,elite,experiment4_reduced_feature_robustness,2,242,B-GNN-full,1,1,0.6365983486175537,
267670,2016-08-20,11,La Liga,2,male,Barcelona,Real Betis,elite,experiment4_reduced_feature_robustness,2,242,B-GNN-full,1,1,0.9933933615684508,
266892,2016-08-28,11,La Liga,2,male,Athletic Club,Barcelona,elite,experiment4_reduced_feature_robustness,2,242,B-GNN-full,0,0,0.2032373547554016,
267220,2016-09-21,11,La Liga,2,male,Barcelona,Atlético Madrid,elite,experiment4_reduced_feature_robustness,2,242,B-GNN-full,0,1,0.8037531971931458,
267492,2016-10-15,11,La Liga,2,male,Barcelona,RC Deportivo La Coruña,elite,experiment4_reduced_feature_robustness,2,242,B-GNN-full,1,1,0.7409353852272034,
266033,2016-10-22,11,La Liga,2,male,Valencia,Barcelona,elite,experiment4_reduced_feature_robustness,2,242,B-GNN-full,0,0,0.2717945277690887,
267058,2016-10-29,11,La Liga,2,male,Barcelona,Granada,elite,experiment4_reduced_feature_robustness,2,242,B-GNN-full,1,1,0.801253080368042,
266989,2016-11-06,11,La Liga,2,male,Sevilla,Barcelona,elite,experiment4_reduced_feature_robustness,2,242,B-GNN-full,0,1,0.5333514213562012,
266191,2016-11-27,11,La Liga,2,male,Real Sociedad,Barcelona,elite,experiment4_reduced_feature_robustness,2,242,B-GNN-full,0,1,0.6413470506668091,
267076,2016-12-03,11,La Liga,2,male,Barcelona,Real Madrid,elite,experiment4_reduced_feature_robustness,2,242,B-GNN-full,0,1,0.7231833934783936,
266357,2016-12-10,11,La Liga,2,male,Osasuna,Barcelona,elite,experiment4_reduced_feature_robustness,3,342,B-GNN-full,0,0,0.0445535294711589,
266528,2016-12-18,11,La Liga,2,male,Barcelona,Espanyol,elite,experiment4_reduced_feature_robustness,3,342,B-GNN-full,1,1,0.9780616760253906,
266477,2017-01-08,11,La Liga,2,male,Villarreal,Barcelona,elite,experiment4_reduced_feature_robustness,3,342,B-GNN-full,0,0,0.2643754780292511,
267395,2017-01-14,11,La Liga,2,male,Barcelona,Las Palmas,elite,experiment4_reduced_feature_robustness,3,342,B-GNN-full,1,1,0.9916862845420836,
266731,2017-01-22,11,La Liga,2,male,Eibar,Barcelona,elite,experiment4_reduced_feature_robustness,3,342,B-GNN-full,0,0,0.2411036491394043,
266516,2017-01-29,11,La Liga,2,male,Real Betis,Barcelona,elite,experiment4_reduced_feature_robustness,3,342,B-GNN-full,0,1,0.6277292370796204,
266874,2017-02-04,11,La Liga,2,male,Barcelona,Athletic Club,elite,experiment4_reduced_feature_robustness,3,342,B-GNN-full,1,0,0.4074591398239136,
267464,2017-02-26,11,La Liga,2,male,Atlético Madrid,Barcelona,elite,experiment4_reduced_feature_robustness,3,342,B-GNN-full,0,0,0.2063701301813125,
265952,2017-03-01,11,La Liga,2,male,Barcelona,Sporting Gijón,elite,experiment4_reduced_feature_robustness,3,342,B-GNN-full,1,1,0.9256079196929932,
266299,2017-03-04,11,La Liga,2,male,Barcelona,Celta Vigo,elite,experiment4_reduced_feature_robustness,3,342,B-GNN-full,1,1,0.842877209186554,
267660,2017-03-12,11,La Liga,2,male,RC Deportivo La Coruña,Barcelona,elite,experiment4_reduced_feature_robustness,3,342,B-GNN-full,1,1,0.5588765740394592,
266440,2017-03-19,11,La Liga,2,male,Barcelona,Valencia,elite,experiment4_reduced_feature_robustness,3,342,B-GNN-full,1,1,0.962885320186615,
266280,2017-04-05,11,La Liga,2,male,Barcelona,Sevilla,elite,experiment4_reduced_feature_robustness,3,342,B-GNN-full,1,1,0.7521046996116638,
267590,2017-04-08,11,La Liga,2,male,Málaga,Barcelona,elite,experiment4_reduced_feature_robustness,3,342,B-GNN-full,1,0,0.1673815250396728,
267373,2017-04-15,11,La Liga,2,male,Barcelona,Real Sociedad,elite,experiment4_reduced_feature_robustness,3,342,B-GNN-full,1,1,0.9566285610198976,
267569,2017-04-23,11,La Liga,2,male,Real Madrid,Barcelona,elite,experiment4_reduced_feature_robustness,3,342,B-GNN-full,0,1,0.7124283313751221,
267101,2017-04-26,11,La Liga,2,male,Barcelona,Osasuna,elite,experiment4_reduced_feature_robustness,3,342,B-GNN-full,1,1,0.9818434119224548,
267077,2017-04-29,11,La Liga,2,male,Espanyol,Barcelona,elite,experiment4_reduced_feature_robustness,3,342,B-GNN-full,0,0,0.2553971707820892,
266952,2017-05-06,11,La Liga,2,male,Barcelona,Villarreal,elite,experiment4_reduced_feature_robustness,3,342,B-GNN-full,1,1,0.995128870010376,
267039,2017-05-14,11,La Liga,2,male,Las Palmas,Barcelona,elite,experiment4_reduced_feature_robustness,3,342,B-GNN-full,0,0,0.198616623878479,
267432,2017-05-21,11,La Liga,2,male,Barcelona,Eibar,elite,experiment4_reduced_feature_robustness,3,342,B-GNN-full,1,1,0.9992510676383972,
9575,2017-08-20,11,La Liga,1,male,Barcelona,Real Betis,elite,experiment4_reduced_feature_robustness,3,342,B-GNN-full,1,1,0.7770883440971375,
9581,2017-08-26,11,La Liga,1,male,Deportivo Alavés,Barcelona,elite,experiment4_reduced_feature_robustness,3,342,B-GNN-full,0,0,0.1587040722370147,
9592,2017-09-09,11,La Liga,1,male,Barcelona,Espanyol,elite,experiment4_reduced_feature_robustness,3,342,B-GNN-full,1,1,0.9980756044387816,
9602,2017-09-16,11,La Liga,1,male,Getafe,Barcelona,elite,experiment4_reduced_feature_robustness,3,342,B-GNN-full,0,0,0.1811138540506363,
9609,2017-09-19,11,La Liga,1,male,Barcelona,Eibar,elite,experiment4_reduced_feature_robustness,3,342,B-GNN-full,1,1,0.9626457691192628,
9636,2017-10-01,11,La Liga,1,male,Barcelona,Las Palmas,elite,experiment4_reduced_feature_robustness,3,342,B-GNN-full,1,1,0.99989914894104,
9642,2017-10-14,11,La Liga,1,male,Atlético Madrid,Barcelona,elite,experiment4_reduced_feature_robustness,3,342,B-GNN-full,0,0,0.4379688203334808,
9650,2017-10-21,11,La Liga,1,male,Barcelona,Málaga,elite,experiment4_reduced_feature_robustness,3,342,B-GNN-full,1,1,0.9864932894706726,
9661,2017-10-28,11,La Liga,1,male,Athletic Club,Barcelona,elite,experiment4_reduced_feature_robustness,3,342,B-GNN-full,0,0,0.3731172978878021,
9673,2017-11-04,11,La Liga,1,male,Barcelona,Sevilla,elite,experiment4_reduced_feature_robustness,3,342,B-GNN-full,1,1,0.7737689018249512,
9695,2017-11-26,11,La Liga,1,male,Valencia,Barcelona,elite,experiment4_reduced_feature_robustness,3,342,B-GNN-full,0,1,0.5553115010261536,
9700,2017-12-02,11,La Liga,1,male,Barcelona,Celta Vigo,elite,experiment4_reduced_feature_robustness,3,342,B-GNN-full,0,1,0.9992755055427552,
9717,2017-12-10,11,La Liga,1,male,Villarreal,Barcelona,elite,experiment4_reduced_feature_robustness,3,342,B-GNN-full,0,1,0.549042820930481,
9726,2017-12-17,11,La Liga,1,male,Barcelona,RC Deportivo La Coruña,elite,experiment4_reduced_feature_robustness,3,342,B-GNN-full,1,1,0.999975323677063,
9736,2017-12-23,11,La Liga,1,male,Real Madrid,Barcelona,elite,experiment4_reduced_feature_robustness,3,342,B-GNN-full,0,0,0.4976173639297485,
9742,2018-01-07,11,La Liga,1,male,Barcelona,Levante UD,elite,experiment4_reduced_feature_robustness,3,342,B-GNN-full,1,1,0.9947482943534852,
9754,2018-01-14,11,La Liga,1,male,Real Sociedad,Barcelona,elite,experiment4_reduced_feature_robustness,3,342,B-GNN-full,0,1,0.5531499981880188,
9765,2018-01-21,11,La Liga,1,male,Real Betis,Barcelona,elite,experiment4_reduced_feature_robustness,3,342,B-GNN-full,0,1,0.609146773815155,
9774,2018-01-28,11,La Liga,1,male,Barcelona,Deportivo Alavés,elite,experiment4_reduced_feature_robustness,3,342,B-GNN-full,1,1,0.9767439365386964,
9783,2018-02-04,11,La Liga,1,male,Espanyol,Barcelona,elite,experiment4_reduced_feature_robustness,3,342,B-GNN-full,0,0,0.1958959251642227,
9794,2018-02-11,11,La Liga,1,male,Barcelona,Getafe,elite,experiment4_reduced_feature_robustness,3,342,B-GNN-full,0,1,0.8614838123321533,
9799,2018-02-17,11,La Liga,1,male,Eibar,Barcelona,elite,experiment4_reduced_feature_robustness,3,342,B-GNN-full,0,0,0.2943113446235657,
9827,2018-03-01,11,La Liga,1,male,Las Palmas,Barcelona,elite,experiment4_reduced_feature_robustness,3,342,B-GNN-full,0,0,0.2677539885044098,
9837,2018-03-04,11,La Liga,1,male,Barcelona,Atlético Madrid,elite,experiment4_reduced_feature_robustness,3,342,B-GNN-full,1,1,0.5770329236984253,
9855,2018-03-18,11,La Liga,1,male,Barcelona,Athletic Club,elite,experiment4_reduced_feature_robustness,3,342,B-GNN-full,1,1,0.7200859189033508,
9860,2018-03-31,11,La Liga,1,male,Sevilla,Barcelona,elite,experiment4_reduced_feature_robustness,3,342,B-GNN-full,0,1,0.945641279220581,
9870,2018-04-07,11,La Liga,1,male,Barcelona,Leganés,elite,experiment4_reduced_feature_robustness,3,342,B-GNN-full,1,1,0.9895793795585632,
9880,2018-04-14,11,La Liga,1,male,Barcelona,Valencia,elite,experiment4_reduced_feature_robustness,3,342,B-GNN-full,1,1,0.9514091610908508,
9889,2018-04-17,11,La Liga,1,male,Celta Vigo,Barcelona,elite,experiment4_reduced_feature_robustness,3,342,B-GNN-full,0,1,0.8853530883789062,
9912,2018-04-29,11,La Liga,1,male,RC Deportivo La Coruña,Barcelona,elite,experiment4_reduced_feature_robustness,4,442,B-GNN-full,0,1,0.6127128005027771,
9924,2018-05-06,11,La Liga,1,male,Barcelona,Real Madrid,elite,experiment4_reduced_feature_robustness,4,442,B-GNN-full,0,1,0.6531310081481934,
9928,2018-05-09,11,La Liga,1,male,Barcelona,Villarreal,elite,experiment4_reduced_feature_robustness,4,442,B-GNN-full,1,1,0.9272429943084716,
9948,2018-05-20,11,La Liga,1,male,Barcelona,Real Sociedad,elite,experiment4_reduced_feature_robustness,4,442,B-GNN-full,1,1,0.5320984125137329,
15946,2018-08-18,11,La Liga,4,male,Barcelona,Deportivo Alavés,elite,experiment4_reduced_feature_robustness,4,442,B-GNN-full,1,1,0.8628221750259399,
15956,2018-08-25,11,La Liga,4,male,Real Valladolid,Barcelona,elite,experiment4_reduced_feature_robustness,4,442,B-GNN-full,0,0,0.2355097830295562,
15978,2018-09-15,11,La Liga,4,male,Real Sociedad,Barcelona,elite,experiment4_reduced_feature_robustness,4,442,B-GNN-full,0,0,0.4297532141208648,
15998,2018-09-26,11,La Liga,4,male,Leganés,Barcelona,elite,experiment4_reduced_feature_robustness,4,442,B-GNN-full,1,0,0.3697003722190857,
16010,2018-09-29,11,La Liga,4,male,Barcelona,Athletic Club,elite,experiment4_reduced_feature_robustness,4,442,B-GNN-full,0,1,0.8813173770904541,
16023,2018-10-07,11,La Liga,4,male,Valencia,Barcelona,elite,experiment4_reduced_feature_robustness,4,442,B-GNN-full,0,0,0.3700399398803711,
16029,2018-10-20,11,La Liga,4,male,Barcelona,Sevilla,elite,experiment4_reduced_feature_robustness,4,442,B-GNN-full,1,1,0.8569564819335938,
16056,2018-11-11,11,La Liga,4,male,Barcelona,Real Betis,elite,experiment4_reduced_feature_robustness,4,442,B-GNN-full,0,1,0.9802912473678588,
16073,2018-11-24,11,La Liga,4,male,Atlético Madrid,Barcelona,elite,experiment4_reduced_feature_robustness,4,442,B-GNN-full,0,0,0.3019421100616455,
16079,2018-12-02,11,La Liga,4,male,Barcelona,Villarreal,elite,experiment4_reduced_feature_robustness,4,442,B-GNN-full,1,1,0.7343578934669495,
16086,2018-12-08,11,La Liga,4,male,Espanyol,Barcelona,elite,experiment4_reduced_feature_robustness,4,442,B-GNN-full,0,0,0.4471990168094635,
16095,2018-12-16,11,La Liga,4,male,Levante UD,Barcelona,elite,experiment4_reduced_feature_robustness,4,442,B-GNN-full,0,0,0.3426003754138946,
16109,2018-12-22,11,La Liga,4,male,Barcelona,Celta Vigo,elite,experiment4_reduced_feature_robustness,4,442,B-GNN-full,1,1,0.640998899936676,
16120,2019-01-06,11,La Liga,4,male,Getafe,Barcelona,elite,experiment4_reduced_feature_robustness,4,442,B-GNN-full,0,0,0.3821230828762054,
16131,2019-01-13,11,La Liga,4,male,Barcelona,Eibar,elite,experiment4_reduced_feature_robustness,4,442,B-GNN-full,1,1,0.7321543097496033,
16136,2019-01-20,11,La Liga,4,male,Barcelona,Leganés,elite,experiment4_reduced_feature_robustness,4,442,B-GNN-full,1,1,0.9272555112838744,
16149,2019-01-27,11,La Liga,4,male,Girona,Barcelona,elite,experiment4_reduced_feature_robustness,4,442,B-GNN-full,0,0,0.3423249423503876,
16157,2019-02-02,11,La Liga,4,male,Barcelona,Valencia,elite,experiment4_reduced_feature_robustness,4,442,B-GNN-full,0,1,0.9350398182868958,
16173,2019-02-10,11,La Liga,4,male,Athletic Club,Barcelona,elite,experiment4_reduced_feature_robustness,4,442,B-GNN-full,0,0,0.3910567462444305,
16182,2019-02-16,11,La Liga,4,male,Barcelona,Real Valladolid,elite,experiment4_reduced_feature_robustness,4,442,B-GNN-full,1,1,0.9902864098548888,
16190,2019-02-23,11,La Liga,4,male,Sevilla,Barcelona,elite,experiment4_reduced_feature_robustness,4,442,B-GNN-full,0,0,0.3302301168441772,
16196,2019-03-02,11,La Liga,4,male,Real Madrid,Barcelona,elite,experiment4_reduced_feature_robustness,4,442,B-GNN-full,0,0,0.400080919265747,
16205,2019-03-09,11,La Liga,4,male,Barcelona,Rayo Vallecano,elite,experiment4_reduced_feature_robustness,4,442,B-GNN-full,1,1,0.9354106187820436,
16215,2019-03-17,11,La Liga,4,male,Real Betis,Barcelona,elite,experiment4_reduced_feature_robustness,4,442,B-GNN-full,0,1,0.624310314655304,
16231,2019-03-30,11,La Liga,4,male,Barcelona,Espanyol,elite,experiment4_reduced_feature_robustness,4,442,B-GNN-full,1,1,0.7468085289001465,
16240,2019-04-02,11,La Liga,4,male,Villarreal,Barcelona,elite,experiment4_reduced_feature_robustness,4,442,B-GNN-full,0,1,0.6613243222236633,
16248,2019-04-06,11,La Liga,4,male,Barcelona,Atlético Madrid,elite,experiment4_reduced_feature_robustness,4,442,B-GNN-full,1,1,0.7779251337051392,
16265,2019-04-20,11,La Liga,4,male,Barcelona,Real Sociedad,elite,experiment4_reduced_feature_robustness,4,442,B-GNN-full,1,1,0.5781183242797852,
16275,2019-04-23,11,La Liga,4,male,Deportivo Alavés,Barcelona,elite,experiment4_reduced_feature_robustness,4,442,B-GNN-full,0,0,0.2574281990528106,
16289,2019-04-27,11,La Liga,4,male,Barcelona,Levante UD,elite,experiment4_reduced_feature_robustness,4,442,B-GNN-full,1,1,0.7215843796730042,
16306,2019-05-12,11,La Liga,4,male,Barcelona,Getafe,elite,experiment4_reduced_feature_robustness,4,442,B-GNN-full,1,1,0.8757039308547974,
16317,2019-05-19,11,La Liga,4,male,Eibar,Barcelona,elite,experiment4_reduced_feature_robustness,4,442,B-GNN-full,0,0,0.4213273823261261,
303666,2019-09-21,11,La Liga,42,male,Granada,Barcelona,elite,experiment4_reduced_feature_robustness,4,442,B-GNN-full,1,0,0.2542122304439544,
303430,2019-09-24,11,La Liga,42,male,Barcelona,Villarreal,elite,experiment4_reduced_feature_robustness,4,442,B-GNN-full,1,1,0.5944216847419739,
303473,2019-10-06,11,La Liga,42,male,Barcelona,Sevilla,elite,experiment4_reduced_feature_robustness,4,442,B-GNN-full,1,1,0.7182289361953735,
303700,2019-10-19,11,La Liga,42,male,Eibar,Barcelona,elite,experiment4_reduced_feature_robustness,4,442,B-GNN-full,0,0,0.3057059049606323,
303600,2019-10-29,11,La Liga,42,male,Barcelona,Real Valladolid,elite,experiment4_reduced_feature_robustness,4,442,B-GNN-full,1,1,0.8260082602500916,
303504,2019-11-02,11,La Liga,42,male,Levante UD,Barcelona,elite,experiment4_reduced_feature_robustness,4,442,B-GNN-full,1,0,0.3919545412063598,
303487,2019-11-09,11,La Liga,42,male,Barcelona,Celta Vigo,elite,experiment4_reduced_feature_robustness,4,442,B-GNN-full,1,1,0.881526529788971,
303715,2019-11-23,11,La Liga,42,male,Leganés,Barcelona,elite,experiment4_reduced_feature_robustness,4,442,B-GNN-full,0,0,0.1985949277877807,
303524,2019-12-01,11,La Liga,42,male,Atlético Madrid,Barcelona,elite,experiment4_reduced_feature_robustness,4,442,B-GNN-full,0,0,0.3682818114757538,
303451,2019-12-07,11,La Liga,42,male,Barcelona,Mallorca,elite,experiment4_reduced_feature_robustness,4,442,B-GNN-full,1,1,0.9528849124908448,
303664,2019-12-14,11,La Liga,42,male,Real Sociedad,Barcelona,elite,experiment4_reduced_feature_robustness,4,442,B-GNN-full,0,1,0.72068190574646,
303596,2019-12-18,11,La Liga,42,male,Barcelona,Real Madrid,elite,experiment4_reduced_feature_robustness,4,442,B-GNN-full,0,1,0.5340592265129089,
303517,2019-12-21,11,La Liga,42,male,Barcelona,Deportivo Alavés,elite,experiment4_reduced_feature_robustness,4,442,B-GNN-full,1,1,0.916603147983551,
303652,2020-01-04,11,La Liga,42,male,Espanyol,Barcelona,elite,experiment4_reduced_feature_robustness,4,442,B-GNN-full,0,0,0.2125125676393509,
303610,2020-01-19,11,La Liga,42,male,Barcelona,Granada,elite,experiment4_reduced_feature_robustness,5,542,B-GNN-full,1,1,0.9411567449569702,
303400,2020-01-25,11,La Liga,42,male,Valencia,Barcelona,elite,experiment4_reduced_feature_robustness,5,542,B-GNN-full,1,0,0.3060918748378753,
303682,2020-02-02,11,La Liga,42,male,Barcelona,Levante UD,elite,experiment4_reduced_feature_robustness,5,542,B-GNN-full,1,1,0.939160943031311,
303707,2020-02-09,11,La Liga,42,male,Real Betis,Barcelona,elite,experiment4_reduced_feature_robustness,5,542,B-GNN-full,0,1,0.6539089679718018,
303377,2020-02-15,11,La Liga,42,male,Barcelona,Getafe,elite,experiment4_reduced_feature_robustness,5,542,B-GNN-full,1,1,0.679875910282135,
303731,2020-02-22,11,La Liga,42,male,Barcelona,Eibar,elite,experiment4_reduced_feature_robustness,5,542,B-GNN-full,1,1,0.9914622902870178,
303470,2020-03-01,11,La Liga,42,male,Real Madrid,Barcelona,elite,experiment4_reduced_feature_robustness,5,542,B-GNN-full,1,1,0.6097258925437927,
303479,2020-03-07,11,La Liga,42,male,Barcelona,Real Sociedad,elite,experiment4_reduced_feature_robustness,5,542,B-GNN-full,1,1,0.8947060108184814,
303548,2020-06-13,11,La Liga,42,male,Mallorca,Barcelona,elite,experiment4_reduced_feature_robustness,5,542,B-GNN-full,0,0,0.2958456575870514,
303532,2020-06-16,11,La Liga,42,male,Barcelona,Leganés,elite,experiment4_reduced_feature_robustness,5,542,B-GNN-full,1,1,0.9585235714912416,
303674,2020-06-19,11,La Liga,42,male,Sevilla,Barcelona,elite,experiment4_reduced_feature_robustness,5,542,B-GNN-full,0,0,0.2307512462139129,
303493,2020-06-23,11,La Liga,42,male,Barcelona,Athletic Club,elite,experiment4_reduced_feature_robustness,5,542,B-GNN-full,1,1,0.7862486839294434,
303516,2020-06-27,11,La Liga,42,male,Celta Vigo,Barcelona,elite,experiment4_reduced_feature_robustness,5,542,B-GNN-full,0,0,0.2984163165092468,
303696,2020-06-30,11,La Liga,42,male,Barcelona,Atlético Madrid,elite,experiment4_reduced_feature_robustness,5,542,B-GNN-full,0,1,0.9115859270095824,
303725,2020-07-05,11,La Liga,42,male,Villarreal,Barcelona,elite,experiment4_reduced_feature_robustness,5,542,B-GNN-full,0,0,0.2068195194005966,
303615,2020-07-08,11,La Liga,42,male,Barcelona,Espanyol,elite,experiment4_reduced_feature_robustness,5,542,B-GNN-full,1,1,0.935826063156128,
303680,2020-07-11,11,La Liga,42,male,Real Valladolid,Barcelona,elite,experiment4_reduced_feature_robustness,5,542,B-GNN-full,0,0,0.2538107633590698,
303634,2020-07-16,11,La Liga,42,male,Barcelona,Osasuna,elite,experiment4_reduced_feature_robustness,5,542,B-GNN-full,0,1,0.8171396851539612,
303421,2020-07-19,11,La Liga,42,male,Deportivo Alavés,Barcelona,elite,experiment4_reduced_feature_robustness,5,542,B-GNN-full,0,0,0.2074627131223678,
3773593,2020-09-27,11,La Liga,90,male,Barcelona,Villarreal,elite,experiment4_reduced_feature_robustness,5,542,B-GNN-full,1,1,0.9852051138877868,
3773466,2020-10-01,11,La Liga,90,male,Celta Vigo,Barcelona,elite,experiment4_reduced_feature_robustness,5,542,B-GNN-full,0,0,0.15771484375,
3773672,2020-10-04,11,La Liga,90,male,Barcelona,Sevilla,elite,experiment4_reduced_feature_robustness,5,542,B-GNN-full,0,1,0.7192171216011047,
3773587,2020-10-17,11,La Liga,90,male,Getafe,Barcelona,elite,experiment4_reduced_feature_robustness,5,542,B-GNN-full,1,1,0.5790707468986511,
3773585,2020-10-24,11,La Liga,90,male,Barcelona,Real Madrid,elite,experiment4_reduced_feature_robustness,5,542,B-GNN-full,0,1,0.7978285551071167,
3773386,2020-10-31,11,La Liga,90,male,Deportivo Alavés,Barcelona,elite,experiment4_reduced_feature_robustness,5,542,B-GNN-full,0,0,0.3654958307743072,
3773477,2020-11-07,11,La Liga,90,male,Barcelona,Real Betis,elite,experiment4_reduced_feature_robustness,5,542,B-GNN-full,1,1,0.9914008975028992,
3773656,2020-11-21,11,La Liga,90,male,Atlético Madrid,Barcelona,elite,experiment4_reduced_feature_robustness,5,542,B-GNN-full,1,0,0.4940961003303528,
3773547,2020-11-29,11,La Liga,90,male,Barcelona,Osasuna,elite,experiment4_reduced_feature_robustness,5,542,B-GNN-full,1,1,0.9965984225273132,
3773660,2020-12-13,11,La Liga,90,male,Barcelona,Levante UD,elite,experiment4_reduced_feature_robustness,5,542,B-GNN-full,1,1,0.8767095804214478,
3773523,2020-12-16,11,La Liga,90,male,Barcelona,Real Sociedad,elite,experiment4_reduced_feature_robustness,5,542,B-GNN-full,1,1,0.9677110314369202,
3773377,2020-12-19,11,La Liga,90,male,Barcelona,Valencia,elite,experiment4_reduced_feature_robustness,5,542,B-GNN-full,0,1,0.9907575249671936,
3773571,2020-12-22,11,La Liga,90,male,Real Valladolid,Barcelona,elite,experiment4_reduced_feature_robustness,5,542,B-GNN-full,0,0,0.2296391725540161,
3764661,2021-01-06,11,La Liga,90,male,Athletic Club,Barcelona,elite,experiment4_reduced_feature_robustness,5,542,B-GNN-full,0,0,0.3715758025646209,
3773565,2021-01-09,11,La Liga,90,male,Granada,Barcelona,elite,experiment4_reduced_feature_robustness,5,542,B-GNN-full,0,0,0.2589773833751678,
3773403,2021-01-31,11,La Liga,90,male,Barcelona,Athletic Club,elite,experiment4_reduced_feature_robustness,5,542,B-GNN-full,1,1,0.8612363934516907,
3773631,2021-02-07,11,La Liga,90,male,Real Betis,Barcelona,elite,experiment4_reduced_feature_robustness,5,542,B-GNN-full,0,1,0.5498889088630676,
3773526,2021-02-13,11,La Liga,90,male,Barcelona,Deportivo Alavés,elite,experiment4_reduced_feature_robustness,5,542,B-GNN-full,1,1,0.9724256992340088,
3764440,2021-02-24,11,La Liga,90,male,Barcelona,Elche,elite,experiment4_reduced_feature_robustness,5,542,B-GNN-full,1,1,0.9315483570098876,
3773625,2021-02-27,11,La Liga,90,male,Sevilla,Barcelona,elite,experiment4_reduced_feature_robustness,5,542,B-GNN-full,0,0,0.2879336476325989,
3773665,2021-03-06,11,La Liga,90,male,Osasuna,Barcelona,elite,experiment4_reduced_feature_robustness,5,542,B-GNN-full,0,0,0.4046294093132019,
3773597,2021-03-21,11,La Liga,90,male,Real Sociedad,Barcelona,elite,experiment4_reduced_feature_robustness,5,542,B-GNN-full,0,0,0.2954059839248657,
3773474,2021-04-05,11,La Liga,90,male,Barcelona,Real Valladolid,elite,experiment4_reduced_feature_robustness,5,542,B-GNN-full,1,1,0.7316139340400696,
3773497,2021-04-10,11,La Liga,90,male,Real Madrid,Barcelona,elite,experiment4_reduced_feature_robustness,5,542,B-GNN-full,1,0,0.2495772093534469,
3773661,2021-04-22,11,La Liga,90,male,Barcelona,Getafe,elite,experiment4_reduced_feature_robustness,5,542,B-GNN-full,1,1,0.9241450428962708,
3773689,2021-04-25,11,La Liga,90,male,Villarreal,Barcelona,elite,experiment4_reduced_feature_robustness,5,542,B-GNN-full,0,1,0.6808276772499084,
3773586,2021-04-29,11,La Liga,90,male,Barcelona,Granada,elite,experiment4_reduced_feature_robustness,5,542,B-GNN-full,0,1,0.9082267880439758,
3773695,2021-05-02,11,La Liga,90,male,Valencia,Barcelona,elite,experiment4_reduced_feature_robustness,5,542,B-GNN-full,0,0,0.3744307458400726,
3773372,2021-05-08,11,La Liga,90,male,Barcelona,Atlético Madrid,elite,experiment4_reduced_feature_robustness,5,542,B-GNN-full,0,1,0.6593117713928223,
3773387,2021-05-11,11,La Liga,90,male,Levante UD,Barcelona,elite,experiment4_reduced_feature_robustness,5,542,B-GNN-full,0,0,0.3036063909530639,
3773457,2021-05-16,11,La Liga,90,male,Barcelona,Celta Vigo,elite,experiment4_reduced_feature_robustness,5,542,B-GNN-full,0,1,0.8449411392211914,
3825637,2015-10-25,11,La Liga,27,male,Barcelona,Eibar,elite,experiment4_reduced_feature_robustness,1,142,C-Hybrid-full,1,1,0.929704248905182,0.4802449643611908
3825638,2015-10-25,11,La Liga,27,male,Atlético Madrid,Valencia,elite,experiment4_reduced_feature_robustness,1,142,C-Hybrid-full,1,1,0.8344100713729858,0.4802449643611908
3825639,2015-10-25,11,La Liga,27,male,Las Palmas,Villarreal,elite,experiment4_reduced_feature_robustness,1,142,C-Hybrid-full,0,0,0.2356415688991546,0.4802449643611908
3825640,2015-10-25,11,La Liga,27,male,Levante UD,Real Sociedad,elite,experiment4_reduced_feature_robustness,1,142,C-Hybrid-full,0,0,0.1691431254148483,0.4802449643611908
3825641,2015-10-26,11,La Liga,27,male,Athletic Club,Sporting Gijón,elite,experiment4_reduced_feature_robustness,1,142,C-Hybrid-full,1,1,0.7571415305137634,0.4802449643611908
3825642,2015-10-30,11,La Liga,27,male,RC Deportivo La Coruña,Atlético Madrid,elite,experiment4_reduced_feature_robustness,1,142,C-Hybrid-full,0,1,0.7751288414001465,0.4802449643611908
3825643,2015-10-31,11,La Liga,27,male,Real Madrid,Las Palmas,elite,experiment4_reduced_feature_robustness,1,142,C-Hybrid-full,1,1,0.7534494400024414,0.4802449643611908
3825644,2015-10-31,11,La Liga,27,male,Real Sociedad,Celta Vigo,elite,experiment4_reduced_feature_robustness,1,142,C-Hybrid-full,0,0,0.4688886106014251,0.4802449643611908
3825645,2015-10-31,11,La Liga,27,male,Getafe,Barcelona,elite,experiment4_reduced_feature_robustness,1,142,C-Hybrid-full,0,0,0.0558411516249179,0.4802449643611908
3825646,2015-10-31,11,La Liga,27,male,Villarreal,Sevilla,elite,experiment4_reduced_feature_robustness,1,142,C-Hybrid-full,1,0,0.4468340873718261,0.4802449643611908
3825647,2015-10-31,11,La Liga,27,male,Valencia,Levante UD,elite,experiment4_reduced_feature_robustness,1,142,C-Hybrid-full,1,1,0.8757562637329102,0.4802449643611908
3825648,2015-11-01,11,La Liga,27,male,Eibar,Rayo Vallecano,elite,experiment4_reduced_feature_robustness,1,142,C-Hybrid-full,1,0,0.2015006691217422,0.4802449643611908
3825649,2015-11-01,11,La Liga,27,male,Sporting Gijón,Málaga,elite,experiment4_reduced_feature_robustness,1,142,C-Hybrid-full,1,0,0.0665885359048843,0.4802449643611908
3825650,2015-11-01,11,La Liga,27,male,Real Betis,Athletic Club,elite,experiment4_reduced_feature_robustness,1,142,C-Hybrid-full,0,0,0.4595265090465545,0.4802449643611908
3825651,2015-11-01,11,La Liga,27,male,Espanyol,Granada,elite,experiment4_reduced_feature_robustness,1,142,C-Hybrid-full,0,0,0.4285606443881988,0.4802449643611908
3825652,2015-11-06,11,La Liga,27,male,Las Palmas,Real Sociedad,elite,experiment4_reduced_feature_robustness,1,142,C-Hybrid-full,1,0,0.1661460697650909,0.4802449643611908
3825653,2015-11-07,11,La Liga,27,male,Eibar,Getafe,elite,experiment4_reduced_feature_robustness,1,142,C-Hybrid-full,1,1,0.950352132320404,0.4802449643611908
3825654,2015-11-07,11,La Liga,27,male,Celta Vigo,Valencia,elite,experiment4_reduced_feature_robustness,1,142,C-Hybrid-full,0,0,0.2312069535255432,0.4802449643611908
3825655,2015-11-07,11,La Liga,27,male,Rayo Vallecano,Granada,elite,experiment4_reduced_feature_robustness,1,142,C-Hybrid-full,1,1,0.8626668453216553,0.4802449643611908
3825656,2015-11-07,11,La Liga,27,male,Levante UD,RC Deportivo La Coruña,elite,experiment4_reduced_feature_robustness,1,142,C-Hybrid-full,0,0,0.1290136724710464,0.4802449643611908
3825657,2015-11-07,11,La Liga,27,male,Málaga,Real Betis,elite,experiment4_reduced_feature_robustness,1,142,C-Hybrid-full,0,0,0.3097166121006012,0.4802449643611908
3825658,2015-11-08,11,La Liga,27,male,Atlético Madrid,Sporting Gijón,elite,experiment4_reduced_feature_robustness,1,142,C-Hybrid-full,1,0,0.3629729151725769,0.4802449643611908
3825659,2015-11-08,11,La Liga,27,male,Athletic Club,Espanyol,elite,experiment4_reduced_feature_robustness,1,142,C-Hybrid-full,1,0,0.2913950085639953,0.4802449643611908
3825660,2015-11-08,11,La Liga,27,male,Barcelona,Villarreal,elite,experiment4_reduced_feature_robustness,1,142,C-Hybrid-full,1,1,0.8864529728889465,0.4802449643611908
3825661,2015-11-08,11,La Liga,27,male,Sevilla,Real Madrid,elite,experiment4_reduced_feature_robustness,1,142,C-Hybrid-full,1,1,0.6746277809143066,0.4802449643611908
266424,2015-11-21,11,La Liga,27,male,Real Madrid,Barcelona,elite,experiment4_reduced_feature_robustness,1,142,C-Hybrid-full,0,1,0.7424401640892029,0.4802449643611908
3825662,2015-11-21,11,La Liga,27,male,RC Deportivo La Coruña,Celta Vigo,elite,experiment4_reduced_feature_robustness,1,142,C-Hybrid-full,1,0,0.3000599145889282,0.4802449643611908
3825663,2015-11-21,11,La Liga,27,male,Espanyol,Málaga,elite,experiment4_reduced_feature_robustness,1,142,C-Hybrid-full,1,0,0.1469542980194091,0.4802449643611908
3825664,2015-11-21,11,La Liga,27,male,Real Sociedad,Sevilla,elite,experiment4_reduced_feature_robustness,1,142,C-Hybrid-full,1,1,0.5243873596191406,0.4802449643611908
3825888,2015-11-21,11,La Liga,27,male,Valencia,Las Palmas,elite,experiment4_reduced_feature_robustness,1,142,C-Hybrid-full,0,1,0.9558314085006714,0.4802449643611908
3825665,2015-11-22,11,La Liga,27,male,Granada,Athletic Club,elite,experiment4_reduced_feature_robustness,1,142,C-Hybrid-full,1,0,0.0590873770415782,0.4802449643611908
3825666,2015-11-22,11,La Liga,27,male,Real Betis,Atlético Madrid,elite,experiment4_reduced_feature_robustness,1,142,C-Hybrid-full,0,0,0.0586513206362724,0.4802449643611908
3825667,2015-11-22,11,La Liga,27,male,Villarreal,Eibar,elite,experiment4_reduced_feature_robustness,1,142,C-Hybrid-full,0,0,0.0949043333530426,0.4802449643611908
3825668,2015-11-22,11,La Liga,27,male,Sporting Gijón,Levante UD,elite,experiment4_reduced_feature_robustness,1,142,C-Hybrid-full,0,1,0.5475441217422485,0.4802449643611908
3825669,2015-11-23,11,La Liga,27,male,Getafe,Rayo Vallecano,elite,experiment4_reduced_feature_robustness,1,142,C-Hybrid-full,0,0,0.0355640836060047,0.4802449643611908
3825670,2015-11-27,11,La Liga,27,male,Levante UD,Real Betis,elite,experiment4_reduced_feature_robustness,1,142,C-Hybrid-full,0,0,0.493475079536438,0.4802449643611908
266885,2015-11-28,11,La Liga,27,male,Barcelona,Real Sociedad,elite,experiment4_reduced_feature_robustness,1,142,C-Hybrid-full,1,1,0.9755022525787354,0.4802449643611908
3825671,2015-11-28,11,La Liga,27,male,Celta Vigo,Sporting Gijón,elite,experiment4_reduced_feature_robustness,1,142,C-Hybrid-full,1,0,0.2570516765117645,0.4802449643611908
3825672,2015-11-28,11,La Liga,27,male,Málaga,Granada,elite,experiment4_reduced_feature_robustness,1,142,C-Hybrid-full,0,0,0.4616014361381531,0.4802449643611908
3825673,2015-11-28,11,La Liga,27,male,Las Palmas,RC Deportivo La Coruña,elite,experiment4_reduced_feature_robustness,1,142,C-Hybrid-full,0,0,0.4755458533763885,0.4802449643611908
3825674,2015-11-28,11,La Liga,27,male,Atlético Madrid,Espanyol,elite,experiment4_reduced_feature_robustness,1,142,C-Hybrid-full,1,1,0.7483640313148499,0.4802449643611908
3825675,2015-11-29,11,La Liga,27,male,Rayo Vallecano,Athletic Club,elite,experiment4_reduced_feature_robustness,1,142,C-Hybrid-full,0,0,0.0730521157383918,0.4802449643611908
3825676,2015-11-29,11,La Liga,27,male,Getafe,Villarreal,elite,experiment4_reduced_feature_robustness,1,142,C-Hybrid-full,1,1,0.9143564701080322,0.4802449643611908
3825677,2015-11-29,11,La Liga,27,male,Sevilla,Valencia,elite,experiment4_reduced_feature_robustness,1,142,C-Hybrid-full,1,0,0.1299368292093277,0.4802449643611908
3825678,2015-11-29,11,La Liga,27,male,Eibar,Real Madrid,elite,experiment4_reduced_feature_robustness,1,142,C-Hybrid-full,0,0,0.264280617237091,0.4802449643611908
267274,2015-12-05,11,La Liga,27,male,Valencia,Barcelona,elite,experiment4_reduced_feature_robustness,1,142,C-Hybrid-full,0,0,0.0774208754301071,0.4802449643611908
3825679,2015-12-05,11,La Liga,27,male,Real Betis,Celta Vigo,elite,experiment4_reduced_feature_robustness,1,142,C-Hybrid-full,0,0,0.249334305524826,0.4802449643611908
3825680,2015-12-05,11,La Liga,27,male,RC Deportivo La Coruña,Sevilla,elite,experiment4_reduced_feature_robustness,1,142,C-Hybrid-full,0,0,0.1739843040704727,0.4802449643611908
3825681,2015-12-05,11,La Liga,27,male,Real Madrid,Getafe,elite,experiment4_reduced_feature_robustness,1,142,C-Hybrid-full,1,1,0.8743326663970947,0.4802449643611908
3825682,2015-12-05,11,La Liga,27,male,Granada,Atlético Madrid,elite,experiment4_reduced_feature_robustness,1,142,C-Hybrid-full,0,0,0.0909541696310043,0.4802449643611908
3825683,2015-12-06,11,La Liga,27,male,Real Sociedad,Eibar,elite,experiment4_reduced_feature_robustness,1,142,C-Hybrid-full,1,1,0.9307253360748292,0.4802449643611908
3825684,2015-12-06,11,La Liga,27,male,Villarreal,Rayo Vallecano,elite,experiment4_reduced_feature_robustness,1,142,C-Hybrid-full,1,1,0.5966988801956177,0.4802449643611908
3825685,2015-12-06,11,La Liga,27,male,Sporting Gijón,Las Palmas,elite,experiment4_reduced_feature_robustness,1,142,C-Hybrid-full,1,1,0.9158344864845276,0.4802449643611908
3825686,2015-12-06,11,La Liga,27,male,Athletic Club,Málaga,elite,experiment4_reduced_feature_robustness,1,142,C-Hybrid-full,0,0,0.1543442606925964,0.4802449643611908
3825687,2015-12-07,11,La Liga,27,male,Espanyol,Levante UD,elite,experiment4_reduced_feature_robustness,1,142,C-Hybrid-full,0,0,0.0241172295063734,0.4802449643611908
3825688,2015-12-11,11,La Liga,27,male,Getafe,Real Sociedad,elite,experiment4_reduced_feature_robustness,1,142,C-Hybrid-full,0,0,0.1974142789840698,0.4802449643611908
266961,2015-12-12,11,La Liga,27,male,Barcelona,RC Deportivo La Coruña,elite,experiment4_reduced_feature_robustness,1,142,C-Hybrid-full,0,1,0.7745717763900757,0.4802449643611908
3825689,2015-12-12,11,La Liga,27,male,Celta Vigo,Espanyol,elite,experiment4_reduced_feature_robustness,1,142,C-Hybrid-full,1,0,0.2435941398143768,0.4802449643611908
3825690,2015-12-12,11,La Liga,27,male,Las Palmas,Real Betis,elite,experiment4_reduced_feature_robustness,1,142,C-Hybrid-full,1,0,0.1689177453517913,0.4802449643611908
3825691,2015-12-12,11,La Liga,27,male,Levante UD,Granada,elite,experiment4_reduced_feature_robustness,1,142,C-Hybrid-full,0,0,0.323899358510971,0.4802449643611908
3825692,2015-12-12,11,La Liga,27,male,Sevilla,Sporting Gijón,elite,experiment4_reduced_feature_robustness,1,142,C-Hybrid-full,1,0,0.2336653620004654,0.4802449643611908
3825693,2015-12-13,11,La Liga,27,male,Atlético Madrid,Athletic Club,elite,experiment4_reduced_feature_robustness,1,142,C-Hybrid-full,1,0,0.0739416778087616,0.4802449643611908
3825694,2015-12-13,11,La Liga,27,male,Eibar,Valencia,elite,experiment4_reduced_feature_robustness,1,142,C-Hybrid-full,0,1,0.9512731432914734,0.4802449643611908
3825695,2015-12-13,11,La Liga,27,male,Villarreal,Real Madrid,elite,experiment4_reduced_feature_robustness,1,142,C-Hybrid-full,1,1,0.6964284777641296,0.4802449643611908
3825696,2015-12-13,11,La Liga,27,male,Rayo Vallecano,Málaga,elite,experiment4_reduced_feature_robustness,1,142,C-Hybrid-full,0,0,0.1520391106605529,0.4802449643611908
3825697,2015-12-19,11,La Liga,27,male,Valencia,Getafe,elite,experiment4_reduced_feature_robustness,1,142,C-Hybrid-full,0,0,0.06619593501091,0.4802449643611908
3825698,2015-12-19,11,La Liga,27,male,RC Deportivo La Coruña,Eibar,elite,experiment4_reduced_feature_robustness,1,142,C-Hybrid-full,1,1,0.8723841905593872,0.4802449643611908
3825699,2015-12-19,11,La Liga,27,male,Real Betis,Sevilla,elite,experiment4_reduced_feature_robustness,1,142,C-Hybrid-full,0,0,0.0936515629291534,0.4802449643611908
3825891,2015-12-19,11,La Liga,27,male,Espanyol,Las Palmas,elite,experiment4_reduced_feature_robustness,1,142,C-Hybrid-full,1,0,0.1434050351381302,0.4802449643611908
3825700,2015-12-20,11,La Liga,27,male,Real Madrid,Rayo Vallecano,elite,experiment4_reduced_feature_robustness,1,142,C-Hybrid-full,1,1,0.9670101404190063,0.4802449643611908
3825701,2015-12-20,11,La Liga,27,male,Málaga,Atlético Madrid,elite,experiment4_reduced_feature_robustness,1,142,C-Hybrid-full,1,0,0.0839876979589462,0.4802449643611908
3825702,2015-12-20,11,La Liga,27,male,Real Sociedad,Villarreal,elite,experiment4_reduced_feature_robustness,1,142,C-Hybrid-full,0,0,0.4222181141376495,0.4802449643611908
3825703,2015-12-20,11,La Liga,27,male,Athletic Club,Levante UD,elite,experiment4_reduced_feature_robustness,1,142,C-Hybrid-full,1,1,0.6087233424186707,0.4802449643611908
3825704,2015-12-20,11,La Liga,27,male,Granada,Celta Vigo,elite,experiment4_reduced_feature_robustness,1,142,C-Hybrid-full,0,0,0.2148871570825576,0.4802449643611908
267327,2015-12-30,11,La Liga,27,male,Barcelona,Real Betis,elite,experiment4_reduced_feature_robustness,1,142,C-Hybrid-full,1,1,0.9693039059638976,0.4802449643611908
3825705,2015-12-30,11,La Liga,27,male,Eibar,Sporting Gijón,elite,experiment4_reduced_feature_robustness,1,142,C-Hybrid-full,1,0,0.488226443529129,0.4802449643611908
3825706,2015-12-30,11,La Liga,27,male,Celta Vigo,Athletic Club,elite,experiment4_reduced_feature_robustness,1,142,C-Hybrid-full,0,0,0.0811595469713211,0.4802449643611908
3825707,2015-12-30,11,La Liga,27,male,Las Palmas,Granada,elite,experiment4_reduced_feature_robustness,1,142,C-Hybrid-full,1,1,0.6757078766822815,0.4802449643611908
3825708,2015-12-30,11,La Liga,27,male,Levante UD,Málaga,elite,experiment4_reduced_feature_robustness,1,142,C-Hybrid-full,0,0,0.1475275158882141,0.4802449643611908
3825709,2015-12-30,11,La Liga,27,male,Sevilla,Espanyol,elite,experiment4_reduced_feature_robustness,1,142,C-Hybrid-full,1,1,0.8658986687660217,0.4802449643611908
3825710,2015-12-30,11,La Liga,27,male,Real Madrid,Real Sociedad,elite,experiment4_reduced_feature_robustness,1,142,C-Hybrid-full,1,1,0.9152264595031738,0.4802449643611908
3825711,2015-12-30,11,La Liga,27,male,Rayo Vallecano,Atlético Madrid,elite,experiment4_reduced_feature_robustness,1,142,C-Hybrid-full,0,0,0.1558894664049148,0.4802449643611908
3825712,2015-12-30,11,La Liga,27,male,Getafe,RC Deportivo La Coruña,elite,experiment4_reduced_feature_robustness,1,142,C-Hybrid-full,0,0,0.2037276625633239,0.4802449643611908
3825713,2015-12-31,11,La Liga,27,male,Villarreal,Valencia,elite,experiment4_reduced_feature_robustness,1,142,C-Hybrid-full,1,0,0.2670727372169494,0.4802449643611908
266670,2016-01-02,11,La Liga,27,male,Espanyol,Barcelona,elite,experiment4_reduced_feature_robustness,1,142,C-Hybrid-full,0,0,0.1047406941652298,0.4802449643611908
3825714,2016-01-02,11,La Liga,27,male,Atlético Madrid,Levante UD,elite,experiment4_reduced_feature_robustness,1,142,C-Hybrid-full,1,0,0.162459909915924,0.4802449643611908
3825715,2016-01-02,11,La Liga,27,male,Málaga,Celta Vigo,elite,experiment4_reduced_feature_robustness,1,142,C-Hybrid-full,1,1,0.8714203834533691,0.4802449643611908
3825716,2016-01-03,11,La Liga,27,male,Rayo Vallecano,Real Sociedad,elite,experiment4_reduced_feature_robustness,1,142,C-Hybrid-full,0,0,0.1107494086027145,0.4802449643611908
3825717,2016-01-03,11,La Liga,27,male,Granada,Sevilla,elite,experiment4_reduced_feature_robustness,1,142,C-Hybrid-full,1,1,0.6692126393318176,0.4802449643611908
3825718,2016-01-03,11,La Liga,27,male,Valencia,Real Madrid,elite,experiment4_reduced_feature_robustness,1,142,C-Hybrid-full,0,1,0.6051765084266663,0.4802449643611908
3825719,2016-01-03,11,La Liga,27,male,Athletic Club,Las Palmas,elite,experiment4_reduced_feature_robustness,1,142,C-Hybrid-full,0,0,0.3107924163341522,0.4802449643611908
3825720,2016-01-03,11,La Liga,27,male,Real Betis,Eibar,elite,experiment4_reduced_feature_robustness,1,142,C-Hybrid-full,0,1,0.5698918104171753,0.4802449643611908
3825721,2016-01-03,11,La Liga,27,male,RC Deportivo La Coruña,Villarreal,elite,experiment4_reduced_feature_robustness,1,142,C-Hybrid-full,0,0,0.4707796275615692,0.4802449643611908
3825722,2016-01-04,11,La Liga,27,male,Sporting Gijón,Getafe,elite,experiment4_reduced_feature_robustness,1,142,C-Hybrid-full,0,1,0.5571452379226685,0.4802449643611908
266620,2016-01-09,11,La Liga,27,male,Barcelona,Granada,elite,experiment4_reduced_feature_robustness,1,142,C-Hybrid-full,1,1,0.9684536457061768,0.4802449643611908
3825723,2016-01-09,11,La Liga,27,male,Levante UD,Rayo Vallecano,elite,experiment4_reduced_feature_robustness,1,142,C-Hybrid-full,1,0,0.306546688079834,0.4802449643611908
3825724,2016-01-09,11,La Liga,27,male,Real Madrid,RC Deportivo La Coruña,elite,experiment4_reduced_feature_robustness,1,142,C-Hybrid-full,1,1,0.6007734537124634,0.4802449643611908
3825725,2016-01-09,11,La Liga,27,male,Getafe,Real Betis,elite,experiment4_reduced_feature_robustness,1,142,C-Hybrid-full,1,0,0.4956911206245422,0.4802449643611908
3825726,2016-01-09,11,La Liga,27,male,Sevilla,Athletic Club,elite,experiment4_reduced_feature_robustness,1,142,C-Hybrid-full,1,0,0.4259881377220154,0.4802449643611908
3825727,2016-01-10,11,La Liga,27,male,Eibar,Espanyol,elite,experiment4_reduced_feature_robustness,1,142,C-Hybrid-full,1,1,0.7124715447425842,0.4802449643611908
3825728,2016-01-10,11,La Liga,27,male,Celta Vigo,Atlético Madrid,elite,experiment4_reduced_feature_robustness,1,142,C-Hybrid-full,0,0,0.1136826276779174,0.4802449643611908
3825729,2016-01-10,11,La Liga,27,male,Villarreal,Sporting Gijón,elite,experiment4_reduced_feature_robustness,1,142,C-Hybrid-full,1,0,0.3586231768131256,0.4802449643611908
3825730,2016-01-10,11,La Liga,27,male,Real Sociedad,Valencia,elite,experiment4_reduced_feature_robustness,1,142,C-Hybrid-full,1,0,0.3103556334972381,0.4802449643611908
3825731,2016-01-10,11,La Liga,27,male,Las Palmas,Málaga,elite,experiment4_reduced_feature_robustness,1,142,C-Hybrid-full,0,0,0.1824327558279037,0.4802449643611908
3825732,2016-01-16,11,La Liga,27,male,Celta Vigo,Levante UD,elite,experiment4_reduced_feature_robustness,1,142,C-Hybrid-full,1,1,0.8983510136604309,0.4802449643611908
3825733,2016-01-16,11,La Liga,27,male,Sevilla,Málaga,elite,experiment4_reduced_feature_robustness,1,142,C-Hybrid-full,1,1,0.5428804755210876,0.4802449643611908
3825734,2016-01-16,11,La Liga,27,male,Real Sociedad,RC Deportivo La Coruña,elite,experiment4_reduced_feature_robustness,1,142,C-Hybrid-full,0,1,0.99355149269104,0.4802449643611908
3825735,2016-01-16,11,La Liga,27,male,Villarreal,Real Betis,elite,experiment4_reduced_feature_robustness,1,142,C-Hybrid-full,0,0,0.3399358689785003,0.4802449643611908
266149,2016-01-17,11,La Liga,27,male,Barcelona,Athletic Club,elite,experiment4_reduced_feature_robustness,1,142,C-Hybrid-full,1,0,0.3753325045108795,0.4802449643611908
3825736,2016-01-17,11,La Liga,27,male,Valencia,Rayo Vallecano,elite,experiment4_reduced_feature_robustness,1,142,C-Hybrid-full,0,0,0.3012767136096954,0.4802449643611908
3825737,2016-01-17,11,La Liga,27,male,Getafe,Espanyol,elite,experiment4_reduced_feature_robustness,1,142,C-Hybrid-full,1,1,0.8535164594650269,0.4802449643611908
3825738,2016-01-17,11,La Liga,27,male,Las Palmas,Atlético Madrid,elite,experiment4_reduced_feature_robustness,1,142,C-Hybrid-full,0,0,0.1078832000494003,0.4802449643611908
3825739,2016-01-17,11,La Liga,27,male,Real Madrid,Sporting Gijón,elite,experiment4_reduced_feature_robustness,1,142,C-Hybrid-full,1,1,0.7968975305557251,0.4802449643611908
3825740,2016-01-18,11,La Liga,27,male,Eibar,Granada,elite,experiment4_reduced_feature_robustness,1,142,C-Hybrid-full,1,1,0.8421486616134644,0.4802449643611908
3825741,2016-01-22,11,La Liga,27,male,Sporting Gijón,Real Sociedad,elite,experiment4_reduced_feature_robustness,1,142,C-Hybrid-full,1,1,0.9995691180229188,0.4802449643611908
265894,2016-01-23,11,La Liga,27,male,Málaga,Barcelona,elite,experiment4_reduced_feature_robustness,1,142,C-Hybrid-full,0,0,0.1542173027992248,0.4802449643611908
3825742,2016-01-23,11,La Liga,27,male,Granada,Getafe,elite,experiment4_reduced_feature_robustness,1,142,C-Hybrid-full,1,1,0.7157682776451111,0.4802449643611908
3825743,2016-01-23,11,La Liga,27,male,Rayo Vallecano,Celta Vigo,elite,experiment4_reduced_feature_robustness,1,142,C-Hybrid-full,1,1,0.8608893156051636,0.4802449643611908
3825744,2016-01-23,11,La Liga,27,male,Espanyol,Villarreal,elite,experiment4_reduced_feature_robustness,1,142,C-Hybrid-full,0,0,0.3347363471984863,0.4802449643611908
3825745,2016-01-24,11,La Liga,27,male,RC Deportivo La Coruña,Valencia,elite,experiment4_reduced_feature_robustness,1,142,C-Hybrid-full,0,1,0.963508129119873,0.4802449643611908
3825746,2016-01-24,11,La Liga,27,male,Real Betis,Real Madrid,elite,experiment4_reduced_feature_robustness,1,142,C-Hybrid-full,0,0,0.0380263030529022,0.4802449643611908
3825747,2016-01-24,11,La Liga,27,male,Athletic Club,Eibar,elite,experiment4_reduced_feature_robustness,1,142,C-Hybrid-full,1,0,0.1927487105131149,0.4802449643611908
3825748,2016-01-24,11,La Liga,27,male,Atlético Madrid,Sevilla,elite,experiment4_reduced_feature_robustness,1,142,C-Hybrid-full,0,0,0.2799091637134552,0.4802449643611908
3825749,2016-01-25,11,La Liga,27,male,Levante UD,Las Palmas,elite,experiment4_reduced_feature_robustness,1,142,C-Hybrid-full,1,0,0.4031243622303009,0.4802449643611908
267576,2016-01-30,11,La Liga,27,male,Barcelona,Atlético Madrid,elite,experiment4_reduced_feature_robustness,1,142,C-Hybrid-full,1,1,0.596049427986145,0.4802449643611908
3825750,2016-01-30,11,La Liga,27,male,Real Sociedad,Real Betis,elite,experiment4_reduced_feature_robustness,1,142,C-Hybrid-full,1,0,0.1416559368371963,0.4802449643611908
3825751,2016-01-30,11,La Liga,27,male,Getafe,Athletic Club,elite,experiment4_reduced_feature_robustness,1,142,C-Hybrid-full,0,0,0.3996676206588745,0.4802449643611908
3825752,2016-01-30,11,La Liga,27,male,Eibar,Málaga,elite,experiment4_reduced_feature_robustness,1,142,C-Hybrid-full,0,0,0.2378919720649719,0.4802449643611908
3825753,2016-01-30,11,La Liga,27,male,Villarreal,Granada,elite,experiment4_reduced_feature_robustness,1,142,C-Hybrid-full,1,1,0.7979775667190552,0.4802449643611908
3825754,2016-01-31,11,La Liga,27,male,Las Palmas,Celta Vigo,elite,experiment4_reduced_feature_robustness,1,142,C-Hybrid-full,1,1,0.5609283447265625,0.4802449643611908
3825755,2016-01-31,11,La Liga,27,male,Valencia,Sporting Gijón,elite,experiment4_reduced_feature_robustness,1,142,C-Hybrid-full,0,1,0.8413165211677551,0.4802449643611908
3825756,2016-01-31,11,La Liga,27,male,Sevilla,Levante UD,elite,experiment4_reduced_feature_robustness,1,142,C-Hybrid-full,1,1,0.817198634147644,0.4802449643611908
3825757,2016-01-31,11,La Liga,27,male,Real Madrid,Espanyol,elite,experiment4_reduced_feature_robustness,1,142,C-Hybrid-full,1,1,0.9985727071762084,0.4802449643611908
3825758,2016-02-01,11,La Liga,27,male,RC Deportivo La Coruña,Rayo Vallecano,elite,experiment4_reduced_feature_robustness,1,142,C-Hybrid-full,0,0,0.1476167738437652,0.4802449643611908
3825759,2016-02-05,11,La Liga,27,male,Málaga,Getafe,elite,experiment4_reduced_feature_robustness,1,142,C-Hybrid-full,1,1,0.9055998921394348,0.4802449643611908
3825760,2016-02-06,11,La Liga,27,male,Atlético Madrid,Eibar,elite,experiment4_reduced_feature_robustness,1,142,C-Hybrid-full,1,0,0.064240276813507,0.4802449643611908
3825761,2016-02-06,11,La Liga,27,male,Athletic Club,Villarreal,elite,experiment4_reduced_feature_robustness,1,142,C-Hybrid-full,0,0,0.0724061653017997,0.4802449643611908
3825762,2016-02-06,11,La Liga,27,male,Sporting Gijón,RC Deportivo La Coruña,elite,experiment4_reduced_feature_robustness,1,142,C-Hybrid-full,0,0,0.2957102954387665,0.4802449643611908
3825763,2016-02-06,11,La Liga,27,male,Rayo Vallecano,Las Palmas,elite,experiment4_reduced_feature_robustness,1,142,C-Hybrid-full,1,1,0.9393069744110109,0.4802449643611908
266160,2016-02-07,11,La Liga,27,male,Levante UD,Barcelona,elite,experiment4_reduced_feature_robustness,1,142,C-Hybrid-full,0,0,0.2477665096521377,0.4802449643611908
3825764,2016-02-07,11,La Liga,27,male,Granada,Real Madrid,elite,experiment4_reduced_feature_robustness,1,142,C-Hybrid-full,0,0,0.1720486134290695,0.4802449643611908
3825765,2016-02-07,11,La Liga,27,male,Celta Vigo,Sevilla,elite,experiment4_reduced_feature_robustness,1,142,C-Hybrid-full,0,0,0.2085479199886322,0.4802449643611908
3825766,2016-02-07,11,La Liga,27,male,Real Betis,Valencia,elite,experiment4_reduced_feature_robustness,1,142,C-Hybrid-full,1,0,0.1008438318967819,0.4802449643611908
3825767,2016-02-08,11,La Liga,27,male,Espanyol,Real Sociedad,elite,experiment4_reduced_feature_robustness,1,142,C-Hybrid-full,0,0,0.2175649553537368,0.4802449643611908
3825768,2016-02-12,11,La Liga,27,male,Sporting Gijón,Rayo Vallecano,elite,experiment4_reduced_feature_robustness,1,142,C-Hybrid-full,0,1,0.6288496851921082,0.4802449643611908
3825769,2016-02-13,11,La Liga,27,male,Villarreal,Málaga,elite,experiment4_reduced_feature_robustness,1,142,C-Hybrid-full,1,0,0.2753414809703827,0.4802449643611908
3825770,2016-02-13,11,La Liga,27,male,Real Madrid,Athletic Club,elite,experiment4_reduced_feature_robustness,1,142,C-Hybrid-full,1,1,0.8648008704185486,0.4802449643611908
3825771,2016-02-13,11,La Liga,27,male,RC Deportivo La Coruña,Real Betis,elite,experiment4_reduced_feature_robustness,1,142,C-Hybrid-full,0,1,0.5841522216796875,0.4802449643611908
3825772,2016-02-13,11,La Liga,27,male,Valencia,Espanyol,elite,experiment4_reduced_feature_robustness,1,142,C-Hybrid-full,1,0,0.1672800928354263,0.4802449643611908
266254,2016-02-14,11,La Liga,27,male,Barcelona,Celta Vigo,elite,experiment4_reduced_feature_robustness,1,142,C-Hybrid-full,1,1,0.9874562621116638,0.4802449643611908
3825773,2016-02-14,11,La Liga,27,male,Eibar,Levante UD,elite,experiment4_reduced_feature_robustness,1,142,C-Hybrid-full,1,1,0.5826583504676819,0.4802449643611908
3825774,2016-02-14,11,La Liga,27,male,Getafe,Atlético Madrid,elite,experiment4_reduced_feature_robustness,1,142,C-Hybrid-full,0,0,0.099455140531063,0.4802449643611908
3825775,2016-02-14,11,La Liga,27,male,Real Sociedad,Granada,elite,experiment4_reduced_feature_robustness,1,142,C-Hybrid-full,1,1,0.9390721917152404,0.4802449643611908
3825776,2016-02-14,11,La Liga,27,male,Sevilla,Las Palmas,elite,experiment4_reduced_feature_robustness,1,142,C-Hybrid-full,1,0,0.275982528924942,0.4802449643611908
266815,2016-02-17,11,La Liga,27,male,Sporting Gijón,Barcelona,elite,experiment4_reduced_feature_robustness,1,142,C-Hybrid-full,0,0,0.1650327295064926,0.4802449643611908
3825777,2016-02-19,11,La Liga,27,male,Levante UD,Getafe,elite,experiment4_reduced_feature_robustness,1,142,C-Hybrid-full,1,1,0.8238962292671204,0.4802449643611908
267273,2016-02-20,11,La Liga,27,male,Las Palmas,Barcelona,elite,experiment4_reduced_feature_robustness,1,142,C-Hybrid-full,0,0,0.4353747963905334,0.4802449643611908
3825778,2016-02-20,11,La Liga,27,male,Real Betis,Sporting Gijón,elite,experiment4_reduced_feature_robustness,1,142,C-Hybrid-full,0,0,0.2992067337036133,0.4802449643611908
3825779,2016-02-20,11,La Liga,27,male,Celta Vigo,Eibar,elite,experiment4_reduced_feature_robustness,1,142,C-Hybrid-full,1,1,0.509765088558197,0.4802449643611908
3825780,2016-02-20,11,La Liga,27,male,Espanyol,RC Deportivo La Coruña,elite,experiment4_reduced_feature_robustness,1,142,C-Hybrid-full,1,0,0.159165620803833,0.4802449643611908
3825781,2016-02-21,11,La Liga,27,male,Rayo Vallecano,Sevilla,elite,experiment4_reduced_feature_robustness,1,142,C-Hybrid-full,0,0,0.4250028133392334,0.4802449643611908
3825782,2016-02-21,11,La Liga,27,male,Granada,Valencia,elite,experiment4_reduced_feature_robustness,1,142,C-Hybrid-full,0,0,0.0897198840975761,0.4802449643611908
3825783,2016-02-21,11,La Liga,27,male,Athletic Club,Real Sociedad,elite,experiment4_reduced_feature_robustness,1,142,C-Hybrid-full,0,0,0.0445737056434154,0.4802449643611908
3825784,2016-02-21,11,La Liga,27,male,Atlético Madrid,Villarreal,elite,experiment4_reduced_feature_robustness,1,142,C-Hybrid-full,0,0,0.1081430912017822,0.4802449643611908
3825785,2016-02-21,11,La Liga,27,male,Málaga,Real Madrid,elite,experiment4_reduced_feature_robustness,1,142,C-Hybrid-full,0,1,0.5971218347549438,0.4802449643611908
3825786,2016-02-26,11,La Liga,27,male,Eibar,Las Palmas,elite,experiment4_reduced_feature_robustness,1,142,C-Hybrid-full,0,0,0.1825086325407028,0.4802449643611908
3825787,2016-02-27,11,La Liga,27,male,Real Madrid,Atlético Madrid,elite,experiment4_reduced_feature_robustness,2,242,C-Hybrid-full,0,0,0.410937637090683,0.4884176254272461
3825788,2016-02-27,11,La Liga,27,male,Getafe,Celta Vigo,elite,experiment4_reduced_feature_robustness,2,242,C-Hybrid-full,0,0,0.2695945203304291,0.4884176254272461
3825789,2016-02-27,11,La Liga,27,male,Real Sociedad,Málaga,elite,experiment4_reduced_feature_robustness,2,242,C-Hybrid-full,0,0,0.4220878183841705,0.4884176254272461
3825790,2016-02-27,11,La Liga,27,male,Sporting Gijón,Espanyol,elite,experiment4_reduced_feature_robustness,2,242,C-Hybrid-full,0,0,0.3198424279689789,0.4884176254272461
3825791,2016-02-27,11,La Liga,27,male,Real Betis,Rayo Vallecano,elite,experiment4_reduced_feature_robustness,2,242,C-Hybrid-full,0,0,0.3248451650142669,0.4884176254272461
265839,2016-02-28,11,La Liga,27,male,Barcelona,Sevilla,elite,experiment4_reduced_feature_robustness,2,242,C-Hybrid-full,1,1,0.6289340853691101,0.4884176254272461
3825792,2016-02-28,11,La Liga,27,male,RC Deportivo La Coruña,Granada,elite,experiment4_reduced_feature_robustness,2,242,C-Hybrid-full,0,1,0.5786225199699402,0.4884176254272461
3825793,2016-02-28,11,La Liga,27,male,Valencia,Athletic Club,elite,experiment4_reduced_feature_robustness,2,242,C-Hybrid-full,0,0,0.4124966859817505,0.4884176254272461
3825794,2016-02-28,11,La Liga,27,male,Villarreal,Levante UD,elite,experiment4_reduced_feature_robustness,2,242,C-Hybrid-full,1,0,0.4632323682308197,0.4884176254272461
3825795,2016-03-01,11,La Liga,27,male,Atlético Madrid,Real Sociedad,elite,experiment4_reduced_feature_robustness,2,242,C-Hybrid-full,1,1,0.5648154020309448,0.4884176254272461
3825796,2016-03-01,11,La Liga,27,male,Las Palmas,Getafe,elite,experiment4_reduced_feature_robustness,2,242,C-Hybrid-full,1,0,0.4241326749324798,0.4884176254272461
3825797,2016-03-02,11,La Liga,27,male,Athletic Club,RC Deportivo La Coruña,elite,experiment4_reduced_feature_robustness,2,242,C-Hybrid-full,1,0,0.4558865129947662,0.4884176254272461
3825798,2016-03-02,11,La Liga,27,male,Levante UD,Real Madrid,elite,experiment4_reduced_feature_robustness,2,242,C-Hybrid-full,0,0,0.234806939959526,0.4884176254272461
3825799,2016-03-02,11,La Liga,27,male,Málaga,Valencia,elite,experiment4_reduced_feature_robustness,2,242,C-Hybrid-full,0,0,0.2577036917209625,0.4884176254272461
3825800,2016-03-02,11,La Liga,27,male,Celta Vigo,Villarreal,elite,experiment4_reduced_feature_robustness,2,242,C-Hybrid-full,0,0,0.4049027264118194,0.4884176254272461
3825801,2016-03-02,11,La Liga,27,male,Sevilla,Eibar,elite,experiment4_reduced_feature_robustness,2,242,C-Hybrid-full,1,1,0.5225640535354614,0.4884176254272461
266653,2016-03-03,11,La Liga,27,male,Rayo Vallecano,Barcelona,elite,experiment4_reduced_feature_robustness,2,242,C-Hybrid-full,0,0,0.2263559997081756,0.4884176254272461
3825802,2016-03-03,11,La Liga,27,male,Espanyol,Real Betis,elite,experiment4_reduced_feature_robustness,2,242,C-Hybrid-full,0,0,0.4339386224746704,0.4884176254272461
3825803,2016-03-03,11,La Liga,27,male,Granada,Sporting Gijón,elite,experiment4_reduced_feature_robustness,2,242,C-Hybrid-full,1,1,0.5265856981277466,0.4884176254272461
3825804,2016-03-05,11,La Liga,27,male,RC Deportivo La Coruña,Málaga,elite,experiment4_reduced_feature_robustness,2,242,C-Hybrid-full,0,0,0.4474936127662658,0.4884176254272461
3825805,2016-03-05,11,La Liga,27,male,Villarreal,Las Palmas,elite,experiment4_reduced_feature_robustness,2,242,C-Hybrid-full,0,0,0.3508718013763428,0.4884176254272461
3825806,2016-03-05,11,La Liga,27,male,Real Madrid,Celta Vigo,elite,experiment4_reduced_feature_robustness,2,242,C-Hybrid-full,1,0,0.4462815523147583,0.4884176254272461
3825867,2016-03-05,11,La Liga,27,male,Getafe,Sevilla,elite,experiment4_reduced_feature_robustness,2,242,C-Hybrid-full,0,0,0.2576187252998352,0.4884176254272461
266056,2016-03-06,11,La Liga,27,male,Eibar,Barcelona,elite,experiment4_reduced_feature_robustness,2,242,C-Hybrid-full,0,0,0.1605627834796905,0.4884176254272461
3825807,2016-03-06,11,La Liga,27,male,Valencia,Atlético Madrid,elite,experiment4_reduced_feature_robustness,2,242,C-Hybrid-full,0,0,0.1900914460420608,0.4884176254272461
3825808,2016-03-06,11,La Liga,27,male,Sporting Gijón,Athletic Club,elite,experiment4_reduced_feature_robustness,2,242,C-Hybrid-full,0,0,0.1705857813358307,0.4884176254272461
3825809,2016-03-06,11,La Liga,27,male,Real Betis,Granada,elite,experiment4_reduced_feature_robustness,2,242,C-Hybrid-full,1,0,0.2886967658996582,0.4884176254272461
3825810,2016-03-06,11,La Liga,27,male,Real Sociedad,Levante UD,elite,experiment4_reduced_feature_robustness,2,242,C-Hybrid-full,0,0,0.4391883313655853,0.4884176254272461
3825811,2016-03-07,11,La Liga,27,male,Espanyol,Rayo Vallecano,elite,experiment4_reduced_feature_robustness,2,242,C-Hybrid-full,1,1,0.5047625303268433,0.4884176254272461
3825812,2016-03-11,11,La Liga,27,male,Málaga,Sporting Gijón,elite,experiment4_reduced_feature_robustness,2,242,C-Hybrid-full,1,0,0.343677818775177,0.4884176254272461
266498,2016-03-12,11,La Liga,27,male,Barcelona,Getafe,elite,experiment4_reduced_feature_robustness,2,242,C-Hybrid-full,1,1,0.7398630380630493,0.4884176254272461
3825813,2016-03-12,11,La Liga,27,male,Atlético Madrid,RC Deportivo La Coruña,elite,experiment4_reduced_feature_robustness,2,242,C-Hybrid-full,1,1,0.623563826084137,0.4884176254272461
3825814,2016-03-12,11,La Liga,27,male,Celta Vigo,Real Sociedad,elite,experiment4_reduced_feature_robustness,2,242,C-Hybrid-full,1,0,0.2409569323062896,0.4884176254272461
3825858,2016-03-12,11,La Liga,27,male,Rayo Vallecano,Eibar,elite,experiment4_reduced_feature_robustness,2,242,C-Hybrid-full,0,0,0.3148043751716614,0.4884176254272461
3825815,2016-03-13,11,La Liga,27,male,Levante UD,Valencia,elite,experiment4_reduced_feature_robustness,2,242,C-Hybrid-full,1,0,0.2629472911357879,0.4884176254272461
3825816,2016-03-13,11,La Liga,27,male,Sevilla,Villarreal,elite,experiment4_reduced_feature_robustness,2,242,C-Hybrid-full,1,0,0.4741190075874328,0.4884176254272461
3825844,2016-03-13,11,La Liga,27,male,Athletic Club,Real Betis,elite,experiment4_reduced_feature_robustness,2,242,C-Hybrid-full,1,1,0.5369861721992493,0.4884176254272461
3825879,2016-03-13,11,La Liga,27,male,Las Palmas,Real Madrid,elite,experiment4_reduced_feature_robustness,2,242,C-Hybrid-full,0,0,0.3100295066833496,0.4884176254272461
3825881,2016-03-14,11,La Liga,27,male,Granada,Espanyol,elite,experiment4_reduced_feature_robustness,2,242,C-Hybrid-full,0,0,0.2764887809753418,0.4884176254272461
3825817,2016-03-18,11,La Liga,27,male,Getafe,Eibar,elite,experiment4_reduced_feature_robustness,2,242,C-Hybrid-full,0,0,0.277179092168808,0.4884176254272461
3825818,2016-03-19,11,La Liga,27,male,Real Sociedad,Las Palmas,elite,experiment4_reduced_feature_robustness,2,242,C-Hybrid-full,0,0,0.3270749151706695,0.4884176254272461
3825880,2016-03-19,11,La Liga,27,male,RC Deportivo La Coruña,Levante UD,elite,experiment4_reduced_feature_robustness,2,242,C-Hybrid-full,1,0,0.3527811169624328,0.4884176254272461
3825887,2016-03-19,11,La Liga,27,male,Granada,Rayo Vallecano,elite,experiment4_reduced_feature_robustness,2,242,C-Hybrid-full,0,0,0.4805341064929962,0.4884176254272461
3825903,2016-03-19,11,La Liga,27,male,Real Betis,Málaga,elite,experiment4_reduced_feature_robustness,2,242,C-Hybrid-full,0,0,0.35905322432518,0.4884176254272461
3825907,2016-03-19,11,La Liga,27,male,Sporting Gijón,Atlético Madrid,elite,experiment4_reduced_feature_robustness,2,242,C-Hybrid-full,1,0,0.1698124557733535,0.4884176254272461
266106,2016-03-20,11,La Liga,27,male,Villarreal,Barcelona,elite,experiment4_reduced_feature_robustness,2,242,C-Hybrid-full,0,0,0.1854612082242965,0.4884176254272461
3825819,2016-03-20,11,La Liga,27,male,Valencia,Celta Vigo,elite,experiment4_reduced_feature_robustness,2,242,C-Hybrid-full,0,0,0.397669643163681,0.4884176254272461
3825820,2016-03-20,11,La Liga,27,male,Real Madrid,Sevilla,elite,experiment4_reduced_feature_robustness,2,242,C-Hybrid-full,1,1,0.798966109752655,0.4884176254272461
3825821,2016-03-20,11,La Liga,27,male,Espanyol,Athletic Club,elite,experiment4_reduced_feature_robustness,2,242,C-Hybrid-full,1,0,0.3162477016448974,0.4884176254272461
3825885,2016-04-01,11,La Liga,27,male,Rayo Vallecano,Getafe,elite,experiment4_reduced_feature_robustness,2,242,C-Hybrid-full,1,1,0.6774407625198364,0.4884176254272461
267533,2016-04-02,11,La Liga,27,male,Barcelona,Real Madrid,elite,experiment4_reduced_feature_robustness,2,242,C-Hybrid-full,0,0,0.3843637406826019,0.4884176254272461
3825822,2016-04-02,11,La Liga,27,male,Las Palmas,Valencia,elite,experiment4_reduced_feature_robustness,2,242,C-Hybrid-full,1,1,0.539921224117279,0.4884176254272461
3825872,2016-04-02,11,La Liga,27,male,Atlético Madrid,Real Betis,elite,experiment4_reduced_feature_robustness,2,242,C-Hybrid-full,1,1,0.7913504242897034,0.4884176254272461
3825898,2016-04-02,11,La Liga,27,male,Celta Vigo,RC Deportivo La Coruña,elite,experiment4_reduced_feature_robustness,2,242,C-Hybrid-full,0,0,0.2774377167224884,0.4884176254272461
3825823,2016-04-03,11,La Liga,27,male,Sevilla,Real Sociedad,elite,experiment4_reduced_feature_robustness,2,242,C-Hybrid-full,0,0,0.3308798968791961,0.4884176254272461
3825824,2016-04-03,11,La Liga,27,male,Eibar,Villarreal,elite,experiment4_reduced_feature_robustness,2,242,C-Hybrid-full,0,0,0.2537049055099487,0.4884176254272461
3825877,2016-04-03,11,La Liga,27,male,Athletic Club,Granada,elite,experiment4_reduced_feature_robustness,2,242,C-Hybrid-full,0,1,0.5547361969947815,0.4884176254272461
3825905,2016-04-03,11,La Liga,27,male,Málaga,Espanyol,elite,experiment4_reduced_feature_robustness,2,242,C-Hybrid-full,0,0,0.2951326072216034,0.4884176254272461
3825825,2016-04-04,11,La Liga,27,male,Levante UD,Sporting Gijón,elite,experiment4_reduced_feature_robustness,2,242,C-Hybrid-full,0,0,0.3393949270248413,0.4884176254272461
3825826,2016-04-08,11,La Liga,27,male,Granada,Málaga,elite,experiment4_reduced_feature_robustness,2,242,C-Hybrid-full,0,0,0.232751116156578,0.4884176254272461
266664,2016-04-09,11,La Liga,27,male,Real Sociedad,Barcelona,elite,experiment4_reduced_feature_robustness,2,242,C-Hybrid-full,1,0,0.2519920170307159,0.4884176254272461
3825827,2016-04-09,11,La Liga,27,male,Real Betis,Levante UD,elite,experiment4_reduced_feature_robustness,2,242,C-Hybrid-full,1,0,0.2068689614534378,0.4884176254272461
3825828,2016-04-09,11,La Liga,27,male,Espanyol,Atlético Madrid,elite,experiment4_reduced_feature_robustness,2,242,C-Hybrid-full,0,0,0.2574961185455322,0.4884176254272461
3825856,2016-04-09,11,La Liga,27,male,Real Madrid,Eibar,elite,experiment4_reduced_feature_robustness,2,242,C-Hybrid-full,1,1,0.5882654786109924,0.4884176254272461
3825829,2016-04-10,11,La Liga,27,male,Athletic Club,Rayo Vallecano,elite,experiment4_reduced_feature_robustness,2,242,C-Hybrid-full,1,0,0.2658761143684387,0.4884176254272461
3825830,2016-04-10,11,La Liga,27,male,Villarreal,Getafe,elite,experiment4_reduced_feature_robustness,2,242,C-Hybrid-full,1,1,0.5182920694351196,0.4884176254272461
3825831,2016-04-10,11,La Liga,27,male,Valencia,Sevilla,elite,experiment4_reduced_feature_robustness,2,242,C-Hybrid-full,1,0,0.3350388407707214,0.4884176254272461
3825832,2016-04-10,11,La Liga,27,male,Sporting Gijón,Celta Vigo,elite,experiment4_reduced_feature_robustness,2,242,C-Hybrid-full,0,0,0.3420681059360504,0.4884176254272461
3825863,2016-04-11,11,La Liga,27,male,RC Deportivo La Coruña,Las Palmas,elite,experiment4_reduced_feature_robustness,2,242,C-Hybrid-full,0,0,0.2310622930526733,0.4884176254272461
3825857,2016-04-15,11,La Liga,27,male,Levante UD,Espanyol,elite,experiment4_reduced_feature_robustness,2,242,C-Hybrid-full,1,0,0.3451658487319946,0.4884176254272461
3825833,2016-04-16,11,La Liga,27,male,Getafe,Real Madrid,elite,experiment4_reduced_feature_robustness,2,242,C-Hybrid-full,0,0,0.1759974658489227,0.4884176254272461
3825852,2016-04-16,11,La Liga,27,male,Las Palmas,Sporting Gijón,elite,experiment4_reduced_feature_robustness,2,242,C-Hybrid-full,0,0,0.4508687853813171,0.4884176254272461
3825889,2016-04-16,11,La Liga,27,male,Celta Vigo,Real Betis,elite,experiment4_reduced_feature_robustness,2,242,C-Hybrid-full,0,1,0.6367319822311401,0.4884176254272461
3825897,2016-04-16,11,La Liga,27,male,Eibar,Real Sociedad,elite,experiment4_reduced_feature_robustness,2,242,C-Hybrid-full,1,0,0.4047004580497741,0.4884176254272461
266557,2016-04-17,11,La Liga,27,male,Barcelona,Valencia,elite,experiment4_reduced_feature_robustness,2,242,C-Hybrid-full,0,1,0.5420951247215271,0.4884176254272461
3825834,2016-04-17,11,La Liga,27,male,Atlético Madrid,Granada,elite,experiment4_reduced_feature_robustness,2,242,C-Hybrid-full,1,1,0.5185797810554504,0.4884176254272461
3825835,2016-04-17,11,La Liga,27,male,Málaga,Athletic Club,elite,experiment4_reduced_feature_robustness,2,242,C-Hybrid-full,0,0,0.4499476552009582,0.4884176254272461
3825836,2016-04-17,11,La Liga,27,male,Rayo Vallecano,Villarreal,elite,experiment4_reduced_feature_robustness,2,242,C-Hybrid-full,1,1,0.5374370813369751,0.4884176254272461
3825906,2016-04-17,11,La Liga,27,male,Sevilla,RC Deportivo La Coruña,elite,experiment4_reduced_feature_robustness,2,242,C-Hybrid-full,0,0,0.3148244321346283,0.4884176254272461
3825837,2016-04-19,11,La Liga,27,male,Real Betis,Las Palmas,elite,experiment4_reduced_feature_robustness,2,242,C-Hybrid-full,1,0,0.2909317314624786,0.4884176254272461
3825862,2016-04-19,11,La Liga,27,male,Espanyol,Celta Vigo,elite,experiment4_reduced_feature_robustness,2,242,C-Hybrid-full,0,0,0.1817812472581863,0.4884176254272461
266310,2016-04-20,11,La Liga,27,male,RC Deportivo La Coruña,Barcelona,elite,experiment4_reduced_feature_robustness,2,242,C-Hybrid-full,0,0,0.241038516163826,0.4884176254272461
3825838,2016-04-20,11,La Liga,27,male,Athletic Club,Atlético Madrid,elite,experiment4_reduced_feature_robustness,2,242,C-Hybrid-full,0,0,0.3252985179424286,0.4884176254272461
3825839,2016-04-20,11,La Liga,27,male,Sporting Gijón,Sevilla,elite,experiment4_reduced_feature_robustness,2,242,C-Hybrid-full,1,0,0.3869231939315796,0.4884176254272461
3825840,2016-04-20,11,La Liga,27,male,Valencia,Eibar,elite,experiment4_reduced_feature_robustness,2,242,C-Hybrid-full,1,1,0.5309200286865234,0.4884176254272461
3825843,2016-04-20,11,La Liga,27,male,Málaga,Rayo Vallecano,elite,experiment4_reduced_feature_robustness,2,242,C-Hybrid-full,0,0,0.3883692920207977,0.4884176254272461
3825893,2016-04-20,11,La Liga,27,male,Real Madrid,Villarreal,elite,experiment4_reduced_feature_robustness,2,242,C-Hybrid-full,1,1,0.6208113431930542,0.4884176254272461
3825841,2016-04-21,11,La Liga,27,male,Real Sociedad,Getafe,elite,experiment4_reduced_feature_robustness,2,242,C-Hybrid-full,0,0,0.4136048853397369,0.4884176254272461
3825896,2016-04-21,11,La Liga,27,male,Granada,Levante UD,elite,experiment4_reduced_feature_robustness,2,242,C-Hybrid-full,1,1,0.5143296122550964,0.4884176254272461
3825871,2016-04-22,11,La Liga,27,male,Las Palmas,Espanyol,elite,experiment4_reduced_feature_robustness,2,242,C-Hybrid-full,1,0,0.3716495037078857,0.4884176254272461
265944,2016-04-23,11,La Liga,27,male,Barcelona,Sporting Gijón,elite,experiment4_reduced_feature_robustness,2,242,C-Hybrid-full,1,1,0.8182476758956909,0.4884176254272461
3825847,2016-04-23,11,La Liga,27,male,Eibar,RC Deportivo La Coruña,elite,experiment4_reduced_feature_robustness,2,242,C-Hybrid-full,0,0,0.3490586280822754,0.4884176254272461
3825886,2016-04-23,11,La Liga,27,male,Rayo Vallecano,Real Madrid,elite,experiment4_reduced_feature_robustness,2,242,C-Hybrid-full,0,0,0.1937081813812255,0.4884176254272461
3825890,2016-04-23,11,La Liga,27,male,Atlético Madrid,Málaga,elite,experiment4_reduced_feature_robustness,2,242,C-Hybrid-full,1,0,0.26267209649086,0.4884176254272461
3825842,2016-04-24,11,La Liga,27,male,Levante UD,Athletic Club,elite,experiment4_reduced_feature_robustness,2,242,C-Hybrid-full,0,0,0.2644703388214111,0.4884176254272461
3825875,2016-04-24,11,La Liga,27,male,Villarreal,Real Sociedad,elite,experiment4_reduced_feature_robustness,2,242,C-Hybrid-full,0,0,0.2682332098484039,0.4884176254272461
3825884,2016-04-24,11,La Liga,27,male,Sevilla,Real Betis,elite,experiment4_reduced_feature_robustness,2,242,C-Hybrid-full,1,0,0.3128746449947357,0.4884176254272461
3825899,2016-04-24,11,La Liga,27,male,Getafe,Valencia,elite,experiment4_reduced_feature_robustness,2,242,C-Hybrid-full,0,0,0.2471862882375717,0.4884176254272461
3825868,2016-04-25,11,La Liga,27,male,Celta Vigo,Granada,elite,experiment4_reduced_feature_robustness,2,242,C-Hybrid-full,1,1,0.5655980706214905,0.4884176254272461
3825854,2016-04-29,11,La Liga,27,male,Sporting Gijón,Eibar,elite,experiment4_reduced_feature_robustness,2,242,C-Hybrid-full,1,0,0.2542997896671295,0.4884176254272461
266986,2016-04-30,11,La Liga,27,male,Real Betis,Barcelona,elite,experiment4_reduced_feature_robustness,2,242,C-Hybrid-full,0,0,0.1413560360670089,0.4884176254272461
3825859,2016-04-30,11,La Liga,27,male,Granada,Las Palmas,elite,experiment4_reduced_feature_robustness,2,242,C-Hybrid-full,1,0,0.3962456881999969,0.4884176254272461
3825864,2016-04-30,11,La Liga,27,male,Real Sociedad,Real Madrid,elite,experiment4_reduced_feature_robustness,2,242,C-Hybrid-full,0,0,0.190663456916809,0.4884176254272461
3825878,2016-04-30,11,La Liga,27,male,Atlético Madrid,Rayo Vallecano,elite,experiment4_reduced_feature_robustness,2,242,C-Hybrid-full,1,0,0.3157070577144623,0.4884176254272461
3825845,2016-05-01,11,La Liga,27,male,Espanyol,Sevilla,elite,experiment4_reduced_feature_robustness,2,242,C-Hybrid-full,1,0,0.2009079605340957,0.4884176254272461
3825870,2016-05-01,11,La Liga,27,male,Athletic Club,Celta Vigo,elite,experiment4_reduced_feature_robustness,2,242,C-Hybrid-full,1,0,0.4006737768650055,0.4884176254272461
3825873,2016-05-01,11,La Liga,27,male,Valencia,Villarreal,elite,experiment4_reduced_feature_robustness,2,242,C-Hybrid-full,0,0,0.4386529624462127,0.4884176254272461
3825894,2016-05-01,11,La Liga,27,male,RC Deportivo La Coruña,Getafe,elite,experiment4_reduced_feature_robustness,2,242,C-Hybrid-full,0,0,0.2678092420101166,0.4884176254272461
3825855,2016-05-02,11,La Liga,27,male,Málaga,Levante UD,elite,experiment4_reduced_feature_robustness,2,242,C-Hybrid-full,1,1,0.539394199848175,0.4884176254272461
265958,2016-05-08,11,La Liga,27,male,Barcelona,Espanyol,elite,experiment4_reduced_feature_robustness,2,242,C-Hybrid-full,1,1,0.6390591263771057,0.4884176254272461
3825850,2016-05-08,11,La Liga,27,male,Celta Vigo,Málaga,elite,experiment4_reduced_feature_robustness,2,242,C-Hybrid-full,1,0,0.3259934782981872,0.4884176254272461
3825851,2016-05-08,11,La Liga,27,male,Villarreal,RC Deportivo La Coruña,elite,experiment4_reduced_feature_robustness,2,242,C-Hybrid-full,0,0,0.4290539026260376,0.4884176254272461
3825853,2016-05-08,11,La Liga,27,male,Sevilla,Granada,elite,experiment4_reduced_feature_robustness,2,242,C-Hybrid-full,0,0,0.4053550064563751,0.4884176254272461
3825860,2016-05-08,11,La Liga,27,male,Levante UD,Atlético Madrid,elite,experiment4_reduced_feature_robustness,2,242,C-Hybrid-full,1,0,0.2685388922691345,0.4884176254272461
3825861,2016-05-08,11,La Liga,27,male,Real Sociedad,Rayo Vallecano,elite,experiment4_reduced_feature_robustness,2,242,C-Hybrid-full,1,0,0.406050443649292,0.4884176254272461
3825865,2016-05-08,11,La Liga,27,male,Getafe,Sporting Gijón,elite,experiment4_reduced_feature_robustness,2,242,C-Hybrid-full,0,1,0.5317659974098206,0.4884176254272461
3825866,2016-05-08,11,La Liga,27,male,Las Palmas,Athletic Club,elite,experiment4_reduced_feature_robustness,2,242,C-Hybrid-full,0,0,0.230572298169136,0.4884176254272461
3825901,2016-05-08,11,La Liga,27,male,Real Madrid,Valencia,elite,experiment4_reduced_feature_robustness,2,242,C-Hybrid-full,1,1,0.6051265597343445,0.4884176254272461
3825904,2016-05-08,11,La Liga,27,male,Eibar,Real Betis,elite,experiment4_reduced_feature_robustness,2,242,C-Hybrid-full,0,0,0.4194379448890686,0.4884176254272461
3825849,2016-05-13,11,La Liga,27,male,Valencia,Real Sociedad,elite,experiment4_reduced_feature_robustness,2,242,C-Hybrid-full,0,0,0.3461463749408722,0.4884176254272461
267506,2016-05-14,11,La Liga,27,male,Granada,Barcelona,elite,experiment4_reduced_feature_robustness,2,242,C-Hybrid-full,0,0,0.1279766857624054,0.4884176254272461
3825846,2016-05-14,11,La Liga,27,male,RC Deportivo La Coruña,Real Madrid,elite,experiment4_reduced_feature_robustness,2,242,C-Hybrid-full,0,0,0.3766414821147918,0.4884176254272461
3825869,2016-05-14,11,La Liga,27,male,Athletic Club,Sevilla,elite,experiment4_reduced_feature_robustness,2,242,C-Hybrid-full,1,1,0.6022487282752991,0.4884176254272461
3825882,2016-05-14,11,La Liga,27,male,Atlético Madrid,Celta Vigo,elite,experiment4_reduced_feature_robustness,2,242,C-Hybrid-full,1,0,0.4135323166847229,0.4884176254272461
3825876,2016-05-15,11,La Liga,27,male,Real Betis,Getafe,elite,experiment4_reduced_feature_robustness,2,242,C-Hybrid-full,1,0,0.1991624534130096,0.4884176254272461
3825883,2016-05-15,11,La Liga,27,male,Málaga,Las Palmas,elite,experiment4_reduced_feature_robustness,2,242,C-Hybrid-full,1,0,0.4143513143062591,0.4884176254272461
3825900,2016-05-15,11,La Liga,27,male,Sporting Gijón,Villarreal,elite,experiment4_reduced_feature_robustness,2,242,C-Hybrid-full,1,0,0.2018387466669082,0.4884176254272461
3825902,2016-05-15,11,La Liga,27,male,Rayo Vallecano,Levante UD,elite,experiment4_reduced_feature_robustness,2,242,C-Hybrid-full,1,1,0.5865631699562073,0.4884176254272461
3825908,2016-05-15,11,La Liga,27,male,Espanyol,Eibar,elite,experiment4_reduced_feature_robustness,2,242,C-Hybrid-full,1,0,0.1810310631990432,0.4884176254272461
267670,2016-08-20,11,La Liga,2,male,Barcelona,Real Betis,elite,experiment4_reduced_feature_robustness,2,242,C-Hybrid-full,1,1,0.8697776794433594,0.4884176254272461
266892,2016-08-28,11,La Liga,2,male,Athletic Club,Barcelona,elite,experiment4_reduced_feature_robustness,2,242,C-Hybrid-full,0,0,0.1407754123210907,0.4884176254272461
267220,2016-09-21,11,La Liga,2,male,Barcelona,Atlético Madrid,elite,experiment4_reduced_feature_robustness,2,242,C-Hybrid-full,0,1,0.5659328103065491,0.4884176254272461
267492,2016-10-15,11,La Liga,2,male,Barcelona,RC Deportivo La Coruña,elite,experiment4_reduced_feature_robustness,2,242,C-Hybrid-full,1,1,0.6841462850570679,0.4884176254272461
266033,2016-10-22,11,La Liga,2,male,Valencia,Barcelona,elite,experiment4_reduced_feature_robustness,2,242,C-Hybrid-full,0,0,0.1690563857555389,0.4884176254272461
267058,2016-10-29,11,La Liga,2,male,Barcelona,Granada,elite,experiment4_reduced_feature_robustness,2,242,C-Hybrid-full,1,1,0.7272288203239441,0.4884176254272461
266989,2016-11-06,11,La Liga,2,male,Sevilla,Barcelona,elite,experiment4_reduced_feature_robustness,2,242,C-Hybrid-full,0,0,0.1381317377090454,0.4884176254272461
266191,2016-11-27,11,La Liga,2,male,Real Sociedad,Barcelona,elite,experiment4_reduced_feature_robustness,2,242,C-Hybrid-full,0,0,0.2862476706504822,0.4884176254272461
267076,2016-12-03,11,La Liga,2,male,Barcelona,Real Madrid,elite,experiment4_reduced_feature_robustness,2,242,C-Hybrid-full,0,0,0.4518691003322601,0.4884176254272461
266357,2016-12-10,11,La Liga,2,male,Osasuna,Barcelona,elite,experiment4_reduced_feature_robustness,3,342,C-Hybrid-full,0,0,0.1757669001817703,0.4780621528625488
266528,2016-12-18,11,La Liga,2,male,Barcelona,Espanyol,elite,experiment4_reduced_feature_robustness,3,342,C-Hybrid-full,1,1,0.8716281652450562,0.4780621528625488
266477,2017-01-08,11,La Liga,2,male,Villarreal,Barcelona,elite,experiment4_reduced_feature_robustness,3,342,C-Hybrid-full,0,0,0.2763826549053192,0.4780621528625488
267395,2017-01-14,11,La Liga,2,male,Barcelona,Las Palmas,elite,experiment4_reduced_feature_robustness,3,342,C-Hybrid-full,1,1,0.9555311799049376,0.4780621528625488
266731,2017-01-22,11,La Liga,2,male,Eibar,Barcelona,elite,experiment4_reduced_feature_robustness,3,342,C-Hybrid-full,0,0,0.3351378738880157,0.4780621528625488
266516,2017-01-29,11,La Liga,2,male,Real Betis,Barcelona,elite,experiment4_reduced_feature_robustness,3,342,C-Hybrid-full,0,0,0.1665899902582168,0.4780621528625488
266874,2017-02-04,11,La Liga,2,male,Barcelona,Athletic Club,elite,experiment4_reduced_feature_robustness,3,342,C-Hybrid-full,1,1,0.5773530006408691,0.4780621528625488
267464,2017-02-26,11,La Liga,2,male,Atlético Madrid,Barcelona,elite,experiment4_reduced_feature_robustness,3,342,C-Hybrid-full,0,0,0.1723787039518356,0.4780621528625488
265952,2017-03-01,11,La Liga,2,male,Barcelona,Sporting Gijón,elite,experiment4_reduced_feature_robustness,3,342,C-Hybrid-full,1,1,0.760848343372345,0.4780621528625488
266299,2017-03-04,11,La Liga,2,male,Barcelona,Celta Vigo,elite,experiment4_reduced_feature_robustness,3,342,C-Hybrid-full,1,1,0.8271946907043457,0.4780621528625488
267660,2017-03-12,11,La Liga,2,male,RC Deportivo La Coruña,Barcelona,elite,experiment4_reduced_feature_robustness,3,342,C-Hybrid-full,1,0,0.1206441894173622,0.4780621528625488
266440,2017-03-19,11,La Liga,2,male,Barcelona,Valencia,elite,experiment4_reduced_feature_robustness,3,342,C-Hybrid-full,1,1,0.9730387330055236,0.4780621528625488
266280,2017-04-05,11,La Liga,2,male,Barcelona,Sevilla,elite,experiment4_reduced_feature_robustness,3,342,C-Hybrid-full,1,1,0.8851721882820129,0.4780621528625488
267590,2017-04-08,11,La Liga,2,male,Málaga,Barcelona,elite,experiment4_reduced_feature_robustness,3,342,C-Hybrid-full,1,0,0.4475558996200561,0.4780621528625488
267373,2017-04-15,11,La Liga,2,male,Barcelona,Real Sociedad,elite,experiment4_reduced_feature_robustness,3,342,C-Hybrid-full,1,1,0.8579282760620117,0.4780621528625488
267569,2017-04-23,11,La Liga,2,male,Real Madrid,Barcelona,elite,experiment4_reduced_feature_robustness,3,342,C-Hybrid-full,0,1,0.7854712009429932,0.4780621528625488
267101,2017-04-26,11,La Liga,2,male,Barcelona,Osasuna,elite,experiment4_reduced_feature_robustness,3,342,C-Hybrid-full,1,1,0.8962621688842773,0.4780621528625488
267077,2017-04-29,11,La Liga,2,male,Espanyol,Barcelona,elite,experiment4_reduced_feature_robustness,3,342,C-Hybrid-full,0,0,0.229850098490715,0.4780621528625488
266952,2017-05-06,11,La Liga,2,male,Barcelona,Villarreal,elite,experiment4_reduced_feature_robustness,3,342,C-Hybrid-full,1,1,0.9358853697776794,0.4780621528625488
267039,2017-05-14,11,La Liga,2,male,Las Palmas,Barcelona,elite,experiment4_reduced_feature_robustness,3,342,C-Hybrid-full,0,0,0.079332448542118,0.4780621528625488
267432,2017-05-21,11,La Liga,2,male,Barcelona,Eibar,elite,experiment4_reduced_feature_robustness,3,342,C-Hybrid-full,1,1,0.9874005913734436,0.4780621528625488
9575,2017-08-20,11,La Liga,1,male,Barcelona,Real Betis,elite,experiment4_reduced_feature_robustness,3,342,C-Hybrid-full,1,1,0.8477505445480347,0.4780621528625488
9581,2017-08-26,11,La Liga,1,male,Deportivo Alavés,Barcelona,elite,experiment4_reduced_feature_robustness,3,342,C-Hybrid-full,0,0,0.0682235211133956,0.4780621528625488
9592,2017-09-09,11,La Liga,1,male,Barcelona,Espanyol,elite,experiment4_reduced_feature_robustness,3,342,C-Hybrid-full,1,1,0.9804759621620178,0.4780621528625488
9602,2017-09-16,11,La Liga,1,male,Getafe,Barcelona,elite,experiment4_reduced_feature_robustness,3,342,C-Hybrid-full,0,0,0.1430833786725998,0.4780621528625488
9609,2017-09-19,11,La Liga,1,male,Barcelona,Eibar,elite,experiment4_reduced_feature_robustness,3,342,C-Hybrid-full,1,1,0.977551519870758,0.4780621528625488
9636,2017-10-01,11,La Liga,1,male,Barcelona,Las Palmas,elite,experiment4_reduced_feature_robustness,3,342,C-Hybrid-full,1,1,0.9933971166610718,0.4780621528625488
9642,2017-10-14,11,La Liga,1,male,Atlético Madrid,Barcelona,elite,experiment4_reduced_feature_robustness,3,342,C-Hybrid-full,0,0,0.2634325325489044,0.4780621528625488
9650,2017-10-21,11,La Liga,1,male,Barcelona,Málaga,elite,experiment4_reduced_feature_robustness,3,342,C-Hybrid-full,1,1,0.8756633400917053,0.4780621528625488
9661,2017-10-28,11,La Liga,1,male,Athletic Club,Barcelona,elite,experiment4_reduced_feature_robustness,3,342,C-Hybrid-full,0,0,0.3610833585262298,0.4780621528625488
9673,2017-11-04,11,La Liga,1,male,Barcelona,Sevilla,elite,experiment4_reduced_feature_robustness,3,342,C-Hybrid-full,1,1,0.7246043682098389,0.4780621528625488
9695,2017-11-26,11,La Liga,1,male,Valencia,Barcelona,elite,experiment4_reduced_feature_robustness,3,342,C-Hybrid-full,0,0,0.4371053278446197,0.4780621528625488
9700,2017-12-02,11,La Liga,1,male,Barcelona,Celta Vigo,elite,experiment4_reduced_feature_robustness,3,342,C-Hybrid-full,0,1,0.9423936009407043,0.4780621528625488
9717,2017-12-10,11,La Liga,1,male,Villarreal,Barcelona,elite,experiment4_reduced_feature_robustness,3,342,C-Hybrid-full,0,0,0.3344915509223938,0.4780621528625488
9726,2017-12-17,11,La Liga,1,male,Barcelona,RC Deportivo La Coruña,elite,experiment4_reduced_feature_robustness,3,342,C-Hybrid-full,1,1,0.9944820404052734,0.4780621528625488
9736,2017-12-23,11,La Liga,1,male,Real Madrid,Barcelona,elite,experiment4_reduced_feature_robustness,3,342,C-Hybrid-full,0,1,0.5423149466514587,0.4780621528625488
9742,2018-01-07,11,La Liga,1,male,Barcelona,Levante UD,elite,experiment4_reduced_feature_robustness,3,342,C-Hybrid-full,1,1,0.9466087222099304,0.4780621528625488
9754,2018-01-14,11,La Liga,1,male,Real Sociedad,Barcelona,elite,experiment4_reduced_feature_robustness,3,342,C-Hybrid-full,0,0,0.3633609414100647,0.4780621528625488
9765,2018-01-21,11,La Liga,1,male,Real Betis,Barcelona,elite,experiment4_reduced_feature_robustness,3,342,C-Hybrid-full,0,0,0.2234821021556854,0.4780621528625488
9774,2018-01-28,11,La Liga,1,male,Barcelona,Deportivo Alavés,elite,experiment4_reduced_feature_robustness,3,342,C-Hybrid-full,1,1,0.9394554495811462,0.4780621528625488
9783,2018-02-04,11,La Liga,1,male,Espanyol,Barcelona,elite,experiment4_reduced_feature_robustness,3,342,C-Hybrid-full,0,0,0.0962386354804039,0.4780621528625488
9794,2018-02-11,11,La Liga,1,male,Barcelona,Getafe,elite,experiment4_reduced_feature_robustness,3,342,C-Hybrid-full,0,1,0.7360872626304626,0.4780621528625488
9799,2018-02-17,11,La Liga,1,male,Eibar,Barcelona,elite,experiment4_reduced_feature_robustness,3,342,C-Hybrid-full,0,0,0.1273321509361267,0.4780621528625488
9827,2018-03-01,11,La Liga,1,male,Las Palmas,Barcelona,elite,experiment4_reduced_feature_robustness,3,342,C-Hybrid-full,0,0,0.1502889543771743,0.4780621528625488
9837,2018-03-04,11,La Liga,1,male,Barcelona,Atlético Madrid,elite,experiment4_reduced_feature_robustness,3,342,C-Hybrid-full,1,1,0.6493721604347229,0.4780621528625488
9855,2018-03-18,11,La Liga,1,male,Barcelona,Athletic Club,elite,experiment4_reduced_feature_robustness,3,342,C-Hybrid-full,1,1,0.746146559715271,0.4780621528625488
9860,2018-03-31,11,La Liga,1,male,Sevilla,Barcelona,elite,experiment4_reduced_feature_robustness,3,342,C-Hybrid-full,0,0,0.3836290240287781,0.4780621528625488
9870,2018-04-07,11,La Liga,1,male,Barcelona,Leganés,elite,experiment4_reduced_feature_robustness,3,342,C-Hybrid-full,1,1,0.9381815791130066,0.4780621528625488
9880,2018-04-14,11,La Liga,1,male,Barcelona,Valencia,elite,experiment4_reduced_feature_robustness,3,342,C-Hybrid-full,1,1,0.8933708071708679,0.4780621528625488
9889,2018-04-17,11,La Liga,1,male,Celta Vigo,Barcelona,elite,experiment4_reduced_feature_robustness,3,342,C-Hybrid-full,0,0,0.4668629169464111,0.4780621528625488
9912,2018-04-29,11,La Liga,1,male,RC Deportivo La Coruña,Barcelona,elite,experiment4_reduced_feature_robustness,4,442,C-Hybrid-full,0,0,0.2645227909088135,0.4863568544387817
9924,2018-05-06,11,La Liga,1,male,Barcelona,Real Madrid,elite,experiment4_reduced_feature_robustness,4,442,C-Hybrid-full,0,1,0.5635766386985779,0.4863568544387817
9928,2018-05-09,11,La Liga,1,male,Barcelona,Villarreal,elite,experiment4_reduced_feature_robustness,4,442,C-Hybrid-full,1,1,0.9253353476524352,0.4863568544387817
9948,2018-05-20,11,La Liga,1,male,Barcelona,Real Sociedad,elite,experiment4_reduced_feature_robustness,4,442,C-Hybrid-full,1,0,0.4274948537349701,0.4863568544387817
15946,2018-08-18,11,La Liga,4,male,Barcelona,Deportivo Alavés,elite,experiment4_reduced_feature_robustness,4,442,C-Hybrid-full,1,1,0.7973403930664062,0.4863568544387817
15956,2018-08-25,11,La Liga,4,male,Real Valladolid,Barcelona,elite,experiment4_reduced_feature_robustness,4,442,C-Hybrid-full,0,0,0.0696405172348022,0.4863568544387817
15978,2018-09-15,11,La Liga,4,male,Real Sociedad,Barcelona,elite,experiment4_reduced_feature_robustness,4,442,C-Hybrid-full,0,0,0.2115055620670318,0.4863568544387817
15998,2018-09-26,11,La Liga,4,male,Leganés,Barcelona,elite,experiment4_reduced_feature_robustness,4,442,C-Hybrid-full,1,0,0.1882436275482177,0.4863568544387817
16010,2018-09-29,11,La Liga,4,male,Barcelona,Athletic Club,elite,experiment4_reduced_feature_robustness,4,442,C-Hybrid-full,0,1,0.9085661768913268,0.4863568544387817
16023,2018-10-07,11,La Liga,4,male,Valencia,Barcelona,elite,experiment4_reduced_feature_robustness,4,442,C-Hybrid-full,0,0,0.2487986385822296,0.4863568544387817
16029,2018-10-20,11,La Liga,4,male,Barcelona,Sevilla,elite,experiment4_reduced_feature_robustness,4,442,C-Hybrid-full,1,1,0.9195375442504884,0.4863568544387817
16056,2018-11-11,11,La Liga,4,male,Barcelona,Real Betis,elite,experiment4_reduced_feature_robustness,4,442,C-Hybrid-full,0,1,0.9904773235321044,0.4863568544387817
16073,2018-11-24,11,La Liga,4,male,Atlético Madrid,Barcelona,elite,experiment4_reduced_feature_robustness,4,442,C-Hybrid-full,0,0,0.1924740821123123,0.4863568544387817
16079,2018-12-02,11,La Liga,4,male,Barcelona,Villarreal,elite,experiment4_reduced_feature_robustness,4,442,C-Hybrid-full,1,1,0.6254166960716248,0.4863568544387817
16086,2018-12-08,11,La Liga,4,male,Espanyol,Barcelona,elite,experiment4_reduced_feature_robustness,4,442,C-Hybrid-full,0,0,0.1066555082798004,0.4863568544387817
16095,2018-12-16,11,La Liga,4,male,Levante UD,Barcelona,elite,experiment4_reduced_feature_robustness,4,442,C-Hybrid-full,0,0,0.0546946600079536,0.4863568544387817
16109,2018-12-22,11,La Liga,4,male,Barcelona,Celta Vigo,elite,experiment4_reduced_feature_robustness,4,442,C-Hybrid-full,1,1,0.8016036152839661,0.4863568544387817
16120,2019-01-06,11,La Liga,4,male,Getafe,Barcelona,elite,experiment4_reduced_feature_robustness,4,442,C-Hybrid-full,0,0,0.3693862557411194,0.4863568544387817
16131,2019-01-13,11,La Liga,4,male,Barcelona,Eibar,elite,experiment4_reduced_feature_robustness,4,442,C-Hybrid-full,1,1,0.8292262554168701,0.4863568544387817
16136,2019-01-20,11,La Liga,4,male,Barcelona,Leganés,elite,experiment4_reduced_feature_robustness,4,442,C-Hybrid-full,1,1,0.9016616940498352,0.4863568544387817
16149,2019-01-27,11,La Liga,4,male,Girona,Barcelona,elite,experiment4_reduced_feature_robustness,4,442,C-Hybrid-full,0,0,0.1022849231958389,0.4863568544387817
16157,2019-02-02,11,La Liga,4,male,Barcelona,Valencia,elite,experiment4_reduced_feature_robustness,4,442,C-Hybrid-full,0,1,0.935075044631958,0.4863568544387817
16173,2019-02-10,11,La Liga,4,male,Athletic Club,Barcelona,elite,experiment4_reduced_feature_robustness,4,442,C-Hybrid-full,0,0,0.2154150903224945,0.4863568544387817
16182,2019-02-16,11,La Liga,4,male,Barcelona,Real Valladolid,elite,experiment4_reduced_feature_robustness,4,442,C-Hybrid-full,1,1,0.988820254802704,0.4863568544387817
16190,2019-02-23,11,La Liga,4,male,Sevilla,Barcelona,elite,experiment4_reduced_feature_robustness,4,442,C-Hybrid-full,0,0,0.2131195366382599,0.4863568544387817
16196,2019-03-02,11,La Liga,4,male,Real Madrid,Barcelona,elite,experiment4_reduced_feature_robustness,4,442,C-Hybrid-full,0,0,0.327481210231781,0.4863568544387817
16205,2019-03-09,11,La Liga,4,male,Barcelona,Rayo Vallecano,elite,experiment4_reduced_feature_robustness,4,442,C-Hybrid-full,1,1,0.8469688296318054,0.4863568544387817
16215,2019-03-17,11,La Liga,4,male,Real Betis,Barcelona,elite,experiment4_reduced_feature_robustness,4,442,C-Hybrid-full,0,0,0.151907667517662,0.4863568544387817
16231,2019-03-30,11,La Liga,4,male,Barcelona,Espanyol,elite,experiment4_reduced_feature_robustness,4,442,C-Hybrid-full,1,1,0.8017298579216003,0.4863568544387817
16240,2019-04-02,11,La Liga,4,male,Villarreal,Barcelona,elite,experiment4_reduced_feature_robustness,4,442,C-Hybrid-full,0,0,0.3916278481483459,0.4863568544387817
16248,2019-04-06,11,La Liga,4,male,Barcelona,Atlético Madrid,elite,experiment4_reduced_feature_robustness,4,442,C-Hybrid-full,1,1,0.6043848395347595,0.4863568544387817
16265,2019-04-20,11,La Liga,4,male,Barcelona,Real Sociedad,elite,experiment4_reduced_feature_robustness,4,442,C-Hybrid-full,1,1,0.6111540794372559,0.4863568544387817
16275,2019-04-23,11,La Liga,4,male,Deportivo Alavés,Barcelona,elite,experiment4_reduced_feature_robustness,4,442,C-Hybrid-full,0,0,0.0502973496913909,0.4863568544387817
16289,2019-04-27,11,La Liga,4,male,Barcelona,Levante UD,elite,experiment4_reduced_feature_robustness,4,442,C-Hybrid-full,1,1,0.7512999176979065,0.4863568544387817
16306,2019-05-12,11,La Liga,4,male,Barcelona,Getafe,elite,experiment4_reduced_feature_robustness,4,442,C-Hybrid-full,1,1,0.7767370343208313,0.4863568544387817
16317,2019-05-19,11,La Liga,4,male,Eibar,Barcelona,elite,experiment4_reduced_feature_robustness,4,442,C-Hybrid-full,0,0,0.158841073513031,0.4863568544387817
303666,2019-09-21,11,La Liga,42,male,Granada,Barcelona,elite,experiment4_reduced_feature_robustness,4,442,C-Hybrid-full,1,0,0.1327769607305526,0.4863568544387817
303430,2019-09-24,11,La Liga,42,male,Barcelona,Villarreal,elite,experiment4_reduced_feature_robustness,4,442,C-Hybrid-full,1,0,0.4732961654663086,0.4863568544387817
303473,2019-10-06,11,La Liga,42,male,Barcelona,Sevilla,elite,experiment4_reduced_feature_robustness,4,442,C-Hybrid-full,1,1,0.6002827286720276,0.4863568544387817
303700,2019-10-19,11,La Liga,42,male,Eibar,Barcelona,elite,experiment4_reduced_feature_robustness,4,442,C-Hybrid-full,0,0,0.2547581791877746,0.4863568544387817
303600,2019-10-29,11,La Liga,42,male,Barcelona,Real Valladolid,elite,experiment4_reduced_feature_robustness,4,442,C-Hybrid-full,1,1,0.8377325534820557,0.4863568544387817
303504,2019-11-02,11,La Liga,42,male,Levante UD,Barcelona,elite,experiment4_reduced_feature_robustness,4,442,C-Hybrid-full,1,0,0.1284607946872711,0.4863568544387817
303487,2019-11-09,11,La Liga,42,male,Barcelona,Celta Vigo,elite,experiment4_reduced_feature_robustness,4,442,C-Hybrid-full,1,1,0.8555619716644287,0.4863568544387817
303715,2019-11-23,11,La Liga,42,male,Leganés,Barcelona,elite,experiment4_reduced_feature_robustness,4,442,C-Hybrid-full,0,0,0.0909852534532547,0.4863568544387817
303524,2019-12-01,11,La Liga,42,male,Atlético Madrid,Barcelona,elite,experiment4_reduced_feature_robustness,4,442,C-Hybrid-full,0,0,0.0939949378371238,0.4863568544387817
303451,2019-12-07,11,La Liga,42,male,Barcelona,Mallorca,elite,experiment4_reduced_feature_robustness,4,442,C-Hybrid-full,1,1,0.9661855101585388,0.4863568544387817
303664,2019-12-14,11,La Liga,42,male,Real Sociedad,Barcelona,elite,experiment4_reduced_feature_robustness,4,442,C-Hybrid-full,0,0,0.1795325428247451,0.4863568544387817
303596,2019-12-18,11,La Liga,42,male,Barcelona,Real Madrid,elite,experiment4_reduced_feature_robustness,4,442,C-Hybrid-full,0,1,0.5219205021858215,0.4863568544387817
303517,2019-12-21,11,La Liga,42,male,Barcelona,Deportivo Alavés,elite,experiment4_reduced_feature_robustness,4,442,C-Hybrid-full,1,1,0.9285733103752136,0.4863568544387817
303652,2020-01-04,11,La Liga,42,male,Espanyol,Barcelona,elite,experiment4_reduced_feature_robustness,4,442,C-Hybrid-full,0,0,0.1888435631990432,0.4863568544387817
303610,2020-01-19,11,La Liga,42,male,Barcelona,Granada,elite,experiment4_reduced_feature_robustness,5,542,C-Hybrid-full,1,1,0.8676828145980835,0.4862120747566223
303400,2020-01-25,11,La Liga,42,male,Valencia,Barcelona,elite,experiment4_reduced_feature_robustness,5,542,C-Hybrid-full,1,0,0.3793268501758575,0.4862120747566223
303682,2020-02-02,11,La Liga,42,male,Barcelona,Levante UD,elite,experiment4_reduced_feature_robustness,5,542,C-Hybrid-full,1,1,0.9180687665939332,0.4862120747566223
303707,2020-02-09,11,La Liga,42,male,Real Betis,Barcelona,elite,experiment4_reduced_feature_robustness,5,542,C-Hybrid-full,0,1,0.5369430184364319,0.4862120747566223
303377,2020-02-15,11,La Liga,42,male,Barcelona,Getafe,elite,experiment4_reduced_feature_robustness,5,542,C-Hybrid-full,1,1,0.7993512153625488,0.4862120747566223
303731,2020-02-22,11,La Liga,42,male,Barcelona,Eibar,elite,experiment4_reduced_feature_robustness,5,542,C-Hybrid-full,1,1,0.974901795387268,0.4862120747566223
303470,2020-03-01,11,La Liga,42,male,Real Madrid,Barcelona,elite,experiment4_reduced_feature_robustness,5,542,C-Hybrid-full,1,1,0.526425302028656,0.4862120747566223
303479,2020-03-07,11,La Liga,42,male,Barcelona,Real Sociedad,elite,experiment4_reduced_feature_robustness,5,542,C-Hybrid-full,1,1,0.934812068939209,0.4862120747566223
303548,2020-06-13,11,La Liga,42,male,Mallorca,Barcelona,elite,experiment4_reduced_feature_robustness,5,542,C-Hybrid-full,0,0,0.1693579405546188,0.4862120747566223
303532,2020-06-16,11,La Liga,42,male,Barcelona,Leganés,elite,experiment4_reduced_feature_robustness,5,542,C-Hybrid-full,1,1,0.9100912809371948,0.4862120747566223
303674,2020-06-19,11,La Liga,42,male,Sevilla,Barcelona,elite,experiment4_reduced_feature_robustness,5,542,C-Hybrid-full,0,0,0.250748723745346,0.4862120747566223
303493,2020-06-23,11,La Liga,42,male,Barcelona,Athletic Club,elite,experiment4_reduced_feature_robustness,5,542,C-Hybrid-full,1,1,0.7830577492713928,0.4862120747566223
303516,2020-06-27,11,La Liga,42,male,Celta Vigo,Barcelona,elite,experiment4_reduced_feature_robustness,5,542,C-Hybrid-full,0,0,0.4849921464920044,0.4862120747566223
303696,2020-06-30,11,La Liga,42,male,Barcelona,Atlético Madrid,elite,experiment4_reduced_feature_robustness,5,542,C-Hybrid-full,0,1,0.8967164158821106,0.4862120747566223
303725,2020-07-05,11,La Liga,42,male,Villarreal,Barcelona,elite,experiment4_reduced_feature_robustness,5,542,C-Hybrid-full,0,0,0.2728501558303833,0.4862120747566223
303615,2020-07-08,11,La Liga,42,male,Barcelona,Espanyol,elite,experiment4_reduced_feature_robustness,5,542,C-Hybrid-full,1,1,0.8892976641654968,0.4862120747566223
303680,2020-07-11,11,La Liga,42,male,Real Valladolid,Barcelona,elite,experiment4_reduced_feature_robustness,5,542,C-Hybrid-full,0,0,0.1256814152002334,0.4862120747566223
303634,2020-07-16,11,La Liga,42,male,Barcelona,Osasuna,elite,experiment4_reduced_feature_robustness,5,542,C-Hybrid-full,0,1,0.946833610534668,0.4862120747566223
303421,2020-07-19,11,La Liga,42,male,Deportivo Alavés,Barcelona,elite,experiment4_reduced_feature_robustness,5,542,C-Hybrid-full,0,0,0.2188324332237243,0.4862120747566223
3773593,2020-09-27,11,La Liga,90,male,Barcelona,Villarreal,elite,experiment4_reduced_feature_robustness,5,542,C-Hybrid-full,1,1,0.9808198809623718,0.4862120747566223
3773466,2020-10-01,11,La Liga,90,male,Celta Vigo,Barcelona,elite,experiment4_reduced_feature_robustness,5,542,C-Hybrid-full,0,0,0.116759642958641,0.4862120747566223
3773672,2020-10-04,11,La Liga,90,male,Barcelona,Sevilla,elite,experiment4_reduced_feature_robustness,5,542,C-Hybrid-full,0,1,0.8848987817764282,0.4862120747566223
3773587,2020-10-17,11,La Liga,90,male,Getafe,Barcelona,elite,experiment4_reduced_feature_robustness,5,542,C-Hybrid-full,1,0,0.4077465236186981,0.4862120747566223
3773585,2020-10-24,11,La Liga,90,male,Barcelona,Real Madrid,elite,experiment4_reduced_feature_robustness,5,542,C-Hybrid-full,0,1,0.5419193506240845,0.4862120747566223
3773386,2020-10-31,11,La Liga,90,male,Deportivo Alavés,Barcelona,elite,experiment4_reduced_feature_robustness,5,542,C-Hybrid-full,0,1,0.6425344944000244,0.4862120747566223
3773477,2020-11-07,11,La Liga,90,male,Barcelona,Real Betis,elite,experiment4_reduced_feature_robustness,5,542,C-Hybrid-full,1,1,0.9805715084075928,0.4862120747566223
3773656,2020-11-21,11,La Liga,90,male,Atlético Madrid,Barcelona,elite,experiment4_reduced_feature_robustness,5,542,C-Hybrid-full,1,0,0.328177809715271,0.4862120747566223
3773547,2020-11-29,11,La Liga,90,male,Barcelona,Osasuna,elite,experiment4_reduced_feature_robustness,5,542,C-Hybrid-full,1,1,0.9946696162223816,0.4862120747566223
3773660,2020-12-13,11,La Liga,90,male,Barcelona,Levante UD,elite,experiment4_reduced_feature_robustness,5,542,C-Hybrid-full,1,1,0.9431793689727784,0.4862120747566223
3773523,2020-12-16,11,La Liga,90,male,Barcelona,Real Sociedad,elite,experiment4_reduced_feature_robustness,5,542,C-Hybrid-full,1,1,0.9639277458190918,0.4862120747566223
3773377,2020-12-19,11,La Liga,90,male,Barcelona,Valencia,elite,experiment4_reduced_feature_robustness,5,542,C-Hybrid-full,0,1,0.9870175719261168,0.4862120747566223
3773571,2020-12-22,11,La Liga,90,male,Real Valladolid,Barcelona,elite,experiment4_reduced_feature_robustness,5,542,C-Hybrid-full,0,0,0.0966743230819702,0.4862120747566223
3764661,2021-01-06,11,La Liga,90,male,Athletic Club,Barcelona,elite,experiment4_reduced_feature_robustness,5,542,C-Hybrid-full,0,0,0.1437096744775772,0.4862120747566223
3773565,2021-01-09,11,La Liga,90,male,Granada,Barcelona,elite,experiment4_reduced_feature_robustness,5,542,C-Hybrid-full,0,0,0.0913659855723381,0.4862120747566223
3773403,2021-01-31,11,La Liga,90,male,Barcelona,Athletic Club,elite,experiment4_reduced_feature_robustness,5,542,C-Hybrid-full,1,1,0.87879878282547,0.4862120747566223
3773631,2021-02-07,11,La Liga,90,male,Real Betis,Barcelona,elite,experiment4_reduced_feature_robustness,5,542,C-Hybrid-full,0,0,0.3201853334903717,0.4862120747566223
3773526,2021-02-13,11,La Liga,90,male,Barcelona,Deportivo Alavés,elite,experiment4_reduced_feature_robustness,5,542,C-Hybrid-full,1,1,0.95640367269516,0.4862120747566223
3764440,2021-02-24,11,La Liga,90,male,Barcelona,Elche,elite,experiment4_reduced_feature_robustness,5,542,C-Hybrid-full,1,1,0.9618736505508424,0.4862120747566223
3773625,2021-02-27,11,La Liga,90,male,Sevilla,Barcelona,elite,experiment4_reduced_feature_robustness,5,542,C-Hybrid-full,0,0,0.1383878886699676,0.4862120747566223
3773665,2021-03-06,11,La Liga,90,male,Osasuna,Barcelona,elite,experiment4_reduced_feature_robustness,5,542,C-Hybrid-full,0,0,0.2238952070474624,0.4862120747566223
3773597,2021-03-21,11,La Liga,90,male,Real Sociedad,Barcelona,elite,experiment4_reduced_feature_robustness,5,542,C-Hybrid-full,0,0,0.4112839996814728,0.4862120747566223
3773474,2021-04-05,11,La Liga,90,male,Barcelona,Real Valladolid,elite,experiment4_reduced_feature_robustness,5,542,C-Hybrid-full,1,1,0.8929747939109802,0.4862120747566223
3773497,2021-04-10,11,La Liga,90,male,Real Madrid,Barcelona,elite,experiment4_reduced_feature_robustness,5,542,C-Hybrid-full,1,0,0.4162526428699493,0.4862120747566223
3773661,2021-04-22,11,La Liga,90,male,Barcelona,Getafe,elite,experiment4_reduced_feature_robustness,5,542,C-Hybrid-full,1,1,0.8646382689476013,0.4862120747566223
3773689,2021-04-25,11,La Liga,90,male,Villarreal,Barcelona,elite,experiment4_reduced_feature_robustness,5,542,C-Hybrid-full,0,0,0.2411727607250213,0.4862120747566223
3773586,2021-04-29,11,La Liga,90,male,Barcelona,Granada,elite,experiment4_reduced_feature_robustness,5,542,C-Hybrid-full,0,1,0.8306352496147156,0.4862120747566223
3773695,2021-05-02,11,La Liga,90,male,Valencia,Barcelona,elite,experiment4_reduced_feature_robustness,5,542,C-Hybrid-full,0,0,0.3931531012058258,0.4862120747566223
3773372,2021-05-08,11,La Liga,90,male,Barcelona,Atlético Madrid,elite,experiment4_reduced_feature_robustness,5,542,C-Hybrid-full,0,1,0.6494070291519165,0.4862120747566223
3773387,2021-05-11,11,La Liga,90,male,Levante UD,Barcelona,elite,experiment4_reduced_feature_robustness,5,542,C-Hybrid-full,0,0,0.2120658457279205,0.4862120747566223
3773457,2021-05-16,11,La Liga,90,male,Barcelona,Celta Vigo,elite,experiment4_reduced_feature_robustness,5,542,C-Hybrid-full,0,1,0.8383553624153137,0.4862120747566223
3825637,2015-10-25,11,La Liga,27,male,Barcelona,Eibar,elite,experiment4_reduced_feature_robustness,1,142,B-GNN-reduced,1,1,0.8411503434181213,
3825638,2015-10-25,11,La Liga,27,male,Atlético Madrid,Valencia,elite,experiment4_reduced_feature_robustness,1,142,B-GNN-reduced,1,1,0.6675664782524109,
3825639,2015-10-25,11,La Liga,27,male,Las Palmas,Villarreal,elite,experiment4_reduced_feature_robustness,1,142,B-GNN-reduced,0,1,0.6421545147895813,
3825640,2015-10-25,11,La Liga,27,male,Levante UD,Real Sociedad,elite,experiment4_reduced_feature_robustness,1,142,B-GNN-reduced,0,0,0.11696239560842514,
3825641,2015-10-26,11,La Liga,27,male,Athletic Club,Sporting Gijón,elite,experiment4_reduced_feature_robustness,1,142,B-GNN-reduced,1,1,0.5693243145942688,
3825642,2015-10-30,11,La Liga,27,male,RC Deportivo La Coruña,Atlético Madrid,elite,experiment4_reduced_feature_robustness,1,142,B-GNN-reduced,0,1,0.7472953200340271,
3825643,2015-10-31,11,La Liga,27,male,Real Madrid,Las Palmas,elite,experiment4_reduced_feature_robustness,1,142,B-GNN-reduced,1,1,0.6640808582305908,
3825644,2015-10-31,11,La Liga,27,male,Real Sociedad,Celta Vigo,elite,experiment4_reduced_feature_robustness,1,142,B-GNN-reduced,0,0,0.4280659258365631,
3825645,2015-10-31,11,La Liga,27,male,Getafe,Barcelona,elite,experiment4_reduced_feature_robustness,1,142,B-GNN-reduced,0,0,0.1084996685385704,
3825646,2015-10-31,11,La Liga,27,male,Villarreal,Sevilla,elite,experiment4_reduced_feature_robustness,1,142,B-GNN-reduced,1,1,0.7077813148498535,
3825647,2015-10-31,11,La Liga,27,male,Valencia,Levante UD,elite,experiment4_reduced_feature_robustness,1,142,B-GNN-reduced,1,1,0.599085807800293,
3825648,2015-11-01,11,La Liga,27,male,Eibar,Rayo Vallecano,elite,experiment4_reduced_feature_robustness,1,142,B-GNN-reduced,1,0,0.10067427158355713,
3825649,2015-11-01,11,La Liga,27,male,Sporting Gijón,Málaga,elite,experiment4_reduced_feature_robustness,1,142,B-GNN-reduced,1,0,0.1243484616279602,
3825650,2015-11-01,11,La Liga,27,male,Real Betis,Athletic Club,elite,experiment4_reduced_feature_robustness,1,142,B-GNN-reduced,0,0,0.4725872278213501,
3825651,2015-11-01,11,La Liga,27,male,Espanyol,Granada,elite,experiment4_reduced_feature_robustness,1,142,B-GNN-reduced,0,0,0.1696491837501526,
3825652,2015-11-06,11,La Liga,27,male,Las Palmas,Real Sociedad,elite,experiment4_reduced_feature_robustness,1,142,B-GNN-reduced,1,0,0.48358502984046936,
3825653,2015-11-07,11,La Liga,27,male,Eibar,Getafe,elite,experiment4_reduced_feature_robustness,1,142,B-GNN-reduced,1,0,0.3033911883831024,
3825654,2015-11-07,11,La Liga,27,male,Celta Vigo,Valencia,elite,experiment4_reduced_feature_robustness,1,142,B-GNN-reduced,0,0,0.1778773069381714,
3825655,2015-11-07,11,La Liga,27,male,Rayo Vallecano,Granada,elite,experiment4_reduced_feature_robustness,1,142,B-GNN-reduced,1,1,0.6333155035972595,
3825656,2015-11-07,11,La Liga,27,male,Levante UD,RC Deportivo La Coruña,elite,experiment4_reduced_feature_robustness,1,142,B-GNN-reduced,0,0,0.18141816556453705,
3825657,2015-11-07,11,La Liga,27,male,Málaga,Real Betis,elite,experiment4_reduced_feature_robustness,1,142,B-GNN-reduced,0,0,0.23173919320106506,
3825658,2015-11-08,11,La Liga,27,male,Atlético Madrid,Sporting Gijón,elite,experiment4_reduced_feature_robustness,1,142,B-GNN-reduced,1,0,0.3884545862674713,
3825659,2015-11-08,11,La Liga,27,male,Athletic Club,Espanyol,elite,experiment4_reduced_feature_robustness,1,142,B-GNN-reduced,1,0,0.1629319190979004,
3825660,2015-11-08,11,La Liga,27,male,Barcelona,Villarreal,elite,experiment4_reduced_feature_robustness,1,142,B-GNN-reduced,1,1,0.8295660018920898,
3825661,2015-11-08,11,La Liga,27,male,Sevilla,Real Madrid,elite,experiment4_reduced_feature_robustness,1,142,B-GNN-reduced,1,1,0.6526206135749817,
266424,2015-11-21,11,La Liga,27,male,Real Madrid,Barcelona,elite,experiment4_reduced_feature_robustness,1,142,B-GNN-reduced,0,1,0.7475111484527588,
3825662,2015-11-21,11,La Liga,27,male,RC Deportivo La Coruña,Celta Vigo,elite,experiment4_reduced_feature_robustness,1,142,B-GNN-reduced,1,0,0.1356445997953415,
3825663,2015-11-21,11,La Liga,27,male,Espanyol,Málaga,elite,experiment4_reduced_feature_robustness,1,142,B-GNN-reduced,1,0,0.11882280558347702,
3825664,2015-11-21,11,La Liga,27,male,Real Sociedad,Sevilla,elite,experiment4_reduced_feature_robustness,1,142,B-GNN-reduced,1,1,0.6090384125709534,
3825888,2015-11-21,11,La Liga,27,male,Valencia,Las Palmas,elite,experiment4_reduced_feature_robustness,1,142,B-GNN-reduced,0,1,0.6013590693473816,
3825665,2015-11-22,11,La Liga,27,male,Granada,Athletic Club,elite,experiment4_reduced_feature_robustness,1,142,B-GNN-reduced,1,0,0.08819819986820221,
3825666,2015-11-22,11,La Liga,27,male,Real Betis,Atlético Madrid,elite,experiment4_reduced_feature_robustness,1,142,B-GNN-reduced,0,0,0.37665125727653503,
3825667,2015-11-22,11,La Liga,27,male,Villarreal,Eibar,elite,experiment4_reduced_feature_robustness,1,142,B-GNN-reduced,0,0,0.2771289646625519,
3825668,2015-11-22,11,La Liga,27,male,Sporting Gijón,Levante UD,elite,experiment4_reduced_feature_robustness,1,142,B-GNN-reduced,0,0,0.2686116397380829,
3825669,2015-11-23,11,La Liga,27,male,Getafe,Rayo Vallecano,elite,experiment4_reduced_feature_robustness,1,142,B-GNN-reduced,0,0,0.11826132982969284,
3825670,2015-11-27,11,La Liga,27,male,Levante UD,Real Betis,elite,experiment4_reduced_feature_robustness,1,142,B-GNN-reduced,0,0,0.32406553626060486,
266885,2015-11-28,11,La Liga,27,male,Barcelona,Real Sociedad,elite,experiment4_reduced_feature_robustness,1,142,B-GNN-reduced,1,0,0.4521763026714325,
3825671,2015-11-28,11,La Liga,27,male,Celta Vigo,Sporting Gijón,elite,experiment4_reduced_feature_robustness,1,142,B-GNN-reduced,1,0,0.4329394996166229,
3825672,2015-11-28,11,La Liga,27,male,Málaga,Granada,elite,experiment4_reduced_feature_robustness,1,142,B-GNN-reduced,0,0,0.23039424419403076,
3825673,2015-11-28,11,La Liga,27,male,Las Palmas,RC Deportivo La Coruña,elite,experiment4_reduced_feature_robustness,1,142,B-GNN-reduced,0,1,0.8327276706695557,
3825674,2015-11-28,11,La Liga,27,male,Atlético Madrid,Espanyol,elite,experiment4_reduced_feature_robustness,1,142,B-GNN-reduced,1,1,0.8078593611717224,
3825675,2015-11-29,11,La Liga,27,male,Rayo Vallecano,Athletic Club,elite,experiment4_reduced_feature_robustness,1,142,B-GNN-reduced,0,1,0.5363571047782898,
3825676,2015-11-29,11,La Liga,27,male,Getafe,Villarreal,elite,experiment4_reduced_feature_robustness,1,142,B-GNN-reduced,1,0,0.21408535540103912,
3825677,2015-11-29,11,La Liga,27,male,Sevilla,Valencia,elite,experiment4_reduced_feature_robustness,1,142,B-GNN-reduced,1,1,0.6601316928863525,
3825678,2015-11-29,11,La Liga,27,male,Eibar,Real Madrid,elite,experiment4_reduced_feature_robustness,1,142,B-GNN-reduced,0,0,0.2185748815536499,
267274,2015-12-05,11,La Liga,27,male,Valencia,Barcelona,elite,experiment4_reduced_feature_robustness,1,142,B-GNN-reduced,0,0,0.3002881407737732,
3825679,2015-12-05,11,La Liga,27,male,Real Betis,Celta Vigo,elite,experiment4_reduced_feature_robustness,1,142,B-GNN-reduced,0,1,0.6520568132400513,
3825680,2015-12-05,11,La Liga,27,male,RC Deportivo La Coruña,Sevilla,elite,experiment4_reduced_feature_robustness,1,142,B-GNN-reduced,0,0,0.12355887144804001,
3825681,2015-12-05,11,La Liga,27,male,Real Madrid,Getafe,elite,experiment4_reduced_feature_robustness,1,142,B-GNN-reduced,1,1,0.9077661633491516,
3825682,2015-12-05,11,La Liga,27,male,Granada,Atlético Madrid,elite,experiment4_reduced_feature_robustness,1,142,B-GNN-reduced,0,0,0.3292693793773651,
3825683,2015-12-06,11,La Liga,27,male,Real Sociedad,Eibar,elite,experiment4_reduced_feature_robustness,1,142,B-GNN-reduced,1,1,0.6940637826919556,
3825684,2015-12-06,11,La Liga,27,male,Villarreal,Rayo Vallecano,elite,experiment4_reduced_feature_robustness,1,142,B-GNN-reduced,1,0,0.25125211477279663,
3825685,2015-12-06,11,La Liga,27,male,Sporting Gijón,Las Palmas,elite,experiment4_reduced_feature_robustness,1,142,B-GNN-reduced,1,0,0.18013136088848114,
3825686,2015-12-06,11,La Liga,27,male,Athletic Club,Málaga,elite,experiment4_reduced_feature_robustness,1,142,B-GNN-reduced,0,0,0.24811585247516632,
3825687,2015-12-07,11,La Liga,27,male,Espanyol,Levante UD,elite,experiment4_reduced_feature_robustness,1,142,B-GNN-reduced,0,0,0.061499133706092834,
3825688,2015-12-11,11,La Liga,27,male,Getafe,Real Sociedad,elite,experiment4_reduced_feature_robustness,1,142,B-GNN-reduced,0,0,0.15136216580867767,
266961,2015-12-12,11,La Liga,27,male,Barcelona,RC Deportivo La Coruña,elite,experiment4_reduced_feature_robustness,1,142,B-GNN-reduced,0,1,0.9553940296173096,
3825689,2015-12-12,11,La Liga,27,male,Celta Vigo,Espanyol,elite,experiment4_reduced_feature_robustness,1,142,B-GNN-reduced,1,0,0.1460159718990326,
3825690,2015-12-12,11,La Liga,27,male,Las Palmas,Real Betis,elite,experiment4_reduced_feature_robustness,1,142,B-GNN-reduced,1,1,0.6590087413787842,
3825691,2015-12-12,11,La Liga,27,male,Levante UD,Granada,elite,experiment4_reduced_feature_robustness,1,142,B-GNN-reduced,0,0,0.27509555220603943,
3825692,2015-12-12,11,La Liga,27,male,Sevilla,Sporting Gijón,elite,experiment4_reduced_feature_robustness,1,142,B-GNN-reduced,1,1,0.7102457880973816,
3825693,2015-12-13,11,La Liga,27,male,Atlético Madrid,Athletic Club,elite,experiment4_reduced_feature_robustness,1,142,B-GNN-reduced,1,0,0.15193215012550354,
3825694,2015-12-13,11,La Liga,27,male,Eibar,Valencia,elite,experiment4_reduced_feature_robustness,1,142,B-GNN-reduced,0,0,0.29325664043426514,
3825695,2015-12-13,11,La Liga,27,male,Villarreal,Real Madrid,elite,experiment4_reduced_feature_robustness,1,142,B-GNN-reduced,1,0,0.46184608340263367,
3825696,2015-12-13,11,La Liga,27,male,Rayo Vallecano,Málaga,elite,experiment4_reduced_feature_robustness,1,142,B-GNN-reduced,0,0,0.20994941890239716,
3825697,2015-12-19,11,La Liga,27,male,Valencia,Getafe,elite,experiment4_reduced_feature_robustness,1,142,B-GNN-reduced,0,1,0.599814772605896,
3825698,2015-12-19,11,La Liga,27,male,RC Deportivo La Coruña,Eibar,elite,experiment4_reduced_feature_robustness,1,142,B-GNN-reduced,1,0,0.49601396918296814,
3825699,2015-12-19,11,La Liga,27,male,Real Betis,Sevilla,elite,experiment4_reduced_feature_robustness,1,142,B-GNN-reduced,0,0,0.2751961946487427,
3825891,2015-12-19,11,La Liga,27,male,Espanyol,Las Palmas,elite,experiment4_reduced_feature_robustness,1,142,B-GNN-reduced,1,0,0.31597110629081726,
3825700,2015-12-20,11,La Liga,27,male,Real Madrid,Rayo Vallecano,elite,experiment4_reduced_feature_robustness,1,142,B-GNN-reduced,1,1,0.6785091161727905,
3825701,2015-12-20,11,La Liga,27,male,Málaga,Atlético Madrid,elite,experiment4_reduced_feature_robustness,1,142,B-GNN-reduced,1,0,0.3244512975215912,
3825702,2015-12-20,11,La Liga,27,male,Real Sociedad,Villarreal,elite,experiment4_reduced_feature_robustness,1,142,B-GNN-reduced,0,1,0.7259055376052856,
3825703,2015-12-20,11,La Liga,27,male,Athletic Club,Levante UD,elite,experiment4_reduced_feature_robustness,1,142,B-GNN-reduced,1,0,0.40348249673843384,
3825704,2015-12-20,11,La Liga,27,male,Granada,Celta Vigo,elite,experiment4_reduced_feature_robustness,1,142,B-GNN-reduced,0,0,0.27017462253570557,
267327,2015-12-30,11,La Liga,27,male,Barcelona,Real Betis,elite,experiment4_reduced_feature_robustness,1,142,B-GNN-reduced,1,1,0.6910893321037292,
3825705,2015-12-30,11,La Liga,27,male,Eibar,Sporting Gijón,elite,experiment4_reduced_feature_robustness,1,142,B-GNN-reduced,1,0,0.21398115158081055,
3825706,2015-12-30,11,La Liga,27,male,Celta Vigo,Athletic Club,elite,experiment4_reduced_feature_robustness,1,142,B-GNN-reduced,0,1,0.5700379610061646,
3825707,2015-12-30,11,La Liga,27,male,Las Palmas,Granada,elite,experiment4_reduced_feature_robustness,1,142,B-GNN-reduced,1,1,0.7148934006690979,
3825708,2015-12-30,11,La Liga,27,male,Levante UD,Málaga,elite,experiment4_reduced_feature_robustness,1,142,B-GNN-reduced,0,0,0.2093861997127533,
3825709,2015-12-30,11,La Liga,27,male,Sevilla,Espanyol,elite,experiment4_reduced_feature_robustness,1,142,B-GNN-reduced,1,0,0.4553571045398712,
3825710,2015-12-30,11,La Liga,27,male,Real Madrid,Real Sociedad,elite,experiment4_reduced_feature_robustness,1,142,B-GNN-reduced,1,1,0.647370457649231,
3825711,2015-12-30,11,La Liga,27,male,Rayo Vallecano,Atlético Madrid,elite,experiment4_reduced_feature_robustness,1,142,B-GNN-reduced,0,1,0.5469130277633667,
3825712,2015-12-30,11,La Liga,27,male,Getafe,RC Deportivo La Coruña,elite,experiment4_reduced_feature_robustness,1,142,B-GNN-reduced,0,0,0.44528821110725403,
3825713,2015-12-31,11,La Liga,27,male,Villarreal,Valencia,elite,experiment4_reduced_feature_robustness,1,142,B-GNN-reduced,1,0,0.34795570373535156,
266670,2016-01-02,11,La Liga,27,male,Espanyol,Barcelona,elite,experiment4_reduced_feature_robustness,1,142,B-GNN-reduced,0,0,0.16537652909755707,
3825714,2016-01-02,11,La Liga,27,male,Atlético Madrid,Levante UD,elite,experiment4_reduced_feature_robustness,1,142,B-GNN-reduced,1,0,0.17763465642929077,
3825715,2016-01-02,11,La Liga,27,male,Málaga,Celta Vigo,elite,experiment4_reduced_feature_robustness,1,142,B-GNN-reduced,1,0,0.12413568794727325,
3825716,2016-01-03,11,La Liga,27,male,Rayo Vallecano,Real Sociedad,elite,experiment4_reduced_feature_robustness,1,142,B-GNN-reduced,0,0,0.0641666054725647,
3825717,2016-01-03,11,La Liga,27,male,Granada,Sevilla,elite,experiment4_reduced_feature_robustness,1,142,B-GNN-reduced,1,1,0.5163226127624512,
3825718,2016-01-03,11,La Liga,27,male,Valencia,Real Madrid,elite,experiment4_reduced_feature_robustness,1,142,B-GNN-reduced,0,1,0.6370659470558167,
3825719,2016-01-03,11,La Liga,27,male,Athletic Club,Las Palmas,elite,experiment4_reduced_feature_robustness,1,142,B-GNN-reduced,0,0,0.14228172600269318,
3825720,2016-01-03,11,La Liga,27,male,Real Betis,Eibar,elite,experiment4_reduced_feature_robustness,1,142,B-GNN-reduced,0,0,0.4398501515388489,
3825721,2016-01-03,11,La Liga,27,male,RC Deportivo La Coruña,Villarreal,elite,experiment4_reduced_feature_robustness,1,142,B-GNN-reduced,0,1,0.538210928440094,
3825722,2016-01-04,11,La Liga,27,male,Sporting Gijón,Getafe,elite,experiment4_reduced_feature_robustness,1,142,B-GNN-reduced,0,0,0.3442661166191101,
266620,2016-01-09,11,La Liga,27,male,Barcelona,Granada,elite,experiment4_reduced_feature_robustness,1,142,B-GNN-reduced,1,1,0.805931806564331,
3825723,2016-01-09,11,La Liga,27,male,Levante UD,Rayo Vallecano,elite,experiment4_reduced_feature_robustness,1,142,B-GNN-reduced,1,0,0.09867328405380249,
3825724,2016-01-09,11,La Liga,27,male,Real Madrid,RC Deportivo La Coruña,elite,experiment4_reduced_feature_robustness,1,142,B-GNN-reduced,1,1,0.6347214579582214,
3825725,2016-01-09,11,La Liga,27,male,Getafe,Real Betis,elite,experiment4_reduced_feature_robustness,1,142,B-GNN-reduced,1,0,0.43199288845062256,
3825726,2016-01-09,11,La Liga,27,male,Sevilla,Athletic Club,elite,experiment4_reduced_feature_robustness,1,142,B-GNN-reduced,1,0,0.32044270634651184,
3825727,2016-01-10,11,La Liga,27,male,Eibar,Espanyol,elite,experiment4_reduced_feature_robustness,1,142,B-GNN-reduced,1,0,0.3234516680240631,
3825728,2016-01-10,11,La Liga,27,male,Celta Vigo,Atlético Madrid,elite,experiment4_reduced_feature_robustness,1,142,B-GNN-reduced,0,1,0.7622312307357788,
3825729,2016-01-10,11,La Liga,27,male,Villarreal,Sporting Gijón,elite,experiment4_reduced_feature_robustness,1,142,B-GNN-reduced,1,0,0.4889509379863739,
3825730,2016-01-10,11,La Liga,27,male,Real Sociedad,Valencia,elite,experiment4_reduced_feature_robustness,1,142,B-GNN-reduced,1,0,0.31240978837013245,
3825731,2016-01-10,11,La Liga,27,male,Las Palmas,Málaga,elite,experiment4_reduced_feature_robustness,1,142,B-GNN-reduced,0,1,0.6809400320053101,
3825732,2016-01-16,11,La Liga,27,male,Celta Vigo,Levante UD,elite,experiment4_reduced_feature_robustness,1,142,B-GNN-reduced,1,1,0.801771879196167,
3825733,2016-01-16,11,La Liga,27,male,Sevilla,Málaga,elite,experiment4_reduced_feature_robustness,1,142,B-GNN-reduced,1,1,0.5727155208587646,
3825734,2016-01-16,11,La Liga,27,male,Real Sociedad,RC Deportivo La Coruña,elite,experiment4_reduced_feature_robustness,1,142,B-GNN-reduced,0,1,0.8189169764518738,
3825735,2016-01-16,11,La Liga,27,male,Villarreal,Real Betis,elite,experiment4_reduced_feature_robustness,1,142,B-GNN-reduced,0,0,0.2772456705570221,
266149,2016-01-17,11,La Liga,27,male,Barcelona,Athletic Club,elite,experiment4_reduced_feature_robustness,1,142,B-GNN-reduced,1,1,0.7255852818489075,
3825736,2016-01-17,11,La Liga,27,male,Valencia,Rayo Vallecano,elite,experiment4_reduced_feature_robustness,1,142,B-GNN-reduced,0,1,0.5417689681053162,
3825737,2016-01-17,11,La Liga,27,male,Getafe,Espanyol,elite,experiment4_reduced_feature_robustness,1,142,B-GNN-reduced,1,1,0.5996791124343872,
3825738,2016-01-17,11,La Liga,27,male,Las Palmas,Atlético Madrid,elite,experiment4_reduced_feature_robustness,1,142,B-GNN-reduced,0,1,0.7582404017448425,
3825739,2016-01-17,11,La Liga,27,male,Real Madrid,Sporting Gijón,elite,experiment4_reduced_feature_robustness,1,142,B-GNN-reduced,1,1,0.8606814742088318,
3825740,2016-01-18,11,La Liga,27,male,Eibar,Granada,elite,experiment4_reduced_feature_robustness,1,142,B-GNN-reduced,1,0,0.37781283259391785,
3825741,2016-01-22,11,La Liga,27,male,Sporting Gijón,Real Sociedad,elite,experiment4_reduced_feature_robustness,1,142,B-GNN-reduced,1,0,0.23013585805892944,
265894,2016-01-23,11,La Liga,27,male,Málaga,Barcelona,elite,experiment4_reduced_feature_robustness,1,142,B-GNN-reduced,0,0,0.1539221704006195,
3825742,2016-01-23,11,La Liga,27,male,Granada,Getafe,elite,experiment4_reduced_feature_robustness,1,142,B-GNN-reduced,1,1,0.5744210481643677,
3825743,2016-01-23,11,La Liga,27,male,Rayo Vallecano,Celta Vigo,elite,experiment4_reduced_feature_robustness,1,142,B-GNN-reduced,1,0,0.21147190034389496,
3825744,2016-01-23,11,La Liga,27,male,Espanyol,Villarreal,elite,experiment4_reduced_feature_robustness,1,142,B-GNN-reduced,0,0,0.40869852900505066,
3825745,2016-01-24,11,La Liga,27,male,RC Deportivo La Coruña,Valencia,elite,experiment4_reduced_feature_robustness,1,142,B-GNN-reduced,0,1,0.6143431663513184,
3825746,2016-01-24,11,La Liga,27,male,Real Betis,Real Madrid,elite,experiment4_reduced_feature_robustness,1,142,B-GNN-reduced,0,0,0.08844855427742004,
3825747,2016-01-24,11,La Liga,27,male,Athletic Club,Eibar,elite,experiment4_reduced_feature_robustness,1,142,B-GNN-reduced,1,0,0.3750012516975403,
3825748,2016-01-24,11,La Liga,27,male,Atlético Madrid,Sevilla,elite,experiment4_reduced_feature_robustness,1,142,B-GNN-reduced,0,1,0.728854775428772,
3825749,2016-01-25,11,La Liga,27,male,Levante UD,Las Palmas,elite,experiment4_reduced_feature_robustness,1,142,B-GNN-reduced,1,0,0.181269109249115,
267576,2016-01-30,11,La Liga,27,male,Barcelona,Atlético Madrid,elite,experiment4_reduced_feature_robustness,1,142,B-GNN-reduced,1,1,0.9065837860107422,
3825750,2016-01-30,11,La Liga,27,male,Real Sociedad,Real Betis,elite,experiment4_reduced_feature_robustness,1,142,B-GNN-reduced,1,0,0.144773930311203,
3825751,2016-01-30,11,La Liga,27,male,Getafe,Athletic Club,elite,experiment4_reduced_feature_robustness,1,142,B-GNN-reduced,0,0,0.4707167446613312,
3825752,2016-01-30,11,La Liga,27,male,Eibar,Málaga,elite,experiment4_reduced_feature_robustness,1,142,B-GNN-reduced,0,0,0.18278522789478302,
3825753,2016-01-30,11,La Liga,27,male,Villarreal,Granada,elite,experiment4_reduced_feature_robustness,1,142,B-GNN-reduced,1,1,0.6431877017021179,
3825754,2016-01-31,11,La Liga,27,male,Las Palmas,Celta Vigo,elite,experiment4_reduced_feature_robustness,1,142,B-GNN-reduced,1,0,0.20646333694458008,
3825755,2016-01-31,11,La Liga,27,male,Valencia,Sporting Gijón,elite,experiment4_reduced_feature_robustness,1,142,B-GNN-reduced,0,1,0.5849274396896362,
3825756,2016-01-31,11,La Liga,27,male,Sevilla,Levante UD,elite,experiment4_reduced_feature_robustness,1,142,B-GNN-reduced,1,1,0.6851234436035156,
3825757,2016-01-31,11,La Liga,27,male,Real Madrid,Espanyol,elite,experiment4_reduced_feature_robustness,1,142,B-GNN-reduced,1,1,0.9424506425857544,
3825758,2016-02-01,11,La Liga,27,male,RC Deportivo La Coruña,Rayo Vallecano,elite,experiment4_reduced_feature_robustness,1,142,B-GNN-reduced,0,0,0.3975825309753418,
3825759,2016-02-05,11,La Liga,27,male,Málaga,Getafe,elite,experiment4_reduced_feature_robustness,1,142,B-GNN-reduced,1,0,0.1753028929233551,
3825760,2016-02-06,11,La Liga,27,male,Atlético Madrid,Eibar,elite,experiment4_reduced_feature_robustness,1,142,B-GNN-reduced,1,0,0.09139608591794968,
3825761,2016-02-06,11,La Liga,27,male,Athletic Club,Villarreal,elite,experiment4_reduced_feature_robustness,1,142,B-GNN-reduced,0,0,0.18824699521064758,
3825762,2016-02-06,11,La Liga,27,male,Sporting Gijón,RC Deportivo La Coruña,elite,experiment4_reduced_feature_robustness,1,142,B-GNN-reduced,0,0,0.48661836981773376,
3825763,2016-02-06,11,La Liga,27,male,Rayo Vallecano,Las Palmas,elite,experiment4_reduced_feature_robustness,1,142,B-GNN-reduced,1,0,0.3577954173088074,
266160,2016-02-07,11,La Liga,27,male,Levante UD,Barcelona,elite,experiment4_reduced_feature_robustness,1,142,B-GNN-reduced,0,0,0.24372538924217224,
3825764,2016-02-07,11,La Liga,27,male,Granada,Real Madrid,elite,experiment4_reduced_feature_robustness,1,142,B-GNN-reduced,0,0,0.49807631969451904,
3825765,2016-02-07,11,La Liga,27,male,Celta Vigo,Sevilla,elite,experiment4_reduced_feature_robustness,1,142,B-GNN-reduced,0,1,0.8810741901397705,
3825766,2016-02-07,11,La Liga,27,male,Real Betis,Valencia,elite,experiment4_reduced_feature_robustness,1,142,B-GNN-reduced,1,0,0.12253811955451965,
3825767,2016-02-08,11,La Liga,27,male,Espanyol,Real Sociedad,elite,experiment4_reduced_feature_robustness,1,142,B-GNN-reduced,0,0,0.4325697124004364,
3825768,2016-02-12,11,La Liga,27,male,Sporting Gijón,Rayo Vallecano,elite,experiment4_reduced_feature_robustness,1,142,B-GNN-reduced,0,0,0.1948334276676178,
3825769,2016-02-13,11,La Liga,27,male,Villarreal,Málaga,elite,experiment4_reduced_feature_robustness,1,142,B-GNN-reduced,1,1,0.688480794429779,
3825770,2016-02-13,11,La Liga,27,male,Real Madrid,Athletic Club,elite,experiment4_reduced_feature_robustness,1,142,B-GNN-reduced,1,1,0.8596652746200562,
3825771,2016-02-13,11,La Liga,27,male,RC Deportivo La Coruña,Real Betis,elite,experiment4_reduced_feature_robustness,1,142,B-GNN-reduced,0,0,0.12413501739501953,
3825772,2016-02-13,11,La Liga,27,male,Valencia,Espanyol,elite,experiment4_reduced_feature_robustness,1,142,B-GNN-reduced,1,0,0.18550445139408112,
266254,2016-02-14,11,La Liga,27,male,Barcelona,Celta Vigo,elite,experiment4_reduced_feature_robustness,1,142,B-GNN-reduced,1,0,0.2708163559436798,
3825773,2016-02-14,11,La Liga,27,male,Eibar,Levante UD,elite,experiment4_reduced_feature_robustness,1,142,B-GNN-reduced,1,0,0.35462892055511475,
3825774,2016-02-14,11,La Liga,27,male,Getafe,Atlético Madrid,elite,experiment4_reduced_feature_robustness,1,142,B-GNN-reduced,0,1,0.8634044528007507,
3825775,2016-02-14,11,La Liga,27,male,Real Sociedad,Granada,elite,experiment4_reduced_feature_robustness,1,142,B-GNN-reduced,1,1,0.5336512923240662,
3825776,2016-02-14,11,La Liga,27,male,Sevilla,Las Palmas,elite,experiment4_reduced_feature_robustness,1,142,B-GNN-reduced,1,0,0.18688474595546722,
266815,2016-02-17,11,La Liga,27,male,Sporting Gijón,Barcelona,elite,experiment4_reduced_feature_robustness,1,142,B-GNN-reduced,0,0,0.17306490242481232,
3825777,2016-02-19,11,La Liga,27,male,Levante UD,Getafe,elite,experiment4_reduced_feature_robustness,1,142,B-GNN-reduced,1,1,0.6770913600921631,
267273,2016-02-20,11,La Liga,27,male,Las Palmas,Barcelona,elite,experiment4_reduced_feature_robustness,1,142,B-GNN-reduced,0,1,0.7458567023277283,
3825778,2016-02-20,11,La Liga,27,male,Real Betis,Sporting Gijón,elite,experiment4_reduced_feature_robustness,1,142,B-GNN-reduced,0,0,0.29700490832328796,
3825779,2016-02-20,11,La Liga,27,male,Celta Vigo,Eibar,elite,experiment4_reduced_feature_robustness,1,142,B-GNN-reduced,1,0,0.38692739605903625,
3825780,2016-02-20,11,La Liga,27,male,Espanyol,RC Deportivo La Coruña,elite,experiment4_reduced_feature_robustness,1,142,B-GNN-reduced,1,0,0.17766979336738586,
3825781,2016-02-21,11,La Liga,27,male,Rayo Vallecano,Sevilla,elite,experiment4_reduced_feature_robustness,1,142,B-GNN-reduced,0,0,0.2890873849391937,
3825782,2016-02-21,11,La Liga,27,male,Granada,Valencia,elite,experiment4_reduced_feature_robustness,1,142,B-GNN-reduced,0,0,0.2608652412891388,
3825783,2016-02-21,11,La Liga,27,male,Athletic Club,Real Sociedad,elite,experiment4_reduced_feature_robustness,1,142,B-GNN-reduced,0,0,0.2361529916524887,
3825784,2016-02-21,11,La Liga,27,male,Atlético Madrid,Villarreal,elite,experiment4_reduced_feature_robustness,1,142,B-GNN-reduced,0,1,0.5511958599090576,
3825785,2016-02-21,11,La Liga,27,male,Málaga,Real Madrid,elite,experiment4_reduced_feature_robustness,1,142,B-GNN-reduced,0,0,0.2081671506166458,
3825786,2016-02-26,11,La Liga,27,male,Eibar,Las Palmas,elite,experiment4_reduced_feature_robustness,1,142,B-GNN-reduced,0,0,0.08261039853096008,
3825637,2015-10-25,11,La Liga,27,male,Barcelona,Eibar,elite,experiment4_reduced_feature_robustness,1,142,C-Hybrid-reduced,1,1,0.5461228489875793,0.5034604668617249
3825638,2015-10-25,11,La Liga,27,male,Atlético Madrid,Valencia,elite,experiment4_reduced_feature_robustness,1,142,C-Hybrid-reduced,1,1,0.523785412311554,0.5034604668617249
3825639,2015-10-25,11,La Liga,27,male,Las Palmas,Villarreal,elite,experiment4_reduced_feature_robustness,1,142,C-Hybrid-reduced,0,0,0.4984593689441681,0.5034604668617249
3825640,2015-10-25,11,La Liga,27,male,Levante UD,Real Sociedad,elite,experiment4_reduced_feature_robustness,1,142,C-Hybrid-reduced,0,0,0.4240221381187439,0.5034604668617249
3825641,2015-10-26,11,La Liga,27,male,Athletic Club,Sporting Gijón,elite,experiment4_reduced_feature_robustness,1,142,C-Hybrid-reduced,1,0,0.48222649097442627,0.5034604668617249
3825642,2015-10-30,11,La Liga,27,male,RC Deportivo La Coruña,Atlético Madrid,elite,experiment4_reduced_feature_robustness,1,142,C-Hybrid-reduced,0,0,0.4834785759449005,0.5034604668617249
3825643,2015-10-31,11,La Liga,27,male,Real Madrid,Las Palmas,elite,experiment4_reduced_feature_robustness,1,142,C-Hybrid-reduced,1,1,0.5459890961647034,0.5034604668617249
3825644,2015-10-31,11,La Liga,27,male,Real Sociedad,Celta Vigo,elite,experiment4_reduced_feature_robustness,1,142,C-Hybrid-reduced,0,0,0.42325204610824585,0.5034604668617249
3825645,2015-10-31,11,La Liga,27,male,Getafe,Barcelona,elite,experiment4_reduced_feature_robustness,1,142,C-Hybrid-reduced,0,0,0.33847174048423767,0.5034604668617249
3825646,2015-10-31,11,La Liga,27,male,Villarreal,Sevilla,elite,experiment4_reduced_feature_robustness,1,142,C-Hybrid-reduced,1,0,0.4490657448768616,0.5034604668617249
3825647,2015-10-31,11,La Liga,27,male,Valencia,Levante UD,elite,experiment4_reduced_feature_robustness,1,142,C-Hybrid-reduced,1,0,0.4878977835178375,0.5034604668617249
3825648,2015-11-01,11,La Liga,27,male,Eibar,Rayo Vallecano,elite,experiment4_reduced_feature_robustness,1,142,C-Hybrid-reduced,1,0,0.37869101762771606,0.5034604668617249
3825649,2015-11-01,11,La Liga,27,male,Sporting Gijón,Málaga,elite,experiment4_reduced_feature_robustness,1,142,C-Hybrid-reduced,1,0,0.3596611022949219,0.5034604668617249
3825650,2015-11-01,11,La Liga,27,male,Real Betis,Athletic Club,elite,experiment4_reduced_feature_robustness,1,142,C-Hybrid-reduced,0,0,0.4047534465789795,0.5034604668617249
3825651,2015-11-01,11,La Liga,27,male,Espanyol,Granada,elite,experiment4_reduced_feature_robustness,1,142,C-Hybrid-reduced,0,0,0.409904420375824,0.5034604668617249
3825652,2015-11-06,11,La Liga,27,male,Las Palmas,Real Sociedad,elite,experiment4_reduced_feature_robustness,1,142,C-Hybrid-reduced,1,0,0.44219914078712463,0.5034604668617249
3825653,2015-11-07,11,La Liga,27,male,Eibar,Getafe,elite,experiment4_reduced_feature_robustness,1,142,C-Hybrid-reduced,1,0,0.4459347724914551,0.5034604668617249
3825654,2015-11-07,11,La Liga,27,male,Celta Vigo,Valencia,elite,experiment4_reduced_feature_robustness,1,142,C-Hybrid-reduced,0,0,0.4208184778690338,0.5034604668617249
3825655,2015-11-07,11,La Liga,27,male,Rayo Vallecano,Granada,elite,experiment4_reduced_feature_robustness,1,142,C-Hybrid-reduced,1,0,0.40514257550239563,0.5034604668617249
3825656,2015-11-07,11,La Liga,27,male,Levante UD,RC Deportivo La Coruña,elite,experiment4_reduced_feature_robustness,1,142,C-Hybrid-reduced,0,0,0.43543222546577454,0.5034604668617249
3825657,2015-11-07,11,La Liga,27,male,Málaga,Real Betis,elite,experiment4_reduced_feature_robustness,1,142,C-Hybrid-reduced,0,0,0.47777432203292847,0.5034604668617249
3825658,2015-11-08,11,La Liga,27,male,Atlético Madrid,Sporting Gijón,elite,experiment4_reduced_feature_robustness,1,142,C-Hybrid-reduced,1,1,0.5733342170715332,0.5034604668617249
3825659,2015-11-08,11,La Liga,27,male,Athletic Club,Espanyol,elite,experiment4_reduced_feature_robustness,1,142,C-Hybrid-reduced,1,0,0.45894646644592285,0.5034604668617249
3825660,2015-11-08,11,La Liga,27,male,Barcelona,Villarreal,elite,experiment4_reduced_feature_robustness,1,142,C-Hybrid-reduced,1,1,0.6009142398834229,0.5034604668617249
3825661,2015-11-08,11,La Liga,27,male,Sevilla,Real Madrid,elite,experiment4_reduced_feature_robustness,1,142,C-Hybrid-reduced,1,1,0.5135031938552856,0.5034604668617249
266424,2015-11-21,11,La Liga,27,male,Real Madrid,Barcelona,elite,experiment4_reduced_feature_robustness,1,142,C-Hybrid-reduced,0,0,0.48939332365989685,0.5034604668617249
3825662,2015-11-21,11,La Liga,27,male,RC Deportivo La Coruña,Celta Vigo,elite,experiment4_reduced_feature_robustness,1,142,C-Hybrid-reduced,1,0,0.40471309423446655,0.5034604668617249
3825663,2015-11-21,11,La Liga,27,male,Espanyol,Málaga,elite,experiment4_reduced_feature_robustness,1,142,C-Hybrid-reduced,1,0,0.4105476438999176,0.5034604668617249
3825664,2015-11-21,11,La Liga,27,male,Real Sociedad,Sevilla,elite,experiment4_reduced_feature_robustness,1,142,C-Hybrid-reduced,1,0,0.4955296516418457,0.5034604668617249
3825888,2015-11-21,11,La Liga,27,male,Valencia,Las Palmas,elite,experiment4_reduced_feature_robustness,1,142,C-Hybrid-reduced,0,0,0.4317331612110138,0.5034604668617249
3825665,2015-11-22,11,La Liga,27,male,Granada,Athletic Club,elite,experiment4_reduced_feature_robustness,1,142,C-Hybrid-reduced,1,0,0.42013025283813477,0.5034604668617249
3825666,2015-11-22,11,La Liga,27,male,Real Betis,Atlético Madrid,elite,experiment4_reduced_feature_robustness,1,142,C-Hybrid-reduced,0,0,0.43341249227523804,0.5034604668617249
3825667,2015-11-22,11,La Liga,27,male,Villarreal,Eibar,elite,experiment4_reduced_feature_robustness,1,142,C-Hybrid-reduced,0,1,0.5015817880630493,0.5034604668617249
3825668,2015-11-22,11,La Liga,27,male,Sporting Gijón,Levante UD,elite,experiment4_reduced_feature_robustness,1,142,C-Hybrid-reduced,0,0,0.457670122385025,0.5034604668617249
3825669,2015-11-23,11,La Liga,27,male,Getafe,Rayo Vallecano,elite,experiment4_reduced_feature_robustness,1,142,C-Hybrid-reduced,0,0,0.3325391113758087,0.5034604668617249
3825670,2015-11-27,11,La Liga,27,male,Levante UD,Real Betis,elite,experiment4_reduced_feature_robustness,1,142,C-Hybrid-reduced,0,1,0.5038749575614929,0.5034604668617249
266885,2015-11-28,11,La Liga,27,male,Barcelona,Real Sociedad,elite,experiment4_reduced_feature_robustness,1,142,C-Hybrid-reduced,1,1,0.5292973518371582,0.5034604668617249
3825671,2015-11-28,11,La Liga,27,male,Celta Vigo,Sporting Gijón,elite,experiment4_reduced_feature_robustness,1,142,C-Hybrid-reduced,1,1,0.537564218044281,0.5034604668617249
3825672,2015-11-28,11,La Liga,27,male,Málaga,Granada,elite,experiment4_reduced_feature_robustness,1,142,C-Hybrid-reduced,0,0,0.3986962139606476,0.5034604668617249
3825673,2015-11-28,11,La Liga,27,male,Las Palmas,RC Deportivo La Coruña,elite,experiment4_reduced_feature_robustness,1,142,C-Hybrid-reduced,0,1,0.532097339630127,0.5034604668617249
3825674,2015-11-28,11,La Liga,27,male,Atlético Madrid,Espanyol,elite,experiment4_reduced_feature_robustness,1,142,C-Hybrid-reduced,1,1,0.5376489758491516,0.5034604668617249
3825675,2015-11-29,11,La Liga,27,male,Rayo Vallecano,Athletic Club,elite,experiment4_reduced_feature_robustness,1,142,C-Hybrid-reduced,0,1,0.503882646560669,0.5034604668617249
3825676,2015-11-29,11,La Liga,27,male,Getafe,Villarreal,elite,experiment4_reduced_feature_robustness,1,142,C-Hybrid-reduced,1,0,0.4055170714855194,0.5034604668617249
3825677,2015-11-29,11,La Liga,27,male,Sevilla,Valencia,elite,experiment4_reduced_feature_robustness,1,142,C-Hybrid-reduced,1,0,0.44551071524620056,0.5034604668617249
3825678,2015-11-29,11,La Liga,27,male,Eibar,Real Madrid,elite,experiment4_reduced_feature_robustness,1,142,C-Hybrid-reduced,0,0,0.39661818742752075,0.5034604668617249
267274,2015-12-05,11,La Liga,27,male,Valencia,Barcelona,elite,experiment4_reduced_feature_robustness,1,142,C-Hybrid-reduced,0,0,0.31921419501304626,0.5034604668617249
3825679,2015-12-05,11,La Liga,27,male,Real Betis,Celta Vigo,elite,experiment4_reduced_feature_robustness,1,142,C-Hybrid-reduced,0,0,0.4771510362625122,0.5034604668617249
3825680,2015-12-05,11,La Liga,27,male,RC Deportivo La Coruña,Sevilla,elite,experiment4_reduced_feature_robustness,1,142,C-Hybrid-reduced,0,0,0.4307943880558014,0.5034604668617249
3825681,2015-12-05,11,La Liga,27,male,Real Madrid,Getafe,elite,experiment4_reduced_feature_robustness,1,142,C-Hybrid-reduced,1,1,0.6056237816810608,0.5034604668617249
3825682,2015-12-05,11,La Liga,27,male,Granada,Atlético Madrid,elite,experiment4_reduced_feature_robustness,1,142,C-Hybrid-reduced,0,0,0.46661731600761414,0.5034604668617249
3825683,2015-12-06,11,La Liga,27,male,Real Sociedad,Eibar,elite,experiment4_reduced_feature_robustness,1,142,C-Hybrid-reduced,1,1,0.516183078289032,0.5034604668617249
3825684,2015-12-06,11,La Liga,27,male,Villarreal,Rayo Vallecano,elite,experiment4_reduced_feature_robustness,1,142,C-Hybrid-reduced,1,0,0.4165250360965729,0.5034604668617249
3825685,2015-12-06,11,La Liga,27,male,Sporting Gijón,Las Palmas,elite,experiment4_reduced_feature_robustness,1,142,C-Hybrid-reduced,1,0,0.40100449323654175,0.5034604668617249
3825686,2015-12-06,11,La Liga,27,male,Athletic Club,Málaga,elite,experiment4_reduced_feature_robustness,1,142,C-Hybrid-reduced,0,0,0.441775918006897,0.5034604668617249
3825687,2015-12-07,11,La Liga,27,male,Espanyol,Levante UD,elite,experiment4_reduced_feature_robustness,1,142,C-Hybrid-reduced,0,0,0.45624008774757385,0.5034604668617249
3825688,2015-12-11,11,La Liga,27,male,Getafe,Real Sociedad,elite,experiment4_reduced_feature_robustness,1,142,C-Hybrid-reduced,0,0,0.4201451241970062,0.5034604668617249
266961,2015-12-12,11,La Liga,27,male,Barcelona,RC Deportivo La Coruña,elite,experiment4_reduced_feature_robustness,1,142,C-Hybrid-reduced,0,1,0.6265277862548828,0.5034604668617249
3825689,2015-12-12,11,La Liga,27,male,Celta Vigo,Espanyol,elite,experiment4_reduced_feature_robustness,1,142,C-Hybrid-reduced,1,0,0.4846154749393463,0.5034604668617249
3825690,2015-12-12,11,La Liga,27,male,Las Palmas,Real Betis,elite,experiment4_reduced_feature_robustness,1,142,C-Hybrid-reduced,1,1,0.5351828336715698,0.5034604668617249
3825691,2015-12-12,11,La Liga,27,male,Levante UD,Granada,elite,experiment4_reduced_feature_robustness,1,142,C-Hybrid-reduced,0,0,0.47976401448249817,0.5034604668617249
3825692,2015-12-12,11,La Liga,27,male,Sevilla,Sporting Gijón,elite,experiment4_reduced_feature_robustness,1,142,C-Hybrid-reduced,1,1,0.5764975547790527,0.5034604668617249
3825693,2015-12-13,11,La Liga,27,male,Atlético Madrid,Athletic Club,elite,experiment4_reduced_feature_robustness,1,142,C-Hybrid-reduced,1,1,0.5340451598167419,0.5034604668617249
3825694,2015-12-13,11,La Liga,27,male,Eibar,Valencia,elite,experiment4_reduced_feature_robustness,1,142,C-Hybrid-reduced,0,0,0.44649460911750793,0.5034604668617249
3825695,2015-12-13,11,La Liga,27,male,Villarreal,Real Madrid,elite,experiment4_reduced_feature_robustness,1,142,C-Hybrid-reduced,1,0,0.4181377589702606,0.5034604668617249
3825696,2015-12-13,11,La Liga,27,male,Rayo Vallecano,Málaga,elite,experiment4_reduced_feature_robustness,1,142,C-Hybrid-reduced,0,0,0.4078928232192993,0.5034604668617249
3825697,2015-12-19,11,La Liga,27,male,Valencia,Getafe,elite,experiment4_reduced_feature_robustness,1,142,C-Hybrid-reduced,0,0,0.4926167130470276,0.5034604668617249
3825698,2015-12-19,11,La Liga,27,male,RC Deportivo La Coruña,Eibar,elite,experiment4_reduced_feature_robustness,1,142,C-Hybrid-reduced,1,0,0.4649360775947571,0.5034604668617249
3825699,2015-12-19,11,La Liga,27,male,Real Betis,Sevilla,elite,experiment4_reduced_feature_robustness,1,142,C-Hybrid-reduced,0,0,0.44482898712158203,0.5034604668617249
3825891,2015-12-19,11,La Liga,27,male,Espanyol,Las Palmas,elite,experiment4_reduced_feature_robustness,1,142,C-Hybrid-reduced,1,0,0.43771302700042725,0.5034604668617249
3825700,2015-12-20,11,La Liga,27,male,Real Madrid,Rayo Vallecano,elite,experiment4_reduced_feature_robustness,1,142,C-Hybrid-reduced,1,1,0.5131374001502991,0.5034604668617249
3825701,2015-12-20,11,La Liga,27,male,Málaga,Atlético Madrid,elite,experiment4_reduced_feature_robustness,1,142,C-Hybrid-reduced,1,1,0.5331413745880127,0.5034604668617249
3825702,2015-12-20,11,La Liga,27,male,Real Sociedad,Villarreal,elite,experiment4_reduced_feature_robustness,1,142,C-Hybrid-reduced,0,1,0.5674615502357483,0.5034604668617249
3825703,2015-12-20,11,La Liga,27,male,Athletic Club,Levante UD,elite,experiment4_reduced_feature_robustness,1,142,C-Hybrid-reduced,1,0,0.4833700954914093,0.5034604668617249
3825704,2015-12-20,11,La Liga,27,male,Granada,Celta Vigo,elite,experiment4_reduced_feature_robustness,1,142,C-Hybrid-reduced,0,0,0.4466083347797394,0.5034604668617249
267327,2015-12-30,11,La Liga,27,male,Barcelona,Real Betis,elite,experiment4_reduced_feature_robustness,1,142,C-Hybrid-reduced,1,1,0.5598166584968567,0.5034604668617249
3825705,2015-12-30,11,La Liga,27,male,Eibar,Sporting Gijón,elite,experiment4_reduced_feature_robustness,1,142,C-Hybrid-reduced,1,0,0.4367075562477112,0.5034604668617249
3825706,2015-12-30,11,La Liga,27,male,Celta Vigo,Athletic Club,elite,experiment4_reduced_feature_robustness,1,142,C-Hybrid-reduced,0,1,0.5127773880958557,0.5034604668617249
3825707,2015-12-30,11,La Liga,27,male,Las Palmas,Granada,elite,experiment4_reduced_feature_robustness,1,142,C-Hybrid-reduced,1,0,0.4964410066604614,0.5034604668617249
3825708,2015-12-30,11,La Liga,27,male,Levante UD,Málaga,elite,experiment4_reduced_feature_robustness,1,142,C-Hybrid-reduced,0,0,0.4191128611564636,0.5034604668617249
3825709,2015-12-30,11,La Liga,27,male,Sevilla,Espanyol,elite,experiment4_reduced_feature_robustness,1,142,C-Hybrid-reduced,1,1,0.5032134056091309,0.5034604668617249
3825710,2015-12-30,11,La Liga,27,male,Real Madrid,Real Sociedad,elite,experiment4_reduced_feature_robustness,1,142,C-Hybrid-reduced,1,1,0.523379385471344,0.5034604668617249
3825711,2015-12-30,11,La Liga,27,male,Rayo Vallecano,Atlético Madrid,elite,experiment4_reduced_feature_robustness,1,142,C-Hybrid-reduced,0,0,0.39667803049087524,0.5034604668617249
3825712,2015-12-30,11,La Liga,27,male,Getafe,RC Deportivo La Coruña,elite,experiment4_reduced_feature_robustness,1,142,C-Hybrid-reduced,0,0,0.4216568171977997,0.5034604668617249
3825713,2015-12-31,11,La Liga,27,male,Villarreal,Valencia,elite,experiment4_reduced_feature_robustness,1,142,C-Hybrid-reduced,1,0,0.4630225896835327,0.5034604668617249
266670,2016-01-02,11,La Liga,27,male,Espanyol,Barcelona,elite,experiment4_reduced_feature_robustness,1,142,C-Hybrid-reduced,0,0,0.3903490900993347,0.5034604668617249
3825714,2016-01-02,11,La Liga,27,male,Atlético Madrid,Levante UD,elite,experiment4_reduced_feature_robustness,1,142,C-Hybrid-reduced,1,1,0.5106715559959412,0.5034604668617249
3825715,2016-01-02,11,La Liga,27,male,Málaga,Celta Vigo,elite,experiment4_reduced_feature_robustness,1,142,C-Hybrid-reduced,1,0,0.4797138273715973,0.5034604668617249
3825716,2016-01-03,11,La Liga,27,male,Rayo Vallecano,Real Sociedad,elite,experiment4_reduced_feature_robustness,1,142,C-Hybrid-reduced,0,0,0.36890068650245667,0.5034604668617249
3825717,2016-01-03,11,La Liga,27,male,Granada,Sevilla,elite,experiment4_reduced_feature_robustness,1,142,C-Hybrid-reduced,1,0,0.4088553488254547,0.5034604668617249
3825718,2016-01-03,11,La Liga,27,male,Valencia,Real Madrid,elite,experiment4_reduced_feature_robustness,1,142,C-Hybrid-reduced,0,0,0.4872090518474579,0.5034604668617249
3825719,2016-01-03,11,La Liga,27,male,Athletic Club,Las Palmas,elite,experiment4_reduced_feature_robustness,1,142,C-Hybrid-reduced,0,0,0.4662693440914154,0.5034604668617249
3825720,2016-01-03,11,La Liga,27,male,Real Betis,Eibar,elite,experiment4_reduced_feature_robustness,1,142,C-Hybrid-reduced,0,0,0.47436267137527466,0.5034604668617249
3825721,2016-01-03,11,La Liga,27,male,RC Deportivo La Coruña,Villarreal,elite,experiment4_reduced_feature_robustness,1,142,C-Hybrid-reduced,0,0,0.47265997529029846,0.5034604668617249
3825722,2016-01-04,11,La Liga,27,male,Sporting Gijón,Getafe,elite,experiment4_reduced_feature_robustness,1,142,C-Hybrid-reduced,0,0,0.4234052300453186,0.5034604668617249
266620,2016-01-09,11,La Liga,27,male,Barcelona,Granada,elite,experiment4_reduced_feature_robustness,1,142,C-Hybrid-reduced,1,1,0.5674911141395569,0.5034604668617249
3825723,2016-01-09,11,La Liga,27,male,Levante UD,Rayo Vallecano,elite,experiment4_reduced_feature_robustness,1,142,C-Hybrid-reduced,1,0,0.43742915987968445,0.5034604668617249
3825724,2016-01-09,11,La Liga,27,male,Real Madrid,RC Deportivo La Coruña,elite,experiment4_reduced_feature_robustness,1,142,C-Hybrid-reduced,1,1,0.564094066619873,0.5034604668617249
3825725,2016-01-09,11,La Liga,27,male,Getafe,Real Betis,elite,experiment4_reduced_feature_robustness,1,142,C-Hybrid-reduced,1,0,0.45562174916267395,0.5034604668617249
3825726,2016-01-09,11,La Liga,27,male,Sevilla,Athletic Club,elite,experiment4_reduced_feature_robustness,1,142,C-Hybrid-reduced,1,1,0.509280264377594,0.5034604668617249
3825727,2016-01-10,11,La Liga,27,male,Eibar,Espanyol,elite,experiment4_reduced_feature_robustness,1,142,C-Hybrid-reduced,1,1,0.5085546374320984,0.5034604668617249
3825728,2016-01-10,11,La Liga,27,male,Celta Vigo,Atlético Madrid,elite,experiment4_reduced_feature_robustness,1,142,C-Hybrid-reduced,0,1,0.5357157588005066,0.5034604668617249
3825729,2016-01-10,11,La Liga,27,male,Villarreal,Sporting Gijón,elite,experiment4_reduced_feature_robustness,1,142,C-Hybrid-reduced,1,1,0.5237211585044861,0.5034604668617249
3825730,2016-01-10,11,La Liga,27,male,Real Sociedad,Valencia,elite,experiment4_reduced_feature_robustness,1,142,C-Hybrid-reduced,1,0,0.4525282382965088,0.5034604668617249
3825731,2016-01-10,11,La Liga,27,male,Las Palmas,Málaga,elite,experiment4_reduced_feature_robustness,1,142,C-Hybrid-reduced,0,1,0.5134329199790955,0.5034604668617249
3825732,2016-01-16,11,La Liga,27,male,Celta Vigo,Levante UD,elite,experiment4_reduced_feature_robustness,1,142,C-Hybrid-reduced,1,1,0.5198622941970825,0.5034604668617249
3825733,2016-01-16,11,La Liga,27,male,Sevilla,Málaga,elite,experiment4_reduced_feature_robustness,1,142,C-Hybrid-reduced,1,0,0.4899276793003082,0.5034604668617249
3825734,2016-01-16,11,La Liga,27,male,Real Sociedad,RC Deportivo La Coruña,elite,experiment4_reduced_feature_robustness,1,142,C-Hybrid-reduced,0,1,0.5675455331802368,0.5034604668617249
3825735,2016-01-16,11,La Liga,27,male,Villarreal,Real Betis,elite,experiment4_reduced_feature_robustness,1,142,C-Hybrid-reduced,0,1,0.5519482493400574,0.5034604668617249
266149,2016-01-17,11,La Liga,27,male,Barcelona,Athletic Club,elite,experiment4_reduced_feature_robustness,1,142,C-Hybrid-reduced,1,1,0.6128134727478027,0.5034604668617249
3825736,2016-01-17,11,La Liga,27,male,Valencia,Rayo Vallecano,elite,experiment4_reduced_feature_robustness,1,142,C-Hybrid-reduced,0,0,0.44872617721557617,0.5034604668617249
3825737,2016-01-17,11,La Liga,27,male,Getafe,Espanyol,elite,experiment4_reduced_feature_robustness,1,142,C-Hybrid-reduced,1,0,0.4772011637687683,0.5034604668617249
3825738,2016-01-17,11,La Liga,27,male,Las Palmas,Atlético Madrid,elite,experiment4_reduced_feature_robustness,1,142,C-Hybrid-reduced,0,1,0.5830010175704956,0.5034604668617249
3825739,2016-01-17,11,La Liga,27,male,Real Madrid,Sporting Gijón,elite,experiment4_reduced_feature_robustness,1,142,C-Hybrid-reduced,1,1,0.662790060043335,0.5034604668617249
3825740,2016-01-18,11,La Liga,27,male,Eibar,Granada,elite,experiment4_reduced_feature_robustness,1,142,C-Hybrid-reduced,1,0,0.45365557074546814,0.5034604668617249
3825741,2016-01-22,11,La Liga,27,male,Sporting Gijón,Real Sociedad,elite,experiment4_reduced_feature_robustness,1,142,C-Hybrid-reduced,1,0,0.4353509247303009,0.5034604668617249
265894,2016-01-23,11,La Liga,27,male,Málaga,Barcelona,elite,experiment4_reduced_feature_robustness,1,142,C-Hybrid-reduced,0,0,0.4495137631893158,0.5034604668617249
3825742,2016-01-23,11,La Liga,27,male,Granada,Getafe,elite,experiment4_reduced_feature_robustness,1,142,C-Hybrid-reduced,1,0,0.4143803119659424,0.5034604668617249
3825743,2016-01-23,11,La Liga,27,male,Rayo Vallecano,Celta Vigo,elite,experiment4_reduced_feature_robustness,1,142,C-Hybrid-reduced,1,0,0.43570032715797424,0.5034604668617249
3825744,2016-01-23,11,La Liga,27,male,Espanyol,Villarreal,elite,experiment4_reduced_feature_robustness,1,142,C-Hybrid-reduced,0,0,0.43109825253486633,0.5034604668617249
3825745,2016-01-24,11,La Liga,27,male,RC Deportivo La Coruña,Valencia,elite,experiment4_reduced_feature_robustness,1,142,C-Hybrid-reduced,0,0,0.4402807056903839,0.5034604668617249
3825746,2016-01-24,11,La Liga,27,male,Real Betis,Real Madrid,elite,experiment4_reduced_feature_robustness,1,142,C-Hybrid-reduced,0,0,0.439020574092865,0.5034604668617249
3825747,2016-01-24,11,La Liga,27,male,Athletic Club,Eibar,elite,experiment4_reduced_feature_robustness,1,142,C-Hybrid-reduced,1,0,0.39883923530578613,0.5034604668617249
3825748,2016-01-24,11,La Liga,27,male,Atlético Madrid,Sevilla,elite,experiment4_reduced_feature_robustness,1,142,C-Hybrid-reduced,0,1,0.5897059440612793,0.5034604668617249
3825749,2016-01-25,11,La Liga,27,male,Levante UD,Las Palmas,elite,experiment4_reduced_feature_robustness,1,142,C-Hybrid-reduced,1,0,0.4166850745677948,0.5034604668617249
267576,2016-01-30,11,La Liga,27,male,Barcelona,Atlético Madrid,elite,experiment4_reduced_feature_robustness,1,142,C-Hybrid-reduced,1,1,0.6116097569465637,0.5034604668617249
3825750,2016-01-30,11,La Liga,27,male,Real Sociedad,Real Betis,elite,experiment4_reduced_feature_robustness,1,142,C-Hybrid-reduced,1,0,0.4774424731731415,0.5034604668617249
3825751,2016-01-30,11,La Liga,27,male,Getafe,Athletic Club,elite,experiment4_reduced_feature_robustness,1,142,C-Hybrid-reduced,0,0,0.4507240951061249,0.5034604668617249
3825752,2016-01-30,11,La Liga,27,male,Eibar,Málaga,elite,experiment4_reduced_feature_robustness,1,142,C-Hybrid-reduced,0,0,0.4417186379432678,0.5034604668617249
3825753,2016-01-30,11,La Liga,27,male,Villarreal,Granada,elite,experiment4_reduced_feature_robustness,1,142,C-Hybrid-reduced,1,0,0.49644333124160767,0.5034604668617249
3825754,2016-01-31,11,La Liga,27,male,Las Palmas,Celta Vigo,elite,experiment4_reduced_feature_robustness,1,142,C-Hybrid-reduced,1,0,0.47549697756767273,0.5034604668617249
3825755,2016-01-31,11,La Liga,27,male,Valencia,Sporting Gijón,elite,experiment4_reduced_feature_robustness,1,142,C-Hybrid-reduced,0,0,0.46580618619918823,0.5034604668617249
3825756,2016-01-31,11,La Liga,27,male,Sevilla,Levante UD,elite,experiment4_reduced_feature_robustness,1,142,C-Hybrid-reduced,1,0,0.42924579977989197,0.5034604668617249
3825757,2016-01-31,11,La Liga,27,male,Real Madrid,Espanyol,elite,experiment4_reduced_feature_robustness,1,142,C-Hybrid-reduced,1,1,0.6038368940353394,0.5034604668617249
3825758,2016-02-01,11,La Liga,27,male,RC Deportivo La Coruña,Rayo Vallecano,elite,experiment4_reduced_feature_robustness,1,142,C-Hybrid-reduced,0,0,0.4265041649341583,0.5034604668617249
3825759,2016-02-05,11,La Liga,27,male,Málaga,Getafe,elite,experiment4_reduced_feature_robustness,1,142,C-Hybrid-reduced,1,0,0.45810651779174805,0.5034604668617249
3825760,2016-02-06,11,La Liga,27,male,Atlético Madrid,Eibar,elite,experiment4_reduced_feature_robustness,1,142,C-Hybrid-reduced,1,0,0.4440671503543854,0.5034604668617249
3825761,2016-02-06,11,La Liga,27,male,Athletic Club,Villarreal,elite,experiment4_reduced_feature_robustness,1,142,C-Hybrid-reduced,0,0,0.49802422523498535,0.5034604668617249
3825762,2016-02-06,11,La Liga,27,male,Sporting Gijón,RC Deportivo La Coruña,elite,experiment4_reduced_feature_robustness,1,142,C-Hybrid-reduced,0,0,0.41727426648139954,0.5034604668617249
3825763,2016-02-06,11,La Liga,27,male,Rayo Vallecano,Las Palmas,elite,experiment4_reduced_feature_robustness,1,142,C-Hybrid-reduced,1,0,0.4693032503128052,0.5034604668617249
266160,2016-02-07,11,La Liga,27,male,Levante UD,Barcelona,elite,experiment4_reduced_feature_robustness,1,142,C-Hybrid-reduced,0,0,0.3851015567779541,0.5034604668617249
3825764,2016-02-07,11,La Liga,27,male,Granada,Real Madrid,elite,experiment4_reduced_feature_robustness,1,142,C-Hybrid-reduced,0,0,0.40653854608535767,0.5034604668617249
3825765,2016-02-07,11,La Liga,27,male,Celta Vigo,Sevilla,elite,experiment4_reduced_feature_robustness,1,142,C-Hybrid-reduced,0,1,0.5150267481803894,0.5034604668617249
3825766,2016-02-07,11,La Liga,27,male,Real Betis,Valencia,elite,experiment4_reduced_feature_robustness,1,142,C-Hybrid-reduced,1,0,0.43306100368499756,0.5034604668617249
3825767,2016-02-08,11,La Liga,27,male,Espanyol,Real Sociedad,elite,experiment4_reduced_feature_robustness,1,142,C-Hybrid-reduced,0,0,0.46356043219566345,0.5034604668617249
3825768,2016-02-12,11,La Liga,27,male,Sporting Gijón,Rayo Vallecano,elite,experiment4_reduced_feature_robustness,1,142,C-Hybrid-reduced,0,0,0.41537439823150635,0.5034604668617249
3825769,2016-02-13,11,La Liga,27,male,Villarreal,Málaga,elite,experiment4_reduced_feature_robustness,1,142,C-Hybrid-reduced,1,0,0.4884546995162964,0.5034604668617249
3825770,2016-02-13,11,La Liga,27,male,Real Madrid,Athletic Club,elite,experiment4_reduced_feature_robustness,1,142,C-Hybrid-reduced,1,1,0.5679067373275757,0.5034604668617249
3825771,2016-02-13,11,La Liga,27,male,RC Deportivo La Coruña,Real Betis,elite,experiment4_reduced_feature_robustness,1,142,C-Hybrid-reduced,0,0,0.46579980850219727,0.5034604668617249
3825772,2016-02-13,11,La Liga,27,male,Valencia,Espanyol,elite,experiment4_reduced_feature_robustness,1,142,C-Hybrid-reduced,1,0,0.47357743978500366,0.5034604668617249
266254,2016-02-14,11,La Liga,27,male,Barcelona,Celta Vigo,elite,experiment4_reduced_feature_robustness,1,142,C-Hybrid-reduced,1,1,0.5417910814285278,0.5034604668617249
3825773,2016-02-14,11,La Liga,27,male,Eibar,Levante UD,elite,experiment4_reduced_feature_robustness,1,142,C-Hybrid-reduced,1,0,0.4465538263320923,0.5034604668617249
3825774,2016-02-14,11,La Liga,27,male,Getafe,Atlético Madrid,elite,experiment4_reduced_feature_robustness,1,142,C-Hybrid-reduced,0,1,0.5553430318832397,0.5034604668617249
3825775,2016-02-14,11,La Liga,27,male,Real Sociedad,Granada,elite,experiment4_reduced_feature_robustness,1,142,C-Hybrid-reduced,1,0,0.44151827692985535,0.5034604668617249
3825776,2016-02-14,11,La Liga,27,male,Sevilla,Las Palmas,elite,experiment4_reduced_feature_robustness,1,142,C-Hybrid-reduced,1,0,0.4780472218990326,0.5034604668617249
266815,2016-02-17,11,La Liga,27,male,Sporting Gijón,Barcelona,elite,experiment4_reduced_feature_robustness,1,142,C-Hybrid-reduced,0,0,0.37667953968048096,0.5034604668617249
3825777,2016-02-19,11,La Liga,27,male,Levante UD,Getafe,elite,experiment4_reduced_feature_robustness,1,142,C-Hybrid-reduced,1,0,0.4257250726222992,0.5034604668617249
267273,2016-02-20,11,La Liga,27,male,Las Palmas,Barcelona,elite,experiment4_reduced_feature_robustness,1,142,C-Hybrid-reduced,0,0,0.46580779552459717,0.5034604668617249
3825778,2016-02-20,11,La Liga,27,male,Real Betis,Sporting Gijón,elite,experiment4_reduced_feature_robustness,1,142,C-Hybrid-reduced,0,0,0.4796678125858307,0.5034604668617249
3825779,2016-02-20,11,La Liga,27,male,Celta Vigo,Eibar,elite,experiment4_reduced_feature_robustness,1,142,C-Hybrid-reduced,1,1,0.5115269422531128,0.5034604668617249
3825780,2016-02-20,11,La Liga,27,male,Espanyol,RC Deportivo La Coruña,elite,experiment4_reduced_feature_robustness,1,142,C-Hybrid-reduced,1,0,0.3813060522079468,0.5034604668617249
3825781,2016-02-21,11,La Liga,27,male,Rayo Vallecano,Sevilla,elite,experiment4_reduced_feature_robustness,1,142,C-Hybrid-reduced,0,0,0.48690927028656006,0.5034604668617249
3825782,2016-02-21,11,La Liga,27,male,Granada,Valencia,elite,experiment4_reduced_feature_robustness,1,142,C-Hybrid-reduced,0,0,0.49393579363822937,0.5034604668617249
3825783,2016-02-21,11,La Liga,27,male,Athletic Club,Real Sociedad,elite,experiment4_reduced_feature_robustness,1,142,C-Hybrid-reduced,0,0,0.4325857162475586,0.5034604668617249
3825784,2016-02-21,11,La Liga,27,male,Atlético Madrid,Villarreal,elite,experiment4_reduced_feature_robustness,1,142,C-Hybrid-reduced,0,1,0.5541214942932129,0.5034604668617249
3825785,2016-02-21,11,La Liga,27,male,Málaga,Real Madrid,elite,experiment4_reduced_feature_robustness,1,142,C-Hybrid-reduced,0,0,0.3984796702861786,0.5034604668617249
3825786,2016-02-26,11,La Liga,27,male,Eibar,Las Palmas,elite,experiment4_reduced_feature_robustness,1,142,C-Hybrid-reduced,0,0,0.4612802565097809,0.5034604668617249
3825637,2015-10-25,11,La Liga,27,male,Barcelona,Eibar,elite,experiment4_reduced_feature_robustness,1,142,D-Aggregate-full,1,1,0.8559216260910034,
3825638,2015-10-25,11,La Liga,27,male,Atlético Madrid,Valencia,elite,experiment4_reduced_feature_robustness,1,142,D-Aggregate-full,1,1,0.6171886324882507,
3825639,2015-10-25,11,La Liga,27,male,Las Palmas,Villarreal,elite,experiment4_reduced_feature_robustness,1,142,D-Aggregate-full,0,0,0.36697396636009216,
3825640,2015-10-25,11,La Liga,27,male,Levante UD,Real Sociedad,elite,experiment4_reduced_feature_robustness,1,142,D-Aggregate-full,0,0,0.03185214847326279,
3825641,2015-10-26,11,La Liga,27,male,Athletic Club,Sporting Gijón,elite,experiment4_reduced_feature_robustness,1,142,D-Aggregate-full,1,1,0.9383710026741028,
3825642,2015-10-30,11,La Liga,27,male,RC Deportivo La Coruña,Atlético Madrid,elite,experiment4_reduced_feature_robustness,1,142,D-Aggregate-full,0,1,0.5662323236465454,
3825643,2015-10-31,11,La Liga,27,male,Real Madrid,Las Palmas,elite,experiment4_reduced_feature_robustness,1,142,D-Aggregate-full,1,1,0.9921482801437378,
3825644,2015-10-31,11,La Liga,27,male,Real Sociedad,Celta Vigo,elite,experiment4_reduced_feature_robustness,1,142,D-Aggregate-full,0,1,0.5535251498222351,
3825645,2015-10-31,11,La Liga,27,male,Getafe,Barcelona,elite,experiment4_reduced_feature_robustness,1,142,D-Aggregate-full,0,0,0.01714172773063183,
3825646,2015-10-31,11,La Liga,27,male,Villarreal,Sevilla,elite,experiment4_reduced_feature_robustness,1,142,D-Aggregate-full,1,0,0.051358412951231,
3825647,2015-10-31,11,La Liga,27,male,Valencia,Levante UD,elite,experiment4_reduced_feature_robustness,1,142,D-Aggregate-full,1,1,0.6403980255126953,
3825648,2015-11-01,11,La Liga,27,male,Eibar,Rayo Vallecano,elite,experiment4_reduced_feature_robustness,1,142,D-Aggregate-full,1,0,0.3831128478050232,
3825649,2015-11-01,11,La Liga,27,male,Sporting Gijón,Málaga,elite,experiment4_reduced_feature_robustness,1,142,D-Aggregate-full,1,0,0.3670729994773865,
3825650,2015-11-01,11,La Liga,27,male,Real Betis,Athletic Club,elite,experiment4_reduced_feature_robustness,1,142,D-Aggregate-full,0,0,0.05647045373916626,
3825651,2015-11-01,11,La Liga,27,male,Espanyol,Granada,elite,experiment4_reduced_feature_robustness,1,142,D-Aggregate-full,0,0,0.0401524193584919,
3825652,2015-11-06,11,La Liga,27,male,Las Palmas,Real Sociedad,elite,experiment4_reduced_feature_robustness,1,142,D-Aggregate-full,1,0,0.06833014637231827,
3825653,2015-11-07,11,La Liga,27,male,Eibar,Getafe,elite,experiment4_reduced_feature_robustness,1,142,D-Aggregate-full,1,1,0.5775508880615234,
3825654,2015-11-07,11,La Liga,27,male,Celta Vigo,Valencia,elite,experiment4_reduced_feature_robustness,1,142,D-Aggregate-full,0,0,0.04495062679052353,
3825655,2015-11-07,11,La Liga,27,male,Rayo Vallecano,Granada,elite,experiment4_reduced_feature_robustness,1,142,D-Aggregate-full,1,0,0.04611121490597725,
3825656,2015-11-07,11,La Liga,27,male,Levante UD,RC Deportivo La Coruña,elite,experiment4_reduced_feature_robustness,1,142,D-Aggregate-full,0,0,0.2442721277475357,
3825657,2015-11-07,11,La Liga,27,male,Málaga,Real Betis,elite,experiment4_reduced_feature_robustness,1,142,D-Aggregate-full,0,0,0.11049533635377884,
3825658,2015-11-08,11,La Liga,27,male,Atlético Madrid,Sporting Gijón,elite,experiment4_reduced_feature_robustness,1,142,D-Aggregate-full,1,1,0.9295409321784973,
3825659,2015-11-08,11,La Liga,27,male,Athletic Club,Espanyol,elite,experiment4_reduced_feature_robustness,1,142,D-Aggregate-full,1,0,0.08566340059041977,
3825660,2015-11-08,11,La Liga,27,male,Barcelona,Villarreal,elite,experiment4_reduced_feature_robustness,1,142,D-Aggregate-full,1,1,0.872256338596344,
3825661,2015-11-08,11,La Liga,27,male,Sevilla,Real Madrid,elite,experiment4_reduced_feature_robustness,1,142,D-Aggregate-full,1,0,0.4005591869354248,
266424,2015-11-21,11,La Liga,27,male,Real Madrid,Barcelona,elite,experiment4_reduced_feature_robustness,1,142,D-Aggregate-full,0,0,0.12762968242168427,
3825662,2015-11-21,11,La Liga,27,male,RC Deportivo La Coruña,Celta Vigo,elite,experiment4_reduced_feature_robustness,1,142,D-Aggregate-full,1,0,0.178431436419487,
3825663,2015-11-21,11,La Liga,27,male,Espanyol,Málaga,elite,experiment4_reduced_feature_robustness,1,142,D-Aggregate-full,1,0,0.020945746451616287,
3825664,2015-11-21,11,La Liga,27,male,Real Sociedad,Sevilla,elite,experiment4_reduced_feature_robustness,1,142,D-Aggregate-full,1,1,0.7615578174591064,
3825888,2015-11-21,11,La Liga,27,male,Valencia,Las Palmas,elite,experiment4_reduced_feature_robustness,1,142,D-Aggregate-full,0,0,0.18671929836273193,
3825665,2015-11-22,11,La Liga,27,male,Granada,Athletic Club,elite,experiment4_reduced_feature_robustness,1,142,D-Aggregate-full,1,0,0.14497296512126923,
3825666,2015-11-22,11,La Liga,27,male,Real Betis,Atlético Madrid,elite,experiment4_reduced_feature_robustness,1,142,D-Aggregate-full,0,0,0.02290286496281624,
3825667,2015-11-22,11,La Liga,27,male,Villarreal,Eibar,elite,experiment4_reduced_feature_robustness,1,142,D-Aggregate-full,0,1,0.522896945476532,
3825668,2015-11-22,11,La Liga,27,male,Sporting Gijón,Levante UD,elite,experiment4_reduced_feature_robustness,1,142,D-Aggregate-full,0,0,0.1534537672996521,
3825669,2015-11-23,11,La Liga,27,male,Getafe,Rayo Vallecano,elite,experiment4_reduced_feature_robustness,1,142,D-Aggregate-full,0,0,0.05670597776770592,
3825670,2015-11-27,11,La Liga,27,male,Levante UD,Real Betis,elite,experiment4_reduced_feature_robustness,1,142,D-Aggregate-full,0,1,0.865958034992218,
266885,2015-11-28,11,La Liga,27,male,Barcelona,Real Sociedad,elite,experiment4_reduced_feature_robustness,1,142,D-Aggregate-full,1,1,0.9695655107498169,
3825671,2015-11-28,11,La Liga,27,male,Celta Vigo,Sporting Gijón,elite,experiment4_reduced_feature_robustness,1,142,D-Aggregate-full,1,1,0.8557277321815491,
3825672,2015-11-28,11,La Liga,27,male,Málaga,Granada,elite,experiment4_reduced_feature_robustness,1,142,D-Aggregate-full,0,0,0.08179181814193726,
3825673,2015-11-28,11,La Liga,27,male,Las Palmas,RC Deportivo La Coruña,elite,experiment4_reduced_feature_robustness,1,142,D-Aggregate-full,0,0,0.07088221609592438,
3825674,2015-11-28,11,La Liga,27,male,Atlético Madrid,Espanyol,elite,experiment4_reduced_feature_robustness,1,142,D-Aggregate-full,1,0,0.32102808356285095,
3825675,2015-11-29,11,La Liga,27,male,Rayo Vallecano,Athletic Club,elite,experiment4_reduced_feature_robustness,1,142,D-Aggregate-full,0,1,0.7398282885551453,
3825676,2015-11-29,11,La Liga,27,male,Getafe,Villarreal,elite,experiment4_reduced_feature_robustness,1,142,D-Aggregate-full,1,1,0.8717541098594666,
3825677,2015-11-29,11,La Liga,27,male,Sevilla,Valencia,elite,experiment4_reduced_feature_robustness,1,142,D-Aggregate-full,1,1,0.5540388226509094,
3825678,2015-11-29,11,La Liga,27,male,Eibar,Real Madrid,elite,experiment4_reduced_feature_robustness,1,142,D-Aggregate-full,0,0,0.009500558488070965,
267274,2015-12-05,11,La Liga,27,male,Valencia,Barcelona,elite,experiment4_reduced_feature_robustness,1,142,D-Aggregate-full,0,0,0.06834453344345093,
3825679,2015-12-05,11,La Liga,27,male,Real Betis,Celta Vigo,elite,experiment4_reduced_feature_robustness,1,142,D-Aggregate-full,0,0,0.11878731101751328,
3825680,2015-12-05,11,La Liga,27,male,RC Deportivo La Coruña,Sevilla,elite,experiment4_reduced_feature_robustness,1,142,D-Aggregate-full,0,0,0.08961842954158783,
3825681,2015-12-05,11,La Liga,27,male,Real Madrid,Getafe,elite,experiment4_reduced_feature_robustness,1,142,D-Aggregate-full,1,1,0.8765721321105957,
3825682,2015-12-05,11,La Liga,27,male,Granada,Atlético Madrid,elite,experiment4_reduced_feature_robustness,1,142,D-Aggregate-full,0,0,0.04729575663805008,
3825683,2015-12-06,11,La Liga,27,male,Real Sociedad,Eibar,elite,experiment4_reduced_feature_robustness,1,142,D-Aggregate-full,1,1,0.9314729571342468,
3825684,2015-12-06,11,La Liga,27,male,Villarreal,Rayo Vallecano,elite,experiment4_reduced_feature_robustness,1,142,D-Aggregate-full,1,0,0.3066430389881134,
3825685,2015-12-06,11,La Liga,27,male,Sporting Gijón,Las Palmas,elite,experiment4_reduced_feature_robustness,1,142,D-Aggregate-full,1,1,0.5025714039802551,
3825686,2015-12-06,11,La Liga,27,male,Athletic Club,Málaga,elite,experiment4_reduced_feature_robustness,1,142,D-Aggregate-full,0,0,0.38103508949279785,
3825687,2015-12-07,11,La Liga,27,male,Espanyol,Levante UD,elite,experiment4_reduced_feature_robustness,1,142,D-Aggregate-full,0,0,0.05746715888381004,
3825688,2015-12-11,11,La Liga,27,male,Getafe,Real Sociedad,elite,experiment4_reduced_feature_robustness,1,142,D-Aggregate-full,0,0,0.012068290263414383,
266961,2015-12-12,11,La Liga,27,male,Barcelona,RC Deportivo La Coruña,elite,experiment4_reduced_feature_robustness,1,142,D-Aggregate-full,0,0,0.045547135174274445,
3825689,2015-12-12,11,La Liga,27,male,Celta Vigo,Espanyol,elite,experiment4_reduced_feature_robustness,1,142,D-Aggregate-full,1,0,0.08796586096286774,
3825690,2015-12-12,11,La Liga,27,male,Las Palmas,Real Betis,elite,experiment4_reduced_feature_robustness,1,142,D-Aggregate-full,1,1,0.7140887379646301,
3825691,2015-12-12,11,La Liga,27,male,Levante UD,Granada,elite,experiment4_reduced_feature_robustness,1,142,D-Aggregate-full,0,0,0.004608321003615856,
3825692,2015-12-12,11,La Liga,27,male,Sevilla,Sporting Gijón,elite,experiment4_reduced_feature_robustness,1,142,D-Aggregate-full,1,0,0.45134928822517395,
3825693,2015-12-13,11,La Liga,27,male,Atlético Madrid,Athletic Club,elite,experiment4_reduced_feature_robustness,1,142,D-Aggregate-full,1,0,0.04797692969441414,
3825694,2015-12-13,11,La Liga,27,male,Eibar,Valencia,elite,experiment4_reduced_feature_robustness,1,142,D-Aggregate-full,0,1,0.8580732345581055,
3825695,2015-12-13,11,La Liga,27,male,Villarreal,Real Madrid,elite,experiment4_reduced_feature_robustness,1,142,D-Aggregate-full,1,0,0.07645490765571594,
3825696,2015-12-13,11,La Liga,27,male,Rayo Vallecano,Málaga,elite,experiment4_reduced_feature_robustness,1,142,D-Aggregate-full,0,1,0.5309550166130066,
3825697,2015-12-19,11,La Liga,27,male,Valencia,Getafe,elite,experiment4_reduced_feature_robustness,1,142,D-Aggregate-full,0,0,0.4026317298412323,
3825698,2015-12-19,11,La Liga,27,male,RC Deportivo La Coruña,Eibar,elite,experiment4_reduced_feature_robustness,1,142,D-Aggregate-full,1,0,0.13447727262973785,
3825699,2015-12-19,11,La Liga,27,male,Real Betis,Sevilla,elite,experiment4_reduced_feature_robustness,1,142,D-Aggregate-full,0,0,0.02494075708091259,
3825891,2015-12-19,11,La Liga,27,male,Espanyol,Las Palmas,elite,experiment4_reduced_feature_robustness,1,142,D-Aggregate-full,1,0,0.0566643662750721,
3825700,2015-12-20,11,La Liga,27,male,Real Madrid,Rayo Vallecano,elite,experiment4_reduced_feature_robustness,1,142,D-Aggregate-full,1,1,0.9594805836677551,
3825701,2015-12-20,11,La Liga,27,male,Málaga,Atlético Madrid,elite,experiment4_reduced_feature_robustness,1,142,D-Aggregate-full,1,1,0.9132854342460632,
3825702,2015-12-20,11,La Liga,27,male,Real Sociedad,Villarreal,elite,experiment4_reduced_feature_robustness,1,142,D-Aggregate-full,0,1,0.9121294021606445,
3825703,2015-12-20,11,La Liga,27,male,Athletic Club,Levante UD,elite,experiment4_reduced_feature_robustness,1,142,D-Aggregate-full,1,0,0.24633342027664185,
3825704,2015-12-20,11,La Liga,27,male,Granada,Celta Vigo,elite,experiment4_reduced_feature_robustness,1,142,D-Aggregate-full,0,0,0.20959322154521942,
267327,2015-12-30,11,La Liga,27,male,Barcelona,Real Betis,elite,experiment4_reduced_feature_robustness,1,142,D-Aggregate-full,1,1,0.9867556095123291,
3825705,2015-12-30,11,La Liga,27,male,Eibar,Sporting Gijón,elite,experiment4_reduced_feature_robustness,1,142,D-Aggregate-full,1,0,0.4783201217651367,
3825706,2015-12-30,11,La Liga,27,male,Celta Vigo,Athletic Club,elite,experiment4_reduced_feature_robustness,1,142,D-Aggregate-full,0,1,0.6148574352264404,
3825707,2015-12-30,11,La Liga,27,male,Las Palmas,Granada,elite,experiment4_reduced_feature_robustness,1,142,D-Aggregate-full,1,1,0.9170452356338501,
3825708,2015-12-30,11,La Liga,27,male,Levante UD,Málaga,elite,experiment4_reduced_feature_robustness,1,142,D-Aggregate-full,0,0,0.027611209079623222,
3825709,2015-12-30,11,La Liga,27,male,Sevilla,Espanyol,elite,experiment4_reduced_feature_robustness,1,142,D-Aggregate-full,1,0,0.275079607963562,
3825710,2015-12-30,11,La Liga,27,male,Real Madrid,Real Sociedad,elite,experiment4_reduced_feature_robustness,1,142,D-Aggregate-full,1,1,0.9700505137443542,
3825711,2015-12-30,11,La Liga,27,male,Rayo Vallecano,Atlético Madrid,elite,experiment4_reduced_feature_robustness,1,142,D-Aggregate-full,0,0,0.014150065369904041,
3825712,2015-12-30,11,La Liga,27,male,Getafe,RC Deportivo La Coruña,elite,experiment4_reduced_feature_robustness,1,142,D-Aggregate-full,0,0,0.16353775560855865,
3825713,2015-12-31,11,La Liga,27,male,Villarreal,Valencia,elite,experiment4_reduced_feature_robustness,1,142,D-Aggregate-full,1,0,0.009413438849151134,
266670,2016-01-02,11,La Liga,27,male,Espanyol,Barcelona,elite,experiment4_reduced_feature_robustness,1,142,D-Aggregate-full,0,0,0.04637845978140831,
3825714,2016-01-02,11,La Liga,27,male,Atlético Madrid,Levante UD,elite,experiment4_reduced_feature_robustness,1,142,D-Aggregate-full,1,0,0.35563990473747253,
3825715,2016-01-02,11,La Liga,27,male,Málaga,Celta Vigo,elite,experiment4_reduced_feature_robustness,1,142,D-Aggregate-full,1,0,0.4448626637458801,
3825716,2016-01-03,11,La Liga,27,male,Rayo Vallecano,Real Sociedad,elite,experiment4_reduced_feature_robustness,1,142,D-Aggregate-full,0,0,0.022688085213303566,
3825717,2016-01-03,11,La Liga,27,male,Granada,Sevilla,elite,experiment4_reduced_feature_robustness,1,142,D-Aggregate-full,1,0,0.26906129717826843,
3825718,2016-01-03,11,La Liga,27,male,Valencia,Real Madrid,elite,experiment4_reduced_feature_robustness,1,142,D-Aggregate-full,0,1,0.8883935213088989,
3825719,2016-01-03,11,La Liga,27,male,Athletic Club,Las Palmas,elite,experiment4_reduced_feature_robustness,1,142,D-Aggregate-full,0,1,0.6698668599128723,
3825720,2016-01-03,11,La Liga,27,male,Real Betis,Eibar,elite,experiment4_reduced_feature_robustness,1,142,D-Aggregate-full,0,0,0.30324843525886536,
3825721,2016-01-03,11,La Liga,27,male,RC Deportivo La Coruña,Villarreal,elite,experiment4_reduced_feature_robustness,1,142,D-Aggregate-full,0,0,0.10268475115299225,
3825722,2016-01-04,11,La Liga,27,male,Sporting Gijón,Getafe,elite,experiment4_reduced_feature_robustness,1,142,D-Aggregate-full,0,1,0.5794920921325684,
266620,2016-01-09,11,La Liga,27,male,Barcelona,Granada,elite,experiment4_reduced_feature_robustness,1,142,D-Aggregate-full,1,1,0.9760189652442932,
3825723,2016-01-09,11,La Liga,27,male,Levante UD,Rayo Vallecano,elite,experiment4_reduced_feature_robustness,1,142,D-Aggregate-full,1,0,0.06265316903591156,
3825724,2016-01-09,11,La Liga,27,male,Real Madrid,RC Deportivo La Coruña,elite,experiment4_reduced_feature_robustness,1,142,D-Aggregate-full,1,1,0.7065195441246033,
3825725,2016-01-09,11,La Liga,27,male,Getafe,Real Betis,elite,experiment4_reduced_feature_robustness,1,142,D-Aggregate-full,1,0,0.027247190475463867,
3825726,2016-01-09,11,La Liga,27,male,Sevilla,Athletic Club,elite,experiment4_reduced_feature_robustness,1,142,D-Aggregate-full,1,0,0.1919390708208084,
3825727,2016-01-10,11,La Liga,27,male,Eibar,Espanyol,elite,experiment4_reduced_feature_robustness,1,142,D-Aggregate-full,1,1,0.5536425709724426,
3825728,2016-01-10,11,La Liga,27,male,Celta Vigo,Atlético Madrid,elite,experiment4_reduced_feature_robustness,1,142,D-Aggregate-full,0,0,0.10246247053146362,
3825729,2016-01-10,11,La Liga,27,male,Villarreal,Sporting Gijón,elite,experiment4_reduced_feature_robustness,1,142,D-Aggregate-full,1,0,0.1564486026763916,
3825730,2016-01-10,11,La Liga,27,male,Real Sociedad,Valencia,elite,experiment4_reduced_feature_robustness,1,142,D-Aggregate-full,1,1,0.9018998146057129,
3825731,2016-01-10,11,La Liga,27,male,Las Palmas,Málaga,elite,experiment4_reduced_feature_robustness,1,142,D-Aggregate-full,0,0,0.026720356196165085,
3825732,2016-01-16,11,La Liga,27,male,Celta Vigo,Levante UD,elite,experiment4_reduced_feature_robustness,1,142,D-Aggregate-full,1,1,0.9630259275436401,
3825733,2016-01-16,11,La Liga,27,male,Sevilla,Málaga,elite,experiment4_reduced_feature_robustness,1,142,D-Aggregate-full,1,0,0.08420306444168091,
3825734,2016-01-16,11,La Liga,27,male,Real Sociedad,RC Deportivo La Coruña,elite,experiment4_reduced_feature_robustness,1,142,D-Aggregate-full,0,1,0.9864388704299927,
3825735,2016-01-16,11,La Liga,27,male,Villarreal,Real Betis,elite,experiment4_reduced_feature_robustness,1,142,D-Aggregate-full,0,0,0.4342130124568939,
266149,2016-01-17,11,La Liga,27,male,Barcelona,Athletic Club,elite,experiment4_reduced_feature_robustness,1,142,D-Aggregate-full,1,1,0.9376633167266846,
3825736,2016-01-17,11,La Liga,27,male,Valencia,Rayo Vallecano,elite,experiment4_reduced_feature_robustness,1,142,D-Aggregate-full,0,0,0.06080643832683563,
3825737,2016-01-17,11,La Liga,27,male,Getafe,Espanyol,elite,experiment4_reduced_feature_robustness,1,142,D-Aggregate-full,1,1,0.8434054255485535,
3825738,2016-01-17,11,La Liga,27,male,Las Palmas,Atlético Madrid,elite,experiment4_reduced_feature_robustness,1,142,D-Aggregate-full,0,1,0.7094605565071106,
3825739,2016-01-17,11,La Liga,27,male,Real Madrid,Sporting Gijón,elite,experiment4_reduced_feature_robustness,1,142,D-Aggregate-full,1,1,0.9784804582595825,
3825740,2016-01-18,11,La Liga,27,male,Eibar,Granada,elite,experiment4_reduced_feature_robustness,1,142,D-Aggregate-full,1,0,0.09710545092821121,
3825741,2016-01-22,11,La Liga,27,male,Sporting Gijón,Real Sociedad,elite,experiment4_reduced_feature_robustness,1,142,D-Aggregate-full,1,1,0.7932085394859314,
265894,2016-01-23,11,La Liga,27,male,Málaga,Barcelona,elite,experiment4_reduced_feature_robustness,1,142,D-Aggregate-full,0,0,0.10089924931526184,
3825742,2016-01-23,11,La Liga,27,male,Granada,Getafe,elite,experiment4_reduced_feature_robustness,1,142,D-Aggregate-full,1,1,0.7857927680015564,
3825743,2016-01-23,11,La Liga,27,male,Rayo Vallecano,Celta Vigo,elite,experiment4_reduced_feature_robustness,1,142,D-Aggregate-full,1,1,0.745167076587677,
3825744,2016-01-23,11,La Liga,27,male,Espanyol,Villarreal,elite,experiment4_reduced_feature_robustness,1,142,D-Aggregate-full,0,0,0.07212025672197342,
3825745,2016-01-24,11,La Liga,27,male,RC Deportivo La Coruña,Valencia,elite,experiment4_reduced_feature_robustness,1,142,D-Aggregate-full,0,0,0.05805292725563049,
3825746,2016-01-24,11,La Liga,27,male,Real Betis,Real Madrid,elite,experiment4_reduced_feature_robustness,1,142,D-Aggregate-full,0,0,0.019742757081985474,
3825747,2016-01-24,11,La Liga,27,male,Athletic Club,Eibar,elite,experiment4_reduced_feature_robustness,1,142,D-Aggregate-full,1,0,0.039981309324502945,
3825748,2016-01-24,11,La Liga,27,male,Atlético Madrid,Sevilla,elite,experiment4_reduced_feature_robustness,1,142,D-Aggregate-full,0,0,0.23912662267684937,
3825749,2016-01-25,11,La Liga,27,male,Levante UD,Las Palmas,elite,experiment4_reduced_feature_robustness,1,142,D-Aggregate-full,1,0,0.09213268756866455,
267576,2016-01-30,11,La Liga,27,male,Barcelona,Atlético Madrid,elite,experiment4_reduced_feature_robustness,1,142,D-Aggregate-full,1,1,0.5910263657569885,
3825750,2016-01-30,11,La Liga,27,male,Real Sociedad,Real Betis,elite,experiment4_reduced_feature_robustness,1,142,D-Aggregate-full,1,0,0.015212283469736576,
3825751,2016-01-30,11,La Liga,27,male,Getafe,Athletic Club,elite,experiment4_reduced_feature_robustness,1,142,D-Aggregate-full,0,0,0.13549183309078217,
3825752,2016-01-30,11,La Liga,27,male,Eibar,Málaga,elite,experiment4_reduced_feature_robustness,1,142,D-Aggregate-full,0,0,0.07141132652759552,
3825753,2016-01-30,11,La Liga,27,male,Villarreal,Granada,elite,experiment4_reduced_feature_robustness,1,142,D-Aggregate-full,1,1,0.9327659606933594,
3825754,2016-01-31,11,La Liga,27,male,Las Palmas,Celta Vigo,elite,experiment4_reduced_feature_robustness,1,142,D-Aggregate-full,1,0,0.25148075819015503,
3825755,2016-01-31,11,La Liga,27,male,Valencia,Sporting Gijón,elite,experiment4_reduced_feature_robustness,1,142,D-Aggregate-full,0,1,0.8692957162857056,
3825756,2016-01-31,11,La Liga,27,male,Sevilla,Levante UD,elite,experiment4_reduced_feature_robustness,1,142,D-Aggregate-full,1,1,0.5282485485076904,
3825757,2016-01-31,11,La Liga,27,male,Real Madrid,Espanyol,elite,experiment4_reduced_feature_robustness,1,142,D-Aggregate-full,1,1,0.969550371170044,
3825758,2016-02-01,11,La Liga,27,male,RC Deportivo La Coruña,Rayo Vallecano,elite,experiment4_reduced_feature_robustness,1,142,D-Aggregate-full,0,0,0.09809964895248413,
3825759,2016-02-05,11,La Liga,27,male,Málaga,Getafe,elite,experiment4_reduced_feature_robustness,1,142,D-Aggregate-full,1,0,0.1482999473810196,
3825760,2016-02-06,11,La Liga,27,male,Atlético Madrid,Eibar,elite,experiment4_reduced_feature_robustness,1,142,D-Aggregate-full,1,0,0.0836315006017685,
3825761,2016-02-06,11,La Liga,27,male,Athletic Club,Villarreal,elite,experiment4_reduced_feature_robustness,1,142,D-Aggregate-full,0,1,0.732140064239502,
3825762,2016-02-06,11,La Liga,27,male,Sporting Gijón,RC Deportivo La Coruña,elite,experiment4_reduced_feature_robustness,1,142,D-Aggregate-full,0,0,0.3735826015472412,
3825763,2016-02-06,11,La Liga,27,male,Rayo Vallecano,Las Palmas,elite,experiment4_reduced_feature_robustness,1,142,D-Aggregate-full,1,1,0.8315743803977966,
266160,2016-02-07,11,La Liga,27,male,Levante UD,Barcelona,elite,experiment4_reduced_feature_robustness,1,142,D-Aggregate-full,0,0,0.04272640869021416,
3825764,2016-02-07,11,La Liga,27,male,Granada,Real Madrid,elite,experiment4_reduced_feature_robustness,1,142,D-Aggregate-full,0,0,0.260979562997818,
3825765,2016-02-07,11,La Liga,27,male,Celta Vigo,Sevilla,elite,experiment4_reduced_feature_robustness,1,142,D-Aggregate-full,0,0,0.4348485767841339,
3825766,2016-02-07,11,La Liga,27,male,Real Betis,Valencia,elite,experiment4_reduced_feature_robustness,1,142,D-Aggregate-full,1,0,0.18815100193023682,
3825767,2016-02-08,11,La Liga,27,male,Espanyol,Real Sociedad,elite,experiment4_reduced_feature_robustness,1,142,D-Aggregate-full,0,0,0.28904953598976135,
3825768,2016-02-12,11,La Liga,27,male,Sporting Gijón,Rayo Vallecano,elite,experiment4_reduced_feature_robustness,1,142,D-Aggregate-full,0,1,0.5356600880622864,
3825769,2016-02-13,11,La Liga,27,male,Villarreal,Málaga,elite,experiment4_reduced_feature_robustness,1,142,D-Aggregate-full,1,0,0.07879389822483063,
3825770,2016-02-13,11,La Liga,27,male,Real Madrid,Athletic Club,elite,experiment4_reduced_feature_robustness,1,142,D-Aggregate-full,1,1,0.8396309018135071,
3825771,2016-02-13,11,La Liga,27,male,RC Deportivo La Coruña,Real Betis,elite,experiment4_reduced_feature_robustness,1,142,D-Aggregate-full,0,1,0.7304434180259705,
3825772,2016-02-13,11,La Liga,27,male,Valencia,Espanyol,elite,experiment4_reduced_feature_robustness,1,142,D-Aggregate-full,1,0,0.05470380559563637,
266254,2016-02-14,11,La Liga,27,male,Barcelona,Celta Vigo,elite,experiment4_reduced_feature_robustness,1,142,D-Aggregate-full,1,1,0.9933730363845825,
3825773,2016-02-14,11,La Liga,27,male,Eibar,Levante UD,elite,experiment4_reduced_feature_robustness,1,142,D-Aggregate-full,1,1,0.753731369972229,
3825774,2016-02-14,11,La Liga,27,male,Getafe,Atlético Madrid,elite,experiment4_reduced_feature_robustness,1,142,D-Aggregate-full,0,0,0.3595585227012634,
3825775,2016-02-14,11,La Liga,27,male,Real Sociedad,Granada,elite,experiment4_reduced_feature_robustness,1,142,D-Aggregate-full,1,0,0.1029873788356781,
3825776,2016-02-14,11,La Liga,27,male,Sevilla,Las Palmas,elite,experiment4_reduced_feature_robustness,1,142,D-Aggregate-full,1,1,0.7330349087715149,
266815,2016-02-17,11,La Liga,27,male,Sporting Gijón,Barcelona,elite,experiment4_reduced_feature_robustness,1,142,D-Aggregate-full,0,0,0.09485228359699249,
3825777,2016-02-19,11,La Liga,27,male,Levante UD,Getafe,elite,experiment4_reduced_feature_robustness,1,142,D-Aggregate-full,1,1,0.6075142621994019,
267273,2016-02-20,11,La Liga,27,male,Las Palmas,Barcelona,elite,experiment4_reduced_feature_robustness,1,142,D-Aggregate-full,0,1,0.6056164503097534,
3825778,2016-02-20,11,La Liga,27,male,Real Betis,Sporting Gijón,elite,experiment4_reduced_feature_robustness,1,142,D-Aggregate-full,0,0,0.1915755271911621,
3825779,2016-02-20,11,La Liga,27,male,Celta Vigo,Eibar,elite,experiment4_reduced_feature_robustness,1,142,D-Aggregate-full,1,1,0.9849051833152771,
3825780,2016-02-20,11,La Liga,27,male,Espanyol,RC Deportivo La Coruña,elite,experiment4_reduced_feature_robustness,1,142,D-Aggregate-full,1,1,0.7955360412597656,
3825781,2016-02-21,11,La Liga,27,male,Rayo Vallecano,Sevilla,elite,experiment4_reduced_feature_robustness,1,142,D-Aggregate-full,0,0,0.13195696473121643,
3825782,2016-02-21,11,La Liga,27,male,Granada,Valencia,elite,experiment4_reduced_feature_robustness,1,142,D-Aggregate-full,0,1,0.557800829410553,
3825783,2016-02-21,11,La Liga,27,male,Athletic Club,Real Sociedad,elite,experiment4_reduced_feature_robustness,1,142,D-Aggregate-full,0,0,0.18825170397758484,
3825784,2016-02-21,11,La Liga,27,male,Atlético Madrid,Villarreal,elite,experiment4_reduced_feature_robustness,1,142,D-Aggregate-full,0,1,0.5993682742118835,
3825785,2016-02-21,11,La Liga,27,male,Málaga,Real Madrid,elite,experiment4_reduced_feature_robustness,1,142,D-Aggregate-full,0,0,0.3152240514755249,
3825786,2016-02-26,11,La Liga,27,male,Eibar,Las Palmas,elite,experiment4_reduced_feature_robustness,1,142,D-Aggregate-full,0,0,0.011713100597262383,
3825637,2015-10-25,11,La Liga,27,male,Barcelona,Eibar,elite,experiment4_reduced_feature_robustness,1,142,D-Aggregate-reduced,1,0,0.47603583335876465,
3825638,2015-10-25,11,La Liga,27,male,Atlético Madrid,Valencia,elite,experiment4_reduced_feature_robustness,1,142,D-Aggregate-reduced,1,0,0.2035146951675415,
3825639,2015-10-25,11,La Liga,27,male,Las Palmas,Villarreal,elite,experiment4_reduced_feature_robustness,1,142,D-Aggregate-reduced,0,1,0.9665229320526123,
3825640,2015-10-25,11,La Liga,27,male,Levante UD,Real Sociedad,elite,experiment4_reduced_feature_robustness,1,142,D-Aggregate-reduced,0,0,0.03763451427221298,
3825641,2015-10-26,11,La Liga,27,male,Athletic Club,Sporting Gijón,elite,experiment4_reduced_feature_robustness,1,142,D-Aggregate-reduced,1,0,0.19698138535022736,
3825642,2015-10-30,11,La Liga,27,male,RC Deportivo La Coruña,Atlético Madrid,elite,experiment4_reduced_feature_robustness,1,142,D-Aggregate-reduced,0,1,0.6416083574295044,
3825643,2015-10-31,11,La Liga,27,male,Real Madrid,Las Palmas,elite,experiment4_reduced_feature_robustness,1,142,D-Aggregate-reduced,1,1,0.9635261297225952,
3825644,2015-10-31,11,La Liga,27,male,Real Sociedad,Celta Vigo,elite,experiment4_reduced_feature_robustness,1,142,D-Aggregate-reduced,0,0,0.08085940033197403,
3825645,2015-10-31,11,La Liga,27,male,Getafe,Barcelona,elite,experiment4_reduced_feature_robustness,1,142,D-Aggregate-reduced,0,0,0.07173369824886322,
3825646,2015-10-31,11,La Liga,27,male,Villarreal,Sevilla,elite,experiment4_reduced_feature_robustness,1,142,D-Aggregate-reduced,1,0,0.02684844844043255,
3825647,2015-10-31,11,La Liga,27,male,Valencia,Levante UD,elite,experiment4_reduced_feature_robustness,1,142,D-Aggregate-reduced,1,0,0.013358741998672485,
3825648,2015-11-01,11,La Liga,27,male,Eibar,Rayo Vallecano,elite,experiment4_reduced_feature_robustness,1,142,D-Aggregate-reduced,1,0,0.32018500566482544,
3825649,2015-11-01,11,La Liga,27,male,Sporting Gijón,Málaga,elite,experiment4_reduced_feature_robustness,1,142,D-Aggregate-reduced,1,0,0.12511299550533295,
3825650,2015-11-01,11,La Liga,27,male,Real Betis,Athletic Club,elite,experiment4_reduced_feature_robustness,1,142,D-Aggregate-reduced,0,0,0.26368817687034607,
3825651,2015-11-01,11,La Liga,27,male,Espanyol,Granada,elite,experiment4_reduced_feature_robustness,1,142,D-Aggregate-reduced,0,0,0.05734631419181824,
3825652,2015-11-06,11,La Liga,27,male,Las Palmas,Real Sociedad,elite,experiment4_reduced_feature_robustness,1,142,D-Aggregate-reduced,1,0,0.02796105481684208,
3825653,2015-11-07,11,La Liga,27,male,Eibar,Getafe,elite,experiment4_reduced_feature_robustness,1,142,D-Aggregate-reduced,1,0,0.11613032221794128,
3825654,2015-11-07,11,La Liga,27,male,Celta Vigo,Valencia,elite,experiment4_reduced_feature_robustness,1,142,D-Aggregate-reduced,0,0,0.04697732254862785,
3825655,2015-11-07,11,La Liga,27,male,Rayo Vallecano,Granada,elite,experiment4_reduced_feature_robustness,1,142,D-Aggregate-reduced,1,0,0.031023850664496422,
3825656,2015-11-07,11,La Liga,27,male,Levante UD,RC Deportivo La Coruña,elite,experiment4_reduced_feature_robustness,1,142,D-Aggregate-reduced,0,0,0.09351776540279388,
3825657,2015-11-07,11,La Liga,27,male,Málaga,Real Betis,elite,experiment4_reduced_feature_robustness,1,142,D-Aggregate-reduced,0,0,0.13892339169979095,
3825658,2015-11-08,11,La Liga,27,male,Atlético Madrid,Sporting Gijón,elite,experiment4_reduced_feature_robustness,1,142,D-Aggregate-reduced,1,1,0.7810360193252563,
3825659,2015-11-08,11,La Liga,27,male,Athletic Club,Espanyol,elite,experiment4_reduced_feature_robustness,1,142,D-Aggregate-reduced,1,0,0.23069146275520325,
3825660,2015-11-08,11,La Liga,27,male,Barcelona,Villarreal,elite,experiment4_reduced_feature_robustness,1,142,D-Aggregate-reduced,1,1,0.9730318784713745,
3825661,2015-11-08,11,La Liga,27,male,Sevilla,Real Madrid,elite,experiment4_reduced_feature_robustness,1,142,D-Aggregate-reduced,1,1,0.545504629611969,
266424,2015-11-21,11,La Liga,27,male,Real Madrid,Barcelona,elite,experiment4_reduced_feature_robustness,1,142,D-Aggregate-reduced,0,0,0.06733917444944382,
3825662,2015-11-21,11,La Liga,27,male,RC Deportivo La Coruña,Celta Vigo,elite,experiment4_reduced_feature_robustness,1,142,D-Aggregate-reduced,1,0,0.22157612442970276,
3825663,2015-11-21,11,La Liga,27,male,Espanyol,Málaga,elite,experiment4_reduced_feature_robustness,1,142,D-Aggregate-reduced,1,0,0.02580157294869423,
3825664,2015-11-21,11,La Liga,27,male,Real Sociedad,Sevilla,elite,experiment4_reduced_feature_robustness,1,142,D-Aggregate-reduced,1,0,0.30584293603897095,
3825888,2015-11-21,11,La Liga,27,male,Valencia,Las Palmas,elite,experiment4_reduced_feature_robustness,1,142,D-Aggregate-reduced,0,0,0.08527332544326782,
3825665,2015-11-22,11,La Liga,27,male,Granada,Athletic Club,elite,experiment4_reduced_feature_robustness,1,142,D-Aggregate-reduced,1,0,0.0729265883564949,
3825666,2015-11-22,11,La Liga,27,male,Real Betis,Atlético Madrid,elite,experiment4_reduced_feature_robustness,1,142,D-Aggregate-reduced,0,0,0.055601298809051514,
3825667,2015-11-22,11,La Liga,27,male,Villarreal,Eibar,elite,experiment4_reduced_feature_robustness,1,142,D-Aggregate-reduced,0,0,0.2622796297073364,
3825668,2015-11-22,11,La Liga,27,male,Sporting Gijón,Levante UD,elite,experiment4_reduced_feature_robustness,1,142,D-Aggregate-reduced,0,0,0.2678805887699127,
3825669,2015-11-23,11,La Liga,27,male,Getafe,Rayo Vallecano,elite,experiment4_reduced_feature_robustness,1,142,D-Aggregate-reduced,0,0,0.03263683244585991,
3825670,2015-11-27,11,La Liga,27,male,Levante UD,Real Betis,elite,experiment4_reduced_feature_robustness,1,142,D-Aggregate-reduced,0,1,0.687789797782898,
266885,2015-11-28,11,La Liga,27,male,Barcelona,Real Sociedad,elite,experiment4_reduced_feature_robustness,1,142,D-Aggregate-reduced,1,0,0.3449689745903015,
3825671,2015-11-28,11,La Liga,27,male,Celta Vigo,Sporting Gijón,elite,experiment4_reduced_feature_robustness,1,142,D-Aggregate-reduced,1,1,0.940181314945221,
3825672,2015-11-28,11,La Liga,27,male,Málaga,Granada,elite,experiment4_reduced_feature_robustness,1,142,D-Aggregate-reduced,0,0,0.1018742248415947,
3825673,2015-11-28,11,La Liga,27,male,Las Palmas,RC Deportivo La Coruña,elite,experiment4_reduced_feature_robustness,1,142,D-Aggregate-reduced,0,1,0.8461945056915283,
3825674,2015-11-28,11,La Liga,27,male,Atlético Madrid,Espanyol,elite,experiment4_reduced_feature_robustness,1,142,D-Aggregate-reduced,1,0,0.15500615537166595,
3825675,2015-11-29,11,La Liga,27,male,Rayo Vallecano,Athletic Club,elite,experiment4_reduced_feature_robustness,1,142,D-Aggregate-reduced,0,1,0.8523960709571838,
3825676,2015-11-29,11,La Liga,27,male,Getafe,Villarreal,elite,experiment4_reduced_feature_robustness,1,142,D-Aggregate-reduced,1,1,0.576318085193634,
3825677,2015-11-29,11,La Liga,27,male,Sevilla,Valencia,elite,experiment4_reduced_feature_robustness,1,142,D-Aggregate-reduced,1,1,0.8789207935333252,
3825678,2015-11-29,11,La Liga,27,male,Eibar,Real Madrid,elite,experiment4_reduced_feature_robustness,1,142,D-Aggregate-reduced,0,0,0.03844323381781578,
267274,2015-12-05,11,La Liga,27,male,Valencia,Barcelona,elite,experiment4_reduced_feature_robustness,1,142,D-Aggregate-reduced,0,0,0.13940595090389252,
3825679,2015-12-05,11,La Liga,27,male,Real Betis,Celta Vigo,elite,experiment4_reduced_feature_robustness,1,142,D-Aggregate-reduced,0,0,0.04237708821892738,
3825680,2015-12-05,11,La Liga,27,male,RC Deportivo La Coruña,Sevilla,elite,experiment4_reduced_feature_robustness,1,142,D-Aggregate-reduced,0,0,0.14757972955703735,
3825681,2015-12-05,11,La Liga,27,male,Real Madrid,Getafe,elite,experiment4_reduced_feature_robustness,1,142,D-Aggregate-reduced,1,1,0.7311906218528748,
3825682,2015-12-05,11,La Liga,27,male,Granada,Atlético Madrid,elite,experiment4_reduced_feature_robustness,1,142,D-Aggregate-reduced,0,0,0.10191880166530609,
3825683,2015-12-06,11,La Liga,27,male,Real Sociedad,Eibar,elite,experiment4_reduced_feature_robustness,1,142,D-Aggregate-reduced,1,1,0.834069550037384,
3825684,2015-12-06,11,La Liga,27,male,Villarreal,Rayo Vallecano,elite,experiment4_reduced_feature_robustness,1,142,D-Aggregate-reduced,1,0,0.18100672960281372,
3825685,2015-12-06,11,La Liga,27,male,Sporting Gijón,Las Palmas,elite,experiment4_reduced_feature_robustness,1,142,D-Aggregate-reduced,1,0,0.10265827924013138,
3825686,2015-12-06,11,La Liga,27,male,Athletic Club,Málaga,elite,experiment4_reduced_feature_robustness,1,142,D-Aggregate-reduced,0,1,0.5658316612243652,
3825687,2015-12-07,11,La Liga,27,male,Espanyol,Levante UD,elite,experiment4_reduced_feature_robustness,1,142,D-Aggregate-reduced,0,0,0.14456169307231903,
3825688,2015-12-11,11,La Liga,27,male,Getafe,Real Sociedad,elite,experiment4_reduced_feature_robustness,1,142,D-Aggregate-reduced,0,0,0.028334856033325195,
266961,2015-12-12,11,La Liga,27,male,Barcelona,RC Deportivo La Coruña,elite,experiment4_reduced_feature_robustness,1,142,D-Aggregate-reduced,0,1,0.9272670745849609,
3825689,2015-12-12,11,La Liga,27,male,Celta Vigo,Espanyol,elite,experiment4_reduced_feature_robustness,1,142,D-Aggregate-reduced,1,0,0.1794457882642746,
3825690,2015-12-12,11,La Liga,27,male,Las Palmas,Real Betis,elite,experiment4_reduced_feature_robustness,1,142,D-Aggregate-reduced,1,1,0.8882120847702026,
3825691,2015-12-12,11,La Liga,27,male,Levante UD,Granada,elite,experiment4_reduced_feature_robustness,1,142,D-Aggregate-reduced,0,0,0.1357700526714325,
3825692,2015-12-12,11,La Liga,27,male,Sevilla,Sporting Gijón,elite,experiment4_reduced_feature_robustness,1,142,D-Aggregate-reduced,1,0,0.3123120367527008,
3825693,2015-12-13,11,La Liga,27,male,Atlético Madrid,Athletic Club,elite,experiment4_reduced_feature_robustness,1,142,D-Aggregate-reduced,1,0,0.0421503484249115,
3825694,2015-12-13,11,La Liga,27,male,Eibar,Valencia,elite,experiment4_reduced_feature_robustness,1,142,D-Aggregate-reduced,0,0,0.07538540661334991,
3825695,2015-12-13,11,La Liga,27,male,Villarreal,Real Madrid,elite,experiment4_reduced_feature_robustness,1,142,D-Aggregate-reduced,1,0,0.09812092036008835,
3825696,2015-12-13,11,La Liga,27,male,Rayo Vallecano,Málaga,elite,experiment4_reduced_feature_robustness,1,142,D-Aggregate-reduced,0,0,0.2631300389766693,
3825697,2015-12-19,11,La Liga,27,male,Valencia,Getafe,elite,experiment4_reduced_feature_robustness,1,142,D-Aggregate-reduced,0,0,0.3487145006656647,
3825698,2015-12-19,11,La Liga,27,male,RC Deportivo La Coruña,Eibar,elite,experiment4_reduced_feature_robustness,1,142,D-Aggregate-reduced,1,0,0.03290537744760513,
3825699,2015-12-19,11,La Liga,27,male,Real Betis,Sevilla,elite,experiment4_reduced_feature_robustness,1,142,D-Aggregate-reduced,0,0,0.10725927352905273,
3825891,2015-12-19,11,La Liga,27,male,Espanyol,Las Palmas,elite,experiment4_reduced_feature_robustness,1,142,D-Aggregate-reduced,1,0,0.03922213986515999,
3825700,2015-12-20,11,La Liga,27,male,Real Madrid,Rayo Vallecano,elite,experiment4_reduced_feature_robustness,1,142,D-Aggregate-reduced,1,1,0.9397242069244385,
3825701,2015-12-20,11,La Liga,27,male,Málaga,Atlético Madrid,elite,experiment4_reduced_feature_robustness,1,142,D-Aggregate-reduced,1,1,0.9658428430557251,
3825702,2015-12-20,11,La Liga,27,male,Real Sociedad,Villarreal,elite,experiment4_reduced_feature_robustness,1,142,D-Aggregate-reduced,0,1,0.8232865333557129,
3825703,2015-12-20,11,La Liga,27,male,Athletic Club,Levante UD,elite,experiment4_reduced_feature_robustness,1,142,D-Aggregate-reduced,1,0,0.17441466450691223,
3825704,2015-12-20,11,La Liga,27,male,Granada,Celta Vigo,elite,experiment4_reduced_feature_robustness,1,142,D-Aggregate-reduced,0,1,0.5827413201332092,
267327,2015-12-30,11,La Liga,27,male,Barcelona,Real Betis,elite,experiment4_reduced_feature_robustness,1,142,D-Aggregate-reduced,1,1,0.9184750318527222,
3825705,2015-12-30,11,La Liga,27,male,Eibar,Sporting Gijón,elite,experiment4_reduced_feature_robustness,1,142,D-Aggregate-reduced,1,0,0.2019241452217102,
3825706,2015-12-30,11,La Liga,27,male,Celta Vigo,Athletic Club,elite,experiment4_reduced_feature_robustness,1,142,D-Aggregate-reduced,0,1,0.8966754078865051,
3825707,2015-12-30,11,La Liga,27,male,Las Palmas,Granada,elite,experiment4_reduced_feature_robustness,1,142,D-Aggregate-reduced,1,1,0.6179085373878479,
3825708,2015-12-30,11,La Liga,27,male,Levante UD,Málaga,elite,experiment4_reduced_feature_robustness,1,142,D-Aggregate-reduced,0,1,0.5445731282234192,
3825709,2015-12-30,11,La Liga,27,male,Sevilla,Espanyol,elite,experiment4_reduced_feature_robustness,1,142,D-Aggregate-reduced,1,0,0.1684182733297348,
3825710,2015-12-30,11,La Liga,27,male,Real Madrid,Real Sociedad,elite,experiment4_reduced_feature_robustness,1,142,D-Aggregate-reduced,1,1,0.9040912389755249,
3825711,2015-12-30,11,La Liga,27,male,Rayo Vallecano,Atlético Madrid,elite,experiment4_reduced_feature_robustness,1,142,D-Aggregate-reduced,0,0,0.09934025257825851,
3825712,2015-12-30,11,La Liga,27,male,Getafe,RC Deportivo La Coruña,elite,experiment4_reduced_feature_robustness,1,142,D-Aggregate-reduced,0,0,0.07513280212879181,
3825713,2015-12-31,11,La Liga,27,male,Villarreal,Valencia,elite,experiment4_reduced_feature_robustness,1,142,D-Aggregate-reduced,1,0,0.037052445113658905,
266670,2016-01-02,11,La Liga,27,male,Espanyol,Barcelona,elite,experiment4_reduced_feature_robustness,1,142,D-Aggregate-reduced,0,0,0.04778307303786278,
3825714,2016-01-02,11,La Liga,27,male,Atlético Madrid,Levante UD,elite,experiment4_reduced_feature_robustness,1,142,D-Aggregate-reduced,1,0,0.4886431396007538,
3825715,2016-01-02,11,La Liga,27,male,Málaga,Celta Vigo,elite,experiment4_reduced_feature_robustness,1,142,D-Aggregate-reduced,1,0,0.03335381671786308,
3825716,2016-01-03,11,La Liga,27,male,Rayo Vallecano,Real Sociedad,elite,experiment4_reduced_feature_robustness,1,142,D-Aggregate-reduced,0,0,0.03136170282959938,
3825717,2016-01-03,11,La Liga,27,male,Granada,Sevilla,elite,experiment4_reduced_feature_robustness,1,142,D-Aggregate-reduced,1,0,0.21143335103988647,
3825718,2016-01-03,11,La Liga,27,male,Valencia,Real Madrid,elite,experiment4_reduced_feature_robustness,1,142,D-Aggregate-reduced,0,0,0.4463607370853424,
3825719,2016-01-03,11,La Liga,27,male,Athletic Club,Las Palmas,elite,experiment4_reduced_feature_robustness,1,142,D-Aggregate-reduced,0,0,0.42294546961784363,
3825720,2016-01-03,11,La Liga,27,male,Real Betis,Eibar,elite,experiment4_reduced_feature_robustness,1,142,D-Aggregate-reduced,0,0,0.3488232493400574,
3825721,2016-01-03,11,La Liga,27,male,RC Deportivo La Coruña,Villarreal,elite,experiment4_reduced_feature_robustness,1,142,D-Aggregate-reduced,0,0,0.38992786407470703,
3825722,2016-01-04,11,La Liga,27,male,Sporting Gijón,Getafe,elite,experiment4_reduced_feature_robustness,1,142,D-Aggregate-reduced,0,0,0.19903722405433655,
266620,2016-01-09,11,La Liga,27,male,Barcelona,Granada,elite,experiment4_reduced_feature_robustness,1,142,D-Aggregate-reduced,1,1,0.6884955763816833,
3825723,2016-01-09,11,La Liga,27,male,Levante UD,Rayo Vallecano,elite,experiment4_reduced_feature_robustness,1,142,D-Aggregate-reduced,1,0,0.14569541811943054,
3825724,2016-01-09,11,La Liga,27,male,Real Madrid,RC Deportivo La Coruña,elite,experiment4_reduced_feature_robustness,1,142,D-Aggregate-reduced,1,1,0.9462552070617676,
3825725,2016-01-09,11,La Liga,27,male,Getafe,Real Betis,elite,experiment4_reduced_feature_robustness,1,142,D-Aggregate-reduced,1,0,0.046937599778175354,
3825726,2016-01-09,11,La Liga,27,male,Sevilla,Athletic Club,elite,experiment4_reduced_feature_robustness,1,142,D-Aggregate-reduced,1,0,0.4253498613834381,
3825727,2016-01-10,11,La Liga,27,male,Eibar,Espanyol,elite,experiment4_reduced_feature_robustness,1,142,D-Aggregate-reduced,1,0,0.02368137799203396,
3825728,2016-01-10,11,La Liga,27,male,Celta Vigo,Atlético Madrid,elite,experiment4_reduced_feature_robustness,1,142,D-Aggregate-reduced,0,1,0.5521862506866455,
3825729,2016-01-10,11,La Liga,27,male,Villarreal,Sporting Gijón,elite,experiment4_reduced_feature_robustness,1,142,D-Aggregate-reduced,1,0,0.14828553795814514,
3825730,2016-01-10,11,La Liga,27,male,Real Sociedad,Valencia,elite,experiment4_reduced_feature_robustness,1,142,D-Aggregate-reduced,1,0,0.3072623312473297,
3825731,2016-01-10,11,La Liga,27,male,Las Palmas,Málaga,elite,experiment4_reduced_feature_robustness,1,142,D-Aggregate-reduced,0,0,0.1430772989988327,
3825732,2016-01-16,11,La Liga,27,male,Celta Vigo,Levante UD,elite,experiment4_reduced_feature_robustness,1,142,D-Aggregate-reduced,1,1,0.9122635126113892,
3825733,2016-01-16,11,La Liga,27,male,Sevilla,Málaga,elite,experiment4_reduced_feature_robustness,1,142,D-Aggregate-reduced,1,0,0.14711053669452667,
3825734,2016-01-16,11,La Liga,27,male,Real Sociedad,RC Deportivo La Coruña,elite,experiment4_reduced_feature_robustness,1,142,D-Aggregate-reduced,0,1,0.9490267634391785,
3825735,2016-01-16,11,La Liga,27,male,Villarreal,Real Betis,elite,experiment4_reduced_feature_robustness,1,142,D-Aggregate-reduced,0,1,0.8682485222816467,
266149,2016-01-17,11,La Liga,27,male,Barcelona,Athletic Club,elite,experiment4_reduced_feature_robustness,1,142,D-Aggregate-reduced,1,0,0.4333769977092743,
3825736,2016-01-17,11,La Liga,27,male,Valencia,Rayo Vallecano,elite,experiment4_reduced_feature_robustness,1,142,D-Aggregate-reduced,0,0,0.4719325602054596,
3825737,2016-01-17,11,La Liga,27,male,Getafe,Espanyol,elite,experiment4_reduced_feature_robustness,1,142,D-Aggregate-reduced,1,1,0.6936029195785522,
3825738,2016-01-17,11,La Liga,27,male,Las Palmas,Atlético Madrid,elite,experiment4_reduced_feature_robustness,1,142,D-Aggregate-reduced,0,1,0.9180803894996643,
3825739,2016-01-17,11,La Liga,27,male,Real Madrid,Sporting Gijón,elite,experiment4_reduced_feature_robustness,1,142,D-Aggregate-reduced,1,1,0.9809642434120178,
3825740,2016-01-18,11,La Liga,27,male,Eibar,Granada,elite,experiment4_reduced_feature_robustness,1,142,D-Aggregate-reduced,1,0,0.02775583416223526,
3825741,2016-01-22,11,La Liga,27,male,Sporting Gijón,Real Sociedad,elite,experiment4_reduced_feature_robustness,1,142,D-Aggregate-reduced,1,0,0.1084730252623558,
265894,2016-01-23,11,La Liga,27,male,Málaga,Barcelona,elite,experiment4_reduced_feature_robustness,1,142,D-Aggregate-reduced,0,0,0.02509569749236107,
3825742,2016-01-23,11,La Liga,27,male,Granada,Getafe,elite,experiment4_reduced_feature_robustness,1,142,D-Aggregate-reduced,1,0,0.07954763621091843,
3825743,2016-01-23,11,La Liga,27,male,Rayo Vallecano,Celta Vigo,elite,experiment4_reduced_feature_robustness,1,142,D-Aggregate-reduced,1,0,0.10494314134120941,
3825744,2016-01-23,11,La Liga,27,male,Espanyol,Villarreal,elite,experiment4_reduced_feature_robustness,1,142,D-Aggregate-reduced,0,0,0.42547065019607544,
3825745,2016-01-24,11,La Liga,27,male,RC Deportivo La Coruña,Valencia,elite,experiment4_reduced_feature_robustness,1,142,D-Aggregate-reduced,0,0,0.05820852890610695,
3825746,2016-01-24,11,La Liga,27,male,Real Betis,Real Madrid,elite,experiment4_reduced_feature_robustness,1,142,D-Aggregate-reduced,0,0,0.02963544800877571,
3825747,2016-01-24,11,La Liga,27,male,Athletic Club,Eibar,elite,experiment4_reduced_feature_robustness,1,142,D-Aggregate-reduced,1,0,0.14165738224983215,
3825748,2016-01-24,11,La Liga,27,male,Atlético Madrid,Sevilla,elite,experiment4_reduced_feature_robustness,1,142,D-Aggregate-reduced,0,1,0.8327827453613281,
3825749,2016-01-25,11,La Liga,27,male,Levante UD,Las Palmas,elite,experiment4_reduced_feature_robustness,1,142,D-Aggregate-reduced,1,0,0.25168994069099426,
267576,2016-01-30,11,La Liga,27,male,Barcelona,Atlético Madrid,elite,experiment4_reduced_feature_robustness,1,142,D-Aggregate-reduced,1,1,0.8138859868049622,
3825750,2016-01-30,11,La Liga,27,male,Real Sociedad,Real Betis,elite,experiment4_reduced_feature_robustness,1,142,D-Aggregate-reduced,1,0,0.07954763621091843,
3825751,2016-01-30,11,La Liga,27,male,Getafe,Athletic Club,elite,experiment4_reduced_feature_robustness,1,142,D-Aggregate-reduced,0,0,0.3729053735733032,
3825752,2016-01-30,11,La Liga,27,male,Eibar,Málaga,elite,experiment4_reduced_feature_robustness,1,142,D-Aggregate-reduced,0,0,0.10045651346445084,
3825753,2016-01-30,11,La Liga,27,male,Villarreal,Granada,elite,experiment4_reduced_feature_robustness,1,142,D-Aggregate-reduced,1,0,0.21203559637069702,
3825754,2016-01-31,11,La Liga,27,male,Las Palmas,Celta Vigo,elite,experiment4_reduced_feature_robustness,1,142,D-Aggregate-reduced,1,0,0.34374216198921204,
3825755,2016-01-31,11,La Liga,27,male,Valencia,Sporting Gijón,elite,experiment4_reduced_feature_robustness,1,142,D-Aggregate-reduced,0,1,0.8043982982635498,
3825756,2016-01-31,11,La Liga,27,male,Sevilla,Levante UD,elite,experiment4_reduced_feature_robustness,1,142,D-Aggregate-reduced,1,0,0.19718800485134125,
3825757,2016-01-31,11,La Liga,27,male,Real Madrid,Espanyol,elite,experiment4_reduced_feature_robustness,1,142,D-Aggregate-reduced,1,1,0.7767539024353027,
3825758,2016-02-01,11,La Liga,27,male,RC Deportivo La Coruña,Rayo Vallecano,elite,experiment4_reduced_feature_robustness,1,142,D-Aggregate-reduced,0,0,0.0897803008556366,
3825759,2016-02-05,11,La Liga,27,male,Málaga,Getafe,elite,experiment4_reduced_feature_robustness,1,142,D-Aggregate-reduced,1,0,0.022703835740685463,
3825760,2016-02-06,11,La Liga,27,male,Atlético Madrid,Eibar,elite,experiment4_reduced_feature_robustness,1,142,D-Aggregate-reduced,1,0,0.07533105462789536,
3825761,2016-02-06,11,La Liga,27,male,Athletic Club,Villarreal,elite,experiment4_reduced_feature_robustness,1,142,D-Aggregate-reduced,0,1,0.833152711391449,
3825762,2016-02-06,11,La Liga,27,male,Sporting Gijón,RC Deportivo La Coruña,elite,experiment4_reduced_feature_robustness,1,142,D-Aggregate-reduced,0,0,0.38653022050857544,
3825763,2016-02-06,11,La Liga,27,male,Rayo Vallecano,Las Palmas,elite,experiment4_reduced_feature_robustness,1,142,D-Aggregate-reduced,1,0,0.2666116952896118,
266160,2016-02-07,11,La Liga,27,male,Levante UD,Barcelona,elite,experiment4_reduced_feature_robustness,1,142,D-Aggregate-reduced,0,0,0.05052569881081581,
3825764,2016-02-07,11,La Liga,27,male,Granada,Real Madrid,elite,experiment4_reduced_feature_robustness,1,142,D-Aggregate-reduced,0,0,0.3854003846645355,
3825765,2016-02-07,11,La Liga,27,male,Celta Vigo,Sevilla,elite,experiment4_reduced_feature_robustness,1,142,D-Aggregate-reduced,0,1,0.9682685136795044,
3825766,2016-02-07,11,La Liga,27,male,Real Betis,Valencia,elite,experiment4_reduced_feature_robustness,1,142,D-Aggregate-reduced,1,0,0.06535559147596359,
3825767,2016-02-08,11,La Liga,27,male,Espanyol,Real Sociedad,elite,experiment4_reduced_feature_robustness,1,142,D-Aggregate-reduced,0,1,0.8758262991905212,
3825768,2016-02-12,11,La Liga,27,male,Sporting Gijón,Rayo Vallecano,elite,experiment4_reduced_feature_robustness,1,142,D-Aggregate-reduced,0,0,0.39184263348579407,
3825769,2016-02-13,11,La Liga,27,male,Villarreal,Málaga,elite,experiment4_reduced_feature_robustness,1,142,D-Aggregate-reduced,1,0,0.16272857785224915,
3825770,2016-02-13,11,La Liga,27,male,Real Madrid,Athletic Club,elite,experiment4_reduced_feature_robustness,1,142,D-Aggregate-reduced,1,1,0.9234482645988464,
3825771,2016-02-13,11,La Liga,27,male,RC Deportivo La Coruña,Real Betis,elite,experiment4_reduced_feature_robustness,1,142,D-Aggregate-reduced,0,0,0.026090966537594795,
3825772,2016-02-13,11,La Liga,27,male,Valencia,Espanyol,elite,experiment4_reduced_feature_robustness,1,142,D-Aggregate-reduced,1,0,0.06662352383136749,
266254,2016-02-14,11,La Liga,27,male,Barcelona,Celta Vigo,elite,experiment4_reduced_feature_robustness,1,142,D-Aggregate-reduced,1,1,0.8408039212226868,
3825773,2016-02-14,11,La Liga,27,male,Eibar,Levante UD,elite,experiment4_reduced_feature_robustness,1,142,D-Aggregate-reduced,1,0,0.03778725489974022,
3825774,2016-02-14,11,La Liga,27,male,Getafe,Atlético Madrid,elite,experiment4_reduced_feature_robustness,1,142,D-Aggregate-reduced,0,1,0.940165638923645,
3825775,2016-02-14,11,La Liga,27,male,Real Sociedad,Granada,elite,experiment4_reduced_feature_robustness,1,142,D-Aggregate-reduced,1,0,0.02395111322402954,
3825776,2016-02-14,11,La Liga,27,male,Sevilla,Las Palmas,elite,experiment4_reduced_feature_robustness,1,142,D-Aggregate-reduced,1,1,0.8941189646720886,
266815,2016-02-17,11,La Liga,27,male,Sporting Gijón,Barcelona,elite,experiment4_reduced_feature_robustness,1,142,D-Aggregate-reduced,0,0,0.06272227317094803,
3825777,2016-02-19,11,La Liga,27,male,Levante UD,Getafe,elite,experiment4_reduced_feature_robustness,1,142,D-Aggregate-reduced,1,0,0.3089936375617981,
267273,2016-02-20,11,La Liga,27,male,Las Palmas,Barcelona,elite,experiment4_reduced_feature_robustness,1,142,D-Aggregate-reduced,0,1,0.9272316098213196,
3825778,2016-02-20,11,La Liga,27,male,Real Betis,Sporting Gijón,elite,experiment4_reduced_feature_robustness,1,142,D-Aggregate-reduced,0,0,0.037509188055992126,
3825779,2016-02-20,11,La Liga,27,male,Celta Vigo,Eibar,elite,experiment4_reduced_feature_robustness,1,142,D-Aggregate-reduced,1,1,0.9446265697479248,
3825780,2016-02-20,11,La Liga,27,male,Espanyol,RC Deportivo La Coruña,elite,experiment4_reduced_feature_robustness,1,142,D-Aggregate-reduced,1,0,0.44985055923461914,
3825781,2016-02-21,11,La Liga,27,male,Rayo Vallecano,Sevilla,elite,experiment4_reduced_feature_robustness,1,142,D-Aggregate-reduced,0,0,0.04176623001694679,
3825782,2016-02-21,11,La Liga,27,male,Granada,Valencia,elite,experiment4_reduced_feature_robustness,1,142,D-Aggregate-reduced,0,0,0.43484634160995483,
3825783,2016-02-21,11,La Liga,27,male,Athletic Club,Real Sociedad,elite,experiment4_reduced_feature_robustness,1,142,D-Aggregate-reduced,0,0,0.14775122702121735,
3825784,2016-02-21,11,La Liga,27,male,Atlético Madrid,Villarreal,elite,experiment4_reduced_feature_robustness,1,142,D-Aggregate-reduced,0,1,0.8928961753845215,
3825785,2016-02-21,11,La Liga,27,male,Málaga,Real Madrid,elite,experiment4_reduced_feature_robustness,1,142,D-Aggregate-reduced,0,0,0.26027604937553406,
3825786,2016-02-26,11,La Liga,27,male,Eibar,Las Palmas,elite,experiment4_reduced_feature_robustness,1,142,D-Aggregate-reduced,0,0,0.04237708821892738,
3825787,2016-02-27,11,La Liga,27,male,Real Madrid,Atlético Madrid,elite,experiment4_reduced_feature_robustness,2,242,B-GNN-reduced,0,1,0.6794054508209229,
3825788,2016-02-27,11,La Liga,27,male,Getafe,Celta Vigo,elite,experiment4_reduced_feature_robustness,2,242,B-GNN-reduced,0,0,0.4583034813404083,
3825789,2016-02-27,11,La Liga,27,male,Real Sociedad,Málaga,elite,experiment4_reduced_feature_robustness,2,242,B-GNN-reduced,0,1,0.5631123185157776,
3825790,2016-02-27,11,La Liga,27,male,Sporting Gijón,Espanyol,elite,experiment4_reduced_feature_robustness,2,242,B-GNN-reduced,0,0,0.4852202832698822,
3825791,2016-02-27,11,La Liga,27,male,Real Betis,Rayo Vallecano,elite,experiment4_reduced_feature_robustness,2,242,B-GNN-reduced,0,0,0.392596036195755,
265839,2016-02-28,11,La Liga,27,male,Barcelona,Sevilla,elite,experiment4_reduced_feature_robustness,2,242,B-GNN-reduced,1,0,0.48099812865257263,
3825792,2016-02-28,11,La Liga,27,male,RC Deportivo La Coruña,Granada,elite,experiment4_reduced_feature_robustness,2,242,B-GNN-reduced,0,1,0.6141291856765747,
3825793,2016-02-28,11,La Liga,27,male,Valencia,Athletic Club,elite,experiment4_reduced_feature_robustness,2,242,B-GNN-reduced,0,1,0.5515827536582947,
3825794,2016-02-28,11,La Liga,27,male,Villarreal,Levante UD,elite,experiment4_reduced_feature_robustness,2,242,B-GNN-reduced,1,1,0.6420770287513733,
3825795,2016-03-01,11,La Liga,27,male,Atlético Madrid,Real Sociedad,elite,experiment4_reduced_feature_robustness,2,242,B-GNN-reduced,1,1,0.7504773736000061,
3825796,2016-03-01,11,La Liga,27,male,Las Palmas,Getafe,elite,experiment4_reduced_feature_robustness,2,242,B-GNN-reduced,1,1,0.5006616115570068,
3825797,2016-03-02,11,La Liga,27,male,Athletic Club,RC Deportivo La Coruña,elite,experiment4_reduced_feature_robustness,2,242,B-GNN-reduced,1,1,0.5468040704727173,
3825798,2016-03-02,11,La Liga,27,male,Levante UD,Real Madrid,elite,experiment4_reduced_feature_robustness,2,242,B-GNN-reduced,0,0,0.4807455539703369,
3825799,2016-03-02,11,La Liga,27,male,Málaga,Valencia,elite,experiment4_reduced_feature_robustness,2,242,B-GNN-reduced,0,0,0.4138610363006592,
3825800,2016-03-02,11,La Liga,27,male,Celta Vigo,Villarreal,elite,experiment4_reduced_feature_robustness,2,242,B-GNN-reduced,0,1,0.7346280813217163,
3825801,2016-03-02,11,La Liga,27,male,Sevilla,Eibar,elite,experiment4_reduced_feature_robustness,2,242,B-GNN-reduced,1,1,0.5838893055915833,
266653,2016-03-03,11,La Liga,27,male,Rayo Vallecano,Barcelona,elite,experiment4_reduced_feature_robustness,2,242,B-GNN-reduced,0,0,0.44026753306388855,
3825802,2016-03-03,11,La Liga,27,male,Espanyol,Real Betis,elite,experiment4_reduced_feature_robustness,2,242,B-GNN-reduced,0,0,0.3093196749687195,
3825803,2016-03-03,11,La Liga,27,male,Granada,Sporting Gijón,elite,experiment4_reduced_feature_robustness,2,242,B-GNN-reduced,1,0,0.4957418143749237,
3825804,2016-03-05,11,La Liga,27,male,RC Deportivo La Coruña,Málaga,elite,experiment4_reduced_feature_robustness,2,242,B-GNN-reduced,0,0,0.48563092947006226,
3825805,2016-03-05,11,La Liga,27,male,Villarreal,Las Palmas,elite,experiment4_reduced_feature_robustness,2,242,B-GNN-reduced,0,0,0.49999362230300903,
3825806,2016-03-05,11,La Liga,27,male,Real Madrid,Celta Vigo,elite,experiment4_reduced_feature_robustness,2,242,B-GNN-reduced,1,1,0.647312581539154,
3825867,2016-03-05,11,La Liga,27,male,Getafe,Sevilla,elite,experiment4_reduced_feature_robustness,2,242,B-GNN-reduced,0,0,0.42580753564834595,
266056,2016-03-06,11,La Liga,27,male,Eibar,Barcelona,elite,experiment4_reduced_feature_robustness,2,242,B-GNN-reduced,0,0,0.4858933687210083,
3825807,2016-03-06,11,La Liga,27,male,Valencia,Atlético Madrid,elite,experiment4_reduced_feature_robustness,2,242,B-GNN-reduced,0,0,0.4441339373588562,
3825808,2016-03-06,11,La Liga,27,male,Sporting Gijón,Athletic Club,elite,experiment4_reduced_feature_robustness,2,242,B-GNN-reduced,0,0,0.4102877378463745,
3825809,2016-03-06,11,La Liga,27,male,Real Betis,Granada,elite,experiment4_reduced_feature_robustness,2,242,B-GNN-reduced,1,0,0.39222079515457153,
3825810,2016-03-06,11,La Liga,27,male,Real Sociedad,Levante UD,elite,experiment4_reduced_feature_robustness,2,242,B-GNN-reduced,0,1,0.5101613402366638,
3825811,2016-03-07,11,La Liga,27,male,Espanyol,Rayo Vallecano,elite,experiment4_reduced_feature_robustness,2,242,B-GNN-reduced,1,0,0.45677947998046875,
3825812,2016-03-11,11,La Liga,27,male,Málaga,Sporting Gijón,elite,experiment4_reduced_feature_robustness,2,242,B-GNN-reduced,1,0,0.45361924171447754,
266498,2016-03-12,11,La Liga,27,male,Barcelona,Getafe,elite,experiment4_reduced_feature_robustness,2,242,B-GNN-reduced,1,1,0.5996254682540894,
3825813,2016-03-12,11,La Liga,27,male,Atlético Madrid,RC Deportivo La Coruña,elite,experiment4_reduced_feature_robustness,2,242,B-GNN-reduced,1,1,0.7453843355178833,
3825814,2016-03-12,11,La Liga,27,male,Celta Vigo,Real Sociedad,elite,experiment4_reduced_feature_robustness,2,242,B-GNN-reduced,1,0,0.4104923903942108,
3825858,2016-03-12,11,La Liga,27,male,Rayo Vallecano,Eibar,elite,experiment4_reduced_feature_robustness,2,242,B-GNN-reduced,0,1,0.5024158358573914,
3825815,2016-03-13,11,La Liga,27,male,Levante UD,Valencia,elite,experiment4_reduced_feature_robustness,2,242,B-GNN-reduced,1,0,0.3997912108898163,
3825816,2016-03-13,11,La Liga,27,male,Sevilla,Villarreal,elite,experiment4_reduced_feature_robustness,2,242,B-GNN-reduced,1,1,0.5512819886207581,
3825844,2016-03-13,11,La Liga,27,male,Athletic Club,Real Betis,elite,experiment4_reduced_feature_robustness,2,242,B-GNN-reduced,1,0,0.41391170024871826,
3825879,2016-03-13,11,La Liga,27,male,Las Palmas,Real Madrid,elite,experiment4_reduced_feature_robustness,2,242,B-GNN-reduced,0,1,0.6870136260986328,
3825881,2016-03-14,11,La Liga,27,male,Granada,Espanyol,elite,experiment4_reduced_feature_robustness,2,242,B-GNN-reduced,0,0,0.3697168529033661,
3825817,2016-03-18,11,La Liga,27,male,Getafe,Eibar,elite,experiment4_reduced_feature_robustness,2,242,B-GNN-reduced,0,0,0.41835370659828186,
3825818,2016-03-19,11,La Liga,27,male,Real Sociedad,Las Palmas,elite,experiment4_reduced_feature_robustness,2,242,B-GNN-reduced,0,0,0.41543200612068176,
3825880,2016-03-19,11,La Liga,27,male,RC Deportivo La Coruña,Levante UD,elite,experiment4_reduced_feature_robustness,2,242,B-GNN-reduced,1,1,0.6321801543235779,
3825887,2016-03-19,11,La Liga,27,male,Granada,Rayo Vallecano,elite,experiment4_reduced_feature_robustness,2,242,B-GNN-reduced,0,0,0.43158382177352905,
3825903,2016-03-19,11,La Liga,27,male,Real Betis,Málaga,elite,experiment4_reduced_feature_robustness,2,242,B-GNN-reduced,0,0,0.48871779441833496,
3825907,2016-03-19,11,La Liga,27,male,Sporting Gijón,Atlético Madrid,elite,experiment4_reduced_feature_robustness,2,242,B-GNN-reduced,1,0,0.481831818819046,
266106,2016-03-20,11,La Liga,27,male,Villarreal,Barcelona,elite,experiment4_reduced_feature_robustness,2,242,B-GNN-reduced,0,0,0.4913388788700104,
3825819,2016-03-20,11,La Liga,27,male,Valencia,Celta Vigo,elite,experiment4_reduced_feature_robustness,2,242,B-GNN-reduced,0,1,0.5164484977722168,
3825820,2016-03-20,11,La Liga,27,male,Real Madrid,Sevilla,elite,experiment4_reduced_feature_robustness,2,242,B-GNN-reduced,1,1,0.6996503472328186,
3825821,2016-03-20,11,La Liga,27,male,Espanyol,Athletic Club,elite,experiment4_reduced_feature_robustness,2,242,B-GNN-reduced,1,1,0.6025781035423279,
3825885,2016-04-01,11,La Liga,27,male,Rayo Vallecano,Getafe,elite,experiment4_reduced_feature_robustness,2,242,B-GNN-reduced,1,1,0.5096490979194641,
267533,2016-04-02,11,La Liga,27,male,Barcelona,Real Madrid,elite,experiment4_reduced_feature_robustness,2,242,B-GNN-reduced,0,1,0.743340015411377,
3825822,2016-04-02,11,La Liga,27,male,Las Palmas,Valencia,elite,experiment4_reduced_feature_robustness,2,242,B-GNN-reduced,1,1,0.5877941250801086,
3825872,2016-04-02,11,La Liga,27,male,Atlético Madrid,Real Betis,elite,experiment4_reduced_feature_robustness,2,242,B-GNN-reduced,1,0,0.4932324290275574,
3825898,2016-04-02,11,La Liga,27,male,Celta Vigo,RC Deportivo La Coruña,elite,experiment4_reduced_feature_robustness,2,242,B-GNN-reduced,0,1,0.5544682741165161,
3825823,2016-04-03,11,La Liga,27,male,Sevilla,Real Sociedad,elite,experiment4_reduced_feature_robustness,2,242,B-GNN-reduced,0,1,0.623214602470398,
3825824,2016-04-03,11,La Liga,27,male,Eibar,Villarreal,elite,experiment4_reduced_feature_robustness,2,242,B-GNN-reduced,0,0,0.3878937363624573,
3825877,2016-04-03,11,La Liga,27,male,Athletic Club,Granada,elite,experiment4_reduced_feature_robustness,2,242,B-GNN-reduced,0,1,0.6403341293334961,
3825905,2016-04-03,11,La Liga,27,male,Málaga,Espanyol,elite,experiment4_reduced_feature_robustness,2,242,B-GNN-reduced,0,0,0.47798311710357666,
3825825,2016-04-04,11,La Liga,27,male,Levante UD,Sporting Gijón,elite,experiment4_reduced_feature_robustness,2,242,B-GNN-reduced,0,0,0.43166300654411316,
3825826,2016-04-08,11,La Liga,27,male,Granada,Málaga,elite,experiment4_reduced_feature_robustness,2,242,B-GNN-reduced,0,0,0.48555755615234375,
266664,2016-04-09,11,La Liga,27,male,Real Sociedad,Barcelona,elite,experiment4_reduced_feature_robustness,2,242,B-GNN-reduced,1,0,0.4125184416770935,
3825827,2016-04-09,11,La Liga,27,male,Real Betis,Levante UD,elite,experiment4_reduced_feature_robustness,2,242,B-GNN-reduced,1,0,0.49119430780410767,
3825828,2016-04-09,11,La Liga,27,male,Espanyol,Atlético Madrid,elite,experiment4_reduced_feature_robustness,2,242,B-GNN-reduced,0,0,0.4314442276954651,
3825856,2016-04-09,11,La Liga,27,male,Real Madrid,Eibar,elite,experiment4_reduced_feature_robustness,2,242,B-GNN-reduced,1,1,0.6386005282402039,
3825829,2016-04-10,11,La Liga,27,male,Athletic Club,Rayo Vallecano,elite,experiment4_reduced_feature_robustness,2,242,B-GNN-reduced,1,0,0.3809523284435272,
3825830,2016-04-10,11,La Liga,27,male,Villarreal,Getafe,elite,experiment4_reduced_feature_robustness,2,242,B-GNN-reduced,1,0,0.4801124930381775,
3825831,2016-04-10,11,La Liga,27,male,Valencia,Sevilla,elite,experiment4_reduced_feature_robustness,2,242,B-GNN-reduced,1,1,0.5421156883239746,
3825832,2016-04-10,11,La Liga,27,male,Sporting Gijón,Celta Vigo,elite,experiment4_reduced_feature_robustness,2,242,B-GNN-reduced,0,0,0.40409421920776367,
3825863,2016-04-11,11,La Liga,27,male,RC Deportivo La Coruña,Las Palmas,elite,experiment4_reduced_feature_robustness,2,242,B-GNN-reduced,0,0,0.40518370270729065,
3825857,2016-04-15,11,La Liga,27,male,Levante UD,Espanyol,elite,experiment4_reduced_feature_robustness,2,242,B-GNN-reduced,1,0,0.4776016175746918,
3825833,2016-04-16,11,La Liga,27,male,Getafe,Real Madrid,elite,experiment4_reduced_feature_robustness,2,242,B-GNN-reduced,0,0,0.422328382730484,
3825852,2016-04-16,11,La Liga,27,male,Las Palmas,Sporting Gijón,elite,experiment4_reduced_feature_robustness,2,242,B-GNN-reduced,0,1,0.6031644344329834,
3825889,2016-04-16,11,La Liga,27,male,Celta Vigo,Real Betis,elite,experiment4_reduced_feature_robustness,2,242,B-GNN-reduced,0,0,0.3983285129070282,
3825897,2016-04-16,11,La Liga,27,male,Eibar,Real Sociedad,elite,experiment4_reduced_feature_robustness,2,242,B-GNN-reduced,1,0,0.4683738648891449,
266557,2016-04-17,11,La Liga,27,male,Barcelona,Valencia,elite,experiment4_reduced_feature_robustness,2,242,B-GNN-reduced,0,1,0.6326426863670349,
3825834,2016-04-17,11,La Liga,27,male,Atlético Madrid,Granada,elite,experiment4_reduced_feature_robustness,2,242,B-GNN-reduced,1,1,0.569545328617096,
3825835,2016-04-17,11,La Liga,27,male,Málaga,Athletic Club,elite,experiment4_reduced_feature_robustness,2,242,B-GNN-reduced,0,0,0.3938721716403961,
3825836,2016-04-17,11,La Liga,27,male,Rayo Vallecano,Villarreal,elite,experiment4_reduced_feature_robustness,2,242,B-GNN-reduced,1,1,0.6476431488990784,
3825906,2016-04-17,11,La Liga,27,male,Sevilla,RC Deportivo La Coruña,elite,experiment4_reduced_feature_robustness,2,242,B-GNN-reduced,0,1,0.5123996138572693,
3825837,2016-04-19,11,La Liga,27,male,Real Betis,Las Palmas,elite,experiment4_reduced_feature_robustness,2,242,B-GNN-reduced,1,0,0.4719320237636566,
3825862,2016-04-19,11,La Liga,27,male,Espanyol,Celta Vigo,elite,experiment4_reduced_feature_robustness,2,242,B-GNN-reduced,0,0,0.44473645091056824,
266310,2016-04-20,11,La Liga,27,male,RC Deportivo La Coruña,Barcelona,elite,experiment4_reduced_feature_robustness,2,242,B-GNN-reduced,0,0,0.48934701085090637,
3825838,2016-04-20,11,La Liga,27,male,Athletic Club,Atlético Madrid,elite,experiment4_reduced_feature_robustness,2,242,B-GNN-reduced,0,0,0.46778178215026855,
3825839,2016-04-20,11,La Liga,27,male,Sporting Gijón,Sevilla,elite,experiment4_reduced_feature_robustness,2,242,B-GNN-reduced,1,0,0.4709984362125397,
3825840,2016-04-20,11,La Liga,27,male,Valencia,Eibar,elite,experiment4_reduced_feature_robustness,2,242,B-GNN-reduced,1,1,0.6259792447090149,
3825843,2016-04-20,11,La Liga,27,male,Málaga,Rayo Vallecano,elite,experiment4_reduced_feature_robustness,2,242,B-GNN-reduced,0,0,0.47774991393089294,
3825893,2016-04-20,11,La Liga,27,male,Real Madrid,Villarreal,elite,experiment4_reduced_feature_robustness,2,242,B-GNN-reduced,1,1,0.7810268998146057,
3825841,2016-04-21,11,La Liga,27,male,Real Sociedad,Getafe,elite,experiment4_reduced_feature_robustness,2,242,B-GNN-reduced,0,1,0.579230785369873,
3825896,2016-04-21,11,La Liga,27,male,Granada,Levante UD,elite,experiment4_reduced_feature_robustness,2,242,B-GNN-reduced,1,0,0.4817100167274475,
3825871,2016-04-22,11,La Liga,27,male,Las Palmas,Espanyol,elite,experiment4_reduced_feature_robustness,2,242,B-GNN-reduced,1,1,0.5892189741134644,
265944,2016-04-23,11,La Liga,27,male,Barcelona,Sporting Gijón,elite,experiment4_reduced_feature_robustness,2,242,B-GNN-reduced,1,1,0.6642030477523804,
3825847,2016-04-23,11,La Liga,27,male,Eibar,RC Deportivo La Coruña,elite,experiment4_reduced_feature_robustness,2,242,B-GNN-reduced,0,1,0.5226349234580994,
3825886,2016-04-23,11,La Liga,27,male,Rayo Vallecano,Real Madrid,elite,experiment4_reduced_feature_robustness,2,242,B-GNN-reduced,0,0,0.45369747281074524,
3825890,2016-04-23,11,La Liga,27,male,Atlético Madrid,Málaga,elite,experiment4_reduced_feature_robustness,2,242,B-GNN-reduced,1,0,0.4157260060310364,
3825842,2016-04-24,11,La Liga,27,male,Levante UD,Athletic Club,elite,experiment4_reduced_feature_robustness,2,242,B-GNN-reduced,0,0,0.3974356949329376,
3825875,2016-04-24,11,La Liga,27,male,Villarreal,Real Sociedad,elite,experiment4_reduced_feature_robustness,2,242,B-GNN-reduced,0,0,0.4809628129005432,
3825884,2016-04-24,11,La Liga,27,male,Sevilla,Real Betis,elite,experiment4_reduced_feature_robustness,2,242,B-GNN-reduced,1,0,0.4990112781524658,
3825899,2016-04-24,11,La Liga,27,male,Getafe,Valencia,elite,experiment4_reduced_feature_robustness,2,242,B-GNN-reduced,0,0,0.4125341475009918,
3825868,2016-04-25,11,La Liga,27,male,Celta Vigo,Granada,elite,experiment4_reduced_feature_robustness,2,242,B-GNN-reduced,1,1,0.6115939617156982,
3825854,2016-04-29,11,La Liga,27,male,Sporting Gijón,Eibar,elite,experiment4_reduced_feature_robustness,2,242,B-GNN-reduced,1,0,0.46619516611099243,
266986,2016-04-30,11,La Liga,27,male,Real Betis,Barcelona,elite,experiment4_reduced_feature_robustness,2,242,B-GNN-reduced,0,0,0.393390417098999,
3825859,2016-04-30,11,La Liga,27,male,Granada,Las Palmas,elite,experiment4_reduced_feature_robustness,2,242,B-GNN-reduced,1,1,0.5327504277229309,
3825864,2016-04-30,11,La Liga,27,male,Real Sociedad,Real Madrid,elite,experiment4_reduced_feature_robustness,2,242,B-GNN-reduced,0,0,0.4975917935371399,
3825878,2016-04-30,11,La Liga,27,male,Atlético Madrid,Rayo Vallecano,elite,experiment4_reduced_feature_robustness,2,242,B-GNN-reduced,1,0,0.36526474356651306,
3825845,2016-05-01,11,La Liga,27,male,Espanyol,Sevilla,elite,experiment4_reduced_feature_robustness,2,242,B-GNN-reduced,1,0,0.4677421450614929,
3825870,2016-05-01,11,La Liga,27,male,Athletic Club,Celta Vigo,elite,experiment4_reduced_feature_robustness,2,242,B-GNN-reduced,1,1,0.5989760160446167,
3825873,2016-05-01,11,La Liga,27,male,Valencia,Villarreal,elite,experiment4_reduced_feature_robustness,2,242,B-GNN-reduced,0,1,0.6113611459732056,
3825894,2016-05-01,11,La Liga,27,male,RC Deportivo La Coruña,Getafe,elite,experiment4_reduced_feature_robustness,2,242,B-GNN-reduced,0,0,0.41549167037010193,
3825855,2016-05-02,11,La Liga,27,male,Málaga,Levante UD,elite,experiment4_reduced_feature_robustness,2,242,B-GNN-reduced,1,0,0.4788331687450409,
265958,2016-05-08,11,La Liga,27,male,Barcelona,Espanyol,elite,experiment4_reduced_feature_robustness,2,242,B-GNN-reduced,1,1,0.549525260925293,
3825850,2016-05-08,11,La Liga,27,male,Celta Vigo,Málaga,elite,experiment4_reduced_feature_robustness,2,242,B-GNN-reduced,1,1,0.5456050634384155,
3825851,2016-05-08,11,La Liga,27,male,Villarreal,RC Deportivo La Coruña,elite,experiment4_reduced_feature_robustness,2,242,B-GNN-reduced,0,1,0.52726149559021,
3825853,2016-05-08,11,La Liga,27,male,Sevilla,Granada,elite,experiment4_reduced_feature_robustness,2,242,B-GNN-reduced,0,1,0.501873791217804,
3825860,2016-05-08,11,La Liga,27,male,Levante UD,Atlético Madrid,elite,experiment4_reduced_feature_robustness,2,242,B-GNN-reduced,1,1,0.6550436019897461,
3825861,2016-05-08,11,La Liga,27,male,Real Sociedad,Rayo Vallecano,elite,experiment4_reduced_feature_robustness,2,242,B-GNN-reduced,1,0,0.44995349645614624,
3825865,2016-05-08,11,La Liga,27,male,Getafe,Sporting Gijón,elite,experiment4_reduced_feature_robustness,2,242,B-GNN-reduced,0,0,0.40155869722366333,
3825866,2016-05-08,11,La Liga,27,male,Las Palmas,Athletic Club,elite,experiment4_reduced_feature_robustness,2,242,B-GNN-reduced,0,1,0.5768705606460571,
3825901,2016-05-08,11,La Liga,27,male,Real Madrid,Valencia,elite,experiment4_reduced_feature_robustness,2,242,B-GNN-reduced,1,1,0.6919469237327576,
3825904,2016-05-08,11,La Liga,27,male,Eibar,Real Betis,elite,experiment4_reduced_feature_robustness,2,242,B-GNN-reduced,0,0,0.47828906774520874,
3825849,2016-05-13,11,La Liga,27,male,Valencia,Real Sociedad,elite,experiment4_reduced_feature_robustness,2,242,B-GNN-reduced,0,1,0.6122187972068787,
267506,2016-05-14,11,La Liga,27,male,Granada,Barcelona,elite,experiment4_reduced_feature_robustness,2,242,B-GNN-reduced,0,0,0.45693439245224,
3825846,2016-05-14,11,La Liga,27,male,RC Deportivo La Coruña,Real Madrid,elite,experiment4_reduced_feature_robustness,2,242,B-GNN-reduced,0,1,0.7234254479408264,
3825869,2016-05-14,11,La Liga,27,male,Athletic Club,Sevilla,elite,experiment4_reduced_feature_robustness,2,242,B-GNN-reduced,1,1,0.5643751621246338,
3825882,2016-05-14,11,La Liga,27,male,Atlético Madrid,Celta Vigo,elite,experiment4_reduced_feature_robustness,2,242,B-GNN-reduced,1,1,0.5244449973106384,
3825876,2016-05-15,11,La Liga,27,male,Real Betis,Getafe,elite,experiment4_reduced_feature_robustness,2,242,B-GNN-reduced,1,1,0.7485740780830383,
3825883,2016-05-15,11,La Liga,27,male,Málaga,Las Palmas,elite,experiment4_reduced_feature_robustness,2,242,B-GNN-reduced,1,0,0.3960927426815033,
3825900,2016-05-15,11,La Liga,27,male,Sporting Gijón,Villarreal,elite,experiment4_reduced_feature_robustness,2,242,B-GNN-reduced,1,1,0.5065869688987732,
3825902,2016-05-15,11,La Liga,27,male,Rayo Vallecano,Levante UD,elite,experiment4_reduced_feature_robustness,2,242,B-GNN-reduced,1,1,0.5954136252403259,
3825908,2016-05-15,11,La Liga,27,male,Espanyol,Eibar,elite,experiment4_reduced_feature_robustness,2,242,B-GNN-reduced,1,0,0.4627683162689209,
267670,2016-08-20,11,La Liga,2,male,Barcelona,Real Betis,elite,experiment4_reduced_feature_robustness,2,242,B-GNN-reduced,1,1,0.7793118953704834,
266892,2016-08-28,11,La Liga,2,male,Athletic Club,Barcelona,elite,experiment4_reduced_feature_robustness,2,242,B-GNN-reduced,0,0,0.4654306173324585,
267220,2016-09-21,11,La Liga,2,male,Barcelona,Atlético Madrid,elite,experiment4_reduced_feature_robustness,2,242,B-GNN-reduced,0,1,0.7361165881156921,
267492,2016-10-15,11,La Liga,2,male,Barcelona,RC Deportivo La Coruña,elite,experiment4_reduced_feature_robustness,2,242,B-GNN-reduced,1,0,0.498437762260437,
266033,2016-10-22,11,La Liga,2,male,Valencia,Barcelona,elite,experiment4_reduced_feature_robustness,2,242,B-GNN-reduced,0,0,0.48340243101119995,
267058,2016-10-29,11,La Liga,2,male,Barcelona,Granada,elite,experiment4_reduced_feature_robustness,2,242,B-GNN-reduced,1,0,0.46067288517951965,
266989,2016-11-06,11,La Liga,2,male,Sevilla,Barcelona,elite,experiment4_reduced_feature_robustness,2,242,B-GNN-reduced,0,1,0.5124785900115967,
266191,2016-11-27,11,La Liga,2,male,Real Sociedad,Barcelona,elite,experiment4_reduced_feature_robustness,2,242,B-GNN-reduced,0,1,0.5050908923149109,
267076,2016-12-03,11,La Liga,2,male,Barcelona,Real Madrid,elite,experiment4_reduced_feature_robustness,2,242,B-GNN-reduced,0,1,0.6224589943885803,
3825787,2016-02-27,11,La Liga,27,male,Real Madrid,Atlético Madrid,elite,experiment4_reduced_feature_robustness,2,242,C-Hybrid-reduced,0,0,0.45963606238365173,0.47711917757987976
3825788,2016-02-27,11,La Liga,27,male,Getafe,Celta Vigo,elite,experiment4_reduced_feature_robustness,2,242,C-Hybrid-reduced,0,0,0.42113542556762695,0.47711917757987976
3825789,2016-02-27,11,La Liga,27,male,Real Sociedad,Málaga,elite,experiment4_reduced_feature_robustness,2,242,C-Hybrid-reduced,0,1,0.5471487045288086,0.47711917757987976
3825790,2016-02-27,11,La Liga,27,male,Sporting Gijón,Espanyol,elite,experiment4_reduced_feature_robustness,2,242,C-Hybrid-reduced,0,0,0.34261074662208557,0.47711917757987976
3825791,2016-02-27,11,La Liga,27,male,Real Betis,Rayo Vallecano,elite,experiment4_reduced_feature_robustness,2,242,C-Hybrid-reduced,0,0,0.3556288480758667,0.47711917757987976
265839,2016-02-28,11,La Liga,27,male,Barcelona,Sevilla,elite,experiment4_reduced_feature_robustness,2,242,C-Hybrid-reduced,1,1,0.6570165157318115,0.47711917757987976
3825792,2016-02-28,11,La Liga,27,male,RC Deportivo La Coruña,Granada,elite,experiment4_reduced_feature_robustness,2,242,C-Hybrid-reduced,0,1,0.6336066126823425,0.47711917757987976
3825793,2016-02-28,11,La Liga,27,male,Valencia,Athletic Club,elite,experiment4_reduced_feature_robustness,2,242,C-Hybrid-reduced,0,1,0.513105571269989,0.47711917757987976
3825794,2016-02-28,11,La Liga,27,male,Villarreal,Levante UD,elite,experiment4_reduced_feature_robustness,2,242,C-Hybrid-reduced,1,0,0.4176528751850128,0.47711917757987976
3825795,2016-03-01,11,La Liga,27,male,Atlético Madrid,Real Sociedad,elite,experiment4_reduced_feature_robustness,2,242,C-Hybrid-reduced,1,0,0.4901808798313141,0.47711917757987976
3825796,2016-03-01,11,La Liga,27,male,Las Palmas,Getafe,elite,experiment4_reduced_feature_robustness,2,242,C-Hybrid-reduced,1,0,0.4380612075328827,0.47711917757987976
3825797,2016-03-02,11,La Liga,27,male,Athletic Club,RC Deportivo La Coruña,elite,experiment4_reduced_feature_robustness,2,242,C-Hybrid-reduced,1,0,0.39245784282684326,0.47711917757987976
3825798,2016-03-02,11,La Liga,27,male,Levante UD,Real Madrid,elite,experiment4_reduced_feature_robustness,2,242,C-Hybrid-reduced,0,0,0.32481688261032104,0.47711917757987976
3825799,2016-03-02,11,La Liga,27,male,Málaga,Valencia,elite,experiment4_reduced_feature_robustness,2,242,C-Hybrid-reduced,0,0,0.35928353667259216,0.47711917757987976
3825800,2016-03-02,11,La Liga,27,male,Celta Vigo,Villarreal,elite,experiment4_reduced_feature_robustness,2,242,C-Hybrid-reduced,0,0,0.4403740167617798,0.47711917757987976
3825801,2016-03-02,11,La Liga,27,male,Sevilla,Eibar,elite,experiment4_reduced_feature_robustness,2,242,C-Hybrid-reduced,1,1,0.5336973667144775,0.47711917757987976
266653,2016-03-03,11,La Liga,27,male,Rayo Vallecano,Barcelona,elite,experiment4_reduced_feature_robustness,2,242,C-Hybrid-reduced,0,0,0.31039321422576904,0.47711917757987976
3825802,2016-03-03,11,La Liga,27,male,Espanyol,Real Betis,elite,experiment4_reduced_feature_robustness,2,242,C-Hybrid-reduced,0,1,0.5367379188537598,0.47711917757987976
3825803,2016-03-03,11,La Liga,27,male,Granada,Sporting Gijón,elite,experiment4_reduced_feature_robustness,2,242,C-Hybrid-reduced,1,1,0.5634688138961792,0.47711917757987976
3825804,2016-03-05,11,La Liga,27,male,RC Deportivo La Coruña,Málaga,elite,experiment4_reduced_feature_robustness,2,242,C-Hybrid-reduced,0,0,0.39848607778549194,0.47711917757987976
3825805,2016-03-05,11,La Liga,27,male,Villarreal,Las Palmas,elite,experiment4_reduced_feature_robustness,2,242,C-Hybrid-reduced,0,0,0.25290635228157043,0.47711917757987976
3825806,2016-03-05,11,La Liga,27,male,Real Madrid,Celta Vigo,elite,experiment4_reduced_feature_robustness,2,242,C-Hybrid-reduced,1,0,0.4539984464645386,0.47711917757987976
3825867,2016-03-05,11,La Liga,27,male,Getafe,Sevilla,elite,experiment4_reduced_feature_robustness,2,242,C-Hybrid-reduced,0,0,0.32840466499328613,0.47711917757987976
266056,2016-03-06,11,La Liga,27,male,Eibar,Barcelona,elite,experiment4_reduced_feature_robustness,2,242,C-Hybrid-reduced,0,0,0.20688290894031525,0.47711917757987976
3825807,2016-03-06,11,La Liga,27,male,Valencia,Atlético Madrid,elite,experiment4_reduced_feature_robustness,2,242,C-Hybrid-reduced,0,0,0.27920523285865784,0.47711917757987976
3825808,2016-03-06,11,La Liga,27,male,Sporting Gijón,Athletic Club,elite,experiment4_reduced_feature_robustness,2,242,C-Hybrid-reduced,0,0,0.17924493551254272,0.47711917757987976
3825809,2016-03-06,11,La Liga,27,male,Real Betis,Granada,elite,experiment4_reduced_feature_robustness,2,242,C-Hybrid-reduced,1,1,0.5183733105659485,0.47711917757987976
3825810,2016-03-06,11,La Liga,27,male,Real Sociedad,Levante UD,elite,experiment4_reduced_feature_robustness,2,242,C-Hybrid-reduced,0,0,0.467471718788147,0.47711917757987976
3825811,2016-03-07,11,La Liga,27,male,Espanyol,Rayo Vallecano,elite,experiment4_reduced_feature_robustness,2,242,C-Hybrid-reduced,1,1,0.6486485004425049,0.47711917757987976
3825812,2016-03-11,11,La Liga,27,male,Málaga,Sporting Gijón,elite,experiment4_reduced_feature_robustness,2,242,C-Hybrid-reduced,1,0,0.4691447615623474,0.47711917757987976
266498,2016-03-12,11,La Liga,27,male,Barcelona,Getafe,elite,experiment4_reduced_feature_robustness,2,242,C-Hybrid-reduced,1,1,0.7384821176528931,0.47711917757987976
3825813,2016-03-12,11,La Liga,27,male,Atlético Madrid,RC Deportivo La Coruña,elite,experiment4_reduced_feature_robustness,2,242,C-Hybrid-reduced,1,1,0.6510955095291138,0.47711917757987976
3825814,2016-03-12,11,La Liga,27,male,Celta Vigo,Real Sociedad,elite,experiment4_reduced_feature_robustness,2,242,C-Hybrid-reduced,1,0,0.32468298077583313,0.47711917757987976
3825858,2016-03-12,11,La Liga,27,male,Rayo Vallecano,Eibar,elite,experiment4_reduced_feature_robustness,2,242,C-Hybrid-reduced,0,0,0.37952950596809387,0.47711917757987976
3825815,2016-03-13,11,La Liga,27,male,Levante UD,Valencia,elite,experiment4_reduced_feature_robustness,2,242,C-Hybrid-reduced,1,0,0.32775649428367615,0.47711917757987976
3825816,2016-03-13,11,La Liga,27,male,Sevilla,Villarreal,elite,experiment4_reduced_feature_robustness,2,242,C-Hybrid-reduced,1,0,0.3919009566307068,0.47711917757987976
3825844,2016-03-13,11,La Liga,27,male,Athletic Club,Real Betis,elite,experiment4_reduced_feature_robustness,2,242,C-Hybrid-reduced,1,0,0.49341583251953125,0.47711917757987976
3825879,2016-03-13,11,La Liga,27,male,Las Palmas,Real Madrid,elite,experiment4_reduced_feature_robustness,2,242,C-Hybrid-reduced,0,0,0.30006876587867737,0.47711917757987976
3825881,2016-03-14,11,La Liga,27,male,Granada,Espanyol,elite,experiment4_reduced_feature_robustness,2,242,C-Hybrid-reduced,0,0,0.49089229106903076,0.47711917757987976
3825817,2016-03-18,11,La Liga,27,male,Getafe,Eibar,elite,experiment4_reduced_feature_robustness,2,242,C-Hybrid-reduced,0,0,0.3963997960090637,0.47711917757987976
3825818,2016-03-19,11,La Liga,27,male,Real Sociedad,Las Palmas,elite,experiment4_reduced_feature_robustness,2,242,C-Hybrid-reduced,0,0,0.3815922439098358,0.47711917757987976
3825880,2016-03-19,11,La Liga,27,male,RC Deportivo La Coruña,Levante UD,elite,experiment4_reduced_feature_robustness,2,242,C-Hybrid-reduced,1,1,0.5048161149024963,0.47711917757987976
3825887,2016-03-19,11,La Liga,27,male,Granada,Rayo Vallecano,elite,experiment4_reduced_feature_robustness,2,242,C-Hybrid-reduced,0,1,0.6302673816680908,0.47711917757987976
3825903,2016-03-19,11,La Liga,27,male,Real Betis,Málaga,elite,experiment4_reduced_feature_robustness,2,242,C-Hybrid-reduced,0,0,0.3768932819366455,0.47711917757987976
3825907,2016-03-19,11,La Liga,27,male,Sporting Gijón,Atlético Madrid,elite,experiment4_reduced_feature_robustness,2,242,C-Hybrid-reduced,1,0,0.0851147323846817,0.47711917757987976
266106,2016-03-20,11,La Liga,27,male,Villarreal,Barcelona,elite,experiment4_reduced_feature_robustness,2,242,C-Hybrid-reduced,0,0,0.20081298053264618,0.47711917757987976
3825819,2016-03-20,11,La Liga,27,male,Valencia,Celta Vigo,elite,experiment4_reduced_feature_robustness,2,242,C-Hybrid-reduced,0,0,0.4762779176235199,0.47711917757987976
3825820,2016-03-20,11,La Liga,27,male,Real Madrid,Sevilla,elite,experiment4_reduced_feature_robustness,2,242,C-Hybrid-reduced,1,1,0.6788297295570374,0.47711917757987976
3825821,2016-03-20,11,La Liga,27,male,Espanyol,Athletic Club,elite,experiment4_reduced_feature_robustness,2,242,C-Hybrid-reduced,1,0,0.4916963577270508,0.47711917757987976
3825885,2016-04-01,11,La Liga,27,male,Rayo Vallecano,Getafe,elite,experiment4_reduced_feature_robustness,2,242,C-Hybrid-reduced,1,1,0.6522331237792969,0.47711917757987976
267533,2016-04-02,11,La Liga,27,male,Barcelona,Real Madrid,elite,experiment4_reduced_feature_robustness,2,242,C-Hybrid-reduced,0,0,0.47325363755226135,0.47711917757987976
3825822,2016-04-02,11,La Liga,27,male,Las Palmas,Valencia,elite,experiment4_reduced_feature_robustness,2,242,C-Hybrid-reduced,1,1,0.5768139958381653,0.47711917757987976
3825872,2016-04-02,11,La Liga,27,male,Atlético Madrid,Real Betis,elite,experiment4_reduced_feature_robustness,2,242,C-Hybrid-reduced,1,1,0.6568699479103088,0.47711917757987976
3825898,2016-04-02,11,La Liga,27,male,Celta Vigo,RC Deportivo La Coruña,elite,experiment4_reduced_feature_robustness,2,242,C-Hybrid-reduced,0,0,0.32229578495025635,0.47711917757987976
3825823,2016-04-03,11,La Liga,27,male,Sevilla,Real Sociedad,elite,experiment4_reduced_feature_robustness,2,242,C-Hybrid-reduced,0,0,0.2689077854156494,0.47711917757987976
3825824,2016-04-03,11,La Liga,27,male,Eibar,Villarreal,elite,experiment4_reduced_feature_robustness,2,242,C-Hybrid-reduced,0,0,0.35727059841156006,0.47711917757987976
3825877,2016-04-03,11,La Liga,27,male,Athletic Club,Granada,elite,experiment4_reduced_feature_robustness,2,242,C-Hybrid-reduced,0,1,0.6289736032485962,0.47711917757987976
3825905,2016-04-03,11,La Liga,27,male,Málaga,Espanyol,elite,experiment4_reduced_feature_robustness,2,242,C-Hybrid-reduced,0,0,0.23509812355041504,0.47711917757987976
3825825,2016-04-04,11,La Liga,27,male,Levante UD,Sporting Gijón,elite,experiment4_reduced_feature_robustness,2,242,C-Hybrid-reduced,0,0,0.3812980651855469,0.47711917757987976
3825826,2016-04-08,11,La Liga,27,male,Granada,Málaga,elite,experiment4_reduced_feature_robustness,2,242,C-Hybrid-reduced,0,0,0.22739708423614502,0.47711917757987976
266664,2016-04-09,11,La Liga,27,male,Real Sociedad,Barcelona,elite,experiment4_reduced_feature_robustness,2,242,C-Hybrid-reduced,1,0,0.39198023080825806,0.47711917757987976
3825827,2016-04-09,11,La Liga,27,male,Real Betis,Levante UD,elite,experiment4_reduced_feature_robustness,2,242,C-Hybrid-reduced,1,0,0.26967570185661316,0.47711917757987976
3825828,2016-04-09,11,La Liga,27,male,Espanyol,Atlético Madrid,elite,experiment4_reduced_feature_robustness,2,242,C-Hybrid-reduced,0,0,0.35306841135025024,0.47711917757987976
3825856,2016-04-09,11,La Liga,27,male,Real Madrid,Eibar,elite,experiment4_reduced_feature_robustness,2,242,C-Hybrid-reduced,1,1,0.6018903851509094,0.47711917757987976
3825829,2016-04-10,11,La Liga,27,male,Athletic Club,Rayo Vallecano,elite,experiment4_reduced_feature_robustness,2,242,C-Hybrid-reduced,1,0,0.3560451865196228,0.47711917757987976
3825830,2016-04-10,11,La Liga,27,male,Villarreal,Getafe,elite,experiment4_reduced_feature_robustness,2,242,C-Hybrid-reduced,1,1,0.6825266480445862,0.47711917757987976
3825831,2016-04-10,11,La Liga,27,male,Valencia,Sevilla,elite,experiment4_reduced_feature_robustness,2,242,C-Hybrid-reduced,1,0,0.3308711349964142,0.47711917757987976
3825832,2016-04-10,11,La Liga,27,male,Sporting Gijón,Celta Vigo,elite,experiment4_reduced_feature_robustness,2,242,C-Hybrid-reduced,0,0,0.41833555698394775,0.47711917757987976
3825863,2016-04-11,11,La Liga,27,male,RC Deportivo La Coruña,Las Palmas,elite,experiment4_reduced_feature_robustness,2,242,C-Hybrid-reduced,0,0,0.24376912415027618,0.47711917757987976
3825857,2016-04-15,11,La Liga,27,male,Levante UD,Espanyol,elite,experiment4_reduced_feature_robustness,2,242,C-Hybrid-reduced,1,0,0.4615979492664337,0.47711917757987976
3825833,2016-04-16,11,La Liga,27,male,Getafe,Real Madrid,elite,experiment4_reduced_feature_robustness,2,242,C-Hybrid-reduced,0,0,0.18185950815677643,0.47711917757987976
3825852,2016-04-16,11,La Liga,27,male,Las Palmas,Sporting Gijón,elite,experiment4_reduced_feature_robustness,2,242,C-Hybrid-reduced,0,1,0.5542142987251282,0.47711917757987976
3825889,2016-04-16,11,La Liga,27,male,Celta Vigo,Real Betis,elite,experiment4_reduced_feature_robustness,2,242,C-Hybrid-reduced,0,1,0.601408064365387,0.47711917757987976
3825897,2016-04-16,11,La Liga,27,male,Eibar,Real Sociedad,elite,experiment4_reduced_feature_robustness,2,242,C-Hybrid-reduced,1,1,0.5121071934700012,0.47711917757987976
266557,2016-04-17,11,La Liga,27,male,Barcelona,Valencia,elite,experiment4_reduced_feature_robustness,2,242,C-Hybrid-reduced,0,1,0.5410559773445129,0.47711917757987976
3825834,2016-04-17,11,La Liga,27,male,Atlético Madrid,Granada,elite,experiment4_reduced_feature_robustness,2,242,C-Hybrid-reduced,1,1,0.5762419700622559,0.47711917757987976
3825835,2016-04-17,11,La Liga,27,male,Málaga,Athletic Club,elite,experiment4_reduced_feature_robustness,2,242,C-Hybrid-reduced,0,1,0.5192853212356567,0.47711917757987976
3825836,2016-04-17,11,La Liga,27,male,Rayo Vallecano,Villarreal,elite,experiment4_reduced_feature_robustness,2,242,C-Hybrid-reduced,1,1,0.6109587550163269,0.47711917757987976
3825906,2016-04-17,11,La Liga,27,male,Sevilla,RC Deportivo La Coruña,elite,experiment4_reduced_feature_robustness,2,242,C-Hybrid-reduced,0,0,0.335664302110672,0.47711917757987976
3825837,2016-04-19,11,La Liga,27,male,Real Betis,Las Palmas,elite,experiment4_reduced_feature_robustness,2,242,C-Hybrid-reduced,1,0,0.26798883080482483,0.47711917757987976
3825862,2016-04-19,11,La Liga,27,male,Espanyol,Celta Vigo,elite,experiment4_reduced_feature_robustness,2,242,C-Hybrid-reduced,0,0,0.1770276129245758,0.47711917757987976
266310,2016-04-20,11,La Liga,27,male,RC Deportivo La Coruña,Barcelona,elite,experiment4_reduced_feature_robustness,2,242,C-Hybrid-reduced,0,0,0.28378748893737793,0.47711917757987976
3825838,2016-04-20,11,La Liga,27,male,Athletic Club,Atlético Madrid,elite,experiment4_reduced_feature_robustness,2,242,C-Hybrid-reduced,0,0,0.2549023926258087,0.47711917757987976
3825839,2016-04-20,11,La Liga,27,male,Sporting Gijón,Sevilla,elite,experiment4_reduced_feature_robustness,2,242,C-Hybrid-reduced,1,0,0.36373451352119446,0.47711917757987976
3825840,2016-04-20,11,La Liga,27,male,Valencia,Eibar,elite,experiment4_reduced_feature_robustness,2,242,C-Hybrid-reduced,1,1,0.5385494828224182,0.47711917757987976
3825843,2016-04-20,11,La Liga,27,male,Málaga,Rayo Vallecano,elite,experiment4_reduced_feature_robustness,2,242,C-Hybrid-reduced,0,1,0.5179281234741211,0.47711917757987976
3825893,2016-04-20,11,La Liga,27,male,Real Madrid,Villarreal,elite,experiment4_reduced_feature_robustness,2,242,C-Hybrid-reduced,1,1,0.6781336069107056,0.47711917757987976
3825841,2016-04-21,11,La Liga,27,male,Real Sociedad,Getafe,elite,experiment4_reduced_feature_robustness,2,242,C-Hybrid-reduced,0,1,0.5317584276199341,0.47711917757987976
3825896,2016-04-21,11,La Liga,27,male,Granada,Levante UD,elite,experiment4_reduced_feature_robustness,2,242,C-Hybrid-reduced,1,0,0.26469773054122925,0.47711917757987976
3825871,2016-04-22,11,La Liga,27,male,Las Palmas,Espanyol,elite,experiment4_reduced_feature_robustness,2,242,C-Hybrid-reduced,1,0,0.3717520833015442,0.47711917757987976
265944,2016-04-23,11,La Liga,27,male,Barcelona,Sporting Gijón,elite,experiment4_reduced_feature_robustness,2,242,C-Hybrid-reduced,1,1,0.7592300772666931,0.47711917757987976
3825847,2016-04-23,11,La Liga,27,male,Eibar,RC Deportivo La Coruña,elite,experiment4_reduced_feature_robustness,2,242,C-Hybrid-reduced,0,1,0.5384854674339294,0.47711917757987976
3825886,2016-04-23,11,La Liga,27,male,Rayo Vallecano,Real Madrid,elite,experiment4_reduced_feature_robustness,2,242,C-Hybrid-reduced,0,0,0.24514712393283844,0.47711917757987976
3825890,2016-04-23,11,La Liga,27,male,Atlético Madrid,Málaga,elite,experiment4_reduced_feature_robustness,2,242,C-Hybrid-reduced,1,0,0.36149275302886963,0.47711917757987976
3825842,2016-04-24,11,La Liga,27,male,Levante UD,Athletic Club,elite,experiment4_reduced_feature_robustness,2,242,C-Hybrid-reduced,0,0,0.4969337284564972,0.47711917757987976
3825875,2016-04-24,11,La Liga,27,male,Villarreal,Real Sociedad,elite,experiment4_reduced_feature_robustness,2,242,C-Hybrid-reduced,0,0,0.3076154887676239,0.47711917757987976
3825884,2016-04-24,11,La Liga,27,male,Sevilla,Real Betis,elite,experiment4_reduced_feature_robustness,2,242,C-Hybrid-reduced,1,0,0.48508915305137634,0.47711917757987976
3825899,2016-04-24,11,La Liga,27,male,Getafe,Valencia,elite,experiment4_reduced_feature_robustness,2,242,C-Hybrid-reduced,0,0,0.23892194032669067,0.47711917757987976
3825868,2016-04-25,11,La Liga,27,male,Celta Vigo,Granada,elite,experiment4_reduced_feature_robustness,2,242,C-Hybrid-reduced,1,0,0.4907475411891937,0.47711917757987976
3825854,2016-04-29,11,La Liga,27,male,Sporting Gijón,Eibar,elite,experiment4_reduced_feature_robustness,2,242,C-Hybrid-reduced,1,0,0.24721938371658325,0.47711917757987976
266986,2016-04-30,11,La Liga,27,male,Real Betis,Barcelona,elite,experiment4_reduced_feature_robustness,2,242,C-Hybrid-reduced,0,0,0.2144627720117569,0.47711917757987976
3825859,2016-04-30,11,La Liga,27,male,Granada,Las Palmas,elite,experiment4_reduced_feature_robustness,2,242,C-Hybrid-reduced,1,0,0.49802812933921814,0.47711917757987976
3825864,2016-04-30,11,La Liga,27,male,Real Sociedad,Real Madrid,elite,experiment4_reduced_feature_robustness,2,242,C-Hybrid-reduced,0,0,0.30947989225387573,0.47711917757987976
3825878,2016-04-30,11,La Liga,27,male,Atlético Madrid,Rayo Vallecano,elite,experiment4_reduced_feature_robustness,2,242,C-Hybrid-reduced,1,0,0.4655262231826782,0.47711917757987976
3825845,2016-05-01,11,La Liga,27,male,Espanyol,Sevilla,elite,experiment4_reduced_feature_robustness,2,242,C-Hybrid-reduced,1,0,0.30113962292671204,0.47711917757987976
3825870,2016-05-01,11,La Liga,27,male,Athletic Club,Celta Vigo,elite,experiment4_reduced_feature_robustness,2,242,C-Hybrid-reduced,1,1,0.5130849480628967,0.47711917757987976
3825873,2016-05-01,11,La Liga,27,male,Valencia,Villarreal,elite,experiment4_reduced_feature_robustness,2,242,C-Hybrid-reduced,0,1,0.5078291893005371,0.47711917757987976
3825894,2016-05-01,11,La Liga,27,male,RC Deportivo La Coruña,Getafe,elite,experiment4_reduced_feature_robustness,2,242,C-Hybrid-reduced,0,0,0.4469834864139557,0.47711917757987976
3825855,2016-05-02,11,La Liga,27,male,Málaga,Levante UD,elite,experiment4_reduced_feature_robustness,2,242,C-Hybrid-reduced,1,1,0.5222137570381165,0.47711917757987976
265958,2016-05-08,11,La Liga,27,male,Barcelona,Espanyol,elite,experiment4_reduced_feature_robustness,2,242,C-Hybrid-reduced,1,1,0.7229828834533691,0.47711917757987976
3825850,2016-05-08,11,La Liga,27,male,Celta Vigo,Málaga,elite,experiment4_reduced_feature_robustness,2,242,C-Hybrid-reduced,1,0,0.31389784812927246,0.47711917757987976
3825851,2016-05-08,11,La Liga,27,male,Villarreal,RC Deportivo La Coruña,elite,experiment4_reduced_feature_robustness,2,242,C-Hybrid-reduced,0,0,0.46536749601364136,0.47711917757987976
3825853,2016-05-08,11,La Liga,27,male,Sevilla,Granada,elite,experiment4_reduced_feature_robustness,2,242,C-Hybrid-reduced,0,0,0.49080148339271545,0.47711917757987976
3825860,2016-05-08,11,La Liga,27,male,Levante UD,Atlético Madrid,elite,experiment4_reduced_feature_robustness,2,242,C-Hybrid-reduced,1,0,0.31882935762405396,0.47711917757987976
3825861,2016-05-08,11,La Liga,27,male,Real Sociedad,Rayo Vallecano,elite,experiment4_reduced_feature_robustness,2,242,C-Hybrid-reduced,1,0,0.4895060956478119,0.47711917757987976
3825865,2016-05-08,11,La Liga,27,male,Getafe,Sporting Gijón,elite,experiment4_reduced_feature_robustness,2,242,C-Hybrid-reduced,0,1,0.6181831359863281,0.47711917757987976
3825866,2016-05-08,11,La Liga,27,male,Las Palmas,Athletic Club,elite,experiment4_reduced_feature_robustness,2,242,C-Hybrid-reduced,0,0,0.28543514013290405,0.47711917757987976
3825901,2016-05-08,11,La Liga,27,male,Real Madrid,Valencia,elite,experiment4_reduced_feature_robustness,2,242,C-Hybrid-reduced,1,1,0.6383790969848633,0.47711917757987976
3825904,2016-05-08,11,La Liga,27,male,Eibar,Real Betis,elite,experiment4_reduced_feature_robustness,2,242,C-Hybrid-reduced,0,0,0.4583941400051117,0.47711917757987976
3825849,2016-05-13,11,La Liga,27,male,Valencia,Real Sociedad,elite,experiment4_reduced_feature_robustness,2,242,C-Hybrid-reduced,0,0,0.482090026140213,0.47711917757987976
267506,2016-05-14,11,La Liga,27,male,Granada,Barcelona,elite,experiment4_reduced_feature_robustness,2,242,C-Hybrid-reduced,0,0,0.21268413960933685,0.47711917757987976
3825846,2016-05-14,11,La Liga,27,male,RC Deportivo La Coruña,Real Madrid,elite,experiment4_reduced_feature_robustness,2,242,C-Hybrid-reduced,0,0,0.46641314029693604,0.47711917757987976
3825869,2016-05-14,11,La Liga,27,male,Athletic Club,Sevilla,elite,experiment4_reduced_feature_robustness,2,242,C-Hybrid-reduced,1,1,0.5872618556022644,0.47711917757987976
3825882,2016-05-14,11,La Liga,27,male,Atlético Madrid,Celta Vigo,elite,experiment4_reduced_feature_robustness,2,242,C-Hybrid-reduced,1,0,0.49428144097328186,0.47711917757987976
3825876,2016-05-15,11,La Liga,27,male,Real Betis,Getafe,elite,experiment4_reduced_feature_robustness,2,242,C-Hybrid-reduced,1,0,0.16909576952457428,0.47711917757987976
3825883,2016-05-15,11,La Liga,27,male,Málaga,Las Palmas,elite,experiment4_reduced_feature_robustness,2,242,C-Hybrid-reduced,1,1,0.500602662563324,0.47711917757987976
3825900,2016-05-15,11,La Liga,27,male,Sporting Gijón,Villarreal,elite,experiment4_reduced_feature_robustness,2,242,C-Hybrid-reduced,1,0,0.12745040655136108,0.47711917757987976
3825902,2016-05-15,11,La Liga,27,male,Rayo Vallecano,Levante UD,elite,experiment4_reduced_feature_robustness,2,242,C-Hybrid-reduced,1,1,0.5736395120620728,0.47711917757987976
3825908,2016-05-15,11,La Liga,27,male,Espanyol,Eibar,elite,experiment4_reduced_feature_robustness,2,242,C-Hybrid-reduced,1,0,0.21177831292152405,0.47711917757987976
267670,2016-08-20,11,La Liga,2,male,Barcelona,Real Betis,elite,experiment4_reduced_feature_robustness,2,242,C-Hybrid-reduced,1,1,0.7790738940238953,0.47711917757987976
266892,2016-08-28,11,La Liga,2,male,Athletic Club,Barcelona,elite,experiment4_reduced_feature_robustness,2,242,C-Hybrid-reduced,0,0,0.22549214959144592,0.47711917757987976
267220,2016-09-21,11,La Liga,2,male,Barcelona,Atlético Madrid,elite,experiment4_reduced_feature_robustness,2,242,C-Hybrid-reduced,0,1,0.6230372786521912,0.47711917757987976
267492,2016-10-15,11,La Liga,2,male,Barcelona,RC Deportivo La Coruña,elite,experiment4_reduced_feature_robustness,2,242,C-Hybrid-reduced,1,1,0.5915144681930542,0.47711917757987976
266033,2016-10-22,11,La Liga,2,male,Valencia,Barcelona,elite,experiment4_reduced_feature_robustness,2,242,C-Hybrid-reduced,0,0,0.23311252892017365,0.47711917757987976
267058,2016-10-29,11,La Liga,2,male,Barcelona,Granada,elite,experiment4_reduced_feature_robustness,2,242,C-Hybrid-reduced,1,1,0.7080897688865662,0.47711917757987976
266989,2016-11-06,11,La Liga,2,male,Sevilla,Barcelona,elite,experiment4_reduced_feature_robustness,2,242,C-Hybrid-reduced,0,0,0.11657214164733887,0.47711917757987976
266191,2016-11-27,11,La Liga,2,male,Real Sociedad,Barcelona,elite,experiment4_reduced_feature_robustness,2,242,C-Hybrid-reduced,0,0,0.32572492957115173,0.47711917757987976
267076,2016-12-03,11,La Liga,2,male,Barcelona,Real Madrid,elite,experiment4_reduced_feature_robustness,2,242,C-Hybrid-reduced,0,0,0.48569539189338684,0.47711917757987976
3825787,2016-02-27,11,La Liga,27,male,Real Madrid,Atlético Madrid,elite,experiment4_reduced_feature_robustness,2,242,D-Aggregate-full,0,1,0.780859112739563,
3825788,2016-02-27,11,La Liga,27,male,Getafe,Celta Vigo,elite,experiment4_reduced_feature_robustness,2,242,D-Aggregate-full,0,0,0.4175552427768707,
3825789,2016-02-27,11,La Liga,27,male,Real Sociedad,Málaga,elite,experiment4_reduced_feature_robustness,2,242,D-Aggregate-full,0,0,0.057175010442733765,
3825790,2016-02-27,11,La Liga,27,male,Sporting Gijón,Espanyol,elite,experiment4_reduced_feature_robustness,2,242,D-Aggregate-full,0,1,0.5685907602310181,
3825791,2016-02-27,11,La Liga,27,male,Real Betis,Rayo Vallecano,elite,experiment4_reduced_feature_robustness,2,242,D-Aggregate-full,0,0,0.18238559365272522,
265839,2016-02-28,11,La Liga,27,male,Barcelona,Sevilla,elite,experiment4_reduced_feature_robustness,2,242,D-Aggregate-full,1,1,0.9160897135734558,
3825792,2016-02-28,11,La Liga,27,male,RC Deportivo La Coruña,Granada,elite,experiment4_reduced_feature_robustness,2,242,D-Aggregate-full,0,1,0.5113519430160522,
3825793,2016-02-28,11,La Liga,27,male,Valencia,Athletic Club,elite,experiment4_reduced_feature_robustness,2,242,D-Aggregate-full,0,0,0.1183413416147232,
3825794,2016-02-28,11,La Liga,27,male,Villarreal,Levante UD,elite,experiment4_reduced_feature_robustness,2,242,D-Aggregate-full,1,0,0.12085141241550446,
3825795,2016-03-01,11,La Liga,27,male,Atlético Madrid,Real Sociedad,elite,experiment4_reduced_feature_robustness,2,242,D-Aggregate-full,1,1,0.9374820590019226,
3825796,2016-03-01,11,La Liga,27,male,Las Palmas,Getafe,elite,experiment4_reduced_feature_robustness,2,242,D-Aggregate-full,1,1,0.9571467041969299,
3825797,2016-03-02,11,La Liga,27,male,Athletic Club,RC Deportivo La Coruña,elite,experiment4_reduced_feature_robustness,2,242,D-Aggregate-full,1,1,0.9392675757408142,
3825798,2016-03-02,11,La Liga,27,male,Levante UD,Real Madrid,elite,experiment4_reduced_feature_robustness,2,242,D-Aggregate-full,0,0,0.3179009258747101,
3825799,2016-03-02,11,La Liga,27,male,Málaga,Valencia,elite,experiment4_reduced_feature_robustness,2,242,D-Aggregate-full,0,0,0.03879290819168091,
3825800,2016-03-02,11,La Liga,27,male,Celta Vigo,Villarreal,elite,experiment4_reduced_feature_robustness,2,242,D-Aggregate-full,0,0,0.23599572479724884,
3825801,2016-03-02,11,La Liga,27,male,Sevilla,Eibar,elite,experiment4_reduced_feature_robustness,2,242,D-Aggregate-full,1,1,0.7087891697883606,
266653,2016-03-03,11,La Liga,27,male,Rayo Vallecano,Barcelona,elite,experiment4_reduced_feature_robustness,2,242,D-Aggregate-full,0,1,0.5339075922966003,
3825802,2016-03-03,11,La Liga,27,male,Espanyol,Real Betis,elite,experiment4_reduced_feature_robustness,2,242,D-Aggregate-full,0,0,0.14190062880516052,
3825803,2016-03-03,11,La Liga,27,male,Granada,Sporting Gijón,elite,experiment4_reduced_feature_robustness,2,242,D-Aggregate-full,1,1,0.8435345888137817,
3825804,2016-03-05,11,La Liga,27,male,RC Deportivo La Coruña,Málaga,elite,experiment4_reduced_feature_robustness,2,242,D-Aggregate-full,0,1,0.9676920771598816,
3825805,2016-03-05,11,La Liga,27,male,Villarreal,Las Palmas,elite,experiment4_reduced_feature_robustness,2,242,D-Aggregate-full,0,0,0.43759578466415405,
3825806,2016-03-05,11,La Liga,27,male,Real Madrid,Celta Vigo,elite,experiment4_reduced_feature_robustness,2,242,D-Aggregate-full,1,1,0.8342465758323669,
3825867,2016-03-05,11,La Liga,27,male,Getafe,Sevilla,elite,experiment4_reduced_feature_robustness,2,242,D-Aggregate-full,0,0,0.11624465882778168,
266056,2016-03-06,11,La Liga,27,male,Eibar,Barcelona,elite,experiment4_reduced_feature_robustness,2,242,D-Aggregate-full,0,1,0.5191808938980103,
3825807,2016-03-06,11,La Liga,27,male,Valencia,Atlético Madrid,elite,experiment4_reduced_feature_robustness,2,242,D-Aggregate-full,0,1,0.5391139984130859,
3825808,2016-03-06,11,La Liga,27,male,Sporting Gijón,Athletic Club,elite,experiment4_reduced_feature_robustness,2,242,D-Aggregate-full,0,0,0.3875420391559601,
3825809,2016-03-06,11,La Liga,27,male,Real Betis,Granada,elite,experiment4_reduced_feature_robustness,2,242,D-Aggregate-full,1,0,0.33580389618873596,
3825810,2016-03-06,11,La Liga,27,male,Real Sociedad,Levante UD,elite,experiment4_reduced_feature_robustness,2,242,D-Aggregate-full,0,0,0.22443042695522308,
3825811,2016-03-07,11,La Liga,27,male,Espanyol,Rayo Vallecano,elite,experiment4_reduced_feature_robustness,2,242,D-Aggregate-full,1,0,0.18330973386764526,
3825812,2016-03-11,11,La Liga,27,male,Málaga,Sporting Gijón,elite,experiment4_reduced_feature_robustness,2,242,D-Aggregate-full,1,0,0.049372438341379166,
266498,2016-03-12,11,La Liga,27,male,Barcelona,Getafe,elite,experiment4_reduced_feature_robustness,2,242,D-Aggregate-full,1,1,0.9801225066184998,
3825813,2016-03-12,11,La Liga,27,male,Atlético Madrid,RC Deportivo La Coruña,elite,experiment4_reduced_feature_robustness,2,242,D-Aggregate-full,1,1,0.9423366189002991,
3825814,2016-03-12,11,La Liga,27,male,Celta Vigo,Real Sociedad,elite,experiment4_reduced_feature_robustness,2,242,D-Aggregate-full,1,0,0.027812544256448746,
3825858,2016-03-12,11,La Liga,27,male,Rayo Vallecano,Eibar,elite,experiment4_reduced_feature_robustness,2,242,D-Aggregate-full,0,0,0.33775949478149414,
3825815,2016-03-13,11,La Liga,27,male,Levante UD,Valencia,elite,experiment4_reduced_feature_robustness,2,242,D-Aggregate-full,1,0,0.15969803929328918,
3825816,2016-03-13,11,La Liga,27,male,Sevilla,Villarreal,elite,experiment4_reduced_feature_robustness,2,242,D-Aggregate-full,1,1,0.9867913722991943,
3825844,2016-03-13,11,La Liga,27,male,Athletic Club,Real Betis,elite,experiment4_reduced_feature_robustness,2,242,D-Aggregate-full,1,1,0.6087527871131897,
3825879,2016-03-13,11,La Liga,27,male,Las Palmas,Real Madrid,elite,experiment4_reduced_feature_robustness,2,242,D-Aggregate-full,0,1,0.6550920605659485,
3825881,2016-03-14,11,La Liga,27,male,Granada,Espanyol,elite,experiment4_reduced_feature_robustness,2,242,D-Aggregate-full,0,0,0.08557391911745071,
3825817,2016-03-18,11,La Liga,27,male,Getafe,Eibar,elite,experiment4_reduced_feature_robustness,2,242,D-Aggregate-full,0,1,0.6416684985160828,
3825818,2016-03-19,11,La Liga,27,male,Real Sociedad,Las Palmas,elite,experiment4_reduced_feature_robustness,2,242,D-Aggregate-full,0,0,0.13706965744495392,
3825880,2016-03-19,11,La Liga,27,male,RC Deportivo La Coruña,Levante UD,elite,experiment4_reduced_feature_robustness,2,242,D-Aggregate-full,1,0,0.4388255178928375,
3825887,2016-03-19,11,La Liga,27,male,Granada,Rayo Vallecano,elite,experiment4_reduced_feature_robustness,2,242,D-Aggregate-full,0,0,0.44578057527542114,
3825903,2016-03-19,11,La Liga,27,male,Real Betis,Málaga,elite,experiment4_reduced_feature_robustness,2,242,D-Aggregate-full,0,0,0.0871918648481369,
3825907,2016-03-19,11,La Liga,27,male,Sporting Gijón,Atlético Madrid,elite,experiment4_reduced_feature_robustness,2,242,D-Aggregate-full,1,1,0.8231881260871887,
266106,2016-03-20,11,La Liga,27,male,Villarreal,Barcelona,elite,experiment4_reduced_feature_robustness,2,242,D-Aggregate-full,0,0,0.24720165133476257,
3825819,2016-03-20,11,La Liga,27,male,Valencia,Celta Vigo,elite,experiment4_reduced_feature_robustness,2,242,D-Aggregate-full,0,0,0.4398266673088074,
3825820,2016-03-20,11,La Liga,27,male,Real Madrid,Sevilla,elite,experiment4_reduced_feature_robustness,2,242,D-Aggregate-full,1,1,0.8854502439498901,
3825821,2016-03-20,11,La Liga,27,male,Espanyol,Athletic Club,elite,experiment4_reduced_feature_robustness,2,242,D-Aggregate-full,1,0,0.3443855047225952,
3825885,2016-04-01,11,La Liga,27,male,Rayo Vallecano,Getafe,elite,experiment4_reduced_feature_robustness,2,242,D-Aggregate-full,1,1,0.9581635594367981,
267533,2016-04-02,11,La Liga,27,male,Barcelona,Real Madrid,elite,experiment4_reduced_feature_robustness,2,242,D-Aggregate-full,0,1,0.7525413632392883,
3825822,2016-04-02,11,La Liga,27,male,Las Palmas,Valencia,elite,experiment4_reduced_feature_robustness,2,242,D-Aggregate-full,1,0,0.33682695031166077,
3825872,2016-04-02,11,La Liga,27,male,Atlético Madrid,Real Betis,elite,experiment4_reduced_feature_robustness,2,242,D-Aggregate-full,1,1,0.8388210535049438,
3825898,2016-04-02,11,La Liga,27,male,Celta Vigo,RC Deportivo La Coruña,elite,experiment4_reduced_feature_robustness,2,242,D-Aggregate-full,0,0,0.20916791260242462,
3825823,2016-04-03,11,La Liga,27,male,Sevilla,Real Sociedad,elite,experiment4_reduced_feature_robustness,2,242,D-Aggregate-full,0,0,0.38934096693992615,
3825824,2016-04-03,11,La Liga,27,male,Eibar,Villarreal,elite,experiment4_reduced_feature_robustness,2,242,D-Aggregate-full,0,0,0.44788631796836853,
3825877,2016-04-03,11,La Liga,27,male,Athletic Club,Granada,elite,experiment4_reduced_feature_robustness,2,242,D-Aggregate-full,0,1,0.8143976926803589,
3825905,2016-04-03,11,La Liga,27,male,Málaga,Espanyol,elite,experiment4_reduced_feature_robustness,2,242,D-Aggregate-full,0,1,0.6748738884925842,
3825825,2016-04-04,11,La Liga,27,male,Levante UD,Sporting Gijón,elite,experiment4_reduced_feature_robustness,2,242,D-Aggregate-full,0,0,0.0962032675743103,
3825826,2016-04-08,11,La Liga,27,male,Granada,Málaga,elite,experiment4_reduced_feature_robustness,2,242,D-Aggregate-full,0,0,0.487536758184433,
266664,2016-04-09,11,La Liga,27,male,Real Sociedad,Barcelona,elite,experiment4_reduced_feature_robustness,2,242,D-Aggregate-full,1,0,0.056359097361564636,
3825827,2016-04-09,11,La Liga,27,male,Real Betis,Levante UD,elite,experiment4_reduced_feature_robustness,2,242,D-Aggregate-full,1,0,0.28998246788978577,
3825828,2016-04-09,11,La Liga,27,male,Espanyol,Atlético Madrid,elite,experiment4_reduced_feature_robustness,2,242,D-Aggregate-full,0,0,0.22288498282432556,
3825856,2016-04-09,11,La Liga,27,male,Real Madrid,Eibar,elite,experiment4_reduced_feature_robustness,2,242,D-Aggregate-full,1,1,0.9560476541519165,
3825829,2016-04-10,11,La Liga,27,male,Athletic Club,Rayo Vallecano,elite,experiment4_reduced_feature_robustness,2,242,D-Aggregate-full,1,0,0.19436593353748322,
3825830,2016-04-10,11,La Liga,27,male,Villarreal,Getafe,elite,experiment4_reduced_feature_robustness,2,242,D-Aggregate-full,1,0,0.22405366599559784,
3825831,2016-04-10,11,La Liga,27,male,Valencia,Sevilla,elite,experiment4_reduced_feature_robustness,2,242,D-Aggregate-full,1,0,0.16880923509597778,
3825832,2016-04-10,11,La Liga,27,male,Sporting Gijón,Celta Vigo,elite,experiment4_reduced_feature_robustness,2,242,D-Aggregate-full,0,0,0.45444291830062866,
3825863,2016-04-11,11,La Liga,27,male,RC Deportivo La Coruña,Las Palmas,elite,experiment4_reduced_feature_robustness,2,242,D-Aggregate-full,0,0,0.413623571395874,
3825857,2016-04-15,11,La Liga,27,male,Levante UD,Espanyol,elite,experiment4_reduced_feature_robustness,2,242,D-Aggregate-full,1,0,0.10913322120904922,
3825833,2016-04-16,11,La Liga,27,male,Getafe,Real Madrid,elite,experiment4_reduced_feature_robustness,2,242,D-Aggregate-full,0,1,0.504532516002655,
3825852,2016-04-16,11,La Liga,27,male,Las Palmas,Sporting Gijón,elite,experiment4_reduced_feature_robustness,2,242,D-Aggregate-full,0,0,0.24989072978496552,
3825889,2016-04-16,11,La Liga,27,male,Celta Vigo,Real Betis,elite,experiment4_reduced_feature_robustness,2,242,D-Aggregate-full,0,1,0.9803733825683594,
3825897,2016-04-16,11,La Liga,27,male,Eibar,Real Sociedad,elite,experiment4_reduced_feature_robustness,2,242,D-Aggregate-full,1,1,0.6126738786697388,
266557,2016-04-17,11,La Liga,27,male,Barcelona,Valencia,elite,experiment4_reduced_feature_robustness,2,242,D-Aggregate-full,0,1,0.7996965646743774,
3825834,2016-04-17,11,La Liga,27,male,Atlético Madrid,Granada,elite,experiment4_reduced_feature_robustness,2,242,D-Aggregate-full,1,0,0.2540294826030731,
3825835,2016-04-17,11,La Liga,27,male,Málaga,Athletic Club,elite,experiment4_reduced_feature_robustness,2,242,D-Aggregate-full,0,0,0.40284037590026855,
3825836,2016-04-17,11,La Liga,27,male,Rayo Vallecano,Villarreal,elite,experiment4_reduced_feature_robustness,2,242,D-Aggregate-full,1,1,0.540722131729126,
3825906,2016-04-17,11,La Liga,27,male,Sevilla,RC Deportivo La Coruña,elite,experiment4_reduced_feature_robustness,2,242,D-Aggregate-full,0,1,0.5580679774284363,
3825837,2016-04-19,11,La Liga,27,male,Real Betis,Las Palmas,elite,experiment4_reduced_feature_robustness,2,242,D-Aggregate-full,1,1,0.5139915347099304,
3825862,2016-04-19,11,La Liga,27,male,Espanyol,Celta Vigo,elite,experiment4_reduced_feature_robustness,2,242,D-Aggregate-full,0,0,0.4946170449256897,
266310,2016-04-20,11,La Liga,27,male,RC Deportivo La Coruña,Barcelona,elite,experiment4_reduced_feature_robustness,2,242,D-Aggregate-full,0,0,0.2816009223461151,
3825838,2016-04-20,11,La Liga,27,male,Athletic Club,Atlético Madrid,elite,experiment4_reduced_feature_robustness,2,242,D-Aggregate-full,0,1,0.842458963394165,
3825839,2016-04-20,11,La Liga,27,male,Sporting Gijón,Sevilla,elite,experiment4_reduced_feature_robustness,2,242,D-Aggregate-full,1,0,0.16240714490413666,
3825840,2016-04-20,11,La Liga,27,male,Valencia,Eibar,elite,experiment4_reduced_feature_robustness,2,242,D-Aggregate-full,1,1,0.9806810021400452,
3825843,2016-04-20,11,La Liga,27,male,Málaga,Rayo Vallecano,elite,experiment4_reduced_feature_robustness,2,242,D-Aggregate-full,0,0,0.10001521557569504,
3825893,2016-04-20,11,La Liga,27,male,Real Madrid,Villarreal,elite,experiment4_reduced_feature_robustness,2,242,D-Aggregate-full,1,0,0.25690099596977234,
3825841,2016-04-21,11,La Liga,27,male,Real Sociedad,Getafe,elite,experiment4_reduced_feature_robustness,2,242,D-Aggregate-full,0,0,0.06078479439020157,
3825896,2016-04-21,11,La Liga,27,male,Granada,Levante UD,elite,experiment4_reduced_feature_robustness,2,242,D-Aggregate-full,1,1,0.9114782810211182,
3825871,2016-04-22,11,La Liga,27,male,Las Palmas,Espanyol,elite,experiment4_reduced_feature_robustness,2,242,D-Aggregate-full,1,0,0.1660839170217514,
265944,2016-04-23,11,La Liga,27,male,Barcelona,Sporting Gijón,elite,experiment4_reduced_feature_robustness,2,242,D-Aggregate-full,1,1,0.9205577969551086,
3825847,2016-04-23,11,La Liga,27,male,Eibar,RC Deportivo La Coruña,elite,experiment4_reduced_feature_robustness,2,242,D-Aggregate-full,0,1,0.6091808080673218,
3825886,2016-04-23,11,La Liga,27,male,Rayo Vallecano,Real Madrid,elite,experiment4_reduced_feature_robustness,2,242,D-Aggregate-full,0,0,0.1835995763540268,
3825890,2016-04-23,11,La Liga,27,male,Atlético Madrid,Málaga,elite,experiment4_reduced_feature_robustness,2,242,D-Aggregate-full,1,0,0.18724341690540314,
3825842,2016-04-24,11,La Liga,27,male,Levante UD,Athletic Club,elite,experiment4_reduced_feature_robustness,2,242,D-Aggregate-full,0,0,0.1105051040649414,
3825875,2016-04-24,11,La Liga,27,male,Villarreal,Real Sociedad,elite,experiment4_reduced_feature_robustness,2,242,D-Aggregate-full,0,0,0.13447901606559753,
3825884,2016-04-24,11,La Liga,27,male,Sevilla,Real Betis,elite,experiment4_reduced_feature_robustness,2,242,D-Aggregate-full,1,0,0.21304453909397125,
3825899,2016-04-24,11,La Liga,27,male,Getafe,Valencia,elite,experiment4_reduced_feature_robustness,2,242,D-Aggregate-full,0,1,0.5985170602798462,
3825868,2016-04-25,11,La Liga,27,male,Celta Vigo,Granada,elite,experiment4_reduced_feature_robustness,2,242,D-Aggregate-full,1,0,0.4599970877170563,
3825854,2016-04-29,11,La Liga,27,male,Sporting Gijón,Eibar,elite,experiment4_reduced_feature_robustness,2,242,D-Aggregate-full,1,0,0.04782794043421745,
266986,2016-04-30,11,La Liga,27,male,Real Betis,Barcelona,elite,experiment4_reduced_feature_robustness,2,242,D-Aggregate-full,0,0,0.10175686329603195,
3825859,2016-04-30,11,La Liga,27,male,Granada,Las Palmas,elite,experiment4_reduced_feature_robustness,2,242,D-Aggregate-full,1,0,0.42536306381225586,
3825864,2016-04-30,11,La Liga,27,male,Real Sociedad,Real Madrid,elite,experiment4_reduced_feature_robustness,2,242,D-Aggregate-full,0,0,0.13735422492027283,
3825878,2016-04-30,11,La Liga,27,male,Atlético Madrid,Rayo Vallecano,elite,experiment4_reduced_feature_robustness,2,242,D-Aggregate-full,1,0,0.32866036891937256,
3825845,2016-05-01,11,La Liga,27,male,Espanyol,Sevilla,elite,experiment4_reduced_feature_robustness,2,242,D-Aggregate-full,1,1,0.8422173857688904,
3825870,2016-05-01,11,La Liga,27,male,Athletic Club,Celta Vigo,elite,experiment4_reduced_feature_robustness,2,242,D-Aggregate-full,1,1,0.8144800066947937,
3825873,2016-05-01,11,La Liga,27,male,Valencia,Villarreal,elite,experiment4_reduced_feature_robustness,2,242,D-Aggregate-full,0,0,0.4445471465587616,
3825894,2016-05-01,11,La Liga,27,male,RC Deportivo La Coruña,Getafe,elite,experiment4_reduced_feature_robustness,2,242,D-Aggregate-full,0,0,0.11159498989582062,
3825855,2016-05-02,11,La Liga,27,male,Málaga,Levante UD,elite,experiment4_reduced_feature_robustness,2,242,D-Aggregate-full,1,1,0.8520559668540955,
265958,2016-05-08,11,La Liga,27,male,Barcelona,Espanyol,elite,experiment4_reduced_feature_robustness,2,242,D-Aggregate-full,1,1,0.9058305025100708,
3825850,2016-05-08,11,La Liga,27,male,Celta Vigo,Málaga,elite,experiment4_reduced_feature_robustness,2,242,D-Aggregate-full,1,0,0.3059290945529938,
3825851,2016-05-08,11,La Liga,27,male,Villarreal,RC Deportivo La Coruña,elite,experiment4_reduced_feature_robustness,2,242,D-Aggregate-full,0,1,0.6445037126541138,
3825853,2016-05-08,11,La Liga,27,male,Sevilla,Granada,elite,experiment4_reduced_feature_robustness,2,242,D-Aggregate-full,0,0,0.11796781420707703,
3825860,2016-05-08,11,La Liga,27,male,Levante UD,Atlético Madrid,elite,experiment4_reduced_feature_robustness,2,242,D-Aggregate-full,1,0,0.164340078830719,
3825861,2016-05-08,11,La Liga,27,male,Real Sociedad,Rayo Vallecano,elite,experiment4_reduced_feature_robustness,2,242,D-Aggregate-full,1,0,0.3747004568576813,
3825865,2016-05-08,11,La Liga,27,male,Getafe,Sporting Gijón,elite,experiment4_reduced_feature_robustness,2,242,D-Aggregate-full,0,0,0.15501075983047485,
3825866,2016-05-08,11,La Liga,27,male,Las Palmas,Athletic Club,elite,experiment4_reduced_feature_robustness,2,242,D-Aggregate-full,0,0,0.4938063323497772,
3825901,2016-05-08,11,La Liga,27,male,Real Madrid,Valencia,elite,experiment4_reduced_feature_robustness,2,242,D-Aggregate-full,1,1,0.960056483745575,
3825904,2016-05-08,11,La Liga,27,male,Eibar,Real Betis,elite,experiment4_reduced_feature_robustness,2,242,D-Aggregate-full,0,0,0.4287780225276947,
3825849,2016-05-13,11,La Liga,27,male,Valencia,Real Sociedad,elite,experiment4_reduced_feature_robustness,2,242,D-Aggregate-full,0,0,0.04746675491333008,
267506,2016-05-14,11,La Liga,27,male,Granada,Barcelona,elite,experiment4_reduced_feature_robustness,2,242,D-Aggregate-full,0,0,0.12914864718914032,
3825846,2016-05-14,11,La Liga,27,male,RC Deportivo La Coruña,Real Madrid,elite,experiment4_reduced_feature_robustness,2,242,D-Aggregate-full,0,0,0.27641817927360535,
3825869,2016-05-14,11,La Liga,27,male,Athletic Club,Sevilla,elite,experiment4_reduced_feature_robustness,2,242,D-Aggregate-full,1,1,0.8333089351654053,
3825882,2016-05-14,11,La Liga,27,male,Atlético Madrid,Celta Vigo,elite,experiment4_reduced_feature_robustness,2,242,D-Aggregate-full,1,0,0.3194541037082672,
3825876,2016-05-15,11,La Liga,27,male,Real Betis,Getafe,elite,experiment4_reduced_feature_robustness,2,242,D-Aggregate-full,1,0,0.42065027356147766,
3825883,2016-05-15,11,La Liga,27,male,Málaga,Las Palmas,elite,experiment4_reduced_feature_robustness,2,242,D-Aggregate-full,1,0,0.36893194913864136,
3825900,2016-05-15,11,La Liga,27,male,Sporting Gijón,Villarreal,elite,experiment4_reduced_feature_robustness,2,242,D-Aggregate-full,1,1,0.6602016687393188,
3825902,2016-05-15,11,La Liga,27,male,Rayo Vallecano,Levante UD,elite,experiment4_reduced_feature_robustness,2,242,D-Aggregate-full,1,1,0.6359091997146606,
3825908,2016-05-15,11,La Liga,27,male,Espanyol,Eibar,elite,experiment4_reduced_feature_robustness,2,242,D-Aggregate-full,1,1,0.9024317860603333,
267670,2016-08-20,11,La Liga,2,male,Barcelona,Real Betis,elite,experiment4_reduced_feature_robustness,2,242,D-Aggregate-full,1,1,0.936654269695282,
266892,2016-08-28,11,La Liga,2,male,Athletic Club,Barcelona,elite,experiment4_reduced_feature_robustness,2,242,D-Aggregate-full,0,0,0.08334917575120926,
267220,2016-09-21,11,La Liga,2,male,Barcelona,Atlético Madrid,elite,experiment4_reduced_feature_robustness,2,242,D-Aggregate-full,0,0,0.26071643829345703,
267492,2016-10-15,11,La Liga,2,male,Barcelona,RC Deportivo La Coruña,elite,experiment4_reduced_feature_robustness,2,242,D-Aggregate-full,1,1,0.9713805317878723,
266033,2016-10-22,11,La Liga,2,male,Valencia,Barcelona,elite,experiment4_reduced_feature_robustness,2,242,D-Aggregate-full,0,0,0.030521346256136894,
267058,2016-10-29,11,La Liga,2,male,Barcelona,Granada,elite,experiment4_reduced_feature_robustness,2,242,D-Aggregate-full,1,1,0.9117326736450195,
266989,2016-11-06,11,La Liga,2,male,Sevilla,Barcelona,elite,experiment4_reduced_feature_robustness,2,242,D-Aggregate-full,0,0,0.13938389718532562,
266191,2016-11-27,11,La Liga,2,male,Real Sociedad,Barcelona,elite,experiment4_reduced_feature_robustness,2,242,D-Aggregate-full,0,0,0.1357502043247223,
267076,2016-12-03,11,La Liga,2,male,Barcelona,Real Madrid,elite,experiment4_reduced_feature_robustness,2,242,D-Aggregate-full,0,1,0.5654528737068176,
3825787,2016-02-27,11,La Liga,27,male,Real Madrid,Atlético Madrid,elite,experiment4_reduced_feature_robustness,2,242,D-Aggregate-reduced,0,1,0.7800708413124084,
3825788,2016-02-27,11,La Liga,27,male,Getafe,Celta Vigo,elite,experiment4_reduced_feature_robustness,2,242,D-Aggregate-reduced,0,0,0.10329094529151917,
3825789,2016-02-27,11,La Liga,27,male,Real Sociedad,Málaga,elite,experiment4_reduced_feature_robustness,2,242,D-Aggregate-reduced,0,0,0.29168662428855896,
3825790,2016-02-27,11,La Liga,27,male,Sporting Gijón,Espanyol,elite,experiment4_reduced_feature_robustness,2,242,D-Aggregate-reduced,0,0,0.1270204484462738,
3825791,2016-02-27,11,La Liga,27,male,Real Betis,Rayo Vallecano,elite,experiment4_reduced_feature_robustness,2,242,D-Aggregate-reduced,0,0,0.11889177560806274,
265839,2016-02-28,11,La Liga,27,male,Barcelona,Sevilla,elite,experiment4_reduced_feature_robustness,2,242,D-Aggregate-reduced,1,1,0.6453065276145935,
3825792,2016-02-28,11,La Liga,27,male,RC Deportivo La Coruña,Granada,elite,experiment4_reduced_feature_robustness,2,242,D-Aggregate-reduced,0,0,0.4008800685405731,
3825793,2016-02-28,11,La Liga,27,male,Valencia,Athletic Club,elite,experiment4_reduced_feature_robustness,2,242,D-Aggregate-reduced,0,0,0.3282194137573242,
3825794,2016-02-28,11,La Liga,27,male,Villarreal,Levante UD,elite,experiment4_reduced_feature_robustness,2,242,D-Aggregate-reduced,1,0,0.40800192952156067,
3825795,2016-03-01,11,La Liga,27,male,Atlético Madrid,Real Sociedad,elite,experiment4_reduced_feature_robustness,2,242,D-Aggregate-reduced,1,1,0.9324915409088135,
3825796,2016-03-01,11,La Liga,27,male,Las Palmas,Getafe,elite,experiment4_reduced_feature_robustness,2,242,D-Aggregate-reduced,1,1,0.816831111907959,
3825797,2016-03-02,11,La Liga,27,male,Athletic Club,RC Deportivo La Coruña,elite,experiment4_reduced_feature_robustness,2,242,D-Aggregate-reduced,1,1,0.5250376462936401,
3825798,2016-03-02,11,La Liga,27,male,Levante UD,Real Madrid,elite,experiment4_reduced_feature_robustness,2,242,D-Aggregate-reduced,0,0,0.4855148494243622,
3825799,2016-03-02,11,La Liga,27,male,Málaga,Valencia,elite,experiment4_reduced_feature_robustness,2,242,D-Aggregate-reduced,0,0,0.19164438545703888,
3825800,2016-03-02,11,La Liga,27,male,Celta Vigo,Villarreal,elite,experiment4_reduced_feature_robustness,2,242,D-Aggregate-reduced,0,1,0.6785616874694824,
3825801,2016-03-02,11,La Liga,27,male,Sevilla,Eibar,elite,experiment4_reduced_feature_robustness,2,242,D-Aggregate-reduced,1,1,0.7339998483657837,
266653,2016-03-03,11,La Liga,27,male,Rayo Vallecano,Barcelona,elite,experiment4_reduced_feature_robustness,2,242,D-Aggregate-reduced,0,0,0.39868688583374023,
3825802,2016-03-03,11,La Liga,27,male,Espanyol,Real Betis,elite,experiment4_reduced_feature_robustness,2,242,D-Aggregate-reduced,0,0,0.2017386555671692,
3825803,2016-03-03,11,La Liga,27,male,Granada,Sporting Gijón,elite,experiment4_reduced_feature_robustness,2,242,D-Aggregate-reduced,1,1,0.657214343547821,
3825804,2016-03-05,11,La Liga,27,male,RC Deportivo La Coruña,Málaga,elite,experiment4_reduced_feature_robustness,2,242,D-Aggregate-reduced,0,0,0.49881044030189514,
3825805,2016-03-05,11,La Liga,27,male,Villarreal,Las Palmas,elite,experiment4_reduced_feature_robustness,2,242,D-Aggregate-reduced,0,1,0.6753308176994324,
3825806,2016-03-05,11,La Liga,27,male,Real Madrid,Celta Vigo,elite,experiment4_reduced_feature_robustness,2,242,D-Aggregate-reduced,1,1,0.8134912848472595,
3825867,2016-03-05,11,La Liga,27,male,Getafe,Sevilla,elite,experiment4_reduced_feature_robustness,2,242,D-Aggregate-reduced,0,0,0.08146261423826218,
266056,2016-03-06,11,La Liga,27,male,Eibar,Barcelona,elite,experiment4_reduced_feature_robustness,2,242,D-Aggregate-reduced,0,0,0.1799408197402954,
3825807,2016-03-06,11,La Liga,27,male,Valencia,Atlético Madrid,elite,experiment4_reduced_feature_robustness,2,242,D-Aggregate-reduced,0,1,0.5554220676422119,
3825808,2016-03-06,11,La Liga,27,male,Sporting Gijón,Athletic Club,elite,experiment4_reduced_feature_robustness,2,242,D-Aggregate-reduced,0,0,0.46928834915161133,
3825809,2016-03-06,11,La Liga,27,male,Real Betis,Granada,elite,experiment4_reduced_feature_robustness,2,242,D-Aggregate-reduced,1,0,0.3314014673233032,
3825810,2016-03-06,11,La Liga,27,male,Real Sociedad,Levante UD,elite,experiment4_reduced_feature_robustness,2,242,D-Aggregate-reduced,0,0,0.49294257164001465,
3825811,2016-03-07,11,La Liga,27,male,Espanyol,Rayo Vallecano,elite,experiment4_reduced_feature_robustness,2,242,D-Aggregate-reduced,1,0,0.023580579087138176,
3825812,2016-03-11,11,La Liga,27,male,Málaga,Sporting Gijón,elite,experiment4_reduced_feature_robustness,2,242,D-Aggregate-reduced,1,0,0.21513845026493073,
266498,2016-03-12,11,La Liga,27,male,Barcelona,Getafe,elite,experiment4_reduced_feature_robustness,2,242,D-Aggregate-reduced,1,1,0.8699272871017456,
3825813,2016-03-12,11,La Liga,27,male,Atlético Madrid,RC Deportivo La Coruña,elite,experiment4_reduced_feature_robustness,2,242,D-Aggregate-reduced,1,1,0.8736326098442078,
3825814,2016-03-12,11,La Liga,27,male,Celta Vigo,Real Sociedad,elite,experiment4_reduced_feature_robustness,2,242,D-Aggregate-reduced,1,0,0.05243361368775368,
3825858,2016-03-12,11,La Liga,27,male,Rayo Vallecano,Eibar,elite,experiment4_reduced_feature_robustness,2,242,D-Aggregate-reduced,0,0,0.2616715133190155,
3825815,2016-03-13,11,La Liga,27,male,Levante UD,Valencia,elite,experiment4_reduced_feature_robustness,2,242,D-Aggregate-reduced,1,0,0.3393299877643585,
3825816,2016-03-13,11,La Liga,27,male,Sevilla,Villarreal,elite,experiment4_reduced_feature_robustness,2,242,D-Aggregate-reduced,1,1,0.7019395232200623,
3825844,2016-03-13,11,La Liga,27,male,Athletic Club,Real Betis,elite,experiment4_reduced_feature_robustness,2,242,D-Aggregate-reduced,1,0,0.14836318790912628,
3825879,2016-03-13,11,La Liga,27,male,Las Palmas,Real Madrid,elite,experiment4_reduced_feature_robustness,2,242,D-Aggregate-reduced,0,1,0.8308712840080261,
3825881,2016-03-14,11,La Liga,27,male,Granada,Espanyol,elite,experiment4_reduced_feature_robustness,2,242,D-Aggregate-reduced,0,0,0.24289213120937347,
3825817,2016-03-18,11,La Liga,27,male,Getafe,Eibar,elite,experiment4_reduced_feature_robustness,2,242,D-Aggregate-reduced,0,0,0.28714272379875183,
3825818,2016-03-19,11,La Liga,27,male,Real Sociedad,Las Palmas,elite,experiment4_reduced_feature_robustness,2,242,D-Aggregate-reduced,0,1,0.6042729020118713,
3825880,2016-03-19,11,La Liga,27,male,RC Deportivo La Coruña,Levante UD,elite,experiment4_reduced_feature_robustness,2,242,D-Aggregate-reduced,1,1,0.6511375904083252,
3825887,2016-03-19,11,La Liga,27,male,Granada,Rayo Vallecano,elite,experiment4_reduced_feature_robustness,2,242,D-Aggregate-reduced,0,0,0.24401746690273285,
3825903,2016-03-19,11,La Liga,27,male,Real Betis,Málaga,elite,experiment4_reduced_feature_robustness,2,242,D-Aggregate-reduced,0,0,0.08544030785560608,
3825907,2016-03-19,11,La Liga,27,male,Sporting Gijón,Atlético Madrid,elite,experiment4_reduced_feature_robustness,2,242,D-Aggregate-reduced,1,0,0.35363441705703735,
266106,2016-03-20,11,La Liga,27,male,Villarreal,Barcelona,elite,experiment4_reduced_feature_robustness,2,242,D-Aggregate-reduced,0,0,0.30350759625434875,
3825819,2016-03-20,11,La Liga,27,male,Valencia,Celta Vigo,elite,experiment4_reduced_feature_robustness,2,242,D-Aggregate-reduced,0,0,0.3365533947944641,
3825820,2016-03-20,11,La Liga,27,male,Real Madrid,Sevilla,elite,experiment4_reduced_feature_robustness,2,242,D-Aggregate-reduced,1,1,0.9132838249206543,
3825821,2016-03-20,11,La Liga,27,male,Espanyol,Athletic Club,elite,experiment4_reduced_feature_robustness,2,242,D-Aggregate-reduced,1,0,0.401297003030777,
3825885,2016-04-01,11,La Liga,27,male,Rayo Vallecano,Getafe,elite,experiment4_reduced_feature_robustness,2,242,D-Aggregate-reduced,1,0,0.45938706398010254,
267533,2016-04-02,11,La Liga,27,male,Barcelona,Real Madrid,elite,experiment4_reduced_feature_robustness,2,242,D-Aggregate-reduced,0,1,0.8865962028503418,
3825822,2016-04-02,11,La Liga,27,male,Las Palmas,Valencia,elite,experiment4_reduced_feature_robustness,2,242,D-Aggregate-reduced,1,1,0.5854721069335938,
3825872,2016-04-02,11,La Liga,27,male,Atlético Madrid,Real Betis,elite,experiment4_reduced_feature_robustness,2,242,D-Aggregate-reduced,1,0,0.18292464315891266,
3825898,2016-04-02,11,La Liga,27,male,Celta Vigo,RC Deportivo La Coruña,elite,experiment4_reduced_feature_robustness,2,242,D-Aggregate-reduced,0,0,0.3506687581539154,
3825823,2016-04-03,11,La Liga,27,male,Sevilla,Real Sociedad,elite,experiment4_reduced_feature_robustness,2,242,D-Aggregate-reduced,0,0,0.1522878110408783,
3825824,2016-04-03,11,La Liga,27,male,Eibar,Villarreal,elite,experiment4_reduced_feature_robustness,2,242,D-Aggregate-reduced,0,0,0.14241720736026764,
3825877,2016-04-03,11,La Liga,27,male,Athletic Club,Granada,elite,experiment4_reduced_feature_robustness,2,242,D-Aggregate-reduced,0,1,0.7228913903236389,
3825905,2016-04-03,11,La Liga,27,male,Málaga,Espanyol,elite,experiment4_reduced_feature_robustness,2,242,D-Aggregate-reduced,0,1,0.7364023327827454,
3825825,2016-04-04,11,La Liga,27,male,Levante UD,Sporting Gijón,elite,experiment4_reduced_feature_robustness,2,242,D-Aggregate-reduced,0,0,0.13281776010990143,
3825826,2016-04-08,11,La Liga,27,male,Granada,Málaga,elite,experiment4_reduced_feature_robustness,2,242,D-Aggregate-reduced,0,1,0.681224524974823,
266664,2016-04-09,11,La Liga,27,male,Real Sociedad,Barcelona,elite,experiment4_reduced_feature_robustness,2,242,D-Aggregate-reduced,1,0,0.04300198704004288,
3825827,2016-04-09,11,La Liga,27,male,Real Betis,Levante UD,elite,experiment4_reduced_feature_robustness,2,242,D-Aggregate-reduced,1,0,0.4526667296886444,
3825828,2016-04-09,11,La Liga,27,male,Espanyol,Atlético Madrid,elite,experiment4_reduced_feature_robustness,2,242,D-Aggregate-reduced,0,1,0.527603268623352,
3825856,2016-04-09,11,La Liga,27,male,Real Madrid,Eibar,elite,experiment4_reduced_feature_robustness,2,242,D-Aggregate-reduced,1,1,0.729647696018219,
3825829,2016-04-10,11,La Liga,27,male,Athletic Club,Rayo Vallecano,elite,experiment4_reduced_feature_robustness,2,242,D-Aggregate-reduced,1,0,0.15329907834529877,
3825830,2016-04-10,11,La Liga,27,male,Villarreal,Getafe,elite,experiment4_reduced_feature_robustness,2,242,D-Aggregate-reduced,1,0,0.4529683589935303,
3825831,2016-04-10,11,La Liga,27,male,Valencia,Sevilla,elite,experiment4_reduced_feature_robustness,2,242,D-Aggregate-reduced,1,0,0.16695266962051392,
3825832,2016-04-10,11,La Liga,27,male,Sporting Gijón,Celta Vigo,elite,experiment4_reduced_feature_robustness,2,242,D-Aggregate-reduced,0,0,0.40936556458473206,
3825863,2016-04-11,11,La Liga,27,male,RC Deportivo La Coruña,Las Palmas,elite,experiment4_reduced_feature_robustness,2,242,D-Aggregate-reduced,0,0,0.13246621191501617,
3825857,2016-04-15,11,La Liga,27,male,Levante UD,Espanyol,elite,experiment4_reduced_feature_robustness,2,242,D-Aggregate-reduced,1,0,0.18386709690093994,
3825833,2016-04-16,11,La Liga,27,male,Getafe,Real Madrid,elite,experiment4_reduced_feature_robustness,2,242,D-Aggregate-reduced,0,1,0.5799086689949036,
3825852,2016-04-16,11,La Liga,27,male,Las Palmas,Sporting Gijón,elite,experiment4_reduced_feature_robustness,2,242,D-Aggregate-reduced,0,1,0.8837911486625671,
3825889,2016-04-16,11,La Liga,27,male,Celta Vigo,Real Betis,elite,experiment4_reduced_feature_robustness,2,242,D-Aggregate-reduced,0,1,0.7768422365188599,
3825897,2016-04-16,11,La Liga,27,male,Eibar,Real Sociedad,elite,experiment4_reduced_feature_robustness,2,242,D-Aggregate-reduced,1,1,0.6293030977249146,
266557,2016-04-17,11,La Liga,27,male,Barcelona,Valencia,elite,experiment4_reduced_feature_robustness,2,242,D-Aggregate-reduced,0,1,0.6981662511825562,
3825834,2016-04-17,11,La Liga,27,male,Atlético Madrid,Granada,elite,experiment4_reduced_feature_robustness,2,242,D-Aggregate-reduced,1,0,0.4651542603969574,
3825835,2016-04-17,11,La Liga,27,male,Málaga,Athletic Club,elite,experiment4_reduced_feature_robustness,2,242,D-Aggregate-reduced,0,0,0.0611276775598526,
3825836,2016-04-17,11,La Liga,27,male,Rayo Vallecano,Villarreal,elite,experiment4_reduced_feature_robustness,2,242,D-Aggregate-reduced,1,1,0.7524483799934387,
3825906,2016-04-17,11,La Liga,27,male,Sevilla,RC Deportivo La Coruña,elite,experiment4_reduced_feature_robustness,2,242,D-Aggregate-reduced,0,1,0.9056816101074219,
3825837,2016-04-19,11,La Liga,27,male,Real Betis,Las Palmas,elite,experiment4_reduced_feature_robustness,2,242,D-Aggregate-reduced,1,0,0.4501226544380188,
3825862,2016-04-19,11,La Liga,27,male,Espanyol,Celta Vigo,elite,experiment4_reduced_feature_robustness,2,242,D-Aggregate-reduced,0,1,0.5150701403617859,
266310,2016-04-20,11,La Liga,27,male,RC Deportivo La Coruña,Barcelona,elite,experiment4_reduced_feature_robustness,2,242,D-Aggregate-reduced,0,0,0.15924766659736633,
3825838,2016-04-20,11,La Liga,27,male,Athletic Club,Atlético Madrid,elite,experiment4_reduced_feature_robustness,2,242,D-Aggregate-reduced,0,1,0.9335566759109497,
3825839,2016-04-20,11,La Liga,27,male,Sporting Gijón,Sevilla,elite,experiment4_reduced_feature_robustness,2,242,D-Aggregate-reduced,1,0,0.35591599345207214,
3825840,2016-04-20,11,La Liga,27,male,Valencia,Eibar,elite,experiment4_reduced_feature_robustness,2,242,D-Aggregate-reduced,1,1,0.8742331266403198,
3825843,2016-04-20,11,La Liga,27,male,Málaga,Rayo Vallecano,elite,experiment4_reduced_feature_robustness,2,242,D-Aggregate-reduced,0,0,0.28628024458885193,
3825893,2016-04-20,11,La Liga,27,male,Real Madrid,Villarreal,elite,experiment4_reduced_feature_robustness,2,242,D-Aggregate-reduced,1,0,0.48771294951438904,
3825841,2016-04-21,11,La Liga,27,male,Real Sociedad,Getafe,elite,experiment4_reduced_feature_robustness,2,242,D-Aggregate-reduced,0,1,0.7066951990127563,
3825896,2016-04-21,11,La Liga,27,male,Granada,Levante UD,elite,experiment4_reduced_feature_robustness,2,242,D-Aggregate-reduced,1,0,0.22972802817821503,
3825871,2016-04-22,11,La Liga,27,male,Las Palmas,Espanyol,elite,experiment4_reduced_feature_robustness,2,242,D-Aggregate-reduced,1,1,0.8936202526092529,
265944,2016-04-23,11,La Liga,27,male,Barcelona,Sporting Gijón,elite,experiment4_reduced_feature_robustness,2,242,D-Aggregate-reduced,1,1,0.8875167965888977,
3825847,2016-04-23,11,La Liga,27,male,Eibar,RC Deportivo La Coruña,elite,experiment4_reduced_feature_robustness,2,242,D-Aggregate-reduced,0,0,0.3557351529598236,
3825886,2016-04-23,11,La Liga,27,male,Rayo Vallecano,Real Madrid,elite,experiment4_reduced_feature_robustness,2,242,D-Aggregate-reduced,0,0,0.13931915163993835,
3825890,2016-04-23,11,La Liga,27,male,Atlético Madrid,Málaga,elite,experiment4_reduced_feature_robustness,2,242,D-Aggregate-reduced,1,0,0.2768914997577667,
3825842,2016-04-24,11,La Liga,27,male,Levante UD,Athletic Club,elite,experiment4_reduced_feature_robustness,2,242,D-Aggregate-reduced,0,0,0.09287724643945694,
3825875,2016-04-24,11,La Liga,27,male,Villarreal,Real Sociedad,elite,experiment4_reduced_feature_robustness,2,242,D-Aggregate-reduced,0,0,0.25727328658103943,
3825884,2016-04-24,11,La Liga,27,male,Sevilla,Real Betis,elite,experiment4_reduced_feature_robustness,2,242,D-Aggregate-reduced,1,0,0.19078218936920166,
3825899,2016-04-24,11,La Liga,27,male,Getafe,Valencia,elite,experiment4_reduced_feature_robustness,2,242,D-Aggregate-reduced,0,0,0.21877741813659668,
3825868,2016-04-25,11,La Liga,27,male,Celta Vigo,Granada,elite,experiment4_reduced_feature_robustness,2,242,D-Aggregate-reduced,1,0,0.34799665212631226,
3825854,2016-04-29,11,La Liga,27,male,Sporting Gijón,Eibar,elite,experiment4_reduced_feature_robustness,2,242,D-Aggregate-reduced,1,0,0.25204867124557495,
266986,2016-04-30,11,La Liga,27,male,Real Betis,Barcelona,elite,experiment4_reduced_feature_robustness,2,242,D-Aggregate-reduced,0,0,0.058563824743032455,
3825859,2016-04-30,11,La Liga,27,male,Granada,Las Palmas,elite,experiment4_reduced_feature_robustness,2,242,D-Aggregate-reduced,1,0,0.21610784530639648,
3825864,2016-04-30,11,La Liga,27,male,Real Sociedad,Real Madrid,elite,experiment4_reduced_feature_robustness,2,242,D-Aggregate-reduced,0,0,0.47102147340774536,
3825878,2016-04-30,11,La Liga,27,male,Atlético Madrid,Rayo Vallecano,elite,experiment4_reduced_feature_robustness,2,242,D-Aggregate-reduced,1,0,0.23416157066822052,
3825845,2016-05-01,11,La Liga,27,male,Espanyol,Sevilla,elite,experiment4_reduced_feature_robustness,2,242,D-Aggregate-reduced,1,1,0.5945665240287781,
3825870,2016-05-01,11,La Liga,27,male,Athletic Club,Celta Vigo,elite,experiment4_reduced_feature_robustness,2,242,D-Aggregate-reduced,1,1,0.6852858066558838,
3825873,2016-05-01,11,La Liga,27,male,Valencia,Villarreal,elite,experiment4_reduced_feature_robustness,2,242,D-Aggregate-reduced,0,1,0.9275479316711426,
3825894,2016-05-01,11,La Liga,27,male,RC Deportivo La Coruña,Getafe,elite,experiment4_reduced_feature_robustness,2,242,D-Aggregate-reduced,0,0,0.39773544669151306,
3825855,2016-05-02,11,La Liga,27,male,Málaga,Levante UD,elite,experiment4_reduced_feature_robustness,2,242,D-Aggregate-reduced,1,0,0.20475232601165771,
265958,2016-05-08,11,La Liga,27,male,Barcelona,Espanyol,elite,experiment4_reduced_feature_robustness,2,242,D-Aggregate-reduced,1,0,0.4997624158859253,
3825850,2016-05-08,11,La Liga,27,male,Celta Vigo,Málaga,elite,experiment4_reduced_feature_robustness,2,242,D-Aggregate-reduced,1,0,0.13107387721538544,
3825851,2016-05-08,11,La Liga,27,male,Villarreal,RC Deportivo La Coruña,elite,experiment4_reduced_feature_robustness,2,242,D-Aggregate-reduced,0,1,0.9519758820533752,
3825853,2016-05-08,11,La Liga,27,male,Sevilla,Granada,elite,experiment4_reduced_feature_robustness,2,242,D-Aggregate-reduced,0,0,0.34124600887298584,
3825860,2016-05-08,11,La Liga,27,male,Levante UD,Atlético Madrid,elite,experiment4_reduced_feature_robustness,2,242,D-Aggregate-reduced,1,1,0.9072860479354858,
3825861,2016-05-08,11,La Liga,27,male,Real Sociedad,Rayo Vallecano,elite,experiment4_reduced_feature_robustness,2,242,D-Aggregate-reduced,1,0,0.2653678357601166,
3825865,2016-05-08,11,La Liga,27,male,Getafe,Sporting Gijón,elite,experiment4_reduced_feature_robustness,2,242,D-Aggregate-reduced,0,0,0.21745999157428741,
3825866,2016-05-08,11,La Liga,27,male,Las Palmas,Athletic Club,elite,experiment4_reduced_feature_robustness,2,242,D-Aggregate-reduced,0,1,0.9269137382507324,
3825901,2016-05-08,11,La Liga,27,male,Real Madrid,Valencia,elite,experiment4_reduced_feature_robustness,2,242,D-Aggregate-reduced,1,1,0.9057378768920898,
3825904,2016-05-08,11,La Liga,27,male,Eibar,Real Betis,elite,experiment4_reduced_feature_robustness,2,242,D-Aggregate-reduced,0,1,0.6126660108566284,
3825849,2016-05-13,11,La Liga,27,male,Valencia,Real Sociedad,elite,experiment4_reduced_feature_robustness,2,242,D-Aggregate-reduced,0,0,0.2587428689002991,
267506,2016-05-14,11,La Liga,27,male,Granada,Barcelona,elite,experiment4_reduced_feature_robustness,2,242,D-Aggregate-reduced,0,0,0.10979506373405457,
3825846,2016-05-14,11,La Liga,27,male,RC Deportivo La Coruña,Real Madrid,elite,experiment4_reduced_feature_robustness,2,242,D-Aggregate-reduced,0,1,0.7286177277565002,
3825869,2016-05-14,11,La Liga,27,male,Athletic Club,Sevilla,elite,experiment4_reduced_feature_robustness,2,242,D-Aggregate-reduced,1,1,0.7471629977226257,
3825882,2016-05-14,11,La Liga,27,male,Atlético Madrid,Celta Vigo,elite,experiment4_reduced_feature_robustness,2,242,D-Aggregate-reduced,1,0,0.2205687016248703,
3825876,2016-05-15,11,La Liga,27,male,Real Betis,Getafe,elite,experiment4_reduced_feature_robustness,2,242,D-Aggregate-reduced,1,0,0.44266173243522644,
3825883,2016-05-15,11,La Liga,27,male,Málaga,Las Palmas,elite,experiment4_reduced_feature_robustness,2,242,D-Aggregate-reduced,1,0,0.38326364755630493,
3825900,2016-05-15,11,La Liga,27,male,Sporting Gijón,Villarreal,elite,experiment4_reduced_feature_robustness,2,242,D-Aggregate-reduced,1,0,0.49017614126205444,
3825902,2016-05-15,11,La Liga,27,male,Rayo Vallecano,Levante UD,elite,experiment4_reduced_feature_robustness,2,242,D-Aggregate-reduced,1,1,0.8220215439796448,
3825908,2016-05-15,11,La Liga,27,male,Espanyol,Eibar,elite,experiment4_reduced_feature_robustness,2,242,D-Aggregate-reduced,1,1,0.7581188678741455,
267670,2016-08-20,11,La Liga,2,male,Barcelona,Real Betis,elite,experiment4_reduced_feature_robustness,2,242,D-Aggregate-reduced,1,1,0.560913622379303,
266892,2016-08-28,11,La Liga,2,male,Athletic Club,Barcelona,elite,experiment4_reduced_feature_robustness,2,242,D-Aggregate-reduced,0,0,0.44814589619636536,
267220,2016-09-21,11,La Liga,2,male,Barcelona,Atlético Madrid,elite,experiment4_reduced_feature_robustness,2,242,D-Aggregate-reduced,0,1,0.9750994443893433,
267492,2016-10-15,11,La Liga,2,male,Barcelona,RC Deportivo La Coruña,elite,experiment4_reduced_feature_robustness,2,242,D-Aggregate-reduced,1,1,0.7445583343505859,
266033,2016-10-22,11,La Liga,2,male,Valencia,Barcelona,elite,experiment4_reduced_feature_robustness,2,242,D-Aggregate-reduced,0,0,0.0816631093621254,
267058,2016-10-29,11,La Liga,2,male,Barcelona,Granada,elite,experiment4_reduced_feature_robustness,2,242,D-Aggregate-reduced,1,1,0.9435040950775146,
266989,2016-11-06,11,La Liga,2,male,Sevilla,Barcelona,elite,experiment4_reduced_feature_robustness,2,242,D-Aggregate-reduced,0,0,0.12705393135547638,
266191,2016-11-27,11,La Liga,2,male,Real Sociedad,Barcelona,elite,experiment4_reduced_feature_robustness,2,242,D-Aggregate-reduced,0,0,0.07925494015216827,
267076,2016-12-03,11,La Liga,2,male,Barcelona,Real Madrid,elite,experiment4_reduced_feature_robustness,2,242,D-Aggregate-reduced,0,1,0.9101226925849915,
266357,2016-12-10,11,La Liga,2,male,Osasuna,Barcelona,elite,experiment4_reduced_feature_robustness,3,342,B-GNN-reduced,0,0,0.045816950500011444,
266528,2016-12-18,11,La Liga,2,male,Barcelona,Espanyol,elite,experiment4_reduced_feature_robustness,3,342,B-GNN-reduced,1,1,0.6661167740821838,
266477,2017-01-08,11,La Liga,2,male,Villarreal,Barcelona,elite,experiment4_reduced_feature_robustness,3,342,B-GNN-reduced,0,0,0.3886547088623047,
267395,2017-01-14,11,La Liga,2,male,Barcelona,Las Palmas,elite,experiment4_reduced_feature_robustness,3,342,B-GNN-reduced,1,1,0.6319063901901245,
266731,2017-01-22,11,La Liga,2,male,Eibar,Barcelona,elite,experiment4_reduced_feature_robustness,3,342,B-GNN-reduced,0,0,0.2902894914150238,
266516,2017-01-29,11,La Liga,2,male,Real Betis,Barcelona,elite,experiment4_reduced_feature_robustness,3,342,B-GNN-reduced,0,0,0.3784247934818268,
266874,2017-02-04,11,La Liga,2,male,Barcelona,Athletic Club,elite,experiment4_reduced_feature_robustness,3,342,B-GNN-reduced,1,0,0.3185151219367981,
267464,2017-02-26,11,La Liga,2,male,Atlético Madrid,Barcelona,elite,experiment4_reduced_feature_robustness,3,342,B-GNN-reduced,0,0,0.2531365752220154,
265952,2017-03-01,11,La Liga,2,male,Barcelona,Sporting Gijón,elite,experiment4_reduced_feature_robustness,3,342,B-GNN-reduced,1,1,0.7359177470207214,
266299,2017-03-04,11,La Liga,2,male,Barcelona,Celta Vigo,elite,experiment4_reduced_feature_robustness,3,342,B-GNN-reduced,1,0,0.46494144201278687,
267660,2017-03-12,11,La Liga,2,male,RC Deportivo La Coruña,Barcelona,elite,experiment4_reduced_feature_robustness,3,342,B-GNN-reduced,1,0,0.21431545913219452,
266440,2017-03-19,11,La Liga,2,male,Barcelona,Valencia,elite,experiment4_reduced_feature_robustness,3,342,B-GNN-reduced,1,1,0.5479837656021118,
266280,2017-04-05,11,La Liga,2,male,Barcelona,Sevilla,elite,experiment4_reduced_feature_robustness,3,342,B-GNN-reduced,1,1,0.6715999245643616,
267590,2017-04-08,11,La Liga,2,male,Málaga,Barcelona,elite,experiment4_reduced_feature_robustness,3,342,B-GNN-reduced,1,0,0.1659098118543625,
267373,2017-04-15,11,La Liga,2,male,Barcelona,Real Sociedad,elite,experiment4_reduced_feature_robustness,3,342,B-GNN-reduced,1,0,0.35572460293769836,
267569,2017-04-23,11,La Liga,2,male,Real Madrid,Barcelona,elite,experiment4_reduced_feature_robustness,3,342,B-GNN-reduced,0,0,0.31055590510368347,
267101,2017-04-26,11,La Liga,2,male,Barcelona,Osasuna,elite,experiment4_reduced_feature_robustness,3,342,B-GNN-reduced,1,1,0.5622445940971375,
267077,2017-04-29,11,La Liga,2,male,Espanyol,Barcelona,elite,experiment4_reduced_feature_robustness,3,342,B-GNN-reduced,0,0,0.302912175655365,
266952,2017-05-06,11,La Liga,2,male,Barcelona,Villarreal,elite,experiment4_reduced_feature_robustness,3,342,B-GNN-reduced,1,1,0.781191349029541,
267039,2017-05-14,11,La Liga,2,male,Las Palmas,Barcelona,elite,experiment4_reduced_feature_robustness,3,342,B-GNN-reduced,0,0,0.27431994676589966,
267432,2017-05-21,11,La Liga,2,male,Barcelona,Eibar,elite,experiment4_reduced_feature_robustness,3,342,B-GNN-reduced,1,1,0.5028805136680603,
9575,2017-08-20,11,La Liga,1,male,Barcelona,Real Betis,elite,experiment4_reduced_feature_robustness,3,342,B-GNN-reduced,1,1,0.691302478313446,
9581,2017-08-26,11,La Liga,1,male,Deportivo Alavés,Barcelona,elite,experiment4_reduced_feature_robustness,3,342,B-GNN-reduced,0,0,0.1602431833744049,
9592,2017-09-09,11,La Liga,1,male,Barcelona,Espanyol,elite,experiment4_reduced_feature_robustness,3,342,B-GNN-reduced,1,1,0.8359229564666748,
9602,2017-09-16,11,La Liga,1,male,Getafe,Barcelona,elite,experiment4_reduced_feature_robustness,3,342,B-GNN-reduced,0,0,0.1579139530658722,
9609,2017-09-19,11,La Liga,1,male,Barcelona,Eibar,elite,experiment4_reduced_feature_robustness,3,342,B-GNN-reduced,1,1,0.5951740741729736,
9636,2017-10-01,11,La Liga,1,male,Barcelona,Las Palmas,elite,experiment4_reduced_feature_robustness,3,342,B-GNN-reduced,1,1,0.5296758413314819,
9642,2017-10-14,11,La Liga,1,male,Atlético Madrid,Barcelona,elite,experiment4_reduced_feature_robustness,3,342,B-GNN-reduced,0,1,0.6101905703544617,
9650,2017-10-21,11,La Liga,1,male,Barcelona,Málaga,elite,experiment4_reduced_feature_robustness,3,342,B-GNN-reduced,1,1,0.8434638381004333,
9661,2017-10-28,11,La Liga,1,male,Athletic Club,Barcelona,elite,experiment4_reduced_feature_robustness,3,342,B-GNN-reduced,0,0,0.2818719446659088,
9673,2017-11-04,11,La Liga,1,male,Barcelona,Sevilla,elite,experiment4_reduced_feature_robustness,3,342,B-GNN-reduced,1,0,0.4782279431819916,
9695,2017-11-26,11,La Liga,1,male,Valencia,Barcelona,elite,experiment4_reduced_feature_robustness,3,342,B-GNN-reduced,0,0,0.40790411829948425,
9700,2017-12-02,11,La Liga,1,male,Barcelona,Celta Vigo,elite,experiment4_reduced_feature_robustness,3,342,B-GNN-reduced,0,1,0.6046685576438904,
9717,2017-12-10,11,La Liga,1,male,Villarreal,Barcelona,elite,experiment4_reduced_feature_robustness,3,342,B-GNN-reduced,0,1,0.519365668296814,
9726,2017-12-17,11,La Liga,1,male,Barcelona,RC Deportivo La Coruña,elite,experiment4_reduced_feature_robustness,3,342,B-GNN-reduced,1,1,0.6228734254837036,
9736,2017-12-23,11,La Liga,1,male,Real Madrid,Barcelona,elite,experiment4_reduced_feature_robustness,3,342,B-GNN-reduced,0,1,0.6488910913467407,
9742,2018-01-07,11,La Liga,1,male,Barcelona,Levante UD,elite,experiment4_reduced_feature_robustness,3,342,B-GNN-reduced,1,1,0.7902936935424805,
9754,2018-01-14,11,La Liga,1,male,Real Sociedad,Barcelona,elite,experiment4_reduced_feature_robustness,3,342,B-GNN-reduced,0,1,0.5499943494796753,
9765,2018-01-21,11,La Liga,1,male,Real Betis,Barcelona,elite,experiment4_reduced_feature_robustness,3,342,B-GNN-reduced,0,1,0.7482646107673645,
9774,2018-01-28,11,La Liga,1,male,Barcelona,Deportivo Alavés,elite,experiment4_reduced_feature_robustness,3,342,B-GNN-reduced,1,1,0.6031104922294617,
9783,2018-02-04,11,La Liga,1,male,Espanyol,Barcelona,elite,experiment4_reduced_feature_robustness,3,342,B-GNN-reduced,0,0,0.2069108784198761,
9794,2018-02-11,11,La Liga,1,male,Barcelona,Getafe,elite,experiment4_reduced_feature_robustness,3,342,B-GNN-reduced,0,1,0.7874540686607361,
9799,2018-02-17,11,La Liga,1,male,Eibar,Barcelona,elite,experiment4_reduced_feature_robustness,3,342,B-GNN-reduced,0,0,0.3659294545650482,
9827,2018-03-01,11,La Liga,1,male,Las Palmas,Barcelona,elite,experiment4_reduced_feature_robustness,3,342,B-GNN-reduced,0,0,0.10371775925159454,
9837,2018-03-04,11,La Liga,1,male,Barcelona,Atlético Madrid,elite,experiment4_reduced_feature_robustness,3,342,B-GNN-reduced,1,1,0.5629878044128418,
9855,2018-03-18,11,La Liga,1,male,Barcelona,Athletic Club,elite,experiment4_reduced_feature_robustness,3,342,B-GNN-reduced,1,0,0.38667845726013184,
9860,2018-03-31,11,La Liga,1,male,Sevilla,Barcelona,elite,experiment4_reduced_feature_robustness,3,342,B-GNN-reduced,0,0,0.1920124888420105,
9870,2018-04-07,11,La Liga,1,male,Barcelona,Leganés,elite,experiment4_reduced_feature_robustness,3,342,B-GNN-reduced,1,1,0.7397415041923523,
9880,2018-04-14,11,La Liga,1,male,Barcelona,Valencia,elite,experiment4_reduced_feature_robustness,3,342,B-GNN-reduced,1,1,0.7866402864456177,
9889,2018-04-17,11,La Liga,1,male,Celta Vigo,Barcelona,elite,experiment4_reduced_feature_robustness,3,342,B-GNN-reduced,0,0,0.44620493054389954,
266357,2016-12-10,11,La Liga,2,male,Osasuna,Barcelona,elite,experiment4_reduced_feature_robustness,3,342,C-Hybrid-reduced,0,0,0.17466938495635986,0.4863908588886261
266528,2016-12-18,11,La Liga,2,male,Barcelona,Espanyol,elite,experiment4_reduced_feature_robustness,3,342,C-Hybrid-reduced,1,1,0.657923698425293,0.4863908588886261
266477,2017-01-08,11,La Liga,2,male,Villarreal,Barcelona,elite,experiment4_reduced_feature_robustness,3,342,C-Hybrid-reduced,0,0,0.31929099559783936,0.4863908588886261
267395,2017-01-14,11,La Liga,2,male,Barcelona,Las Palmas,elite,experiment4_reduced_feature_robustness,3,342,C-Hybrid-reduced,1,1,0.8387866616249084,0.4863908588886261
266731,2017-01-22,11,La Liga,2,male,Eibar,Barcelona,elite,experiment4_reduced_feature_robustness,3,342,C-Hybrid-reduced,0,0,0.377388060092926,0.4863908588886261
266516,2017-01-29,11,La Liga,2,male,Real Betis,Barcelona,elite,experiment4_reduced_feature_robustness,3,342,C-Hybrid-reduced,0,0,0.09332216531038284,0.4863908588886261
266874,2017-02-04,11,La Liga,2,male,Barcelona,Athletic Club,elite,experiment4_reduced_feature_robustness,3,342,C-Hybrid-reduced,1,1,0.5537827014923096,0.4863908588886261
267464,2017-02-26,11,La Liga,2,male,Atlético Madrid,Barcelona,elite,experiment4_reduced_feature_robustness,3,342,C-Hybrid-reduced,0,0,0.1771329939365387,0.4863908588886261
265952,2017-03-01,11,La Liga,2,male,Barcelona,Sporting Gijón,elite,experiment4_reduced_feature_robustness,3,342,C-Hybrid-reduced,1,1,0.7656872868537903,0.4863908588886261
266299,2017-03-04,11,La Liga,2,male,Barcelona,Celta Vigo,elite,experiment4_reduced_feature_robustness,3,342,C-Hybrid-reduced,1,1,0.7477930784225464,0.4863908588886261
267660,2017-03-12,11,La Liga,2,male,RC Deportivo La Coruña,Barcelona,elite,experiment4_reduced_feature_robustness,3,342,C-Hybrid-reduced,1,0,0.0727442055940628,0.4863908588886261
266440,2017-03-19,11,La Liga,2,male,Barcelona,Valencia,elite,experiment4_reduced_feature_robustness,3,342,C-Hybrid-reduced,1,1,0.8397870659828186,0.4863908588886261
266280,2017-04-05,11,La Liga,2,male,Barcelona,Sevilla,elite,experiment4_reduced_feature_robustness,3,342,C-Hybrid-reduced,1,1,0.8564372658729553,0.4863908588886261
267590,2017-04-08,11,La Liga,2,male,Málaga,Barcelona,elite,experiment4_reduced_feature_robustness,3,342,C-Hybrid-reduced,1,0,0.43699297308921814,0.4863908588886261
267373,2017-04-15,11,La Liga,2,male,Barcelona,Real Sociedad,elite,experiment4_reduced_feature_robustness,3,342,C-Hybrid-reduced,1,1,0.5886455178260803,0.4863908588886261
267569,2017-04-23,11,La Liga,2,male,Real Madrid,Barcelona,elite,experiment4_reduced_feature_robustness,3,342,C-Hybrid-reduced,0,1,0.5332715511322021,0.4863908588886261
267101,2017-04-26,11,La Liga,2,male,Barcelona,Osasuna,elite,experiment4_reduced_feature_robustness,3,342,C-Hybrid-reduced,1,1,0.7809448838233948,0.4863908588886261
267077,2017-04-29,11,La Liga,2,male,Espanyol,Barcelona,elite,experiment4_reduced_feature_robustness,3,342,C-Hybrid-reduced,0,0,0.11116474121809006,0.4863908588886261
266952,2017-05-06,11,La Liga,2,male,Barcelona,Villarreal,elite,experiment4_reduced_feature_robustness,3,342,C-Hybrid-reduced,1,1,0.8602074384689331,0.4863908588886261
267039,2017-05-14,11,La Liga,2,male,Las Palmas,Barcelona,elite,experiment4_reduced_feature_robustness,3,342,C-Hybrid-reduced,0,0,0.09583170711994171,0.4863908588886261
267432,2017-05-21,11,La Liga,2,male,Barcelona,Eibar,elite,experiment4_reduced_feature_robustness,3,342,C-Hybrid-reduced,1,1,0.6521032452583313,0.4863908588886261
9575,2017-08-20,11,La Liga,1,male,Barcelona,Real Betis,elite,experiment4_reduced_feature_robustness,3,342,C-Hybrid-reduced,1,1,0.8306702375411987,0.4863908588886261
9581,2017-08-26,11,La Liga,1,male,Deportivo Alavés,Barcelona,elite,experiment4_reduced_feature_robustness,3,342,C-Hybrid-reduced,0,0,0.07887541502714157,0.4863908588886261
9592,2017-09-09,11,La Liga,1,male,Barcelona,Espanyol,elite,experiment4_reduced_feature_robustness,3,342,C-Hybrid-reduced,1,1,0.9374468326568604,0.4863908588886261
9602,2017-09-16,11,La Liga,1,male,Getafe,Barcelona,elite,experiment4_reduced_feature_robustness,3,342,C-Hybrid-reduced,0,0,0.21945351362228394,0.4863908588886261
9609,2017-09-19,11,La Liga,1,male,Barcelona,Eibar,elite,experiment4_reduced_feature_robustness,3,342,C-Hybrid-reduced,1,1,0.8753310441970825,0.4863908588886261
9636,2017-10-01,11,La Liga,1,male,Barcelona,Las Palmas,elite,experiment4_reduced_feature_robustness,3,342,C-Hybrid-reduced,1,1,0.7769289016723633,0.4863908588886261
9642,2017-10-14,11,La Liga,1,male,Atlético Madrid,Barcelona,elite,experiment4_reduced_feature_robustness,3,342,C-Hybrid-reduced,0,0,0.2599062919616699,0.4863908588886261
9650,2017-10-21,11,La Liga,1,male,Barcelona,Málaga,elite,experiment4_reduced_feature_robustness,3,342,C-Hybrid-reduced,1,1,0.8124907612800598,0.4863908588886261
9661,2017-10-28,11,La Liga,1,male,Athletic Club,Barcelona,elite,experiment4_reduced_feature_robustness,3,342,C-Hybrid-reduced,0,0,0.2917317748069763,0.4863908588886261
9673,2017-11-04,11,La Liga,1,male,Barcelona,Sevilla,elite,experiment4_reduced_feature_robustness,3,342,C-Hybrid-reduced,1,1,0.6269254088401794,0.4863908588886261
9695,2017-11-26,11,La Liga,1,male,Valencia,Barcelona,elite,experiment4_reduced_feature_robustness,3,342,C-Hybrid-reduced,0,0,0.266147643327713,0.4863908588886261
9700,2017-12-02,11,La Liga,1,male,Barcelona,Celta Vigo,elite,experiment4_reduced_feature_robustness,3,342,C-Hybrid-reduced,0,1,0.7250996232032776,0.4863908588886261
9717,2017-12-10,11,La Liga,1,male,Villarreal,Barcelona,elite,experiment4_reduced_feature_robustness,3,342,C-Hybrid-reduced,0,0,0.2701762616634369,0.4863908588886261
9726,2017-12-17,11,La Liga,1,male,Barcelona,RC Deportivo La Coruña,elite,experiment4_reduced_feature_robustness,3,342,C-Hybrid-reduced,1,1,0.8186182379722595,0.4863908588886261
9736,2017-12-23,11,La Liga,1,male,Real Madrid,Barcelona,elite,experiment4_reduced_feature_robustness,3,342,C-Hybrid-reduced,0,1,0.591123104095459,0.4863908588886261
9742,2018-01-07,11,La Liga,1,male,Barcelona,Levante UD,elite,experiment4_reduced_feature_robustness,3,342,C-Hybrid-reduced,1,1,0.896228015422821,0.4863908588886261
9754,2018-01-14,11,La Liga,1,male,Real Sociedad,Barcelona,elite,experiment4_reduced_feature_robustness,3,342,C-Hybrid-reduced,0,0,0.3650294542312622,0.4863908588886261
9765,2018-01-21,11,La Liga,1,male,Real Betis,Barcelona,elite,experiment4_reduced_feature_robustness,3,342,C-Hybrid-reduced,0,0,0.2821159362792969,0.4863908588886261
9774,2018-01-28,11,La Liga,1,male,Barcelona,Deportivo Alavés,elite,experiment4_reduced_feature_robustness,3,342,C-Hybrid-reduced,1,1,0.8254786133766174,0.4863908588886261
9783,2018-02-04,11,La Liga,1,male,Espanyol,Barcelona,elite,experiment4_reduced_feature_robustness,3,342,C-Hybrid-reduced,0,0,0.09862302243709564,0.4863908588886261
9794,2018-02-11,11,La Liga,1,male,Barcelona,Getafe,elite,experiment4_reduced_feature_robustness,3,342,C-Hybrid-reduced,0,1,0.7712310552597046,0.4863908588886261
9799,2018-02-17,11,La Liga,1,male,Eibar,Barcelona,elite,experiment4_reduced_feature_robustness,3,342,C-Hybrid-reduced,0,0,0.20994015038013458,0.4863908588886261
9827,2018-03-01,11,La Liga,1,male,Las Palmas,Barcelona,elite,experiment4_reduced_feature_robustness,3,342,C-Hybrid-reduced,0,0,0.09420249611139297,0.4863908588886261
9837,2018-03-04,11,La Liga,1,male,Barcelona,Atlético Madrid,elite,experiment4_reduced_feature_robustness,3,342,C-Hybrid-reduced,1,1,0.7319917678833008,0.4863908588886261
9855,2018-03-18,11,La Liga,1,male,Barcelona,Athletic Club,elite,experiment4_reduced_feature_robustness,3,342,C-Hybrid-reduced,1,1,0.7562165856361389,0.4863908588886261
9860,2018-03-31,11,La Liga,1,male,Sevilla,Barcelona,elite,experiment4_reduced_feature_robustness,3,342,C-Hybrid-reduced,0,0,0.1628899872303009,0.4863908588886261
9870,2018-04-07,11,La Liga,1,male,Barcelona,Leganés,elite,experiment4_reduced_feature_robustness,3,342,C-Hybrid-reduced,1,1,0.793153703212738,0.4863908588886261
9880,2018-04-14,11,La Liga,1,male,Barcelona,Valencia,elite,experiment4_reduced_feature_robustness,3,342,C-Hybrid-reduced,1,1,0.8802412152290344,0.4863908588886261
9889,2018-04-17,11,La Liga,1,male,Celta Vigo,Barcelona,elite,experiment4_reduced_feature_robustness,3,342,C-Hybrid-reduced,0,0,0.1844833344221115,0.4863908588886261
266357,2016-12-10,11,La Liga,2,male,Osasuna,Barcelona,elite,experiment4_reduced_feature_robustness,3,342,D-Aggregate-full,0,0,0.04285798594355583,
266528,2016-12-18,11,La Liga,2,male,Barcelona,Espanyol,elite,experiment4_reduced_feature_robustness,3,342,D-Aggregate-full,1,1,0.9340751767158508,
266477,2017-01-08,11,La Liga,2,male,Villarreal,Barcelona,elite,experiment4_reduced_feature_robustness,3,342,D-Aggregate-full,0,0,0.08272279053926468,
267395,2017-01-14,11,La Liga,2,male,Barcelona,Las Palmas,elite,experiment4_reduced_feature_robustness,3,342,D-Aggregate-full,1,1,0.9889089465141296,
266731,2017-01-22,11,La Liga,2,male,Eibar,Barcelona,elite,experiment4_reduced_feature_robustness,3,342,D-Aggregate-full,0,0,0.13093505799770355,
266516,2017-01-29,11,La Liga,2,male,Real Betis,Barcelona,elite,experiment4_reduced_feature_robustness,3,342,D-Aggregate-full,0,0,0.20387038588523865,
266874,2017-02-04,11,La Liga,2,male,Barcelona,Athletic Club,elite,experiment4_reduced_feature_robustness,3,342,D-Aggregate-full,1,0,0.10910941660404205,
267464,2017-02-26,11,La Liga,2,male,Atlético Madrid,Barcelona,elite,experiment4_reduced_feature_robustness,3,342,D-Aggregate-full,0,0,0.08758799731731415,
265952,2017-03-01,11,La Liga,2,male,Barcelona,Sporting Gijón,elite,experiment4_reduced_feature_robustness,3,342,D-Aggregate-full,1,1,0.8190385103225708,
266299,2017-03-04,11,La Liga,2,male,Barcelona,Celta Vigo,elite,experiment4_reduced_feature_robustness,3,342,D-Aggregate-full,1,1,0.9218961596488953,
267660,2017-03-12,11,La Liga,2,male,RC Deportivo La Coruña,Barcelona,elite,experiment4_reduced_feature_robustness,3,342,D-Aggregate-full,1,0,0.1822790950536728,
266440,2017-03-19,11,La Liga,2,male,Barcelona,Valencia,elite,experiment4_reduced_feature_robustness,3,342,D-Aggregate-full,1,1,0.8722214102745056,
266280,2017-04-05,11,La Liga,2,male,Barcelona,Sevilla,elite,experiment4_reduced_feature_robustness,3,342,D-Aggregate-full,1,0,0.38403257727622986,
267590,2017-04-08,11,La Liga,2,male,Málaga,Barcelona,elite,experiment4_reduced_feature_robustness,3,342,D-Aggregate-full,1,0,0.17142048478126526,
267373,2017-04-15,11,La Liga,2,male,Barcelona,Real Sociedad,elite,experiment4_reduced_feature_robustness,3,342,D-Aggregate-full,1,1,0.9240117073059082,
267569,2017-04-23,11,La Liga,2,male,Real Madrid,Barcelona,elite,experiment4_reduced_feature_robustness,3,342,D-Aggregate-full,0,1,0.7633745074272156,
267101,2017-04-26,11,La Liga,2,male,Barcelona,Osasuna,elite,experiment4_reduced_feature_robustness,3,342,D-Aggregate-full,1,1,0.9846605658531189,
267077,2017-04-29,11,La Liga,2,male,Espanyol,Barcelona,elite,experiment4_reduced_feature_robustness,3,342,D-Aggregate-full,0,0,0.08710622787475586,
266952,2017-05-06,11,La Liga,2,male,Barcelona,Villarreal,elite,experiment4_reduced_feature_robustness,3,342,D-Aggregate-full,1,1,0.9745140075683594,
267039,2017-05-14,11,La Liga,2,male,Las Palmas,Barcelona,elite,experiment4_reduced_feature_robustness,3,342,D-Aggregate-full,0,0,0.13068494200706482,
267432,2017-05-21,11,La Liga,2,male,Barcelona,Eibar,elite,experiment4_reduced_feature_robustness,3,342,D-Aggregate-full,1,1,0.9868755340576172,
9575,2017-08-20,11,La Liga,1,male,Barcelona,Real Betis,elite,experiment4_reduced_feature_robustness,3,342,D-Aggregate-full,1,1,0.7135227918624878,
9581,2017-08-26,11,La Liga,1,male,Deportivo Alavés,Barcelona,elite,experiment4_reduced_feature_robustness,3,342,D-Aggregate-full,0,0,0.05712005868554115,
9592,2017-09-09,11,La Liga,1,male,Barcelona,Espanyol,elite,experiment4_reduced_feature_robustness,3,342,D-Aggregate-full,1,1,0.9863057136535645,
9602,2017-09-16,11,La Liga,1,male,Getafe,Barcelona,elite,experiment4_reduced_feature_robustness,3,342,D-Aggregate-full,0,0,0.04863647744059563,
9609,2017-09-19,11,La Liga,1,male,Barcelona,Eibar,elite,experiment4_reduced_feature_robustness,3,342,D-Aggregate-full,1,1,0.8662342429161072,
9636,2017-10-01,11,La Liga,1,male,Barcelona,Las Palmas,elite,experiment4_reduced_feature_robustness,3,342,D-Aggregate-full,1,1,0.9671714901924133,
9642,2017-10-14,11,La Liga,1,male,Atlético Madrid,Barcelona,elite,experiment4_reduced_feature_robustness,3,342,D-Aggregate-full,0,0,0.22292426228523254,
9650,2017-10-21,11,La Liga,1,male,Barcelona,Málaga,elite,experiment4_reduced_feature_robustness,3,342,D-Aggregate-full,1,1,0.8504971265792847,
9661,2017-10-28,11,La Liga,1,male,Athletic Club,Barcelona,elite,experiment4_reduced_feature_robustness,3,342,D-Aggregate-full,0,0,0.1990925371646881,
9673,2017-11-04,11,La Liga,1,male,Barcelona,Sevilla,elite,experiment4_reduced_feature_robustness,3,342,D-Aggregate-full,1,1,0.8637937903404236,
9695,2017-11-26,11,La Liga,1,male,Valencia,Barcelona,elite,experiment4_reduced_feature_robustness,3,342,D-Aggregate-full,0,1,0.6077281832695007,
9700,2017-12-02,11,La Liga,1,male,Barcelona,Celta Vigo,elite,experiment4_reduced_feature_robustness,3,342,D-Aggregate-full,0,1,0.990246057510376,
9717,2017-12-10,11,La Liga,1,male,Villarreal,Barcelona,elite,experiment4_reduced_feature_robustness,3,342,D-Aggregate-full,0,0,0.06015259772539139,
9726,2017-12-17,11,La Liga,1,male,Barcelona,RC Deportivo La Coruña,elite,experiment4_reduced_feature_robustness,3,342,D-Aggregate-full,1,1,0.9666054248809814,
9736,2017-12-23,11,La Liga,1,male,Real Madrid,Barcelona,elite,experiment4_reduced_feature_robustness,3,342,D-Aggregate-full,0,0,0.18143904209136963,
9742,2018-01-07,11,La Liga,1,male,Barcelona,Levante UD,elite,experiment4_reduced_feature_robustness,3,342,D-Aggregate-full,1,1,0.9413471221923828,
9754,2018-01-14,11,La Liga,1,male,Real Sociedad,Barcelona,elite,experiment4_reduced_feature_robustness,3,342,D-Aggregate-full,0,0,0.06694737821817398,
9765,2018-01-21,11,La Liga,1,male,Real Betis,Barcelona,elite,experiment4_reduced_feature_robustness,3,342,D-Aggregate-full,0,0,0.13236725330352783,
9774,2018-01-28,11,La Liga,1,male,Barcelona,Deportivo Alavés,elite,experiment4_reduced_feature_robustness,3,342,D-Aggregate-full,1,1,0.9724692106246948,
9783,2018-02-04,11,La Liga,1,male,Espanyol,Barcelona,elite,experiment4_reduced_feature_robustness,3,342,D-Aggregate-full,0,0,0.251780241727829,
9794,2018-02-11,11,La Liga,1,male,Barcelona,Getafe,elite,experiment4_reduced_feature_robustness,3,342,D-Aggregate-full,0,1,0.8684702515602112,
9799,2018-02-17,11,La Liga,1,male,Eibar,Barcelona,elite,experiment4_reduced_feature_robustness,3,342,D-Aggregate-full,0,0,0.21694354712963104,
9827,2018-03-01,11,La Liga,1,male,Las Palmas,Barcelona,elite,experiment4_reduced_feature_robustness,3,342,D-Aggregate-full,0,0,0.4203763008117676,
9837,2018-03-04,11,La Liga,1,male,Barcelona,Atlético Madrid,elite,experiment4_reduced_feature_robustness,3,342,D-Aggregate-full,1,0,0.2594570219516754,
9855,2018-03-18,11,La Liga,1,male,Barcelona,Athletic Club,elite,experiment4_reduced_feature_robustness,3,342,D-Aggregate-full,1,1,0.7772572636604309,
9860,2018-03-31,11,La Liga,1,male,Sevilla,Barcelona,elite,experiment4_reduced_feature_robustness,3,342,D-Aggregate-full,0,1,0.9631911516189575,
9870,2018-04-07,11,La Liga,1,male,Barcelona,Leganés,elite,experiment4_reduced_feature_robustness,3,342,D-Aggregate-full,1,1,0.8092635273933411,
9880,2018-04-14,11,La Liga,1,male,Barcelona,Valencia,elite,experiment4_reduced_feature_robustness,3,342,D-Aggregate-full,1,1,0.8844018578529358,
9889,2018-04-17,11,La Liga,1,male,Celta Vigo,Barcelona,elite,experiment4_reduced_feature_robustness,3,342,D-Aggregate-full,0,1,0.9101120233535767,
266357,2016-12-10,11,La Liga,2,male,Osasuna,Barcelona,elite,experiment4_reduced_feature_robustness,3,342,D-Aggregate-reduced,0,0,0.07403113692998886,
266528,2016-12-18,11,La Liga,2,male,Barcelona,Espanyol,elite,experiment4_reduced_feature_robustness,3,342,D-Aggregate-reduced,1,1,0.7211197018623352,
266477,2017-01-08,11,La Liga,2,male,Villarreal,Barcelona,elite,experiment4_reduced_feature_robustness,3,342,D-Aggregate-reduced,0,0,0.3649827241897583,
267395,2017-01-14,11,La Liga,2,male,Barcelona,Las Palmas,elite,experiment4_reduced_feature_robustness,3,342,D-Aggregate-reduced,1,1,0.853670597076416,
266731,2017-01-22,11,La Liga,2,male,Eibar,Barcelona,elite,experiment4_reduced_feature_robustness,3,342,D-Aggregate-reduced,0,0,0.140973299741745,
266516,2017-01-29,11,La Liga,2,male,Real Betis,Barcelona,elite,experiment4_reduced_feature_robustness,3,342,D-Aggregate-reduced,0,0,0.41153985261917114,
266874,2017-02-04,11,La Liga,2,male,Barcelona,Athletic Club,elite,experiment4_reduced_feature_robustness,3,342,D-Aggregate-reduced,1,1,0.5502599477767944,
267464,2017-02-26,11,La Liga,2,male,Atlético Madrid,Barcelona,elite,experiment4_reduced_feature_robustness,3,342,D-Aggregate-reduced,0,0,0.07508081197738647,
265952,2017-03-01,11,La Liga,2,male,Barcelona,Sporting Gijón,elite,experiment4_reduced_feature_robustness,3,342,D-Aggregate-reduced,1,1,0.7899680137634277,
266299,2017-03-04,11,La Liga,2,male,Barcelona,Celta Vigo,elite,experiment4_reduced_feature_robustness,3,342,D-Aggregate-reduced,1,1,0.7359223961830139,
267660,2017-03-12,11,La Liga,2,male,RC Deportivo La Coruña,Barcelona,elite,experiment4_reduced_feature_robustness,3,342,D-Aggregate-reduced,1,0,0.21048566699028015,
266440,2017-03-19,11,La Liga,2,male,Barcelona,Valencia,elite,experiment4_reduced_feature_robustness,3,342,D-Aggregate-reduced,1,0,0.4018707275390625,
266280,2017-04-05,11,La Liga,2,male,Barcelona,Sevilla,elite,experiment4_reduced_feature_robustness,3,342,D-Aggregate-reduced,1,1,0.8134071826934814,
267590,2017-04-08,11,La Liga,2,male,Málaga,Barcelona,elite,experiment4_reduced_feature_robustness,3,342,D-Aggregate-reduced,1,0,0.09556477516889572,
267373,2017-04-15,11,La Liga,2,male,Barcelona,Real Sociedad,elite,experiment4_reduced_feature_robustness,3,342,D-Aggregate-reduced,1,1,0.7422521710395813,
267569,2017-04-23,11,La Liga,2,male,Real Madrid,Barcelona,elite,experiment4_reduced_feature_robustness,3,342,D-Aggregate-reduced,0,0,0.4960325062274933,
267101,2017-04-26,11,La Liga,2,male,Barcelona,Osasuna,elite,experiment4_reduced_feature_robustness,3,342,D-Aggregate-reduced,1,1,0.9431137442588806,
267077,2017-04-29,11,La Liga,2,male,Espanyol,Barcelona,elite,experiment4_reduced_feature_robustness,3,342,D-Aggregate-reduced,0,0,0.08940284699201584,
266952,2017-05-06,11,La Liga,2,male,Barcelona,Villarreal,elite,experiment4_reduced_feature_robustness,3,342,D-Aggregate-reduced,1,1,0.9106993079185486,
267039,2017-05-14,11,La Liga,2,male,Las Palmas,Barcelona,elite,experiment4_reduced_feature_robustness,3,342,D-Aggregate-reduced,0,0,0.4647828936576843,
267432,2017-05-21,11,La Liga,2,male,Barcelona,Eibar,elite,experiment4_reduced_feature_robustness,3,342,D-Aggregate-reduced,1,0,0.4652704894542694,
9575,2017-08-20,11,La Liga,1,male,Barcelona,Real Betis,elite,experiment4_reduced_feature_robustness,3,342,D-Aggregate-reduced,1,1,0.6346339583396912,
9581,2017-08-26,11,La Liga,1,male,Deportivo Alavés,Barcelona,elite,experiment4_reduced_feature_robustness,3,342,D-Aggregate-reduced,0,0,0.04194221273064613,
9592,2017-09-09,11,La Liga,1,male,Barcelona,Espanyol,elite,experiment4_reduced_feature_robustness,3,342,D-Aggregate-reduced,1,1,0.9264145493507385,
9602,2017-09-16,11,La Liga,1,male,Getafe,Barcelona,elite,experiment4_reduced_feature_robustness,3,342,D-Aggregate-reduced,0,0,0.17756950855255127,
9609,2017-09-19,11,La Liga,1,male,Barcelona,Eibar,elite,experiment4_reduced_feature_robustness,3,342,D-Aggregate-reduced,1,1,0.8112639784812927,
9636,2017-10-01,11,La Liga,1,male,Barcelona,Las Palmas,elite,experiment4_reduced_feature_robustness,3,342,D-Aggregate-reduced,1,1,0.6112877726554871,
9642,2017-10-14,11,La Liga,1,male,Atlético Madrid,Barcelona,elite,experiment4_reduced_feature_robustness,3,342,D-Aggregate-reduced,0,0,0.43098896741867065,
9650,2017-10-21,11,La Liga,1,male,Barcelona,Málaga,elite,experiment4_reduced_feature_robustness,3,342,D-Aggregate-reduced,1,1,0.7898971438407898,
9661,2017-10-28,11,La Liga,1,male,Athletic Club,Barcelona,elite,experiment4_reduced_feature_robustness,3,342,D-Aggregate-reduced,0,0,0.4051344692707062,
9673,2017-11-04,11,La Liga,1,male,Barcelona,Sevilla,elite,experiment4_reduced_feature_robustness,3,342,D-Aggregate-reduced,1,1,0.847831130027771,
9695,2017-11-26,11,La Liga,1,male,Valencia,Barcelona,elite,experiment4_reduced_feature_robustness,3,342,D-Aggregate-reduced,0,0,0.39870962500572205,
9700,2017-12-02,11,La Liga,1,male,Barcelona,Celta Vigo,elite,experiment4_reduced_feature_robustness,3,342,D-Aggregate-reduced,0,1,0.9637687802314758,
9717,2017-12-10,11,La Liga,1,male,Villarreal,Barcelona,elite,experiment4_reduced_feature_robustness,3,342,D-Aggregate-reduced,0,0,0.15064819157123566,
9726,2017-12-17,11,La Liga,1,male,Barcelona,RC Deportivo La Coruña,elite,experiment4_reduced_feature_robustness,3,342,D-Aggregate-reduced,1,1,0.5790138244628906,
9736,2017-12-23,11,La Liga,1,male,Real Madrid,Barcelona,elite,experiment4_reduced_feature_robustness,3,342,D-Aggregate-reduced,0,1,0.6072593927383423,
9742,2018-01-07,11,La Liga,1,male,Barcelona,Levante UD,elite,experiment4_reduced_feature_robustness,3,342,D-Aggregate-reduced,1,1,0.854282796382904,
9754,2018-01-14,11,La Liga,1,male,Real Sociedad,Barcelona,elite,experiment4_reduced_feature_robustness,3,342,D-Aggregate-reduced,0,1,0.6438300609588623,
9765,2018-01-21,11,La Liga,1,male,Real Betis,Barcelona,elite,experiment4_reduced_feature_robustness,3,342,D-Aggregate-reduced,0,1,0.5035861134529114,
9774,2018-01-28,11,La Liga,1,male,Barcelona,Deportivo Alavés,elite,experiment4_reduced_feature_robustness,3,342,D-Aggregate-reduced,1,1,0.8180190920829773,
9783,2018-02-04,11,La Liga,1,male,Espanyol,Barcelona,elite,experiment4_reduced_feature_robustness,3,342,D-Aggregate-reduced,0,0,0.09932676702737808,
9794,2018-02-11,11,La Liga,1,male,Barcelona,Getafe,elite,experiment4_reduced_feature_robustness,3,342,D-Aggregate-reduced,0,1,0.925712525844574,
9799,2018-02-17,11,La Liga,1,male,Eibar,Barcelona,elite,experiment4_reduced_feature_robustness,3,342,D-Aggregate-reduced,0,0,0.49386945366859436,
9827,2018-03-01,11,La Liga,1,male,Las Palmas,Barcelona,elite,experiment4_reduced_feature_robustness,3,342,D-Aggregate-reduced,0,0,0.3604758679866791,
9837,2018-03-04,11,La Liga,1,male,Barcelona,Atlético Madrid,elite,experiment4_reduced_feature_robustness,3,342,D-Aggregate-reduced,1,1,0.6412538886070251,
9855,2018-03-18,11,La Liga,1,male,Barcelona,Athletic Club,elite,experiment4_reduced_feature_robustness,3,342,D-Aggregate-reduced,1,1,0.7235848903656006,
9860,2018-03-31,11,La Liga,1,male,Sevilla,Barcelona,elite,experiment4_reduced_feature_robustness,3,342,D-Aggregate-reduced,0,1,0.7187750935554504,
9870,2018-04-07,11,La Liga,1,male,Barcelona,Leganés,elite,experiment4_reduced_feature_robustness,3,342,D-Aggregate-reduced,1,1,0.6552631258964539,
9880,2018-04-14,11,La Liga,1,male,Barcelona,Valencia,elite,experiment4_reduced_feature_robustness,3,342,D-Aggregate-reduced,1,1,0.8794310688972473,
9889,2018-04-17,11,La Liga,1,male,Celta Vigo,Barcelona,elite,experiment4_reduced_feature_robustness,3,342,D-Aggregate-reduced,0,1,0.6606337428092957,
9912,2018-04-29,11,La Liga,1,male,RC Deportivo La Coruña,Barcelona,elite,experiment4_reduced_feature_robustness,4,442,B-GNN-reduced,0,1,0.5590043067932129,
9924,2018-05-06,11,La Liga,1,male,Barcelona,Real Madrid,elite,experiment4_reduced_feature_robustness,4,442,B-GNN-reduced,0,1,0.7066962718963623,
9928,2018-05-09,11,La Liga,1,male,Barcelona,Villarreal,elite,experiment4_reduced_feature_robustness,4,442,B-GNN-reduced,1,1,0.7833117842674255,
9948,2018-05-20,11,La Liga,1,male,Barcelona,Real Sociedad,elite,experiment4_reduced_feature_robustness,4,442,B-GNN-reduced,1,1,0.6337045431137085,
15946,2018-08-18,11,La Liga,4,male,Barcelona,Deportivo Alavés,elite,experiment4_reduced_feature_robustness,4,442,B-GNN-reduced,1,1,0.696562647819519,
15956,2018-08-25,11,La Liga,4,male,Real Valladolid,Barcelona,elite,experiment4_reduced_feature_robustness,4,442,B-GNN-reduced,0,0,0.25027599930763245,
15978,2018-09-15,11,La Liga,4,male,Real Sociedad,Barcelona,elite,experiment4_reduced_feature_robustness,4,442,B-GNN-reduced,0,0,0.4538557529449463,
15998,2018-09-26,11,La Liga,4,male,Leganés,Barcelona,elite,experiment4_reduced_feature_robustness,4,442,B-GNN-reduced,1,0,0.26048457622528076,
16010,2018-09-29,11,La Liga,4,male,Barcelona,Athletic Club,elite,experiment4_reduced_feature_robustness,4,442,B-GNN-reduced,0,1,0.6481639742851257,
16023,2018-10-07,11,La Liga,4,male,Valencia,Barcelona,elite,experiment4_reduced_feature_robustness,4,442,B-GNN-reduced,0,0,0.33274564146995544,
16029,2018-10-20,11,La Liga,4,male,Barcelona,Sevilla,elite,experiment4_reduced_feature_robustness,4,442,B-GNN-reduced,1,1,0.657890796661377,
16056,2018-11-11,11,La Liga,4,male,Barcelona,Real Betis,elite,experiment4_reduced_feature_robustness,4,442,B-GNN-reduced,0,1,0.6528558731079102,
16073,2018-11-24,11,La Liga,4,male,Atlético Madrid,Barcelona,elite,experiment4_reduced_feature_robustness,4,442,B-GNN-reduced,0,0,0.4061354100704193,
16079,2018-12-02,11,La Liga,4,male,Barcelona,Villarreal,elite,experiment4_reduced_feature_robustness,4,442,B-GNN-reduced,1,1,0.8517115712165833,
16086,2018-12-08,11,La Liga,4,male,Espanyol,Barcelona,elite,experiment4_reduced_feature_robustness,4,442,B-GNN-reduced,0,1,0.5608858466148376,
16095,2018-12-16,11,La Liga,4,male,Levante UD,Barcelona,elite,experiment4_reduced_feature_robustness,4,442,B-GNN-reduced,0,0,0.473748117685318,
16109,2018-12-22,11,La Liga,4,male,Barcelona,Celta Vigo,elite,experiment4_reduced_feature_robustness,4,442,B-GNN-reduced,1,1,0.6892029047012329,
16120,2019-01-06,11,La Liga,4,male,Getafe,Barcelona,elite,experiment4_reduced_feature_robustness,4,442,B-GNN-reduced,0,0,0.21741032600402832,
16131,2019-01-13,11,La Liga,4,male,Barcelona,Eibar,elite,experiment4_reduced_feature_robustness,4,442,B-GNN-reduced,1,1,0.666777491569519,
16136,2019-01-20,11,La Liga,4,male,Barcelona,Leganés,elite,experiment4_reduced_feature_robustness,4,442,B-GNN-reduced,1,1,0.8222092390060425,
16149,2019-01-27,11,La Liga,4,male,Girona,Barcelona,elite,experiment4_reduced_feature_robustness,4,442,B-GNN-reduced,0,0,0.32595112919807434,
16157,2019-02-02,11,La Liga,4,male,Barcelona,Valencia,elite,experiment4_reduced_feature_robustness,4,442,B-GNN-reduced,0,1,0.7857610583305359,
16173,2019-02-10,11,La Liga,4,male,Athletic Club,Barcelona,elite,experiment4_reduced_feature_robustness,4,442,B-GNN-reduced,0,0,0.3239399790763855,
16182,2019-02-16,11,La Liga,4,male,Barcelona,Real Valladolid,elite,experiment4_reduced_feature_robustness,4,442,B-GNN-reduced,1,1,0.7091950178146362,
16190,2019-02-23,11,La Liga,4,male,Sevilla,Barcelona,elite,experiment4_reduced_feature_robustness,4,442,B-GNN-reduced,0,0,0.29703769087791443,
16196,2019-03-02,11,La Liga,4,male,Real Madrid,Barcelona,elite,experiment4_reduced_feature_robustness,4,442,B-GNN-reduced,0,0,0.33033567667007446,
16205,2019-03-09,11,La Liga,4,male,Barcelona,Rayo Vallecano,elite,experiment4_reduced_feature_robustness,4,442,B-GNN-reduced,1,1,0.5776700377464294,
16215,2019-03-17,11,La Liga,4,male,Real Betis,Barcelona,elite,experiment4_reduced_feature_robustness,4,442,B-GNN-reduced,0,1,0.6972609758377075,
16231,2019-03-30,11,La Liga,4,male,Barcelona,Espanyol,elite,experiment4_reduced_feature_robustness,4,442,B-GNN-reduced,1,1,0.6739405989646912,
16240,2019-04-02,11,La Liga,4,male,Villarreal,Barcelona,elite,experiment4_reduced_feature_robustness,4,442,B-GNN-reduced,0,1,0.5326486229896545,
16248,2019-04-06,11,La Liga,4,male,Barcelona,Atlético Madrid,elite,experiment4_reduced_feature_robustness,4,442,B-GNN-reduced,1,1,0.5842382907867432,
16265,2019-04-20,11,La Liga,4,male,Barcelona,Real Sociedad,elite,experiment4_reduced_feature_robustness,4,442,B-GNN-reduced,1,1,0.5881655216217041,
16275,2019-04-23,11,La Liga,4,male,Deportivo Alavés,Barcelona,elite,experiment4_reduced_feature_robustness,4,442,B-GNN-reduced,0,0,0.3895910978317261,
16289,2019-04-27,11,La Liga,4,male,Barcelona,Levante UD,elite,experiment4_reduced_feature_robustness,4,442,B-GNN-reduced,1,1,0.6687459945678711,
16306,2019-05-12,11,La Liga,4,male,Barcelona,Getafe,elite,experiment4_reduced_feature_robustness,4,442,B-GNN-reduced,1,1,0.8215643167495728,
16317,2019-05-19,11,La Liga,4,male,Eibar,Barcelona,elite,experiment4_reduced_feature_robustness,4,442,B-GNN-reduced,0,0,0.34608712792396545,
303666,2019-09-21,11,La Liga,42,male,Granada,Barcelona,elite,experiment4_reduced_feature_robustness,4,442,B-GNN-reduced,1,0,0.08991806209087372,
303430,2019-09-24,11,La Liga,42,male,Barcelona,Villarreal,elite,experiment4_reduced_feature_robustness,4,442,B-GNN-reduced,1,1,0.708511471748352,
303473,2019-10-06,11,La Liga,42,male,Barcelona,Sevilla,elite,experiment4_reduced_feature_robustness,4,442,B-GNN-reduced,1,1,0.6723583340644836,
303700,2019-10-19,11,La Liga,42,male,Eibar,Barcelona,elite,experiment4_reduced_feature_robustness,4,442,B-GNN-reduced,0,0,0.4317854940891266,
303600,2019-10-29,11,La Liga,42,male,Barcelona,Real Valladolid,elite,experiment4_reduced_feature_robustness,4,442,B-GNN-reduced,1,1,0.7266592383384705,
303504,2019-11-02,11,La Liga,42,male,Levante UD,Barcelona,elite,experiment4_reduced_feature_robustness,4,442,B-GNN-reduced,1,1,0.526877760887146,
303487,2019-11-09,11,La Liga,42,male,Barcelona,Celta Vigo,elite,experiment4_reduced_feature_robustness,4,442,B-GNN-reduced,1,1,0.7686867713928223,
303715,2019-11-23,11,La Liga,42,male,Leganés,Barcelona,elite,experiment4_reduced_feature_robustness,4,442,B-GNN-reduced,0,0,0.13327254354953766,
303524,2019-12-01,11,La Liga,42,male,Atlético Madrid,Barcelona,elite,experiment4_reduced_feature_robustness,4,442,B-GNN-reduced,0,0,0.441509872674942,
303451,2019-12-07,11,La Liga,42,male,Barcelona,Mallorca,elite,experiment4_reduced_feature_robustness,4,442,B-GNN-reduced,1,1,0.7239301204681396,
303664,2019-12-14,11,La Liga,42,male,Real Sociedad,Barcelona,elite,experiment4_reduced_feature_robustness,4,442,B-GNN-reduced,0,1,0.5308802723884583,
303596,2019-12-18,11,La Liga,42,male,Barcelona,Real Madrid,elite,experiment4_reduced_feature_robustness,4,442,B-GNN-reduced,0,1,0.5862403512001038,
303517,2019-12-21,11,La Liga,42,male,Barcelona,Deportivo Alavés,elite,experiment4_reduced_feature_robustness,4,442,B-GNN-reduced,1,1,0.8472315073013306,
303652,2020-01-04,11,La Liga,42,male,Espanyol,Barcelona,elite,experiment4_reduced_feature_robustness,4,442,B-GNN-reduced,0,0,0.1151023730635643,
9912,2018-04-29,11,La Liga,1,male,RC Deportivo La Coruña,Barcelona,elite,experiment4_reduced_feature_robustness,4,442,C-Hybrid-reduced,0,0,0.3681059181690216,0.44190096855163574
9924,2018-05-06,11,La Liga,1,male,Barcelona,Real Madrid,elite,experiment4_reduced_feature_robustness,4,442,C-Hybrid-reduced,0,1,0.8321883678436279,0.44190096855163574
9928,2018-05-09,11,La Liga,1,male,Barcelona,Villarreal,elite,experiment4_reduced_feature_robustness,4,442,C-Hybrid-reduced,1,1,0.9320201277732849,0.44190096855163574
9948,2018-05-20,11,La Liga,1,male,Barcelona,Real Sociedad,elite,experiment4_reduced_feature_robustness,4,442,C-Hybrid-reduced,1,1,0.722768247127533,0.44190096855163574
15946,2018-08-18,11,La Liga,4,male,Barcelona,Deportivo Alavés,elite,experiment4_reduced_feature_robustness,4,442,C-Hybrid-reduced,1,1,0.8932335376739502,0.44190096855163574
15956,2018-08-25,11,La Liga,4,male,Real Valladolid,Barcelona,elite,experiment4_reduced_feature_robustness,4,442,C-Hybrid-reduced,0,0,0.11329943686723709,0.44190096855163574
15978,2018-09-15,11,La Liga,4,male,Real Sociedad,Barcelona,elite,experiment4_reduced_feature_robustness,4,442,C-Hybrid-reduced,0,0,0.20169764757156372,0.44190096855163574
15998,2018-09-26,11,La Liga,4,male,Leganés,Barcelona,elite,experiment4_reduced_feature_robustness,4,442,C-Hybrid-reduced,1,0,0.16559858620166779,0.44190096855163574
16010,2018-09-29,11,La Liga,4,male,Barcelona,Athletic Club,elite,experiment4_reduced_feature_robustness,4,442,C-Hybrid-reduced,0,1,0.7378741502761841,0.44190096855163574
16023,2018-10-07,11,La Liga,4,male,Valencia,Barcelona,elite,experiment4_reduced_feature_robustness,4,442,C-Hybrid-reduced,0,0,0.31959351897239685,0.44190096855163574
16029,2018-10-20,11,La Liga,4,male,Barcelona,Sevilla,elite,experiment4_reduced_feature_robustness,4,442,C-Hybrid-reduced,1,1,0.8842187523841858,0.44190096855163574
16056,2018-11-11,11,La Liga,4,male,Barcelona,Real Betis,elite,experiment4_reduced_feature_robustness,4,442,C-Hybrid-reduced,0,1,0.8997398018836975,0.44190096855163574
16073,2018-11-24,11,La Liga,4,male,Atlético Madrid,Barcelona,elite,experiment4_reduced_feature_robustness,4,442,C-Hybrid-reduced,0,0,0.4292342960834503,0.44190096855163574
16079,2018-12-02,11,La Liga,4,male,Barcelona,Villarreal,elite,experiment4_reduced_feature_robustness,4,442,C-Hybrid-reduced,1,1,0.935335636138916,0.44190096855163574
16086,2018-12-08,11,La Liga,4,male,Espanyol,Barcelona,elite,experiment4_reduced_feature_robustness,4,442,C-Hybrid-reduced,0,0,0.10746496170759201,0.44190096855163574
16095,2018-12-16,11,La Liga,4,male,Levante UD,Barcelona,elite,experiment4_reduced_feature_robustness,4,442,C-Hybrid-reduced,0,0,0.09682373702526093,0.44190096855163574
16109,2018-12-22,11,La Liga,4,male,Barcelona,Celta Vigo,elite,experiment4_reduced_feature_robustness,4,442,C-Hybrid-reduced,1,1,0.9741142392158508,0.44190096855163574
16120,2019-01-06,11,La Liga,4,male,Getafe,Barcelona,elite,experiment4_reduced_feature_robustness,4,442,C-Hybrid-reduced,0,0,0.2021232396364212,0.44190096855163574
16131,2019-01-13,11,La Liga,4,male,Barcelona,Eibar,elite,experiment4_reduced_feature_robustness,4,442,C-Hybrid-reduced,1,1,0.9563394784927368,0.44190096855163574
16136,2019-01-20,11,La Liga,4,male,Barcelona,Leganés,elite,experiment4_reduced_feature_robustness,4,442,C-Hybrid-reduced,1,1,0.8854336142539978,0.44190096855163574
16149,2019-01-27,11,La Liga,4,male,Girona,Barcelona,elite,experiment4_reduced_feature_robustness,4,442,C-Hybrid-reduced,0,0,0.21457833051681519,0.44190096855163574
16157,2019-02-02,11,La Liga,4,male,Barcelona,Valencia,elite,experiment4_reduced_feature_robustness,4,442,C-Hybrid-reduced,0,1,0.8743473887443542,0.44190096855163574
16173,2019-02-10,11,La Liga,4,male,Athletic Club,Barcelona,elite,experiment4_reduced_feature_robustness,4,442,C-Hybrid-reduced,0,0,0.2946966290473938,0.44190096855163574
16182,2019-02-16,11,La Liga,4,male,Barcelona,Real Valladolid,elite,experiment4_reduced_feature_robustness,4,442,C-Hybrid-reduced,1,1,0.6796901226043701,0.44190096855163574
16190,2019-02-23,11,La Liga,4,male,Sevilla,Barcelona,elite,experiment4_reduced_feature_robustness,4,442,C-Hybrid-reduced,0,1,0.5839827060699463,0.44190096855163574
16196,2019-03-02,11,La Liga,4,male,Real Madrid,Barcelona,elite,experiment4_reduced_feature_robustness,4,442,C-Hybrid-reduced,0,0,0.41483697295188904,0.44190096855163574
16205,2019-03-09,11,La Liga,4,male,Barcelona,Rayo Vallecano,elite,experiment4_reduced_feature_robustness,4,442,C-Hybrid-reduced,1,0,0.46780210733413696,0.44190096855163574
16215,2019-03-17,11,La Liga,4,male,Real Betis,Barcelona,elite,experiment4_reduced_feature_robustness,4,442,C-Hybrid-reduced,0,0,0.18782906234264374,0.44190096855163574
16231,2019-03-30,11,La Liga,4,male,Barcelona,Espanyol,elite,experiment4_reduced_feature_robustness,4,442,C-Hybrid-reduced,1,1,0.9195913672447205,0.44190096855163574
16240,2019-04-02,11,La Liga,4,male,Villarreal,Barcelona,elite,experiment4_reduced_feature_robustness,4,442,C-Hybrid-reduced,0,0,0.29595646262168884,0.44190096855163574
16248,2019-04-06,11,La Liga,4,male,Barcelona,Atlético Madrid,elite,experiment4_reduced_feature_robustness,4,442,C-Hybrid-reduced,1,0,0.2917024791240692,0.44190096855163574
16265,2019-04-20,11,La Liga,4,male,Barcelona,Real Sociedad,elite,experiment4_reduced_feature_robustness,4,442,C-Hybrid-reduced,1,1,0.8592570424079895,0.44190096855163574
16275,2019-04-23,11,La Liga,4,male,Deportivo Alavés,Barcelona,elite,experiment4_reduced_feature_robustness,4,442,C-Hybrid-reduced,0,0,0.10624527186155319,0.44190096855163574
16289,2019-04-27,11,La Liga,4,male,Barcelona,Levante UD,elite,experiment4_reduced_feature_robustness,4,442,C-Hybrid-reduced,1,1,0.9717774987220764,0.44190096855163574
16306,2019-05-12,11,La Liga,4,male,Barcelona,Getafe,elite,experiment4_reduced_feature_robustness,4,442,C-Hybrid-reduced,1,1,0.8665502071380615,0.44190096855163574
16317,2019-05-19,11,La Liga,4,male,Eibar,Barcelona,elite,experiment4_reduced_feature_robustness,4,442,C-Hybrid-reduced,0,0,0.3124273121356964,0.44190096855163574
303666,2019-09-21,11,La Liga,42,male,Granada,Barcelona,elite,experiment4_reduced_feature_robustness,4,442,C-Hybrid-reduced,1,0,0.0733589380979538,0.44190096855163574
303430,2019-09-24,11,La Liga,42,male,Barcelona,Villarreal,elite,experiment4_reduced_feature_robustness,4,442,C-Hybrid-reduced,1,1,0.8166806697845459,0.44190096855163574
303473,2019-10-06,11,La Liga,42,male,Barcelona,Sevilla,elite,experiment4_reduced_feature_robustness,4,442,C-Hybrid-reduced,1,1,0.8233870267868042,0.44190096855163574
303700,2019-10-19,11,La Liga,42,male,Eibar,Barcelona,elite,experiment4_reduced_feature_robustness,4,442,C-Hybrid-reduced,0,0,0.4817931354045868,0.44190096855163574
303600,2019-10-29,11,La Liga,42,male,Barcelona,Real Valladolid,elite,experiment4_reduced_feature_robustness,4,442,C-Hybrid-reduced,1,1,0.8836186528205872,0.44190096855163574
303504,2019-11-02,11,La Liga,42,male,Levante UD,Barcelona,elite,experiment4_reduced_feature_robustness,4,442,C-Hybrid-reduced,1,0,0.37343084812164307,0.44190096855163574
303487,2019-11-09,11,La Liga,42,male,Barcelona,Celta Vigo,elite,experiment4_reduced_feature_robustness,4,442,C-Hybrid-reduced,1,1,0.9033306837081909,0.44190096855163574
303715,2019-11-23,11,La Liga,42,male,Leganés,Barcelona,elite,experiment4_reduced_feature_robustness,4,442,C-Hybrid-reduced,0,0,0.11005644500255585,0.44190096855163574
303524,2019-12-01,11,La Liga,42,male,Atlético Madrid,Barcelona,elite,experiment4_reduced_feature_robustness,4,442,C-Hybrid-reduced,0,0,0.09051443636417389,0.44190096855163574
303451,2019-12-07,11,La Liga,42,male,Barcelona,Mallorca,elite,experiment4_reduced_feature_robustness,4,442,C-Hybrid-reduced,1,1,0.9234097599983215,0.44190096855163574
303664,2019-12-14,11,La Liga,42,male,Real Sociedad,Barcelona,elite,experiment4_reduced_feature_robustness,4,442,C-Hybrid-reduced,0,0,0.07539558410644531,0.44190096855163574
303596,2019-12-18,11,La Liga,42,male,Barcelona,Real Madrid,elite,experiment4_reduced_feature_robustness,4,442,C-Hybrid-reduced,0,1,0.7495684623718262,0.44190096855163574
303517,2019-12-21,11,La Liga,42,male,Barcelona,Deportivo Alavés,elite,experiment4_reduced_feature_robustness,4,442,C-Hybrid-reduced,1,1,0.9626966118812561,0.44190096855163574
303652,2020-01-04,11,La Liga,42,male,Espanyol,Barcelona,elite,experiment4_reduced_feature_robustness,4,442,C-Hybrid-reduced,0,0,0.23614098131656647,0.44190096855163574
9912,2018-04-29,11,La Liga,1,male,RC Deportivo La Coruña,Barcelona,elite,experiment4_reduced_feature_robustness,4,442,D-Aggregate-full,0,1,0.8976637125015259,
9924,2018-05-06,11,La Liga,1,male,Barcelona,Real Madrid,elite,experiment4_reduced_feature_robustness,4,442,D-Aggregate-full,0,0,0.305154412984848,
9928,2018-05-09,11,La Liga,1,male,Barcelona,Villarreal,elite,experiment4_reduced_feature_robustness,4,442,D-Aggregate-full,1,1,0.9538162350654602,
9948,2018-05-20,11,La Liga,1,male,Barcelona,Real Sociedad,elite,experiment4_reduced_feature_robustness,4,442,D-Aggregate-full,1,1,0.5568245649337769,
15946,2018-08-18,11,La Liga,4,male,Barcelona,Deportivo Alavés,elite,experiment4_reduced_feature_robustness,4,442,D-Aggregate-full,1,1,0.96382737159729,
15956,2018-08-25,11,La Liga,4,male,Real Valladolid,Barcelona,elite,experiment4_reduced_feature_robustness,4,442,D-Aggregate-full,0,0,0.09056348353624344,
15978,2018-09-15,11,La Liga,4,male,Real Sociedad,Barcelona,elite,experiment4_reduced_feature_robustness,4,442,D-Aggregate-full,0,0,0.34792742133140564,
15998,2018-09-26,11,La Liga,4,male,Leganés,Barcelona,elite,experiment4_reduced_feature_robustness,4,442,D-Aggregate-full,1,0,0.4742470979690552,
16010,2018-09-29,11,La Liga,4,male,Barcelona,Athletic Club,elite,experiment4_reduced_feature_robustness,4,442,D-Aggregate-full,0,1,0.9532759189605713,
16023,2018-10-07,11,La Liga,4,male,Valencia,Barcelona,elite,experiment4_reduced_feature_robustness,4,442,D-Aggregate-full,0,1,0.7546480894088745,
16029,2018-10-20,11,La Liga,4,male,Barcelona,Sevilla,elite,experiment4_reduced_feature_robustness,4,442,D-Aggregate-full,1,1,0.849138617515564,
16056,2018-11-11,11,La Liga,4,male,Barcelona,Real Betis,elite,experiment4_reduced_feature_robustness,4,442,D-Aggregate-full,0,1,0.959037721157074,
16073,2018-11-24,11,La Liga,4,male,Atlético Madrid,Barcelona,elite,experiment4_reduced_feature_robustness,4,442,D-Aggregate-full,0,0,0.034069277346134186,
16079,2018-12-02,11,La Liga,4,male,Barcelona,Villarreal,elite,experiment4_reduced_feature_robustness,4,442,D-Aggregate-full,1,0,0.15920402109622955,
16086,2018-12-08,11,La Liga,4,male,Espanyol,Barcelona,elite,experiment4_reduced_feature_robustness,4,442,D-Aggregate-full,0,0,0.417240709066391,
16095,2018-12-16,11,La Liga,4,male,Levante UD,Barcelona,elite,experiment4_reduced_feature_robustness,4,442,D-Aggregate-full,0,0,0.27101704478263855,
16109,2018-12-22,11,La Liga,4,male,Barcelona,Celta Vigo,elite,experiment4_reduced_feature_robustness,4,442,D-Aggregate-full,1,1,0.6411635279655457,
16120,2019-01-06,11,La Liga,4,male,Getafe,Barcelona,elite,experiment4_reduced_feature_robustness,4,442,D-Aggregate-full,0,0,0.3533918559551239,
16131,2019-01-13,11,La Liga,4,male,Barcelona,Eibar,elite,experiment4_reduced_feature_robustness,4,442,D-Aggregate-full,1,1,0.7056657671928406,
16136,2019-01-20,11,La Liga,4,male,Barcelona,Leganés,elite,experiment4_reduced_feature_robustness,4,442,D-Aggregate-full,1,1,0.9418618679046631,
16149,2019-01-27,11,La Liga,4,male,Girona,Barcelona,elite,experiment4_reduced_feature_robustness,4,442,D-Aggregate-full,0,0,0.43906089663505554,
16157,2019-02-02,11,La Liga,4,male,Barcelona,Valencia,elite,experiment4_reduced_feature_robustness,4,442,D-Aggregate-full,0,1,0.852125346660614,
16173,2019-02-10,11,La Liga,4,male,Athletic Club,Barcelona,elite,experiment4_reduced_feature_robustness,4,442,D-Aggregate-full,0,1,0.5913057923316956,
16182,2019-02-16,11,La Liga,4,male,Barcelona,Real Valladolid,elite,experiment4_reduced_feature_robustness,4,442,D-Aggregate-full,1,1,0.9696486592292786,
16190,2019-02-23,11,La Liga,4,male,Sevilla,Barcelona,elite,experiment4_reduced_feature_robustness,4,442,D-Aggregate-full,0,0,0.28383609652519226,
16196,2019-03-02,11,La Liga,4,male,Real Madrid,Barcelona,elite,experiment4_reduced_feature_robustness,4,442,D-Aggregate-full,0,0,0.2146608531475067,
16205,2019-03-09,11,La Liga,4,male,Barcelona,Rayo Vallecano,elite,experiment4_reduced_feature_robustness,4,442,D-Aggregate-full,1,1,0.9671478271484375,
16215,2019-03-17,11,La Liga,4,male,Real Betis,Barcelona,elite,experiment4_reduced_feature_robustness,4,442,D-Aggregate-full,0,0,0.19962161779403687,
16231,2019-03-30,11,La Liga,4,male,Barcelona,Espanyol,elite,experiment4_reduced_feature_robustness,4,442,D-Aggregate-full,1,0,0.4865840673446655,
16240,2019-04-02,11,La Liga,4,male,Villarreal,Barcelona,elite,experiment4_reduced_feature_robustness,4,442,D-Aggregate-full,0,0,0.4074036478996277,
16248,2019-04-06,11,La Liga,4,male,Barcelona,Atlético Madrid,elite,experiment4_reduced_feature_robustness,4,442,D-Aggregate-full,1,1,0.8791304230690002,
16265,2019-04-20,11,La Liga,4,male,Barcelona,Real Sociedad,elite,experiment4_reduced_feature_robustness,4,442,D-Aggregate-full,1,1,0.5684924125671387,
16275,2019-04-23,11,La Liga,4,male,Deportivo Alavés,Barcelona,elite,experiment4_reduced_feature_robustness,4,442,D-Aggregate-full,0,0,0.03449840471148491,
16289,2019-04-27,11,La Liga,4,male,Barcelona,Levante UD,elite,experiment4_reduced_feature_robustness,4,442,D-Aggregate-full,1,1,0.5536524653434753,
16306,2019-05-12,11,La Liga,4,male,Barcelona,Getafe,elite,experiment4_reduced_feature_robustness,4,442,D-Aggregate-full,1,1,0.9481683969497681,
16317,2019-05-19,11,La Liga,4,male,Eibar,Barcelona,elite,experiment4_reduced_feature_robustness,4,442,D-Aggregate-full,0,0,0.09016351401805878,
303666,2019-09-21,11,La Liga,42,male,Granada,Barcelona,elite,experiment4_reduced_feature_robustness,4,442,D-Aggregate-full,1,0,0.14405842125415802,
303430,2019-09-24,11,La Liga,42,male,Barcelona,Villarreal,elite,experiment4_reduced_feature_robustness,4,442,D-Aggregate-full,1,0,0.2028411626815796,
303473,2019-10-06,11,La Liga,42,male,Barcelona,Sevilla,elite,experiment4_reduced_feature_robustness,4,442,D-Aggregate-full,1,1,0.976565957069397,
303700,2019-10-19,11,La Liga,42,male,Eibar,Barcelona,elite,experiment4_reduced_feature_robustness,4,442,D-Aggregate-full,0,0,0.09982369095087051,
303600,2019-10-29,11,La Liga,42,male,Barcelona,Real Valladolid,elite,experiment4_reduced_feature_robustness,4,442,D-Aggregate-full,1,1,0.9735948443412781,
303504,2019-11-02,11,La Liga,42,male,Levante UD,Barcelona,elite,experiment4_reduced_feature_robustness,4,442,D-Aggregate-full,1,0,0.0804765373468399,
303487,2019-11-09,11,La Liga,42,male,Barcelona,Celta Vigo,elite,experiment4_reduced_feature_robustness,4,442,D-Aggregate-full,1,1,0.9160022735595703,
303715,2019-11-23,11,La Liga,42,male,Leganés,Barcelona,elite,experiment4_reduced_feature_robustness,4,442,D-Aggregate-full,0,0,0.17892126739025116,
303524,2019-12-01,11,La Liga,42,male,Atlético Madrid,Barcelona,elite,experiment4_reduced_feature_robustness,4,442,D-Aggregate-full,0,0,0.1954566389322281,
303451,2019-12-07,11,La Liga,42,male,Barcelona,Mallorca,elite,experiment4_reduced_feature_robustness,4,442,D-Aggregate-full,1,1,0.9087458252906799,
303664,2019-12-14,11,La Liga,42,male,Real Sociedad,Barcelona,elite,experiment4_reduced_feature_robustness,4,442,D-Aggregate-full,0,1,0.9287083148956299,
303596,2019-12-18,11,La Liga,42,male,Barcelona,Real Madrid,elite,experiment4_reduced_feature_robustness,4,442,D-Aggregate-full,0,0,0.20581011474132538,
303517,2019-12-21,11,La Liga,42,male,Barcelona,Deportivo Alavés,elite,experiment4_reduced_feature_robustness,4,442,D-Aggregate-full,1,1,0.940254271030426,
303652,2020-01-04,11,La Liga,42,male,Espanyol,Barcelona,elite,experiment4_reduced_feature_robustness,4,442,D-Aggregate-full,0,0,0.051284726709127426,
9912,2018-04-29,11,La Liga,1,male,RC Deportivo La Coruña,Barcelona,elite,experiment4_reduced_feature_robustness,4,442,D-Aggregate-reduced,0,1,0.540550172328949,
9924,2018-05-06,11,La Liga,1,male,Barcelona,Real Madrid,elite,experiment4_reduced_feature_robustness,4,442,D-Aggregate-reduced,0,1,0.6830776333808899,
9928,2018-05-09,11,La Liga,1,male,Barcelona,Villarreal,elite,experiment4_reduced_feature_robustness,4,442,D-Aggregate-reduced,1,1,0.8628094792366028,
9948,2018-05-20,11,La Liga,1,male,Barcelona,Real Sociedad,elite,experiment4_reduced_feature_robustness,4,442,D-Aggregate-reduced,1,1,0.8214695453643799,
15946,2018-08-18,11,La Liga,4,male,Barcelona,Deportivo Alavés,elite,experiment4_reduced_feature_robustness,4,442,D-Aggregate-reduced,1,1,0.9208953380584717,
15956,2018-08-25,11,La Liga,4,male,Real Valladolid,Barcelona,elite,experiment4_reduced_feature_robustness,4,442,D-Aggregate-reduced,0,0,0.4981713593006134,
15978,2018-09-15,11,La Liga,4,male,Real Sociedad,Barcelona,elite,experiment4_reduced_feature_robustness,4,442,D-Aggregate-reduced,0,0,0.18091408908367157,
15998,2018-09-26,11,La Liga,4,male,Leganés,Barcelona,elite,experiment4_reduced_feature_robustness,4,442,D-Aggregate-reduced,1,0,0.09110148251056671,
16010,2018-09-29,11,La Liga,4,male,Barcelona,Athletic Club,elite,experiment4_reduced_feature_robustness,4,442,D-Aggregate-reduced,0,1,0.6997447609901428,
16023,2018-10-07,11,La Liga,4,male,Valencia,Barcelona,elite,experiment4_reduced_feature_robustness,4,442,D-Aggregate-reduced,0,0,0.31190550327301025,
16029,2018-10-20,11,La Liga,4,male,Barcelona,Sevilla,elite,experiment4_reduced_feature_robustness,4,442,D-Aggregate-reduced,1,1,0.6721071004867554,
16056,2018-11-11,11,La Liga,4,male,Barcelona,Real Betis,elite,experiment4_reduced_feature_robustness,4,442,D-Aggregate-reduced,0,1,0.7037428617477417,
16073,2018-11-24,11,La Liga,4,male,Atlético Madrid,Barcelona,elite,experiment4_reduced_feature_robustness,4,442,D-Aggregate-reduced,0,0,0.12637095153331757,
16079,2018-12-02,11,La Liga,4,male,Barcelona,Villarreal,elite,experiment4_reduced_feature_robustness,4,442,D-Aggregate-reduced,1,1,0.727922797203064,
16086,2018-12-08,11,La Liga,4,male,Espanyol,Barcelona,elite,experiment4_reduced_feature_robustness,4,442,D-Aggregate-reduced,0,0,0.35393476486206055,
16095,2018-12-16,11,La Liga,4,male,Levante UD,Barcelona,elite,experiment4_reduced_feature_robustness,4,442,D-Aggregate-reduced,0,1,0.5821335911750793,
16109,2018-12-22,11,La Liga,4,male,Barcelona,Celta Vigo,elite,experiment4_reduced_feature_robustness,4,442,D-Aggregate-reduced,1,1,0.7699247002601624,
16120,2019-01-06,11,La Liga,4,male,Getafe,Barcelona,elite,experiment4_reduced_feature_robustness,4,442,D-Aggregate-reduced,0,0,0.39841413497924805,
16131,2019-01-13,11,La Liga,4,male,Barcelona,Eibar,elite,experiment4_reduced_feature_robustness,4,442,D-Aggregate-reduced,1,1,0.6691433191299438,
16136,2019-01-20,11,La Liga,4,male,Barcelona,Leganés,elite,experiment4_reduced_feature_robustness,4,442,D-Aggregate-reduced,1,1,0.8768430352210999,
16149,2019-01-27,11,La Liga,4,male,Girona,Barcelona,elite,experiment4_reduced_feature_robustness,4,442,D-Aggregate-reduced,0,0,0.21220360696315765,
16157,2019-02-02,11,La Liga,4,male,Barcelona,Valencia,elite,experiment4_reduced_feature_robustness,4,442,D-Aggregate-reduced,0,1,0.9035683870315552,
16173,2019-02-10,11,La Liga,4,male,Athletic Club,Barcelona,elite,experiment4_reduced_feature_robustness,4,442,D-Aggregate-reduced,0,0,0.4687310755252838,
16182,2019-02-16,11,La Liga,4,male,Barcelona,Real Valladolid,elite,experiment4_reduced_feature_robustness,4,442,D-Aggregate-reduced,1,1,0.7703403830528259,
16190,2019-02-23,11,La Liga,4,male,Sevilla,Barcelona,elite,experiment4_reduced_feature_robustness,4,442,D-Aggregate-reduced,0,0,0.38954728841781616,
16196,2019-03-02,11,La Liga,4,male,Real Madrid,Barcelona,elite,experiment4_reduced_feature_robustness,4,442,D-Aggregate-reduced,0,1,0.5811740159988403,
16205,2019-03-09,11,La Liga,4,male,Barcelona,Rayo Vallecano,elite,experiment4_reduced_feature_robustness,4,442,D-Aggregate-reduced,1,1,0.8434523940086365,
16215,2019-03-17,11,La Liga,4,male,Real Betis,Barcelona,elite,experiment4_reduced_feature_robustness,4,442,D-Aggregate-reduced,0,1,0.9010640382766724,
16231,2019-03-30,11,La Liga,4,male,Barcelona,Espanyol,elite,experiment4_reduced_feature_robustness,4,442,D-Aggregate-reduced,1,1,0.863060474395752,
16240,2019-04-02,11,La Liga,4,male,Villarreal,Barcelona,elite,experiment4_reduced_feature_robustness,4,442,D-Aggregate-reduced,0,0,0.17028647661209106,
16248,2019-04-06,11,La Liga,4,male,Barcelona,Atlético Madrid,elite,experiment4_reduced_feature_robustness,4,442,D-Aggregate-reduced,1,1,0.8518458008766174,
16265,2019-04-20,11,La Liga,4,male,Barcelona,Real Sociedad,elite,experiment4_reduced_feature_robustness,4,442,D-Aggregate-reduced,1,1,0.7001132369041443,
16275,2019-04-23,11,La Liga,4,male,Deportivo Alavés,Barcelona,elite,experiment4_reduced_feature_robustness,4,442,D-Aggregate-reduced,0,0,0.04078471660614014,
16289,2019-04-27,11,La Liga,4,male,Barcelona,Levante UD,elite,experiment4_reduced_feature_robustness,4,442,D-Aggregate-reduced,1,1,0.8455963730812073,
16306,2019-05-12,11,La Liga,4,male,Barcelona,Getafe,elite,experiment4_reduced_feature_robustness,4,442,D-Aggregate-reduced,1,1,0.9195757508277893,
16317,2019-05-19,11,La Liga,4,male,Eibar,Barcelona,elite,experiment4_reduced_feature_robustness,4,442,D-Aggregate-reduced,0,0,0.11812601238489151,
303666,2019-09-21,11,La Liga,42,male,Granada,Barcelona,elite,experiment4_reduced_feature_robustness,4,442,D-Aggregate-reduced,1,0,0.055137407034635544,
303430,2019-09-24,11,La Liga,42,male,Barcelona,Villarreal,elite,experiment4_reduced_feature_robustness,4,442,D-Aggregate-reduced,1,1,0.8495228290557861,
303473,2019-10-06,11,La Liga,42,male,Barcelona,Sevilla,elite,experiment4_reduced_feature_robustness,4,442,D-Aggregate-reduced,1,1,0.9567087292671204,
303700,2019-10-19,11,La Liga,42,male,Eibar,Barcelona,elite,experiment4_reduced_feature_robustness,4,442,D-Aggregate-reduced,0,0,0.43163570761680603,
303600,2019-10-29,11,La Liga,42,male,Barcelona,Real Valladolid,elite,experiment4_reduced_feature_robustness,4,442,D-Aggregate-reduced,1,1,0.9169320464134216,
303504,2019-11-02,11,La Liga,42,male,Levante UD,Barcelona,elite,experiment4_reduced_feature_robustness,4,442,D-Aggregate-reduced,1,0,0.18135826289653778,
303487,2019-11-09,11,La Liga,42,male,Barcelona,Celta Vigo,elite,experiment4_reduced_feature_robustness,4,442,D-Aggregate-reduced,1,1,0.8198688626289368,
303715,2019-11-23,11,La Liga,42,male,Leganés,Barcelona,elite,experiment4_reduced_feature_robustness,4,442,D-Aggregate-reduced,0,0,0.2331373244524002,
303524,2019-12-01,11,La Liga,42,male,Atlético Madrid,Barcelona,elite,experiment4_reduced_feature_robustness,4,442,D-Aggregate-reduced,0,0,0.21610292792320251,
303451,2019-12-07,11,La Liga,42,male,Barcelona,Mallorca,elite,experiment4_reduced_feature_robustness,4,442,D-Aggregate-reduced,1,1,0.8295886516571045,
303664,2019-12-14,11,La Liga,42,male,Real Sociedad,Barcelona,elite,experiment4_reduced_feature_robustness,4,442,D-Aggregate-reduced,0,1,0.6420612931251526,
303596,2019-12-18,11,La Liga,42,male,Barcelona,Real Madrid,elite,experiment4_reduced_feature_robustness,4,442,D-Aggregate-reduced,0,1,0.8866417407989502,
303517,2019-12-21,11,La Liga,42,male,Barcelona,Deportivo Alavés,elite,experiment4_reduced_feature_robustness,4,442,D-Aggregate-reduced,1,1,0.9353100657463074,
303652,2020-01-04,11,La Liga,42,male,Espanyol,Barcelona,elite,experiment4_reduced_feature_robustness,4,442,D-Aggregate-reduced,0,0,0.25147125124931335,
303610,2020-01-19,11,La Liga,42,male,Barcelona,Granada,elite,experiment4_reduced_feature_robustness,5,542,B-GNN-reduced,1,1,0.8402149081230164,
303400,2020-01-25,11,La Liga,42,male,Valencia,Barcelona,elite,experiment4_reduced_feature_robustness,5,542,B-GNN-reduced,1,0,0.35641857981681824,
303682,2020-02-02,11,La Liga,42,male,Barcelona,Levante UD,elite,experiment4_reduced_feature_robustness,5,542,B-GNN-reduced,1,1,0.7265254855155945,
303707,2020-02-09,11,La Liga,42,male,Real Betis,Barcelona,elite,experiment4_reduced_feature_robustness,5,542,B-GNN-reduced,0,0,0.37660399079322815,
303377,2020-02-15,11,La Liga,42,male,Barcelona,Getafe,elite,experiment4_reduced_feature_robustness,5,542,B-GNN-reduced,1,1,0.6574959754943848,
303731,2020-02-22,11,La Liga,42,male,Barcelona,Eibar,elite,experiment4_reduced_feature_robustness,5,542,B-GNN-reduced,1,1,0.6220730543136597,
303470,2020-03-01,11,La Liga,42,male,Real Madrid,Barcelona,elite,experiment4_reduced_feature_robustness,5,542,B-GNN-reduced,1,1,0.5677725672721863,
303479,2020-03-07,11,La Liga,42,male,Barcelona,Real Sociedad,elite,experiment4_reduced_feature_robustness,5,542,B-GNN-reduced,1,0,0.48376837372779846,
303548,2020-06-13,11,La Liga,42,male,Mallorca,Barcelona,elite,experiment4_reduced_feature_robustness,5,542,B-GNN-reduced,0,0,0.37989458441734314,
303532,2020-06-16,11,La Liga,42,male,Barcelona,Leganés,elite,experiment4_reduced_feature_robustness,5,542,B-GNN-reduced,1,1,0.8394584059715271,
303674,2020-06-19,11,La Liga,42,male,Sevilla,Barcelona,elite,experiment4_reduced_feature_robustness,5,542,B-GNN-reduced,0,0,0.378645658493042,
303493,2020-06-23,11,La Liga,42,male,Barcelona,Athletic Club,elite,experiment4_reduced_feature_robustness,5,542,B-GNN-reduced,1,1,0.7365970015525818,
303516,2020-06-27,11,La Liga,42,male,Celta Vigo,Barcelona,elite,experiment4_reduced_feature_robustness,5,542,B-GNN-reduced,0,0,0.35196295380592346,
303696,2020-06-30,11,La Liga,42,male,Barcelona,Atlético Madrid,elite,experiment4_reduced_feature_robustness,5,542,B-GNN-reduced,0,1,0.750217854976654,
303725,2020-07-05,11,La Liga,42,male,Villarreal,Barcelona,elite,experiment4_reduced_feature_robustness,5,542,B-GNN-reduced,0,0,0.3805539011955261,
303615,2020-07-08,11,La Liga,42,male,Barcelona,Espanyol,elite,experiment4_reduced_feature_robustness,5,542,B-GNN-reduced,1,1,0.8520541191101074,
303680,2020-07-11,11,La Liga,42,male,Real Valladolid,Barcelona,elite,experiment4_reduced_feature_robustness,5,542,B-GNN-reduced,0,0,0.3534714877605438,
303634,2020-07-16,11,La Liga,42,male,Barcelona,Osasuna,elite,experiment4_reduced_feature_robustness,5,542,B-GNN-reduced,0,1,0.7620730400085449,
303421,2020-07-19,11,La Liga,42,male,Deportivo Alavés,Barcelona,elite,experiment4_reduced_feature_robustness,5,542,B-GNN-reduced,0,0,0.3421992063522339,
3773593,2020-09-27,11,La Liga,90,male,Barcelona,Villarreal,elite,experiment4_reduced_feature_robustness,5,542,B-GNN-reduced,1,1,0.7168442606925964,
3773466,2020-10-01,11,La Liga,90,male,Celta Vigo,Barcelona,elite,experiment4_reduced_feature_robustness,5,542,B-GNN-reduced,0,0,0.36098405718803406,
3773672,2020-10-04,11,La Liga,90,male,Barcelona,Sevilla,elite,experiment4_reduced_feature_robustness,5,542,B-GNN-reduced,0,1,0.6163529753684998,
3773587,2020-10-17,11,La Liga,90,male,Getafe,Barcelona,elite,experiment4_reduced_feature_robustness,5,542,B-GNN-reduced,1,0,0.276062548160553,
3773585,2020-10-24,11,La Liga,90,male,Barcelona,Real Madrid,elite,experiment4_reduced_feature_robustness,5,542,B-GNN-reduced,0,1,0.6311081051826477,
3773386,2020-10-31,11,La Liga,90,male,Deportivo Alavés,Barcelona,elite,experiment4_reduced_feature_robustness,5,542,B-GNN-reduced,0,0,0.2694140076637268,
3773477,2020-11-07,11,La Liga,90,male,Barcelona,Real Betis,elite,experiment4_reduced_feature_robustness,5,542,B-GNN-reduced,1,1,0.6153265833854675,
3773656,2020-11-21,11,La Liga,90,male,Atlético Madrid,Barcelona,elite,experiment4_reduced_feature_robustness,5,542,B-GNN-reduced,1,1,0.5863959193229675,
3773547,2020-11-29,11,La Liga,90,male,Barcelona,Osasuna,elite,experiment4_reduced_feature_robustness,5,542,B-GNN-reduced,1,1,0.753191351890564,
3773660,2020-12-13,11,La Liga,90,male,Barcelona,Levante UD,elite,experiment4_reduced_feature_robustness,5,542,B-GNN-reduced,1,1,0.6580861210823059,
3773523,2020-12-16,11,La Liga,90,male,Barcelona,Real Sociedad,elite,experiment4_reduced_feature_robustness,5,542,B-GNN-reduced,1,1,0.5189321637153625,
3773377,2020-12-19,11,La Liga,90,male,Barcelona,Valencia,elite,experiment4_reduced_feature_robustness,5,542,B-GNN-reduced,0,1,0.7304632067680359,
3773571,2020-12-22,11,La Liga,90,male,Real Valladolid,Barcelona,elite,experiment4_reduced_feature_robustness,5,542,B-GNN-reduced,0,0,0.42297443747520447,
3764661,2021-01-06,11,La Liga,90,male,Athletic Club,Barcelona,elite,experiment4_reduced_feature_robustness,5,542,B-GNN-reduced,0,0,0.47147345542907715,
3773565,2021-01-09,11,La Liga,90,male,Granada,Barcelona,elite,experiment4_reduced_feature_robustness,5,542,B-GNN-reduced,0,0,0.36815205216407776,
3773403,2021-01-31,11,La Liga,90,male,Barcelona,Athletic Club,elite,experiment4_reduced_feature_robustness,5,542,B-GNN-reduced,1,1,0.6214689016342163,
3773631,2021-02-07,11,La Liga,90,male,Real Betis,Barcelona,elite,experiment4_reduced_feature_robustness,5,542,B-GNN-reduced,0,0,0.40399396419525146,
3773526,2021-02-13,11,La Liga,90,male,Barcelona,Deportivo Alavés,elite,experiment4_reduced_feature_robustness,5,542,B-GNN-reduced,1,1,0.8197402954101562,
3764440,2021-02-24,11,La Liga,90,male,Barcelona,Elche,elite,experiment4_reduced_feature_robustness,5,542,B-GNN-reduced,1,1,0.7549188733100891,
3773625,2021-02-27,11,La Liga,90,male,Sevilla,Barcelona,elite,experiment4_reduced_feature_robustness,5,542,B-GNN-reduced,0,0,0.4591629207134247,
3773665,2021-03-06,11,La Liga,90,male,Osasuna,Barcelona,elite,experiment4_reduced_feature_robustness,5,542,B-GNN-reduced,0,0,0.4243066906929016,
3773597,2021-03-21,11,La Liga,90,male,Real Sociedad,Barcelona,elite,experiment4_reduced_feature_robustness,5,542,B-GNN-reduced,0,0,0.37094998359680176,
3773474,2021-04-05,11,La Liga,90,male,Barcelona,Real Valladolid,elite,experiment4_reduced_feature_robustness,5,542,B-GNN-reduced,1,1,0.6576917171478271,
3773497,2021-04-10,11,La Liga,90,male,Real Madrid,Barcelona,elite,experiment4_reduced_feature_robustness,5,542,B-GNN-reduced,1,0,0.33476802706718445,
3773661,2021-04-22,11,La Liga,90,male,Barcelona,Getafe,elite,experiment4_reduced_feature_robustness,5,542,B-GNN-reduced,1,1,0.8109381794929504,
3773689,2021-04-25,11,La Liga,90,male,Villarreal,Barcelona,elite,experiment4_reduced_feature_robustness,5,542,B-GNN-reduced,0,0,0.46617674827575684,
3773586,2021-04-29,11,La Liga,90,male,Barcelona,Granada,elite,experiment4_reduced_feature_robustness,5,542,B-GNN-reduced,0,1,0.8183246850967407,
3773695,2021-05-02,11,La Liga,90,male,Valencia,Barcelona,elite,experiment4_reduced_feature_robustness,5,542,B-GNN-reduced,0,0,0.37466245889663696,
3773372,2021-05-08,11,La Liga,90,male,Barcelona,Atlético Madrid,elite,experiment4_reduced_feature_robustness,5,542,B-GNN-reduced,0,1,0.6713395118713379,
3773387,2021-05-11,11,La Liga,90,male,Levante UD,Barcelona,elite,experiment4_reduced_feature_robustness,5,542,B-GNN-reduced,0,0,0.41307058930397034,
3773457,2021-05-16,11,La Liga,90,male,Barcelona,Celta Vigo,elite,experiment4_reduced_feature_robustness,5,542,B-GNN-reduced,0,1,0.6838997006416321,
303610,2020-01-19,11,La Liga,42,male,Barcelona,Granada,elite,experiment4_reduced_feature_robustness,5,542,C-Hybrid-reduced,1,1,0.6164228916168213,0.4696480929851532
303400,2020-01-25,11,La Liga,42,male,Valencia,Barcelona,elite,experiment4_reduced_feature_robustness,5,542,C-Hybrid-reduced,1,0,0.2547781467437744,0.4696480929851532
303682,2020-02-02,11,La Liga,42,male,Barcelona,Levante UD,elite,experiment4_reduced_feature_robustness,5,542,C-Hybrid-reduced,1,1,0.8363133668899536,0.4696480929851532
303707,2020-02-09,11,La Liga,42,male,Real Betis,Barcelona,elite,experiment4_reduced_feature_robustness,5,542,C-Hybrid-reduced,0,0,0.4333023428916931,0.4696480929851532
303377,2020-02-15,11,La Liga,42,male,Barcelona,Getafe,elite,experiment4_reduced_feature_robustness,5,542,C-Hybrid-reduced,1,1,0.7082040309906006,0.4696480929851532
303731,2020-02-22,11,La Liga,42,male,Barcelona,Eibar,elite,experiment4_reduced_feature_robustness,5,542,C-Hybrid-reduced,1,1,0.792156994342804,0.4696480929851532
303470,2020-03-01,11,La Liga,42,male,Real Madrid,Barcelona,elite,experiment4_reduced_feature_robustness,5,542,C-Hybrid-reduced,1,1,0.5985585451126099,0.4696480929851532
303479,2020-03-07,11,La Liga,42,male,Barcelona,Real Sociedad,elite,experiment4_reduced_feature_robustness,5,542,C-Hybrid-reduced,1,1,0.6951460242271423,0.4696480929851532
303548,2020-06-13,11,La Liga,42,male,Mallorca,Barcelona,elite,experiment4_reduced_feature_robustness,5,542,C-Hybrid-reduced,0,0,0.20074164867401123,0.4696480929851532
303532,2020-06-16,11,La Liga,42,male,Barcelona,Leganés,elite,experiment4_reduced_feature_robustness,5,542,C-Hybrid-reduced,1,1,0.8430683612823486,0.4696480929851532
303674,2020-06-19,11,La Liga,42,male,Sevilla,Barcelona,elite,experiment4_reduced_feature_robustness,5,542,C-Hybrid-reduced,0,0,0.25833043456077576,0.4696480929851532
303493,2020-06-23,11,La Liga,42,male,Barcelona,Athletic Club,elite,experiment4_reduced_feature_robustness,5,542,C-Hybrid-reduced,1,1,0.8120987415313721,0.4696480929851532
303516,2020-06-27,11,La Liga,42,male,Celta Vigo,Barcelona,elite,experiment4_reduced_feature_robustness,5,542,C-Hybrid-reduced,0,1,0.5038236975669861,0.4696480929851532
303696,2020-06-30,11,La Liga,42,male,Barcelona,Atlético Madrid,elite,experiment4_reduced_feature_robustness,5,542,C-Hybrid-reduced,0,1,0.8199177384376526,0.4696480929851532
303725,2020-07-05,11,La Liga,42,male,Villarreal,Barcelona,elite,experiment4_reduced_feature_robustness,5,542,C-Hybrid-reduced,0,0,0.37293359637260437,0.4696480929851532
303615,2020-07-08,11,La Liga,42,male,Barcelona,Espanyol,elite,experiment4_reduced_feature_robustness,5,542,C-Hybrid-reduced,1,1,0.9309633374214172,0.4696480929851532
303680,2020-07-11,11,La Liga,42,male,Real Valladolid,Barcelona,elite,experiment4_reduced_feature_robustness,5,542,C-Hybrid-reduced,0,0,0.15370313823223114,0.4696480929851532
303634,2020-07-16,11,La Liga,42,male,Barcelona,Osasuna,elite,experiment4_reduced_feature_robustness,5,542,C-Hybrid-reduced,0,1,0.9687092900276184,0.4696480929851532
303421,2020-07-19,11,La Liga,42,male,Deportivo Alavés,Barcelona,elite,experiment4_reduced_feature_robustness,5,542,C-Hybrid-reduced,0,0,0.2513425052165985,0.4696480929851532
3773593,2020-09-27,11,La Liga,90,male,Barcelona,Villarreal,elite,experiment4_reduced_feature_robustness,5,542,C-Hybrid-reduced,1,1,0.9219980835914612,0.4696480929851532
3773466,2020-10-01,11,La Liga,90,male,Celta Vigo,Barcelona,elite,experiment4_reduced_feature_robustness,5,542,C-Hybrid-reduced,0,0,0.13413074612617493,0.4696480929851532
3773672,2020-10-04,11,La Liga,90,male,Barcelona,Sevilla,elite,experiment4_reduced_feature_robustness,5,542,C-Hybrid-reduced,0,1,0.9108290672302246,0.4696480929851532
3773587,2020-10-17,11,La Liga,90,male,Getafe,Barcelona,elite,experiment4_reduced_feature_robustness,5,542,C-Hybrid-reduced,1,0,0.1960221379995346,0.4696480929851532
3773585,2020-10-24,11,La Liga,90,male,Barcelona,Real Madrid,elite,experiment4_reduced_feature_robustness,5,542,C-Hybrid-reduced,0,0,0.4576209783554077,0.4696480929851532
3773386,2020-10-31,11,La Liga,90,male,Deportivo Alavés,Barcelona,elite,experiment4_reduced_feature_robustness,5,542,C-Hybrid-reduced,0,0,0.4537629187107086,0.4696480929851532
3773477,2020-11-07,11,La Liga,90,male,Barcelona,Real Betis,elite,experiment4_reduced_feature_robustness,5,542,C-Hybrid-reduced,1,1,0.7739275693893433,0.4696480929851532
3773656,2020-11-21,11,La Liga,90,male,Atlético Madrid,Barcelona,elite,experiment4_reduced_feature_robustness,5,542,C-Hybrid-reduced,1,0,0.46445468068122864,0.4696480929851532
3773547,2020-11-29,11,La Liga,90,male,Barcelona,Osasuna,elite,experiment4_reduced_feature_robustness,5,542,C-Hybrid-reduced,1,1,0.9467114210128784,0.4696480929851532
3773660,2020-12-13,11,La Liga,90,male,Barcelona,Levante UD,elite,experiment4_reduced_feature_robustness,5,542,C-Hybrid-reduced,1,1,0.8355026841163635,0.4696480929851532
3773523,2020-12-16,11,La Liga,90,male,Barcelona,Real Sociedad,elite,experiment4_reduced_feature_robustness,5,542,C-Hybrid-reduced,1,1,0.9234267473220825,0.4696480929851532
3773377,2020-12-19,11,La Liga,90,male,Barcelona,Valencia,elite,experiment4_reduced_feature_robustness,5,542,C-Hybrid-reduced,0,1,0.8872475624084473,0.4696480929851532
3773571,2020-12-22,11,La Liga,90,male,Real Valladolid,Barcelona,elite,experiment4_reduced_feature_robustness,5,542,C-Hybrid-reduced,0,0,0.21379314363002777,0.4696480929851532
3764661,2021-01-06,11,La Liga,90,male,Athletic Club,Barcelona,elite,experiment4_reduced_feature_robustness,5,542,C-Hybrid-reduced,0,0,0.22233615815639496,0.4696480929851532
3773565,2021-01-09,11,La Liga,90,male,Granada,Barcelona,elite,experiment4_reduced_feature_robustness,5,542,C-Hybrid-reduced,0,0,0.24121330678462982,0.4696480929851532
3773403,2021-01-31,11,La Liga,90,male,Barcelona,Athletic Club,elite,experiment4_reduced_feature_robustness,5,542,C-Hybrid-reduced,1,1,0.8828316330909729,0.4696480929851532
3773631,2021-02-07,11,La Liga,90,male,Real Betis,Barcelona,elite,experiment4_reduced_feature_robustness,5,542,C-Hybrid-reduced,0,0,0.22634229063987732,0.4696480929851532
3773526,2021-02-13,11,La Liga,90,male,Barcelona,Deportivo Alavés,elite,experiment4_reduced_feature_robustness,5,542,C-Hybrid-reduced,1,1,0.9455728530883789,0.4696480929851532
3764440,2021-02-24,11,La Liga,90,male,Barcelona,Elche,elite,experiment4_reduced_feature_robustness,5,542,C-Hybrid-reduced,1,1,0.9223784804344177,0.4696480929851532
3773625,2021-02-27,11,La Liga,90,male,Sevilla,Barcelona,elite,experiment4_reduced_feature_robustness,5,542,C-Hybrid-reduced,0,0,0.2224022001028061,0.4696480929851532
3773665,2021-03-06,11,La Liga,90,male,Osasuna,Barcelona,elite,experiment4_reduced_feature_robustness,5,542,C-Hybrid-reduced,0,0,0.1558154672384262,0.4696480929851532
3773597,2021-03-21,11,La Liga,90,male,Real Sociedad,Barcelona,elite,experiment4_reduced_feature_robustness,5,542,C-Hybrid-reduced,0,0,0.47376587986946106,0.4696480929851532
3773474,2021-04-05,11,La Liga,90,male,Barcelona,Real Valladolid,elite,experiment4_reduced_feature_robustness,5,542,C-Hybrid-reduced,1,1,0.8826096653938293,0.4696480929851532
3773497,2021-04-10,11,La Liga,90,male,Real Madrid,Barcelona,elite,experiment4_reduced_feature_robustness,5,542,C-Hybrid-reduced,1,0,0.4175507724285126,0.4696480929851532
3773661,2021-04-22,11,La Liga,90,male,Barcelona,Getafe,elite,experiment4_reduced_feature_robustness,5,542,C-Hybrid-reduced,1,1,0.9072574973106384,0.4696480929851532
3773689,2021-04-25,11,La Liga,90,male,Villarreal,Barcelona,elite,experiment4_reduced_feature_robustness,5,542,C-Hybrid-reduced,0,0,0.18929895758628845,0.4696480929851532
3773586,2021-04-29,11,La Liga,90,male,Barcelona,Granada,elite,experiment4_reduced_feature_robustness,5,542,C-Hybrid-reduced,0,1,0.7963462471961975,0.4696480929851532
3773695,2021-05-02,11,La Liga,90,male,Valencia,Barcelona,elite,experiment4_reduced_feature_robustness,5,542,C-Hybrid-reduced,0,0,0.30892035365104675,0.4696480929851532
3773372,2021-05-08,11,La Liga,90,male,Barcelona,Atlético Madrid,elite,experiment4_reduced_feature_robustness,5,542,C-Hybrid-reduced,0,1,0.8357731103897095,0.4696480929851532
3773387,2021-05-11,11,La Liga,90,male,Levante UD,Barcelona,elite,experiment4_reduced_feature_robustness,5,542,C-Hybrid-reduced,0,0,0.2779652178287506,0.4696480929851532
3773457,2021-05-16,11,La Liga,90,male,Barcelona,Celta Vigo,elite,experiment4_reduced_feature_robustness,5,542,C-Hybrid-reduced,0,1,0.7657554745674133,0.4696480929851532
303610,2020-01-19,11,La Liga,42,male,Barcelona,Granada,elite,experiment4_reduced_feature_robustness,5,542,D-Aggregate-full,1,1,0.8498094081878662,
303400,2020-01-25,11,La Liga,42,male,Valencia,Barcelona,elite,experiment4_reduced_feature_robustness,5,542,D-Aggregate-full,1,1,0.726539134979248,
303682,2020-02-02,11,La Liga,42,male,Barcelona,Levante UD,elite,experiment4_reduced_feature_robustness,5,542,D-Aggregate-full,1,1,0.9204617738723755,
303707,2020-02-09,11,La Liga,42,male,Real Betis,Barcelona,elite,experiment4_reduced_feature_robustness,5,542,D-Aggregate-full,0,0,0.36592793464660645,
303377,2020-02-15,11,La Liga,42,male,Barcelona,Getafe,elite,experiment4_reduced_feature_robustness,5,542,D-Aggregate-full,1,1,0.8982130289077759,
303731,2020-02-22,11,La Liga,42,male,Barcelona,Eibar,elite,experiment4_reduced_feature_robustness,5,542,D-Aggregate-full,1,1,0.9727991819381714,
303470,2020-03-01,11,La Liga,42,male,Real Madrid,Barcelona,elite,experiment4_reduced_feature_robustness,5,542,D-Aggregate-full,1,0,0.2228495478630066,
303479,2020-03-07,11,La Liga,42,male,Barcelona,Real Sociedad,elite,experiment4_reduced_feature_robustness,5,542,D-Aggregate-full,1,1,0.9043020606040955,
303548,2020-06-13,11,La Liga,42,male,Mallorca,Barcelona,elite,experiment4_reduced_feature_robustness,5,542,D-Aggregate-full,0,0,0.10928012430667877,
303532,2020-06-16,11,La Liga,42,male,Barcelona,Leganés,elite,experiment4_reduced_feature_robustness,5,542,D-Aggregate-full,1,1,0.6768319010734558,
303674,2020-06-19,11,La Liga,42,male,Sevilla,Barcelona,elite,experiment4_reduced_feature_robustness,5,542,D-Aggregate-full,0,0,0.09950733929872513,
303493,2020-06-23,11,La Liga,42,male,Barcelona,Athletic Club,elite,experiment4_reduced_feature_robustness,5,542,D-Aggregate-full,1,1,0.7966199517250061,
303516,2020-06-27,11,La Liga,42,male,Celta Vigo,Barcelona,elite,experiment4_reduced_feature_robustness,5,542,D-Aggregate-full,0,0,0.13191771507263184,
303696,2020-06-30,11,La Liga,42,male,Barcelona,Atlético Madrid,elite,experiment4_reduced_feature_robustness,5,542,D-Aggregate-full,0,1,0.9718209505081177,
303725,2020-07-05,11,La Liga,42,male,Villarreal,Barcelona,elite,experiment4_reduced_feature_robustness,5,542,D-Aggregate-full,0,0,0.022635554894804955,
303615,2020-07-08,11,La Liga,42,male,Barcelona,Espanyol,elite,experiment4_reduced_feature_robustness,5,542,D-Aggregate-full,1,1,0.8733927607536316,
303680,2020-07-11,11,La Liga,42,male,Real Valladolid,Barcelona,elite,experiment4_reduced_feature_robustness,5,542,D-Aggregate-full,0,0,0.1409544199705124,
303634,2020-07-16,11,La Liga,42,male,Barcelona,Osasuna,elite,experiment4_reduced_feature_robustness,5,542,D-Aggregate-full,0,1,0.5410921573638916,
303421,2020-07-19,11,La Liga,42,male,Deportivo Alavés,Barcelona,elite,experiment4_reduced_feature_robustness,5,542,D-Aggregate-full,0,0,0.1258118599653244,
3773593,2020-09-27,11,La Liga,90,male,Barcelona,Villarreal,elite,experiment4_reduced_feature_robustness,5,542,D-Aggregate-full,1,1,0.9807940721511841,
3773466,2020-10-01,11,La Liga,90,male,Celta Vigo,Barcelona,elite,experiment4_reduced_feature_robustness,5,542,D-Aggregate-full,0,0,0.025292877107858658,
3773672,2020-10-04,11,La Liga,90,male,Barcelona,Sevilla,elite,experiment4_reduced_feature_robustness,5,542,D-Aggregate-full,0,1,0.8551206588745117,
3773587,2020-10-17,11,La Liga,90,male,Getafe,Barcelona,elite,experiment4_reduced_feature_robustness,5,542,D-Aggregate-full,1,1,0.6170052289962769,
3773585,2020-10-24,11,La Liga,90,male,Barcelona,Real Madrid,elite,experiment4_reduced_feature_robustness,5,542,D-Aggregate-full,0,1,0.6897655129432678,
3773386,2020-10-31,11,La Liga,90,male,Deportivo Alavés,Barcelona,elite,experiment4_reduced_feature_robustness,5,542,D-Aggregate-full,0,0,0.2733529210090637,
3773477,2020-11-07,11,La Liga,90,male,Barcelona,Real Betis,elite,experiment4_reduced_feature_robustness,5,542,D-Aggregate-full,1,1,0.9789392948150635,
3773656,2020-11-21,11,La Liga,90,male,Atlético Madrid,Barcelona,elite,experiment4_reduced_feature_robustness,5,542,D-Aggregate-full,1,0,0.11103050410747528,
3773547,2020-11-29,11,La Liga,90,male,Barcelona,Osasuna,elite,experiment4_reduced_feature_robustness,5,542,D-Aggregate-full,1,1,0.9818387031555176,
3773660,2020-12-13,11,La Liga,90,male,Barcelona,Levante UD,elite,experiment4_reduced_feature_robustness,5,542,D-Aggregate-full,1,1,0.6763162612915039,
3773523,2020-12-16,11,La Liga,90,male,Barcelona,Real Sociedad,elite,experiment4_reduced_feature_robustness,5,542,D-Aggregate-full,1,1,0.9294796586036682,
3773377,2020-12-19,11,La Liga,90,male,Barcelona,Valencia,elite,experiment4_reduced_feature_robustness,5,542,D-Aggregate-full,0,1,0.7345194220542908,
3773571,2020-12-22,11,La Liga,90,male,Real Valladolid,Barcelona,elite,experiment4_reduced_feature_robustness,5,542,D-Aggregate-full,0,0,0.16655494272708893,
3764661,2021-01-06,11,La Liga,90,male,Athletic Club,Barcelona,elite,experiment4_reduced_feature_robustness,5,542,D-Aggregate-full,0,0,0.1628740131855011,
3773565,2021-01-09,11,La Liga,90,male,Granada,Barcelona,elite,experiment4_reduced_feature_robustness,5,542,D-Aggregate-full,0,0,0.07899579405784607,
3773403,2021-01-31,11,La Liga,90,male,Barcelona,Athletic Club,elite,experiment4_reduced_feature_robustness,5,542,D-Aggregate-full,1,1,0.9084057807922363,
3773631,2021-02-07,11,La Liga,90,male,Real Betis,Barcelona,elite,experiment4_reduced_feature_robustness,5,542,D-Aggregate-full,0,1,0.582051157951355,
3773526,2021-02-13,11,La Liga,90,male,Barcelona,Deportivo Alavés,elite,experiment4_reduced_feature_robustness,5,542,D-Aggregate-full,1,1,0.9893409609794617,
3764440,2021-02-24,11,La Liga,90,male,Barcelona,Elche,elite,experiment4_reduced_feature_robustness,5,542,D-Aggregate-full,1,1,0.9818525910377502,
3773625,2021-02-27,11,La Liga,90,male,Sevilla,Barcelona,elite,experiment4_reduced_feature_robustness,5,542,D-Aggregate-full,0,0,0.14534692466259003,
3773665,2021-03-06,11,La Liga,90,male,Osasuna,Barcelona,elite,experiment4_reduced_feature_robustness,5,542,D-Aggregate-full,0,0,0.36230695247650146,
3773597,2021-03-21,11,La Liga,90,male,Real Sociedad,Barcelona,elite,experiment4_reduced_feature_robustness,5,542,D-Aggregate-full,0,0,0.06291031092405319,
3773474,2021-04-05,11,La Liga,90,male,Barcelona,Real Valladolid,elite,experiment4_reduced_feature_robustness,5,542,D-Aggregate-full,1,0,0.44544360041618347,
3773497,2021-04-10,11,La Liga,90,male,Real Madrid,Barcelona,elite,experiment4_reduced_feature_robustness,5,542,D-Aggregate-full,1,0,0.26128730177879333,
3773661,2021-04-22,11,La Liga,90,male,Barcelona,Getafe,elite,experiment4_reduced_feature_robustness,5,542,D-Aggregate-full,1,1,0.9677363634109497,
3773689,2021-04-25,11,La Liga,90,male,Villarreal,Barcelona,elite,experiment4_reduced_feature_robustness,5,542,D-Aggregate-full,0,1,0.515735924243927,
3773586,2021-04-29,11,La Liga,90,male,Barcelona,Granada,elite,experiment4_reduced_feature_robustness,5,542,D-Aggregate-full,0,1,0.9015606641769409,
3773695,2021-05-02,11,La Liga,90,male,Valencia,Barcelona,elite,experiment4_reduced_feature_robustness,5,542,D-Aggregate-full,0,0,0.22113370895385742,
3773372,2021-05-08,11,La Liga,90,male,Barcelona,Atlético Madrid,elite,experiment4_reduced_feature_robustness,5,542,D-Aggregate-full,0,0,0.1415264904499054,
3773387,2021-05-11,11,La Liga,90,male,Levante UD,Barcelona,elite,experiment4_reduced_feature_robustness,5,542,D-Aggregate-full,0,0,0.3148447275161743,
3773457,2021-05-16,11,La Liga,90,male,Barcelona,Celta Vigo,elite,experiment4_reduced_feature_robustness,5,542,D-Aggregate-full,0,1,0.7933237552642822,
303610,2020-01-19,11,La Liga,42,male,Barcelona,Granada,elite,experiment4_reduced_feature_robustness,5,542,D-Aggregate-reduced,1,1,0.8159539699554443,
303400,2020-01-25,11,La Liga,42,male,Valencia,Barcelona,elite,experiment4_reduced_feature_robustness,5,542,D-Aggregate-reduced,1,1,0.6930052638053894,
303682,2020-02-02,11,La Liga,42,male,Barcelona,Levante UD,elite,experiment4_reduced_feature_robustness,5,542,D-Aggregate-reduced,1,1,0.9316073656082153,
303707,2020-02-09,11,La Liga,42,male,Real Betis,Barcelona,elite,experiment4_reduced_feature_robustness,5,542,D-Aggregate-reduced,0,0,0.1027388870716095,
303377,2020-02-15,11,La Liga,42,male,Barcelona,Getafe,elite,experiment4_reduced_feature_robustness,5,542,D-Aggregate-reduced,1,1,0.8299628496170044,
303731,2020-02-22,11,La Liga,42,male,Barcelona,Eibar,elite,experiment4_reduced_feature_robustness,5,542,D-Aggregate-reduced,1,1,0.7856916189193726,
303470,2020-03-01,11,La Liga,42,male,Real Madrid,Barcelona,elite,experiment4_reduced_feature_robustness,5,542,D-Aggregate-reduced,1,1,0.6150085926055908,
303479,2020-03-07,11,La Liga,42,male,Barcelona,Real Sociedad,elite,experiment4_reduced_feature_robustness,5,542,D-Aggregate-reduced,1,1,0.8350220918655396,
303548,2020-06-13,11,La Liga,42,male,Mallorca,Barcelona,elite,experiment4_reduced_feature_robustness,5,542,D-Aggregate-reduced,0,0,0.3144088387489319,
303532,2020-06-16,11,La Liga,42,male,Barcelona,Leganés,elite,experiment4_reduced_feature_robustness,5,542,D-Aggregate-reduced,1,1,0.8973650336265564,
303674,2020-06-19,11,La Liga,42,male,Sevilla,Barcelona,elite,experiment4_reduced_feature_robustness,5,542,D-Aggregate-reduced,0,0,0.23643779754638672,
303493,2020-06-23,11,La Liga,42,male,Barcelona,Athletic Club,elite,experiment4_reduced_feature_robustness,5,542,D-Aggregate-reduced,1,1,0.9175129532814026,
303516,2020-06-27,11,La Liga,42,male,Celta Vigo,Barcelona,elite,experiment4_reduced_feature_robustness,5,542,D-Aggregate-reduced,0,0,0.1678914576768875,
303696,2020-06-30,11,La Liga,42,male,Barcelona,Atlético Madrid,elite,experiment4_reduced_feature_robustness,5,542,D-Aggregate-reduced,0,1,0.9679700136184692,
303725,2020-07-05,11,La Liga,42,male,Villarreal,Barcelona,elite,experiment4_reduced_feature_robustness,5,542,D-Aggregate-reduced,0,0,0.3749566078186035,
303615,2020-07-08,11,La Liga,42,male,Barcelona,Espanyol,elite,experiment4_reduced_feature_robustness,5,542,D-Aggregate-reduced,1,1,0.9289330244064331,
303680,2020-07-11,11,La Liga,42,male,Real Valladolid,Barcelona,elite,experiment4_reduced_feature_robustness,5,542,D-Aggregate-reduced,0,0,0.30102458596229553,
303634,2020-07-16,11,La Liga,42,male,Barcelona,Osasuna,elite,experiment4_reduced_feature_robustness,5,542,D-Aggregate-reduced,0,1,0.9695974588394165,
303421,2020-07-19,11,La Liga,42,male,Deportivo Alavés,Barcelona,elite,experiment4_reduced_feature_robustness,5,542,D-Aggregate-reduced,0,0,0.22488071024417877,
3773593,2020-09-27,11,La Liga,90,male,Barcelona,Villarreal,elite,experiment4_reduced_feature_robustness,5,542,D-Aggregate-reduced,1,1,0.7876155972480774,
3773466,2020-10-01,11,La Liga,90,male,Celta Vigo,Barcelona,elite,experiment4_reduced_feature_robustness,5,542,D-Aggregate-reduced,0,0,0.2279442995786667,
3773672,2020-10-04,11,La Liga,90,male,Barcelona,Sevilla,elite,experiment4_reduced_feature_robustness,5,542,D-Aggregate-reduced,0,1,0.7713552713394165,
3773587,2020-10-17,11,La Liga,90,male,Getafe,Barcelona,elite,experiment4_reduced_feature_robustness,5,542,D-Aggregate-reduced,1,1,0.5621519088745117,
3773585,2020-10-24,11,La Liga,90,male,Barcelona,Real Madrid,elite,experiment4_reduced_feature_robustness,5,542,D-Aggregate-reduced,0,1,0.9409502148628235,
3773386,2020-10-31,11,La Liga,90,male,Deportivo Alavés,Barcelona,elite,experiment4_reduced_feature_robustness,5,542,D-Aggregate-reduced,0,0,0.05917252600193024,
3773477,2020-11-07,11,La Liga,90,male,Barcelona,Real Betis,elite,experiment4_reduced_feature_robustness,5,542,D-Aggregate-reduced,1,1,0.7014496922492981,
3773656,2020-11-21,11,La Liga,90,male,Atlético Madrid,Barcelona,elite,experiment4_reduced_feature_robustness,5,542,D-Aggregate-reduced,1,1,0.6880067586898804,
3773547,2020-11-29,11,La Liga,90,male,Barcelona,Osasuna,elite,experiment4_reduced_feature_robustness,5,542,D-Aggregate-reduced,1,1,0.9184812903404236,
3773660,2020-12-13,11,La Liga,90,male,Barcelona,Levante UD,elite,experiment4_reduced_feature_robustness,5,542,D-Aggregate-reduced,1,1,0.8524495959281921,
3773523,2020-12-16,11,La Liga,90,male,Barcelona,Real Sociedad,elite,experiment4_reduced_feature_robustness,5,542,D-Aggregate-reduced,1,1,0.7094683051109314,
3773377,2020-12-19,11,La Liga,90,male,Barcelona,Valencia,elite,experiment4_reduced_feature_robustness,5,542,D-Aggregate-reduced,0,1,0.751892626285553,
3773571,2020-12-22,11,La Liga,90,male,Real Valladolid,Barcelona,elite,experiment4_reduced_feature_robustness,5,542,D-Aggregate-reduced,0,1,0.6662164330482483,
3764661,2021-01-06,11,La Liga,90,male,Athletic Club,Barcelona,elite,experiment4_reduced_feature_robustness,5,542,D-Aggregate-reduced,0,1,0.5473650693893433,
3773565,2021-01-09,11,La Liga,90,male,Granada,Barcelona,elite,experiment4_reduced_feature_robustness,5,542,D-Aggregate-reduced,0,0,0.02091178670525551,
3773403,2021-01-31,11,La Liga,90,male,Barcelona,Athletic Club,elite,experiment4_reduced_feature_robustness,5,542,D-Aggregate-reduced,1,1,0.8814969658851624,
3773631,2021-02-07,11,La Liga,90,male,Real Betis,Barcelona,elite,experiment4_reduced_feature_robustness,5,542,D-Aggregate-reduced,0,1,0.5981140732765198,
3773526,2021-02-13,11,La Liga,90,male,Barcelona,Deportivo Alavés,elite,experiment4_reduced_feature_robustness,5,542,D-Aggregate-reduced,1,1,0.9646611213684082,
3764440,2021-02-24,11,La Liga,90,male,Barcelona,Elche,elite,experiment4_reduced_feature_robustness,5,542,D-Aggregate-reduced,1,1,0.96475750207901,
3773625,2021-02-27,11,La Liga,90,male,Sevilla,Barcelona,elite,experiment4_reduced_feature_robustness,5,542,D-Aggregate-reduced,0,0,0.2876098155975342,
3773665,2021-03-06,11,La Liga,90,male,Osasuna,Barcelona,elite,experiment4_reduced_feature_robustness,5,542,D-Aggregate-reduced,0,0,0.25746414065361023,
3773597,2021-03-21,11,La Liga,90,male,Real Sociedad,Barcelona,elite,experiment4_reduced_feature_robustness,5,542,D-Aggregate-reduced,0,0,0.21807077527046204,
3773474,2021-04-05,11,La Liga,90,male,Barcelona,Real Valladolid,elite,experiment4_reduced_feature_robustness,5,542,D-Aggregate-reduced,1,1,0.9099529981613159,
3773497,2021-04-10,11,La Liga,90,male,Real Madrid,Barcelona,elite,experiment4_reduced_feature_robustness,5,542,D-Aggregate-reduced,1,0,0.06870035082101822,
3773661,2021-04-22,11,La Liga,90,male,Barcelona,Getafe,elite,experiment4_reduced_feature_robustness,5,542,D-Aggregate-reduced,1,1,0.9614943265914917,
3773689,2021-04-25,11,La Liga,90,male,Villarreal,Barcelona,elite,experiment4_reduced_feature_robustness,5,542,D-Aggregate-reduced,0,0,0.41616111993789673,
3773586,2021-04-29,11,La Liga,90,male,Barcelona,Granada,elite,experiment4_reduced_feature_robustness,5,542,D-Aggregate-reduced,0,1,0.9544097781181335,
3773695,2021-05-02,11,La Liga,90,male,Valencia,Barcelona,elite,experiment4_reduced_feature_robustness,5,542,D-Aggregate-reduced,0,0,0.2828725278377533,
3773372,2021-05-08,11,La Liga,90,male,Barcelona,Atlético Madrid,elite,experiment4_reduced_feature_robustness,5,542,D-Aggregate-reduced,0,1,0.8944637775421143,
3773387,2021-05-11,11,La Liga,90,male,Levante UD,Barcelona,elite,experiment4_reduced_feature_robustness,5,542,D-Aggregate-reduced,0,0,0.4078234136104584,
3773457,2021-05-16,11,La Liga,90,male,Barcelona,Celta Vigo,elite,experiment4_reduced_feature_robustness,5,542,D-Aggregate-reduced,0,1,0.8422619104385376,
