match_id,true_label,predicted_class,predicted_score,model,fold,seed,gate_value,cohort,competition_id,competition_name,season_id,season_name,category,home_team,away_team
3825637,1,1,0.582226037979126,TF-NN,1,142,,global,11,La Liga,27,2015/2016,male,Barcelona,Eibar
3825638,1,1,0.5439098477363586,TF-NN,1,142,,global,11,La Liga,27,2015/2016,male,Atlético Madrid,Valencia
3825639,0,0,0.2226591557264328,TF-NN,1,142,,global,11,La Liga,27,2015/2016,male,Las Palmas,Villarreal
3825640,0,0,0.22744791209697723,TF-NN,1,142,,global,11,La Liga,27,2015/2016,male,Levante UD,Real Sociedad
3825641,1,1,0.7775256037712097,TF-NN,1,142,,global,11,La Liga,27,2015/2016,male,Athletic Club,Sporting Gijón
3825642,0,0,0.31364238262176514,TF-NN,1,142,,global,11,La Liga,27,2015/2016,male,RC Deportivo La Coruña,Atlético Madrid
3825643,1,1,0.8776646256446838,TF-NN,1,142,,global,11,La Liga,27,2015/2016,male,Real Madrid,Las Palmas
3825644,0,0,0.31618091464042664,TF-NN,1,142,,global,11,La Liga,27,2015/2016,male,Real Sociedad,Celta Vigo
3825645,0,0,0.0961918756365776,TF-NN,1,142,,global,11,La Liga,27,2015/2016,male,Getafe,Barcelona
3825646,1,0,0.40022727847099304,TF-NN,1,142,,global,11,La Liga,27,2015/2016,male,Villarreal,Sevilla
3825647,1,1,0.6126787066459656,TF-NN,1,142,,global,11,La Liga,27,2015/2016,male,Valencia,Levante UD
3825648,1,0,0.26512572169303894,TF-NN,1,142,,global,11,La Liga,27,2015/2016,male,Eibar,Rayo Vallecano
3825649,1,0,0.3177294135093689,TF-NN,1,142,,global,11,La Liga,27,2015/2016,male,Sporting Gijón,Málaga
3825650,0,0,0.43524062633514404,TF-NN,1,142,,global,11,La Liga,27,2015/2016,male,Real Betis,Athletic Club
3825651,0,0,0.29904064536094666,TF-NN,1,142,,global,11,La Liga,27,2015/2016,male,Espanyol,Granada
3825652,1,0,0.4059578776359558,TF-NN,1,142,,global,11,La Liga,27,2015/2016,male,Las Palmas,Real Sociedad
3825653,1,0,0.44948479533195496,TF-NN,1,142,,global,11,La Liga,27,2015/2016,male,Eibar,Getafe
3825654,0,0,0.40637004375457764,TF-NN,1,142,,global,11,La Liga,27,2015/2016,male,Celta Vigo,Valencia
3825655,1,0,0.32479405403137207,TF-NN,1,142,,global,11,La Liga,27,2015/2016,male,Rayo Vallecano,Granada
3825656,0,0,0.3993978798389435,TF-NN,1,142,,global,11,La Liga,27,2015/2016,male,Levante UD,RC Deportivo La Coruña
3825657,0,0,0.29758334159851074,TF-NN,1,142,,global,11,La Liga,27,2015/2016,male,Málaga,Real Betis
3825658,1,0,0.4892517030239105,TF-NN,1,142,,global,11,La Liga,27,2015/2016,male,Atlético Madrid,Sporting Gijón
3825659,1,0,0.12403262406587601,TF-NN,1,142,,global,11,La Liga,27,2015/2016,male,Athletic Club,Espanyol
3825660,1,1,0.9465330243110657,TF-NN,1,142,,global,11,La Liga,27,2015/2016,male,Barcelona,Villarreal
3825661,1,1,0.5844342708587646,TF-NN,1,142,,global,11,La Liga,27,2015/2016,male,Sevilla,Real Madrid
266424,0,0,0.3364267647266388,TF-NN,1,142,,global,11,La Liga,27,2015/2016,male,Real Madrid,Barcelona
3825662,1,0,0.2303149253129959,TF-NN,1,142,,global,11,La Liga,27,2015/2016,male,RC Deportivo La Coruña,Celta Vigo
3825663,1,0,0.22144389152526855,TF-NN,1,142,,global,11,La Liga,27,2015/2016,male,Espanyol,Málaga
3825664,1,0,0.4256599545478821,TF-NN,1,142,,global,11,La Liga,27,2015/2016,male,Real Sociedad,Sevilla
3825888,0,0,0.41407787799835205,TF-NN,1,142,,global,11,La Liga,27,2015/2016,male,Valencia,Las Palmas
3825665,1,0,0.20906075835227966,TF-NN,1,142,,global,11,La Liga,27,2015/2016,male,Granada,Athletic Club
3825666,0,0,0.12146072834730148,TF-NN,1,142,,global,11,La Liga,27,2015/2016,male,Real Betis,Atlético Madrid
3825667,0,0,0.42959484457969666,TF-NN,1,142,,global,11,La Liga,27,2015/2016,male,Villarreal,Eibar
3825668,0,0,0.45163971185684204,TF-NN,1,142,,global,11,La Liga,27,2015/2016,male,Sporting Gijón,Levante UD
3825669,0,0,0.3024393320083618,TF-NN,1,142,,global,11,La Liga,27,2015/2016,male,Getafe,Rayo Vallecano
3825670,0,0,0.3630293309688568,TF-NN,1,142,,global,11,La Liga,27,2015/2016,male,Levante UD,Real Betis
266885,1,1,0.6645621061325073,TF-NN,1,142,,global,11,La Liga,27,2015/2016,male,Barcelona,Real Sociedad
3825671,1,1,0.5656558275222778,TF-NN,1,142,,global,11,La Liga,27,2015/2016,male,Celta Vigo,Sporting Gijón
3825672,0,0,0.4321935772895813,TF-NN,1,142,,global,11,La Liga,27,2015/2016,male,Málaga,Granada
3825673,0,0,0.3130311369895935,TF-NN,1,142,,global,11,La Liga,27,2015/2016,male,Las Palmas,RC Deportivo La Coruña
3825674,1,1,0.6393837332725525,TF-NN,1,142,,global,11,La Liga,27,2015/2016,male,Atlético Madrid,Espanyol
3825675,0,0,0.36365947127342224,TF-NN,1,142,,global,11,La Liga,27,2015/2016,male,Rayo Vallecano,Athletic Club
3825676,1,0,0.3841918110847473,TF-NN,1,142,,global,11,La Liga,27,2015/2016,male,Getafe,Villarreal
3825677,1,0,0.40779659152030945,TF-NN,1,142,,global,11,La Liga,27,2015/2016,male,Sevilla,Valencia
3825678,0,0,0.14465680718421936,TF-NN,1,142,,global,11,La Liga,27,2015/2016,male,Eibar,Real Madrid
267274,0,0,0.1883639693260193,TF-NN,1,142,,global,11,La Liga,27,2015/2016,male,Valencia,Barcelona
3825679,0,0,0.4846632778644562,TF-NN,1,142,,global,11,La Liga,27,2015/2016,male,Real Betis,Celta Vigo
3825680,0,0,0.19277198612689972,TF-NN,1,142,,global,11,La Liga,27,2015/2016,male,RC Deportivo La Coruña,Sevilla
3825681,1,1,0.832362949848175,TF-NN,1,142,,global,11,La Liga,27,2015/2016,male,Real Madrid,Getafe
3825682,0,0,0.3372774124145508,TF-NN,1,142,,global,11,La Liga,27,2015/2016,male,Granada,Atlético Madrid
3825683,1,0,0.458773672580719,TF-NN,1,142,,global,11,La Liga,27,2015/2016,male,Real Sociedad,Eibar
3825684,1,0,0.4151761531829834,TF-NN,1,142,,global,11,La Liga,27,2015/2016,male,Villarreal,Rayo Vallecano
3825685,1,1,0.5192214846611023,TF-NN,1,142,,global,11,La Liga,27,2015/2016,male,Sporting Gijón,Las Palmas
3825686,0,0,0.16602545976638794,TF-NN,1,142,,global,11,La Liga,27,2015/2016,male,Athletic Club,Málaga
3825687,0,0,0.23404397070407867,TF-NN,1,142,,global,11,La Liga,27,2015/2016,male,Espanyol,Levante UD
3825688,0,0,0.1469104290008545,TF-NN,1,142,,global,11,La Liga,27,2015/2016,male,Getafe,Real Sociedad
266961,0,1,0.5834620594978333,TF-NN,1,142,,global,11,La Liga,27,2015/2016,male,Barcelona,RC Deportivo La Coruña
3825689,1,0,0.42929044365882874,TF-NN,1,142,,global,11,La Liga,27,2015/2016,male,Celta Vigo,Espanyol
3825690,1,0,0.45829394459724426,TF-NN,1,142,,global,11,La Liga,27,2015/2016,male,Las Palmas,Real Betis
3825691,0,0,0.1220967099070549,TF-NN,1,142,,global,11,La Liga,27,2015/2016,male,Levante UD,Granada
3825692,1,0,0.3357137143611908,TF-NN,1,142,,global,11,La Liga,27,2015/2016,male,Sevilla,Sporting Gijón
3825693,1,0,0.13273243606090546,TF-NN,1,142,,global,11,La Liga,27,2015/2016,male,Atlético Madrid,Athletic Club
3825694,0,1,0.6721592545509338,TF-NN,1,142,,global,11,La Liga,27,2015/2016,male,Eibar,Valencia
3825695,1,0,0.3841584026813507,TF-NN,1,142,,global,11,La Liga,27,2015/2016,male,Villarreal,Real Madrid
3825696,0,0,0.41375526785850525,TF-NN,1,142,,global,11,La Liga,27,2015/2016,male,Rayo Vallecano,Málaga
3825697,0,0,0.42905622720718384,TF-NN,1,142,,global,11,La Liga,27,2015/2016,male,Valencia,Getafe
3825698,1,0,0.4598040282726288,TF-NN,1,142,,global,11,La Liga,27,2015/2016,male,RC Deportivo La Coruña,Eibar
3825699,0,0,0.18057620525360107,TF-NN,1,142,,global,11,La Liga,27,2015/2016,male,Real Betis,Sevilla
3825891,1,0,0.41774967312812805,TF-NN,1,142,,global,11,La Liga,27,2015/2016,male,Espanyol,Las Palmas
3754051,1,0,0.3433646559715271,TF-NN,1,142,,global,2,Premier League,27,2015/2016,male,Watford,Liverpool
3754259,0,0,0.45574474334716797,TF-NN,1,142,,global,2,Premier League,27,2015/2016,male,Swansea City,West Ham United
3825700,1,1,0.9530770778656006,TF-NN,1,142,,global,11,La Liga,27,2015/2016,male,Real Madrid,Rayo Vallecano
3825701,1,0,0.3295309841632843,TF-NN,1,142,,global,11,La Liga,27,2015/2016,male,Málaga,Atlético Madrid
3825702,0,1,0.5505698919296265,TF-NN,1,142,,global,11,La Liga,27,2015/2016,male,Real Sociedad,Villarreal
3825703,1,1,0.5652121305465698,TF-NN,1,142,,global,11,La Liga,27,2015/2016,male,Athletic Club,Levante UD
3825704,0,0,0.10729062557220459,TF-NN,1,142,,global,11,La Liga,27,2015/2016,male,Granada,Celta Vigo
3754296,1,0,0.43222132325172424,TF-NN,1,142,,global,2,Premier League,27,2015/2016,male,Arsenal,Manchester City
3753974,0,0,0.4123889207839966,TF-NN,1,142,,global,2,Premier League,27,2015/2016,male,Newcastle United,Everton
3754014,1,0,0.3413311839103699,TF-NN,1,142,,global,2,Premier League,27,2015/2016,male,Stoke City,Manchester United
3754054,1,1,0.8062875866889954,TF-NN,1,142,,global,2,Premier League,27,2015/2016,male,Manchester City,Sunderland
3754057,1,1,0.7019187211990356,TF-NN,1,142,,global,2,Premier League,27,2015/2016,male,Tottenham Hotspur,Norwich City
3754248,0,0,0.29793915152549744,TF-NN,1,142,,global,2,Premier League,27,2015/2016,male,AFC Bournemouth,Crystal Palace
3754279,1,0,0.2929169535636902,TF-NN,1,142,,global,2,Premier League,27,2015/2016,male,Swansea City,West Bromwich Albion
3754285,0,0,0.4467579424381256,TF-NN,1,142,,global,2,Premier League,27,2015/2016,male,Aston Villa,West Ham United
3754287,0,1,0.718163251876831,TF-NN,1,142,,global,2,Premier League,27,2015/2016,male,Chelsea,Watford
3754309,1,0,0.3834387958049774,TF-NN,1,142,,global,2,Premier League,27,2015/2016,male,Southampton,Arsenal
3754343,1,1,0.6200767755508423,TF-NN,1,142,,global,2,Premier League,27,2015/2016,male,Liverpool,Leicester City
3753998,1,0,0.20441152155399323,TF-NN,1,142,,global,2,Premier League,27,2015/2016,male,West Ham United,Southampton
3754019,0,1,0.605619490146637,TF-NN,1,142,,global,2,Premier League,27,2015/2016,male,Manchester United,Chelsea
3754056,0,1,0.6446952223777771,TF-NN,1,142,,global,2,Premier League,27,2015/2016,male,Everton,Stoke City
3754130,1,0,0.21869361400604248,TF-NN,1,142,,global,2,Premier League,27,2015/2016,male,Norwich City,Aston Villa
3754173,1,1,0.5766778588294983,TF-NN,1,142,,global,2,Premier League,27,2015/2016,male,Arsenal,AFC Bournemouth
3754195,1,1,0.5219122171401978,TF-NN,1,142,,global,2,Premier League,27,2015/2016,male,West Bromwich Albion,Newcastle United
3754291,0,0,0.398906409740448,TF-NN,1,142,,global,2,Premier League,27,2015/2016,male,Watford,Tottenham Hotspur
3754326,0,0,0.13385950028896332,TF-NN,1,142,,global,2,Premier League,27,2015/2016,male,Crystal Palace,Swansea City
3754045,0,0,0.31207937002182007,TF-NN,1,142,,global,2,Premier League,27,2015/2016,male,Leicester City,Manchester City
267327,1,1,0.8781289458274841,TF-NN,1,142,,global,11,La Liga,27,2015/2016,male,Barcelona,Real Betis
3754226,0,0,0.15701095759868622,TF-NN,1,142,,global,2,Premier League,27,2015/2016,male,Sunderland,Liverpool
3825705,1,0,0.35534703731536865,TF-NN,1,142,,global,11,La Liga,27,2015/2016,male,Eibar,Sporting Gijón
3825706,0,0,0.31239816546440125,TF-NN,1,142,,global,11,La Liga,27,2015/2016,male,Celta Vigo,Athletic Club
3825707,1,1,0.501556396484375,TF-NN,1,142,,global,11,La Liga,27,2015/2016,male,Las Palmas,Granada
3825708,0,0,0.12927697598934174,TF-NN,1,142,,global,11,La Liga,27,2015/2016,male,Levante UD,Málaga
3825709,1,1,0.619763970375061,TF-NN,1,142,,global,11,La Liga,27,2015/2016,male,Sevilla,Espanyol
3825710,1,1,0.790016770362854,TF-NN,1,142,,global,11,La Liga,27,2015/2016,male,Real Madrid,Real Sociedad
3825711,0,0,0.19853143393993378,TF-NN,1,142,,global,11,La Liga,27,2015/2016,male,Rayo Vallecano,Atlético Madrid
3825712,0,0,0.2443760335445404,TF-NN,1,142,,global,11,La Liga,27,2015/2016,male,Getafe,RC Deportivo La Coruña
3825713,1,0,0.20966681838035583,TF-NN,1,142,,global,11,La Liga,27,2015/2016,male,Villarreal,Valencia
266670,0,0,0.09829673171043396,TF-NN,1,142,,global,11,La Liga,27,2015/2016,male,Espanyol,Barcelona
3754036,1,0,0.2623165249824524,TF-NN,1,142,,global,2,Premier League,27,2015/2016,male,Sunderland,Aston Villa
3754058,0,1,0.6453163623809814,TF-NN,1,142,,global,2,Premier League,27,2015/2016,male,Leicester City,AFC Bournemouth
3754069,1,1,0.6036016941070557,TF-NN,1,142,,global,2,Premier League,27,2015/2016,male,Arsenal,Newcastle United
3754101,1,0,0.3066730499267578,TF-NN,1,142,,global,2,Premier League,27,2015/2016,male,Norwich City,Southampton
3754122,1,1,0.5191853642463684,TF-NN,1,142,,global,2,Premier League,27,2015/2016,male,West Bromwich Albion,Stoke City
3754251,1,0,0.4508715271949768,TF-NN,1,142,,global,2,Premier League,27,2015/2016,male,West Ham United,Liverpool
3754319,1,1,0.5881956219673157,TF-NN,1,142,,global,2,Premier League,27,2015/2016,male,Manchester United,Swansea City
3754346,0,0,0.42346253991127014,TF-NN,1,142,,global,2,Premier League,27,2015/2016,male,Watford,Manchester City
3825714,1,0,0.19728267192840576,TF-NN,1,142,,global,11,La Liga,27,2015/2016,male,Atlético Madrid,Levante UD
3825715,1,1,0.5302568078041077,TF-NN,1,142,,global,11,La Liga,27,2015/2016,male,Málaga,Celta Vigo
3754114,0,0,0.3134196698665619,TF-NN,1,142,,global,2,Premier League,27,2015/2016,male,Crystal Palace,Chelsea
3754140,0,0,0.25946468114852905,TF-NN,1,142,,global,2,Premier League,27,2015/2016,male,Everton,Tottenham Hotspur
3825716,0,0,0.17491233348846436,TF-NN,1,142,,global,11,La Liga,27,2015/2016,male,Rayo Vallecano,Real Sociedad
3825717,1,0,0.29032644629478455,TF-NN,1,142,,global,11,La Liga,27,2015/2016,male,Granada,Sevilla
3825718,0,1,0.5982468724250793,TF-NN,1,142,,global,11,La Liga,27,2015/2016,male,Valencia,Real Madrid
3825719,0,0,0.37351277470588684,TF-NN,1,142,,global,11,La Liga,27,2015/2016,male,Athletic Club,Las Palmas
3825720,0,0,0.4328325092792511,TF-NN,1,142,,global,11,La Liga,27,2015/2016,male,Real Betis,Eibar
3825721,0,0,0.3631223440170288,TF-NN,1,142,,global,11,La Liga,27,2015/2016,male,RC Deportivo La Coruña,Villarreal
3825722,0,0,0.38848766684532166,TF-NN,1,142,,global,11,La Liga,27,2015/2016,male,Sporting Gijón,Getafe
3879667,0,0,0.4286898672580719,TF-NN,1,142,,global,12,Serie A,27,2015/2016,male,Sassuolo,Frosinone
3879668,0,0,0.19599086046218872,TF-NN,1,142,,global,12,Serie A,27,2015/2016,male,Empoli,Inter Milan
3879669,1,1,0.6020796895027161,TF-NN,1,142,,global,12,Serie A,27,2015/2016,male,Napoli,Torino
3879670,1,0,0.26123738288879395,TF-NN,1,142,,global,12,Serie A,27,2015/2016,male,Juventus,Hellas Verona
3879671,0,0,0.17593643069267273,TF-NN,1,142,,global,12,Serie A,27,2015/2016,male,Palermo,Fiorentina
3879672,0,0,0.49155065417289734,TF-NN,1,142,,global,12,Serie A,27,2015/2016,male,Chievo,AS Roma
3879673,1,0,0.44383007287979126,TF-NN,1,142,,global,12,Serie A,27,2015/2016,male,Udinese,Atalanta
3879674,0,1,0.6905913949012756,TF-NN,1,142,,global,12,Serie A,27,2015/2016,male,AC Milan,Bologna
3879675,0,0,0.09115389734506607,TF-NN,1,142,,global,12,Serie A,27,2015/2016,male,Lazio,Carpi
3900570,1,1,0.7971741557121277,TF-NN,1,142,,global,7,Ligue 1,27,2015/2016,male,Paris Saint-Germain,Bastia
266620,1,1,0.8980161547660828,TF-NN,1,142,,global,11,La Liga,27,2015/2016,male,Barcelona,Granada
3825723,1,0,0.15264971554279327,TF-NN,1,142,,global,11,La Liga,27,2015/2016,male,Levante UD,Rayo Vallecano
3825724,1,1,0.7507362961769104,TF-NN,1,142,,global,11,La Liga,27,2015/2016,male,Real Madrid,RC Deportivo La Coruña
3825725,1,0,0.31295832991600037,TF-NN,1,142,,global,11,La Liga,27,2015/2016,male,Getafe,Real Betis
3825726,1,0,0.3838840126991272,TF-NN,1,142,,global,11,La Liga,27,2015/2016,male,Sevilla,Athletic Club
3879676,0,0,0.17079570889472961,TF-NN,1,142,,global,12,Serie A,27,2015/2016,male,AS Roma,AC Milan
3879677,0,0,0.43105119466781616,TF-NN,1,142,,global,12,Serie A,27,2015/2016,male,Fiorentina,Lazio
3879678,1,0,0.26171401143074036,TF-NN,1,142,,global,12,Serie A,27,2015/2016,male,Carpi,Udinese
3900571,0,0,0.35413825511932373,TF-NN,1,142,,global,7,Ligue 1,27,2015/2016,male,Rennes,Lorient
3900572,0,0,0.3026881217956543,TF-NN,1,142,,global,7,Ligue 1,27,2015/2016,male,AS Monaco,Gazélec Ajaccio
3900573,1,0,0.3897877335548401,TF-NN,1,142,,global,7,Ligue 1,27,2015/2016,male,Angers,Stade Malherbe Caen
3900574,1,1,0.7148881554603577,TF-NN,1,142,,global,7,Ligue 1,27,2015/2016,male,Lyon,Troyes
3900575,0,0,0.11476640403270721,TF-NN,1,142,,global,7,Ligue 1,27,2015/2016,male,Stade de Reims,Toulouse
3900576,0,0,0.4282824993133545,TF-NN,1,142,,global,7,Ligue 1,27,2015/2016,male,Montpellier,Bordeaux
3825727,1,1,0.5170338749885559,TF-NN,1,142,,global,11,La Liga,27,2015/2016,male,Eibar,Espanyol
3825728,0,0,0.2188596874475479,TF-NN,1,142,,global,11,La Liga,27,2015/2016,male,Celta Vigo,Atlético Madrid
3825729,1,0,0.3654164671897888,TF-NN,1,142,,global,11,La Liga,27,2015/2016,male,Villarreal,Sporting Gijón
3825730,1,1,0.7007038593292236,TF-NN,1,142,,global,11,La Liga,27,2015/2016,male,Real Sociedad,Valencia
3825731,0,0,0.22573122382164001,TF-NN,1,142,,global,11,La Liga,27,2015/2016,male,Las Palmas,Málaga
3879679,0,0,0.18399164080619812,TF-NN,1,142,,global,12,Serie A,27,2015/2016,male,Frosinone,Napoli
3879680,0,0,0.47796857357025146,TF-NN,1,142,,global,12,Serie A,27,2015/2016,male,Bologna,Chievo
3879681,0,0,0.43993186950683594,TF-NN,1,142,,global,12,Serie A,27,2015/2016,male,Inter Milan,Sassuolo
3879682,0,0,0.4407029151916504,TF-NN,1,142,,global,12,Serie A,27,2015/2016,male,Torino,Empoli
3879683,0,0,0.45163553953170776,TF-NN,1,142,,global,12,Serie A,27,2015/2016,male,Hellas Verona,Palermo
3879684,0,0,0.20211762189865112,TF-NN,1,142,,global,12,Serie A,27,2015/2016,male,Sampdoria,Juventus
3879685,0,0,0.2117180973291397,TF-NN,1,142,,global,12,Serie A,27,2015/2016,male,Atalanta,Genoa
3900577,0,0,0.2535133957862854,TF-NN,1,142,,global,7,Ligue 1,27,2015/2016,male,Olympique de Marseille,Guingamp
3900578,0,0,0.23711316287517548,TF-NN,1,142,,global,7,Ligue 1,27,2015/2016,male,Lille,OGC Nice
3900579,1,0,0.409413605928421,TF-NN,1,142,,global,7,Ligue 1,27,2015/2016,male,Nantes,Saint-Étienne
3753981,1,0,0.3045148253440857,TF-NN,1,142,,global,2,Premier League,27,2015/2016,male,Aston Villa,Crystal Palace
3754021,0,0,0.22687581181526184,TF-NN,1,142,,global,2,Premier League,27,2015/2016,male,AFC Bournemouth,West Ham United
3754088,0,1,0.6834906339645386,TF-NN,1,142,,global,2,Premier League,27,2015/2016,male,Newcastle United,Manchester United
3754032,1,1,0.6097822189331055,TF-NN,1,142,,global,2,Premier League,27,2015/2016,male,Stoke City,Norwich City
3754062,0,0,0.49134722352027893,TF-NN,1,142,,global,2,Premier League,27,2015/2016,male,Chelsea,West Bromwich Albion
3754065,0,1,0.5351740717887878,TF-NN,1,142,,global,2,Premier League,27,2015/2016,male,Tottenham Hotspur,Leicester City
3754071,0,0,0.3912290036678314,TF-NN,1,142,,global,2,Premier League,27,2015/2016,male,Swansea City,Sunderland
3754142,0,0,0.4951351583003998,TF-NN,1,142,,global,2,Premier League,27,2015/2016,male,Manchester City,Everton
3754183,1,0,0.46188414096832275,TF-NN,1,142,,global,2,Premier League,27,2015/2016,male,Southampton,Watford
3754305,0,0,0.4181528091430664,TF-NN,1,142,,global,2,Premier League,27,2015/2016,male,Liverpool,Arsenal
3900580,1,0,0.4032575786113739,TF-NN,1,142,,global,7,Ligue 1,27,2015/2016,male,OGC Nice,Angers
3754004,1,1,0.6184293627738953,TF-NN,1,142,,global,2,Premier League,27,2015/2016,male,AFC Bournemouth,Norwich City
3754027,1,1,0.6846734285354614,TF-NN,1,142,,global,2,Premier League,27,2015/2016,male,Tottenham Hotspur,Sunderland
3754125,0,1,0.6285818219184875,TF-NN,1,142,,global,2,Premier League,27,2015/2016,male,Chelsea,Everton
3754168,1,0,0.30266666412353516,TF-NN,1,142,,global,2,Premier League,27,2015/2016,male,Southampton,West Bromwich Albion
3754250,0,0,0.3434920012950897,TF-NN,1,142,,global,2,Premier League,27,2015/2016,male,Aston Villa,Leicester City
3754260,1,0,0.43811294436454773,TF-NN,1,142,,global,2,Premier League,27,2015/2016,male,Manchester City,Crystal Palace
3754338,1,1,0.761206865310669,TF-NN,1,142,,global,2,Premier League,27,2015/2016,male,Newcastle United,West Ham United
3825732,1,1,0.8022263050079346,TF-NN,1,142,,global,11,La Liga,27,2015/2016,male,Celta Vigo,Levante UD
3825733,1,0,0.33899080753326416,TF-NN,1,142,,global,11,La Liga,27,2015/2016,male,Sevilla,Málaga
3825734,0,1,0.8384905457496643,TF-NN,1,142,,global,11,La Liga,27,2015/2016,male,Real Sociedad,RC Deportivo La Coruña
3825735,0,0,0.3543727993965149,TF-NN,1,142,,global,11,La Liga,27,2015/2016,male,Villarreal,Real Betis
3879686,1,1,0.6786075830459595,TF-NN,1,142,,global,12,Serie A,27,2015/2016,male,Napoli,Sassuolo
3879687,1,1,0.6373507380485535,TF-NN,1,142,,global,12,Serie A,27,2015/2016,male,Torino,Frosinone
3879688,0,0,0.437854528427124,TF-NN,1,142,,global,12,Serie A,27,2015/2016,male,Atalanta,Inter Milan
3900581,1,0,0.4035896956920624,TF-NN,1,142,,global,7,Ligue 1,27,2015/2016,male,Bordeaux,Lille
3900582,0,1,0.5294677019119263,TF-NN,1,142,,global,7,Ligue 1,27,2015/2016,male,Gazélec Ajaccio,Stade de Reims
3900583,0,0,0.34859326481819153,TF-NN,1,142,,global,7,Ligue 1,27,2015/2016,male,Troyes,Rennes
3900584,1,0,0.1881878674030304,TF-NN,1,142,,global,7,Ligue 1,27,2015/2016,male,Bastia,Montpellier
3900585,0,0,0.28760313987731934,TF-NN,1,142,,global,7,Ligue 1,27,2015/2016,male,Toulouse,Paris Saint-Germain
3900586,0,0,0.3191584050655365,TF-NN,1,142,,global,7,Ligue 1,27,2015/2016,male,Guingamp,Nantes
266149,1,1,0.9053762555122375,TF-NN,1,142,,global,11,La Liga,27,2015/2016,male,Barcelona,Athletic Club
3825736,0,0,0.20728497207164764,TF-NN,1,142,,global,11,La Liga,27,2015/2016,male,Valencia,Rayo Vallecano
3825737,1,1,0.5245698690414429,TF-NN,1,142,,global,11,La Liga,27,2015/2016,male,Getafe,Espanyol
3825738,0,0,0.25877273082733154,TF-NN,1,142,,global,11,La Liga,27,2015/2016,male,Las Palmas,Atlético Madrid
3825739,1,1,0.8548192381858826,TF-NN,1,142,,global,11,La Liga,27,2015/2016,male,Real Madrid,Sporting Gijón
3879689,1,0,0.3980289697647095,TF-NN,1,142,,global,12,Serie A,27,2015/2016,male,Carpi,Sampdoria
3879690,1,0,0.16030970215797424,TF-NN,1,142,,global,12,Serie A,27,2015/2016,male,AC Milan,Fiorentina
3879691,0,1,0.6896201968193054,TF-NN,1,142,,global,12,Serie A,27,2015/2016,male,AS Roma,Hellas Verona
3879692,0,0,0.30538231134414673,TF-NN,1,142,,global,12,Serie A,27,2015/2016,male,Chievo,Empoli
3879693,0,0,0.1998112052679062,TF-NN,1,142,,global,12,Serie A,27,2015/2016,male,Udinese,Juventus
3879694,0,0,0.34081554412841797,TF-NN,1,142,,global,12,Serie A,27,2015/2016,male,Bologna,Lazio
3879695,1,1,0.7090307474136353,TF-NN,1,142,,global,12,Serie A,27,2015/2016,male,Genoa,Palermo
3900587,1,0,0.21466481685638428,TF-NN,1,142,,global,7,Ligue 1,27,2015/2016,male,Saint-Étienne,Lyon
3900588,0,0,0.3743743598461151,TF-NN,1,142,,global,7,Ligue 1,27,2015/2016,male,Lorient,AS Monaco
3900589,0,0,0.22489199042320251,TF-NN,1,142,,global,7,Ligue 1,27,2015/2016,male,Stade Malherbe Caen,Olympique de Marseille
3825740,1,0,0.4543325901031494,TF-NN,1,142,,global,11,La Liga,27,2015/2016,male,Eibar,Granada
3879696,0,1,0.5570283532142639,TF-NN,1,142,,global,12,Serie A,27,2015/2016,male,Sassuolo,Torino
3825741,1,1,0.795465350151062,TF-NN,1,142,,global,11,La Liga,27,2015/2016,male,Sporting Gijón,Real Sociedad
3900590,1,0,0.39117431640625,TF-NN,1,142,,global,7,Ligue 1,27,2015/2016,male,Rennes,Gazélec Ajaccio
265894,0,0,0.3680695593357086,TF-NN,1,142,,global,11,La Liga,27,2015/2016,male,Málaga,Barcelona
3825742,1,1,0.6354355812072754,TF-NN,1,142,,global,11,La Liga,27,2015/2016,male,Granada,Getafe
3825743,1,1,0.5950327515602112,TF-NN,1,142,,global,11,La Liga,27,2015/2016,male,Rayo Vallecano,Celta Vigo
3825744,0,0,0.2505286931991577,TF-NN,1,142,,global,11,La Liga,27,2015/2016,male,Espanyol,Villarreal
3879697,0,0,0.184480220079422,TF-NN,1,142,,global,12,Serie A,27,2015/2016,male,Frosinone,Atalanta
3879698,0,0,0.46257880330085754,TF-NN,1,142,,global,12,Serie A,27,2015/2016,male,Empoli,AC Milan
3900591,1,1,0.8545142412185669,TF-NN,1,142,,global,7,Ligue 1,27,2015/2016,male,Paris Saint-Germain,Angers
3900592,0,0,0.3496713638305664,TF-NN,1,142,,global,7,Ligue 1,27,2015/2016,male,Montpellier,Stade Malherbe Caen
3900593,0,1,0.634589433670044,TF-NN,1,142,,global,7,Ligue 1,27,2015/2016,male,Lille,Troyes
3900594,0,0,0.3144747018814087,TF-NN,1,142,,global,7,Ligue 1,27,2015/2016,male,Nantes,Bordeaux
3900595,1,0,0.4559645652770996,TF-NN,1,142,,global,7,Ligue 1,27,2015/2016,male,OGC Nice,Lorient
3900596,1,1,0.504517674446106,TF-NN,1,142,,global,7,Ligue 1,27,2015/2016,male,Guingamp,Bastia
3825745,0,0,0.35710567235946655,TF-NN,1,142,,global,11,La Liga,27,2015/2016,male,RC Deportivo La Coruña,Valencia
3825746,0,0,0.1351330727338791,TF-NN,1,142,,global,11,La Liga,27,2015/2016,male,Real Betis,Real Madrid
3825747,1,0,0.20260460674762726,TF-NN,1,142,,global,11,La Liga,27,2015/2016,male,Athletic Club,Eibar
3825748,0,0,0.4320845603942871,TF-NN,1,142,,global,11,La Liga,27,2015/2016,male,Atlético Madrid,Sevilla
3879699,0,0,0.3242255747318268,TF-NN,1,142,,global,12,Serie A,27,2015/2016,male,Sampdoria,Napoli
3879700,1,0,0.48308026790618896,TF-NN,1,142,,global,12,Serie A,27,2015/2016,male,Palermo,Udinese
3879701,1,0,0.41935259103775024,TF-NN,1,142,,global,12,Serie A,27,2015/2016,male,Juventus,AS Roma
3879702,0,1,0.5354755520820618,TF-NN,1,142,,global,12,Serie A,27,2015/2016,male,Hellas Verona,Genoa
3879703,1,0,0.4668879508972168,TF-NN,1,142,,global,12,Serie A,27,2015/2016,male,Lazio,Chievo
3879704,0,1,0.6128750443458557,TF-NN,1,142,,global,12,Serie A,27,2015/2016,male,Inter Milan,Carpi
3879705,0,0,0.2503719627857208,TF-NN,1,142,,global,12,Serie A,27,2015/2016,male,Sassuolo,Bologna
3879706,1,0,0.46795058250427246,TF-NN,1,142,,global,12,Serie A,27,2015/2016,male,Fiorentina,Torino
3900597,0,1,0.5452732443809509,TF-NN,1,142,,global,7,Ligue 1,27,2015/2016,male,Lyon,Olympique de Marseille
3900598,1,1,0.5334424376487732,TF-NN,1,142,,global,7,Ligue 1,27,2015/2016,male,AS Monaco,Toulouse
3900599,0,0,0.4509836435317993,TF-NN,1,142,,global,7,Ligue 1,27,2015/2016,male,Stade de Reims,Saint-Étienne
3825749,1,0,0.3323456048965454,TF-NN,1,142,,global,11,La Liga,27,2015/2016,male,Levante UD,Las Palmas
3900600,0,0,0.36234650015830994,TF-NN,1,142,,global,7,Ligue 1,27,2015/2016,male,Olympique de Marseille,Lille
267576,1,0,0.4147563576698303,TF-NN,1,142,,global,11,La Liga,27,2015/2016,male,Barcelona,Atlético Madrid
3825750,1,0,0.1596793383359909,TF-NN,1,142,,global,11,La Liga,27,2015/2016,male,Real Sociedad,Real Betis
3825751,0,0,0.29272061586380005,TF-NN,1,142,,global,11,La Liga,27,2015/2016,male,Getafe,Athletic Club
3825752,0,0,0.2431924045085907,TF-NN,1,142,,global,11,La Liga,27,2015/2016,male,Eibar,Málaga
3825753,1,1,0.7469316124916077,TF-NN,1,142,,global,11,La Liga,27,2015/2016,male,Villarreal,Granada
3879707,1,0,0.4001975357532501,TF-NN,1,142,,global,12,Serie A,27,2015/2016,male,AS Roma,Frosinone
3879708,0,0,0.40083375573158264,TF-NN,1,142,,global,12,Serie A,27,2015/2016,male,Atalanta,Sassuolo
3879709,0,0,0.11531656980514526,TF-NN,1,142,,global,12,Serie A,27,2015/2016,male,Carpi,Palermo
3900601,0,0,0.25460943579673767,TF-NN,1,142,,global,7,Ligue 1,27,2015/2016,male,Gazélec Ajaccio,Montpellier
3900602,1,0,0.30303725600242615,TF-NN,1,142,,global,7,Ligue 1,27,2015/2016,male,Lorient,Stade de Reims
3900603,0,0,0.4682648777961731,TF-NN,1,142,,global,7,Ligue 1,27,2015/2016,male,Toulouse,Guingamp
3900604,1,1,0.5208730101585388,TF-NN,1,142,,global,7,Ligue 1,27,2015/2016,male,Angers,AS Monaco
3900605,1,0,0.24447551369667053,TF-NN,1,142,,global,7,Ligue 1,27,2015/2016,male,Bastia,Lyon
3900606,0,0,0.32971808314323425,TF-NN,1,142,,global,7,Ligue 1,27,2015/2016,male,Troyes,Nantes
3825754,1,0,0.4583289623260498,TF-NN,1,142,,global,11,La Liga,27,2015/2016,male,Las Palmas,Celta Vigo
3825755,0,1,0.7383581399917603,TF-NN,1,142,,global,11,La Liga,27,2015/2016,male,Valencia,Sporting Gijón
3825756,1,1,0.5173916816711426,TF-NN,1,142,,global,11,La Liga,27,2015/2016,male,Sevilla,Levante UD
3825757,1,1,0.8900719881057739,TF-NN,1,142,,global,11,La Liga,27,2015/2016,male,Real Madrid,Espanyol
3879710,1,0,0.3485110104084015,TF-NN,1,142,,global,12,Serie A,27,2015/2016,male,Bologna,Sampdoria
3879711,0,0,0.13998891413211823,TF-NN,1,142,,global,12,Serie A,27,2015/2016,male,Udinese,Lazio
3879712,1,1,0.5068191885948181,TF-NN,1,142,,global,12,Serie A,27,2015/2016,male,AC Milan,Inter Milan
3879713,0,0,0.17323017120361328,TF-NN,1,142,,global,12,Serie A,27,2015/2016,male,Chievo,Juventus
3879714,1,1,0.8890066146850586,TF-NN,1,142,,global,12,Serie A,27,2015/2016,male,Napoli,Empoli
3879715,0,0,0.1861077845096588,TF-NN,1,142,,global,12,Serie A,27,2015/2016,male,Torino,Hellas Verona
3879716,0,0,0.4264237582683563,TF-NN,1,142,,global,12,Serie A,27,2015/2016,male,Genoa,Fiorentina
3900608,1,0,0.30150431394577026,TF-NN,1,142,,global,7,Ligue 1,27,2015/2016,male,Stade Malherbe Caen,OGC Nice
3900609,1,1,0.5172572731971741,TF-NN,1,142,,global,7,Ligue 1,27,2015/2016,male,Bordeaux,Rennes
3825758,0,0,0.33978670835494995,TF-NN,1,142,,global,11,La Liga,27,2015/2016,male,RC Deportivo La Coruña,Rayo Vallecano
3879717,0,1,0.5067222714424133,TF-NN,1,142,,global,12,Serie A,27,2015/2016,male,Sassuolo,AS Roma
3900610,0,0,0.26259320974349976,TF-NN,1,142,,global,7,Ligue 1,27,2015/2016,male,Montpellier,Olympique de Marseille
3900611,1,0,0.4067416787147522,TF-NN,1,142,,global,7,Ligue 1,27,2015/2016,male,AS Monaco,Bastia
3900612,1,0,0.31906968355178833,TF-NN,1,142,,global,7,Ligue 1,27,2015/2016,male,Guingamp,Troyes
3900613,1,0,0.3953187167644501,TF-NN,1,142,,global,7,Ligue 1,27,2015/2016,male,OGC Nice,Toulouse
3900614,1,0,0.15440978109836578,TF-NN,1,142,,global,7,Ligue 1,27,2015/2016,male,Lille,Stade Malherbe Caen
3900615,1,1,0.5570793151855469,TF-NN,1,142,,global,7,Ligue 1,27,2015/2016,male,Nantes,Gazélec Ajaccio
3900616,1,0,0.467385470867157,TF-NN,1,142,,global,7,Ligue 1,27,2015/2016,male,Lyon,Bordeaux
3900617,1,0,0.18191881477832794,TF-NN,1,142,,global,7,Ligue 1,27,2015/2016,male,Stade de Reims,Angers
3900618,1,1,0.6596971750259399,TF-NN,1,142,,global,7,Ligue 1,27,2015/2016,male,Paris Saint-Germain,Lorient
3900619,0,0,0.18829448521137238,TF-NN,1,142,,global,7,Ligue 1,27,2015/2016,male,Rennes,Saint-Étienne
3825759,1,1,0.5852788686752319,TF-NN,1,142,,global,11,La Liga,27,2015/2016,male,Málaga,Getafe
3825760,1,0,0.21777281165122986,TF-NN,1,142,,global,11,La Liga,27,2015/2016,male,Atlético Madrid,Eibar
3825761,0,0,0.1666385978460312,TF-NN,1,142,,global,11,La Liga,27,2015/2016,male,Athletic Club,Villarreal
3825762,0,0,0.38165003061294556,TF-NN,1,142,,global,11,La Liga,27,2015/2016,male,Sporting Gijón,RC Deportivo La Coruña
3825763,1,1,0.6186776161193848,TF-NN,1,142,,global,11,La Liga,27,2015/2016,male,Rayo Vallecano,Las Palmas
3900620,0,0,0.3452533781528473,TF-NN,1,142,,global,7,Ligue 1,27,2015/2016,male,Stade Malherbe Caen,Stade de Reims
3900621,0,0,0.17639994621276855,TF-NN,1,142,,global,7,Ligue 1,27,2015/2016,male,Toulouse,Nantes
3900622,1,0,0.43671348690986633,TF-NN,1,142,,global,7,Ligue 1,27,2015/2016,male,Bastia,Troyes
3900623,0,0,0.22634615004062653,TF-NN,1,142,,global,7,Ligue 1,27,2015/2016,male,Lorient,Montpellier
3900624,0,0,0.15825782716274261,TF-NN,1,142,,global,7,Ligue 1,27,2015/2016,male,Angers,Lyon
3900625,1,0,0.3118235170841217,TF-NN,1,142,,global,7,Ligue 1,27,2015/2016,male,AS Monaco,OGC Nice
3900626,0,0,0.30637577176094055,TF-NN,1,142,,global,7,Ligue 1,27,2015/2016,male,Gazélec Ajaccio,Guingamp
266160,0,0,0.23103851079940796,TF-NN,1,142,,global,11,La Liga,27,2015/2016,male,Levante UD,Barcelona
3825764,0,0,0.3135153353214264,TF-NN,1,142,,global,11,La Liga,27,2015/2016,male,Granada,Real Madrid
3825765,0,1,0.7395728230476379,TF-NN,1,142,,global,11,La Liga,27,2015/2016,male,Celta Vigo,Sevilla
3825766,1,0,0.3755870759487152,TF-NN,1,142,,global,11,La Liga,27,2015/2016,male,Real Betis,Valencia
3900627,0,0,0.30012115836143494,TF-NN,1,142,,global,7,Ligue 1,27,2015/2016,male,Bordeaux,Saint-Étienne
3900628,0,0,0.33892616629600525,TF-NN,1,142,,global,7,Ligue 1,27,2015/2016,male,Lille,Rennes
3900629,0,0,0.364462286233902,TF-NN,1,142,,global,7,Ligue 1,27,2015/2016,male,Olympique de Marseille,Paris Saint-Germain
3825767,0,0,0.14548233151435852,TF-NN,1,142,,global,11,La Liga,27,2015/2016,male,Espanyol,Real Sociedad
3825768,0,0,0.41654691100120544,TF-NN,1,142,,global,11,La Liga,27,2015/2016,male,Sporting Gijón,Rayo Vallecano
3900630,1,0,0.2915016710758209,TF-NN,1,142,,global,7,Ligue 1,27,2015/2016,male,Rennes,Angers
3825769,1,0,0.29461362957954407,TF-NN,1,142,,global,11,La Liga,27,2015/2016,male,Villarreal,Málaga
3825770,1,1,0.7204297184944153,TF-NN,1,142,,global,11,La Liga,27,2015/2016,male,Real Madrid,Athletic Club
3825771,0,1,0.5277014374732971,TF-NN,1,142,,global,11,La Liga,27,2015/2016,male,RC Deportivo La Coruña,Real Betis
3825772,1,0,0.37957412004470825,TF-NN,1,142,,global,11,La Liga,27,2015/2016,male,Valencia,Espanyol
3900631,1,0,0.25060907006263733,TF-NN,1,142,,global,7,Ligue 1,27,2015/2016,male,Montpellier,Toulouse
3900632,0,0,0.14336124062538147,TF-NN,1,142,,global,7,Ligue 1,27,2015/2016,male,Guingamp,Bordeaux
3900633,0,0,0.4040921926498413,TF-NN,1,142,,global,7,Ligue 1,27,2015/2016,male,Gazélec Ajaccio,Troyes
3900634,0,0,0.44525331258773804,TF-NN,1,142,,global,7,Ligue 1,27,2015/2016,male,Paris Saint-Germain,Lille
3900635,0,0,0.49108564853668213,TF-NN,1,142,,global,7,Ligue 1,27,2015/2016,male,Stade de Reims,Bastia
3900636,1,0,0.45747289061546326,TF-NN,1,142,,global,7,Ligue 1,27,2015/2016,male,Nantes,Lorient
266254,1,1,0.9066619873046875,TF-NN,1,142,,global,11,La Liga,27,2015/2016,male,Barcelona,Celta Vigo
3825773,1,1,0.8388906717300415,TF-NN,1,142,,global,11,La Liga,27,2015/2016,male,Eibar,Levante UD
3825774,0,0,0.30858680605888367,TF-NN,1,142,,global,11,La Liga,27,2015/2016,male,Getafe,Atlético Madrid
3825775,1,1,0.548194944858551,TF-NN,1,142,,global,11,La Liga,27,2015/2016,male,Real Sociedad,Granada
3825776,1,0,0.3684840202331543,TF-NN,1,142,,global,11,La Liga,27,2015/2016,male,Sevilla,Las Palmas
3900638,1,1,0.9118393063545227,TF-NN,1,142,,global,7,Ligue 1,27,2015/2016,male,Lyon,Stade Malherbe Caen
3900639,0,0,0.3915574252605438,TF-NN,1,142,,global,7,Ligue 1,27,2015/2016,male,Saint-Étienne,AS Monaco
266815,0,0,0.20446409285068512,TF-NN,1,142,,global,11,La Liga,27,2015/2016,male,Sporting Gijón,Barcelona
3825777,1,0,0.4426306486129761,TF-NN,1,142,,global,11,La Liga,27,2015/2016,male,Levante UD,Getafe
267273,0,0,0.4165855348110199,TF-NN,1,142,,global,11,La Liga,27,2015/2016,male,Las Palmas,Barcelona
3825778,0,0,0.43471667170524597,TF-NN,1,142,,global,11,La Liga,27,2015/2016,male,Real Betis,Sporting Gijón
3825779,1,1,0.6214405298233032,TF-NN,1,142,,global,11,La Liga,27,2015/2016,male,Celta Vigo,Eibar
3825780,1,0,0.4795141816139221,TF-NN,1,142,,global,11,La Liga,27,2015/2016,male,Espanyol,RC Deportivo La Coruña
3825781,0,0,0.4998795986175537,TF-NN,1,142,,global,11,La Liga,27,2015/2016,male,Rayo Vallecano,Sevilla
3825782,0,0,0.4845271706581116,TF-NN,1,142,,global,11,La Liga,27,2015/2016,male,Granada,Valencia
3825783,0,0,0.24849945306777954,TF-NN,1,142,,global,11,La Liga,27,2015/2016,male,Athletic Club,Real Sociedad
3825784,0,0,0.22001035511493683,TF-NN,1,142,,global,11,La Liga,27,2015/2016,male,Atlético Madrid,Villarreal
3825785,0,0,0.3422488272190094,TF-NN,1,142,,global,11,La Liga,27,2015/2016,male,Málaga,Real Madrid
3825786,0,0,0.090084969997406,TF-NN,1,142,,global,11,La Liga,27,2015/2016,male,Eibar,Las Palmas
2275062,0,0,0.2774994671344757,TF-NN,1,142,,global,37,FA Women's Super League,42,2019/2020,female,Liverpool WFC,Arsenal WFC
2275030,0,0,0.18248187005519867,TF-NN,1,142,,global,37,FA Women's Super League,42,2019/2020,female,Brighton & Hove Albion WFC,Tottenham Hotspur Women
2275083,0,0,0.18477630615234375,TF-NN,1,142,,global,37,FA Women's Super League,42,2019/2020,female,Birmingham City WFC,Bristol City WFC
2275105,0,1,0.5812458395957947,TF-NN,1,142,,global,37,FA Women's Super League,42,2019/2020,female,Manchester City WFC,Chelsea FCW
2275133,1,1,0.5276064276695251,TF-NN,1,142,,global,37,FA Women's Super League,42,2019/2020,female,West Ham United LFC,Liverpool WFC
3764230,0,0,0.1643775850534439,TF-NN,1,142,,global,37,FA Women's Super League,90,2020/2021,female,Tottenham Hotspur Women,West Ham United LFC
3764231,1,0,0.37843871116638184,TF-NN,1,142,,global,37,FA Women's Super League,90,2020/2021,female,Brighton & Hove Albion WFC,Birmingham City WFC
3764232,0,0,0.4225943088531494,TF-NN,1,142,,global,37,FA Women's Super League,90,2020/2021,female,Manchester United W,Chelsea FCW
3764233,1,1,0.809234619140625,TF-NN,1,142,,global,37,FA Women's Super League,90,2020/2021,female,Arsenal WFC,Reading WFC
3764240,0,0,0.1478036493062973,TF-NN,1,142,,global,37,FA Women's Super League,90,2020/2021,female,Bristol City WFC,Everton LFC
3764238,0,0,0.10153935849666595,TF-NN,1,142,,global,37,FA Women's Super League,90,2020/2021,female,West Ham United LFC,Arsenal WFC
3764235,1,1,0.9730441570281982,TF-NN,1,142,,global,37,FA Women's Super League,90,2020/2021,female,Chelsea FCW,Bristol City WFC
3764239,1,0,0.4124358296394348,TF-NN,1,142,,global,37,FA Women's Super League,90,2020/2021,female,Everton LFC,Tottenham Hotspur Women
3764241,0,1,0.5420593023300171,TF-NN,1,142,,global,37,FA Women's Super League,90,2020/2021,female,Manchester City WFC,Brighton & Hove Albion WFC
3775545,1,1,0.7858380079269409,TF-NN,1,142,,global,37,FA Women's Super League,90,2020/2021,female,Manchester City WFC,Tottenham Hotspur Women
3775562,1,1,0.5255686044692993,TF-NN,1,142,,global,37,FA Women's Super League,90,2020/2021,female,Manchester United W,Brighton & Hove Albion WFC
3775572,0,0,0.09527304768562317,TF-NN,1,142,,global,37,FA Women's Super League,90,2020/2021,female,Birmingham City WFC,Chelsea FCW
3775602,0,0,0.4137949049472809,TF-NN,1,142,,global,37,FA Women's Super League,90,2020/2021,female,West Ham United LFC,Reading WFC
3775657,1,1,0.8025012612342834,TF-NN,1,142,,global,37,FA Women's Super League,90,2020/2021,female,Arsenal WFC,Bristol City WFC
3775543,0,0,0.24547843635082245,TF-NN,1,142,,global,37,FA Women's Super League,90,2020/2021,female,Brighton & Hove Albion WFC,Arsenal WFC
3775611,1,1,0.6725946068763733,TF-NN,1,142,,global,37,FA Women's Super League,90,2020/2021,female,Chelsea FCW,Manchester City WFC
3775618,0,0,0.2730836272239685,TF-NN,1,142,,global,37,FA Women's Super League,90,2020/2021,female,Reading WFC,Birmingham City WFC
3775620,1,0,0.41379743814468384,TF-NN,1,142,,global,37,FA Women's Super League,90,2020/2021,female,Everton LFC,West Ham United LFC
3775582,0,0,0.42633339762687683,TF-NN,1,142,,global,37,FA Women's Super League,90,2020/2021,female,Everton LFC,Brighton & Hove Albion WFC
3775586,1,1,0.8259439468383789,TF-NN,1,142,,global,37,FA Women's Super League,90,2020/2021,female,Arsenal WFC,Tottenham Hotspur Women
3775636,0,0,0.14066356420516968,TF-NN,1,142,,global,37,FA Women's Super League,90,2020/2021,female,Bristol City WFC,Birmingham City WFC
3775659,0,0,0.1014430895447731,TF-NN,1,142,,global,37,FA Women's Super League,90,2020/2021,female,Reading WFC,Manchester City WFC
3775592,0,0,0.2549956440925598,TF-NN,1,142,,global,37,FA Women's Super League,90,2020/2021,female,Tottenham Hotspur Women,Reading WFC
3775625,1,1,0.9179816246032715,TF-NN,1,142,,global,37,FA Women's Super League,90,2020/2021,female,Manchester City WFC,Bristol City WFC
3775551,1,0,0.44872403144836426,TF-NN,1,142,,global,37,FA Women's Super League,90,2020/2021,female,Manchester United W,Arsenal WFC
3775553,0,0,0.2724234461784363,TF-NN,1,142,,global,37,FA Women's Super League,90,2020/2021,female,Birmingham City WFC,West Ham United LFC
3775645,1,1,0.7275711894035339,TF-NN,1,142,,global,37,FA Women's Super League,90,2020/2021,female,Chelsea FCW,Everton LFC
3775554,0,0,0.4727804362773895,TF-NN,1,142,,global,37,FA Women's Super League,90,2020/2021,female,Everton LFC,Reading WFC
3775624,0,0,0.3940485715866089,TF-NN,1,142,,global,37,FA Women's Super League,90,2020/2021,female,Manchester United W,Manchester City WFC
3775631,0,0,0.3743332028388977,TF-NN,1,142,,global,37,FA Women's Super League,90,2020/2021,female,Bristol City WFC,Tottenham Hotspur Women
3775623,0,0,0.395626425743103,TF-NN,1,142,,global,37,FA Women's Super League,90,2020/2021,female,West Ham United LFC,Brighton & Hove Albion WFC
3775627,0,0,0.36332380771636963,TF-NN,1,142,,global,37,FA Women's Super League,90,2020/2021,female,Arsenal WFC,Chelsea FCW
3775584,1,1,0.9083547592163086,TF-NN,1,142,,global,37,FA Women's Super League,90,2020/2021,female,Arsenal WFC,Birmingham City WFC
3775588,1,1,0.6554993391036987,TF-NN,1,142,,global,37,FA Women's Super League,90,2020/2021,female,Tottenham Hotspur Women,Brighton & Hove Albion WFC
3775621,0,1,0.7508991956710815,TF-NN,1,142,,global,37,FA Women's Super League,90,2020/2021,female,Reading WFC,Bristol City WFC
3775632,0,0,0.10432735085487366,TF-NN,1,142,,global,37,FA Women's Super League,90,2020/2021,female,Everton LFC,Manchester City WFC
3775650,1,1,0.770500898361206,TF-NN,1,142,,global,37,FA Women's Super League,90,2020/2021,female,Chelsea FCW,West Ham United LFC
3775580,0,0,0.12261734157800674,TF-NN,1,142,,global,37,FA Women's Super League,90,2020/2021,female,Brighton & Hove Albion WFC,Chelsea FCW
3775583,1,0,0.4377422034740448,TF-NN,1,142,,global,37,FA Women's Super League,90,2020/2021,female,Manchester City WFC,Arsenal WFC
3775616,0,0,0.20848584175109863,TF-NN,1,142,,global,37,FA Women's Super League,90,2020/2021,female,Bristol City WFC,West Ham United LFC
3775559,1,1,0.9104043841362,TF-NN,1,142,,global,37,FA Women's Super League,90,2020/2021,female,Arsenal WFC,Everton LFC
3775610,1,1,0.7626438736915588,TF-NN,1,142,,global,37,FA Women's Super League,90,2020/2021,female,Manchester United W,Bristol City WFC
3775619,0,1,0.5094444155693054,TF-NN,1,142,,global,37,FA Women's Super League,90,2020/2021,female,Brighton & Hove Albion WFC,Reading WFC
3775606,0,0,0.045568082481622696,TF-NN,1,142,,global,37,FA Women's Super League,90,2020/2021,female,Reading WFC,Chelsea FCW
3775542,1,1,0.8608447313308716,TF-NN,1,142,,global,37,FA Women's Super League,90,2020/2021,female,Everton LFC,Bristol City WFC
3775589,0,0,0.23873411118984222,TF-NN,1,142,,global,37,FA Women's Super League,90,2020/2021,female,Reading WFC,Arsenal WFC
3775608,0,0,0.203960120677948,TF-NN,1,142,,global,37,FA Women's Super League,90,2020/2021,female,West Ham United LFC,Tottenham Hotspur Women
3775647,0,0,0.05892029404640198,TF-NN,1,142,,global,37,FA Women's Super League,90,2020/2021,female,Birmingham City WFC,Brighton & Hove Albion WFC
3775594,1,1,0.8179224729537964,TF-NN,1,142,,global,37,FA Women's Super League,90,2020/2021,female,Manchester United W,Birmingham City WFC
3775629,0,0,0.14584752917289734,TF-NN,1,142,,global,37,FA Women's Super League,90,2020/2021,female,Brighton & Hove Albion WFC,Manchester City WFC
3817865,0,0,0.4052007496356964,TF-NN,1,142,,global,1238,Indian Super league,108,2021/2022,male,NorthEast United,Odisha
3817853,0,0,0.3265686333179474,TF-NN,1,142,,global,1238,Indian Super league,108,2021/2022,male,Goa,East Bengal
3817876,1,0,0.18491283059120178,TF-NN,1,142,,global,1238,Indian Super league,108,2021/2022,male,Chennaiyin,NorthEast United
3813313,0,1,0.6650184392929077,TF-NN,1,142,,global,1238,Indian Super league,108,2021/2022,male,Mohun Bagan Super Giant,Odisha
3817874,0,0,0.2634197473526001,TF-NN,1,142,,global,1238,Indian Super league,108,2021/2022,male,Bengaluru,Goa
3817867,0,1,0.6661605834960938,TF-NN,1,142,,global,1238,Indian Super league,108,2021/2022,male,Mumbai City,NorthEast United
3817868,1,0,0.4646323025226593,TF-NN,1,142,,global,1238,Indian Super league,108,2021/2022,male,Bengaluru,Chennaiyin
3817875,1,0,0.13200975954532623,TF-NN,1,142,,global,1238,Indian Super league,108,2021/2022,male,Jamshedpur,Goa
3817888,1,1,0.8831316828727722,TF-NN,1,142,,global,1238,Indian Super league,108,2021/2022,male,Mohun Bagan Super Giant,East Bengal
3857277,0,0,0.13221414387226105,TF-NN,1,142,,global,43,FIFA World Cup,106,2022,male,Morocco,Croatia
3857284,0,1,0.8039476871490479,TF-NN,1,142,,global,43,FIFA World Cup,106,2022,male,Germany,Japan
3857291,1,1,0.9501407146453857,TF-NN,1,142,,global,43,FIFA World Cup,106,2022,male,Spain,Costa Rica
3857258,1,1,0.6116418242454529,TF-NN,1,142,,global,43,FIFA World Cup,106,2022,male,Brazil,Serbia
3857287,0,0,0.16086149215698242,TF-NN,1,142,,global,43,FIFA World Cup,106,2022,male,Uruguay,South Korea
3857266,1,1,0.7446500062942505,TF-NN,1,142,,global,43,FIFA World Cup,106,2022,male,France,Denmark
3857288,0,0,0.20730416476726532,TF-NN,1,142,,global,43,FIFA World Cup,106,2022,male,Tunisia,Australia
3857289,1,0,0.22213302552700043,TF-NN,1,142,,global,43,FIFA World Cup,106,2022,male,Argentina,Mexico
3857297,1,0,0.37543174624443054,TF-NN,1,142,,global,43,FIFA World Cup,106,2022,male,Poland,Saudi Arabia
3857263,0,0,0.34116438031196594,TF-NN,1,142,,global,43,FIFA World Cup,106,2022,male,Spain,Germany
3857283,0,0,0.3514033854007721,TF-NN,1,142,,global,43,FIFA World Cup,106,2022,male,Belgium,Morocco
3857295,0,0,0.223982036113739,TF-NN,1,142,,global,43,FIFA World Cup,106,2022,male,Japan,Costa Rica
3881539,0,0,0.26128849387168884,TF-NN,1,142,,global,49,NWSL,107,2023,female,NJ/NY Gotham FC,San Diego Wave
3881542,0,0,0.14941975474357605,TF-NN,1,142,,global,49,NWSL,107,2023,female,Angel City,Chicago Red Stars
3881544,0,0,0.25382035970687866,TF-NN,1,142,,global,49,NWSL,107,2023,female,Racing Louisville FC,San Diego Wave
3881543,0,0,0.14956547319889069,TF-NN,1,142,,global,49,NWSL,107,2023,female,Chicago Red Stars,North Carolina Courage
3881545,1,0,0.26180198788642883,TF-NN,1,142,,global,49,NWSL,107,2023,female,Seattle Reign,KC Current
3881546,1,0,0.3618544340133667,TF-NN,1,142,,global,49,NWSL,107,2023,female,Washington Spirit,Angel City
3881547,1,0,0.4286503195762634,TF-NN,1,142,,global,49,NWSL,107,2023,female,Orlando Pride,Portland Thorns
3881548,0,0,0.39675989747047424,TF-NN,1,142,,global,49,NWSL,107,2023,female,Houston Dash,NJ/NY Gotham FC
3881549,0,0,0.171914741396904,TF-NN,1,142,,global,49,NWSL,107,2023,female,San Diego Wave,Angel City
3881550,1,0,0.44140052795410156,TF-NN,1,142,,global,49,NWSL,107,2023,female,Racing Louisville FC,NJ/NY Gotham FC
3881551,1,0,0.44162625074386597,TF-NN,1,142,,global,49,NWSL,107,2023,female,North Carolina Courage,Orlando Pride
3881552,0,0,0.39369863271713257,TF-NN,1,142,,global,49,NWSL,107,2023,female,Houston Dash,Seattle Reign
3881553,0,0,0.4818832576274872,TF-NN,1,142,,global,49,NWSL,107,2023,female,KC Current,Washington Spirit
3881554,0,0,0.42888784408569336,TF-NN,1,142,,global,49,NWSL,107,2023,female,Chicago Red Stars,Portland Thorns
3881555,1,0,0.440431147813797,TF-NN,1,142,,global,49,NWSL,107,2023,female,Portland Thorns,Washington Spirit
3881558,0,0,0.4083126187324524,TF-NN,1,142,,global,49,NWSL,107,2023,female,Orlando Pride,KC Current
3912529,0,0,0.2346828579902649,TF-NN,1,142,,global,131,Serie A Women,281,2023/2024,female,Sassuolo W,Juventus W
3912531,1,0,0.4531429409980774,TF-NN,1,142,,global,131,Serie A Women,281,2023/2024,female,Fiorentina W,Pomigliano
3912528,1,0,0.45189669728279114,TF-NN,1,142,,global,131,Serie A Women,281,2023/2024,female,AC Milan W,Como W
3912534,0,0,0.37987974286079407,TF-NN,1,142,,global,131,Serie A Women,281,2023/2024,female,Napoli W,FC Internazionale Milano W
3912536,1,1,0.682921290397644,TF-NN,1,142,,global,131,Serie A Women,281,2023/2024,female,AS Roma W,Sampdoria W
3911310,1,0,0.40188831090927124,TF-NN,1,142,,global,182,Liga F,281,2023/2024,female,Sevilla FC,SD Eibar
3911311,0,0,0.39296776056289673,TF-NN,1,142,,global,182,Liga F,281,2023/2024,female,Real Sociedad de Fútbol,Madrid CFF
3911312,0,1,0.600071907043457,TF-NN,1,142,,global,182,Liga F,281,2023/2024,female,Levante UD Femenino,Granada W
3911315,0,0,0.10082002729177475,TF-NN,1,142,,global,182,Liga F,281,2023/2024,female,Real Betis Balompié,Barcelona WFC
3912532,0,0,0.1491822451353073,TF-NN,1,142,,global,131,Serie A Women,281,2023/2024,female,Como W,Sassuolo W
3912535,0,0,0.27530911564826965,TF-NN,1,142,,global,131,Serie A Women,281,2023/2024,female,Pomigliano,AC Milan W
3912192,0,0,0.1819768100976944,TF-NN,1,142,,global,135,Frauen Bundesliga,281,2023/2024,female,SGS Essen 19/68,VfL Wolfsburg WFC
3912533,0,1,0.530987560749054,TF-NN,1,142,,global,131,Serie A Women,281,2023/2024,female,Juventus W,Fiorentina W
3912198,0,0,0.11949649453163147,TF-NN,1,142,,global,135,Frauen Bundesliga,281,2023/2024,female,Duisburg WFC,Hoffenheim W
3911471,0,0,0.31677064299583435,TF-NN,1,142,,global,182,Liga F,281,2023/2024,female,Atletico Madrid W,Levante UD Femenino
3911473,0,0,0.2745278477668762,TF-NN,1,142,,global,182,Liga F,281,2023/2024,female,Madrid CFF,Sevilla FC
3911474,1,0,0.4600296914577484,TF-NN,1,142,,global,182,Liga F,281,2023/2024,female,Real Madrid CF W,Valencia CF
3911475,1,0,0.25625258684158325,TF-NN,1,142,,global,182,Liga F,281,2023/2024,female,Villarreal,Real Betis Balompié
3911477,1,0,0.3230587840080261,TF-NN,1,142,,global,182,Liga F,281,2023/2024,female,Granada W,Athletic Club Bilbao
3912195,1,0,0.4343454837799072,TF-NN,1,142,,global,135,Frauen Bundesliga,281,2023/2024,female,RB Leipzig W,Köln
3912199,1,0,0.3726623058319092,TF-NN,1,142,,global,135,Frauen Bundesliga,281,2023/2024,female,SV Werder Bremen,Nürnberg W
3912537,1,1,0.6750690937042236,TF-NN,1,142,,global,131,Serie A Women,281,2023/2024,female,Sassuolo W,Napoli W
3912539,0,1,0.6352079510688782,TF-NN,1,142,,global,131,Serie A Women,281,2023/2024,female,AC Milan W,Fiorentina W
3912555,0,1,0.7186863422393799,TF-NN,1,142,,global,131,Serie A Women,281,2023/2024,female,FC Internazionale Milano W,Como W
3911472,1,1,0.8330467939376831,TF-NN,1,142,,global,182,Liga F,281,2023/2024,female,Barcelona WFC,CD Sporting de Huelva
3911476,0,0,0.1497538685798645,TF-NN,1,142,,global,182,Liga F,281,2023/2024,female,SD Eibar,Real Sociedad de Fútbol
3911478,0,0,0.329851895570755,TF-NN,1,142,,global,182,Liga F,281,2023/2024,female,Costa Adeje Tenerife,FC Levante Badalona
3912194,1,0,0.28350427746772766,TF-NN,1,142,,global,135,Frauen Bundesliga,281,2023/2024,female,Eintracht Frankfurt W,SGS Essen 19/68
3912197,0,0,0.21791774034500122,TF-NN,1,142,,global,135,Frauen Bundesliga,281,2023/2024,female,TSV Bayer 04 Leverkusen,VfL Wolfsburg WFC
3912538,1,1,0.6154812574386597,TF-NN,1,142,,global,131,Serie A Women,281,2023/2024,female,AS Roma W,Juventus W
3912556,1,0,0.446534663438797,TF-NN,1,142,,global,131,Serie A Women,281,2023/2024,female,Sampdoria W,Pomigliano
3912196,1,0,0.3290613889694214,TF-NN,1,142,,global,135,Frauen Bundesliga,281,2023/2024,female,Bayern München W,SC Freiburg
3912204,0,1,0.5631746053695679,TF-NN,1,142,,global,135,Frauen Bundesliga,281,2023/2024,female,SGS Essen 19/68,RB Leipzig W
3911479,0,0,0.44534629583358765,TF-NN,1,142,,global,182,Liga F,281,2023/2024,female,Valencia CF,Villarreal
3911480,0,0,0.21510618925094604,TF-NN,1,142,,global,182,Liga F,281,2023/2024,female,FC Levante Badalona,SD Eibar
3911482,0,0,0.17182126641273499,TF-NN,1,142,,global,182,Liga F,281,2023/2024,female,Sevilla FC,Barcelona WFC
3912201,0,0,0.44654205441474915,TF-NN,1,142,,global,135,Frauen Bundesliga,281,2023/2024,female,Hoffenheim W,SV Werder Bremen
3912203,0,0,0.1260954588651657,TF-NN,1,142,,global,135,Frauen Bundesliga,281,2023/2024,female,Köln,Bayern München W
3911481,0,0,0.09149246662855148,TF-NN,1,142,,global,182,Liga F,281,2023/2024,female,Real Sociedad de Fútbol,Granada W
3911483,0,0,0.10091400891542435,TF-NN,1,142,,global,182,Liga F,281,2023/2024,female,CD Sporting de Huelva,Athletic Club Bilbao
3911484,0,0,0.17053714394569397,TF-NN,1,142,,global,182,Liga F,281,2023/2024,female,Real Betis Balompié,Real Madrid CF W
3911485,1,1,0.7960975170135498,TF-NN,1,142,,global,182,Liga F,281,2023/2024,female,Levante UD Femenino,Costa Adeje Tenerife
3911486,0,1,0.6641854643821716,TF-NN,1,142,,global,182,Liga F,281,2023/2024,female,Atletico Madrid W,Madrid CFF
3912200,1,0,0.2559160590171814,TF-NN,1,142,,global,135,Frauen Bundesliga,281,2023/2024,female,VfL Wolfsburg WFC,Eintracht Frankfurt W
3912202,0,0,0.32990795373916626,TF-NN,1,142,,global,135,Frauen Bundesliga,281,2023/2024,female,SC Freiburg,Duisburg WFC
3912205,0,0,0.13074664771556854,TF-NN,1,142,,global,135,Frauen Bundesliga,281,2023/2024,female,Nürnberg W,TSV Bayer 04 Leverkusen
3911306,0,1,0.6599869132041931,TF-NN,1,142,,global,182,Liga F,281,2023/2024,female,Barcelona WFC,Levante UD Femenino
3911307,0,0,0.43361735343933105,TF-NN,1,142,,global,182,Liga F,281,2023/2024,female,Atletico Madrid W,Real Madrid CF W
3911488,1,0,0.3502393662929535,TF-NN,1,142,,global,182,Liga F,281,2023/2024,female,Athletic Club Bilbao,Real Betis Balompié
3911490,0,0,0.4507169723510742,TF-NN,1,142,,global,182,Liga F,281,2023/2024,female,Granada W,Sevilla FC
3911493,0,0,0.20620062947273254,TF-NN,1,142,,global,182,Liga F,281,2023/2024,female,Villarreal,Real Sociedad de Fútbol
3911494,0,0,0.3475475013256073,TF-NN,1,142,,global,182,Liga F,281,2023/2024,female,CD Sporting de Huelva,Valencia CF
3911487,1,0,0.2707226872444153,TF-NN,1,142,,global,182,Liga F,281,2023/2024,female,Madrid CFF,FC Levante Badalona
3911489,1,1,0.8100953102111816,TF-NN,1,142,,global,182,Liga F,281,2023/2024,female,Barcelona WFC,Atletico Madrid W
3911491,1,1,0.7103487849235535,TF-NN,1,142,,global,182,Liga F,281,2023/2024,female,Real Madrid CF W,Costa Adeje Tenerife
3911492,0,0,0.22639667987823486,TF-NN,1,142,,global,182,Liga F,281,2023/2024,female,SD Eibar,Levante UD Femenino
3825637,1,1,0.5680548548698425,TF-Hybrid,1,142,0.49169236421585083,global,11,La Liga,27,2015/2016,male,Barcelona,Eibar
3825638,1,1,0.5225623250007629,TF-Hybrid,1,142,0.49169236421585083,global,11,La Liga,27,2015/2016,male,Atlético Madrid,Valencia
3825639,0,0,0.45699843764305115,TF-Hybrid,1,142,0.49169236421585083,global,11,La Liga,27,2015/2016,male,Las Palmas,Villarreal
3825640,0,0,0.41399338841438293,TF-Hybrid,1,142,0.49169236421585083,global,11,La Liga,27,2015/2016,male,Levante UD,Real Sociedad
3825641,1,0,0.4458874762058258,TF-Hybrid,1,142,0.49169236421585083,global,11,La Liga,27,2015/2016,male,Athletic Club,Sporting Gijón
3825642,0,0,0.3005441129207611,TF-Hybrid,1,142,0.49169236421585083,global,11,La Liga,27,2015/2016,male,RC Deportivo La Coruña,Atlético Madrid
3825643,1,1,0.5356459021568298,TF-Hybrid,1,142,0.49169236421585083,global,11,La Liga,27,2015/2016,male,Real Madrid,Las Palmas
3825644,0,0,0.38382771611213684,TF-Hybrid,1,142,0.49169236421585083,global,11,La Liga,27,2015/2016,male,Real Sociedad,Celta Vigo
3825645,0,0,0.1227395161986351,TF-Hybrid,1,142,0.49169236421585083,global,11,La Liga,27,2015/2016,male,Getafe,Barcelona
3825646,1,0,0.2176339030265808,TF-Hybrid,1,142,0.49169236421585083,global,11,La Liga,27,2015/2016,male,Villarreal,Sevilla
3825647,1,0,0.31776490807533264,TF-Hybrid,1,142,0.49169236421585083,global,11,La Liga,27,2015/2016,male,Valencia,Levante UD
3825648,1,0,0.17103514075279236,TF-Hybrid,1,142,0.49169236421585083,global,11,La Liga,27,2015/2016,male,Eibar,Rayo Vallecano
3825649,1,0,0.2641279101371765,TF-Hybrid,1,142,0.49169236421585083,global,11,La Liga,27,2015/2016,male,Sporting Gijón,Málaga
3825650,0,0,0.23714077472686768,TF-Hybrid,1,142,0.49169236421585083,global,11,La Liga,27,2015/2016,male,Real Betis,Athletic Club
3825651,0,0,0.40031978487968445,TF-Hybrid,1,142,0.49169236421585083,global,11,La Liga,27,2015/2016,male,Espanyol,Granada
3825652,1,0,0.24548573791980743,TF-Hybrid,1,142,0.49169236421585083,global,11,La Liga,27,2015/2016,male,Las Palmas,Real Sociedad
3825653,1,1,0.5074079632759094,TF-Hybrid,1,142,0.49169236421585083,global,11,La Liga,27,2015/2016,male,Eibar,Getafe
3825654,0,0,0.4540814161300659,TF-Hybrid,1,142,0.49169236421585083,global,11,La Liga,27,2015/2016,male,Celta Vigo,Valencia
3825655,1,0,0.43795016407966614,TF-Hybrid,1,142,0.49169236421585083,global,11,La Liga,27,2015/2016,male,Rayo Vallecano,Granada
3825656,0,0,0.3785178065299988,TF-Hybrid,1,142,0.49169236421585083,global,11,La Liga,27,2015/2016,male,Levante UD,RC Deportivo La Coruña
3825657,0,0,0.44491544365882874,TF-Hybrid,1,142,0.49169236421585083,global,11,La Liga,27,2015/2016,male,Málaga,Real Betis
3825658,1,1,0.5601738691329956,TF-Hybrid,1,142,0.49169236421585083,global,11,La Liga,27,2015/2016,male,Atlético Madrid,Sporting Gijón
3825659,1,1,0.5441123247146606,TF-Hybrid,1,142,0.49169236421585083,global,11,La Liga,27,2015/2016,male,Athletic Club,Espanyol
3825660,1,1,0.6193593740463257,TF-Hybrid,1,142,0.49169236421585083,global,11,La Liga,27,2015/2016,male,Barcelona,Villarreal
3825661,1,0,0.4043147563934326,TF-Hybrid,1,142,0.49169236421585083,global,11,La Liga,27,2015/2016,male,Sevilla,Real Madrid
266424,0,0,0.32233983278274536,TF-Hybrid,1,142,0.49169236421585083,global,11,La Liga,27,2015/2016,male,Real Madrid,Barcelona
3825662,1,0,0.24495330452919006,TF-Hybrid,1,142,0.49169236421585083,global,11,La Liga,27,2015/2016,male,RC Deportivo La Coruña,Celta Vigo
3825663,1,0,0.31966090202331543,TF-Hybrid,1,142,0.49169236421585083,global,11,La Liga,27,2015/2016,male,Espanyol,Málaga
3825664,1,0,0.39609813690185547,TF-Hybrid,1,142,0.49169236421585083,global,11,La Liga,27,2015/2016,male,Real Sociedad,Sevilla
3825888,0,1,0.50226891040802,TF-Hybrid,1,142,0.49169236421585083,global,11,La Liga,27,2015/2016,male,Valencia,Las Palmas
3825665,1,0,0.18475720286369324,TF-Hybrid,1,142,0.49169236421585083,global,11,La Liga,27,2015/2016,male,Granada,Athletic Club
3825666,0,0,0.1976000964641571,TF-Hybrid,1,142,0.49169236421585083,global,11,La Liga,27,2015/2016,male,Real Betis,Atlético Madrid
3825667,0,0,0.35516810417175293,TF-Hybrid,1,142,0.49169236421585083,global,11,La Liga,27,2015/2016,male,Villarreal,Eibar
3825668,0,0,0.3019423186779022,TF-Hybrid,1,142,0.49169236421585083,global,11,La Liga,27,2015/2016,male,Sporting Gijón,Levante UD
3825669,0,0,0.17777054011821747,TF-Hybrid,1,142,0.49169236421585083,global,11,La Liga,27,2015/2016,male,Getafe,Rayo Vallecano
3825670,0,1,0.5948542356491089,TF-Hybrid,1,142,0.49169236421585083,global,11,La Liga,27,2015/2016,male,Levante UD,Real Betis
266885,1,1,0.5435426831245422,TF-Hybrid,1,142,0.49169236421585083,global,11,La Liga,27,2015/2016,male,Barcelona,Real Sociedad
3825671,1,1,0.5205294489860535,TF-Hybrid,1,142,0.49169236421585083,global,11,La Liga,27,2015/2016,male,Celta Vigo,Sporting Gijón
3825672,0,1,0.5078819990158081,TF-Hybrid,1,142,0.49169236421585083,global,11,La Liga,27,2015/2016,male,Málaga,Granada
3825673,0,1,0.5357457995414734,TF-Hybrid,1,142,0.49169236421585083,global,11,La Liga,27,2015/2016,male,Las Palmas,RC Deportivo La Coruña
3825674,1,1,0.6061363220214844,TF-Hybrid,1,142,0.49169236421585083,global,11,La Liga,27,2015/2016,male,Atlético Madrid,Espanyol
3825675,0,0,0.28023776412010193,TF-Hybrid,1,142,0.49169236421585083,global,11,La Liga,27,2015/2016,male,Rayo Vallecano,Athletic Club
3825676,1,0,0.4258156716823578,TF-Hybrid,1,142,0.49169236421585083,global,11,La Liga,27,2015/2016,male,Getafe,Villarreal
3825677,1,0,0.3478809893131256,TF-Hybrid,1,142,0.49169236421585083,global,11,La Liga,27,2015/2016,male,Sevilla,Valencia
3825678,0,0,0.22021159529685974,TF-Hybrid,1,142,0.49169236421585083,global,11,La Liga,27,2015/2016,male,Eibar,Real Madrid
267274,0,0,0.09731392562389374,TF-Hybrid,1,142,0.49169236421585083,global,11,La Liga,27,2015/2016,male,Valencia,Barcelona
3825679,0,0,0.32974210381507874,TF-Hybrid,1,142,0.49169236421585083,global,11,La Liga,27,2015/2016,male,Real Betis,Celta Vigo
3825680,0,0,0.3187587261199951,TF-Hybrid,1,142,0.49169236421585083,global,11,La Liga,27,2015/2016,male,RC Deportivo La Coruña,Sevilla
3825681,1,1,0.563460648059845,TF-Hybrid,1,142,0.49169236421585083,global,11,La Liga,27,2015/2016,male,Real Madrid,Getafe
3825682,0,0,0.23432420194149017,TF-Hybrid,1,142,0.49169236421585083,global,11,La Liga,27,2015/2016,male,Granada,Atlético Madrid
3825683,1,0,0.4455692172050476,TF-Hybrid,1,142,0.49169236421585083,global,11,La Liga,27,2015/2016,male,Real Sociedad,Eibar
3825684,1,0,0.33914488554000854,TF-Hybrid,1,142,0.49169236421585083,global,11,La Liga,27,2015/2016,male,Villarreal,Rayo Vallecano
3825685,1,0,0.3845047354698181,TF-Hybrid,1,142,0.49169236421585083,global,11,La Liga,27,2015/2016,male,Sporting Gijón,Las Palmas
3825686,0,0,0.34116098284721375,TF-Hybrid,1,142,0.49169236421585083,global,11,La Liga,27,2015/2016,male,Athletic Club,Málaga
3825687,0,0,0.2613694965839386,TF-Hybrid,1,142,0.49169236421585083,global,11,La Liga,27,2015/2016,male,Espanyol,Levante UD
3825688,0,0,0.4139578938484192,TF-Hybrid,1,142,0.49169236421585083,global,11,La Liga,27,2015/2016,male,Getafe,Real Sociedad
266961,0,1,0.6248308420181274,TF-Hybrid,1,142,0.49169236421585083,global,11,La Liga,27,2015/2016,male,Barcelona,RC Deportivo La Coruña
3825689,1,1,0.5251533389091492,TF-Hybrid,1,142,0.49169236421585083,global,11,La Liga,27,2015/2016,male,Celta Vigo,Espanyol
3825690,1,0,0.4115799069404602,TF-Hybrid,1,142,0.49169236421585083,global,11,La Liga,27,2015/2016,male,Las Palmas,Real Betis
3825691,0,1,0.5073001384735107,TF-Hybrid,1,142,0.49169236421585083,global,11,La Liga,27,2015/2016,male,Levante UD,Granada
3825692,1,0,0.445149689912796,TF-Hybrid,1,142,0.49169236421585083,global,11,La Liga,27,2015/2016,male,Sevilla,Sporting Gijón
3825693,1,0,0.46947523951530457,TF-Hybrid,1,142,0.49169236421585083,global,11,La Liga,27,2015/2016,male,Atlético Madrid,Athletic Club
3825694,0,1,0.615675687789917,TF-Hybrid,1,142,0.49169236421585083,global,11,La Liga,27,2015/2016,male,Eibar,Valencia
3825695,1,0,0.27515143156051636,TF-Hybrid,1,142,0.49169236421585083,global,11,La Liga,27,2015/2016,male,Villarreal,Real Madrid
3825696,0,0,0.360015332698822,TF-Hybrid,1,142,0.49169236421585083,global,11,La Liga,27,2015/2016,male,Rayo Vallecano,Málaga
3825697,0,0,0.19673804938793182,TF-Hybrid,1,142,0.49169236421585083,global,11,La Liga,27,2015/2016,male,Valencia,Getafe
3825698,1,0,0.44613781571388245,TF-Hybrid,1,142,0.49169236421585083,global,11,La Liga,27,2015/2016,male,RC Deportivo La Coruña,Eibar
3825699,0,0,0.3028886616230011,TF-Hybrid,1,142,0.49169236421585083,global,11,La Liga,27,2015/2016,male,Real Betis,Sevilla
3825891,1,0,0.34159907698631287,TF-Hybrid,1,142,0.49169236421585083,global,11,La Liga,27,2015/2016,male,Espanyol,Las Palmas
3754051,1,0,0.3637486696243286,TF-Hybrid,1,142,0.49169236421585083,global,2,Premier League,27,2015/2016,male,Watford,Liverpool
3754259,0,0,0.33469223976135254,TF-Hybrid,1,142,0.49169236421585083,global,2,Premier League,27,2015/2016,male,Swansea City,West Ham United
3825700,1,1,0.6751889586448669,TF-Hybrid,1,142,0.49169236421585083,global,11,La Liga,27,2015/2016,male,Real Madrid,Rayo Vallecano
3825701,1,0,0.38670042157173157,TF-Hybrid,1,142,0.49169236421585083,global,11,La Liga,27,2015/2016,male,Málaga,Atlético Madrid
3825702,0,1,0.517533540725708,TF-Hybrid,1,142,0.49169236421585083,global,11,La Liga,27,2015/2016,male,Real Sociedad,Villarreal
3825703,1,0,0.45540744066238403,TF-Hybrid,1,142,0.49169236421585083,global,11,La Liga,27,2015/2016,male,Athletic Club,Levante UD
3825704,0,0,0.48194339871406555,TF-Hybrid,1,142,0.49169236421585083,global,11,La Liga,27,2015/2016,male,Granada,Celta Vigo
3754296,1,0,0.4229907691478729,TF-Hybrid,1,142,0.49169236421585083,global,2,Premier League,27,2015/2016,male,Arsenal,Manchester City
3753974,0,0,0.26459556818008423,TF-Hybrid,1,142,0.49169236421585083,global,2,Premier League,27,2015/2016,male,Newcastle United,Everton
3754014,1,0,0.37706971168518066,TF-Hybrid,1,142,0.49169236421585083,global,2,Premier League,27,2015/2016,male,Stoke City,Manchester United
3754054,1,1,0.6126530170440674,TF-Hybrid,1,142,0.49169236421585083,global,2,Premier League,27,2015/2016,male,Manchester City,Sunderland
3754057,1,1,0.657105028629303,TF-Hybrid,1,142,0.49169236421585083,global,2,Premier League,27,2015/2016,male,Tottenham Hotspur,Norwich City
3754248,0,0,0.4894602596759796,TF-Hybrid,1,142,0.49169236421585083,global,2,Premier League,27,2015/2016,male,AFC Bournemouth,Crystal Palace
3754279,1,0,0.46501466631889343,TF-Hybrid,1,142,0.49169236421585083,global,2,Premier League,27,2015/2016,male,Swansea City,West Bromwich Albion
3754285,0,0,0.4449978470802307,TF-Hybrid,1,142,0.49169236421585083,global,2,Premier League,27,2015/2016,male,Aston Villa,West Ham United
3754287,0,1,0.5318187475204468,TF-Hybrid,1,142,0.49169236421585083,global,2,Premier League,27,2015/2016,male,Chelsea,Watford
3754309,1,0,0.4348064363002777,TF-Hybrid,1,142,0.49169236421585083,global,2,Premier League,27,2015/2016,male,Southampton,Arsenal
3754343,1,0,0.4956451654434204,TF-Hybrid,1,142,0.49169236421585083,global,2,Premier League,27,2015/2016,male,Liverpool,Leicester City
3753998,1,0,0.4296390116214752,TF-Hybrid,1,142,0.49169236421585083,global,2,Premier League,27,2015/2016,male,West Ham United,Southampton
3754019,0,0,0.38102105259895325,TF-Hybrid,1,142,0.49169236421585083,global,2,Premier League,27,2015/2016,male,Manchester United,Chelsea
3754056,0,1,0.588340699672699,TF-Hybrid,1,142,0.49169236421585083,global,2,Premier League,27,2015/2016,male,Everton,Stoke City
3754130,1,0,0.23449492454528809,TF-Hybrid,1,142,0.49169236421585083,global,2,Premier League,27,2015/2016,male,Norwich City,Aston Villa
3754173,1,0,0.32318270206451416,TF-Hybrid,1,142,0.49169236421585083,global,2,Premier League,27,2015/2016,male,Arsenal,AFC Bournemouth
3754195,1,1,0.5100013613700867,TF-Hybrid,1,142,0.49169236421585083,global,2,Premier League,27,2015/2016,male,West Bromwich Albion,Newcastle United
3754291,0,0,0.2500755488872528,TF-Hybrid,1,142,0.49169236421585083,global,2,Premier League,27,2015/2016,male,Watford,Tottenham Hotspur
3754326,0,0,0.4291604161262512,TF-Hybrid,1,142,0.49169236421585083,global,2,Premier League,27,2015/2016,male,Crystal Palace,Swansea City
3754045,0,0,0.21184559166431427,TF-Hybrid,1,142,0.49169236421585083,global,2,Premier League,27,2015/2016,male,Leicester City,Manchester City
267327,1,1,0.5621044039726257,TF-Hybrid,1,142,0.49169236421585083,global,11,La Liga,27,2015/2016,male,Barcelona,Real Betis
3754226,0,0,0.1697014570236206,TF-Hybrid,1,142,0.49169236421585083,global,2,Premier League,27,2015/2016,male,Sunderland,Liverpool
3825705,1,0,0.4236709475517273,TF-Hybrid,1,142,0.49169236421585083,global,11,La Liga,27,2015/2016,male,Eibar,Sporting Gijón
3825706,0,0,0.23289801180362701,TF-Hybrid,1,142,0.49169236421585083,global,11,La Liga,27,2015/2016,male,Celta Vigo,Athletic Club
3825707,1,0,0.41156595945358276,TF-Hybrid,1,142,0.49169236421585083,global,11,La Liga,27,2015/2016,male,Las Palmas,Granada
3825708,0,0,0.3287537693977356,TF-Hybrid,1,142,0.49169236421585083,global,11,La Liga,27,2015/2016,male,Levante UD,Málaga
3825709,1,1,0.5062317848205566,TF-Hybrid,1,142,0.49169236421585083,global,11,La Liga,27,2015/2016,male,Sevilla,Espanyol
3825710,1,1,0.6896832585334778,TF-Hybrid,1,142,0.49169236421585083,global,11,La Liga,27,2015/2016,male,Real Madrid,Real Sociedad
3825711,0,0,0.24536922574043274,TF-Hybrid,1,142,0.49169236421585083,global,11,La Liga,27,2015/2016,male,Rayo Vallecano,Atlético Madrid
3825712,0,0,0.32197144627571106,TF-Hybrid,1,142,0.49169236421585083,global,11,La Liga,27,2015/2016,male,Getafe,RC Deportivo La Coruña
3825713,1,0,0.4568884074687958,TF-Hybrid,1,142,0.49169236421585083,global,11,La Liga,27,2015/2016,male,Villarreal,Valencia
266670,0,0,0.16117450594902039,TF-Hybrid,1,142,0.49169236421585083,global,11,La Liga,27,2015/2016,male,Espanyol,Barcelona
3754036,1,0,0.25105351209640503,TF-Hybrid,1,142,0.49169236421585083,global,2,Premier League,27,2015/2016,male,Sunderland,Aston Villa
3754058,0,0,0.3326275944709778,TF-Hybrid,1,142,0.49169236421585083,global,2,Premier League,27,2015/2016,male,Leicester City,AFC Bournemouth
3754069,1,1,0.6172144412994385,TF-Hybrid,1,142,0.49169236421585083,global,2,Premier League,27,2015/2016,male,Arsenal,Newcastle United
3754101,1,0,0.2921152412891388,TF-Hybrid,1,142,0.49169236421585083,global,2,Premier League,27,2015/2016,male,Norwich City,Southampton
3754122,1,0,0.42360761761665344,TF-Hybrid,1,142,0.49169236421585083,global,2,Premier League,27,2015/2016,male,West Bromwich Albion,Stoke City
3754251,1,0,0.3599287271499634,TF-Hybrid,1,142,0.49169236421585083,global,2,Premier League,27,2015/2016,male,West Ham United,Liverpool
3754319,1,1,0.574069619178772,TF-Hybrid,1,142,0.49169236421585083,global,2,Premier League,27,2015/2016,male,Manchester United,Swansea City
3754346,0,0,0.2589789032936096,TF-Hybrid,1,142,0.49169236421585083,global,2,Premier League,27,2015/2016,male,Watford,Manchester City
3825714,1,1,0.5427249073982239,TF-Hybrid,1,142,0.49169236421585083,global,11,La Liga,27,2015/2016,male,Atlético Madrid,Levante UD
3825715,1,1,0.600611686706543,TF-Hybrid,1,142,0.49169236421585083,global,11,La Liga,27,2015/2016,male,Málaga,Celta Vigo
3754114,0,0,0.31690889596939087,TF-Hybrid,1,142,0.49169236421585083,global,2,Premier League,27,2015/2016,male,Crystal Palace,Chelsea
3754140,0,0,0.4240116775035858,TF-Hybrid,1,142,0.49169236421585083,global,2,Premier League,27,2015/2016,male,Everton,Tottenham Hotspur
3825716,0,0,0.2291068732738495,TF-Hybrid,1,142,0.49169236421585083,global,11,La Liga,27,2015/2016,male,Rayo Vallecano,Real Sociedad
3825717,1,0,0.26390954852104187,TF-Hybrid,1,142,0.49169236421585083,global,11,La Liga,27,2015/2016,male,Granada,Sevilla
3825718,0,0,0.09500308334827423,TF-Hybrid,1,142,0.49169236421585083,global,11,La Liga,27,2015/2016,male,Valencia,Real Madrid
3825719,0,1,0.5411317348480225,TF-Hybrid,1,142,0.49169236421585083,global,11,La Liga,27,2015/2016,male,Athletic Club,Las Palmas
3825720,0,0,0.30392977595329285,TF-Hybrid,1,142,0.49169236421585083,global,11,La Liga,27,2015/2016,male,Real Betis,Eibar
3825721,0,0,0.4914523959159851,TF-Hybrid,1,142,0.49169236421585083,global,11,La Liga,27,2015/2016,male,RC Deportivo La Coruña,Villarreal
3825722,0,0,0.42713192105293274,TF-Hybrid,1,142,0.49169236421585083,global,11,La Liga,27,2015/2016,male,Sporting Gijón,Getafe
3879667,0,1,0.5863345265388489,TF-Hybrid,1,142,0.49169236421585083,global,12,Serie A,27,2015/2016,male,Sassuolo,Frosinone
3879668,0,0,0.40331608057022095,TF-Hybrid,1,142,0.49169236421585083,global,12,Serie A,27,2015/2016,male,Empoli,Inter Milan
3879669,1,1,0.5023965835571289,TF-Hybrid,1,142,0.49169236421585083,global,12,Serie A,27,2015/2016,male,Napoli,Torino
3879670,1,0,0.42603132128715515,TF-Hybrid,1,142,0.49169236421585083,global,12,Serie A,27,2015/2016,male,Juventus,Hellas Verona
3879671,0,0,0.3076673150062561,TF-Hybrid,1,142,0.49169236421585083,global,12,Serie A,27,2015/2016,male,Palermo,Fiorentina
3879672,0,1,0.5310739874839783,TF-Hybrid,1,142,0.49169236421585083,global,12,Serie A,27,2015/2016,male,Chievo,AS Roma
3879673,1,0,0.4604812264442444,TF-Hybrid,1,142,0.49169236421585083,global,12,Serie A,27,2015/2016,male,Udinese,Atalanta
3879674,0,1,0.6664842963218689,TF-Hybrid,1,142,0.49169236421585083,global,12,Serie A,27,2015/2016,male,AC Milan,Bologna
3879675,0,1,0.5165855884552002,TF-Hybrid,1,142,0.49169236421585083,global,12,Serie A,27,2015/2016,male,Lazio,Carpi
3900570,1,1,0.7210414409637451,TF-Hybrid,1,142,0.49169236421585083,global,7,Ligue 1,27,2015/2016,male,Paris Saint-Germain,Bastia
266620,1,1,0.6462494730949402,TF-Hybrid,1,142,0.49169236421585083,global,11,La Liga,27,2015/2016,male,Barcelona,Granada
3825723,1,0,0.25851213932037354,TF-Hybrid,1,142,0.49169236421585083,global,11,La Liga,27,2015/2016,male,Levante UD,Rayo Vallecano
3825724,1,1,0.7705637812614441,TF-Hybrid,1,142,0.49169236421585083,global,11,La Liga,27,2015/2016,male,Real Madrid,RC Deportivo La Coruña
3825725,1,0,0.41473495960235596,TF-Hybrid,1,142,0.49169236421585083,global,11,La Liga,27,2015/2016,male,Getafe,Real Betis
3825726,1,0,0.3621038496494293,TF-Hybrid,1,142,0.49169236421585083,global,11,La Liga,27,2015/2016,male,Sevilla,Athletic Club
3879676,0,0,0.1610533595085144,TF-Hybrid,1,142,0.49169236421585083,global,12,Serie A,27,2015/2016,male,AS Roma,AC Milan
3879677,0,0,0.42756426334381104,TF-Hybrid,1,142,0.49169236421585083,global,12,Serie A,27,2015/2016,male,Fiorentina,Lazio
3879678,1,0,0.2874677777290344,TF-Hybrid,1,142,0.49169236421585083,global,12,Serie A,27,2015/2016,male,Carpi,Udinese
3900571,0,0,0.47842082381248474,TF-Hybrid,1,142,0.49169236421585083,global,7,Ligue 1,27,2015/2016,male,Rennes,Lorient
3900572,0,0,0.39446738362312317,TF-Hybrid,1,142,0.49169236421585083,global,7,Ligue 1,27,2015/2016,male,AS Monaco,Gazélec Ajaccio
3900573,1,0,0.41709521412849426,TF-Hybrid,1,142,0.49169236421585083,global,7,Ligue 1,27,2015/2016,male,Angers,Stade Malherbe Caen
3900574,1,0,0.3867160379886627,TF-Hybrid,1,142,0.49169236421585083,global,7,Ligue 1,27,2015/2016,male,Lyon,Troyes
3900575,0,0,0.4500502943992615,TF-Hybrid,1,142,0.49169236421585083,global,7,Ligue 1,27,2015/2016,male,Stade de Reims,Toulouse
3900576,0,0,0.40165847539901733,TF-Hybrid,1,142,0.49169236421585083,global,7,Ligue 1,27,2015/2016,male,Montpellier,Bordeaux
3825727,1,1,0.5363814830780029,TF-Hybrid,1,142,0.49169236421585083,global,11,La Liga,27,2015/2016,male,Eibar,Espanyol
3825728,0,0,0.25904685258865356,TF-Hybrid,1,142,0.49169236421585083,global,11,La Liga,27,2015/2016,male,Celta Vigo,Atlético Madrid
3825729,1,0,0.4566820561885834,TF-Hybrid,1,142,0.49169236421585083,global,11,La Liga,27,2015/2016,male,Villarreal,Sporting Gijón
3825730,1,0,0.4022279977798462,TF-Hybrid,1,142,0.49169236421585083,global,11,La Liga,27,2015/2016,male,Real Sociedad,Valencia
3825731,0,0,0.28883877396583557,TF-Hybrid,1,142,0.49169236421585083,global,11,La Liga,27,2015/2016,male,Las Palmas,Málaga
3879679,0,0,0.11552608758211136,TF-Hybrid,1,142,0.49169236421585083,global,12,Serie A,27,2015/2016,male,Frosinone,Napoli
3879680,0,0,0.37985071539878845,TF-Hybrid,1,142,0.49169236421585083,global,12,Serie A,27,2015/2016,male,Bologna,Chievo
3879681,0,0,0.26395851373672485,TF-Hybrid,1,142,0.49169236421585083,global,12,Serie A,27,2015/2016,male,Inter Milan,Sassuolo
3879682,0,0,0.30816513299942017,TF-Hybrid,1,142,0.49169236421585083,global,12,Serie A,27,2015/2016,male,Torino,Empoli
3879683,0,0,0.33567047119140625,TF-Hybrid,1,142,0.49169236421585083,global,12,Serie A,27,2015/2016,male,Hellas Verona,Palermo
3879684,0,0,0.17446881532669067,TF-Hybrid,1,142,0.49169236421585083,global,12,Serie A,27,2015/2016,male,Sampdoria,Juventus
3879685,0,0,0.25663259625434875,TF-Hybrid,1,142,0.49169236421585083,global,12,Serie A,27,2015/2016,male,Atalanta,Genoa
3900577,0,0,0.45043420791625977,TF-Hybrid,1,142,0.49169236421585083,global,7,Ligue 1,27,2015/2016,male,Olympique de Marseille,Guingamp
3900578,0,1,0.550704300403595,TF-Hybrid,1,142,0.49169236421585083,global,7,Ligue 1,27,2015/2016,male,Lille,OGC Nice
3900579,1,0,0.3899649977684021,TF-Hybrid,1,142,0.49169236421585083,global,7,Ligue 1,27,2015/2016,male,Nantes,Saint-Étienne
3753981,1,0,0.43675610423088074,TF-Hybrid,1,142,0.49169236421585083,global,2,Premier League,27,2015/2016,male,Aston Villa,Crystal Palace
3754021,0,0,0.3396364152431488,TF-Hybrid,1,142,0.49169236421585083,global,2,Premier League,27,2015/2016,male,AFC Bournemouth,West Ham United
3754088,0,0,0.255077064037323,TF-Hybrid,1,142,0.49169236421585083,global,2,Premier League,27,2015/2016,male,Newcastle United,Manchester United
3754032,1,0,0.4968443214893341,TF-Hybrid,1,142,0.49169236421585083,global,2,Premier League,27,2015/2016,male,Stoke City,Norwich City
3754062,0,0,0.38579079508781433,TF-Hybrid,1,142,0.49169236421585083,global,2,Premier League,27,2015/2016,male,Chelsea,West Bromwich Albion
3754065,0,1,0.5968344807624817,TF-Hybrid,1,142,0.49169236421585083,global,2,Premier League,27,2015/2016,male,Tottenham Hotspur,Leicester City
3754071,0,0,0.3677605390548706,TF-Hybrid,1,142,0.49169236421585083,global,2,Premier League,27,2015/2016,male,Swansea City,Sunderland
3754142,0,1,0.520167887210846,TF-Hybrid,1,142,0.49169236421585083,global,2,Premier League,27,2015/2016,male,Manchester City,Everton
3754183,1,1,0.543448269367218,TF-Hybrid,1,142,0.49169236421585083,global,2,Premier League,27,2015/2016,male,Southampton,Watford
3754305,0,0,0.46841201186180115,TF-Hybrid,1,142,0.49169236421585083,global,2,Premier League,27,2015/2016,male,Liverpool,Arsenal
3900580,1,0,0.43557754158973694,TF-Hybrid,1,142,0.49169236421585083,global,7,Ligue 1,27,2015/2016,male,OGC Nice,Angers
3754004,1,0,0.4304438531398773,TF-Hybrid,1,142,0.49169236421585083,global,2,Premier League,27,2015/2016,male,AFC Bournemouth,Norwich City
3754027,1,1,0.5669817328453064,TF-Hybrid,1,142,0.49169236421585083,global,2,Premier League,27,2015/2016,male,Tottenham Hotspur,Sunderland
3754125,0,1,0.5350521802902222,TF-Hybrid,1,142,0.49169236421585083,global,2,Premier League,27,2015/2016,male,Chelsea,Everton
3754168,1,0,0.33957019448280334,TF-Hybrid,1,142,0.49169236421585083,global,2,Premier League,27,2015/2016,male,Southampton,West Bromwich Albion
3754250,0,0,0.4875456690788269,TF-Hybrid,1,142,0.49169236421585083,global,2,Premier League,27,2015/2016,male,Aston Villa,Leicester City
3754260,1,1,0.67313152551651,TF-Hybrid,1,142,0.49169236421585083,global,2,Premier League,27,2015/2016,male,Manchester City,Crystal Palace
3754338,1,0,0.3529336452484131,TF-Hybrid,1,142,0.49169236421585083,global,2,Premier League,27,2015/2016,male,Newcastle United,West Ham United
3825732,1,0,0.4614424407482147,TF-Hybrid,1,142,0.49169236421585083,global,11,La Liga,27,2015/2016,male,Celta Vigo,Levante UD
3825733,1,0,0.4173610508441925,TF-Hybrid,1,142,0.49169236421585083,global,11,La Liga,27,2015/2016,male,Sevilla,Málaga
3825734,0,0,0.4921233355998993,TF-Hybrid,1,142,0.49169236421585083,global,11,La Liga,27,2015/2016,male,Real Sociedad,RC Deportivo La Coruña
3825735,0,0,0.40409836173057556,TF-Hybrid,1,142,0.49169236421585083,global,11,La Liga,27,2015/2016,male,Villarreal,Real Betis
3879686,1,1,0.5781079530715942,TF-Hybrid,1,142,0.49169236421585083,global,12,Serie A,27,2015/2016,male,Napoli,Sassuolo
3879687,1,1,0.6354207992553711,TF-Hybrid,1,142,0.49169236421585083,global,12,Serie A,27,2015/2016,male,Torino,Frosinone
3879688,0,0,0.44074317812919617,TF-Hybrid,1,142,0.49169236421585083,global,12,Serie A,27,2015/2016,male,Atalanta,Inter Milan
3900581,1,0,0.28809818625450134,TF-Hybrid,1,142,0.49169236421585083,global,7,Ligue 1,27,2015/2016,male,Bordeaux,Lille
3900582,0,0,0.39960145950317383,TF-Hybrid,1,142,0.49169236421585083,global,7,Ligue 1,27,2015/2016,male,Gazélec Ajaccio,Stade de Reims
3900583,0,0,0.25732067227363586,TF-Hybrid,1,142,0.49169236421585083,global,7,Ligue 1,27,2015/2016,male,Troyes,Rennes
3900584,1,0,0.3126140236854553,TF-Hybrid,1,142,0.49169236421585083,global,7,Ligue 1,27,2015/2016,male,Bastia,Montpellier
3900585,0,0,0.14128412306308746,TF-Hybrid,1,142,0.49169236421585083,global,7,Ligue 1,27,2015/2016,male,Toulouse,Paris Saint-Germain
3900586,0,0,0.3171878159046173,TF-Hybrid,1,142,0.49169236421585083,global,7,Ligue 1,27,2015/2016,male,Guingamp,Nantes
266149,1,1,0.5959643125534058,TF-Hybrid,1,142,0.49169236421585083,global,11,La Liga,27,2015/2016,male,Barcelona,Athletic Club
3825736,0,0,0.39775481820106506,TF-Hybrid,1,142,0.49169236421585083,global,11,La Liga,27,2015/2016,male,Valencia,Rayo Vallecano
3825737,1,1,0.5893542170524597,TF-Hybrid,1,142,0.49169236421585083,global,11,La Liga,27,2015/2016,male,Getafe,Espanyol
3825738,0,0,0.27756959199905396,TF-Hybrid,1,142,0.49169236421585083,global,11,La Liga,27,2015/2016,male,Las Palmas,Atlético Madrid
3825739,1,1,0.6204363107681274,TF-Hybrid,1,142,0.49169236421585083,global,11,La Liga,27,2015/2016,male,Real Madrid,Sporting Gijón
3879689,1,0,0.4298355281352997,TF-Hybrid,1,142,0.49169236421585083,global,12,Serie A,27,2015/2016,male,Carpi,Sampdoria
3879690,1,0,0.40528297424316406,TF-Hybrid,1,142,0.49169236421585083,global,12,Serie A,27,2015/2016,male,AC Milan,Fiorentina
3879691,0,0,0.4018821716308594,TF-Hybrid,1,142,0.49169236421585083,global,12,Serie A,27,2015/2016,male,AS Roma,Hellas Verona
3879692,0,0,0.3590399920940399,TF-Hybrid,1,142,0.49169236421585083,global,12,Serie A,27,2015/2016,male,Chievo,Empoli
3879693,0,0,0.24650320410728455,TF-Hybrid,1,142,0.49169236421585083,global,12,Serie A,27,2015/2016,male,Udinese,Juventus
3879694,0,0,0.3898029327392578,TF-Hybrid,1,142,0.49169236421585083,global,12,Serie A,27,2015/2016,male,Bologna,Lazio
3879695,1,1,0.6851609945297241,TF-Hybrid,1,142,0.49169236421585083,global,12,Serie A,27,2015/2016,male,Genoa,Palermo
3900587,1,0,0.2961878180503845,TF-Hybrid,1,142,0.49169236421585083,global,7,Ligue 1,27,2015/2016,male,Saint-Étienne,Lyon
3900588,0,0,0.2515382170677185,TF-Hybrid,1,142,0.49169236421585083,global,7,Ligue 1,27,2015/2016,male,Lorient,AS Monaco
3900589,0,0,0.2640328109264374,TF-Hybrid,1,142,0.49169236421585083,global,7,Ligue 1,27,2015/2016,male,Stade Malherbe Caen,Olympique de Marseille
3825740,1,1,0.6508457660675049,TF-Hybrid,1,142,0.49169236421585083,global,11,La Liga,27,2015/2016,male,Eibar,Granada
3879696,0,0,0.39097702503204346,TF-Hybrid,1,142,0.49169236421585083,global,12,Serie A,27,2015/2016,male,Sassuolo,Torino
3825741,1,0,0.3174491226673126,TF-Hybrid,1,142,0.49169236421585083,global,11,La Liga,27,2015/2016,male,Sporting Gijón,Real Sociedad
3900590,1,0,0.4465402364730835,TF-Hybrid,1,142,0.49169236421585083,global,7,Ligue 1,27,2015/2016,male,Rennes,Gazélec Ajaccio
265894,0,0,0.26558393239974976,TF-Hybrid,1,142,0.49169236421585083,global,11,La Liga,27,2015/2016,male,Málaga,Barcelona
3825742,1,0,0.2544434666633606,TF-Hybrid,1,142,0.49169236421585083,global,11,La Liga,27,2015/2016,male,Granada,Getafe
3825743,1,1,0.5716697573661804,TF-Hybrid,1,142,0.49169236421585083,global,11,La Liga,27,2015/2016,male,Rayo Vallecano,Celta Vigo
3825744,0,0,0.42715904116630554,TF-Hybrid,1,142,0.49169236421585083,global,11,La Liga,27,2015/2016,male,Espanyol,Villarreal
3879697,0,0,0.21665391325950623,TF-Hybrid,1,142,0.49169236421585083,global,12,Serie A,27,2015/2016,male,Frosinone,Atalanta
3879698,0,0,0.4065313935279846,TF-Hybrid,1,142,0.49169236421585083,global,12,Serie A,27,2015/2016,male,Empoli,AC Milan
3900591,1,1,0.6743378639221191,TF-Hybrid,1,142,0.49169236421585083,global,7,Ligue 1,27,2015/2016,male,Paris Saint-Germain,Angers
3900592,0,1,0.5267122983932495,TF-Hybrid,1,142,0.49169236421585083,global,7,Ligue 1,27,2015/2016,male,Montpellier,Stade Malherbe Caen
3900593,0,1,0.5929266810417175,TF-Hybrid,1,142,0.49169236421585083,global,7,Ligue 1,27,2015/2016,male,Lille,Troyes
3900594,0,0,0.4411559998989105,TF-Hybrid,1,142,0.49169236421585083,global,7,Ligue 1,27,2015/2016,male,Nantes,Bordeaux
3900595,1,1,0.5216678380966187,TF-Hybrid,1,142,0.49169236421585083,global,7,Ligue 1,27,2015/2016,male,OGC Nice,Lorient
3900596,1,1,0.5549052953720093,TF-Hybrid,1,142,0.49169236421585083,global,7,Ligue 1,27,2015/2016,male,Guingamp,Bastia
3825745,0,0,0.43691226840019226,TF-Hybrid,1,142,0.49169236421585083,global,11,La Liga,27,2015/2016,male,RC Deportivo La Coruña,Valencia
3825746,0,0,0.1817702203989029,TF-Hybrid,1,142,0.49169236421585083,global,11,La Liga,27,2015/2016,male,Real Betis,Real Madrid
3825747,1,0,0.15889906883239746,TF-Hybrid,1,142,0.49169236421585083,global,11,La Liga,27,2015/2016,male,Athletic Club,Eibar
3825748,0,1,0.5218777656555176,TF-Hybrid,1,142,0.49169236421585083,global,11,La Liga,27,2015/2016,male,Atlético Madrid,Sevilla
3879699,0,0,0.13489526510238647,TF-Hybrid,1,142,0.49169236421585083,global,12,Serie A,27,2015/2016,male,Sampdoria,Napoli
3879700,1,0,0.3139103949069977,TF-Hybrid,1,142,0.49169236421585083,global,12,Serie A,27,2015/2016,male,Palermo,Udinese
3879701,1,1,0.5869938135147095,TF-Hybrid,1,142,0.49169236421585083,global,12,Serie A,27,2015/2016,male,Juventus,AS Roma
3879702,0,0,0.20844364166259766,TF-Hybrid,1,142,0.49169236421585083,global,12,Serie A,27,2015/2016,male,Hellas Verona,Genoa
3879703,1,0,0.46927037835121155,TF-Hybrid,1,142,0.49169236421585083,global,12,Serie A,27,2015/2016,male,Lazio,Chievo
3879704,0,0,0.47363409399986267,TF-Hybrid,1,142,0.49169236421585083,global,12,Serie A,27,2015/2016,male,Inter Milan,Carpi
3879705,0,0,0.46476075053215027,TF-Hybrid,1,142,0.49169236421585083,global,12,Serie A,27,2015/2016,male,Sassuolo,Bologna
3879706,1,0,0.38791805505752563,TF-Hybrid,1,142,0.49169236421585083,global,12,Serie A,27,2015/2016,male,Fiorentina,Torino
3900597,0,0,0.3907906115055084,TF-Hybrid,1,142,0.49169236421585083,global,7,Ligue 1,27,2015/2016,male,Lyon,Olympique de Marseille
3900598,1,1,0.6560081243515015,TF-Hybrid,1,142,0.49169236421585083,global,7,Ligue 1,27,2015/2016,male,AS Monaco,Toulouse
3900599,0,0,0.4678162932395935,TF-Hybrid,1,142,0.49169236421585083,global,7,Ligue 1,27,2015/2016,male,Stade de Reims,Saint-Étienne
3825749,1,0,0.3918445408344269,TF-Hybrid,1,142,0.49169236421585083,global,11,La Liga,27,2015/2016,male,Levante UD,Las Palmas
3900600,0,0,0.45657259225845337,TF-Hybrid,1,142,0.49169236421585083,global,7,Ligue 1,27,2015/2016,male,Olympique de Marseille,Lille
267576,1,1,0.5113768577575684,TF-Hybrid,1,142,0.49169236421585083,global,11,La Liga,27,2015/2016,male,Barcelona,Atlético Madrid
3825750,1,1,0.5263339877128601,TF-Hybrid,1,142,0.49169236421585083,global,11,La Liga,27,2015/2016,male,Real Sociedad,Real Betis
3825751,0,0,0.3836314380168915,TF-Hybrid,1,142,0.49169236421585083,global,11,La Liga,27,2015/2016,male,Getafe,Athletic Club
3825752,0,0,0.45195677876472473,TF-Hybrid,1,142,0.49169236421585083,global,11,La Liga,27,2015/2016,male,Eibar,Málaga
3825753,1,0,0.47544431686401367,TF-Hybrid,1,142,0.49169236421585083,global,11,La Liga,27,2015/2016,male,Villarreal,Granada
3879707,1,0,0.4660727083683014,TF-Hybrid,1,142,0.49169236421585083,global,12,Serie A,27,2015/2016,male,AS Roma,Frosinone
3879708,0,0,0.4431748688220978,TF-Hybrid,1,142,0.49169236421585083,global,12,Serie A,27,2015/2016,male,Atalanta,Sassuolo
3879709,0,1,0.5235557556152344,TF-Hybrid,1,142,0.49169236421585083,global,12,Serie A,27,2015/2016,male,Carpi,Palermo
3900601,0,0,0.3458607494831085,TF-Hybrid,1,142,0.49169236421585083,global,7,Ligue 1,27,2015/2016,male,Gazélec Ajaccio,Montpellier
3900602,1,0,0.33903563022613525,TF-Hybrid,1,142,0.49169236421585083,global,7,Ligue 1,27,2015/2016,male,Lorient,Stade de Reims
3900603,0,0,0.4236123263835907,TF-Hybrid,1,142,0.49169236421585083,global,7,Ligue 1,27,2015/2016,male,Toulouse,Guingamp
3900604,1,0,0.24106959998607635,TF-Hybrid,1,142,0.49169236421585083,global,7,Ligue 1,27,2015/2016,male,Angers,AS Monaco
3900605,1,0,0.08013637363910675,TF-Hybrid,1,142,0.49169236421585083,global,7,Ligue 1,27,2015/2016,male,Bastia,Lyon
3900606,0,0,0.22558848559856415,TF-Hybrid,1,142,0.49169236421585083,global,7,Ligue 1,27,2015/2016,male,Troyes,Nantes
3825754,1,0,0.48994889855384827,TF-Hybrid,1,142,0.49169236421585083,global,11,La Liga,27,2015/2016,male,Las Palmas,Celta Vigo
3825755,0,0,0.3530263602733612,TF-Hybrid,1,142,0.49169236421585083,global,11,La Liga,27,2015/2016,male,Valencia,Sporting Gijón
3825756,1,0,0.3026750087738037,TF-Hybrid,1,142,0.49169236421585083,global,11,La Liga,27,2015/2016,male,Sevilla,Levante UD
3825757,1,1,0.7646801471710205,TF-Hybrid,1,142,0.49169236421585083,global,11,La Liga,27,2015/2016,male,Real Madrid,Espanyol
3879710,1,0,0.4771620035171509,TF-Hybrid,1,142,0.49169236421585083,global,12,Serie A,27,2015/2016,male,Bologna,Sampdoria
3879711,0,0,0.17306730151176453,TF-Hybrid,1,142,0.49169236421585083,global,12,Serie A,27,2015/2016,male,Udinese,Lazio
3879712,1,0,0.42861342430114746,TF-Hybrid,1,142,0.49169236421585083,global,12,Serie A,27,2015/2016,male,AC Milan,Inter Milan
3879713,0,0,0.17182862758636475,TF-Hybrid,1,142,0.49169236421585083,global,12,Serie A,27,2015/2016,male,Chievo,Juventus
3879714,1,1,0.7132902145385742,TF-Hybrid,1,142,0.49169236421585083,global,12,Serie A,27,2015/2016,male,Napoli,Empoli
3879715,0,0,0.3284611999988556,TF-Hybrid,1,142,0.49169236421585083,global,12,Serie A,27,2015/2016,male,Torino,Hellas Verona
3879716,0,0,0.43050697445869446,TF-Hybrid,1,142,0.49169236421585083,global,12,Serie A,27,2015/2016,male,Genoa,Fiorentina
3900608,1,0,0.29060256481170654,TF-Hybrid,1,142,0.49169236421585083,global,7,Ligue 1,27,2015/2016,male,Stade Malherbe Caen,OGC Nice
3900609,1,0,0.2858344614505768,TF-Hybrid,1,142,0.49169236421585083,global,7,Ligue 1,27,2015/2016,male,Bordeaux,Rennes
3825758,0,0,0.18220818042755127,TF-Hybrid,1,142,0.49169236421585083,global,11,La Liga,27,2015/2016,male,RC Deportivo La Coruña,Rayo Vallecano
3879717,0,0,0.3803001940250397,TF-Hybrid,1,142,0.49169236421585083,global,12,Serie A,27,2015/2016,male,Sassuolo,AS Roma
3900610,0,0,0.42561230063438416,TF-Hybrid,1,142,0.49169236421585083,global,7,Ligue 1,27,2015/2016,male,Montpellier,Olympique de Marseille
3900611,1,1,0.5923881530761719,TF-Hybrid,1,142,0.49169236421585083,global,7,Ligue 1,27,2015/2016,male,AS Monaco,Bastia
3900612,1,1,0.5073792934417725,TF-Hybrid,1,142,0.49169236421585083,global,7,Ligue 1,27,2015/2016,male,Guingamp,Troyes
3900613,1,1,0.565657377243042,TF-Hybrid,1,142,0.49169236421585083,global,7,Ligue 1,27,2015/2016,male,OGC Nice,Toulouse
3900614,1,1,0.5476713180541992,TF-Hybrid,1,142,0.49169236421585083,global,7,Ligue 1,27,2015/2016,male,Lille,Stade Malherbe Caen
3900615,1,0,0.4513135850429535,TF-Hybrid,1,142,0.49169236421585083,global,7,Ligue 1,27,2015/2016,male,Nantes,Gazélec Ajaccio
3900616,1,0,0.44121330976486206,TF-Hybrid,1,142,0.49169236421585083,global,7,Ligue 1,27,2015/2016,male,Lyon,Bordeaux
3900617,1,0,0.4093892574310303,TF-Hybrid,1,142,0.49169236421585083,global,7,Ligue 1,27,2015/2016,male,Stade de Reims,Angers
3900618,1,1,0.6234656572341919,TF-Hybrid,1,142,0.49169236421585083,global,7,Ligue 1,27,2015/2016,male,Paris Saint-Germain,Lorient
3900619,0,1,0.5667380094528198,TF-Hybrid,1,142,0.49169236421585083,global,7,Ligue 1,27,2015/2016,male,Rennes,Saint-Étienne
3825759,1,1,0.5156423449516296,TF-Hybrid,1,142,0.49169236421585083,global,11,La Liga,27,2015/2016,male,Málaga,Getafe
3825760,1,0,0.39705273509025574,TF-Hybrid,1,142,0.49169236421585083,global,11,La Liga,27,2015/2016,male,Atlético Madrid,Eibar
3825761,0,0,0.33636072278022766,TF-Hybrid,1,142,0.49169236421585083,global,11,La Liga,27,2015/2016,male,Athletic Club,Villarreal
3825762,0,0,0.4367813766002655,TF-Hybrid,1,142,0.49169236421585083,global,11,La Liga,27,2015/2016,male,Sporting Gijón,RC Deportivo La Coruña
3825763,1,1,0.5641687512397766,TF-Hybrid,1,142,0.49169236421585083,global,11,La Liga,27,2015/2016,male,Rayo Vallecano,Las Palmas
3900620,0,0,0.2926003336906433,TF-Hybrid,1,142,0.49169236421585083,global,7,Ligue 1,27,2015/2016,male,Stade Malherbe Caen,Stade de Reims
3900621,0,0,0.27131909132003784,TF-Hybrid,1,142,0.49169236421585083,global,7,Ligue 1,27,2015/2016,male,Toulouse,Nantes
3900622,1,0,0.3518678843975067,TF-Hybrid,1,142,0.49169236421585083,global,7,Ligue 1,27,2015/2016,male,Bastia,Troyes
3900623,0,0,0.3666633069515228,TF-Hybrid,1,142,0.49169236421585083,global,7,Ligue 1,27,2015/2016,male,Lorient,Montpellier
3900624,0,0,0.239944726228714,TF-Hybrid,1,142,0.49169236421585083,global,7,Ligue 1,27,2015/2016,male,Angers,Lyon
3900625,1,0,0.3731457591056824,TF-Hybrid,1,142,0.49169236421585083,global,7,Ligue 1,27,2015/2016,male,AS Monaco,OGC Nice
3900626,0,0,0.23822298645973206,TF-Hybrid,1,142,0.49169236421585083,global,7,Ligue 1,27,2015/2016,male,Gazélec Ajaccio,Guingamp
266160,0,0,0.2999587953090668,TF-Hybrid,1,142,0.49169236421585083,global,11,La Liga,27,2015/2016,male,Levante UD,Barcelona
3825764,0,0,0.12069419771432877,TF-Hybrid,1,142,0.49169236421585083,global,11,La Liga,27,2015/2016,male,Granada,Real Madrid
3825765,0,0,0.3703455924987793,TF-Hybrid,1,142,0.49169236421585083,global,11,La Liga,27,2015/2016,male,Celta Vigo,Sevilla
3825766,1,0,0.3454776108264923,TF-Hybrid,1,142,0.49169236421585083,global,11,La Liga,27,2015/2016,male,Real Betis,Valencia
3900627,0,1,0.5165374279022217,TF-Hybrid,1,142,0.49169236421585083,global,7,Ligue 1,27,2015/2016,male,Bordeaux,Saint-Étienne
3900628,0,1,0.5340602993965149,TF-Hybrid,1,142,0.49169236421585083,global,7,Ligue 1,27,2015/2016,male,Lille,Rennes
3900629,0,0,0.22385922074317932,TF-Hybrid,1,142,0.49169236421585083,global,7,Ligue 1,27,2015/2016,male,Olympique de Marseille,Paris Saint-Germain
3825767,0,0,0.28079506754875183,TF-Hybrid,1,142,0.49169236421585083,global,11,La Liga,27,2015/2016,male,Espanyol,Real Sociedad
3825768,0,0,0.2835569679737091,TF-Hybrid,1,142,0.49169236421585083,global,11,La Liga,27,2015/2016,male,Sporting Gijón,Rayo Vallecano
3900630,1,0,0.2513047754764557,TF-Hybrid,1,142,0.49169236421585083,global,7,Ligue 1,27,2015/2016,male,Rennes,Angers
3825769,1,0,0.40833985805511475,TF-Hybrid,1,142,0.49169236421585083,global,11,La Liga,27,2015/2016,male,Villarreal,Málaga
3825770,1,1,0.5663779377937317,TF-Hybrid,1,142,0.49169236421585083,global,11,La Liga,27,2015/2016,male,Real Madrid,Athletic Club
3825771,0,1,0.593461811542511,TF-Hybrid,1,142,0.49169236421585083,global,11,La Liga,27,2015/2016,male,RC Deportivo La Coruña,Real Betis
3825772,1,0,0.4966902732849121,TF-Hybrid,1,142,0.49169236421585083,global,11,La Liga,27,2015/2016,male,Valencia,Espanyol
3900631,1,0,0.4898107945919037,TF-Hybrid,1,142,0.49169236421585083,global,7,Ligue 1,27,2015/2016,male,Montpellier,Toulouse
3900632,0,0,0.31689774990081787,TF-Hybrid,1,142,0.49169236421585083,global,7,Ligue 1,27,2015/2016,male,Guingamp,Bordeaux
3900633,0,0,0.3961922228336334,TF-Hybrid,1,142,0.49169236421585083,global,7,Ligue 1,27,2015/2016,male,Gazélec Ajaccio,Troyes
3900634,0,0,0.46397289633750916,TF-Hybrid,1,142,0.49169236421585083,global,7,Ligue 1,27,2015/2016,male,Paris Saint-Germain,Lille
3900635,0,0,0.46703672409057617,TF-Hybrid,1,142,0.49169236421585083,global,7,Ligue 1,27,2015/2016,male,Stade de Reims,Bastia
3900636,1,0,0.4887006878852844,TF-Hybrid,1,142,0.49169236421585083,global,7,Ligue 1,27,2015/2016,male,Nantes,Lorient
266254,1,1,0.6334346532821655,TF-Hybrid,1,142,0.49169236421585083,global,11,La Liga,27,2015/2016,male,Barcelona,Celta Vigo
3825773,1,0,0.2940521836280823,TF-Hybrid,1,142,0.49169236421585083,global,11,La Liga,27,2015/2016,male,Eibar,Levante UD
3825774,0,0,0.262460321187973,TF-Hybrid,1,142,0.49169236421585083,global,11,La Liga,27,2015/2016,male,Getafe,Atlético Madrid
3825775,1,0,0.4732547700405121,TF-Hybrid,1,142,0.49169236421585083,global,11,La Liga,27,2015/2016,male,Real Sociedad,Granada
3825776,1,0,0.3356952965259552,TF-Hybrid,1,142,0.49169236421585083,global,11,La Liga,27,2015/2016,male,Sevilla,Las Palmas
3900638,1,1,0.6542128920555115,TF-Hybrid,1,142,0.49169236421585083,global,7,Ligue 1,27,2015/2016,male,Lyon,Stade Malherbe Caen
3900639,0,1,0.5466288924217224,TF-Hybrid,1,142,0.49169236421585083,global,7,Ligue 1,27,2015/2016,male,Saint-Étienne,AS Monaco
266815,0,0,0.16426347196102142,TF-Hybrid,1,142,0.49169236421585083,global,11,La Liga,27,2015/2016,male,Sporting Gijón,Barcelona
3825777,1,0,0.39567142724990845,TF-Hybrid,1,142,0.49169236421585083,global,11,La Liga,27,2015/2016,male,Levante UD,Getafe
267273,0,0,0.17228756844997406,TF-Hybrid,1,142,0.49169236421585083,global,11,La Liga,27,2015/2016,male,Las Palmas,Barcelona
3825778,0,0,0.4005785286426544,TF-Hybrid,1,142,0.49169236421585083,global,11,La Liga,27,2015/2016,male,Real Betis,Sporting Gijón
3825779,1,0,0.3783518373966217,TF-Hybrid,1,142,0.49169236421585083,global,11,La Liga,27,2015/2016,male,Celta Vigo,Eibar
3825780,1,0,0.17660272121429443,TF-Hybrid,1,142,0.49169236421585083,global,11,La Liga,27,2015/2016,male,Espanyol,RC Deportivo La Coruña
3825781,0,1,0.5237542986869812,TF-Hybrid,1,142,0.49169236421585083,global,11,La Liga,27,2015/2016,male,Rayo Vallecano,Sevilla
3825782,0,0,0.3342647850513458,TF-Hybrid,1,142,0.49169236421585083,global,11,La Liga,27,2015/2016,male,Granada,Valencia
3825783,0,0,0.2406129539012909,TF-Hybrid,1,142,0.49169236421585083,global,11,La Liga,27,2015/2016,male,Athletic Club,Real Sociedad
3825784,0,0,0.3828146159648895,TF-Hybrid,1,142,0.49169236421585083,global,11,La Liga,27,2015/2016,male,Atlético Madrid,Villarreal
3825785,0,0,0.2174157202243805,TF-Hybrid,1,142,0.49169236421585083,global,11,La Liga,27,2015/2016,male,Málaga,Real Madrid
3825786,0,0,0.4706142544746399,TF-Hybrid,1,142,0.49169236421585083,global,11,La Liga,27,2015/2016,male,Eibar,Las Palmas
2275062,0,0,0.2958444654941559,TF-Hybrid,1,142,0.49169236421585083,global,37,FA Women's Super League,42,2019/2020,female,Liverpool WFC,Arsenal WFC
2275030,0,0,0.39502954483032227,TF-Hybrid,1,142,0.49169236421585083,global,37,FA Women's Super League,42,2019/2020,female,Brighton & Hove Albion WFC,Tottenham Hotspur Women
2275083,0,0,0.4326276481151581,TF-Hybrid,1,142,0.49169236421585083,global,37,FA Women's Super League,42,2019/2020,female,Birmingham City WFC,Bristol City WFC
2275105,0,0,0.2563130855560303,TF-Hybrid,1,142,0.49169236421585083,global,37,FA Women's Super League,42,2019/2020,female,Manchester City WFC,Chelsea FCW
2275133,1,0,0.21693001687526703,TF-Hybrid,1,142,0.49169236421585083,global,37,FA Women's Super League,42,2019/2020,female,West Ham United LFC,Liverpool WFC
3764230,0,1,0.5375075936317444,TF-Hybrid,1,142,0.49169236421585083,global,37,FA Women's Super League,90,2020/2021,female,Tottenham Hotspur Women,West Ham United LFC
3764231,1,1,0.538402259349823,TF-Hybrid,1,142,0.49169236421585083,global,37,FA Women's Super League,90,2020/2021,female,Brighton & Hove Albion WFC,Birmingham City WFC
3764232,0,0,0.1496213972568512,TF-Hybrid,1,142,0.49169236421585083,global,37,FA Women's Super League,90,2020/2021,female,Manchester United W,Chelsea FCW
3764233,1,0,0.4078710079193115,TF-Hybrid,1,142,0.49169236421585083,global,37,FA Women's Super League,90,2020/2021,female,Arsenal WFC,Reading WFC
3764240,0,0,0.19008678197860718,TF-Hybrid,1,142,0.49169236421585083,global,37,FA Women's Super League,90,2020/2021,female,Bristol City WFC,Everton LFC
3764238,0,0,0.11079589277505875,TF-Hybrid,1,142,0.49169236421585083,global,37,FA Women's Super League,90,2020/2021,female,West Ham United LFC,Arsenal WFC
3764235,1,1,0.8364859223365784,TF-Hybrid,1,142,0.49169236421585083,global,37,FA Women's Super League,90,2020/2021,female,Chelsea FCW,Bristol City WFC
3764239,1,0,0.4752415120601654,TF-Hybrid,1,142,0.49169236421585083,global,37,FA Women's Super League,90,2020/2021,female,Everton LFC,Tottenham Hotspur Women
3764241,0,1,0.5191801190376282,TF-Hybrid,1,142,0.49169236421585083,global,37,FA Women's Super League,90,2020/2021,female,Manchester City WFC,Brighton & Hove Albion WFC
3775545,1,1,0.5667433142662048,TF-Hybrid,1,142,0.49169236421585083,global,37,FA Women's Super League,90,2020/2021,female,Manchester City WFC,Tottenham Hotspur Women
3775562,1,1,0.6138222813606262,TF-Hybrid,1,142,0.49169236421585083,global,37,FA Women's Super League,90,2020/2021,female,Manchester United W,Brighton & Hove Albion WFC
3775572,0,0,0.0426449216902256,TF-Hybrid,1,142,0.49169236421585083,global,37,FA Women's Super League,90,2020/2021,female,Birmingham City WFC,Chelsea FCW
3775602,0,0,0.2493128627538681,TF-Hybrid,1,142,0.49169236421585083,global,37,FA Women's Super League,90,2020/2021,female,West Ham United LFC,Reading WFC
3775657,1,1,0.8970019817352295,TF-Hybrid,1,142,0.49169236421585083,global,37,FA Women's Super League,90,2020/2021,female,Arsenal WFC,Bristol City WFC
3775543,0,0,0.035693615674972534,TF-Hybrid,1,142,0.49169236421585083,global,37,FA Women's Super League,90,2020/2021,female,Brighton & Hove Albion WFC,Arsenal WFC
3775611,1,1,0.6075162291526794,TF-Hybrid,1,142,0.49169236421585083,global,37,FA Women's Super League,90,2020/2021,female,Chelsea FCW,Manchester City WFC
3775618,0,1,0.5661436915397644,TF-Hybrid,1,142,0.49169236421585083,global,37,FA Women's Super League,90,2020/2021,female,Reading WFC,Birmingham City WFC
3775620,1,1,0.6737929582595825,TF-Hybrid,1,142,0.49169236421585083,global,37,FA Women's Super League,90,2020/2021,female,Everton LFC,West Ham United LFC
3775582,0,1,0.7549772262573242,TF-Hybrid,1,142,0.49169236421585083,global,37,FA Women's Super League,90,2020/2021,female,Everton LFC,Brighton & Hove Albion WFC
3775586,1,1,0.8011757135391235,TF-Hybrid,1,142,0.49169236421585083,global,37,FA Women's Super League,90,2020/2021,female,Arsenal WFC,Tottenham Hotspur Women
3775636,0,0,0.2043195515871048,TF-Hybrid,1,142,0.49169236421585083,global,37,FA Women's Super League,90,2020/2021,female,Bristol City WFC,Birmingham City WFC
3775659,0,0,0.2228115200996399,TF-Hybrid,1,142,0.49169236421585083,global,37,FA Women's Super League,90,2020/2021,female,Reading WFC,Manchester City WFC
3775592,0,0,0.2744698226451874,TF-Hybrid,1,142,0.49169236421585083,global,37,FA Women's Super League,90,2020/2021,female,Tottenham Hotspur Women,Reading WFC
3775625,1,1,0.8425945043563843,TF-Hybrid,1,142,0.49169236421585083,global,37,FA Women's Super League,90,2020/2021,female,Manchester City WFC,Bristol City WFC
3775551,1,0,0.25629761815071106,TF-Hybrid,1,142,0.49169236421585083,global,37,FA Women's Super League,90,2020/2021,female,Manchester United W,Arsenal WFC
3775553,0,0,0.44972747564315796,TF-Hybrid,1,142,0.49169236421585083,global,37,FA Women's Super League,90,2020/2021,female,Birmingham City WFC,West Ham United LFC
3775645,1,1,0.689700186252594,TF-Hybrid,1,142,0.49169236421585083,global,37,FA Women's Super League,90,2020/2021,female,Chelsea FCW,Everton LFC
3775554,0,0,0.49681389331817627,TF-Hybrid,1,142,0.49169236421585083,global,37,FA Women's Super League,90,2020/2021,female,Everton LFC,Reading WFC
3775624,0,0,0.2384357899427414,TF-Hybrid,1,142,0.49169236421585083,global,37,FA Women's Super League,90,2020/2021,female,Manchester United W,Manchester City WFC
3775631,0,0,0.16270339488983154,TF-Hybrid,1,142,0.49169236421585083,global,37,FA Women's Super League,90,2020/2021,female,Bristol City WFC,Tottenham Hotspur Women
3775623,0,1,0.6041315197944641,TF-Hybrid,1,142,0.49169236421585083,global,37,FA Women's Super League,90,2020/2021,female,West Ham United LFC,Brighton & Hove Albion WFC
3775627,0,0,0.32439517974853516,TF-Hybrid,1,142,0.49169236421585083,global,37,FA Women's Super League,90,2020/2021,female,Arsenal WFC,Chelsea FCW
3775584,1,1,0.653134822845459,TF-Hybrid,1,142,0.49169236421585083,global,37,FA Women's Super League,90,2020/2021,female,Arsenal WFC,Birmingham City WFC
3775588,1,1,0.6095999479293823,TF-Hybrid,1,142,0.49169236421585083,global,37,FA Women's Super League,90,2020/2021,female,Tottenham Hotspur Women,Brighton & Hove Albion WFC
3775621,0,1,0.5779566764831543,TF-Hybrid,1,142,0.49169236421585083,global,37,FA Women's Super League,90,2020/2021,female,Reading WFC,Bristol City WFC
3775632,0,0,0.12474793195724487,TF-Hybrid,1,142,0.49169236421585083,global,37,FA Women's Super League,90,2020/2021,female,Everton LFC,Manchester City WFC
3775650,1,1,0.5186141729354858,TF-Hybrid,1,142,0.49169236421585083,global,37,FA Women's Super League,90,2020/2021,female,Chelsea FCW,West Ham United LFC
3775580,0,0,0.1549549549818039,TF-Hybrid,1,142,0.49169236421585083,global,37,FA Women's Super League,90,2020/2021,female,Brighton & Hove Albion WFC,Chelsea FCW
3775583,1,1,0.517177402973175,TF-Hybrid,1,142,0.49169236421585083,global,37,FA Women's Super League,90,2020/2021,female,Manchester City WFC,Arsenal WFC
3775616,0,0,0.14519138634204865,TF-Hybrid,1,142,0.49169236421585083,global,37,FA Women's Super League,90,2020/2021,female,Bristol City WFC,West Ham United LFC
3775559,1,1,0.653779149055481,TF-Hybrid,1,142,0.49169236421585083,global,37,FA Women's Super League,90,2020/2021,female,Arsenal WFC,Everton LFC
3775610,1,1,0.8021969795227051,TF-Hybrid,1,142,0.49169236421585083,global,37,FA Women's Super League,90,2020/2021,female,Manchester United W,Bristol City WFC
3775619,0,0,0.2192777693271637,TF-Hybrid,1,142,0.49169236421585083,global,37,FA Women's Super League,90,2020/2021,female,Brighton & Hove Albion WFC,Reading WFC
3775606,0,0,0.3259967267513275,TF-Hybrid,1,142,0.49169236421585083,global,37,FA Women's Super League,90,2020/2021,female,Reading WFC,Chelsea FCW
3775542,1,1,0.5635038018226624,TF-Hybrid,1,142,0.49169236421585083,global,37,FA Women's Super League,90,2020/2021,female,Everton LFC,Bristol City WFC
3775589,0,0,0.1947837620973587,TF-Hybrid,1,142,0.49169236421585083,global,37,FA Women's Super League,90,2020/2021,female,Reading WFC,Arsenal WFC
3775608,0,0,0.3739562928676605,TF-Hybrid,1,142,0.49169236421585083,global,37,FA Women's Super League,90,2020/2021,female,West Ham United LFC,Tottenham Hotspur Women
3775647,0,0,0.34098973870277405,TF-Hybrid,1,142,0.49169236421585083,global,37,FA Women's Super League,90,2020/2021,female,Birmingham City WFC,Brighton & Hove Albion WFC
3775594,1,1,0.835050106048584,TF-Hybrid,1,142,0.49169236421585083,global,37,FA Women's Super League,90,2020/2021,female,Manchester United W,Birmingham City WFC
3775629,0,0,0.20562635362148285,TF-Hybrid,1,142,0.49169236421585083,global,37,FA Women's Super League,90,2020/2021,female,Brighton & Hove Albion WFC,Manchester City WFC
3817865,0,0,0.3285946249961853,TF-Hybrid,1,142,0.49169236421585083,global,1238,Indian Super league,108,2021/2022,male,NorthEast United,Odisha
3817853,0,1,0.7559252381324768,TF-Hybrid,1,142,0.49169236421585083,global,1238,Indian Super league,108,2021/2022,male,Goa,East Bengal
3817876,1,0,0.37981104850769043,TF-Hybrid,1,142,0.49169236421585083,global,1238,Indian Super league,108,2021/2022,male,Chennaiyin,NorthEast United
3813313,0,0,0.3529307246208191,TF-Hybrid,1,142,0.49169236421585083,global,1238,Indian Super league,108,2021/2022,male,Mohun Bagan Super Giant,Odisha
3817874,0,0,0.26798489689826965,TF-Hybrid,1,142,0.49169236421585083,global,1238,Indian Super league,108,2021/2022,male,Bengaluru,Goa
3817867,0,0,0.49302810430526733,TF-Hybrid,1,142,0.49169236421585083,global,1238,Indian Super league,108,2021/2022,male,Mumbai City,NorthEast United
3817868,1,1,0.6696929931640625,TF-Hybrid,1,142,0.49169236421585083,global,1238,Indian Super league,108,2021/2022,male,Bengaluru,Chennaiyin
3817875,1,0,0.2504138946533203,TF-Hybrid,1,142,0.49169236421585083,global,1238,Indian Super league,108,2021/2022,male,Jamshedpur,Goa
3817888,1,1,0.6865127086639404,TF-Hybrid,1,142,0.49169236421585083,global,1238,Indian Super league,108,2021/2022,male,Mohun Bagan Super Giant,East Bengal
3857277,0,0,0.2449887990951538,TF-Hybrid,1,142,0.49169236421585083,global,43,FIFA World Cup,106,2022,male,Morocco,Croatia
3857284,0,1,0.6910406351089478,TF-Hybrid,1,142,0.49169236421585083,global,43,FIFA World Cup,106,2022,male,Germany,Japan
3857291,1,1,0.7581486105918884,TF-Hybrid,1,142,0.49169236421585083,global,43,FIFA World Cup,106,2022,male,Spain,Costa Rica
3857258,1,1,0.7042826414108276,TF-Hybrid,1,142,0.49169236421585083,global,43,FIFA World Cup,106,2022,male,Brazil,Serbia
3857287,0,0,0.44578418135643005,TF-Hybrid,1,142,0.49169236421585083,global,43,FIFA World Cup,106,2022,male,Uruguay,South Korea
3857266,1,1,0.615746259689331,TF-Hybrid,1,142,0.49169236421585083,global,43,FIFA World Cup,106,2022,male,France,Denmark
3857288,0,0,0.44140344858169556,TF-Hybrid,1,142,0.49169236421585083,global,43,FIFA World Cup,106,2022,male,Tunisia,Australia
3857289,1,0,0.4466840326786041,TF-Hybrid,1,142,0.49169236421585083,global,43,FIFA World Cup,106,2022,male,Argentina,Mexico
3857297,1,0,0.4226641356945038,TF-Hybrid,1,142,0.49169236421585083,global,43,FIFA World Cup,106,2022,male,Poland,Saudi Arabia
3857263,0,0,0.48965173959732056,TF-Hybrid,1,142,0.49169236421585083,global,43,FIFA World Cup,106,2022,male,Spain,Germany
3857283,0,0,0.44989585876464844,TF-Hybrid,1,142,0.49169236421585083,global,43,FIFA World Cup,106,2022,male,Belgium,Morocco
3857295,0,1,0.5159282684326172,TF-Hybrid,1,142,0.49169236421585083,global,43,FIFA World Cup,106,2022,male,Japan,Costa Rica
3881539,0,0,0.49309319257736206,TF-Hybrid,1,142,0.49169236421585083,global,49,NWSL,107,2023,female,NJ/NY Gotham FC,San Diego Wave
3881542,0,0,0.4933110177516937,TF-Hybrid,1,142,0.49169236421585083,global,49,NWSL,107,2023,female,Angel City,Chicago Red Stars
3881544,0,0,0.445781946182251,TF-Hybrid,1,142,0.49169236421585083,global,49,NWSL,107,2023,female,Racing Louisville FC,San Diego Wave
3881543,0,0,0.23728802800178528,TF-Hybrid,1,142,0.49169236421585083,global,49,NWSL,107,2023,female,Chicago Red Stars,North Carolina Courage
3881545,1,0,0.4727414548397064,TF-Hybrid,1,142,0.49169236421585083,global,49,NWSL,107,2023,female,Seattle Reign,KC Current
3881546,1,0,0.4704609215259552,TF-Hybrid,1,142,0.49169236421585083,global,49,NWSL,107,2023,female,Washington Spirit,Angel City
3881547,1,0,0.3137628138065338,TF-Hybrid,1,142,0.49169236421585083,global,49,NWSL,107,2023,female,Orlando Pride,Portland Thorns
3881548,0,0,0.2906224727630615,TF-Hybrid,1,142,0.49169236421585083,global,49,NWSL,107,2023,female,Houston Dash,NJ/NY Gotham FC
3881549,0,0,0.36198726296424866,TF-Hybrid,1,142,0.49169236421585083,global,49,NWSL,107,2023,female,San Diego Wave,Angel City
3881550,1,0,0.3385602831840515,TF-Hybrid,1,142,0.49169236421585083,global,49,NWSL,107,2023,female,Racing Louisville FC,NJ/NY Gotham FC
3881551,1,0,0.41673943400382996,TF-Hybrid,1,142,0.49169236421585083,global,49,NWSL,107,2023,female,North Carolina Courage,Orlando Pride
3881552,0,0,0.2411048710346222,TF-Hybrid,1,142,0.49169236421585083,global,49,NWSL,107,2023,female,Houston Dash,Seattle Reign
3881553,0,0,0.44243285059928894,TF-Hybrid,1,142,0.49169236421585083,global,49,NWSL,107,2023,female,KC Current,Washington Spirit
3881554,0,0,0.17127463221549988,TF-Hybrid,1,142,0.49169236421585083,global,49,NWSL,107,2023,female,Chicago Red Stars,Portland Thorns
3881555,1,0,0.4590354561805725,TF-Hybrid,1,142,0.49169236421585083,global,49,NWSL,107,2023,female,Portland Thorns,Washington Spirit
3881558,0,0,0.3861997127532959,TF-Hybrid,1,142,0.49169236421585083,global,49,NWSL,107,2023,female,Orlando Pride,KC Current
3912529,0,0,0.18724726140499115,TF-Hybrid,1,142,0.49169236421585083,global,131,Serie A Women,281,2023/2024,female,Sassuolo W,Juventus W
3912531,1,1,0.7669508457183838,TF-Hybrid,1,142,0.49169236421585083,global,131,Serie A Women,281,2023/2024,female,Fiorentina W,Pomigliano
3912528,1,1,0.5449681282043457,TF-Hybrid,1,142,0.49169236421585083,global,131,Serie A Women,281,2023/2024,female,AC Milan W,Como W
3912534,0,0,0.3309715688228607,TF-Hybrid,1,142,0.49169236421585083,global,131,Serie A Women,281,2023/2024,female,Napoli W,FC Internazionale Milano W
3912536,1,1,0.8141807317733765,TF-Hybrid,1,142,0.49169236421585083,global,131,Serie A Women,281,2023/2024,female,AS Roma W,Sampdoria W
3911310,1,1,0.5126705765724182,TF-Hybrid,1,142,0.49169236421585083,global,182,Liga F,281,2023/2024,female,Sevilla FC,SD Eibar
3911311,0,0,0.36197829246520996,TF-Hybrid,1,142,0.49169236421585083,global,182,Liga F,281,2023/2024,female,Real Sociedad de Fútbol,Madrid CFF
3911312,0,0,0.49247506260871887,TF-Hybrid,1,142,0.49169236421585083,global,182,Liga F,281,2023/2024,female,Levante UD Femenino,Granada W
3911315,0,0,0.036755722016096115,TF-Hybrid,1,142,0.49169236421585083,global,182,Liga F,281,2023/2024,female,Real Betis Balompié,Barcelona WFC
3912532,0,0,0.38598889112472534,TF-Hybrid,1,142,0.49169236421585083,global,131,Serie A Women,281,2023/2024,female,Como W,Sassuolo W
3912535,0,0,0.15244220197200775,TF-Hybrid,1,142,0.49169236421585083,global,131,Serie A Women,281,2023/2024,female,Pomigliano,AC Milan W
3912192,0,0,0.2679932117462158,TF-Hybrid,1,142,0.49169236421585083,global,135,Frauen Bundesliga,281,2023/2024,female,SGS Essen 19/68,VfL Wolfsburg WFC
3912533,0,0,0.4867114722728729,TF-Hybrid,1,142,0.49169236421585083,global,131,Serie A Women,281,2023/2024,female,Juventus W,Fiorentina W
3912198,0,0,0.2687830328941345,TF-Hybrid,1,142,0.49169236421585083,global,135,Frauen Bundesliga,281,2023/2024,female,Duisburg WFC,Hoffenheim W
3911471,0,0,0.34273871779441833,TF-Hybrid,1,142,0.49169236421585083,global,182,Liga F,281,2023/2024,female,Atletico Madrid W,Levante UD Femenino
3911473,0,0,0.26860761642456055,TF-Hybrid,1,142,0.49169236421585083,global,182,Liga F,281,2023/2024,female,Madrid CFF,Sevilla FC
3911474,1,1,0.6356232762336731,TF-Hybrid,1,142,0.49169236421585083,global,182,Liga F,281,2023/2024,female,Real Madrid CF W,Valencia CF
3911475,1,0,0.472883403301239,TF-Hybrid,1,142,0.49169236421585083,global,182,Liga F,281,2023/2024,female,Villarreal,Real Betis Balompié
3911477,1,1,0.5257736444473267,TF-Hybrid,1,142,0.49169236421585083,global,182,Liga F,281,2023/2024,female,Granada W,Athletic Club Bilbao
3912195,1,0,0.47460538148880005,TF-Hybrid,1,142,0.49169236421585083,global,135,Frauen Bundesliga,281,2023/2024,female,RB Leipzig W,Köln
3912199,1,1,0.5637457370758057,TF-Hybrid,1,142,0.49169236421585083,global,135,Frauen Bundesliga,281,2023/2024,female,SV Werder Bremen,Nürnberg W
3912537,1,0,0.438480406999588,TF-Hybrid,1,142,0.49169236421585083,global,131,Serie A Women,281,2023/2024,female,Sassuolo W,Napoli W
3912539,0,0,0.41984832286834717,TF-Hybrid,1,142,0.49169236421585083,global,131,Serie A Women,281,2023/2024,female,AC Milan W,Fiorentina W
3912555,0,1,0.5356727838516235,TF-Hybrid,1,142,0.49169236421585083,global,131,Serie A Women,281,2023/2024,female,FC Internazionale Milano W,Como W
3911472,1,1,0.9354821443557739,TF-Hybrid,1,142,0.49169236421585083,global,182,Liga F,281,2023/2024,female,Barcelona WFC,CD Sporting de Huelva
3911476,0,0,0.27444368600845337,TF-Hybrid,1,142,0.49169236421585083,global,182,Liga F,281,2023/2024,female,SD Eibar,Real Sociedad de Fútbol
3911478,0,1,0.6109021306037903,TF-Hybrid,1,142,0.49169236421585083,global,182,Liga F,281,2023/2024,female,Costa Adeje Tenerife,FC Levante Badalona
3912194,1,1,0.5858533382415771,TF-Hybrid,1,142,0.49169236421585083,global,135,Frauen Bundesliga,281,2023/2024,female,Eintracht Frankfurt W,SGS Essen 19/68
3912197,0,0,0.1819392293691635,TF-Hybrid,1,142,0.49169236421585083,global,135,Frauen Bundesliga,281,2023/2024,female,TSV Bayer 04 Leverkusen,VfL Wolfsburg WFC
3912538,1,0,0.4743969738483429,TF-Hybrid,1,142,0.49169236421585083,global,131,Serie A Women,281,2023/2024,female,AS Roma W,Juventus W
3912556,1,1,0.5206432938575745,TF-Hybrid,1,142,0.49169236421585083,global,131,Serie A Women,281,2023/2024,female,Sampdoria W,Pomigliano
3912196,1,1,0.587910532951355,TF-Hybrid,1,142,0.49169236421585083,global,135,Frauen Bundesliga,281,2023/2024,female,Bayern München W,SC Freiburg
3912204,0,1,0.5189216136932373,TF-Hybrid,1,142,0.49169236421585083,global,135,Frauen Bundesliga,281,2023/2024,female,SGS Essen 19/68,RB Leipzig W
3911479,0,0,0.4423876702785492,TF-Hybrid,1,142,0.49169236421585083,global,182,Liga F,281,2023/2024,female,Valencia CF,Villarreal
3911480,0,0,0.39811867475509644,TF-Hybrid,1,142,0.49169236421585083,global,182,Liga F,281,2023/2024,female,FC Levante Badalona,SD Eibar
3911482,0,0,0.02593303844332695,TF-Hybrid,1,142,0.49169236421585083,global,182,Liga F,281,2023/2024,female,Sevilla FC,Barcelona WFC
3912201,0,0,0.4057644307613373,TF-Hybrid,1,142,0.49169236421585083,global,135,Frauen Bundesliga,281,2023/2024,female,Hoffenheim W,SV Werder Bremen
3912203,0,0,0.17589382827281952,TF-Hybrid,1,142,0.49169236421585083,global,135,Frauen Bundesliga,281,2023/2024,female,Köln,Bayern München W
3911481,0,0,0.34778544306755066,TF-Hybrid,1,142,0.49169236421585083,global,182,Liga F,281,2023/2024,female,Real Sociedad de Fútbol,Granada W
3911483,0,0,0.19543211162090302,TF-Hybrid,1,142,0.49169236421585083,global,182,Liga F,281,2023/2024,female,CD Sporting de Huelva,Athletic Club Bilbao
3911484,0,0,0.11068892478942871,TF-Hybrid,1,142,0.49169236421585083,global,182,Liga F,281,2023/2024,female,Real Betis Balompié,Real Madrid CF W
3911485,1,1,0.5235902070999146,TF-Hybrid,1,142,0.49169236421585083,global,182,Liga F,281,2023/2024,female,Levante UD Femenino,Costa Adeje Tenerife
3911486,0,1,0.6426822543144226,TF-Hybrid,1,142,0.49169236421585083,global,182,Liga F,281,2023/2024,female,Atletico Madrid W,Madrid CFF
3912200,1,0,0.46161288022994995,TF-Hybrid,1,142,0.49169236421585083,global,135,Frauen Bundesliga,281,2023/2024,female,VfL Wolfsburg WFC,Eintracht Frankfurt W
3912202,0,0,0.347281813621521,TF-Hybrid,1,142,0.49169236421585083,global,135,Frauen Bundesliga,281,2023/2024,female,SC Freiburg,Duisburg WFC
3912205,0,0,0.2604547142982483,TF-Hybrid,1,142,0.49169236421585083,global,135,Frauen Bundesliga,281,2023/2024,female,Nürnberg W,TSV Bayer 04 Leverkusen
3911306,0,1,0.8677375316619873,TF-Hybrid,1,142,0.49169236421585083,global,182,Liga F,281,2023/2024,female,Barcelona WFC,Levante UD Femenino
3911307,0,0,0.3056296706199646,TF-Hybrid,1,142,0.49169236421585083,global,182,Liga F,281,2023/2024,female,Atletico Madrid W,Real Madrid CF W
3911488,1,0,0.49562591314315796,TF-Hybrid,1,142,0.49169236421585083,global,182,Liga F,281,2023/2024,female,Athletic Club Bilbao,Real Betis Balompié
3911490,0,0,0.4587862491607666,TF-Hybrid,1,142,0.49169236421585083,global,182,Liga F,281,2023/2024,female,Granada W,Sevilla FC
3911493,0,0,0.3521323502063751,TF-Hybrid,1,142,0.49169236421585083,global,182,Liga F,281,2023/2024,female,Villarreal,Real Sociedad de Fútbol
3911494,0,0,0.19548237323760986,TF-Hybrid,1,142,0.49169236421585083,global,182,Liga F,281,2023/2024,female,CD Sporting de Huelva,Valencia CF
3911487,1,0,0.3698486089706421,TF-Hybrid,1,142,0.49169236421585083,global,182,Liga F,281,2023/2024,female,Madrid CFF,FC Levante Badalona
3911489,1,1,0.7251768708229065,TF-Hybrid,1,142,0.49169236421585083,global,182,Liga F,281,2023/2024,female,Barcelona WFC,Atletico Madrid W
3911491,1,1,0.6072755455970764,TF-Hybrid,1,142,0.49169236421585083,global,182,Liga F,281,2023/2024,female,Real Madrid CF W,Costa Adeje Tenerife
3911492,0,0,0.4424287974834442,TF-Hybrid,1,142,0.49169236421585083,global,182,Liga F,281,2023/2024,female,SD Eibar,Levante UD Femenino
3754202,0,0,0.4358598589897156,TF-NN,2,242,,global,2,Premier League,27,2015/2016,male,Stoke City,Arsenal
3754345,0,0,0.3905656337738037,TF-NN,2,242,,global,2,Premier League,27,2015/2016,male,Liverpool,Manchester United
3754161,1,0,0.16878880560398102,TF-NN,2,242,,global,2,Premier League,27,2015/2016,male,Swansea City,Watford
3753975,0,0,0.1937384158372879,TF-NN,2,242,,global,2,Premier League,27,2015/2016,male,Sunderland,AFC Bournemouth
3754084,0,0,0.2070545256137848,TF-NN,2,242,,global,2,Premier League,27,2015/2016,male,West Bromwich Albion,Aston Villa
3754110,0,0,0.3355748951435089,TF-NN,2,242,,global,2,Premier League,27,2015/2016,male,West Ham United,Manchester City
3754179,0,0,0.18703259527683258,TF-NN,2,242,,global,2,Premier League,27,2015/2016,male,Crystal Palace,Tottenham Hotspur
3754200,0,0,0.09684337675571442,TF-NN,2,242,,global,2,Premier League,27,2015/2016,male,Manchester United,Southampton
3754271,1,1,0.586618959903717,TF-NN,2,242,,global,2,Premier League,27,2015/2016,male,Watford,Newcastle United
3754341,1,0,0.49181538820266724,TF-NN,2,242,,global,2,Premier League,27,2015/2016,male,Leicester City,Stoke City
3754348,0,0,0.4017484784126282,TF-NN,2,242,,global,2,Premier League,27,2015/2016,male,Norwich City,Liverpool
3754111,0,0,0.3119153380393982,TF-NN,2,242,,global,2,Premier League,27,2015/2016,male,Arsenal,Chelsea
3754163,0,0,0.38694363832473755,TF-NN,2,242,,global,2,Premier League,27,2015/2016,male,Everton,Swansea City
3753997,1,1,0.9110864400863647,TF-NN,2,242,,global,2,Premier League,27,2015/2016,male,West Ham United,Aston Villa
3754089,0,0,0.2814188301563263,TF-NN,2,242,,global,2,Premier League,27,2015/2016,male,Crystal Palace,AFC Bournemouth
3754094,1,1,0.7718442678451538,TF-NN,2,242,,global,2,Premier League,27,2015/2016,male,Manchester United,Stoke City
3754095,0,0,0.20047317445278168,TF-NN,2,242,,global,2,Premier League,27,2015/2016,male,Sunderland,Manchester City
3754201,0,1,0.7321451902389526,TF-NN,2,242,,global,2,Premier League,27,2015/2016,male,Arsenal,Southampton
3754275,1,0,0.4524821639060974,TF-NN,2,242,,global,2,Premier League,27,2015/2016,male,Leicester City,Liverpool
3754317,0,0,0.40292975306510925,TF-NN,2,242,,global,2,Premier League,27,2015/2016,male,Norwich City,Tottenham Hotspur
3754340,0,1,0.5591539144515991,TF-NN,2,242,,global,2,Premier League,27,2015/2016,male,West Bromwich Albion,Swansea City
3754103,0,0,0.4017869234085083,TF-NN,2,242,,global,2,Premier League,27,2015/2016,male,Watford,Chelsea
3754252,1,1,0.838552713394165,TF-NN,2,242,,global,2,Premier League,27,2015/2016,male,Everton,Newcastle United
3879718,0,0,0.4941771626472473,TF-NN,2,242,,global,12,Serie A,27,2015/2016,male,Empoli,Udinese
3879719,0,0,0.3286131024360657,TF-NN,2,242,,global,12,Serie A,27,2015/2016,male,Sampdoria,Torino
3879720,0,0,0.17480848729610443,TF-NN,2,242,,global,12,Serie A,27,2015/2016,male,Lazio,Napoli
3879721,0,0,0.1266573816537857,TF-NN,2,242,,global,12,Serie A,27,2015/2016,male,Palermo,AC Milan
3879722,1,0,0.4119422435760498,TF-NN,2,242,,global,12,Serie A,27,2015/2016,male,Hellas Verona,Atalanta
3879723,1,1,0.5349489450454712,TF-NN,2,242,,global,12,Serie A,27,2015/2016,male,Inter Milan,Chievo
3879724,1,0,0.19820569455623627,TF-NN,2,242,,global,12,Serie A,27,2015/2016,male,Fiorentina,Carpi
3879725,1,0,0.4451264441013336,TF-NN,2,242,,global,12,Serie A,27,2015/2016,male,Frosinone,Bologna
3879726,1,0,0.22360345721244812,TF-NN,2,242,,global,12,Serie A,27,2015/2016,male,Juventus,Genoa
3754080,1,1,0.7281538248062134,TF-NN,2,242,,global,2,Premier League,27,2015/2016,male,Tottenham Hotspur,Watford
3754120,1,0,0.2288895845413208,TF-NN,2,242,,global,2,Premier League,27,2015/2016,male,Southampton,West Ham United
3754127,0,0,0.2427530586719513,TF-NN,2,242,,global,2,Premier League,27,2015/2016,male,Stoke City,Everton
3754290,0,0,0.2548710107803345,TF-NN,2,242,,global,2,Premier League,27,2015/2016,male,Manchester City,Leicester City
3754292,1,1,0.5771971344947815,TF-NN,2,242,,global,2,Premier League,27,2015/2016,male,Newcastle United,West Bromwich Albion
3754303,0,0,0.41053956747055054,TF-NN,2,242,,global,2,Premier League,27,2015/2016,male,Swansea City,Crystal Palace
3754306,1,0,0.3454453945159912,TF-NN,2,242,,global,2,Premier League,27,2015/2016,male,Aston Villa,Norwich City
3754316,0,0,0.47898128628730774,TF-NN,2,242,,global,2,Premier League,27,2015/2016,male,Liverpool,Sunderland
3879727,0,0,0.16640707850456238,TF-NN,2,242,,global,12,Serie A,27,2015/2016,male,Genoa,Lazio
3879728,0,0,0.3188861608505249,TF-NN,2,242,,global,12,Serie A,27,2015/2016,male,Bologna,Fiorentina
3754253,0,0,0.2026553601026535,TF-NN,2,242,,global,2,Premier League,27,2015/2016,male,AFC Bournemouth,Arsenal
3754281,0,0,0.39268162846565247,TF-NN,2,242,,global,2,Premier League,27,2015/2016,male,Chelsea,Manchester United
3879729,0,0,0.42590585350990295,TF-NN,2,242,,global,12,Serie A,27,2015/2016,male,Sassuolo,Palermo
3879730,0,0,0.16962005198001862,TF-NN,2,242,,global,12,Serie A,27,2015/2016,male,Hellas Verona,Inter Milan
3879731,1,0,0.4902743101119995,TF-NN,2,242,,global,12,Serie A,27,2015/2016,male,Napoli,Carpi
3879732,0,0,0.413777232170105,TF-NN,2,242,,global,12,Serie A,27,2015/2016,male,Torino,Chievo
3879733,0,0,0.15795409679412842,TF-NN,2,242,,global,12,Serie A,27,2015/2016,male,Frosinone,Juventus
3879734,0,0,0.39583441615104675,TF-NN,2,242,,global,12,Serie A,27,2015/2016,male,AC Milan,Udinese
3879735,0,0,0.30877062678337097,TF-NN,2,242,,global,12,Serie A,27,2015/2016,male,Atalanta,Empoli
3879736,1,1,0.6270864605903625,TF-NN,2,242,,global,12,Serie A,27,2015/2016,male,AS Roma,Sampdoria
3879737,1,1,0.5807923078536987,TF-NN,2,242,,global,12,Serie A,27,2015/2016,male,Lazio,Hellas Verona
3879738,0,0,0.2723676264286041,TF-NN,2,242,,global,12,Serie A,27,2015/2016,male,Carpi,AS Roma
3754031,1,0,0.46661800146102905,TF-NN,2,242,,global,2,Premier League,27,2015/2016,male,Sunderland,Manchester United
3754039,0,0,0.3060494363307953,TF-NN,2,242,,global,2,Premier League,27,2015/2016,male,Crystal Palace,Watford
3754139,0,0,0.2254372090101242,TF-NN,2,242,,global,2,Premier League,27,2015/2016,male,Swansea City,Southampton
3754244,0,0,0.3811793029308319,TF-NN,2,242,,global,2,Premier League,27,2015/2016,male,Norwich City,West Ham United
3754264,1,1,0.6246191263198853,TF-NN,2,242,,global,2,Premier League,27,2015/2016,male,Chelsea,Newcastle United
3754274,0,0,0.3564645051956177,TF-NN,2,242,,global,2,Premier League,27,2015/2016,male,AFC Bournemouth,Stoke City
3754350,0,0,0.3352900743484497,TF-NN,2,242,,global,2,Premier League,27,2015/2016,male,Everton,West Bromwich Albion
3879739,1,0,0.29346615076065063,TF-NN,2,242,,global,12,Serie A,27,2015/2016,male,Juventus,Napoli
3879740,0,1,0.5277729034423828,TF-NN,2,242,,global,12,Serie A,27,2015/2016,male,Empoli,Frosinone
3879741,0,0,0.45261019468307495,TF-NN,2,242,,global,12,Serie A,27,2015/2016,male,Chievo,Sassuolo
3754147,0,1,0.5963063836097717,TF-NN,2,242,,global,2,Premier League,27,2015/2016,male,Manchester City,Tottenham Hotspur
3754214,0,0,0.14821992814540863,TF-NN,2,242,,global,2,Premier League,27,2015/2016,male,Aston Villa,Liverpool
3754261,1,1,0.7590130567550659,TF-NN,2,242,,global,2,Premier League,27,2015/2016,male,Arsenal,Leicester City
3879742,1,0,0.28550225496292114,TF-NN,2,242,,global,12,Serie A,27,2015/2016,male,AC Milan,Genoa
3879743,0,0,0.4102288484573364,TF-NN,2,242,,global,12,Serie A,27,2015/2016,male,Udinese,Bologna
3879744,0,0,0.2202223837375641,TF-NN,2,242,,global,12,Serie A,27,2015/2016,male,Sampdoria,Atalanta
3879745,0,0,0.46751219034194946,TF-NN,2,242,,global,12,Serie A,27,2015/2016,male,Palermo,Torino
3879746,1,1,0.5442950129508972,TF-NN,2,242,,global,12,Serie A,27,2015/2016,male,Fiorentina,Inter Milan
3879747,0,0,0.1674654334783554,TF-NN,2,242,,global,12,Serie A,27,2015/2016,male,Bologna,Juventus
3901144,0,0,0.41046619415283203,TF-NN,2,242,,global,7,Ligue 1,27,2015/2016,male,Bordeaux,OGC Nice
3879748,1,1,0.5219222903251648,TF-NN,2,242,,global,12,Serie A,27,2015/2016,male,Hellas Verona,Chievo
3879749,1,0,0.3857555091381073,TF-NN,2,242,,global,12,Serie A,27,2015/2016,male,Inter Milan,Sampdoria
3901145,0,0,0.41652733087539673,TF-NN,2,242,,global,7,Ligue 1,27,2015/2016,male,Angers,Montpellier
3901146,1,0,0.37041351199150085,TF-NN,2,242,,global,7,Ligue 1,27,2015/2016,male,Paris Saint-Germain,Stade de Reims
3901147,0,0,0.3157760798931122,TF-NN,2,242,,global,7,Ligue 1,27,2015/2016,male,Toulouse,Gazélec Ajaccio
3901148,1,1,0.6009728908538818,TF-NN,2,242,,global,7,Ligue 1,27,2015/2016,male,Lorient,Guingamp
3901149,1,1,0.7175384759902954,TF-NN,2,242,,global,7,Ligue 1,27,2015/2016,male,AS Monaco,Troyes
3879750,0,0,0.31759193539619446,TF-NN,2,242,,global,12,Serie A,27,2015/2016,male,Atalanta,Fiorentina
3879751,1,1,0.6290992498397827,TF-NN,2,242,,global,12,Serie A,27,2015/2016,male,AS Roma,Palermo
3879752,1,1,0.6911584138870239,TF-NN,2,242,,global,12,Serie A,27,2015/2016,male,Genoa,Udinese
3879753,1,0,0.40253472328186035,TF-NN,2,242,,global,12,Serie A,27,2015/2016,male,Sassuolo,Empoli
3879754,0,0,0.3629686236381531,TF-NN,2,242,,global,12,Serie A,27,2015/2016,male,Torino,Carpi
3879755,0,0,0.31215184926986694,TF-NN,2,242,,global,12,Serie A,27,2015/2016,male,Frosinone,Lazio
3901150,0,0,0.19539213180541992,TF-NN,2,242,,global,7,Ligue 1,27,2015/2016,male,Olympique de Marseille,Saint-Étienne
3901151,1,0,0.21156641840934753,TF-NN,2,242,,global,7,Ligue 1,27,2015/2016,male,Lille,Lyon
3901152,1,0,0.3457147777080536,TF-NN,2,242,,global,7,Ligue 1,27,2015/2016,male,Stade Malherbe Caen,Rennes
3879756,0,0,0.31024402379989624,TF-NN,2,242,,global,12,Serie A,27,2015/2016,male,Napoli,AC Milan
3901153,0,0,0.3938959836959839,TF-NN,2,242,,global,7,Ligue 1,27,2015/2016,male,OGC Nice,Bastia
3754012,0,0,0.4249589145183563,TF-NN,2,242,,global,2,Premier League,27,2015/2016,male,Southampton,Chelsea
3754049,1,0,0.45661109685897827,TF-NN,2,242,,global,2,Premier League,27,2015/2016,male,Leicester City,Norwich City
3754121,0,0,0.36318355798721313,TF-NN,2,242,,global,2,Premier League,27,2015/2016,male,Watford,AFC Bournemouth
3754236,1,0,0.4455406069755554,TF-NN,2,242,,global,2,Premier League,27,2015/2016,male,West Bromwich Albion,Crystal Palace
3754321,1,1,0.5421377420425415,TF-NN,2,242,,global,2,Premier League,27,2015/2016,male,Stoke City,Aston Villa
3754331,1,0,0.27867937088012695,TF-NN,2,242,,global,2,Premier League,27,2015/2016,male,West Ham United,Sunderland
3825787,0,0,0.3981776833534241,TF-NN,2,242,,global,11,La Liga,27,2015/2016,male,Real Madrid,Atlético Madrid
3825788,0,0,0.2580036222934723,TF-NN,2,242,,global,11,La Liga,27,2015/2016,male,Getafe,Celta Vigo
3825789,0,0,0.3613617718219757,TF-NN,2,242,,global,11,La Liga,27,2015/2016,male,Real Sociedad,Málaga
3825790,0,0,0.4807509481906891,TF-NN,2,242,,global,11,La Liga,27,2015/2016,male,Sporting Gijón,Espanyol
3825791,0,0,0.48964405059814453,TF-NN,2,242,,global,11,La Liga,27,2015/2016,male,Real Betis,Rayo Vallecano
3901154,0,0,0.27766653895378113,TF-NN,2,242,,global,7,Ligue 1,27,2015/2016,male,Troyes,Lorient
3901155,1,0,0.38838648796081543,TF-NN,2,242,,global,7,Ligue 1,27,2015/2016,male,Montpellier,Lille
3901156,0,1,0.7615594863891602,TF-NN,2,242,,global,7,Ligue 1,27,2015/2016,male,Guingamp,Angers
3901157,1,0,0.37211334705352783,TF-NN,2,242,,global,7,Ligue 1,27,2015/2016,male,Stade de Reims,Bordeaux
3901158,0,0,0.18541347980499268,TF-NN,2,242,,global,7,Ligue 1,27,2015/2016,male,Toulouse,Rennes
265839,1,1,0.5583544969558716,TF-NN,2,242,,global,11,La Liga,27,2015/2016,male,Barcelona,Sevilla
3825792,0,1,0.5183870792388916,TF-NN,2,242,,global,11,La Liga,27,2015/2016,male,RC Deportivo La Coruña,Granada
3825793,0,0,0.40724682807922363,TF-NN,2,242,,global,11,La Liga,27,2015/2016,male,Valencia,Athletic Club
3825794,1,1,0.5218042731285095,TF-NN,2,242,,global,11,La Liga,27,2015/2016,male,Villarreal,Levante UD
3901159,1,0,0.46190962195396423,TF-NN,2,242,,global,7,Ligue 1,27,2015/2016,male,Lyon,Paris Saint-Germain
3901160,0,0,0.38389796018600464,TF-NN,2,242,,global,7,Ligue 1,27,2015/2016,male,Nantes,AS Monaco
3901161,0,0,0.31004664301872253,TF-NN,2,242,,global,7,Ligue 1,27,2015/2016,male,Saint-Étienne,Stade Malherbe Caen
3825795,1,1,0.5958947539329529,TF-NN,2,242,,global,11,La Liga,27,2015/2016,male,Atlético Madrid,Real Sociedad
3825796,1,1,0.8627565503120422,TF-NN,2,242,,global,11,La Liga,27,2015/2016,male,Las Palmas,Getafe
3825797,1,1,0.5715929865837097,TF-NN,2,242,,global,11,La Liga,27,2015/2016,male,Athletic Club,RC Deportivo La Coruña
3825798,0,0,0.47464287281036377,TF-NN,2,242,,global,11,La Liga,27,2015/2016,male,Levante UD,Real Madrid
3825799,0,0,0.08676835149526596,TF-NN,2,242,,global,11,La Liga,27,2015/2016,male,Málaga,Valencia
3825800,0,0,0.42596229910850525,TF-NN,2,242,,global,11,La Liga,27,2015/2016,male,Celta Vigo,Villarreal
3825801,1,1,0.5718573331832886,TF-NN,2,242,,global,11,La Liga,27,2015/2016,male,Sevilla,Eibar
266653,0,0,0.39745548367500305,TF-NN,2,242,,global,11,La Liga,27,2015/2016,male,Rayo Vallecano,Barcelona
3825802,0,0,0.3643033802509308,TF-NN,2,242,,global,11,La Liga,27,2015/2016,male,Espanyol,Real Betis
3825803,1,1,0.6229110360145569,TF-NN,2,242,,global,11,La Liga,27,2015/2016,male,Granada,Sporting Gijón
3901162,0,0,0.38151663541793823,TF-NN,2,242,,global,7,Ligue 1,27,2015/2016,male,Stade Malherbe Caen,AS Monaco
3825804,0,1,0.7975353002548218,TF-NN,2,242,,global,11,La Liga,27,2015/2016,male,RC Deportivo La Coruña,Málaga
3825805,0,0,0.2938455045223236,TF-NN,2,242,,global,11,La Liga,27,2015/2016,male,Villarreal,Las Palmas
3825806,1,0,0.4735298156738281,TF-NN,2,242,,global,11,La Liga,27,2015/2016,male,Real Madrid,Celta Vigo
3825867,0,0,0.2709045708179474,TF-NN,2,242,,global,11,La Liga,27,2015/2016,male,Getafe,Sevilla
3901163,1,1,0.6967718601226807,TF-NN,2,242,,global,7,Ligue 1,27,2015/2016,male,OGC Nice,Troyes
3901164,0,0,0.10571490973234177,TF-NN,2,242,,global,7,Ligue 1,27,2015/2016,male,Angers,Saint-Étienne
3901165,0,1,0.5108952522277832,TF-NN,2,242,,global,7,Ligue 1,27,2015/2016,male,Bordeaux,Gazélec Ajaccio
3901166,0,0,0.3678610920906067,TF-NN,2,242,,global,7,Ligue 1,27,2015/2016,male,Paris Saint-Germain,Montpellier
3901167,0,1,0.6739591360092163,TF-NN,2,242,,global,7,Ligue 1,27,2015/2016,male,Bastia,Lorient
3901168,1,0,0.3445523977279663,TF-NN,2,242,,global,7,Ligue 1,27,2015/2016,male,Lille,Stade de Reims
266056,0,0,0.19482553005218506,TF-NN,2,242,,global,11,La Liga,27,2015/2016,male,Eibar,Barcelona
3825807,0,0,0.3068467974662781,TF-NN,2,242,,global,11,La Liga,27,2015/2016,male,Valencia,Atlético Madrid
3825808,0,0,0.23406769335269928,TF-NN,2,242,,global,11,La Liga,27,2015/2016,male,Sporting Gijón,Athletic Club
3825809,1,0,0.19673769176006317,TF-NN,2,242,,global,11,La Liga,27,2015/2016,male,Real Betis,Granada
3825810,0,0,0.3003528118133545,TF-NN,2,242,,global,11,La Liga,27,2015/2016,male,Real Sociedad,Levante UD
3901169,0,1,0.5259588956832886,TF-NN,2,242,,global,7,Ligue 1,27,2015/2016,male,Olympique de Marseille,Toulouse
3901170,1,0,0.4568175673484802,TF-NN,2,242,,global,7,Ligue 1,27,2015/2016,male,Rennes,Nantes
3901171,1,1,0.9363628625869751,TF-NN,2,242,,global,7,Ligue 1,27,2015/2016,male,Lyon,Guingamp
3825811,1,1,0.5128886103630066,TF-NN,2,242,,global,11,La Liga,27,2015/2016,male,Espanyol,Rayo Vallecano
3901172,0,0,0.1878691464662552,TF-NN,2,242,,global,7,Ligue 1,27,2015/2016,male,Bastia,Nantes
3825812,1,0,0.22527241706848145,TF-NN,2,242,,global,11,La Liga,27,2015/2016,male,Málaga,Sporting Gijón
3901174,0,0,0.4164864122867584,TF-NN,2,242,,global,7,Ligue 1,27,2015/2016,male,AS Monaco,Stade de Reims
266498,1,1,0.952553927898407,TF-NN,2,242,,global,11,La Liga,27,2015/2016,male,Barcelona,Getafe
3825813,1,1,0.5594649314880371,TF-NN,2,242,,global,11,La Liga,27,2015/2016,male,Atlético Madrid,RC Deportivo La Coruña
3825814,1,0,0.16017454862594604,TF-NN,2,242,,global,11,La Liga,27,2015/2016,male,Celta Vigo,Real Sociedad
3825858,0,0,0.47510814666748047,TF-NN,2,242,,global,11,La Liga,27,2015/2016,male,Rayo Vallecano,Eibar
3901175,0,0,0.4601161479949951,TF-NN,2,242,,global,7,Ligue 1,27,2015/2016,male,Montpellier,OGC Nice
3901176,1,1,0.8107674717903137,TF-NN,2,242,,global,7,Ligue 1,27,2015/2016,male,Toulouse,Bordeaux
3901177,0,0,0.21964983642101288,TF-NN,2,242,,global,7,Ligue 1,27,2015/2016,male,Bastia,Lille
3901180,1,0,0.2598053812980652,TF-NN,2,242,,global,7,Ligue 1,27,2015/2016,male,Guingamp,Saint-Étienne
3825815,1,0,0.3957120478153229,TF-NN,2,242,,global,11,La Liga,27,2015/2016,male,Levante UD,Valencia
3825816,1,1,0.9139108061790466,TF-NN,2,242,,global,11,La Liga,27,2015/2016,male,Sevilla,Villarreal
3825844,1,0,0.48433738946914673,TF-NN,2,242,,global,11,La Liga,27,2015/2016,male,Athletic Club,Real Betis
3825879,0,0,0.413950651884079,TF-NN,2,242,,global,11,La Liga,27,2015/2016,male,Las Palmas,Real Madrid
3901181,0,0,0.3852470815181732,TF-NN,2,242,,global,7,Ligue 1,27,2015/2016,male,Rennes,Lyon
3901182,1,0,0.286276251077652,TF-NN,2,242,,global,7,Ligue 1,27,2015/2016,male,Nantes,Angers
3901183,0,0,0.39591968059539795,TF-NN,2,242,,global,7,Ligue 1,27,2015/2016,male,Troyes,Paris Saint-Germain
3825881,0,0,0.24124212563037872,TF-NN,2,242,,global,11,La Liga,27,2015/2016,male,Granada,Espanyol
3825817,0,0,0.2202269434928894,TF-NN,2,242,,global,11,La Liga,27,2015/2016,male,Getafe,Eibar
3901184,0,0,0.46710315346717834,TF-NN,2,242,,global,7,Ligue 1,27,2015/2016,male,Olympique de Marseille,Rennes
3825818,0,0,0.2658224105834961,TF-NN,2,242,,global,11,La Liga,27,2015/2016,male,Real Sociedad,Las Palmas
3825880,1,0,0.4924791157245636,TF-NN,2,242,,global,11,La Liga,27,2015/2016,male,RC Deportivo La Coruña,Levante UD
3825887,0,0,0.4591768980026245,TF-NN,2,242,,global,11,La Liga,27,2015/2016,male,Granada,Rayo Vallecano
3825903,0,0,0.3741016685962677,TF-NN,2,242,,global,11,La Liga,27,2015/2016,male,Real Betis,Málaga
3825907,1,1,0.5150763392448425,TF-NN,2,242,,global,11,La Liga,27,2015/2016,male,Sporting Gijón,Atlético Madrid
3901185,0,0,0.23819242417812347,TF-NN,2,242,,global,7,Ligue 1,27,2015/2016,male,Stade de Reims,Guingamp
3901186,1,1,0.6595198512077332,TF-NN,2,242,,global,7,Ligue 1,27,2015/2016,male,Lyon,Nantes
3901187,1,1,0.857785165309906,TF-NN,2,242,,global,7,Ligue 1,27,2015/2016,male,Angers,Lorient
3901188,1,0,0.26429370045661926,TF-NN,2,242,,global,7,Ligue 1,27,2015/2016,male,Saint-Étienne,Montpellier
3901189,1,0,0.21034836769104004,TF-NN,2,242,,global,7,Ligue 1,27,2015/2016,male,Lille,Toulouse
3901190,1,0,0.43155696988105774,TF-NN,2,242,,global,7,Ligue 1,27,2015/2016,male,Stade Malherbe Caen,Troyes
266106,0,0,0.42598092555999756,TF-NN,2,242,,global,11,La Liga,27,2015/2016,male,Villarreal,Barcelona
3825819,0,0,0.42061299085617065,TF-NN,2,242,,global,11,La Liga,27,2015/2016,male,Valencia,Celta Vigo
3825820,1,1,0.9576215744018555,TF-NN,2,242,,global,11,La Liga,27,2015/2016,male,Real Madrid,Sevilla
3825821,1,1,0.5433300137519836,TF-NN,2,242,,global,11,La Liga,27,2015/2016,male,Espanyol,Athletic Club
3901191,1,1,0.6897974014282227,TF-NN,2,242,,global,7,Ligue 1,27,2015/2016,male,OGC Nice,Gazélec Ajaccio
3901192,0,0,0.4460327625274658,TF-NN,2,242,,global,7,Ligue 1,27,2015/2016,male,Bordeaux,Bastia
3901193,0,1,0.7101029753684998,TF-NN,2,242,,global,7,Ligue 1,27,2015/2016,male,Paris Saint-Germain,AS Monaco
3825885,1,1,0.7519310712814331,TF-NN,2,242,,global,11,La Liga,27,2015/2016,male,Rayo Vallecano,Getafe
3901194,0,0,0.4135110676288605,TF-NN,2,242,,global,7,Ligue 1,27,2015/2016,male,AS Monaco,Bordeaux
267533,0,0,0.3538420498371124,TF-NN,2,242,,global,11,La Liga,27,2015/2016,male,Barcelona,Real Madrid
3825822,1,0,0.48587337136268616,TF-NN,2,242,,global,11,La Liga,27,2015/2016,male,Las Palmas,Valencia
3825872,1,1,0.7188355326652527,TF-NN,2,242,,global,11,La Liga,27,2015/2016,male,Atlético Madrid,Real Betis
3825898,0,0,0.3146997094154358,TF-NN,2,242,,global,11,La Liga,27,2015/2016,male,Celta Vigo,RC Deportivo La Coruña
3901195,0,0,0.45019182562828064,TF-NN,2,242,,global,7,Ligue 1,27,2015/2016,male,Gazélec Ajaccio,Saint-Étienne
3901196,1,0,0.4925236999988556,TF-NN,2,242,,global,7,Ligue 1,27,2015/2016,male,Paris Saint-Germain,OGC Nice
3901197,0,0,0.2016638070344925,TF-NN,2,242,,global,7,Ligue 1,27,2015/2016,male,Guingamp,Montpellier
3901198,0,0,0.30546894669532776,TF-NN,2,242,,global,7,Ligue 1,27,2015/2016,male,Troyes,Angers
3901199,1,1,0.5758436322212219,TF-NN,2,242,,global,7,Ligue 1,27,2015/2016,male,Rennes,Stade de Reims
3825823,0,0,0.49428221583366394,TF-NN,2,242,,global,11,La Liga,27,2015/2016,male,Sevilla,Real Sociedad
3825824,0,0,0.2432514876127243,TF-NN,2,242,,global,11,La Liga,27,2015/2016,male,Eibar,Villarreal
3825877,0,1,0.5579767823219299,TF-NN,2,242,,global,11,La Liga,27,2015/2016,male,Athletic Club,Granada
3825905,0,0,0.4561496078968048,TF-NN,2,242,,global,11,La Liga,27,2015/2016,male,Málaga,Espanyol
3901202,0,0,0.36171478033065796,TF-NN,2,242,,global,7,Ligue 1,27,2015/2016,male,Lorient,Lyon
3901203,0,0,0.2652862071990967,TF-NN,2,242,,global,7,Ligue 1,27,2015/2016,male,Nantes,Lille
3825825,0,0,0.4516523778438568,TF-NN,2,242,,global,11,La Liga,27,2015/2016,male,Levante UD,Sporting Gijón
3825826,0,0,0.3841565251350403,TF-NN,2,242,,global,11,La Liga,27,2015/2016,male,Granada,Málaga
266664,1,0,0.24413572251796722,TF-NN,2,242,,global,11,La Liga,27,2015/2016,male,Real Sociedad,Barcelona
3825827,1,0,0.21580907702445984,TF-NN,2,242,,global,11,La Liga,27,2015/2016,male,Real Betis,Levante UD
3825828,0,0,0.3292248845100403,TF-NN,2,242,,global,11,La Liga,27,2015/2016,male,Espanyol,Atlético Madrid
3825856,1,1,0.7719817757606506,TF-NN,2,242,,global,11,La Liga,27,2015/2016,male,Real Madrid,Eibar
3825829,1,0,0.41927364468574524,TF-NN,2,242,,global,11,La Liga,27,2015/2016,male,Athletic Club,Rayo Vallecano
3825830,1,0,0.4241902530193329,TF-NN,2,242,,global,11,La Liga,27,2015/2016,male,Villarreal,Getafe
3825831,1,0,0.4168793857097626,TF-NN,2,242,,global,11,La Liga,27,2015/2016,male,Valencia,Sevilla
3825832,0,0,0.22474336624145508,TF-NN,2,242,,global,11,La Liga,27,2015/2016,male,Sporting Gijón,Celta Vigo
3825863,0,0,0.429555743932724,TF-NN,2,242,,global,11,La Liga,27,2015/2016,male,RC Deportivo La Coruña,Las Palmas
3825857,1,0,0.35258984565734863,TF-NN,2,242,,global,11,La Liga,27,2015/2016,male,Levante UD,Espanyol
3825833,0,0,0.3321191966533661,TF-NN,2,242,,global,11,La Liga,27,2015/2016,male,Getafe,Real Madrid
3825852,0,0,0.19383588433265686,TF-NN,2,242,,global,11,La Liga,27,2015/2016,male,Las Palmas,Sporting Gijón
3825889,0,1,0.7638505101203918,TF-NN,2,242,,global,11,La Liga,27,2015/2016,male,Celta Vigo,Real Betis
3825897,1,0,0.4602569341659546,TF-NN,2,242,,global,11,La Liga,27,2015/2016,male,Eibar,Real Sociedad
266557,0,1,0.7373424172401428,TF-NN,2,242,,global,11,La Liga,27,2015/2016,male,Barcelona,Valencia
3825834,1,0,0.38283294439315796,TF-NN,2,242,,global,11,La Liga,27,2015/2016,male,Atlético Madrid,Granada
3825835,0,0,0.4624476134777069,TF-NN,2,242,,global,11,La Liga,27,2015/2016,male,Málaga,Athletic Club
3825836,1,1,0.6420455574989319,TF-NN,2,242,,global,11,La Liga,27,2015/2016,male,Rayo Vallecano,Villarreal
3825906,0,1,0.5420825481414795,TF-NN,2,242,,global,11,La Liga,27,2015/2016,male,Sevilla,RC Deportivo La Coruña
3825837,1,0,0.3912968933582306,TF-NN,2,242,,global,11,La Liga,27,2015/2016,male,Real Betis,Las Palmas
3825862,0,0,0.27999433875083923,TF-NN,2,242,,global,11,La Liga,27,2015/2016,male,Espanyol,Celta Vigo
266310,0,1,0.5070536136627197,TF-NN,2,242,,global,11,La Liga,27,2015/2016,male,RC Deportivo La Coruña,Barcelona
3825838,0,0,0.3730759918689728,TF-NN,2,242,,global,11,La Liga,27,2015/2016,male,Athletic Club,Atlético Madrid
3825839,1,0,0.450289785861969,TF-NN,2,242,,global,11,La Liga,27,2015/2016,male,Sporting Gijón,Sevilla
3825840,1,1,0.893537163734436,TF-NN,2,242,,global,11,La Liga,27,2015/2016,male,Valencia,Eibar
3825843,0,0,0.410794734954834,TF-NN,2,242,,global,11,La Liga,27,2015/2016,male,Málaga,Rayo Vallecano
3825893,1,0,0.4964521527290344,TF-NN,2,242,,global,11,La Liga,27,2015/2016,male,Real Madrid,Villarreal
3825841,0,0,0.3090068995952606,TF-NN,2,242,,global,11,La Liga,27,2015/2016,male,Real Sociedad,Getafe
3825896,1,1,0.7523388266563416,TF-NN,2,242,,global,11,La Liga,27,2015/2016,male,Granada,Levante UD
3825871,1,0,0.32700473070144653,TF-NN,2,242,,global,11,La Liga,27,2015/2016,male,Las Palmas,Espanyol
265944,1,1,0.972527265548706,TF-NN,2,242,,global,11,La Liga,27,2015/2016,male,Barcelona,Sporting Gijón
3825847,0,0,0.2766784727573395,TF-NN,2,242,,global,11,La Liga,27,2015/2016,male,Eibar,RC Deportivo La Coruña
3825886,0,0,0.4962046146392822,TF-NN,2,242,,global,11,La Liga,27,2015/2016,male,Rayo Vallecano,Real Madrid
3825890,1,0,0.39757344126701355,TF-NN,2,242,,global,11,La Liga,27,2015/2016,male,Atlético Madrid,Málaga
3825842,0,0,0.338253378868103,TF-NN,2,242,,global,11,La Liga,27,2015/2016,male,Levante UD,Athletic Club
3825875,0,0,0.27629807591438293,TF-NN,2,242,,global,11,La Liga,27,2015/2016,male,Villarreal,Real Sociedad
3825884,1,0,0.36881208419799805,TF-NN,2,242,,global,11,La Liga,27,2015/2016,male,Sevilla,Real Betis
3825899,0,1,0.7121489644050598,TF-NN,2,242,,global,11,La Liga,27,2015/2016,male,Getafe,Valencia
3825868,1,1,0.6586182713508606,TF-NN,2,242,,global,11,La Liga,27,2015/2016,male,Celta Vigo,Granada
3825854,1,0,0.22222742438316345,TF-NN,2,242,,global,11,La Liga,27,2015/2016,male,Sporting Gijón,Eibar
266986,0,0,0.07842554152011871,TF-NN,2,242,,global,11,La Liga,27,2015/2016,male,Real Betis,Barcelona
3825859,1,0,0.4524029493331909,TF-NN,2,242,,global,11,La Liga,27,2015/2016,male,Granada,Las Palmas
3825864,0,0,0.2865009307861328,TF-NN,2,242,,global,11,La Liga,27,2015/2016,male,Real Sociedad,Real Madrid
3825878,1,0,0.25768592953681946,TF-NN,2,242,,global,11,La Liga,27,2015/2016,male,Atlético Madrid,Rayo Vallecano
3825845,1,0,0.48598745465278625,TF-NN,2,242,,global,11,La Liga,27,2015/2016,male,Espanyol,Sevilla
3825870,1,1,0.536888062953949,TF-NN,2,242,,global,11,La Liga,27,2015/2016,male,Athletic Club,Celta Vigo
3825873,0,0,0.32867953181266785,TF-NN,2,242,,global,11,La Liga,27,2015/2016,male,Valencia,Villarreal
3825894,0,0,0.29766449332237244,TF-NN,2,242,,global,11,La Liga,27,2015/2016,male,RC Deportivo La Coruña,Getafe
3825855,1,1,0.5627349615097046,TF-NN,2,242,,global,11,La Liga,27,2015/2016,male,Málaga,Levante UD
265958,1,1,0.8041223883628845,TF-NN,2,242,,global,11,La Liga,27,2015/2016,male,Barcelona,Espanyol
3825850,1,1,0.5794108510017395,TF-NN,2,242,,global,11,La Liga,27,2015/2016,male,Celta Vigo,Málaga
3825851,0,0,0.44411158561706543,TF-NN,2,242,,global,11,La Liga,27,2015/2016,male,Villarreal,RC Deportivo La Coruña
3825853,0,0,0.41689860820770264,TF-NN,2,242,,global,11,La Liga,27,2015/2016,male,Sevilla,Granada
3825860,1,0,0.3626599907875061,TF-NN,2,242,,global,11,La Liga,27,2015/2016,male,Levante UD,Atlético Madrid
3825861,1,0,0.46537068486213684,TF-NN,2,242,,global,11,La Liga,27,2015/2016,male,Real Sociedad,Rayo Vallecano
3825865,0,0,0.41529807448387146,TF-NN,2,242,,global,11,La Liga,27,2015/2016,male,Getafe,Sporting Gijón
3825866,0,0,0.30621927976608276,TF-NN,2,242,,global,11,La Liga,27,2015/2016,male,Las Palmas,Athletic Club
3825901,1,1,0.7975246906280518,TF-NN,2,242,,global,11,La Liga,27,2015/2016,male,Real Madrid,Valencia
3825904,0,0,0.41563674807548523,TF-NN,2,242,,global,11,La Liga,27,2015/2016,male,Eibar,Real Betis
3825849,0,0,0.268015593290329,TF-NN,2,242,,global,11,La Liga,27,2015/2016,male,Valencia,Real Sociedad
267506,0,0,0.10366033762693405,TF-NN,2,242,,global,11,La Liga,27,2015/2016,male,Granada,Barcelona
3825846,0,0,0.27050209045410156,TF-NN,2,242,,global,11,La Liga,27,2015/2016,male,RC Deportivo La Coruña,Real Madrid
3825869,1,1,0.5441125631332397,TF-NN,2,242,,global,11,La Liga,27,2015/2016,male,Athletic Club,Sevilla
3825882,1,0,0.295468270778656,TF-NN,2,242,,global,11,La Liga,27,2015/2016,male,Atlético Madrid,Celta Vigo
3825876,1,1,0.6546398401260376,TF-NN,2,242,,global,11,La Liga,27,2015/2016,male,Real Betis,Getafe
3825883,1,1,0.5340268611907959,TF-NN,2,242,,global,11,La Liga,27,2015/2016,male,Málaga,Las Palmas
3825900,1,1,0.5614691376686096,TF-NN,2,242,,global,11,La Liga,27,2015/2016,male,Sporting Gijón,Villarreal
3825902,1,1,0.7265806198120117,TF-NN,2,242,,global,11,La Liga,27,2015/2016,male,Rayo Vallecano,Levante UD
3825908,1,1,0.6044495701789856,TF-NN,2,242,,global,11,La Liga,27,2015/2016,male,Espanyol,Eibar
267670,1,1,0.9500256776809692,TF-NN,2,242,,global,11,La Liga,2,2016/2017,male,Barcelona,Real Betis
266892,0,0,0.24712909758090973,TF-NN,2,242,,global,11,La Liga,2,2016/2017,male,Athletic Club,Barcelona
267220,0,1,0.7631959915161133,TF-NN,2,242,,global,11,La Liga,2,2016/2017,male,Barcelona,Atlético Madrid
267492,1,1,0.8103137612342834,TF-NN,2,242,,global,11,La Liga,2,2016/2017,male,Barcelona,RC Deportivo La Coruña
266033,0,0,0.3556450307369232,TF-NN,2,242,,global,11,La Liga,2,2016/2017,male,Valencia,Barcelona
267058,1,1,0.7557617425918579,TF-NN,2,242,,global,11,La Liga,2,2016/2017,male,Barcelona,Granada
266989,0,0,0.40269938111305237,TF-NN,2,242,,global,11,La Liga,2,2016/2017,male,Sevilla,Barcelona
266191,0,0,0.49615347385406494,TF-NN,2,242,,global,11,La Liga,2,2016/2017,male,Real Sociedad,Barcelona
267076,0,1,0.5271207690238953,TF-NN,2,242,,global,11,La Liga,2,2016/2017,male,Barcelona,Real Madrid
3775595,1,0,0.4386405646800995,TF-NN,2,242,,global,37,FA Women's Super League,90,2020/2021,female,Bristol City WFC,Brighton & Hove Albion WFC
3775605,1,1,0.8498049974441528,TF-NN,2,242,,global,37,FA Women's Super League,90,2020/2021,female,Chelsea FCW,Tottenham Hotspur Women
3775651,1,1,0.9492948055267334,TF-NN,2,242,,global,37,FA Women's Super League,90,2020/2021,female,Manchester City WFC,West Ham United LFC
3775590,0,0,0.3398571312427521,TF-NN,2,242,,global,37,FA Women's Super League,90,2020/2021,female,Everton LFC,Birmingham City WFC
3775600,0,0,0.3177000880241394,TF-NN,2,242,,global,37,FA Women's Super League,90,2020/2021,female,Arsenal WFC,Manchester City WFC
3775640,0,0,0.45011278986930847,TF-NN,2,242,,global,37,FA Women's Super League,90,2020/2021,female,Manchester United W,Reading WFC
3775652,0,1,0.7723949551582336,TF-NN,2,242,,global,37,FA Women's Super League,90,2020/2021,female,Chelsea FCW,Brighton & Hove Albion WFC
3775655,0,0,0.21975448727607727,TF-NN,2,242,,global,37,FA Women's Super League,90,2020/2021,female,West Ham United LFC,Bristol City WFC
3775548,1,0,0.4843906760215759,TF-NN,2,242,,global,37,FA Women's Super League,90,2020/2021,female,Chelsea FCW,Arsenal WFC
3775603,1,0,0.414911150932312,TF-NN,2,242,,global,37,FA Women's Super League,90,2020/2021,female,Brighton & Hove Albion WFC,West Ham United LFC
3775578,0,1,0.5492404699325562,TF-NN,2,242,,global,37,FA Women's Super League,90,2020/2021,female,Reading WFC,Everton LFC
3775614,0,0,0.09741312265396118,TF-NN,2,242,,global,37,FA Women's Super League,90,2020/2021,female,Bristol City WFC,Chelsea FCW
3775547,0,0,0.04968588054180145,TF-NN,2,242,,global,37,FA Women's Super League,90,2020/2021,female,Birmingham City WFC,Manchester City WFC
3775552,0,0,0.34588903188705444,TF-NN,2,242,,global,37,FA Women's Super League,90,2020/2021,female,Tottenham Hotspur Women,Everton LFC
3775591,0,0,0.31016531586647034,TF-NN,2,242,,global,37,FA Women's Super League,90,2020/2021,female,West Ham United LFC,Chelsea FCW
3775630,0,0,0.14064937829971313,TF-NN,2,242,,global,37,FA Women's Super League,90,2020/2021,female,Birmingham City WFC,Arsenal WFC
3775638,1,0,0.25086653232574463,TF-NN,2,242,,global,37,FA Women's Super League,90,2020/2021,female,Brighton & Hove Albion WFC,Tottenham Hotspur Women
3775639,1,1,0.6429237127304077,TF-NN,2,242,,global,37,FA Women's Super League,90,2020/2021,female,Manchester City WFC,Everton LFC
3775607,1,0,0.3870982527732849,TF-NN,2,242,,global,37,FA Women's Super League,90,2020/2021,female,Bristol City WFC,Reading WFC
3775653,0,0,0.11217069625854492,TF-NN,2,242,,global,37,FA Women's Super League,90,2020/2021,female,Birmingham City WFC,Everton LFC
3775598,0,0,0.4747403562068939,TF-NN,2,242,,global,37,FA Women's Super League,90,2020/2021,female,Reading WFC,Tottenham Hotspur Women
3775550,0,0,0.18584361672401428,TF-NN,2,242,,global,37,FA Women's Super League,90,2020/2021,female,Everton LFC,Chelsea FCW
3775596,0,0,0.10366547107696533,TF-NN,2,242,,global,37,FA Women's Super League,90,2020/2021,female,Bristol City WFC,Manchester City WFC
3775643,0,0,0.45856234431266785,TF-NN,2,242,,global,37,FA Women's Super League,90,2020/2021,female,West Ham United LFC,Birmingham City WFC
3775546,0,0,0.41301169991493225,TF-NN,2,242,,global,37,FA Women's Super League,90,2020/2021,female,Tottenham Hotspur Women,Bristol City WFC
3775564,1,1,0.7083799242973328,TF-NN,2,242,,global,37,FA Women's Super League,90,2020/2021,female,Manchester City WFC,Reading WFC
3775613,0,0,0.23354768753051758,TF-NN,2,242,,global,37,FA Women's Super League,90,2020/2021,female,Tottenham Hotspur Women,Arsenal WFC
3775628,1,1,0.8421294689178467,TF-NN,2,242,,global,37,FA Women's Super League,90,2020/2021,female,Manchester United W,West Ham United LFC
3775570,0,0,0.25626903772354126,TF-NN,2,242,,global,37,FA Women's Super League,90,2020/2021,female,Brighton & Hove Albion WFC,Everton LFC
3775654,0,0,0.17204886674880981,TF-NN,2,242,,global,37,FA Women's Super League,90,2020/2021,female,Birmingham City WFC,Bristol City WFC
3775649,0,0,0.16727033257484436,TF-NN,2,242,,global,37,FA Women's Super League,90,2020/2021,female,Reading WFC,West Ham United LFC
3775565,1,1,0.9440456032752991,TF-NN,2,242,,global,37,FA Women's Super League,90,2020/2021,female,Chelsea FCW,Birmingham City WFC
3775569,0,0,0.08669985830783844,TF-NN,2,242,,global,37,FA Women's Super League,90,2020/2021,female,Bristol City WFC,Arsenal WFC
3775604,0,0,0.11352703720331192,TF-NN,2,242,,global,37,FA Women's Super League,90,2020/2021,female,Tottenham Hotspur Women,Manchester City WFC
3775576,0,0,0.45581698417663574,TF-NN,2,242,,global,37,FA Women's Super League,90,2020/2021,female,Manchester City WFC,Chelsea FCW
3775557,1,1,0.5751413702964783,TF-NN,2,242,,global,37,FA Women's Super League,90,2020/2021,female,Arsenal WFC,Brighton & Hove Albion WFC
3775612,0,0,0.24400334060192108,TF-NN,2,242,,global,37,FA Women's Super League,90,2020/2021,female,Birmingham City WFC,Reading WFC
3775622,1,1,0.6455775499343872,TF-NN,2,242,,global,37,FA Women's Super League,90,2020/2021,female,Manchester United W,Tottenham Hotspur Women
3775635,0,0,0.47428980469703674,TF-NN,2,242,,global,37,FA Women's Super League,90,2020/2021,female,West Ham United LFC,Everton LFC
3817861,0,0,0.2447545826435089,TF-NN,2,242,,global,1238,Indian Super league,108,2021/2022,male,Kerala Blasters,Bengaluru
3817894,0,0,0.3959292471408844,TF-NN,2,242,,global,1238,Indian Super league,108,2021/2022,male,Goa,Odisha
3817882,0,0,0.48673397302627563,TF-NN,2,242,,global,1238,Indian Super league,108,2021/2022,male,East Bengal,Chennaiyin
3817886,1,0,0.45416635274887085,TF-NN,2,242,,global,1238,Indian Super league,108,2021/2022,male,Kerala Blasters,NorthEast United
3817883,1,0,0.49414634704589844,TF-NN,2,242,,global,1238,Indian Super league,108,2021/2022,male,Bengaluru,Jamshedpur
3817852,0,0,0.214652419090271,TF-NN,2,242,,global,1238,Indian Super league,108,2021/2022,male,Chennaiyin,Mumbai City
3817896,0,0,0.37055137753486633,TF-NN,2,242,,global,1238,Indian Super league,108,2021/2022,male,East Bengal,Odisha
3817895,0,0,0.1503094583749771,TF-NN,2,242,,global,1238,Indian Super league,108,2021/2022,male,Chennaiyin,Goa
3857269,1,0,0.2797001600265503,TF-NN,2,242,,global,43,FIFA World Cup,106,2022,male,Brazil,Switzerland
3857270,1,0,0.41829192638397217,TF-NN,2,242,,global,43,FIFA World Cup,106,2022,male,Portugal,Uruguay
3857257,1,0,0.2028796672821045,TF-NN,2,242,,global,43,FIFA World Cup,106,2022,male,Australia,Denmark
3857260,0,0,0.34745681285858154,TF-NN,2,242,,global,43,FIFA World Cup,106,2022,male,Saudi Arabia,Mexico
3857264,0,0,0.1636011004447937,TF-NN,2,242,,global,43,FIFA World Cup,106,2022,male,Poland,Argentina
3857275,1,0,0.16008557379245758,TF-NN,2,242,,global,43,FIFA World Cup,106,2022,male,Tunisia,France
3857255,1,0,0.3024323880672455,TF-NN,2,242,,global,43,FIFA World Cup,106,2022,male,Japan,Spain
3857292,0,0,0.3349345624446869,TF-NN,2,242,,global,43,FIFA World Cup,106,2022,male,Costa Rica,Germany
3857296,0,0,0.3157980740070343,TF-NN,2,242,,global,43,FIFA World Cup,106,2022,male,Croatia,Belgium
3857256,0,0,0.2499275952577591,TF-NN,2,242,,global,43,FIFA World Cup,106,2022,male,Serbia,Switzerland
3857262,1,0,0.32344740629196167,TF-NN,2,242,,global,43,FIFA World Cup,106,2022,male,South Korea,Portugal
3881556,0,0,0.3493766784667969,TF-NN,2,242,,global,49,NWSL,107,2023,female,San Diego Wave,Seattle Reign
3881557,1,0,0.18116657435894012,TF-NN,2,242,,global,49,NWSL,107,2023,female,North Carolina Courage,Racing Louisville FC
3881559,1,0,0.35663044452667236,TF-NN,2,242,,global,49,NWSL,107,2023,female,NJ/NY Gotham FC,Chicago Red Stars
3881560,0,0,0.2370385080575943,TF-NN,2,242,,global,49,NWSL,107,2023,female,Angel City,Houston Dash
3881561,0,0,0.20699052512645721,TF-NN,2,242,,global,49,NWSL,107,2023,female,Seattle Reign,Racing Louisville FC
3881563,0,0,0.4650139808654785,TF-NN,2,242,,global,49,NWSL,107,2023,female,Portland Thorns,KC Current
3881564,1,0,0.47156965732574463,TF-NN,2,242,,global,49,NWSL,107,2023,female,Chicago Red Stars,San Diego Wave
3881565,1,0,0.3224150240421295,TF-NN,2,242,,global,49,NWSL,107,2023,female,North Carolina Courage,Houston Dash
3881566,0,0,0.2668275535106659,TF-NN,2,242,,global,49,NWSL,107,2023,female,Washington Spirit,Orlando Pride
3881562,0,0,0.42260923981666565,TF-NN,2,242,,global,49,NWSL,107,2023,female,NJ/NY Gotham FC,Angel City
3881567,0,0,0.26145878434181213,TF-NN,2,242,,global,49,NWSL,107,2023,female,Houston Dash,Chicago Red Stars
3881568,1,0,0.4203707277774811,TF-NN,2,242,,global,49,NWSL,107,2023,female,Racing Louisville FC,KC Current
3881569,1,0,0.37069836258888245,TF-NN,2,242,,global,49,NWSL,107,2023,female,Orlando Pride,Seattle Reign
3881571,0,0,0.39949432015419006,TF-NN,2,242,,global,49,NWSL,107,2023,female,San Diego Wave,Washington Spirit
3881570,1,1,0.5559813976287842,TF-NN,2,242,,global,49,NWSL,107,2023,female,NJ/NY Gotham FC,Portland Thorns
3881572,1,0,0.44173842668533325,TF-NN,2,242,,global,49,NWSL,107,2023,female,Angel City,North Carolina Courage
3881573,1,0,0.26934078335762024,TF-NN,2,242,,global,49,NWSL,107,2023,female,KC Current,Seattle Reign
3912541,1,0,0.41576677560806274,TF-NN,2,242,,global,131,Serie A Women,281,2023/2024,female,Sassuolo W,AC Milan W
3912543,0,0,0.22108998894691467,TF-NN,2,242,,global,131,Serie A Women,281,2023/2024,female,Napoli W,AS Roma W
3912540,1,1,0.507876992225647,TF-NN,2,242,,global,131,Serie A Women,281,2023/2024,female,Juventus W,Como W
3912542,0,0,0.2516452670097351,TF-NN,2,242,,global,131,Serie A Women,281,2023/2024,female,Pomigliano,FC Internazionale Milano W
3912544,1,0,0.2651657462120056,TF-NN,2,242,,global,131,Serie A Women,281,2023/2024,female,Fiorentina W,Sampdoria W
3912549,1,1,0.7583407163619995,TF-NN,2,242,,global,131,Serie A Women,281,2023/2024,female,AS Roma W,Sassuolo W
3912545,0,0,0.40233153104782104,TF-NN,2,242,,global,131,Serie A Women,281,2023/2024,female,Como W,Fiorentina W
3912546,0,0,0.34073132276535034,TF-NN,2,242,,global,131,Serie A Women,281,2023/2024,female,FC Internazionale Milano W,Juventus W
3912547,0,0,0.16822239756584167,TF-NN,2,242,,global,131,Serie A Women,281,2023/2024,female,Sampdoria W,AC Milan W
3912548,1,0,0.4785933196544647,TF-NN,2,242,,global,131,Serie A Women,281,2023/2024,female,Napoli W,Pomigliano
3912210,1,0,0.4167063534259796,TF-NN,2,242,,global,135,Frauen Bundesliga,281,2023/2024,female,RB Leipzig W,Eintracht Frankfurt W
3912206,0,0,0.1245499774813652,TF-NN,2,242,,global,135,Frauen Bundesliga,281,2023/2024,female,SV Werder Bremen,SC Freiburg
3912207,0,0,0.2382855862379074,TF-NN,2,242,,global,135,Frauen Bundesliga,281,2023/2024,female,Nürnberg W,VfL Wolfsburg WFC
3912551,0,0,0.10374177992343903,TF-NN,2,242,,global,131,Serie A Women,281,2023/2024,female,Fiorentina W,AS Roma W
3912552,1,0,0.4168272614479065,TF-NN,2,242,,global,131,Serie A Women,281,2023/2024,female,Sassuolo W,Sampdoria W
3912208,0,0,0.09282761812210083,TF-NN,2,242,,global,135,Frauen Bundesliga,281,2023/2024,female,Duisburg WFC,Köln
3912209,0,0,0.3310495913028717,TF-NN,2,242,,global,135,Frauen Bundesliga,281,2023/2024,female,TSV Bayer 04 Leverkusen,Hoffenheim W
3912211,1,0,0.4725255072116852,TF-NN,2,242,,global,135,Frauen Bundesliga,281,2023/2024,female,Bayern München W,SGS Essen 19/68
3912550,0,1,0.5779854655265808,TF-NN,2,242,,global,131,Serie A Women,281,2023/2024,female,Pomigliano,Como W
3912553,1,1,0.8540784120559692,TF-NN,2,242,,global,131,Serie A Women,281,2023/2024,female,Juventus W,Napoli W
3912554,1,0,0.39779430627822876,TF-NN,2,242,,global,131,Serie A Women,281,2023/2024,female,AC Milan W,FC Internazionale Milano W
3912214,1,0,0.4082072079181671,TF-NN,2,242,,global,135,Frauen Bundesliga,281,2023/2024,female,SGS Essen 19/68,Duisburg WFC
3911495,0,1,0.6120267510414124,TF-NN,2,242,,global,182,Liga F,281,2023/2024,female,Madrid CFF,SD Eibar
3911499,0,0,0.2664106488227844,TF-NN,2,242,,global,182,Liga F,281,2023/2024,female,FC Levante Badalona,Granada W
3911501,0,0,0.1573968082666397,TF-NN,2,242,,global,182,Liga F,281,2023/2024,female,Sevilla FC,Real Madrid CF W
3911502,0,0,0.423234224319458,TF-NN,2,242,,global,182,Liga F,281,2023/2024,female,Costa Adeje Tenerife,Villarreal
3912215,0,0,0.3668423295021057,TF-NN,2,242,,global,135,Frauen Bundesliga,281,2023/2024,female,Eintracht Frankfurt W,Bayern München W
3912217,1,0,0.481283575296402,TF-NN,2,242,,global,135,Frauen Bundesliga,281,2023/2024,female,Hoffenheim W,Nürnberg W
3911496,1,0,0.36689144372940063,TF-NN,2,242,,global,182,Liga F,281,2023/2024,female,Atletico Madrid W,CD Sporting de Huelva
3911497,0,0,0.3949428200721741,TF-NN,2,242,,global,182,Liga F,281,2023/2024,female,Levante UD Femenino,Athletic Club Bilbao
3911498,0,0,0.10903502255678177,TF-NN,2,242,,global,182,Liga F,281,2023/2024,female,Real Sociedad de Fútbol,Barcelona WFC
3911500,0,0,0.37135013937950134,TF-NN,2,242,,global,182,Liga F,281,2023/2024,female,Valencia CF,Real Betis Balompié
3912212,0,0,0.26747041940689087,TF-NN,2,242,,global,135,Frauen Bundesliga,281,2023/2024,female,SC Freiburg,TSV Bayer 04 Leverkusen
3912213,1,1,0.5196175575256348,TF-NN,2,242,,global,135,Frauen Bundesliga,281,2023/2024,female,Köln,SV Werder Bremen
3912216,1,1,0.873669445514679,TF-NN,2,242,,global,135,Frauen Bundesliga,281,2023/2024,female,VfL Wolfsburg WFC,RB Leipzig W
3912219,1,0,0.1912785917520523,TF-NN,2,242,,global,135,Frauen Bundesliga,281,2023/2024,female,Hoffenheim W,VfL Wolfsburg WFC
3911507,1,1,0.8259658217430115,TF-NN,2,242,,global,182,Liga F,281,2023/2024,female,Sevilla FC,FC Levante Badalona
3911508,0,0,0.08988124132156372,TF-NN,2,242,,global,182,Liga F,281,2023/2024,female,CD Sporting de Huelva,Levante UD Femenino
3911509,0,0,0.27042141556739807,TF-NN,2,242,,global,182,Liga F,281,2023/2024,female,Villarreal,Madrid CFF
3911510,1,0,0.478686660528183,TF-NN,2,242,,global,182,Liga F,281,2023/2024,female,Real Madrid CF W,SD Eibar
3911503,1,0,0.3501187562942505,TF-NN,2,242,,global,182,Liga F,281,2023/2024,female,Athletic Club Bilbao,Valencia CF
3911504,1,1,0.8537631630897522,TF-NN,2,242,,global,182,Liga F,281,2023/2024,female,Barcelona WFC,Costa Adeje Tenerife
3911505,0,0,0.17275786399841309,TF-NN,2,242,,global,182,Liga F,281,2023/2024,female,Real Betis Balompié,Real Sociedad de Fútbol
3911506,0,0,0.11634398996829987,TF-NN,2,242,,global,182,Liga F,281,2023/2024,female,Granada W,Atletico Madrid W
3911513,0,0,0.450693815946579,TF-NN,2,242,,global,182,Liga F,281,2023/2024,female,Real Sociedad de Fútbol,Athletic Club Bilbao
3911516,1,0,0.4311688542366028,TF-NN,2,242,,global,182,Liga F,281,2023/2024,female,Valencia CF,Granada W
3911517,1,1,0.7998871207237244,TF-NN,2,242,,global,182,Liga F,281,2023/2024,female,Levante UD Femenino,Real Betis Balompié
3911518,1,0,0.13319870829582214,TF-NN,2,242,,global,182,Liga F,281,2023/2024,female,Costa Adeje Tenerife,Sevilla FC
3911511,0,0,0.3424990773200989,TF-NN,2,242,,global,182,Liga F,281,2023/2024,female,FC Levante Badalona,Villarreal
3911512,1,0,0.38421961665153503,TF-NN,2,242,,global,182,Liga F,281,2023/2024,female,Madrid CFF,CD Sporting de Huelva
3911514,0,0,0.17535792291164398,TF-NN,2,242,,global,182,Liga F,281,2023/2024,female,SD Eibar,Atletico Madrid W
3911515,0,0,0.0945671796798706,TF-NN,2,242,,global,182,Liga F,281,2023/2024,female,Real Madrid CF W,Barcelona WFC
3911520,1,0,0.3307109773159027,TF-NN,2,242,,global,182,Liga F,281,2023/2024,female,Atletico Madrid W,Valencia CF
3911522,0,0,0.11889374256134033,TF-NN,2,242,,global,182,Liga F,281,2023/2024,female,Real Betis Balompié,SD Eibar
3911525,0,0,0.152147114276886,TF-NN,2,242,,global,182,Liga F,281,2023/2024,female,Villarreal,Real Madrid CF W
3911526,1,0,0.4148876965045929,TF-NN,2,242,,global,182,Liga F,281,2023/2024,female,Sevilla FC,Real Sociedad de Fútbol
3911519,1,0,0.23402385413646698,TF-NN,2,242,,global,182,Liga F,281,2023/2024,female,Athletic Club Bilbao,FC Levante Badalona
3911521,1,0,0.18447245657444,TF-NN,2,242,,global,182,Liga F,281,2023/2024,female,Granada W,Madrid CFF
3911523,0,0,0.18614104390144348,TF-NN,2,242,,global,182,Liga F,281,2023/2024,female,CD Sporting de Huelva,Costa Adeje Tenerife
3911524,0,0,0.07576986402273178,TF-NN,2,242,,global,182,Liga F,281,2023/2024,female,Levante UD Femenino,Barcelona WFC
3754202,0,0,0.49397656321525574,TF-Hybrid,2,242,0.484748899936676,global,2,Premier League,27,2015/2016,male,Stoke City,Arsenal
3754345,0,0,0.4615136981010437,TF-Hybrid,2,242,0.484748899936676,global,2,Premier League,27,2015/2016,male,Liverpool,Manchester United
3754161,1,0,0.3328484892845154,TF-Hybrid,2,242,0.484748899936676,global,2,Premier League,27,2015/2016,male,Swansea City,Watford
3753975,0,0,0.25945696234703064,TF-Hybrid,2,242,0.484748899936676,global,2,Premier League,27,2015/2016,male,Sunderland,AFC Bournemouth
3754084,0,0,0.2986469864845276,TF-Hybrid,2,242,0.484748899936676,global,2,Premier League,27,2015/2016,male,West Bromwich Albion,Aston Villa
3754110,0,0,0.26539307832717896,TF-Hybrid,2,242,0.484748899936676,global,2,Premier League,27,2015/2016,male,West Ham United,Manchester City
3754179,0,0,0.14933191239833832,TF-Hybrid,2,242,0.484748899936676,global,2,Premier League,27,2015/2016,male,Crystal Palace,Tottenham Hotspur
3754200,0,0,0.12047753483057022,TF-Hybrid,2,242,0.484748899936676,global,2,Premier League,27,2015/2016,male,Manchester United,Southampton
3754271,1,0,0.42830854654312134,TF-Hybrid,2,242,0.484748899936676,global,2,Premier League,27,2015/2016,male,Watford,Newcastle United
3754341,1,1,0.5190490484237671,TF-Hybrid,2,242,0.484748899936676,global,2,Premier League,27,2015/2016,male,Leicester City,Stoke City
3754348,0,0,0.3023490309715271,TF-Hybrid,2,242,0.484748899936676,global,2,Premier League,27,2015/2016,male,Norwich City,Liverpool
3754111,0,0,0.24377822875976562,TF-Hybrid,2,242,0.484748899936676,global,2,Premier League,27,2015/2016,male,Arsenal,Chelsea
3754163,0,0,0.33289918303489685,TF-Hybrid,2,242,0.484748899936676,global,2,Premier League,27,2015/2016,male,Everton,Swansea City
3753997,1,1,0.6209043264389038,TF-Hybrid,2,242,0.484748899936676,global,2,Premier League,27,2015/2016,male,West Ham United,Aston Villa
3754089,0,0,0.2274579405784607,TF-Hybrid,2,242,0.484748899936676,global,2,Premier League,27,2015/2016,male,Crystal Palace,AFC Bournemouth
3754094,1,1,0.7287658452987671,TF-Hybrid,2,242,0.484748899936676,global,2,Premier League,27,2015/2016,male,Manchester United,Stoke City
3754095,0,0,0.18306905031204224,TF-Hybrid,2,242,0.484748899936676,global,2,Premier League,27,2015/2016,male,Sunderland,Manchester City
3754201,0,0,0.4539678692817688,TF-Hybrid,2,242,0.484748899936676,global,2,Premier League,27,2015/2016,male,Arsenal,Southampton
3754275,1,0,0.3188878297805786,TF-Hybrid,2,242,0.484748899936676,global,2,Premier League,27,2015/2016,male,Leicester City,Liverpool
3754317,0,0,0.14243750274181366,TF-Hybrid,2,242,0.484748899936676,global,2,Premier League,27,2015/2016,male,Norwich City,Tottenham Hotspur
3754340,0,1,0.6138319373130798,TF-Hybrid,2,242,0.484748899936676,global,2,Premier League,27,2015/2016,male,West Bromwich Albion,Swansea City
3754103,0,0,0.35419172048568726,TF-Hybrid,2,242,0.484748899936676,global,2,Premier League,27,2015/2016,male,Watford,Chelsea
3754252,1,1,0.6428027749061584,TF-Hybrid,2,242,0.484748899936676,global,2,Premier League,27,2015/2016,male,Everton,Newcastle United
3879718,0,1,0.5679275989532471,TF-Hybrid,2,242,0.484748899936676,global,12,Serie A,27,2015/2016,male,Empoli,Udinese
3879719,0,0,0.38035622239112854,TF-Hybrid,2,242,0.484748899936676,global,12,Serie A,27,2015/2016,male,Sampdoria,Torino
3879720,0,0,0.20426563918590546,TF-Hybrid,2,242,0.484748899936676,global,12,Serie A,27,2015/2016,male,Lazio,Napoli
3879721,0,0,0.18583714962005615,TF-Hybrid,2,242,0.484748899936676,global,12,Serie A,27,2015/2016,male,Palermo,AC Milan
3879722,1,0,0.4260299801826477,TF-Hybrid,2,242,0.484748899936676,global,12,Serie A,27,2015/2016,male,Hellas Verona,Atalanta
3879723,1,1,0.722549319267273,TF-Hybrid,2,242,0.484748899936676,global,12,Serie A,27,2015/2016,male,Inter Milan,Chievo
3879724,1,0,0.36223289370536804,TF-Hybrid,2,242,0.484748899936676,global,12,Serie A,27,2015/2016,male,Fiorentina,Carpi
3879725,1,0,0.4028821289539337,TF-Hybrid,2,242,0.484748899936676,global,12,Serie A,27,2015/2016,male,Frosinone,Bologna
3879726,1,1,0.6074124574661255,TF-Hybrid,2,242,0.484748899936676,global,12,Serie A,27,2015/2016,male,Juventus,Genoa
3754080,1,1,0.9160133004188538,TF-Hybrid,2,242,0.484748899936676,global,2,Premier League,27,2015/2016,male,Tottenham Hotspur,Watford
3754120,1,0,0.2741118371486664,TF-Hybrid,2,242,0.484748899936676,global,2,Premier League,27,2015/2016,male,Southampton,West Ham United
3754127,0,0,0.23596079647541046,TF-Hybrid,2,242,0.484748899936676,global,2,Premier League,27,2015/2016,male,Stoke City,Everton
3754290,0,0,0.3391503095626831,TF-Hybrid,2,242,0.484748899936676,global,2,Premier League,27,2015/2016,male,Manchester City,Leicester City
3754292,1,1,0.5919859409332275,TF-Hybrid,2,242,0.484748899936676,global,2,Premier League,27,2015/2016,male,Newcastle United,West Bromwich Albion
3754303,0,1,0.5821723341941833,TF-Hybrid,2,242,0.484748899936676,global,2,Premier League,27,2015/2016,male,Swansea City,Crystal Palace
3754306,1,0,0.48106715083122253,TF-Hybrid,2,242,0.484748899936676,global,2,Premier League,27,2015/2016,male,Aston Villa,Norwich City
3754316,0,1,0.6649171710014343,TF-Hybrid,2,242,0.484748899936676,global,2,Premier League,27,2015/2016,male,Liverpool,Sunderland
3879727,0,0,0.20093518495559692,TF-Hybrid,2,242,0.484748899936676,global,12,Serie A,27,2015/2016,male,Genoa,Lazio
3879728,0,0,0.33562085032463074,TF-Hybrid,2,242,0.484748899936676,global,12,Serie A,27,2015/2016,male,Bologna,Fiorentina
3754253,0,0,0.365335077047348,TF-Hybrid,2,242,0.484748899936676,global,2,Premier League,27,2015/2016,male,AFC Bournemouth,Arsenal
3754281,0,1,0.5777267813682556,TF-Hybrid,2,242,0.484748899936676,global,2,Premier League,27,2015/2016,male,Chelsea,Manchester United
3879729,0,0,0.49416911602020264,TF-Hybrid,2,242,0.484748899936676,global,12,Serie A,27,2015/2016,male,Sassuolo,Palermo
3879730,0,0,0.19970886409282684,TF-Hybrid,2,242,0.484748899936676,global,12,Serie A,27,2015/2016,male,Hellas Verona,Inter Milan
3879731,1,1,0.7088971734046936,TF-Hybrid,2,242,0.484748899936676,global,12,Serie A,27,2015/2016,male,Napoli,Carpi
3879732,0,1,0.7061233520507812,TF-Hybrid,2,242,0.484748899936676,global,12,Serie A,27,2015/2016,male,Torino,Chievo
3879733,0,0,0.11079296469688416,TF-Hybrid,2,242,0.484748899936676,global,12,Serie A,27,2015/2016,male,Frosinone,Juventus
3879734,0,1,0.6060814261436462,TF-Hybrid,2,242,0.484748899936676,global,12,Serie A,27,2015/2016,male,AC Milan,Udinese
3879735,0,0,0.4222213327884674,TF-Hybrid,2,242,0.484748899936676,global,12,Serie A,27,2015/2016,male,Atalanta,Empoli
3879736,1,1,0.5885089039802551,TF-Hybrid,2,242,0.484748899936676,global,12,Serie A,27,2015/2016,male,AS Roma,Sampdoria
3879737,1,1,0.7230591773986816,TF-Hybrid,2,242,0.484748899936676,global,12,Serie A,27,2015/2016,male,Lazio,Hellas Verona
3879738,0,0,0.3241574168205261,TF-Hybrid,2,242,0.484748899936676,global,12,Serie A,27,2015/2016,male,Carpi,AS Roma
3754031,1,1,0.5029728412628174,TF-Hybrid,2,242,0.484748899936676,global,2,Premier League,27,2015/2016,male,Sunderland,Manchester United
3754039,0,0,0.4505000412464142,TF-Hybrid,2,242,0.484748899936676,global,2,Premier League,27,2015/2016,male,Crystal Palace,Watford
3754139,0,0,0.4251618981361389,TF-Hybrid,2,242,0.484748899936676,global,2,Premier League,27,2015/2016,male,Swansea City,Southampton
3754244,0,0,0.3248469829559326,TF-Hybrid,2,242,0.484748899936676,global,2,Premier League,27,2015/2016,male,Norwich City,West Ham United
3754264,1,1,0.6720212697982788,TF-Hybrid,2,242,0.484748899936676,global,2,Premier League,27,2015/2016,male,Chelsea,Newcastle United
3754274,0,1,0.5698725581169128,TF-Hybrid,2,242,0.484748899936676,global,2,Premier League,27,2015/2016,male,AFC Bournemouth,Stoke City
3754350,0,1,0.6456830501556396,TF-Hybrid,2,242,0.484748899936676,global,2,Premier League,27,2015/2016,male,Everton,West Bromwich Albion
3879739,1,0,0.3909609019756317,TF-Hybrid,2,242,0.484748899936676,global,12,Serie A,27,2015/2016,male,Juventus,Napoli
3879740,0,1,0.5493557453155518,TF-Hybrid,2,242,0.484748899936676,global,12,Serie A,27,2015/2016,male,Empoli,Frosinone
3879741,0,0,0.22323213517665863,TF-Hybrid,2,242,0.484748899936676,global,12,Serie A,27,2015/2016,male,Chievo,Sassuolo
3754147,0,0,0.3107316493988037,TF-Hybrid,2,242,0.484748899936676,global,2,Premier League,27,2015/2016,male,Manchester City,Tottenham Hotspur
3754214,0,0,0.14047926664352417,TF-Hybrid,2,242,0.484748899936676,global,2,Premier League,27,2015/2016,male,Aston Villa,Liverpool
3754261,1,1,0.5177758932113647,TF-Hybrid,2,242,0.484748899936676,global,2,Premier League,27,2015/2016,male,Arsenal,Leicester City
3879742,1,1,0.6145069003105164,TF-Hybrid,2,242,0.484748899936676,global,12,Serie A,27,2015/2016,male,AC Milan,Genoa
3879743,0,0,0.37464404106140137,TF-Hybrid,2,242,0.484748899936676,global,12,Serie A,27,2015/2016,male,Udinese,Bologna
3879744,0,0,0.30189815163612366,TF-Hybrid,2,242,0.484748899936676,global,12,Serie A,27,2015/2016,male,Sampdoria,Atalanta
3879745,0,0,0.25842171907424927,TF-Hybrid,2,242,0.484748899936676,global,12,Serie A,27,2015/2016,male,Palermo,Torino
3879746,1,0,0.35029658675193787,TF-Hybrid,2,242,0.484748899936676,global,12,Serie A,27,2015/2016,male,Fiorentina,Inter Milan
3879747,0,0,0.14976640045642853,TF-Hybrid,2,242,0.484748899936676,global,12,Serie A,27,2015/2016,male,Bologna,Juventus
3901144,0,0,0.3906015455722809,TF-Hybrid,2,242,0.484748899936676,global,7,Ligue 1,27,2015/2016,male,Bordeaux,OGC Nice
3879748,1,1,0.6648867130279541,TF-Hybrid,2,242,0.484748899936676,global,12,Serie A,27,2015/2016,male,Hellas Verona,Chievo
3879749,1,1,0.617256224155426,TF-Hybrid,2,242,0.484748899936676,global,12,Serie A,27,2015/2016,male,Inter Milan,Sampdoria
3901145,0,0,0.44541463255882263,TF-Hybrid,2,242,0.484748899936676,global,7,Ligue 1,27,2015/2016,male,Angers,Montpellier
3901146,1,0,0.4276231527328491,TF-Hybrid,2,242,0.484748899936676,global,7,Ligue 1,27,2015/2016,male,Paris Saint-Germain,Stade de Reims
3901147,0,0,0.3180055022239685,TF-Hybrid,2,242,0.484748899936676,global,7,Ligue 1,27,2015/2016,male,Toulouse,Gazélec Ajaccio
3901148,1,1,0.7074410915374756,TF-Hybrid,2,242,0.484748899936676,global,7,Ligue 1,27,2015/2016,male,Lorient,Guingamp
3901149,1,1,0.7790713310241699,TF-Hybrid,2,242,0.484748899936676,global,7,Ligue 1,27,2015/2016,male,AS Monaco,Troyes
3879750,0,0,0.3864532709121704,TF-Hybrid,2,242,0.484748899936676,global,12,Serie A,27,2015/2016,male,Atalanta,Fiorentina
3879751,1,1,0.751850426197052,TF-Hybrid,2,242,0.484748899936676,global,12,Serie A,27,2015/2016,male,AS Roma,Palermo
3879752,1,1,0.7110458612442017,TF-Hybrid,2,242,0.484748899936676,global,12,Serie A,27,2015/2016,male,Genoa,Udinese
3879753,1,0,0.40517526865005493,TF-Hybrid,2,242,0.484748899936676,global,12,Serie A,27,2015/2016,male,Sassuolo,Empoli
3879754,0,1,0.6289239525794983,TF-Hybrid,2,242,0.484748899936676,global,12,Serie A,27,2015/2016,male,Torino,Carpi
3879755,0,0,0.16427601873874664,TF-Hybrid,2,242,0.484748899936676,global,12,Serie A,27,2015/2016,male,Frosinone,Lazio
3901150,0,0,0.19532640278339386,TF-Hybrid,2,242,0.484748899936676,global,7,Ligue 1,27,2015/2016,male,Olympique de Marseille,Saint-Étienne
3901151,1,0,0.25434908270835876,TF-Hybrid,2,242,0.484748899936676,global,7,Ligue 1,27,2015/2016,male,Lille,Lyon
3901152,1,0,0.4068184196949005,TF-Hybrid,2,242,0.484748899936676,global,7,Ligue 1,27,2015/2016,male,Stade Malherbe Caen,Rennes
3879756,0,0,0.32461705803871155,TF-Hybrid,2,242,0.484748899936676,global,12,Serie A,27,2015/2016,male,Napoli,AC Milan
3901153,0,0,0.4930463135242462,TF-Hybrid,2,242,0.484748899936676,global,7,Ligue 1,27,2015/2016,male,OGC Nice,Bastia
3754012,0,0,0.3375369906425476,TF-Hybrid,2,242,0.484748899936676,global,2,Premier League,27,2015/2016,male,Southampton,Chelsea
3754049,1,0,0.4525129497051239,TF-Hybrid,2,242,0.484748899936676,global,2,Premier League,27,2015/2016,male,Leicester City,Norwich City
3754121,0,0,0.26974916458129883,TF-Hybrid,2,242,0.484748899936676,global,2,Premier League,27,2015/2016,male,Watford,AFC Bournemouth
3754236,1,0,0.31918051838874817,TF-Hybrid,2,242,0.484748899936676,global,2,Premier League,27,2015/2016,male,West Bromwich Albion,Crystal Palace
3754321,1,1,0.678956151008606,TF-Hybrid,2,242,0.484748899936676,global,2,Premier League,27,2015/2016,male,Stoke City,Aston Villa
3754331,1,1,0.5054571628570557,TF-Hybrid,2,242,0.484748899936676,global,2,Premier League,27,2015/2016,male,West Ham United,Sunderland
3825787,0,0,0.4437277615070343,TF-Hybrid,2,242,0.484748899936676,global,11,La Liga,27,2015/2016,male,Real Madrid,Atlético Madrid
3825788,0,0,0.2501024901866913,TF-Hybrid,2,242,0.484748899936676,global,11,La Liga,27,2015/2016,male,Getafe,Celta Vigo
3825789,0,1,0.5367040038108826,TF-Hybrid,2,242,0.484748899936676,global,11,La Liga,27,2015/2016,male,Real Sociedad,Málaga
3825790,0,1,0.5210852026939392,TF-Hybrid,2,242,0.484748899936676,global,11,La Liga,27,2015/2016,male,Sporting Gijón,Espanyol
3825791,0,0,0.49342647194862366,TF-Hybrid,2,242,0.484748899936676,global,11,La Liga,27,2015/2016,male,Real Betis,Rayo Vallecano
3901154,0,0,0.25510740280151367,TF-Hybrid,2,242,0.484748899936676,global,7,Ligue 1,27,2015/2016,male,Troyes,Lorient
3901155,1,1,0.5025163292884827,TF-Hybrid,2,242,0.484748899936676,global,7,Ligue 1,27,2015/2016,male,Montpellier,Lille
3901156,0,1,0.7040610313415527,TF-Hybrid,2,242,0.484748899936676,global,7,Ligue 1,27,2015/2016,male,Guingamp,Angers
3901157,1,0,0.3808891773223877,TF-Hybrid,2,242,0.484748899936676,global,7,Ligue 1,27,2015/2016,male,Stade de Reims,Bordeaux
3901158,0,0,0.3411622643470764,TF-Hybrid,2,242,0.484748899936676,global,7,Ligue 1,27,2015/2016,male,Toulouse,Rennes
265839,1,1,0.693658173084259,TF-Hybrid,2,242,0.484748899936676,global,11,La Liga,27,2015/2016,male,Barcelona,Sevilla
3825792,0,1,0.6056190729141235,TF-Hybrid,2,242,0.484748899936676,global,11,La Liga,27,2015/2016,male,RC Deportivo La Coruña,Granada
3825793,0,0,0.4861387312412262,TF-Hybrid,2,242,0.484748899936676,global,11,La Liga,27,2015/2016,male,Valencia,Athletic Club
3825794,1,1,0.554294764995575,TF-Hybrid,2,242,0.484748899936676,global,11,La Liga,27,2015/2016,male,Villarreal,Levante UD
3901159,1,1,0.5061820149421692,TF-Hybrid,2,242,0.484748899936676,global,7,Ligue 1,27,2015/2016,male,Lyon,Paris Saint-Germain
3901160,0,1,0.5161042809486389,TF-Hybrid,2,242,0.484748899936676,global,7,Ligue 1,27,2015/2016,male,Nantes,AS Monaco
3901161,0,1,0.5643313527107239,TF-Hybrid,2,242,0.484748899936676,global,7,Ligue 1,27,2015/2016,male,Saint-Étienne,Stade Malherbe Caen
3825795,1,1,0.608342170715332,TF-Hybrid,2,242,0.484748899936676,global,11,La Liga,27,2015/2016,male,Atlético Madrid,Real Sociedad
3825796,1,1,0.7302989959716797,TF-Hybrid,2,242,0.484748899936676,global,11,La Liga,27,2015/2016,male,Las Palmas,Getafe
3825797,1,1,0.5637212991714478,TF-Hybrid,2,242,0.484748899936676,global,11,La Liga,27,2015/2016,male,Athletic Club,RC Deportivo La Coruña
3825798,0,0,0.3308591842651367,TF-Hybrid,2,242,0.484748899936676,global,11,La Liga,27,2015/2016,male,Levante UD,Real Madrid
3825799,0,0,0.19172364473342896,TF-Hybrid,2,242,0.484748899936676,global,11,La Liga,27,2015/2016,male,Málaga,Valencia
3825800,0,0,0.4055635631084442,TF-Hybrid,2,242,0.484748899936676,global,11,La Liga,27,2015/2016,male,Celta Vigo,Villarreal
3825801,1,1,0.6466428637504578,TF-Hybrid,2,242,0.484748899936676,global,11,La Liga,27,2015/2016,male,Sevilla,Eibar
266653,0,0,0.3019982874393463,TF-Hybrid,2,242,0.484748899936676,global,11,La Liga,27,2015/2016,male,Rayo Vallecano,Barcelona
3825802,0,1,0.5687421560287476,TF-Hybrid,2,242,0.484748899936676,global,11,La Liga,27,2015/2016,male,Espanyol,Real Betis
3825803,1,1,0.7365646362304688,TF-Hybrid,2,242,0.484748899936676,global,11,La Liga,27,2015/2016,male,Granada,Sporting Gijón
3901162,0,1,0.5610136389732361,TF-Hybrid,2,242,0.484748899936676,global,7,Ligue 1,27,2015/2016,male,Stade Malherbe Caen,AS Monaco
3825804,0,1,0.7225026488304138,TF-Hybrid,2,242,0.484748899936676,global,11,La Liga,27,2015/2016,male,RC Deportivo La Coruña,Málaga
3825805,0,0,0.35643303394317627,TF-Hybrid,2,242,0.484748899936676,global,11,La Liga,27,2015/2016,male,Villarreal,Las Palmas
3825806,1,0,0.46580514311790466,TF-Hybrid,2,242,0.484748899936676,global,11,La Liga,27,2015/2016,male,Real Madrid,Celta Vigo
3825867,0,0,0.33769699931144714,TF-Hybrid,2,242,0.484748899936676,global,11,La Liga,27,2015/2016,male,Getafe,Sevilla
3901163,1,1,0.5646668076515198,TF-Hybrid,2,242,0.484748899936676,global,7,Ligue 1,27,2015/2016,male,OGC Nice,Troyes
3901164,0,0,0.190206840634346,TF-Hybrid,2,242,0.484748899936676,global,7,Ligue 1,27,2015/2016,male,Angers,Saint-Étienne
3901165,0,0,0.39290308952331543,TF-Hybrid,2,242,0.484748899936676,global,7,Ligue 1,27,2015/2016,male,Bordeaux,Gazélec Ajaccio
3901166,0,0,0.3599114716053009,TF-Hybrid,2,242,0.484748899936676,global,7,Ligue 1,27,2015/2016,male,Paris Saint-Germain,Montpellier
3901167,0,1,0.5898494124412537,TF-Hybrid,2,242,0.484748899936676,global,7,Ligue 1,27,2015/2016,male,Bastia,Lorient
3901168,1,0,0.4178307354450226,TF-Hybrid,2,242,0.484748899936676,global,7,Ligue 1,27,2015/2016,male,Lille,Stade de Reims
266056,0,0,0.14410381019115448,TF-Hybrid,2,242,0.484748899936676,global,11,La Liga,27,2015/2016,male,Eibar,Barcelona
3825807,0,0,0.24609869718551636,TF-Hybrid,2,242,0.484748899936676,global,11,La Liga,27,2015/2016,male,Valencia,Atlético Madrid
3825808,0,0,0.17211982607841492,TF-Hybrid,2,242,0.484748899936676,global,11,La Liga,27,2015/2016,male,Sporting Gijón,Athletic Club
3825809,1,0,0.33564943075180054,TF-Hybrid,2,242,0.484748899936676,global,11,La Liga,27,2015/2016,male,Real Betis,Granada
3825810,0,0,0.4316093921661377,TF-Hybrid,2,242,0.484748899936676,global,11,La Liga,27,2015/2016,male,Real Sociedad,Levante UD
3901169,0,1,0.6275142431259155,TF-Hybrid,2,242,0.484748899936676,global,7,Ligue 1,27,2015/2016,male,Olympique de Marseille,Toulouse
3901170,1,0,0.4374499022960663,TF-Hybrid,2,242,0.484748899936676,global,7,Ligue 1,27,2015/2016,male,Rennes,Nantes
3901171,1,1,0.9383730888366699,TF-Hybrid,2,242,0.484748899936676,global,7,Ligue 1,27,2015/2016,male,Lyon,Guingamp
3825811,1,1,0.6921223998069763,TF-Hybrid,2,242,0.484748899936676,global,11,La Liga,27,2015/2016,male,Espanyol,Rayo Vallecano
3901172,0,0,0.32718756794929504,TF-Hybrid,2,242,0.484748899936676,global,7,Ligue 1,27,2015/2016,male,Bastia,Nantes
3825812,1,0,0.35748955607414246,TF-Hybrid,2,242,0.484748899936676,global,11,La Liga,27,2015/2016,male,Málaga,Sporting Gijón
3901174,0,0,0.36638233065605164,TF-Hybrid,2,242,0.484748899936676,global,7,Ligue 1,27,2015/2016,male,AS Monaco,Stade de Reims
266498,1,1,0.9172667264938354,TF-Hybrid,2,242,0.484748899936676,global,11,La Liga,27,2015/2016,male,Barcelona,Getafe
3825813,1,1,0.6323224902153015,TF-Hybrid,2,242,0.484748899936676,global,11,La Liga,27,2015/2016,male,Atlético Madrid,RC Deportivo La Coruña
3825814,1,0,0.2442094087600708,TF-Hybrid,2,242,0.484748899936676,global,11,La Liga,27,2015/2016,male,Celta Vigo,Real Sociedad
3825858,0,0,0.484291672706604,TF-Hybrid,2,242,0.484748899936676,global,11,La Liga,27,2015/2016,male,Rayo Vallecano,Eibar
3901175,0,0,0.4844033718109131,TF-Hybrid,2,242,0.484748899936676,global,7,Ligue 1,27,2015/2016,male,Montpellier,OGC Nice
3901176,1,1,0.8219845294952393,TF-Hybrid,2,242,0.484748899936676,global,7,Ligue 1,27,2015/2016,male,Toulouse,Bordeaux
3901177,0,0,0.46208226680755615,TF-Hybrid,2,242,0.484748899936676,global,7,Ligue 1,27,2015/2016,male,Bastia,Lille
3901180,1,0,0.3577587306499481,TF-Hybrid,2,242,0.484748899936676,global,7,Ligue 1,27,2015/2016,male,Guingamp,Saint-Étienne
3825815,1,0,0.386404424905777,TF-Hybrid,2,242,0.484748899936676,global,11,La Liga,27,2015/2016,male,Levante UD,Valencia
3825816,1,1,0.8572589755058289,TF-Hybrid,2,242,0.484748899936676,global,11,La Liga,27,2015/2016,male,Sevilla,Villarreal
3825844,1,1,0.5983188152313232,TF-Hybrid,2,242,0.484748899936676,global,11,La Liga,27,2015/2016,male,Athletic Club,Real Betis
3825879,0,0,0.267892062664032,TF-Hybrid,2,242,0.484748899936676,global,11,La Liga,27,2015/2016,male,Las Palmas,Real Madrid
3901181,0,0,0.3761572241783142,TF-Hybrid,2,242,0.484748899936676,global,7,Ligue 1,27,2015/2016,male,Rennes,Lyon
3901182,1,0,0.4363580644130707,TF-Hybrid,2,242,0.484748899936676,global,7,Ligue 1,27,2015/2016,male,Nantes,Angers
3901183,0,0,0.3097096085548401,TF-Hybrid,2,242,0.484748899936676,global,7,Ligue 1,27,2015/2016,male,Troyes,Paris Saint-Germain
3825881,0,0,0.3165137767791748,TF-Hybrid,2,242,0.484748899936676,global,11,La Liga,27,2015/2016,male,Granada,Espanyol
3825817,0,0,0.36528831720352173,TF-Hybrid,2,242,0.484748899936676,global,11,La Liga,27,2015/2016,male,Getafe,Eibar
3901184,0,0,0.4691636264324188,TF-Hybrid,2,242,0.484748899936676,global,7,Ligue 1,27,2015/2016,male,Olympique de Marseille,Rennes
3825818,0,0,0.383565217256546,TF-Hybrid,2,242,0.484748899936676,global,11,La Liga,27,2015/2016,male,Real Sociedad,Las Palmas
3825880,1,0,0.4591897428035736,TF-Hybrid,2,242,0.484748899936676,global,11,La Liga,27,2015/2016,male,RC Deportivo La Coruña,Levante UD
3825887,0,1,0.6276490688323975,TF-Hybrid,2,242,0.484748899936676,global,11,La Liga,27,2015/2016,male,Granada,Rayo Vallecano
3825903,0,0,0.49496957659721375,TF-Hybrid,2,242,0.484748899936676,global,11,La Liga,27,2015/2016,male,Real Betis,Málaga
3825907,1,0,0.1857033520936966,TF-Hybrid,2,242,0.484748899936676,global,11,La Liga,27,2015/2016,male,Sporting Gijón,Atlético Madrid
3901185,0,0,0.39723634719848633,TF-Hybrid,2,242,0.484748899936676,global,7,Ligue 1,27,2015/2016,male,Stade de Reims,Guingamp
3901186,1,1,0.6185721158981323,TF-Hybrid,2,242,0.484748899936676,global,7,Ligue 1,27,2015/2016,male,Lyon,Nantes
3901187,1,1,0.830033540725708,TF-Hybrid,2,242,0.484748899936676,global,7,Ligue 1,27,2015/2016,male,Angers,Lorient
3901188,1,0,0.3923357427120209,TF-Hybrid,2,242,0.484748899936676,global,7,Ligue 1,27,2015/2016,male,Saint-Étienne,Montpellier
3901189,1,0,0.2949809432029724,TF-Hybrid,2,242,0.484748899936676,global,7,Ligue 1,27,2015/2016,male,Lille,Toulouse
3901190,1,1,0.7406653761863708,TF-Hybrid,2,242,0.484748899936676,global,7,Ligue 1,27,2015/2016,male,Stade Malherbe Caen,Troyes
266106,0,0,0.2073540836572647,TF-Hybrid,2,242,0.484748899936676,global,11,La Liga,27,2015/2016,male,Villarreal,Barcelona
3825819,0,0,0.48866498470306396,TF-Hybrid,2,242,0.484748899936676,global,11,La Liga,27,2015/2016,male,Valencia,Celta Vigo
3825820,1,1,0.9670072197914124,TF-Hybrid,2,242,0.484748899936676,global,11,La Liga,27,2015/2016,male,Real Madrid,Sevilla
3825821,1,0,0.4195641577243805,TF-Hybrid,2,242,0.484748899936676,global,11,La Liga,27,2015/2016,male,Espanyol,Athletic Club
3901191,1,1,0.5159861445426941,TF-Hybrid,2,242,0.484748899936676,global,7,Ligue 1,27,2015/2016,male,OGC Nice,Gazélec Ajaccio
3901192,0,0,0.273642897605896,TF-Hybrid,2,242,0.484748899936676,global,7,Ligue 1,27,2015/2016,male,Bordeaux,Bastia
3901193,0,1,0.7472599148750305,TF-Hybrid,2,242,0.484748899936676,global,7,Ligue 1,27,2015/2016,male,Paris Saint-Germain,AS Monaco
3825885,1,1,0.8690581321716309,TF-Hybrid,2,242,0.484748899936676,global,11,La Liga,27,2015/2016,male,Rayo Vallecano,Getafe
3901194,0,1,0.507260799407959,TF-Hybrid,2,242,0.484748899936676,global,7,Ligue 1,27,2015/2016,male,AS Monaco,Bordeaux
267533,0,0,0.28246402740478516,TF-Hybrid,2,242,0.484748899936676,global,11,La Liga,27,2015/2016,male,Barcelona,Real Madrid
3825822,1,1,0.604112982749939,TF-Hybrid,2,242,0.484748899936676,global,11,La Liga,27,2015/2016,male,Las Palmas,Valencia
3825872,1,1,0.8895330429077148,TF-Hybrid,2,242,0.484748899936676,global,11,La Liga,27,2015/2016,male,Atlético Madrid,Real Betis
3825898,0,0,0.2468308061361313,TF-Hybrid,2,242,0.484748899936676,global,11,La Liga,27,2015/2016,male,Celta Vigo,RC Deportivo La Coruña
3901195,0,0,0.41516807675361633,TF-Hybrid,2,242,0.484748899936676,global,7,Ligue 1,27,2015/2016,male,Gazélec Ajaccio,Saint-Étienne
3901196,1,1,0.6700671315193176,TF-Hybrid,2,242,0.484748899936676,global,7,Ligue 1,27,2015/2016,male,Paris Saint-Germain,OGC Nice
3901197,0,0,0.31913629174232483,TF-Hybrid,2,242,0.484748899936676,global,7,Ligue 1,27,2015/2016,male,Guingamp,Montpellier
3901198,0,0,0.15420059859752655,TF-Hybrid,2,242,0.484748899936676,global,7,Ligue 1,27,2015/2016,male,Troyes,Angers
3901199,1,1,0.5614524483680725,TF-Hybrid,2,242,0.484748899936676,global,7,Ligue 1,27,2015/2016,male,Rennes,Stade de Reims
3825823,0,0,0.4173598885536194,TF-Hybrid,2,242,0.484748899936676,global,11,La Liga,27,2015/2016,male,Sevilla,Real Sociedad
3825824,0,0,0.2661483585834503,TF-Hybrid,2,242,0.484748899936676,global,11,La Liga,27,2015/2016,male,Eibar,Villarreal
3825877,0,1,0.6544547080993652,TF-Hybrid,2,242,0.484748899936676,global,11,La Liga,27,2015/2016,male,Athletic Club,Granada
3825905,0,0,0.2994528114795685,TF-Hybrid,2,242,0.484748899936676,global,11,La Liga,27,2015/2016,male,Málaga,Espanyol
3901202,0,0,0.15849977731704712,TF-Hybrid,2,242,0.484748899936676,global,7,Ligue 1,27,2015/2016,male,Lorient,Lyon
3901203,0,0,0.37765634059906006,TF-Hybrid,2,242,0.484748899936676,global,7,Ligue 1,27,2015/2016,male,Nantes,Lille
3825825,0,0,0.4127735495567322,TF-Hybrid,2,242,0.484748899936676,global,11,La Liga,27,2015/2016,male,Levante UD,Sporting Gijón
3825826,0,0,0.2963313162326813,TF-Hybrid,2,242,0.484748899936676,global,11,La Liga,27,2015/2016,male,Granada,Málaga
266664,1,0,0.24641558527946472,TF-Hybrid,2,242,0.484748899936676,global,11,La Liga,27,2015/2016,male,Real Sociedad,Barcelona
3825827,1,0,0.1819342076778412,TF-Hybrid,2,242,0.484748899936676,global,11,La Liga,27,2015/2016,male,Real Betis,Levante UD
3825828,0,0,0.2707933187484741,TF-Hybrid,2,242,0.484748899936676,global,11,La Liga,27,2015/2016,male,Espanyol,Atlético Madrid
3825856,1,1,0.8007338047027588,TF-Hybrid,2,242,0.484748899936676,global,11,La Liga,27,2015/2016,male,Real Madrid,Eibar
3825829,1,0,0.3790785074234009,TF-Hybrid,2,242,0.484748899936676,global,11,La Liga,27,2015/2016,male,Athletic Club,Rayo Vallecano
3825830,1,1,0.682865560054779,TF-Hybrid,2,242,0.484748899936676,global,11,La Liga,27,2015/2016,male,Villarreal,Getafe
3825831,1,0,0.37946856021881104,TF-Hybrid,2,242,0.484748899936676,global,11,La Liga,27,2015/2016,male,Valencia,Sevilla
3825832,0,0,0.3190966546535492,TF-Hybrid,2,242,0.484748899936676,global,11,La Liga,27,2015/2016,male,Sporting Gijón,Celta Vigo
3825863,0,0,0.3970252573490143,TF-Hybrid,2,242,0.484748899936676,global,11,La Liga,27,2015/2016,male,RC Deportivo La Coruña,Las Palmas
3825857,1,0,0.438562273979187,TF-Hybrid,2,242,0.484748899936676,global,11,La Liga,27,2015/2016,male,Levante UD,Espanyol
3825833,0,0,0.19045552611351013,TF-Hybrid,2,242,0.484748899936676,global,11,La Liga,27,2015/2016,male,Getafe,Real Madrid
3825852,0,0,0.38296791911125183,TF-Hybrid,2,242,0.484748899936676,global,11,La Liga,27,2015/2016,male,Las Palmas,Sporting Gijón
3825889,0,1,0.7902979850769043,TF-Hybrid,2,242,0.484748899936676,global,11,La Liga,27,2015/2016,male,Celta Vigo,Real Betis
3825897,1,1,0.532324492931366,TF-Hybrid,2,242,0.484748899936676,global,11,La Liga,27,2015/2016,male,Eibar,Real Sociedad
266557,0,1,0.6868149042129517,TF-Hybrid,2,242,0.484748899936676,global,11,La Liga,27,2015/2016,male,Barcelona,Valencia
3825834,1,1,0.5848299860954285,TF-Hybrid,2,242,0.484748899936676,global,11,La Liga,27,2015/2016,male,Atlético Madrid,Granada
3825835,0,1,0.6163449883460999,TF-Hybrid,2,242,0.484748899936676,global,11,La Liga,27,2015/2016,male,Málaga,Athletic Club
3825836,1,1,0.5950837135314941,TF-Hybrid,2,242,0.484748899936676,global,11,La Liga,27,2015/2016,male,Rayo Vallecano,Villarreal
3825906,0,0,0.39303311705589294,TF-Hybrid,2,242,0.484748899936676,global,11,La Liga,27,2015/2016,male,Sevilla,RC Deportivo La Coruña
3825837,1,0,0.3458203375339508,TF-Hybrid,2,242,0.484748899936676,global,11,La Liga,27,2015/2016,male,Real Betis,Las Palmas
3825862,0,0,0.27842336893081665,TF-Hybrid,2,242,0.484748899936676,global,11,La Liga,27,2015/2016,male,Espanyol,Celta Vigo
266310,0,0,0.41657182574272156,TF-Hybrid,2,242,0.484748899936676,global,11,La Liga,27,2015/2016,male,RC Deportivo La Coruña,Barcelona
3825838,0,0,0.19662532210350037,TF-Hybrid,2,242,0.484748899936676,global,11,La Liga,27,2015/2016,male,Athletic Club,Atlético Madrid
3825839,1,0,0.45787250995635986,TF-Hybrid,2,242,0.484748899936676,global,11,La Liga,27,2015/2016,male,Sporting Gijón,Sevilla
3825840,1,1,0.7686363458633423,TF-Hybrid,2,242,0.484748899936676,global,11,La Liga,27,2015/2016,male,Valencia,Eibar
3825843,0,0,0.4791730046272278,TF-Hybrid,2,242,0.484748899936676,global,11,La Liga,27,2015/2016,male,Málaga,Rayo Vallecano
3825893,1,1,0.69881272315979,TF-Hybrid,2,242,0.484748899936676,global,11,La Liga,27,2015/2016,male,Real Madrid,Villarreal
3825841,0,0,0.42697855830192566,TF-Hybrid,2,242,0.484748899936676,global,11,La Liga,27,2015/2016,male,Real Sociedad,Getafe
3825896,1,1,0.7650398015975952,TF-Hybrid,2,242,0.484748899936676,global,11,La Liga,27,2015/2016,male,Granada,Levante UD
3825871,1,0,0.29844799637794495,TF-Hybrid,2,242,0.484748899936676,global,11,La Liga,27,2015/2016,male,Las Palmas,Espanyol
265944,1,1,0.9746452569961548,TF-Hybrid,2,242,0.484748899936676,global,11,La Liga,27,2015/2016,male,Barcelona,Sporting Gijón
3825847,0,0,0.3727104365825653,TF-Hybrid,2,242,0.484748899936676,global,11,La Liga,27,2015/2016,male,Eibar,RC Deportivo La Coruña
3825886,0,0,0.2545228600502014,TF-Hybrid,2,242,0.484748899936676,global,11,La Liga,27,2015/2016,male,Rayo Vallecano,Real Madrid
3825890,1,0,0.46719565987586975,TF-Hybrid,2,242,0.484748899936676,global,11,La Liga,27,2015/2016,male,Atlético Madrid,Málaga
3825842,0,0,0.4556496739387512,TF-Hybrid,2,242,0.484748899936676,global,11,La Liga,27,2015/2016,male,Levante UD,Athletic Club
3825875,0,0,0.3281913697719574,TF-Hybrid,2,242,0.484748899936676,global,11,La Liga,27,2015/2016,male,Villarreal,Real Sociedad
3825884,1,0,0.44114983081817627,TF-Hybrid,2,242,0.484748899936676,global,11,La Liga,27,2015/2016,male,Sevilla,Real Betis
3825899,0,1,0.5209494829177856,TF-Hybrid,2,242,0.484748899936676,global,11,La Liga,27,2015/2016,male,Getafe,Valencia
3825868,1,1,0.6635135412216187,TF-Hybrid,2,242,0.484748899936676,global,11,La Liga,27,2015/2016,male,Celta Vigo,Granada
3825854,1,0,0.25147902965545654,TF-Hybrid,2,242,0.484748899936676,global,11,La Liga,27,2015/2016,male,Sporting Gijón,Eibar
266986,0,0,0.07703988254070282,TF-Hybrid,2,242,0.484748899936676,global,11,La Liga,27,2015/2016,male,Real Betis,Barcelona
3825859,1,1,0.5160211324691772,TF-Hybrid,2,242,0.484748899936676,global,11,La Liga,27,2015/2016,male,Granada,Las Palmas
3825864,0,0,0.17281877994537354,TF-Hybrid,2,242,0.484748899936676,global,11,La Liga,27,2015/2016,male,Real Sociedad,Real Madrid
3825878,1,0,0.38965481519699097,TF-Hybrid,2,242,0.484748899936676,global,11,La Liga,27,2015/2016,male,Atlético Madrid,Rayo Vallecano
3825845,1,0,0.3838967978954315,TF-Hybrid,2,242,0.484748899936676,global,11,La Liga,27,2015/2016,male,Espanyol,Sevilla
3825870,1,1,0.5031476020812988,TF-Hybrid,2,242,0.484748899936676,global,11,La Liga,27,2015/2016,male,Athletic Club,Celta Vigo
3825873,0,1,0.510414183139801,TF-Hybrid,2,242,0.484748899936676,global,11,La Liga,27,2015/2016,male,Valencia,Villarreal
3825894,0,0,0.36808955669403076,TF-Hybrid,2,242,0.484748899936676,global,11,La Liga,27,2015/2016,male,RC Deportivo La Coruña,Getafe
3825855,1,1,0.6487998962402344,TF-Hybrid,2,242,0.484748899936676,global,11,La Liga,27,2015/2016,male,Málaga,Levante UD
265958,1,1,0.8960216045379639,TF-Hybrid,2,242,0.484748899936676,global,11,La Liga,27,2015/2016,male,Barcelona,Espanyol
3825850,1,1,0.516544759273529,TF-Hybrid,2,242,0.484748899936676,global,11,La Liga,27,2015/2016,male,Celta Vigo,Málaga
3825851,0,0,0.39258846640586853,TF-Hybrid,2,242,0.484748899936676,global,11,La Liga,27,2015/2016,male,Villarreal,RC Deportivo La Coruña
3825853,0,0,0.42808517813682556,TF-Hybrid,2,242,0.484748899936676,global,11,La Liga,27,2015/2016,male,Sevilla,Granada
3825860,1,0,0.2837240993976593,TF-Hybrid,2,242,0.484748899936676,global,11,La Liga,27,2015/2016,male,Levante UD,Atlético Madrid
3825861,1,1,0.5428385734558105,TF-Hybrid,2,242,0.484748899936676,global,11,La Liga,27,2015/2016,male,Real Sociedad,Rayo Vallecano
3825865,0,1,0.6874914765357971,TF-Hybrid,2,242,0.484748899936676,global,11,La Liga,27,2015/2016,male,Getafe,Sporting Gijón
3825866,0,0,0.2025090903043747,TF-Hybrid,2,242,0.484748899936676,global,11,La Liga,27,2015/2016,male,Las Palmas,Athletic Club
3825901,1,1,0.8155767321586609,TF-Hybrid,2,242,0.484748899936676,global,11,La Liga,27,2015/2016,male,Real Madrid,Valencia
3825904,0,0,0.4757603704929352,TF-Hybrid,2,242,0.484748899936676,global,11,La Liga,27,2015/2016,male,Eibar,Real Betis
3825849,0,0,0.38622888922691345,TF-Hybrid,2,242,0.484748899936676,global,11,La Liga,27,2015/2016,male,Valencia,Real Sociedad
267506,0,0,0.055693045258522034,TF-Hybrid,2,242,0.484748899936676,global,11,La Liga,27,2015/2016,male,Granada,Barcelona
3825846,0,0,0.3397983908653259,TF-Hybrid,2,242,0.484748899936676,global,11,La Liga,27,2015/2016,male,RC Deportivo La Coruña,Real Madrid
3825869,1,1,0.6832107305526733,TF-Hybrid,2,242,0.484748899936676,global,11,La Liga,27,2015/2016,male,Athletic Club,Sevilla
3825882,1,1,0.5092331171035767,TF-Hybrid,2,242,0.484748899936676,global,11,La Liga,27,2015/2016,male,Atlético Madrid,Celta Vigo
3825876,1,0,0.3395692706108093,TF-Hybrid,2,242,0.484748899936676,global,11,La Liga,27,2015/2016,male,Real Betis,Getafe
3825883,1,1,0.6655191779136658,TF-Hybrid,2,242,0.484748899936676,global,11,La Liga,27,2015/2016,male,Málaga,Las Palmas
3825900,1,0,0.339205265045166,TF-Hybrid,2,242,0.484748899936676,global,11,La Liga,27,2015/2016,male,Sporting Gijón,Villarreal
3825902,1,1,0.6995034217834473,TF-Hybrid,2,242,0.484748899936676,global,11,La Liga,27,2015/2016,male,Rayo Vallecano,Levante UD
3825908,1,0,0.4593431055545807,TF-Hybrid,2,242,0.484748899936676,global,11,La Liga,27,2015/2016,male,Espanyol,Eibar
267670,1,1,0.9631487131118774,TF-Hybrid,2,242,0.484748899936676,global,11,La Liga,2,2016/2017,male,Barcelona,Real Betis
266892,0,0,0.12615077197551727,TF-Hybrid,2,242,0.484748899936676,global,11,La Liga,2,2016/2017,male,Athletic Club,Barcelona
267220,0,1,0.5083276629447937,TF-Hybrid,2,242,0.484748899936676,global,11,La Liga,2,2016/2017,male,Barcelona,Atlético Madrid
267492,1,1,0.8234754800796509,TF-Hybrid,2,242,0.484748899936676,global,11,La Liga,2,2016/2017,male,Barcelona,RC Deportivo La Coruña
266033,0,0,0.18045246601104736,TF-Hybrid,2,242,0.484748899936676,global,11,La Liga,2,2016/2017,male,Valencia,Barcelona
267058,1,1,0.7846812009811401,TF-Hybrid,2,242,0.484748899936676,global,11,La Liga,2,2016/2017,male,Barcelona,Granada
266989,0,0,0.15064185857772827,TF-Hybrid,2,242,0.484748899936676,global,11,La Liga,2,2016/2017,male,Sevilla,Barcelona
266191,0,0,0.3633902966976166,TF-Hybrid,2,242,0.484748899936676,global,11,La Liga,2,2016/2017,male,Real Sociedad,Barcelona
267076,0,0,0.4162118434906006,TF-Hybrid,2,242,0.484748899936676,global,11,La Liga,2,2016/2017,male,Barcelona,Real Madrid
3775595,1,0,0.3560691177845001,TF-Hybrid,2,242,0.484748899936676,global,37,FA Women's Super League,90,2020/2021,female,Bristol City WFC,Brighton & Hove Albion WFC
3775605,1,1,0.8611934185028076,TF-Hybrid,2,242,0.484748899936676,global,37,FA Women's Super League,90,2020/2021,female,Chelsea FCW,Tottenham Hotspur Women
3775651,1,1,0.8904464244842529,TF-Hybrid,2,242,0.484748899936676,global,37,FA Women's Super League,90,2020/2021,female,Manchester City WFC,West Ham United LFC
3775590,0,1,0.6182572245597839,TF-Hybrid,2,242,0.484748899936676,global,37,FA Women's Super League,90,2020/2021,female,Everton LFC,Birmingham City WFC
3775600,0,0,0.14070168137550354,TF-Hybrid,2,242,0.484748899936676,global,37,FA Women's Super League,90,2020/2021,female,Arsenal WFC,Manchester City WFC
3775640,0,1,0.8959147930145264,TF-Hybrid,2,242,0.484748899936676,global,37,FA Women's Super League,90,2020/2021,female,Manchester United W,Reading WFC
3775652,0,1,0.9057142734527588,TF-Hybrid,2,242,0.484748899936676,global,37,FA Women's Super League,90,2020/2021,female,Chelsea FCW,Brighton & Hove Albion WFC
3775655,0,0,0.4916100800037384,TF-Hybrid,2,242,0.484748899936676,global,37,FA Women's Super League,90,2020/2021,female,West Ham United LFC,Bristol City WFC
3775548,1,1,0.793030321598053,TF-Hybrid,2,242,0.484748899936676,global,37,FA Women's Super League,90,2020/2021,female,Chelsea FCW,Arsenal WFC
3775603,1,0,0.3712254464626312,TF-Hybrid,2,242,0.484748899936676,global,37,FA Women's Super League,90,2020/2021,female,Brighton & Hove Albion WFC,West Ham United LFC
3775578,0,0,0.4945148229598999,TF-Hybrid,2,242,0.484748899936676,global,37,FA Women's Super League,90,2020/2021,female,Reading WFC,Everton LFC
3775614,0,0,0.070345938205719,TF-Hybrid,2,242,0.484748899936676,global,37,FA Women's Super League,90,2020/2021,female,Bristol City WFC,Chelsea FCW
3775547,0,0,0.01917635276913643,TF-Hybrid,2,242,0.484748899936676,global,37,FA Women's Super League,90,2020/2021,female,Birmingham City WFC,Manchester City WFC
3775552,0,0,0.22076332569122314,TF-Hybrid,2,242,0.484748899936676,global,37,FA Women's Super League,90,2020/2021,female,Tottenham Hotspur Women,Everton LFC
3775591,0,0,0.09041286259889603,TF-Hybrid,2,242,0.484748899936676,global,37,FA Women's Super League,90,2020/2021,female,West Ham United LFC,Chelsea FCW
3775630,0,0,0.18203842639923096,TF-Hybrid,2,242,0.484748899936676,global,37,FA Women's Super League,90,2020/2021,female,Birmingham City WFC,Arsenal WFC
3775638,1,0,0.45388567447662354,TF-Hybrid,2,242,0.484748899936676,global,37,FA Women's Super League,90,2020/2021,female,Brighton & Hove Albion WFC,Tottenham Hotspur Women
3775639,1,1,0.7534317374229431,TF-Hybrid,2,242,0.484748899936676,global,37,FA Women's Super League,90,2020/2021,female,Manchester City WFC,Everton LFC
3775607,1,0,0.46914541721343994,TF-Hybrid,2,242,0.484748899936676,global,37,FA Women's Super League,90,2020/2021,female,Bristol City WFC,Reading WFC
3775653,0,0,0.09408044815063477,TF-Hybrid,2,242,0.484748899936676,global,37,FA Women's Super League,90,2020/2021,female,Birmingham City WFC,Everton LFC
3775598,0,1,0.5908452868461609,TF-Hybrid,2,242,0.484748899936676,global,37,FA Women's Super League,90,2020/2021,female,Reading WFC,Tottenham Hotspur Women
3775550,0,0,0.14450298249721527,TF-Hybrid,2,242,0.484748899936676,global,37,FA Women's Super League,90,2020/2021,female,Everton LFC,Chelsea FCW
3775596,0,0,0.05508217588067055,TF-Hybrid,2,242,0.484748899936676,global,37,FA Women's Super League,90,2020/2021,female,Bristol City WFC,Manchester City WFC
3775643,0,1,0.6346102356910706,TF-Hybrid,2,242,0.484748899936676,global,37,FA Women's Super League,90,2020/2021,female,West Ham United LFC,Birmingham City WFC
3775546,0,1,0.6736119985580444,TF-Hybrid,2,242,0.484748899936676,global,37,FA Women's Super League,90,2020/2021,female,Tottenham Hotspur Women,Bristol City WFC
3775564,1,1,0.8816792964935303,TF-Hybrid,2,242,0.484748899936676,global,37,FA Women's Super League,90,2020/2021,female,Manchester City WFC,Reading WFC
3775613,0,0,0.3526962399482727,TF-Hybrid,2,242,0.484748899936676,global,37,FA Women's Super League,90,2020/2021,female,Tottenham Hotspur Women,Arsenal WFC
3775628,1,1,0.8983029723167419,TF-Hybrid,2,242,0.484748899936676,global,37,FA Women's Super League,90,2020/2021,female,Manchester United W,West Ham United LFC
3775570,0,0,0.39327481389045715,TF-Hybrid,2,242,0.484748899936676,global,37,FA Women's Super League,90,2020/2021,female,Brighton & Hove Albion WFC,Everton LFC
3775654,0,0,0.23951902985572815,TF-Hybrid,2,242,0.484748899936676,global,37,FA Women's Super League,90,2020/2021,female,Birmingham City WFC,Bristol City WFC
3775649,0,0,0.29349181056022644,TF-Hybrid,2,242,0.484748899936676,global,37,FA Women's Super League,90,2020/2021,female,Reading WFC,West Ham United LFC
3775565,1,1,0.9749323129653931,TF-Hybrid,2,242,0.484748899936676,global,37,FA Women's Super League,90,2020/2021,female,Chelsea FCW,Birmingham City WFC
3775569,0,0,0.05686097592115402,TF-Hybrid,2,242,0.484748899936676,global,37,FA Women's Super League,90,2020/2021,female,Bristol City WFC,Arsenal WFC
3775604,0,0,0.08501651138067245,TF-Hybrid,2,242,0.484748899936676,global,37,FA Women's Super League,90,2020/2021,female,Tottenham Hotspur Women,Manchester City WFC
3775576,0,0,0.38104358315467834,TF-Hybrid,2,242,0.484748899936676,global,37,FA Women's Super League,90,2020/2021,female,Manchester City WFC,Chelsea FCW
3775557,1,1,0.9171189069747925,TF-Hybrid,2,242,0.484748899936676,global,37,FA Women's Super League,90,2020/2021,female,Arsenal WFC,Brighton & Hove Albion WFC
3775612,0,0,0.4005238711833954,TF-Hybrid,2,242,0.484748899936676,global,37,FA Women's Super League,90,2020/2021,female,Birmingham City WFC,Reading WFC
3775622,1,1,0.8865190744400024,TF-Hybrid,2,242,0.484748899936676,global,37,FA Women's Super League,90,2020/2021,female,Manchester United W,Tottenham Hotspur Women
3775635,0,1,0.5433055758476257,TF-Hybrid,2,242,0.484748899936676,global,37,FA Women's Super League,90,2020/2021,female,West Ham United LFC,Everton LFC
3817861,0,0,0.21190151572227478,TF-Hybrid,2,242,0.484748899936676,global,1238,Indian Super league,108,2021/2022,male,Kerala Blasters,Bengaluru
3817894,0,1,0.5038687586784363,TF-Hybrid,2,242,0.484748899936676,global,1238,Indian Super league,108,2021/2022,male,Goa,Odisha
3817882,0,0,0.49241727590560913,TF-Hybrid,2,242,0.484748899936676,global,1238,Indian Super league,108,2021/2022,male,East Bengal,Chennaiyin
3817886,1,0,0.47131529450416565,TF-Hybrid,2,242,0.484748899936676,global,1238,Indian Super league,108,2021/2022,male,Kerala Blasters,NorthEast United
3817883,1,0,0.33493778109550476,TF-Hybrid,2,242,0.484748899936676,global,1238,Indian Super league,108,2021/2022,male,Bengaluru,Jamshedpur
3817852,0,0,0.18111552298069,TF-Hybrid,2,242,0.484748899936676,global,1238,Indian Super league,108,2021/2022,male,Chennaiyin,Mumbai City
3817896,0,0,0.40388187766075134,TF-Hybrid,2,242,0.484748899936676,global,1238,Indian Super league,108,2021/2022,male,East Bengal,Odisha
3817895,0,0,0.18705502152442932,TF-Hybrid,2,242,0.484748899936676,global,1238,Indian Super league,108,2021/2022,male,Chennaiyin,Goa
3857269,1,1,0.7311491966247559,TF-Hybrid,2,242,0.484748899936676,global,43,FIFA World Cup,106,2022,male,Brazil,Switzerland
3857270,1,1,0.5626391768455505,TF-Hybrid,2,242,0.484748899936676,global,43,FIFA World Cup,106,2022,male,Portugal,Uruguay
3857257,1,0,0.2960398495197296,TF-Hybrid,2,242,0.484748899936676,global,43,FIFA World Cup,106,2022,male,Australia,Denmark
3857260,0,1,0.5812814235687256,TF-Hybrid,2,242,0.484748899936676,global,43,FIFA World Cup,106,2022,male,Saudi Arabia,Mexico
3857264,0,0,0.16741704940795898,TF-Hybrid,2,242,0.484748899936676,global,43,FIFA World Cup,106,2022,male,Poland,Argentina
3857275,1,0,0.17176605761051178,TF-Hybrid,2,242,0.484748899936676,global,43,FIFA World Cup,106,2022,male,Tunisia,France
3857255,1,0,0.16723234951496124,TF-Hybrid,2,242,0.484748899936676,global,43,FIFA World Cup,106,2022,male,Japan,Spain
3857292,0,0,0.286539226770401,TF-Hybrid,2,242,0.484748899936676,global,43,FIFA World Cup,106,2022,male,Costa Rica,Germany
3857296,0,0,0.47548410296440125,TF-Hybrid,2,242,0.484748899936676,global,43,FIFA World Cup,106,2022,male,Croatia,Belgium
3857256,0,0,0.24548162519931793,TF-Hybrid,2,242,0.484748899936676,global,43,FIFA World Cup,106,2022,male,Serbia,Switzerland
3857262,1,0,0.26773491501808167,TF-Hybrid,2,242,0.484748899936676,global,43,FIFA World Cup,106,2022,male,South Korea,Portugal
3881556,0,0,0.3816335201263428,TF-Hybrid,2,242,0.484748899936676,global,49,NWSL,107,2023,female,San Diego Wave,Seattle Reign
3881557,1,0,0.4671173691749573,TF-Hybrid,2,242,0.484748899936676,global,49,NWSL,107,2023,female,North Carolina Courage,Racing Louisville FC
3881559,1,1,0.5885908603668213,TF-Hybrid,2,242,0.484748899936676,global,49,NWSL,107,2023,female,NJ/NY Gotham FC,Chicago Red Stars
3881560,0,0,0.4347240626811981,TF-Hybrid,2,242,0.484748899936676,global,49,NWSL,107,2023,female,Angel City,Houston Dash
3881561,0,0,0.41374441981315613,TF-Hybrid,2,242,0.484748899936676,global,49,NWSL,107,2023,female,Seattle Reign,Racing Louisville FC
3881563,0,1,0.6181797981262207,TF-Hybrid,2,242,0.484748899936676,global,49,NWSL,107,2023,female,Portland Thorns,KC Current
3881564,1,0,0.38404083251953125,TF-Hybrid,2,242,0.484748899936676,global,49,NWSL,107,2023,female,Chicago Red Stars,San Diego Wave
3881565,1,1,0.6384086608886719,TF-Hybrid,2,242,0.484748899936676,global,49,NWSL,107,2023,female,North Carolina Courage,Houston Dash
3881566,0,0,0.3924863934516907,TF-Hybrid,2,242,0.484748899936676,global,49,NWSL,107,2023,female,Washington Spirit,Orlando Pride
3881562,0,1,0.5608720779418945,TF-Hybrid,2,242,0.484748899936676,global,49,NWSL,107,2023,female,NJ/NY Gotham FC,Angel City
3881567,0,0,0.4266427755355835,TF-Hybrid,2,242,0.484748899936676,global,49,NWSL,107,2023,female,Houston Dash,Chicago Red Stars
3881568,1,0,0.4559934139251709,TF-Hybrid,2,242,0.484748899936676,global,49,NWSL,107,2023,female,Racing Louisville FC,KC Current
3881569,1,0,0.4936293363571167,TF-Hybrid,2,242,0.484748899936676,global,49,NWSL,107,2023,female,Orlando Pride,Seattle Reign
3881571,0,0,0.4683789908885956,TF-Hybrid,2,242,0.484748899936676,global,49,NWSL,107,2023,female,San Diego Wave,Washington Spirit
3881570,1,1,0.5088827013969421,TF-Hybrid,2,242,0.484748899936676,global,49,NWSL,107,2023,female,NJ/NY Gotham FC,Portland Thorns
3881572,1,0,0.4613572061061859,TF-Hybrid,2,242,0.484748899936676,global,49,NWSL,107,2023,female,Angel City,North Carolina Courage
3881573,1,0,0.22843246161937714,TF-Hybrid,2,242,0.484748899936676,global,49,NWSL,107,2023,female,KC Current,Seattle Reign
3912541,1,0,0.4126286208629608,TF-Hybrid,2,242,0.484748899936676,global,131,Serie A Women,281,2023/2024,female,Sassuolo W,AC Milan W
3912543,0,0,0.09572325646877289,TF-Hybrid,2,242,0.484748899936676,global,131,Serie A Women,281,2023/2024,female,Napoli W,AS Roma W
3912540,1,1,0.8482689261436462,TF-Hybrid,2,242,0.484748899936676,global,131,Serie A Women,281,2023/2024,female,Juventus W,Como W
3912542,0,0,0.17320466041564941,TF-Hybrid,2,242,0.484748899936676,global,131,Serie A Women,281,2023/2024,female,Pomigliano,FC Internazionale Milano W
3912544,1,0,0.32956835627555847,TF-Hybrid,2,242,0.484748899936676,global,131,Serie A Women,281,2023/2024,female,Fiorentina W,Sampdoria W
3912549,1,1,0.8638702630996704,TF-Hybrid,2,242,0.484748899936676,global,131,Serie A Women,281,2023/2024,female,AS Roma W,Sassuolo W
3912545,0,0,0.3688144385814667,TF-Hybrid,2,242,0.484748899936676,global,131,Serie A Women,281,2023/2024,female,Como W,Fiorentina W
3912546,0,1,0.5517858862876892,TF-Hybrid,2,242,0.484748899936676,global,131,Serie A Women,281,2023/2024,female,FC Internazionale Milano W,Juventus W
3912547,0,0,0.21883884072303772,TF-Hybrid,2,242,0.484748899936676,global,131,Serie A Women,281,2023/2024,female,Sampdoria W,AC Milan W
3912548,1,0,0.43024593591690063,TF-Hybrid,2,242,0.484748899936676,global,131,Serie A Women,281,2023/2024,female,Napoli W,Pomigliano
3912210,1,0,0.43171972036361694,TF-Hybrid,2,242,0.484748899936676,global,135,Frauen Bundesliga,281,2023/2024,female,RB Leipzig W,Eintracht Frankfurt W
3912206,0,0,0.41047000885009766,TF-Hybrid,2,242,0.484748899936676,global,135,Frauen Bundesliga,281,2023/2024,female,SV Werder Bremen,SC Freiburg
3912207,0,0,0.1641273945569992,TF-Hybrid,2,242,0.484748899936676,global,135,Frauen Bundesliga,281,2023/2024,female,Nürnberg W,VfL Wolfsburg WFC
3912551,0,0,0.08962421864271164,TF-Hybrid,2,242,0.484748899936676,global,131,Serie A Women,281,2023/2024,female,Fiorentina W,AS Roma W
3912552,1,0,0.46613815426826477,TF-Hybrid,2,242,0.484748899936676,global,131,Serie A Women,281,2023/2024,female,Sassuolo W,Sampdoria W
3912208,0,0,0.18885168433189392,TF-Hybrid,2,242,0.484748899936676,global,135,Frauen Bundesliga,281,2023/2024,female,Duisburg WFC,Köln
3912209,0,0,0.24838164448738098,TF-Hybrid,2,242,0.484748899936676,global,135,Frauen Bundesliga,281,2023/2024,female,TSV Bayer 04 Leverkusen,Hoffenheim W
3912211,1,1,0.7538520693778992,TF-Hybrid,2,242,0.484748899936676,global,135,Frauen Bundesliga,281,2023/2024,female,Bayern München W,SGS Essen 19/68
3912550,0,1,0.6434741020202637,TF-Hybrid,2,242,0.484748899936676,global,131,Serie A Women,281,2023/2024,female,Pomigliano,Como W
3912553,1,1,0.9375407099723816,TF-Hybrid,2,242,0.484748899936676,global,131,Serie A Women,281,2023/2024,female,Juventus W,Napoli W
3912554,1,0,0.44746530055999756,TF-Hybrid,2,242,0.484748899936676,global,131,Serie A Women,281,2023/2024,female,AC Milan W,FC Internazionale Milano W
3912214,1,1,0.6428645253181458,TF-Hybrid,2,242,0.484748899936676,global,135,Frauen Bundesliga,281,2023/2024,female,SGS Essen 19/68,Duisburg WFC
3911495,0,1,0.5500150918960571,TF-Hybrid,2,242,0.484748899936676,global,182,Liga F,281,2023/2024,female,Madrid CFF,SD Eibar
3911499,0,0,0.374612957239151,TF-Hybrid,2,242,0.484748899936676,global,182,Liga F,281,2023/2024,female,FC Levante Badalona,Granada W
3911501,0,0,0.10568351298570633,TF-Hybrid,2,242,0.484748899936676,global,182,Liga F,281,2023/2024,female,Sevilla FC,Real Madrid CF W
3911502,0,1,0.5246800780296326,TF-Hybrid,2,242,0.484748899936676,global,182,Liga F,281,2023/2024,female,Costa Adeje Tenerife,Villarreal
3912215,0,0,0.22252316772937775,TF-Hybrid,2,242,0.484748899936676,global,135,Frauen Bundesliga,281,2023/2024,female,Eintracht Frankfurt W,Bayern München W
3912217,1,1,0.822114884853363,TF-Hybrid,2,242,0.484748899936676,global,135,Frauen Bundesliga,281,2023/2024,female,Hoffenheim W,Nürnberg W
3911496,1,1,0.5987033247947693,TF-Hybrid,2,242,0.484748899936676,global,182,Liga F,281,2023/2024,female,Atletico Madrid W,CD Sporting de Huelva
3911497,0,0,0.36008918285369873,TF-Hybrid,2,242,0.484748899936676,global,182,Liga F,281,2023/2024,female,Levante UD Femenino,Athletic Club Bilbao
3911498,0,0,0.05600256100296974,TF-Hybrid,2,242,0.484748899936676,global,182,Liga F,281,2023/2024,female,Real Sociedad de Fútbol,Barcelona WFC
3911500,0,0,0.48965343832969666,TF-Hybrid,2,242,0.484748899936676,global,182,Liga F,281,2023/2024,female,Valencia CF,Real Betis Balompié
3912212,0,0,0.39795050024986267,TF-Hybrid,2,242,0.484748899936676,global,135,Frauen Bundesliga,281,2023/2024,female,SC Freiburg,TSV Bayer 04 Leverkusen
3912213,1,1,0.5679706335067749,TF-Hybrid,2,242,0.484748899936676,global,135,Frauen Bundesliga,281,2023/2024,female,Köln,SV Werder Bremen
3912216,1,1,0.9635733962059021,TF-Hybrid,2,242,0.484748899936676,global,135,Frauen Bundesliga,281,2023/2024,female,VfL Wolfsburg WFC,RB Leipzig W
3912219,1,0,0.10744025558233261,TF-Hybrid,2,242,0.484748899936676,global,135,Frauen Bundesliga,281,2023/2024,female,Hoffenheim W,VfL Wolfsburg WFC
3911507,1,0,0.43050625920295715,TF-Hybrid,2,242,0.484748899936676,global,182,Liga F,281,2023/2024,female,Sevilla FC,FC Levante Badalona
3911508,0,0,0.23334066569805145,TF-Hybrid,2,242,0.484748899936676,global,182,Liga F,281,2023/2024,female,CD Sporting de Huelva,Levante UD Femenino
3911509,0,0,0.42954692244529724,TF-Hybrid,2,242,0.484748899936676,global,182,Liga F,281,2023/2024,female,Villarreal,Madrid CFF
3911510,1,1,0.6397494077682495,TF-Hybrid,2,242,0.484748899936676,global,182,Liga F,281,2023/2024,female,Real Madrid CF W,SD Eibar
3911503,1,0,0.44902151823043823,TF-Hybrid,2,242,0.484748899936676,global,182,Liga F,281,2023/2024,female,Athletic Club Bilbao,Valencia CF
3911504,1,1,0.9676409363746643,TF-Hybrid,2,242,0.484748899936676,global,182,Liga F,281,2023/2024,female,Barcelona WFC,Costa Adeje Tenerife
3911505,0,0,0.3804973363876343,TF-Hybrid,2,242,0.484748899936676,global,182,Liga F,281,2023/2024,female,Real Betis Balompié,Real Sociedad de Fútbol
3911506,0,0,0.3558080196380615,TF-Hybrid,2,242,0.484748899936676,global,182,Liga F,281,2023/2024,female,Granada W,Atletico Madrid W
3911513,0,0,0.27005037665367126,TF-Hybrid,2,242,0.484748899936676,global,182,Liga F,281,2023/2024,female,Real Sociedad de Fútbol,Athletic Club Bilbao
3911516,1,0,0.44585394859313965,TF-Hybrid,2,242,0.484748899936676,global,182,Liga F,281,2023/2024,female,Valencia CF,Granada W
3911517,1,1,0.6998872756958008,TF-Hybrid,2,242,0.484748899936676,global,182,Liga F,281,2023/2024,female,Levante UD Femenino,Real Betis Balompié
3911518,1,0,0.17258329689502716,TF-Hybrid,2,242,0.484748899936676,global,182,Liga F,281,2023/2024,female,Costa Adeje Tenerife,Sevilla FC
3911511,0,1,0.5677127838134766,TF-Hybrid,2,242,0.484748899936676,global,182,Liga F,281,2023/2024,female,FC Levante Badalona,Villarreal
3911512,1,1,0.5429793000221252,TF-Hybrid,2,242,0.484748899936676,global,182,Liga F,281,2023/2024,female,Madrid CFF,CD Sporting de Huelva
3911514,0,0,0.30566248297691345,TF-Hybrid,2,242,0.484748899936676,global,182,Liga F,281,2023/2024,female,SD Eibar,Atletico Madrid W
3911515,0,0,0.03549326956272125,TF-Hybrid,2,242,0.484748899936676,global,182,Liga F,281,2023/2024,female,Real Madrid CF W,Barcelona WFC
3911520,1,0,0.41965940594673157,TF-Hybrid,2,242,0.484748899936676,global,182,Liga F,281,2023/2024,female,Atletico Madrid W,Valencia CF
3911522,0,0,0.2253618687391281,TF-Hybrid,2,242,0.484748899936676,global,182,Liga F,281,2023/2024,female,Real Betis Balompié,SD Eibar
3911525,0,0,0.1677173525094986,TF-Hybrid,2,242,0.484748899936676,global,182,Liga F,281,2023/2024,female,Villarreal,Real Madrid CF W
3911526,1,1,0.5348555445671082,TF-Hybrid,2,242,0.484748899936676,global,182,Liga F,281,2023/2024,female,Sevilla FC,Real Sociedad de Fútbol
3911519,1,0,0.301236093044281,TF-Hybrid,2,242,0.484748899936676,global,182,Liga F,281,2023/2024,female,Athletic Club Bilbao,FC Levante Badalona
3911521,1,0,0.19808751344680786,TF-Hybrid,2,242,0.484748899936676,global,182,Liga F,281,2023/2024,female,Granada W,Madrid CFF
3911523,0,0,0.33827686309814453,TF-Hybrid,2,242,0.484748899936676,global,182,Liga F,281,2023/2024,female,CD Sporting de Huelva,Costa Adeje Tenerife
3911524,0,0,0.03331511840224266,TF-Hybrid,2,242,0.484748899936676,global,182,Liga F,281,2023/2024,female,Levante UD Femenino,Barcelona WFC
3879757,0,0,0.22241830825805664,TF-NN,3,342,,global,12,Serie A,27,2015/2016,male,Empoli,AS Roma
3879758,1,0,0.30510714650154114,TF-NN,3,342,,global,12,Serie A,27,2015/2016,male,AC Milan,Torino
3754239,1,0,0.19547587633132935,TF-NN,3,342,,global,2,Premier League,27,2015/2016,male,Manchester United,Arsenal
3754324,1,0,0.4641125798225403,TF-NN,3,342,,global,2,Premier League,27,2015/2016,male,Tottenham Hotspur,Swansea City
3879759,1,0,0.3491360545158386,TF-NN,3,342,,global,12,Serie A,27,2015/2016,male,Juventus,Inter Milan
3879760,0,0,0.19509673118591309,TF-NN,3,342,,global,12,Serie A,27,2015/2016,male,Palermo,Bologna
3879761,0,0,0.15643933415412903,TF-NN,3,342,,global,12,Serie A,27,2015/2016,male,Carpi,Atalanta
3879762,1,1,0.6878138780593872,TF-NN,3,342,,global,12,Serie A,27,2015/2016,male,Udinese,Hellas Verona
3879763,1,0,0.3753190338611603,TF-NN,3,342,,global,12,Serie A,27,2015/2016,male,Sampdoria,Frosinone
3879764,1,0,0.38384854793548584,TF-NN,3,342,,global,12,Serie A,27,2015/2016,male,Chievo,Genoa
3879765,0,0,0.2832907438278198,TF-NN,3,342,,global,12,Serie A,27,2015/2016,male,Fiorentina,Napoli
3879766,0,0,0.2399834245443344,TF-NN,3,342,,global,12,Serie A,27,2015/2016,male,Lazio,Sassuolo
3754050,0,0,0.3077544867992401,TF-NN,3,342,,global,2,Premier League,27,2015/2016,male,Sunderland,Crystal Palace
3754231,0,1,0.5001802444458008,TF-NN,3,342,,global,2,Premier League,27,2015/2016,male,Leicester City,West Bromwich Albion
3754280,0,0,0.3690013289451599,TF-NN,3,342,,global,2,Premier League,27,2015/2016,male,Norwich City,Chelsea
3754327,0,0,0.23691830039024353,TF-NN,3,342,,global,2,Premier League,27,2015/2016,male,Aston Villa,Everton
3754334,1,0,0.18825861811637878,TF-NN,3,342,,global,2,Premier League,27,2015/2016,male,AFC Bournemouth,Southampton
3753976,0,0,0.3445280194282532,TF-NN,3,342,,global,2,Premier League,27,2015/2016,male,Arsenal,Swansea City
3753991,1,0,0.39532944560050964,TF-NN,3,342,,global,2,Premier League,27,2015/2016,male,Liverpool,Manchester City
3754005,1,0,0.20130032300949097,TF-NN,3,342,,global,2,Premier League,27,2015/2016,male,Stoke City,Newcastle United
3754232,1,0,0.26120784878730774,TF-NN,3,342,,global,2,Premier League,27,2015/2016,male,Manchester United,Watford
3754349,1,0,0.09449977427721024,TF-NN,3,342,,global,2,Premier League,27,2015/2016,male,West Ham United,Tottenham Hotspur
3879767,1,1,0.6955779790878296,TF-NN,3,342,,global,12,Serie A,27,2015/2016,male,AS Roma,Fiorentina
3754061,0,0,0.39172878861427307,TF-NN,3,342,,global,2,Premier League,27,2015/2016,male,Chelsea,Stoke City
3754151,1,0,0.25501272082328796,TF-NN,3,342,,global,2,Premier League,27,2015/2016,male,Swansea City,Norwich City
3754164,0,0,0.29112040996551514,TF-NN,3,342,,global,2,Premier League,27,2015/2016,male,Southampton,Sunderland
3754177,0,0,0.27714303135871887,TF-NN,3,342,,global,2,Premier League,27,2015/2016,male,Newcastle United,AFC Bournemouth
3754249,1,1,0.9858025312423706,TF-NN,3,342,,global,2,Premier League,27,2015/2016,male,Manchester City,Aston Villa
3754277,0,0,0.37468773126602173,TF-NN,3,342,,global,2,Premier League,27,2015/2016,male,Everton,West Ham United
3754289,0,0,0.23829784989356995,TF-NN,3,342,,global,2,Premier League,27,2015/2016,male,Watford,Leicester City
3754318,0,0,0.3342403471469879,TF-NN,3,342,,global,2,Premier League,27,2015/2016,male,Tottenham Hotspur,Arsenal
3879768,0,0,0.3989931344985962,TF-NN,3,342,,global,12,Serie A,27,2015/2016,male,Hellas Verona,Sampdoria
3879769,1,1,0.9826458692550659,TF-NN,3,342,,global,12,Serie A,27,2015/2016,male,Napoli,Chievo
3754081,1,0,0.2811685800552368,TF-NN,3,342,,global,2,Premier League,27,2015/2016,male,West Bromwich Albion,Manchester United
3754220,0,0,0.29622137546539307,TF-NN,3,342,,global,2,Premier League,27,2015/2016,male,Crystal Palace,Liverpool
3879770,0,0,0.11143740266561508,TF-NN,3,342,,global,12,Serie A,27,2015/2016,male,Atalanta,Juventus
3879771,1,0,0.316000372171402,TF-NN,3,342,,global,12,Serie A,27,2015/2016,male,Sassuolo,AC Milan
3879772,0,0,0.45382973551750183,TF-NN,3,342,,global,12,Serie A,27,2015/2016,male,Torino,Lazio
3879773,1,0,0.25493380427360535,TF-NN,3,342,,global,12,Serie A,27,2015/2016,male,Frosinone,Udinese
3879774,1,1,0.510347843170166,TF-NN,3,342,,global,12,Serie A,27,2015/2016,male,Inter Milan,Palermo
3879775,1,0,0.3372814953327179,TF-NN,3,342,,global,12,Serie A,27,2015/2016,male,Genoa,Empoli
3879776,0,0,0.28715983033180237,TF-NN,3,342,,global,12,Serie A,27,2015/2016,male,Bologna,Carpi
3879777,1,0,0.355280339717865,TF-NN,3,342,,global,12,Serie A,27,2015/2016,male,Juventus,Sassuolo
3753988,1,0,0.3365798890590668,TF-NN,3,342,,global,2,Premier League,27,2015/2016,male,AFC Bournemouth,Swansea City
3754196,0,0,0.312460720539093,TF-NN,3,342,,global,2,Premier League,27,2015/2016,male,Stoke City,Southampton
3754313,0,0,0.10778675228357315,TF-NN,3,342,,global,2,Premier League,27,2015/2016,male,Norwich City,Manchester City
3879778,0,0,0.4447687268257141,TF-NN,3,342,,global,12,Serie A,27,2015/2016,male,Empoli,Sampdoria
3879779,1,0,0.37378573417663574,TF-NN,3,342,,global,12,Serie A,27,2015/2016,male,Inter Milan,Bologna
3754053,0,0,0.28267303109169006,TF-NN,3,342,,global,2,Premier League,27,2015/2016,male,Aston Villa,Tottenham Hotspur
3879780,0,0,0.26543954014778137,TF-NN,3,342,,global,12,Serie A,27,2015/2016,male,Fiorentina,Hellas Verona
3879781,0,0,0.23265282809734344,TF-NN,3,342,,global,12,Serie A,27,2015/2016,male,Chievo,AC Milan
3879782,1,0,0.2770898640155792,TF-NN,3,342,,global,12,Serie A,27,2015/2016,male,Carpi,Frosinone
3879783,0,0,0.15499652922153473,TF-NN,3,342,,global,12,Serie A,27,2015/2016,male,Udinese,AS Roma
3879784,1,0,0.4873926341533661,TF-NN,3,342,,global,12,Serie A,27,2015/2016,male,Genoa,Torino
3879785,1,0,0.31565263867378235,TF-NN,3,342,,global,12,Serie A,27,2015/2016,male,Lazio,Atalanta
3879786,0,0,0.11366892606019974,TF-NN,3,342,,global,12,Serie A,27,2015/2016,male,Palermo,Napoli
3754002,1,0,0.3525718152523041,TF-NN,3,342,,global,2,Premier League,27,2015/2016,male,Leicester City,Newcastle United
3753973,0,0,0.33691245317459106,TF-NN,3,342,,global,2,Premier League,27,2015/2016,male,Chelsea,West Ham United
3753977,0,0,0.24421639740467072,TF-NN,3,342,,global,2,Premier League,27,2015/2016,male,Watford,Stoke City
3753980,0,0,0.19796209037303925,TF-NN,3,342,,global,2,Premier League,27,2015/2016,male,Everton,Arsenal
3754052,0,0,0.12615042924880981,TF-NN,3,342,,global,2,Premier League,27,2015/2016,male,West Bromwich Albion,Norwich City
3754181,0,0,0.23412597179412842,TF-NN,3,342,,global,2,Premier League,27,2015/2016,male,Crystal Palace,Leicester City
3754224,1,0,0.27305853366851807,TF-NN,3,342,,global,2,Premier League,27,2015/2016,male,Swansea City,Aston Villa
3879787,0,0,0.3463383615016937,TF-NN,3,342,,global,12,Serie A,27,2015/2016,male,AS Roma,Inter Milan
3879788,0,0,0.2572064995765686,TF-NN,3,342,,global,12,Serie A,27,2015/2016,male,Empoli,Palermo
3754043,1,1,0.5206206440925598,TF-NN,3,342,,global,2,Premier League,27,2015/2016,male,Tottenham Hotspur,AFC Bournemouth
3754064,1,1,0.7520118355751038,TF-NN,3,342,,global,2,Premier League,27,2015/2016,male,Southampton,Liverpool
3754100,0,1,0.5328242182731628,TF-NN,3,342,,global,2,Premier League,27,2015/2016,male,Newcastle United,Sunderland
3754124,0,1,0.5170305371284485,TF-NN,3,342,,global,2,Premier League,27,2015/2016,male,Manchester City,Manchester United
3879789,0,0,0.14932438731193542,TF-NN,3,342,,global,12,Serie A,27,2015/2016,male,Frosinone,Fiorentina
3879790,0,0,0.35094818472862244,TF-NN,3,342,,global,12,Serie A,27,2015/2016,male,Torino,Juventus
3879791,0,0,0.38129809498786926,TF-NN,3,342,,global,12,Serie A,27,2015/2016,male,AC Milan,Lazio
3879792,0,0,0.31039607524871826,TF-NN,3,342,,global,12,Serie A,27,2015/2016,male,Sampdoria,Chievo
3879793,0,0,0.26604849100112915,TF-NN,3,342,,global,12,Serie A,27,2015/2016,male,Sassuolo,Udinese
3879794,1,1,0.8909611701965332,TF-NN,3,342,,global,12,Serie A,27,2015/2016,male,Atalanta,Bologna
3879795,0,0,0.233083114027977,TF-NN,3,342,,global,12,Serie A,27,2015/2016,male,Hellas Verona,Carpi
3879796,1,1,0.7848520874977112,TF-NN,3,342,,global,12,Serie A,27,2015/2016,male,Napoli,Genoa
3754075,0,0,0.3194827735424042,TF-NN,3,342,,global,2,Premier League,27,2015/2016,male,Aston Villa,Chelsea
3754087,0,0,0.3815320134162903,TF-NN,3,342,,global,2,Premier League,27,2015/2016,male,Liverpool,Tottenham Hotspur
3754118,1,1,0.956866979598999,TF-NN,3,342,,global,2,Premier League,27,2015/2016,male,Arsenal,Watford
3754144,0,0,0.252244770526886,TF-NN,3,342,,global,2,Premier League,27,2015/2016,male,AFC Bournemouth,Manchester City
3754175,0,1,0.5458056926727295,TF-NN,3,342,,global,2,Premier League,27,2015/2016,male,Sunderland,West Bromwich Albion
3754176,0,0,0.4240782856941223,TF-NN,3,342,,global,2,Premier League,27,2015/2016,male,West Ham United,Crystal Palace
3754243,1,0,0.3502086400985718,TF-NN,3,342,,global,2,Premier League,27,2015/2016,male,Norwich City,Newcastle United
3754272,0,0,0.3345346748828888,TF-NN,3,342,,global,2,Premier League,27,2015/2016,male,Stoke City,Swansea City
3901204,0,0,0.22310099005699158,TF-NN,3,342,,global,7,Ligue 1,27,2015/2016,male,Montpellier,Lyon
3901205,0,0,0.32299211621284485,TF-NN,3,342,,global,7,Ligue 1,27,2015/2016,male,Stade Malherbe Caen,Lorient
3901206,1,0,0.3810448944568634,TF-NN,3,342,,global,7,Ligue 1,27,2015/2016,male,Toulouse,Bastia
3901207,1,0,0.1590336412191391,TF-NN,3,342,,global,7,Ligue 1,27,2015/2016,male,Stade de Reims,Nantes
3901208,0,0,0.253184050321579,TF-NN,3,342,,global,7,Ligue 1,27,2015/2016,male,Guingamp,Paris Saint-Germain
3901209,0,0,0.11017447710037231,TF-NN,3,342,,global,7,Ligue 1,27,2015/2016,male,Angers,Gazélec Ajaccio
3901210,1,0,0.39035120606422424,TF-NN,3,342,,global,7,Ligue 1,27,2015/2016,male,Saint-Étienne,Troyes
3901211,0,0,0.294754296541214,TF-NN,3,342,,global,7,Ligue 1,27,2015/2016,male,Olympique de Marseille,Bordeaux
3901212,1,1,0.6085957884788513,TF-NN,3,342,,global,7,Ligue 1,27,2015/2016,male,Lille,AS Monaco
3901213,1,1,0.9579983353614807,TF-NN,3,342,,global,7,Ligue 1,27,2015/2016,male,OGC Nice,Rennes
3901214,0,0,0.3859712481498718,TF-NN,3,342,,global,7,Ligue 1,27,2015/2016,male,Lyon,OGC Nice
3901215,0,0,0.30544954538345337,TF-NN,3,342,,global,7,Ligue 1,27,2015/2016,male,Gazélec Ajaccio,Lille
3901217,1,1,0.6664295792579651,TF-NN,3,342,,global,7,Ligue 1,27,2015/2016,male,Troyes,Stade de Reims
3901218,0,0,0.4958355724811554,TF-NN,3,342,,global,7,Ligue 1,27,2015/2016,male,Bordeaux,Angers
3901219,0,0,0.27697059512138367,TF-NN,3,342,,global,7,Ligue 1,27,2015/2016,male,Lorient,Toulouse
3901220,0,0,0.31666693091392517,TF-NN,3,342,,global,7,Ligue 1,27,2015/2016,male,Bastia,Saint-Étienne
3901221,0,0,0.2859804332256317,TF-NN,3,342,,global,7,Ligue 1,27,2015/2016,male,Rennes,Guingamp
3901222,0,0,0.21507102251052856,TF-NN,3,342,,global,7,Ligue 1,27,2015/2016,male,Nantes,Montpellier
3901224,1,1,0.6902084350585938,TF-NN,3,342,,global,7,Ligue 1,27,2015/2016,male,OGC Nice,Stade de Reims
3901225,0,0,0.38277438282966614,TF-NN,3,342,,global,7,Ligue 1,27,2015/2016,male,Toulouse,Lyon
3901226,1,0,0.3744816184043884,TF-NN,3,342,,global,7,Ligue 1,27,2015/2016,male,Montpellier,Troyes
3901227,0,0,0.293598473072052,TF-NN,3,342,,global,7,Ligue 1,27,2015/2016,male,Olympique de Marseille,Nantes
3901228,1,0,0.42298540472984314,TF-NN,3,342,,global,7,Ligue 1,27,2015/2016,male,Saint-Étienne,Lorient
3901230,1,0,0.33696436882019043,TF-NN,3,342,,global,7,Ligue 1,27,2015/2016,male,Gazélec Ajaccio,Bastia
3901231,0,0,0.2779949903488159,TF-NN,3,342,,global,7,Ligue 1,27,2015/2016,male,Rennes,AS Monaco
3901232,0,0,0.4270758330821991,TF-NN,3,342,,global,7,Ligue 1,27,2015/2016,male,Lille,Angers
3901233,1,1,0.9997586607933044,TF-NN,3,342,,global,7,Ligue 1,27,2015/2016,male,Paris Saint-Germain,Rennes
3901234,0,0,0.2424735128879547,TF-NN,3,342,,global,7,Ligue 1,27,2015/2016,male,Stade de Reims,Montpellier
3901235,1,0,0.22582215070724487,TF-NN,3,342,,global,7,Ligue 1,27,2015/2016,male,Lyon,Gazélec Ajaccio
3901236,1,0,0.4390672743320465,TF-NN,3,342,,global,7,Ligue 1,27,2015/2016,male,Nantes,OGC Nice
3901237,0,0,0.1460907757282257,TF-NN,3,342,,global,7,Ligue 1,27,2015/2016,male,Saint-Étienne,Toulouse
3901238,1,0,0.302735298871994,TF-NN,3,342,,global,7,Ligue 1,27,2015/2016,male,AS Monaco,Guingamp
3901240,0,0,0.24687761068344116,TF-NN,3,342,,global,7,Ligue 1,27,2015/2016,male,Lorient,Lille
3901241,0,0,0.37200692296028137,TF-NN,3,342,,global,7,Ligue 1,27,2015/2016,male,Stade Malherbe Caen,Bastia
3901243,1,0,0.30648091435432434,TF-NN,3,342,,global,7,Ligue 1,27,2015/2016,male,Bastia,Angers
3901244,1,0,0.3973366320133209,TF-NN,3,342,,global,7,Ligue 1,27,2015/2016,male,Toulouse,Troyes
3901245,1,0,0.44745874404907227,TF-NN,3,342,,global,7,Ligue 1,27,2015/2016,male,Bordeaux,Lorient
3901247,0,0,0.16091521084308624,TF-NN,3,342,,global,7,Ligue 1,27,2015/2016,male,Gazélec Ajaccio,Paris Saint-Germain
3901248,0,1,0.5029310584068298,TF-NN,3,342,,global,7,Ligue 1,27,2015/2016,male,Lille,Guingamp
3901249,1,0,0.42444908618927,TF-NN,3,342,,global,7,Ligue 1,27,2015/2016,male,Montpellier,Rennes
3901250,1,0,0.4850975275039673,TF-NN,3,342,,global,7,Ligue 1,27,2015/2016,male,OGC Nice,Saint-Étienne
3901251,1,0,0.48613953590393066,TF-NN,3,342,,global,7,Ligue 1,27,2015/2016,male,Olympique de Marseille,Stade de Reims
3901252,1,1,0.9718324542045593,TF-NN,3,342,,global,7,Ligue 1,27,2015/2016,male,Lyon,AS Monaco
3901253,0,0,0.3030257821083069,TF-NN,3,342,,global,7,Ligue 1,27,2015/2016,male,Bordeaux,Paris Saint-Germain
3901254,1,0,0.400993674993515,TF-NN,3,342,,global,7,Ligue 1,27,2015/2016,male,Stade de Reims,Lyon
3901255,0,0,0.11977580189704895,TF-NN,3,342,,global,7,Ligue 1,27,2015/2016,male,Angers,Toulouse
3901256,1,1,0.9406984448432922,TF-NN,3,342,,global,7,Ligue 1,27,2015/2016,male,AS Monaco,Montpellier
3901257,0,0,0.26652032136917114,TF-NN,3,342,,global,7,Ligue 1,27,2015/2016,male,Saint-Étienne,Lille
3901258,0,0,0.3297649621963501,TF-NN,3,342,,global,7,Ligue 1,27,2015/2016,male,Guingamp,OGC Nice
3901259,0,0,0.3969721794128418,TF-NN,3,342,,global,7,Ligue 1,27,2015/2016,male,Troyes,Olympique de Marseille
3901260,1,0,0.2607905864715576,TF-NN,3,342,,global,7,Ligue 1,27,2015/2016,male,Lorient,Gazélec Ajaccio
3901261,1,1,0.9913074374198914,TF-NN,3,342,,global,7,Ligue 1,27,2015/2016,male,Paris Saint-Germain,Nantes
3901262,1,0,0.3642156422138214,TF-NN,3,342,,global,7,Ligue 1,27,2015/2016,male,Stade Malherbe Caen,Bordeaux
3901263,0,0,0.4791639447212219,TF-NN,3,342,,global,7,Ligue 1,27,2015/2016,male,Rennes,Bastia
266357,0,0,0.10218452662229538,TF-NN,3,342,,global,11,La Liga,2,2016/2017,male,Osasuna,Barcelona
266528,1,1,0.8332422375679016,TF-NN,3,342,,global,11,La Liga,2,2016/2017,male,Barcelona,Espanyol
266477,0,0,0.15549777448177338,TF-NN,3,342,,global,11,La Liga,2,2016/2017,male,Villarreal,Barcelona
267395,1,1,0.9850873947143555,TF-NN,3,342,,global,11,La Liga,2,2016/2017,male,Barcelona,Las Palmas
266731,0,0,0.2060914933681488,TF-NN,3,342,,global,11,La Liga,2,2016/2017,male,Eibar,Barcelona
266516,0,0,0.4069664776325226,TF-NN,3,342,,global,11,La Liga,2,2016/2017,male,Real Betis,Barcelona
266874,1,0,0.31895288825035095,TF-NN,3,342,,global,11,La Liga,2,2016/2017,male,Barcelona,Athletic Club
267464,0,0,0.29016420245170593,TF-NN,3,342,,global,11,La Liga,2,2016/2017,male,Atlético Madrid,Barcelona
265952,1,1,0.8998582363128662,TF-NN,3,342,,global,11,La Liga,2,2016/2017,male,Barcelona,Sporting Gijón
266299,1,1,0.866679847240448,TF-NN,3,342,,global,11,La Liga,2,2016/2017,male,Barcelona,Celta Vigo
267660,1,0,0.41019439697265625,TF-NN,3,342,,global,11,La Liga,2,2016/2017,male,RC Deportivo La Coruña,Barcelona
266440,1,1,0.9151335954666138,TF-NN,3,342,,global,11,La Liga,2,2016/2017,male,Barcelona,Valencia
266280,1,1,0.5318445563316345,TF-NN,3,342,,global,11,La Liga,2,2016/2017,male,Barcelona,Sevilla
267590,1,0,0.23869124054908752,TF-NN,3,342,,global,11,La Liga,2,2016/2017,male,Málaga,Barcelona
267373,1,1,0.923367977142334,TF-NN,3,342,,global,11,La Liga,2,2016/2017,male,Barcelona,Real Sociedad
267569,0,1,0.5929915308952332,TF-NN,3,342,,global,11,La Liga,2,2016/2017,male,Real Madrid,Barcelona
267101,1,1,0.9868221282958984,TF-NN,3,342,,global,11,La Liga,2,2016/2017,male,Barcelona,Osasuna
267077,0,0,0.1713695228099823,TF-NN,3,342,,global,11,La Liga,2,2016/2017,male,Espanyol,Barcelona
266952,1,1,0.95943284034729,TF-NN,3,342,,global,11,La Liga,2,2016/2017,male,Barcelona,Villarreal
267039,0,0,0.3011087477207184,TF-NN,3,342,,global,11,La Liga,2,2016/2017,male,Las Palmas,Barcelona
267432,1,1,0.9941965341567993,TF-NN,3,342,,global,11,La Liga,2,2016/2017,male,Barcelona,Eibar
9575,1,1,0.770477831363678,TF-NN,3,342,,global,11,La Liga,1,2017/2018,male,Barcelona,Real Betis
9581,0,0,0.191775381565094,TF-NN,3,342,,global,11,La Liga,1,2017/2018,male,Deportivo Alavés,Barcelona
9592,1,1,0.9860535264015198,TF-NN,3,342,,global,11,La Liga,1,2017/2018,male,Barcelona,Espanyol
9602,0,0,0.20637550950050354,TF-NN,3,342,,global,11,La Liga,1,2017/2018,male,Getafe,Barcelona
9609,1,1,0.8719630241394043,TF-NN,3,342,,global,11,La Liga,1,2017/2018,male,Barcelona,Eibar
9636,1,1,0.8846146464347839,TF-NN,3,342,,global,11,La Liga,1,2017/2018,male,Barcelona,Las Palmas
9642,0,0,0.21513831615447998,TF-NN,3,342,,global,11,La Liga,1,2017/2018,male,Atlético Madrid,Barcelona
9650,1,1,0.9715641140937805,TF-NN,3,342,,global,11,La Liga,1,2017/2018,male,Barcelona,Málaga
9661,0,0,0.3510624170303345,TF-NN,3,342,,global,11,La Liga,1,2017/2018,male,Athletic Club,Barcelona
9673,1,1,0.5715813040733337,TF-NN,3,342,,global,11,La Liga,1,2017/2018,male,Barcelona,Sevilla
9695,0,0,0.3729742765426636,TF-NN,3,342,,global,11,La Liga,1,2017/2018,male,Valencia,Barcelona
9700,0,1,0.9538000822067261,TF-NN,3,342,,global,11,La Liga,1,2017/2018,male,Barcelona,Celta Vigo
9717,0,0,0.2801741361618042,TF-NN,3,342,,global,11,La Liga,1,2017/2018,male,Villarreal,Barcelona
9726,1,1,0.9997889399528503,TF-NN,3,342,,global,11,La Liga,1,2017/2018,male,Barcelona,RC Deportivo La Coruña
9736,0,0,0.26643428206443787,TF-NN,3,342,,global,11,La Liga,1,2017/2018,male,Real Madrid,Barcelona
9742,1,1,0.963484525680542,TF-NN,3,342,,global,11,La Liga,1,2017/2018,male,Barcelona,Levante UD
9754,0,0,0.3123110234737396,TF-NN,3,342,,global,11,La Liga,1,2017/2018,male,Real Sociedad,Barcelona
9765,0,0,0.29998138546943665,TF-NN,3,342,,global,11,La Liga,1,2017/2018,male,Real Betis,Barcelona
9774,1,1,0.7368463277816772,TF-NN,3,342,,global,11,La Liga,1,2017/2018,male,Barcelona,Deportivo Alavés
9783,0,0,0.16404880583286285,TF-NN,3,342,,global,11,La Liga,1,2017/2018,male,Espanyol,Barcelona
9794,0,1,0.5356169939041138,TF-NN,3,342,,global,11,La Liga,1,2017/2018,male,Barcelona,Getafe
9799,0,0,0.2192716896533966,TF-NN,3,342,,global,11,La Liga,1,2017/2018,male,Eibar,Barcelona
9827,0,0,0.33276450634002686,TF-NN,3,342,,global,11,La Liga,1,2017/2018,male,Las Palmas,Barcelona
9837,1,0,0.3122776448726654,TF-NN,3,342,,global,11,La Liga,1,2017/2018,male,Barcelona,Atlético Madrid
9855,1,0,0.47941869497299194,TF-NN,3,342,,global,11,La Liga,1,2017/2018,male,Barcelona,Athletic Club
9860,0,1,0.7622484564781189,TF-NN,3,342,,global,11,La Liga,1,2017/2018,male,Sevilla,Barcelona
9870,1,1,0.8743157982826233,TF-NN,3,342,,global,11,La Liga,1,2017/2018,male,Barcelona,Leganés
9880,1,1,0.7085893154144287,TF-NN,3,342,,global,11,La Liga,1,2017/2018,male,Barcelona,Valencia
9889,0,1,0.5603782534599304,TF-NN,3,342,,global,11,La Liga,1,2017/2018,male,Celta Vigo,Barcelona
3775609,1,0,0.4509669542312622,TF-NN,3,342,,global,37,FA Women's Super League,90,2020/2021,female,Arsenal WFC,West Ham United LFC
3775574,1,1,0.9833173751831055,TF-NN,3,342,,global,37,FA Women's Super League,90,2020/2021,female,Manchester City WFC,Birmingham City WFC
3775577,0,0,0.13962489366531372,TF-NN,3,342,,global,37,FA Women's Super League,90,2020/2021,female,Everton LFC,Arsenal WFC
3775579,1,0,0.3419262766838074,TF-NN,3,342,,global,37,FA Women's Super League,90,2020/2021,female,Reading WFC,Brighton & Hove Albion WFC
3775555,0,0,0.11493070423603058,TF-NN,3,342,,global,37,FA Women's Super League,90,2020/2021,female,Tottenham Hotspur Women,Chelsea FCW
3775549,0,0,0.12103462219238281,TF-NN,3,342,,global,37,FA Women's Super League,90,2020/2021,female,Birmingham City WFC,Tottenham Hotspur Women
3775563,1,0,0.3397270143032074,TF-NN,3,342,,global,37,FA Women's Super League,90,2020/2021,female,Manchester United W,Everton LFC
3775573,0,0,0.07116781920194626,TF-NN,3,342,,global,37,FA Women's Super League,90,2020/2021,female,West Ham United LFC,Manchester City WFC
3775585,1,0,0.3928891718387604,TF-NN,3,342,,global,37,FA Women's Super League,90,2020/2021,female,Brighton & Hove Albion WFC,Bristol City WFC
3775593,1,1,0.7061083912849426,TF-NN,3,342,,global,37,FA Women's Super League,90,2020/2021,female,Chelsea FCW,Reading WFC
3802696,0,0,0.2549186050891876,TF-NN,3,342,,global,7,Ligue 1,108,2021/2022,male,Stade de Reims,Paris Saint-Germain
3802752,1,1,0.643632173538208,TF-NN,3,342,,global,7,Ligue 1,108,2021/2022,male,Paris Saint-Germain,Lyon
3802809,1,0,0.3126462399959564,TF-NN,3,342,,global,7,Ligue 1,108,2021/2022,male,Rennes,Paris Saint-Germain
3802902,0,0,0.32577967643737793,TF-NN,3,342,,global,7,Ligue 1,108,2021/2022,male,Olympique de Marseille,Paris Saint-Germain
3817881,1,0,0.4185945987701416,TF-NN,3,342,,global,1238,Indian Super league,108,2021/2022,male,Jamshedpur,Kerala Blasters
3817873,1,1,0.8770804405212402,TF-NN,3,342,,global,1238,Indian Super league,108,2021/2022,male,Mohun Bagan Super Giant,NorthEast United
3817862,1,0,0.3163608908653259,TF-NN,3,342,,global,1238,Indian Super league,108,2021/2022,male,Mumbai City,Odisha
3817902,1,0,0.2078344225883484,TF-NN,3,342,,global,1238,Indian Super league,108,2021/2022,male,Kerala Blasters,East Bengal
3817880,0,0,0.43426287174224854,TF-NN,3,342,,global,1238,Indian Super league,108,2021/2022,male,Odisha,Chennaiyin
3817901,1,1,0.7131162285804749,TF-NN,3,342,,global,1238,Indian Super league,108,2021/2022,male,Jamshedpur,Mumbai City
3817877,1,0,0.23825103044509888,TF-NN,3,342,,global,1238,Indian Super league,108,2021/2022,male,NorthEast United,Bengaluru
3869117,1,1,0.5912055373191833,TF-NN,3,342,,global,43,FIFA World Cup,106,2022,male,Netherlands,United States
3869151,1,0,0.4385669231414795,TF-NN,3,342,,global,43,FIFA World Cup,106,2022,male,Argentina,Australia
3869118,1,1,0.517225980758667,TF-NN,3,342,,global,43,FIFA World Cup,106,2022,male,England,Senegal
3869152,1,1,0.6250291466712952,TF-NN,3,342,,global,43,FIFA World Cup,106,2022,male,France,Poland
3869219,0,0,0.4529574513435364,TF-NN,3,342,,global,43,FIFA World Cup,106,2022,male,Japan,Croatia
3869253,1,1,0.9886242151260376,TF-NN,3,342,,global,43,FIFA World Cup,106,2022,male,Brazil,South Korea
3869220,0,1,0.5249037146568298,TF-NN,3,342,,global,43,FIFA World Cup,106,2022,male,Morocco,Spain
3869254,1,1,0.8015339374542236,TF-NN,3,342,,global,43,FIFA World Cup,106,2022,male,Portugal,Switzerland
3881574,1,0,0.17066264152526855,TF-NN,3,342,,global,49,NWSL,107,2023,female,San Diego Wave,NJ/NY Gotham FC
3881575,0,0,0.309993714094162,TF-NN,3,342,,global,49,NWSL,107,2023,female,Houston Dash,Washington Spirit
3881576,0,0,0.2515240013599396,TF-NN,3,342,,global,49,NWSL,107,2023,female,Racing Louisville FC,Angel City
3881577,1,0,0.29648926854133606,TF-NN,3,342,,global,49,NWSL,107,2023,female,Orlando Pride,Chicago Red Stars
3881578,1,0,0.3172615170478821,TF-NN,3,342,,global,49,NWSL,107,2023,female,Portland Thorns,North Carolina Courage
3881579,0,0,0.31926530599594116,TF-NN,3,342,,global,49,NWSL,107,2023,female,Orlando Pride,San Diego Wave
3881582,0,0,0.4783968925476074,TF-NN,3,342,,global,49,NWSL,107,2023,female,North Carolina Courage,Chicago Red Stars
3881583,0,0,0.1347096711397171,TF-NN,3,342,,global,49,NWSL,107,2023,female,Houston Dash,KC Current
3881580,0,0,0.3652530610561371,TF-NN,3,342,,global,49,NWSL,107,2023,female,Washington Spirit,Portland Thorns
3881581,0,0,0.37016189098358154,TF-NN,3,342,,global,49,NWSL,107,2023,female,NJ/NY Gotham FC,Racing Louisville FC
3881584,1,0,0.2013465017080307,TF-NN,3,342,,global,49,NWSL,107,2023,female,Angel City,Seattle Reign
3881585,0,0,0.3247250020503998,TF-NN,3,342,,global,49,NWSL,107,2023,female,KC Current,Angel City
3881586,1,1,0.6576715111732483,TF-NN,3,342,,global,49,NWSL,107,2023,female,Racing Louisville FC,Portland Thorns
3881588,0,0,0.39724263548851013,TF-NN,3,342,,global,49,NWSL,107,2023,female,North Carolina Courage,NJ/NY Gotham FC
3881587,0,1,0.5183810591697693,TF-NN,3,342,,global,49,NWSL,107,2023,female,Washington Spirit,Chicago Red Stars
3881589,1,1,0.86350417137146,TF-NN,3,342,,global,49,NWSL,107,2023,female,San Diego Wave,Houston Dash
3881590,1,0,0.38048893213272095,TF-NN,3,342,,global,49,NWSL,107,2023,female,Seattle Reign,Orlando Pride
3912593,0,0,0.11769923567771912,TF-NN,3,342,,global,37,FA Women's Super League,281,2023/2024,female,West Ham United LFC,Manchester City WFC
3912595,0,0,0.3270665407180786,TF-NN,3,342,,global,37,FA Women's Super League,281,2023/2024,female,Arsenal WFC,Liverpool WFC
3912596,0,0,0.3182087242603302,TF-NN,3,342,,global,37,FA Women's Super League,281,2023/2024,female,Everton LFC,Brighton & Hove Albion WFC
3912597,1,1,0.758808434009552,TF-NN,3,342,,global,37,FA Women's Super League,281,2023/2024,female,Chelsea FCW,Tottenham Hotspur Women
3912598,0,0,0.36270323395729065,TF-NN,3,342,,global,37,FA Women's Super League,281,2023/2024,female,Manchester United W,Arsenal WFC
3912599,0,0,0.3193305730819702,TF-NN,3,342,,global,37,FA Women's Super League,281,2023/2024,female,Brighton & Hove Albion WFC,West Ham United LFC
3912600,0,0,0.17549464106559753,TF-NN,3,342,,global,37,FA Women's Super League,281,2023/2024,female,Manchester City WFC,Chelsea FCW
3912601,1,1,0.5777072906494141,TF-NN,3,342,,global,37,FA Women's Super League,281,2023/2024,female,Tottenham Hotspur Women,Bristol City WFC
3913069,1,1,0.8356078863143921,TF-NN,3,342,,global,37,FA Women's Super League,281,2023/2024,female,Chelsea FCW,West Ham United LFC
3913070,0,0,0.23143313825130463,TF-NN,3,342,,global,37,FA Women's Super League,281,2023/2024,female,Liverpool WFC,Everton LFC
3913072,1,1,0.9294998645782471,TF-NN,3,342,,global,37,FA Women's Super League,281,2023/2024,female,Manchester City WFC,Bristol City WFC
3913073,1,0,0.3266112208366394,TF-NN,3,342,,global,37,FA Women's Super League,281,2023/2024,female,Arsenal WFC,Aston Villa W
3913074,0,0,0.3141000270843506,TF-NN,3,342,,global,37,FA Women's Super League,281,2023/2024,female,Brighton & Hove Albion WFC,Tottenham Hotspur Women
3913075,0,0,0.47154557704925537,TF-NN,3,342,,global,37,FA Women's Super League,281,2023/2024,female,Aston Villa W,Tottenham Hotspur Women
3913076,0,0,0.35019153356552124,TF-NN,3,342,,global,37,FA Women's Super League,281,2023/2024,female,Leicester City WFC,Manchester City WFC
3913077,1,1,0.9166133403778076,TF-NN,3,342,,global,37,FA Women's Super League,281,2023/2024,female,Chelsea FCW,Brighton & Hove Albion WFC
3913078,0,0,0.2804713845252991,TF-NN,3,342,,global,37,FA Women's Super League,281,2023/2024,female,Everton LFC,Manchester United W
3913079,0,0,0.0720314010977745,TF-NN,3,342,,global,37,FA Women's Super League,281,2023/2024,female,Bristol City WFC,Arsenal WFC
3913080,0,0,0.34680649638175964,TF-NN,3,342,,global,37,FA Women's Super League,281,2023/2024,female,West Ham United LFC,Liverpool WFC
3913081,0,0,0.26934149861335754,TF-NN,3,342,,global,37,FA Women's Super League,281,2023/2024,female,Aston Villa W,Chelsea FCW
3913082,0,0,0.2687603235244751,TF-NN,3,342,,global,37,FA Women's Super League,281,2023/2024,female,Brighton & Hove Albion WFC,Manchester United W
3913083,1,0,0.26532766222953796,TF-NN,3,342,,global,37,FA Women's Super League,281,2023/2024,female,Arsenal WFC,Manchester City WFC
3913084,1,0,0.31894227862358093,TF-NN,3,342,,global,37,FA Women's Super League,281,2023/2024,female,Liverpool WFC,Leicester City WFC
3913085,0,1,0.7379140257835388,TF-NN,3,342,,global,37,FA Women's Super League,281,2023/2024,female,Tottenham Hotspur Women,Everton LFC
3913086,0,0,0.34239813685417175,TF-NN,3,342,,global,37,FA Women's Super League,281,2023/2024,female,West Ham United LFC,Bristol City WFC
3913087,0,0,0.12405139952898026,TF-NN,3,342,,global,37,FA Women's Super League,281,2023/2024,female,Bristol City WFC,Aston Villa W
3913088,0,1,0.751864492893219,TF-NN,3,342,,global,37,FA Women's Super League,281,2023/2024,female,Manchester City WFC,Brighton & Hove Albion WFC
3913089,0,0,0.307834267616272,TF-NN,3,342,,global,37,FA Women's Super League,281,2023/2024,female,Everton LFC,Chelsea FCW
3913090,1,1,0.7584901452064514,TF-NN,3,342,,global,37,FA Women's Super League,281,2023/2024,female,Manchester United W,West Ham United LFC
3913091,0,0,0.33278635144233704,TF-NN,3,342,,global,37,FA Women's Super League,281,2023/2024,female,Leicester City WFC,Arsenal WFC
3913092,0,0,0.3196755349636078,TF-NN,3,342,,global,37,FA Women's Super League,281,2023/2024,female,Tottenham Hotspur Women,Liverpool WFC
3913093,1,1,0.7581866979598999,TF-NN,3,342,,global,37,FA Women's Super League,281,2023/2024,female,Chelsea FCW,Liverpool WFC
3913094,0,0,0.43775999546051025,TF-NN,3,342,,global,37,FA Women's Super League,281,2023/2024,female,Everton LFC,Bristol City WFC
3913095,0,0,0.3452942669391632,TF-NN,3,342,,global,37,FA Women's Super League,281,2023/2024,female,Leicester City WFC,Tottenham Hotspur Women
3913096,0,0,0.3636477291584015,TF-NN,3,342,,global,37,FA Women's Super League,281,2023/2024,female,West Ham United LFC,Aston Villa W
3913097,0,0,0.11513196676969528,TF-NN,3,342,,global,37,FA Women's Super League,281,2023/2024,female,Brighton & Hove Albion WFC,Arsenal WFC
3913098,0,0,0.33718201518058777,TF-NN,3,342,,global,37,FA Women's Super League,281,2023/2024,female,Manchester United W,Manchester City WFC
3913099,1,1,0.8551142811775208,TF-NN,3,342,,global,37,FA Women's Super League,281,2023/2024,female,Liverpool WFC,Brighton & Hove Albion WFC
3913100,0,0,0.3740123510360718,TF-NN,3,342,,global,37,FA Women's Super League,281,2023/2024,female,Aston Villa W,Everton LFC
3913101,1,0,0.34335511922836304,TF-NN,3,342,,global,37,FA Women's Super League,281,2023/2024,female,Arsenal WFC,West Ham United LFC
3913102,1,1,0.9226459264755249,TF-NN,3,342,,global,37,FA Women's Super League,281,2023/2024,female,Manchester City WFC,Tottenham Hotspur Women
3913103,1,1,0.6008849740028381,TF-NN,3,342,,global,37,FA Women's Super League,281,2023/2024,female,Chelsea FCW,Leicester City WFC
3913104,0,0,0.08614519238471985,TF-NN,3,342,,global,37,FA Women's Super League,281,2023/2024,female,Bristol City WFC,Manchester United W
3912218,1,1,0.6489675641059875,TF-NN,3,342,,global,135,Frauen Bundesliga,281,2023/2024,female,Bayern München W,RB Leipzig W
3912221,0,0,0.21771486103534698,TF-NN,3,342,,global,135,Frauen Bundesliga,281,2023/2024,female,SV Werder Bremen,SGS Essen 19/68
3928984,0,0,0.15644101798534393,TF-NN,3,342,,global,131,Serie A Women,281,2023/2024,female,Pomigliano,Sampdoria W
3928985,1,0,0.37639787793159485,TF-NN,3,342,,global,131,Serie A Women,281,2023/2024,female,Sassuolo W,Fiorentina W
3912222,0,0,0.08176986873149872,TF-NN,3,342,,global,135,Frauen Bundesliga,281,2023/2024,female,Nürnberg W,SC Freiburg
3912223,0,0,0.0723116472363472,TF-NN,3,342,,global,135,Frauen Bundesliga,281,2023/2024,female,Duisburg WFC,Eintracht Frankfurt W
3928986,0,1,0.6623891592025757,TF-NN,3,342,,global,131,Serie A Women,281,2023/2024,female,FC Internazionale Milano W,Juventus W
3928987,0,0,0.2344532608985901,TF-NN,3,342,,global,131,Serie A Women,281,2023/2024,female,Como W,Napoli W
3912220,1,0,0.2996683120727539,TF-NN,3,342,,global,135,Frauen Bundesliga,281,2023/2024,female,TSV Bayer 04 Leverkusen,Köln
3912227,0,0,0.3630465269088745,TF-NN,3,342,,global,135,Frauen Bundesliga,281,2023/2024,female,SC Freiburg,Hoffenheim W
3912224,0,0,0.36871138215065,TF-NN,3,342,,global,135,Frauen Bundesliga,281,2023/2024,female,VfL Wolfsburg WFC,Bayern München W
3912226,0,0,0.3013341426849365,TF-NN,3,342,,global,135,Frauen Bundesliga,281,2023/2024,female,Köln,Nürnberg W
3928988,1,0,0.2866694927215576,TF-NN,3,342,,global,131,Serie A Women,281,2023/2024,female,Sampdoria W,Como W
3928989,1,0,0.4137892723083496,TF-NN,3,342,,global,131,Serie A Women,281,2023/2024,female,AS Roma W,Sassuolo W
3912225,0,0,0.10103442519903183,TF-NN,3,342,,global,135,Frauen Bundesliga,281,2023/2024,female,SGS Essen 19/68,TSV Bayer 04 Leverkusen
3912228,1,0,0.37890779972076416,TF-NN,3,342,,global,135,Frauen Bundesliga,281,2023/2024,female,RB Leipzig W,Duisburg WFC
3928990,0,0,0.21092459559440613,TF-NN,3,342,,global,131,Serie A Women,281,2023/2024,female,Fiorentina W,FC Internazionale Milano W
3928991,1,1,0.5401197671890259,TF-NN,3,342,,global,131,Serie A Women,281,2023/2024,female,AC Milan W,Pomigliano
3912229,1,0,0.26768994331359863,TF-NN,3,342,,global,135,Frauen Bundesliga,281,2023/2024,female,Eintracht Frankfurt W,SV Werder Bremen
3928992,0,0,0.40148496627807617,TF-NN,3,342,,global,131,Serie A Women,281,2023/2024,female,FC Internazionale Milano W,AS Roma W
3928993,0,0,0.3033127188682556,TF-NN,3,342,,global,131,Serie A Women,281,2023/2024,female,Como W,AC Milan W
3928994,1,0,0.46168047189712524,TF-NN,3,342,,global,131,Serie A Women,281,2023/2024,female,Juventus W,Fiorentina W
3928995,1,0,0.3700662851333618,TF-NN,3,342,,global,131,Serie A Women,281,2023/2024,female,Napoli W,Sampdoria W
3912234,0,0,0.1900479942560196,TF-NN,3,342,,global,135,Frauen Bundesliga,281,2023/2024,female,SV Werder Bremen,RB Leipzig W
3911528,1,1,0.9962533712387085,TF-NN,3,342,,global,182,Liga F,281,2023/2024,female,Barcelona WFC,Villarreal
3911529,0,0,0.38842177391052246,TF-NN,3,342,,global,182,Liga F,281,2023/2024,female,Real Sociedad de Fútbol,CD Sporting de Huelva
3911530,1,0,0.13615339994430542,TF-NN,3,342,,global,182,Liga F,281,2023/2024,female,SD Eibar,Sevilla FC
3911534,0,0,0.31740933656692505,TF-NN,3,342,,global,182,Liga F,281,2023/2024,female,FC Levante Badalona,Real Betis Balompié
3928998,1,0,0.22068475186824799,TF-NN,3,342,,global,131,Serie A Women,281,2023/2024,female,Sassuolo W,FC Internazionale Milano W
3911527,1,0,0.23880136013031006,TF-NN,3,342,,global,182,Liga F,281,2023/2024,female,Athletic Club Bilbao,Atletico Madrid W
3911531,1,1,0.6372724175453186,TF-NN,3,342,,global,182,Liga F,281,2023/2024,female,Real Madrid CF W,Granada W
3911532,0,0,0.2566564679145813,TF-NN,3,342,,global,182,Liga F,281,2023/2024,female,Valencia CF,Levante UD Femenino
3911533,0,0,0.3749098479747772,TF-NN,3,342,,global,182,Liga F,281,2023/2024,female,Costa Adeje Tenerife,Madrid CFF
3911536,1,1,0.7285900115966797,TF-NN,3,342,,global,182,Liga F,281,2023/2024,female,Granada W,Costa Adeje Tenerife
3911537,0,0,0.32227185368537903,TF-NN,3,342,,global,182,Liga F,281,2023/2024,female,Levante UD Femenino,Real Madrid CF W
3911538,1,0,0.4837336540222168,TF-NN,3,342,,global,182,Liga F,281,2023/2024,female,Madrid CFF,Athletic Club Bilbao
3911541,0,0,0.3658435642719269,TF-NN,3,342,,global,182,Liga F,281,2023/2024,female,CD Sporting de Huelva,SD Eibar
3911535,1,1,0.5288012027740479,TF-NN,3,342,,global,182,Liga F,281,2023/2024,female,Atletico Madrid W,Real Betis Balompié
3911540,1,1,0.5029982328414917,TF-NN,3,342,,global,182,Liga F,281,2023/2024,female,Valencia CF,Real Sociedad de Fútbol
3911542,0,0,0.2940957844257355,TF-NN,3,342,,global,182,Liga F,281,2023/2024,female,Villarreal,Sevilla FC
3911539,0,0,0.2914443016052246,TF-NN,3,342,,global,182,Liga F,281,2023/2024,female,FC Levante Badalona,Barcelona WFC
3911544,1,0,0.37222906947135925,TF-NN,3,342,,global,182,Liga F,281,2023/2024,female,Real Betis Balompié,CD Sporting de Huelva
3911545,1,0,0.3716246485710144,TF-NN,3,342,,global,182,Liga F,281,2023/2024,female,Costa Adeje Tenerife,Valencia CF
3911549,0,0,0.3741263747215271,TF-NN,3,342,,global,182,Liga F,281,2023/2024,female,Villarreal,Granada W
3911550,0,0,0.31859874725341797,TF-NN,3,342,,global,182,Liga F,281,2023/2024,female,Sevilla FC,Levante UD Femenino
3911546,0,0,0.2128726691007614,TF-NN,3,342,,global,182,Liga F,281,2023/2024,female,SD Eibar,Athletic Club Bilbao
3911547,0,1,0.5299825668334961,TF-NN,3,342,,global,182,Liga F,281,2023/2024,female,Real Sociedad de Fútbol,Atletico Madrid W
3911548,1,0,0.29566147923469543,TF-NN,3,342,,global,182,Liga F,281,2023/2024,female,Real Madrid CF W,FC Levante Badalona
3879757,0,0,0.12187837064266205,TF-Hybrid,3,342,0.4719493091106415,global,12,Serie A,27,2015/2016,male,Empoli,AS Roma
3879758,1,0,0.3258730173110962,TF-Hybrid,3,342,0.4719493091106415,global,12,Serie A,27,2015/2016,male,AC Milan,Torino
3754239,1,0,0.2663785517215729,TF-Hybrid,3,342,0.4719493091106415,global,2,Premier League,27,2015/2016,male,Manchester United,Arsenal
3754324,1,1,0.7158664464950562,TF-Hybrid,3,342,0.4719493091106415,global,2,Premier League,27,2015/2016,male,Tottenham Hotspur,Swansea City
3879759,1,1,0.5690274834632874,TF-Hybrid,3,342,0.4719493091106415,global,12,Serie A,27,2015/2016,male,Juventus,Inter Milan
3879760,0,0,0.19644136726856232,TF-Hybrid,3,342,0.4719493091106415,global,12,Serie A,27,2015/2016,male,Palermo,Bologna
3879761,0,0,0.09848018735647202,TF-Hybrid,3,342,0.4719493091106415,global,12,Serie A,27,2015/2016,male,Carpi,Atalanta
3879762,1,1,0.5161938667297363,TF-Hybrid,3,342,0.4719493091106415,global,12,Serie A,27,2015/2016,male,Udinese,Hellas Verona
3879763,1,1,0.5972453355789185,TF-Hybrid,3,342,0.4719493091106415,global,12,Serie A,27,2015/2016,male,Sampdoria,Frosinone
3879764,1,0,0.44386276602745056,TF-Hybrid,3,342,0.4719493091106415,global,12,Serie A,27,2015/2016,male,Chievo,Genoa
3879765,0,0,0.21714478731155396,TF-Hybrid,3,342,0.4719493091106415,global,12,Serie A,27,2015/2016,male,Fiorentina,Napoli
3879766,0,0,0.13092824816703796,TF-Hybrid,3,342,0.4719493091106415,global,12,Serie A,27,2015/2016,male,Lazio,Sassuolo
3754050,0,0,0.2444383203983307,TF-Hybrid,3,342,0.4719493091106415,global,2,Premier League,27,2015/2016,male,Sunderland,Crystal Palace
3754231,0,1,0.5904208421707153,TF-Hybrid,3,342,0.4719493091106415,global,2,Premier League,27,2015/2016,male,Leicester City,West Bromwich Albion
3754280,0,0,0.34474581480026245,TF-Hybrid,3,342,0.4719493091106415,global,2,Premier League,27,2015/2016,male,Norwich City,Chelsea
3754327,0,0,0.051312725991010666,TF-Hybrid,3,342,0.4719493091106415,global,2,Premier League,27,2015/2016,male,Aston Villa,Everton
3754334,1,0,0.3506907820701599,TF-Hybrid,3,342,0.4719493091106415,global,2,Premier League,27,2015/2016,male,AFC Bournemouth,Southampton
3753976,0,1,0.5144113898277283,TF-Hybrid,3,342,0.4719493091106415,global,2,Premier League,27,2015/2016,male,Arsenal,Swansea City
3753991,1,1,0.6572820544242859,TF-Hybrid,3,342,0.4719493091106415,global,2,Premier League,27,2015/2016,male,Liverpool,Manchester City
3754005,1,0,0.2816377580165863,TF-Hybrid,3,342,0.4719493091106415,global,2,Premier League,27,2015/2016,male,Stoke City,Newcastle United
3754232,1,0,0.2775471806526184,TF-Hybrid,3,342,0.4719493091106415,global,2,Premier League,27,2015/2016,male,Manchester United,Watford
3754349,1,0,0.07248795032501221,TF-Hybrid,3,342,0.4719493091106415,global,2,Premier League,27,2015/2016,male,West Ham United,Tottenham Hotspur
3879767,1,1,0.7020494341850281,TF-Hybrid,3,342,0.4719493091106415,global,12,Serie A,27,2015/2016,male,AS Roma,Fiorentina
3754061,0,0,0.3995988965034485,TF-Hybrid,3,342,0.4719493091106415,global,2,Premier League,27,2015/2016,male,Chelsea,Stoke City
3754151,1,0,0.14049313962459564,TF-Hybrid,3,342,0.4719493091106415,global,2,Premier League,27,2015/2016,male,Swansea City,Norwich City
3754164,0,0,0.3151637315750122,TF-Hybrid,3,342,0.4719493091106415,global,2,Premier League,27,2015/2016,male,Southampton,Sunderland
3754177,0,0,0.1966022551059723,TF-Hybrid,3,342,0.4719493091106415,global,2,Premier League,27,2015/2016,male,Newcastle United,AFC Bournemouth
3754249,1,1,0.7679504752159119,TF-Hybrid,3,342,0.4719493091106415,global,2,Premier League,27,2015/2016,male,Manchester City,Aston Villa
3754277,0,1,0.6422898173332214,TF-Hybrid,3,342,0.4719493091106415,global,2,Premier League,27,2015/2016,male,Everton,West Ham United
3754289,0,0,0.19723790884017944,TF-Hybrid,3,342,0.4719493091106415,global,2,Premier League,27,2015/2016,male,Watford,Leicester City
3754318,0,0,0.2797655165195465,TF-Hybrid,3,342,0.4719493091106415,global,2,Premier League,27,2015/2016,male,Tottenham Hotspur,Arsenal
3879768,0,0,0.4796817898750305,TF-Hybrid,3,342,0.4719493091106415,global,12,Serie A,27,2015/2016,male,Hellas Verona,Sampdoria
3879769,1,1,0.7182613015174866,TF-Hybrid,3,342,0.4719493091106415,global,12,Serie A,27,2015/2016,male,Napoli,Chievo
3754081,1,0,0.15564696490764618,TF-Hybrid,3,342,0.4719493091106415,global,2,Premier League,27,2015/2016,male,West Bromwich Albion,Manchester United
3754220,0,0,0.10127665102481842,TF-Hybrid,3,342,0.4719493091106415,global,2,Premier League,27,2015/2016,male,Crystal Palace,Liverpool
3879770,0,0,0.08888667821884155,TF-Hybrid,3,342,0.4719493091106415,global,12,Serie A,27,2015/2016,male,Atalanta,Juventus
3879771,1,0,0.25755757093429565,TF-Hybrid,3,342,0.4719493091106415,global,12,Serie A,27,2015/2016,male,Sassuolo,AC Milan
3879772,0,0,0.44479677081108093,TF-Hybrid,3,342,0.4719493091106415,global,12,Serie A,27,2015/2016,male,Torino,Lazio
3879773,1,0,0.14633622765541077,TF-Hybrid,3,342,0.4719493091106415,global,12,Serie A,27,2015/2016,male,Frosinone,Udinese
3879774,1,0,0.4726206064224243,TF-Hybrid,3,342,0.4719493091106415,global,12,Serie A,27,2015/2016,male,Inter Milan,Palermo
3879775,1,0,0.23245537281036377,TF-Hybrid,3,342,0.4719493091106415,global,12,Serie A,27,2015/2016,male,Genoa,Empoli
3879776,0,0,0.2362966686487198,TF-Hybrid,3,342,0.4719493091106415,global,12,Serie A,27,2015/2016,male,Bologna,Carpi
3879777,1,0,0.34725329279899597,TF-Hybrid,3,342,0.4719493091106415,global,12,Serie A,27,2015/2016,male,Juventus,Sassuolo
3753988,1,1,0.6978674530982971,TF-Hybrid,3,342,0.4719493091106415,global,2,Premier League,27,2015/2016,male,AFC Bournemouth,Swansea City
3754196,0,0,0.46829453110694885,TF-Hybrid,3,342,0.4719493091106415,global,2,Premier League,27,2015/2016,male,Stoke City,Southampton
3754313,0,0,0.14670246839523315,TF-Hybrid,3,342,0.4719493091106415,global,2,Premier League,27,2015/2016,male,Norwich City,Manchester City
3879778,0,0,0.24882103502750397,TF-Hybrid,3,342,0.4719493091106415,global,12,Serie A,27,2015/2016,male,Empoli,Sampdoria
3879779,1,0,0.4678175449371338,TF-Hybrid,3,342,0.4719493091106415,global,12,Serie A,27,2015/2016,male,Inter Milan,Bologna
3754053,0,0,0.1546449065208435,TF-Hybrid,3,342,0.4719493091106415,global,2,Premier League,27,2015/2016,male,Aston Villa,Tottenham Hotspur
3879780,0,0,0.1958070993423462,TF-Hybrid,3,342,0.4719493091106415,global,12,Serie A,27,2015/2016,male,Fiorentina,Hellas Verona
3879781,0,0,0.11800219863653183,TF-Hybrid,3,342,0.4719493091106415,global,12,Serie A,27,2015/2016,male,Chievo,AC Milan
3879782,1,0,0.2916043698787689,TF-Hybrid,3,342,0.4719493091106415,global,12,Serie A,27,2015/2016,male,Carpi,Frosinone
3879783,0,0,0.058223288506269455,TF-Hybrid,3,342,0.4719493091106415,global,12,Serie A,27,2015/2016,male,Udinese,AS Roma
3879784,1,1,0.622031033039093,TF-Hybrid,3,342,0.4719493091106415,global,12,Serie A,27,2015/2016,male,Genoa,Torino
3879785,1,0,0.4336579442024231,TF-Hybrid,3,342,0.4719493091106415,global,12,Serie A,27,2015/2016,male,Lazio,Atalanta
3879786,0,0,0.1062525287270546,TF-Hybrid,3,342,0.4719493091106415,global,12,Serie A,27,2015/2016,male,Palermo,Napoli
3754002,1,1,0.661943793296814,TF-Hybrid,3,342,0.4719493091106415,global,2,Premier League,27,2015/2016,male,Leicester City,Newcastle United
3753973,0,1,0.5025146007537842,TF-Hybrid,3,342,0.4719493091106415,global,2,Premier League,27,2015/2016,male,Chelsea,West Ham United
3753977,0,0,0.19624574482440948,TF-Hybrid,3,342,0.4719493091106415,global,2,Premier League,27,2015/2016,male,Watford,Stoke City
3753980,0,0,0.417477548122406,TF-Hybrid,3,342,0.4719493091106415,global,2,Premier League,27,2015/2016,male,Everton,Arsenal
3754052,0,0,0.12911418080329895,TF-Hybrid,3,342,0.4719493091106415,global,2,Premier League,27,2015/2016,male,West Bromwich Albion,Norwich City
3754181,0,0,0.16157837212085724,TF-Hybrid,3,342,0.4719493091106415,global,2,Premier League,27,2015/2016,male,Crystal Palace,Leicester City
3754224,1,0,0.4403984546661377,TF-Hybrid,3,342,0.4719493091106415,global,2,Premier League,27,2015/2016,male,Swansea City,Aston Villa
3879787,0,0,0.47502580285072327,TF-Hybrid,3,342,0.4719493091106415,global,12,Serie A,27,2015/2016,male,AS Roma,Inter Milan
3879788,0,0,0.35656481981277466,TF-Hybrid,3,342,0.4719493091106415,global,12,Serie A,27,2015/2016,male,Empoli,Palermo
3754043,1,1,0.5074948072433472,TF-Hybrid,3,342,0.4719493091106415,global,2,Premier League,27,2015/2016,male,Tottenham Hotspur,AFC Bournemouth
3754064,1,0,0.36082491278648376,TF-Hybrid,3,342,0.4719493091106415,global,2,Premier League,27,2015/2016,male,Southampton,Liverpool
3754100,0,1,0.6205965280532837,TF-Hybrid,3,342,0.4719493091106415,global,2,Premier League,27,2015/2016,male,Newcastle United,Sunderland
3754124,0,1,0.6226038336753845,TF-Hybrid,3,342,0.4719493091106415,global,2,Premier League,27,2015/2016,male,Manchester City,Manchester United
3879789,0,0,0.2832047939300537,TF-Hybrid,3,342,0.4719493091106415,global,12,Serie A,27,2015/2016,male,Frosinone,Fiorentina
3879790,0,0,0.3287332057952881,TF-Hybrid,3,342,0.4719493091106415,global,12,Serie A,27,2015/2016,male,Torino,Juventus
3879791,0,0,0.38111987709999084,TF-Hybrid,3,342,0.4719493091106415,global,12,Serie A,27,2015/2016,male,AC Milan,Lazio
3879792,0,0,0.4233913719654083,TF-Hybrid,3,342,0.4719493091106415,global,12,Serie A,27,2015/2016,male,Sampdoria,Chievo
3879793,0,0,0.15178516507148743,TF-Hybrid,3,342,0.4719493091106415,global,12,Serie A,27,2015/2016,male,Sassuolo,Udinese
3879794,1,1,0.8035855889320374,TF-Hybrid,3,342,0.4719493091106415,global,12,Serie A,27,2015/2016,male,Atalanta,Bologna
3879795,0,0,0.2031986564397812,TF-Hybrid,3,342,0.4719493091106415,global,12,Serie A,27,2015/2016,male,Hellas Verona,Carpi
3879796,1,1,0.6751238703727722,TF-Hybrid,3,342,0.4719493091106415,global,12,Serie A,27,2015/2016,male,Napoli,Genoa
3754075,0,0,0.20856623351573944,TF-Hybrid,3,342,0.4719493091106415,global,2,Premier League,27,2015/2016,male,Aston Villa,Chelsea
3754087,0,0,0.2773841619491577,TF-Hybrid,3,342,0.4719493091106415,global,2,Premier League,27,2015/2016,male,Liverpool,Tottenham Hotspur
3754118,1,1,0.6326946020126343,TF-Hybrid,3,342,0.4719493091106415,global,2,Premier League,27,2015/2016,male,Arsenal,Watford
3754144,0,0,0.13422854244709015,TF-Hybrid,3,342,0.4719493091106415,global,2,Premier League,27,2015/2016,male,AFC Bournemouth,Manchester City
3754175,0,0,0.44175857305526733,TF-Hybrid,3,342,0.4719493091106415,global,2,Premier League,27,2015/2016,male,Sunderland,West Bromwich Albion
3754176,0,1,0.5090088844299316,TF-Hybrid,3,342,0.4719493091106415,global,2,Premier League,27,2015/2016,male,West Ham United,Crystal Palace
3754243,1,1,0.5346165299415588,TF-Hybrid,3,342,0.4719493091106415,global,2,Premier League,27,2015/2016,male,Norwich City,Newcastle United
3754272,0,0,0.23978863656520844,TF-Hybrid,3,342,0.4719493091106415,global,2,Premier League,27,2015/2016,male,Stoke City,Swansea City
3901204,0,0,0.22120879590511322,TF-Hybrid,3,342,0.4719493091106415,global,7,Ligue 1,27,2015/2016,male,Montpellier,Lyon
3901205,0,1,0.6090730428695679,TF-Hybrid,3,342,0.4719493091106415,global,7,Ligue 1,27,2015/2016,male,Stade Malherbe Caen,Lorient
3901206,1,1,0.5003306865692139,TF-Hybrid,3,342,0.4719493091106415,global,7,Ligue 1,27,2015/2016,male,Toulouse,Bastia
3901207,1,0,0.2598628103733063,TF-Hybrid,3,342,0.4719493091106415,global,7,Ligue 1,27,2015/2016,male,Stade de Reims,Nantes
3901208,0,0,0.06604140996932983,TF-Hybrid,3,342,0.4719493091106415,global,7,Ligue 1,27,2015/2016,male,Guingamp,Paris Saint-Germain
3901209,0,0,0.15758833289146423,TF-Hybrid,3,342,0.4719493091106415,global,7,Ligue 1,27,2015/2016,male,Angers,Gazélec Ajaccio
3901210,1,1,0.7607459425926208,TF-Hybrid,3,342,0.4719493091106415,global,7,Ligue 1,27,2015/2016,male,Saint-Étienne,Troyes
3901211,0,1,0.6149482727050781,TF-Hybrid,3,342,0.4719493091106415,global,7,Ligue 1,27,2015/2016,male,Olympique de Marseille,Bordeaux
3901212,1,1,0.5914368629455566,TF-Hybrid,3,342,0.4719493091106415,global,7,Ligue 1,27,2015/2016,male,Lille,AS Monaco
3901213,1,1,0.6249551773071289,TF-Hybrid,3,342,0.4719493091106415,global,7,Ligue 1,27,2015/2016,male,OGC Nice,Rennes
3901214,0,0,0.4438013732433319,TF-Hybrid,3,342,0.4719493091106415,global,7,Ligue 1,27,2015/2016,male,Lyon,OGC Nice
3901215,0,0,0.36685970425605774,TF-Hybrid,3,342,0.4719493091106415,global,7,Ligue 1,27,2015/2016,male,Gazélec Ajaccio,Lille
3901217,1,0,0.37940701842308044,TF-Hybrid,3,342,0.4719493091106415,global,7,Ligue 1,27,2015/2016,male,Troyes,Stade de Reims
3901218,0,0,0.27208882570266724,TF-Hybrid,3,342,0.4719493091106415,global,7,Ligue 1,27,2015/2016,male,Bordeaux,Angers
3901219,0,0,0.07874844968318939,TF-Hybrid,3,342,0.4719493091106415,global,7,Ligue 1,27,2015/2016,male,Lorient,Toulouse
3901220,0,0,0.26044541597366333,TF-Hybrid,3,342,0.4719493091106415,global,7,Ligue 1,27,2015/2016,male,Bastia,Saint-Étienne
3901221,0,0,0.3026726543903351,TF-Hybrid,3,342,0.4719493091106415,global,7,Ligue 1,27,2015/2016,male,Rennes,Guingamp
3901222,0,0,0.22173035144805908,TF-Hybrid,3,342,0.4719493091106415,global,7,Ligue 1,27,2015/2016,male,Nantes,Montpellier
3901224,1,1,0.5601979494094849,TF-Hybrid,3,342,0.4719493091106415,global,7,Ligue 1,27,2015/2016,male,OGC Nice,Stade de Reims
3901225,0,1,0.5076586008071899,TF-Hybrid,3,342,0.4719493091106415,global,7,Ligue 1,27,2015/2016,male,Toulouse,Lyon
3901226,1,1,0.5439696311950684,TF-Hybrid,3,342,0.4719493091106415,global,7,Ligue 1,27,2015/2016,male,Montpellier,Troyes
3901227,0,1,0.5401231646537781,TF-Hybrid,3,342,0.4719493091106415,global,7,Ligue 1,27,2015/2016,male,Olympique de Marseille,Nantes
3901228,1,1,0.5996606349945068,TF-Hybrid,3,342,0.4719493091106415,global,7,Ligue 1,27,2015/2016,male,Saint-Étienne,Lorient
3901230,1,1,0.5491039156913757,TF-Hybrid,3,342,0.4719493091106415,global,7,Ligue 1,27,2015/2016,male,Gazélec Ajaccio,Bastia
3901231,0,0,0.23834703862667084,TF-Hybrid,3,342,0.4719493091106415,global,7,Ligue 1,27,2015/2016,male,Rennes,AS Monaco
3901232,0,0,0.4498789608478546,TF-Hybrid,3,342,0.4719493091106415,global,7,Ligue 1,27,2015/2016,male,Lille,Angers
3901233,1,1,0.954617977142334,TF-Hybrid,3,342,0.4719493091106415,global,7,Ligue 1,27,2015/2016,male,Paris Saint-Germain,Rennes
3901234,0,0,0.12705174088478088,TF-Hybrid,3,342,0.4719493091106415,global,7,Ligue 1,27,2015/2016,male,Stade de Reims,Montpellier
3901235,1,0,0.2209145873785019,TF-Hybrid,3,342,0.4719493091106415,global,7,Ligue 1,27,2015/2016,male,Lyon,Gazélec Ajaccio
3901236,1,0,0.45465517044067383,TF-Hybrid,3,342,0.4719493091106415,global,7,Ligue 1,27,2015/2016,male,Nantes,OGC Nice
3901237,0,0,0.1993493288755417,TF-Hybrid,3,342,0.4719493091106415,global,7,Ligue 1,27,2015/2016,male,Saint-Étienne,Toulouse
3901238,1,0,0.3945654034614563,TF-Hybrid,3,342,0.4719493091106415,global,7,Ligue 1,27,2015/2016,male,AS Monaco,Guingamp
3901240,0,0,0.12670014798641205,TF-Hybrid,3,342,0.4719493091106415,global,7,Ligue 1,27,2015/2016,male,Lorient,Lille
3901241,0,1,0.5664283037185669,TF-Hybrid,3,342,0.4719493091106415,global,7,Ligue 1,27,2015/2016,male,Stade Malherbe Caen,Bastia
3901243,1,0,0.44723591208457947,TF-Hybrid,3,342,0.4719493091106415,global,7,Ligue 1,27,2015/2016,male,Bastia,Angers
3901244,1,1,0.5209187269210815,TF-Hybrid,3,342,0.4719493091106415,global,7,Ligue 1,27,2015/2016,male,Toulouse,Troyes
3901245,1,1,0.5106590390205383,TF-Hybrid,3,342,0.4719493091106415,global,7,Ligue 1,27,2015/2016,male,Bordeaux,Lorient
3901247,0,0,0.10822148621082306,TF-Hybrid,3,342,0.4719493091106415,global,7,Ligue 1,27,2015/2016,male,Gazélec Ajaccio,Paris Saint-Germain
3901248,0,1,0.521541178226471,TF-Hybrid,3,342,0.4719493091106415,global,7,Ligue 1,27,2015/2016,male,Lille,Guingamp
3901249,1,1,0.7465784549713135,TF-Hybrid,3,342,0.4719493091106415,global,7,Ligue 1,27,2015/2016,male,Montpellier,Rennes
3901250,1,0,0.49646273255348206,TF-Hybrid,3,342,0.4719493091106415,global,7,Ligue 1,27,2015/2016,male,OGC Nice,Saint-Étienne
3901251,1,1,0.6091538071632385,TF-Hybrid,3,342,0.4719493091106415,global,7,Ligue 1,27,2015/2016,male,Olympique de Marseille,Stade de Reims
3901252,1,1,0.7727053165435791,TF-Hybrid,3,342,0.4719493091106415,global,7,Ligue 1,27,2015/2016,male,Lyon,AS Monaco
3901253,0,0,0.2166775017976761,TF-Hybrid,3,342,0.4719493091106415,global,7,Ligue 1,27,2015/2016,male,Bordeaux,Paris Saint-Germain
3901254,1,0,0.2164822667837143,TF-Hybrid,3,342,0.4719493091106415,global,7,Ligue 1,27,2015/2016,male,Stade de Reims,Lyon
3901255,0,0,0.08244135975837708,TF-Hybrid,3,342,0.4719493091106415,global,7,Ligue 1,27,2015/2016,male,Angers,Toulouse
3901256,1,1,0.5598866939544678,TF-Hybrid,3,342,0.4719493091106415,global,7,Ligue 1,27,2015/2016,male,AS Monaco,Montpellier
3901257,0,0,0.14265073835849762,TF-Hybrid,3,342,0.4719493091106415,global,7,Ligue 1,27,2015/2016,male,Saint-Étienne,Lille
3901258,0,0,0.15419898927211761,TF-Hybrid,3,342,0.4719493091106415,global,7,Ligue 1,27,2015/2016,male,Guingamp,OGC Nice
3901259,0,1,0.5177428126335144,TF-Hybrid,3,342,0.4719493091106415,global,7,Ligue 1,27,2015/2016,male,Troyes,Olympique de Marseille
3901260,1,0,0.26172053813934326,TF-Hybrid,3,342,0.4719493091106415,global,7,Ligue 1,27,2015/2016,male,Lorient,Gazélec Ajaccio
3901261,1,1,0.8934126496315002,TF-Hybrid,3,342,0.4719493091106415,global,7,Ligue 1,27,2015/2016,male,Paris Saint-Germain,Nantes
3901262,1,0,0.4577212929725647,TF-Hybrid,3,342,0.4719493091106415,global,7,Ligue 1,27,2015/2016,male,Stade Malherbe Caen,Bordeaux
3901263,0,0,0.37186935544013977,TF-Hybrid,3,342,0.4719493091106415,global,7,Ligue 1,27,2015/2016,male,Rennes,Bastia
266357,0,0,0.1280149221420288,TF-Hybrid,3,342,0.4719493091106415,global,11,La Liga,2,2016/2017,male,Osasuna,Barcelona
266528,1,1,0.7008489966392517,TF-Hybrid,3,342,0.4719493091106415,global,11,La Liga,2,2016/2017,male,Barcelona,Espanyol
266477,0,0,0.16752362251281738,TF-Hybrid,3,342,0.4719493091106415,global,11,La Liga,2,2016/2017,male,Villarreal,Barcelona
267395,1,1,0.9170730113983154,TF-Hybrid,3,342,0.4719493091106415,global,11,La Liga,2,2016/2017,male,Barcelona,Las Palmas
266731,0,0,0.09017154574394226,TF-Hybrid,3,342,0.4719493091106415,global,11,La Liga,2,2016/2017,male,Eibar,Barcelona
266516,0,0,0.0865096002817154,TF-Hybrid,3,342,0.4719493091106415,global,11,La Liga,2,2016/2017,male,Real Betis,Barcelona
266874,1,0,0.3271648585796356,TF-Hybrid,3,342,0.4719493091106415,global,11,La Liga,2,2016/2017,male,Barcelona,Athletic Club
267464,0,0,0.08813422918319702,TF-Hybrid,3,342,0.4719493091106415,global,11,La Liga,2,2016/2017,male,Atlético Madrid,Barcelona
265952,1,1,0.7170192003250122,TF-Hybrid,3,342,0.4719493091106415,global,11,La Liga,2,2016/2017,male,Barcelona,Sporting Gijón
266299,1,1,0.8284745216369629,TF-Hybrid,3,342,0.4719493091106415,global,11,La Liga,2,2016/2017,male,Barcelona,Celta Vigo
267660,1,0,0.0713551789522171,TF-Hybrid,3,342,0.4719493091106415,global,11,La Liga,2,2016/2017,male,RC Deportivo La Coruña,Barcelona
266440,1,1,0.9347857236862183,TF-Hybrid,3,342,0.4719493091106415,global,11,La Liga,2,2016/2017,male,Barcelona,Valencia
266280,1,1,0.8304598927497864,TF-Hybrid,3,342,0.4719493091106415,global,11,La Liga,2,2016/2017,male,Barcelona,Sevilla
267590,1,0,0.29652687907218933,TF-Hybrid,3,342,0.4719493091106415,global,11,La Liga,2,2016/2017,male,Málaga,Barcelona
267373,1,1,0.7192334532737732,TF-Hybrid,3,342,0.4719493091106415,global,11,La Liga,2,2016/2017,male,Barcelona,Real Sociedad
267569,0,1,0.6319589614868164,TF-Hybrid,3,342,0.4719493091106415,global,11,La Liga,2,2016/2017,male,Real Madrid,Barcelona
267101,1,1,0.8467532992362976,TF-Hybrid,3,342,0.4719493091106415,global,11,La Liga,2,2016/2017,male,Barcelona,Osasuna
267077,0,0,0.048286013305187225,TF-Hybrid,3,342,0.4719493091106415,global,11,La Liga,2,2016/2017,male,Espanyol,Barcelona
266952,1,1,0.9223061800003052,TF-Hybrid,3,342,0.4719493091106415,global,11,La Liga,2,2016/2017,male,Barcelona,Villarreal
267039,0,0,0.062479518353939056,TF-Hybrid,3,342,0.4719493091106415,global,11,La Liga,2,2016/2017,male,Las Palmas,Barcelona
267432,1,1,0.9354719519615173,TF-Hybrid,3,342,0.4719493091106415,global,11,La Liga,2,2016/2017,male,Barcelona,Eibar
9575,1,1,0.8226680755615234,TF-Hybrid,3,342,0.4719493091106415,global,11,La Liga,1,2017/2018,male,Barcelona,Real Betis
9581,0,0,0.047204550355672836,TF-Hybrid,3,342,0.4719493091106415,global,11,La Liga,1,2017/2018,male,Deportivo Alavés,Barcelona
9592,1,1,0.9621940851211548,TF-Hybrid,3,342,0.4719493091106415,global,11,La Liga,1,2017/2018,male,Barcelona,Espanyol
9602,0,0,0.08298441767692566,TF-Hybrid,3,342,0.4719493091106415,global,11,La Liga,1,2017/2018,male,Getafe,Barcelona
9609,1,1,0.9358891248703003,TF-Hybrid,3,342,0.4719493091106415,global,11,La Liga,1,2017/2018,male,Barcelona,Eibar
9636,1,1,0.9222091436386108,TF-Hybrid,3,342,0.4719493091106415,global,11,La Liga,1,2017/2018,male,Barcelona,Las Palmas
9642,0,0,0.12221143394708633,TF-Hybrid,3,342,0.4719493091106415,global,11,La Liga,1,2017/2018,male,Atlético Madrid,Barcelona
9650,1,1,0.7523435950279236,TF-Hybrid,3,342,0.4719493091106415,global,11,La Liga,1,2017/2018,male,Barcelona,Málaga
9661,0,0,0.31159278750419617,TF-Hybrid,3,342,0.4719493091106415,global,11,La Liga,1,2017/2018,male,Athletic Club,Barcelona
9673,1,1,0.6474205255508423,TF-Hybrid,3,342,0.4719493091106415,global,11,La Liga,1,2017/2018,male,Barcelona,Sevilla
9695,0,0,0.24501782655715942,TF-Hybrid,3,342,0.4719493091106415,global,11,La Liga,1,2017/2018,male,Valencia,Barcelona
9700,0,1,0.8304297924041748,TF-Hybrid,3,342,0.4719493091106415,global,11,La Liga,1,2017/2018,male,Barcelona,Celta Vigo
9717,0,0,0.18271103501319885,TF-Hybrid,3,342,0.4719493091106415,global,11,La Liga,1,2017/2018,male,Villarreal,Barcelona
9726,1,1,0.9797778129577637,TF-Hybrid,3,342,0.4719493091106415,global,11,La Liga,1,2017/2018,male,Barcelona,RC Deportivo La Coruña
9736,0,0,0.3040771186351776,TF-Hybrid,3,342,0.4719493091106415,global,11,La Liga,1,2017/2018,male,Real Madrid,Barcelona
9742,1,1,0.8792364001274109,TF-Hybrid,3,342,0.4719493091106415,global,11,La Liga,1,2017/2018,male,Barcelona,Levante UD
9754,0,0,0.18039384484291077,TF-Hybrid,3,342,0.4719493091106415,global,11,La Liga,1,2017/2018,male,Real Sociedad,Barcelona
9765,0,0,0.1532270908355713,TF-Hybrid,3,342,0.4719493091106415,global,11,La Liga,1,2017/2018,male,Real Betis,Barcelona
9774,1,1,0.8095011711120605,TF-Hybrid,3,342,0.4719493091106415,global,11,La Liga,1,2017/2018,male,Barcelona,Deportivo Alavés
9783,0,0,0.08059687912464142,TF-Hybrid,3,342,0.4719493091106415,global,11,La Liga,1,2017/2018,male,Espanyol,Barcelona
9794,0,1,0.6106845140457153,TF-Hybrid,3,342,0.4719493091106415,global,11,La Liga,1,2017/2018,male,Barcelona,Getafe
9799,0,0,0.08382788300514221,TF-Hybrid,3,342,0.4719493091106415,global,11,La Liga,1,2017/2018,male,Eibar,Barcelona
9827,0,0,0.1970643401145935,TF-Hybrid,3,342,0.4719493091106415,global,11,La Liga,1,2017/2018,male,Las Palmas,Barcelona
9837,1,1,0.591329038143158,TF-Hybrid,3,342,0.4719493091106415,global,11,La Liga,1,2017/2018,male,Barcelona,Atlético Madrid
9855,1,1,0.7841987609863281,TF-Hybrid,3,342,0.4719493091106415,global,11,La Liga,1,2017/2018,male,Barcelona,Athletic Club
9860,0,0,0.42648524045944214,TF-Hybrid,3,342,0.4719493091106415,global,11,La Liga,1,2017/2018,male,Sevilla,Barcelona
9870,1,1,0.8604686260223389,TF-Hybrid,3,342,0.4719493091106415,global,11,La Liga,1,2017/2018,male,Barcelona,Leganés
9880,1,1,0.8746886849403381,TF-Hybrid,3,342,0.4719493091106415,global,11,La Liga,1,2017/2018,male,Barcelona,Valencia
9889,0,0,0.31331899762153625,TF-Hybrid,3,342,0.4719493091106415,global,11,La Liga,1,2017/2018,male,Celta Vigo,Barcelona
3775609,1,1,0.789609968662262,TF-Hybrid,3,342,0.4719493091106415,global,37,FA Women's Super League,90,2020/2021,female,Arsenal WFC,West Ham United LFC
3775574,1,1,0.9070464968681335,TF-Hybrid,3,342,0.4719493091106415,global,37,FA Women's Super League,90,2020/2021,female,Manchester City WFC,Birmingham City WFC
3775577,0,0,0.05829598009586334,TF-Hybrid,3,342,0.4719493091106415,global,37,FA Women's Super League,90,2020/2021,female,Everton LFC,Arsenal WFC
3775579,1,1,0.506986141204834,TF-Hybrid,3,342,0.4719493091106415,global,37,FA Women's Super League,90,2020/2021,female,Reading WFC,Brighton & Hove Albion WFC
3775555,0,0,0.028564587235450745,TF-Hybrid,3,342,0.4719493091106415,global,37,FA Women's Super League,90,2020/2021,female,Tottenham Hotspur Women,Chelsea FCW
3775549,0,0,0.28610292077064514,TF-Hybrid,3,342,0.4719493091106415,global,37,FA Women's Super League,90,2020/2021,female,Birmingham City WFC,Tottenham Hotspur Women
3775563,1,1,0.6118074655532837,TF-Hybrid,3,342,0.4719493091106415,global,37,FA Women's Super League,90,2020/2021,female,Manchester United W,Everton LFC
3775573,0,0,0.03618825599551201,TF-Hybrid,3,342,0.4719493091106415,global,37,FA Women's Super League,90,2020/2021,female,West Ham United LFC,Manchester City WFC
3775585,1,0,0.4306237995624542,TF-Hybrid,3,342,0.4719493091106415,global,37,FA Women's Super League,90,2020/2021,female,Brighton & Hove Albion WFC,Bristol City WFC
3775593,1,1,0.8523877859115601,TF-Hybrid,3,342,0.4719493091106415,global,37,FA Women's Super League,90,2020/2021,female,Chelsea FCW,Reading WFC
3802696,0,0,0.10973437130451202,TF-Hybrid,3,342,0.4719493091106415,global,7,Ligue 1,108,2021/2022,male,Stade de Reims,Paris Saint-Germain
3802752,1,0,0.4212646782398224,TF-Hybrid,3,342,0.4719493091106415,global,7,Ligue 1,108,2021/2022,male,Paris Saint-Germain,Lyon
3802809,1,0,0.18519055843353271,TF-Hybrid,3,342,0.4719493091106415,global,7,Ligue 1,108,2021/2022,male,Rennes,Paris Saint-Germain
3802902,0,1,0.5359333753585815,TF-Hybrid,3,342,0.4719493091106415,global,7,Ligue 1,108,2021/2022,male,Olympique de Marseille,Paris Saint-Germain
3817881,1,1,0.5692880749702454,TF-Hybrid,3,342,0.4719493091106415,global,1238,Indian Super league,108,2021/2022,male,Jamshedpur,Kerala Blasters
3817873,1,1,0.759128212928772,TF-Hybrid,3,342,0.4719493091106415,global,1238,Indian Super league,108,2021/2022,male,Mohun Bagan Super Giant,NorthEast United
3817862,1,0,0.4565933644771576,TF-Hybrid,3,342,0.4719493091106415,global,1238,Indian Super league,108,2021/2022,male,Mumbai City,Odisha
3817902,1,0,0.21222160756587982,TF-Hybrid,3,342,0.4719493091106415,global,1238,Indian Super league,108,2021/2022,male,Kerala Blasters,East Bengal
3817880,0,1,0.6995185613632202,TF-Hybrid,3,342,0.4719493091106415,global,1238,Indian Super league,108,2021/2022,male,Odisha,Chennaiyin
3817901,1,1,0.711962103843689,TF-Hybrid,3,342,0.4719493091106415,global,1238,Indian Super league,108,2021/2022,male,Jamshedpur,Mumbai City
3817877,1,0,0.16168494522571564,TF-Hybrid,3,342,0.4719493091106415,global,1238,Indian Super league,108,2021/2022,male,NorthEast United,Bengaluru
3869117,1,0,0.4591065049171448,TF-Hybrid,3,342,0.4719493091106415,global,43,FIFA World Cup,106,2022,male,Netherlands,United States
3869151,1,1,0.6603791117668152,TF-Hybrid,3,342,0.4719493091106415,global,43,FIFA World Cup,106,2022,male,Argentina,Australia
3869118,1,1,0.6675224304199219,TF-Hybrid,3,342,0.4719493091106415,global,43,FIFA World Cup,106,2022,male,England,Senegal
3869152,1,1,0.79627525806427,TF-Hybrid,3,342,0.4719493091106415,global,43,FIFA World Cup,106,2022,male,France,Poland
3869219,0,0,0.37794986367225647,TF-Hybrid,3,342,0.4719493091106415,global,43,FIFA World Cup,106,2022,male,Japan,Croatia
3869253,1,1,0.882630467414856,TF-Hybrid,3,342,0.4719493091106415,global,43,FIFA World Cup,106,2022,male,Brazil,South Korea
3869220,0,0,0.40408724546432495,TF-Hybrid,3,342,0.4719493091106415,global,43,FIFA World Cup,106,2022,male,Morocco,Spain
3869254,1,1,0.7246235013008118,TF-Hybrid,3,342,0.4719493091106415,global,43,FIFA World Cup,106,2022,male,Portugal,Switzerland
3881574,1,0,0.3607465624809265,TF-Hybrid,3,342,0.4719493091106415,global,49,NWSL,107,2023,female,San Diego Wave,NJ/NY Gotham FC
3881575,0,0,0.4280509352684021,TF-Hybrid,3,342,0.4719493091106415,global,49,NWSL,107,2023,female,Houston Dash,Washington Spirit
3881576,0,0,0.40503886342048645,TF-Hybrid,3,342,0.4719493091106415,global,49,NWSL,107,2023,female,Racing Louisville FC,Angel City
3881577,1,1,0.5275131464004517,TF-Hybrid,3,342,0.4719493091106415,global,49,NWSL,107,2023,female,Orlando Pride,Chicago Red Stars
3881578,1,0,0.444632351398468,TF-Hybrid,3,342,0.4719493091106415,global,49,NWSL,107,2023,female,Portland Thorns,North Carolina Courage
3881579,0,0,0.4968346953392029,TF-Hybrid,3,342,0.4719493091106415,global,49,NWSL,107,2023,female,Orlando Pride,San Diego Wave
3881582,0,1,0.5697493553161621,TF-Hybrid,3,342,0.4719493091106415,global,49,NWSL,107,2023,female,North Carolina Courage,Chicago Red Stars
3881583,0,0,0.28631696105003357,TF-Hybrid,3,342,0.4719493091106415,global,49,NWSL,107,2023,female,Houston Dash,KC Current
3881580,0,0,0.28485721349716187,TF-Hybrid,3,342,0.4719493091106415,global,49,NWSL,107,2023,female,Washington Spirit,Portland Thorns
3881581,0,0,0.28262847661972046,TF-Hybrid,3,342,0.4719493091106415,global,49,NWSL,107,2023,female,NJ/NY Gotham FC,Racing Louisville FC
3881584,1,0,0.4807436764240265,TF-Hybrid,3,342,0.4719493091106415,global,49,NWSL,107,2023,female,Angel City,Seattle Reign
3881585,0,0,0.2810114026069641,TF-Hybrid,3,342,0.4719493091106415,global,49,NWSL,107,2023,female,KC Current,Angel City
3881586,1,1,0.6690899729728699,TF-Hybrid,3,342,0.4719493091106415,global,49,NWSL,107,2023,female,Racing Louisville FC,Portland Thorns
3881588,0,0,0.2875775396823883,TF-Hybrid,3,342,0.4719493091106415,global,49,NWSL,107,2023,female,North Carolina Courage,NJ/NY Gotham FC
3881587,0,0,0.3309583067893982,TF-Hybrid,3,342,0.4719493091106415,global,49,NWSL,107,2023,female,Washington Spirit,Chicago Red Stars
3881589,1,1,0.6482527256011963,TF-Hybrid,3,342,0.4719493091106415,global,49,NWSL,107,2023,female,San Diego Wave,Houston Dash
3881590,1,0,0.2704838216304779,TF-Hybrid,3,342,0.4719493091106415,global,49,NWSL,107,2023,female,Seattle Reign,Orlando Pride
3912593,0,0,0.016645710915327072,TF-Hybrid,3,342,0.4719493091106415,global,37,FA Women's Super League,281,2023/2024,female,West Ham United LFC,Manchester City WFC
3912595,0,1,0.6066661477088928,TF-Hybrid,3,342,0.4719493091106415,global,37,FA Women's Super League,281,2023/2024,female,Arsenal WFC,Liverpool WFC
3912596,0,0,0.43122076988220215,TF-Hybrid,3,342,0.4719493091106415,global,37,FA Women's Super League,281,2023/2024,female,Everton LFC,Brighton & Hove Albion WFC
3912597,1,1,0.8748895525932312,TF-Hybrid,3,342,0.4719493091106415,global,37,FA Women's Super League,281,2023/2024,female,Chelsea FCW,Tottenham Hotspur Women
3912598,0,1,0.5491839051246643,TF-Hybrid,3,342,0.4719493091106415,global,37,FA Women's Super League,281,2023/2024,female,Manchester United W,Arsenal WFC
3912599,0,1,0.638904333114624,TF-Hybrid,3,342,0.4719493091106415,global,37,FA Women's Super League,281,2023/2024,female,Brighton & Hove Albion WFC,West Ham United LFC
3912600,0,0,0.4422745406627655,TF-Hybrid,3,342,0.4719493091106415,global,37,FA Women's Super League,281,2023/2024,female,Manchester City WFC,Chelsea FCW
3912601,1,1,0.6308957934379578,TF-Hybrid,3,342,0.4719493091106415,global,37,FA Women's Super League,281,2023/2024,female,Tottenham Hotspur Women,Bristol City WFC
3913069,1,1,0.8118722438812256,TF-Hybrid,3,342,0.4719493091106415,global,37,FA Women's Super League,281,2023/2024,female,Chelsea FCW,West Ham United LFC
3913070,0,0,0.17891351878643036,TF-Hybrid,3,342,0.4719493091106415,global,37,FA Women's Super League,281,2023/2024,female,Liverpool WFC,Everton LFC
3913072,1,1,0.8260452151298523,TF-Hybrid,3,342,0.4719493091106415,global,37,FA Women's Super League,281,2023/2024,female,Manchester City WFC,Bristol City WFC
3913073,1,1,0.5626993775367737,TF-Hybrid,3,342,0.4719493091106415,global,37,FA Women's Super League,281,2023/2024,female,Arsenal WFC,Aston Villa W
3913074,0,0,0.3502732813358307,TF-Hybrid,3,342,0.4719493091106415,global,37,FA Women's Super League,281,2023/2024,female,Brighton & Hove Albion WFC,Tottenham Hotspur Women
3913075,0,0,0.24426598846912384,TF-Hybrid,3,342,0.4719493091106415,global,37,FA Women's Super League,281,2023/2024,female,Aston Villa W,Tottenham Hotspur Women
3913076,0,0,0.11171405762434006,TF-Hybrid,3,342,0.4719493091106415,global,37,FA Women's Super League,281,2023/2024,female,Leicester City WFC,Manchester City WFC
3913077,1,1,0.8511943221092224,TF-Hybrid,3,342,0.4719493091106415,global,37,FA Women's Super League,281,2023/2024,female,Chelsea FCW,Brighton & Hove Albion WFC
3913078,0,0,0.3080679476261139,TF-Hybrid,3,342,0.4719493091106415,global,37,FA Women's Super League,281,2023/2024,female,Everton LFC,Manchester United W
3913079,0,0,0.04372549057006836,TF-Hybrid,3,342,0.4719493091106415,global,37,FA Women's Super League,281,2023/2024,female,Bristol City WFC,Arsenal WFC
3913080,0,0,0.44029736518859863,TF-Hybrid,3,342,0.4719493091106415,global,37,FA Women's Super League,281,2023/2024,female,West Ham United LFC,Liverpool WFC
3913081,0,0,0.08217457681894302,TF-Hybrid,3,342,0.4719493091106415,global,37,FA Women's Super League,281,2023/2024,female,Aston Villa W,Chelsea FCW
3913082,0,0,0.11459650844335556,TF-Hybrid,3,342,0.4719493091106415,global,37,FA Women's Super League,281,2023/2024,female,Brighton & Hove Albion WFC,Manchester United W
3913083,1,1,0.5061656832695007,TF-Hybrid,3,342,0.4719493091106415,global,37,FA Women's Super League,281,2023/2024,female,Arsenal WFC,Manchester City WFC
3913084,1,0,0.464866578578949,TF-Hybrid,3,342,0.4719493091106415,global,37,FA Women's Super League,281,2023/2024,female,Liverpool WFC,Leicester City WFC
3913085,0,1,0.831640899181366,TF-Hybrid,3,342,0.4719493091106415,global,37,FA Women's Super League,281,2023/2024,female,Tottenham Hotspur Women,Everton LFC
3913086,0,1,0.5830960869789124,TF-Hybrid,3,342,0.4719493091106415,global,37,FA Women's Super League,281,2023/2024,female,West Ham United LFC,Bristol City WFC
3913087,0,0,0.20539478957653046,TF-Hybrid,3,342,0.4719493091106415,global,37,FA Women's Super League,281,2023/2024,female,Bristol City WFC,Aston Villa W
3913088,0,1,0.802656352519989,TF-Hybrid,3,342,0.4719493091106415,global,37,FA Women's Super League,281,2023/2024,female,Manchester City WFC,Brighton & Hove Albion WFC
3913089,0,0,0.026301279664039612,TF-Hybrid,3,342,0.4719493091106415,global,37,FA Women's Super League,281,2023/2024,female,Everton LFC,Chelsea FCW
3913090,1,1,0.7465069890022278,TF-Hybrid,3,342,0.4719493091106415,global,37,FA Women's Super League,281,2023/2024,female,Manchester United W,West Ham United LFC
3913091,0,0,0.0733039453625679,TF-Hybrid,3,342,0.4719493091106415,global,37,FA Women's Super League,281,2023/2024,female,Leicester City WFC,Arsenal WFC
3913092,0,1,0.5763773322105408,TF-Hybrid,3,342,0.4719493091106415,global,37,FA Women's Super League,281,2023/2024,female,Tottenham Hotspur Women,Liverpool WFC
3913093,1,1,0.850354790687561,TF-Hybrid,3,342,0.4719493091106415,global,37,FA Women's Super League,281,2023/2024,female,Chelsea FCW,Liverpool WFC
3913094,0,1,0.5196114182472229,TF-Hybrid,3,342,0.4719493091106415,global,37,FA Women's Super League,281,2023/2024,female,Everton LFC,Bristol City WFC
3913095,0,0,0.11603841930627823,TF-Hybrid,3,342,0.4719493091106415,global,37,FA Women's Super League,281,2023/2024,female,Leicester City WFC,Tottenham Hotspur Women
3913096,0,0,0.45109453797340393,TF-Hybrid,3,342,0.4719493091106415,global,37,FA Women's Super League,281,2023/2024,female,West Ham United LFC,Aston Villa W
3913097,0,0,0.0072884149849414825,TF-Hybrid,3,342,0.4719493091106415,global,37,FA Women's Super League,281,2023/2024,female,Brighton & Hove Albion WFC,Arsenal WFC
3913098,0,1,0.528512179851532,TF-Hybrid,3,342,0.4719493091106415,global,37,FA Women's Super League,281,2023/2024,female,Manchester United W,Manchester City WFC
3913099,1,1,0.8294440507888794,TF-Hybrid,3,342,0.4719493091106415,global,37,FA Women's Super League,281,2023/2024,female,Liverpool WFC,Brighton & Hove Albion WFC
3913100,0,0,0.40745434165000916,TF-Hybrid,3,342,0.4719493091106415,global,37,FA Women's Super League,281,2023/2024,female,Aston Villa W,Everton LFC
3913101,1,1,0.7796241641044617,TF-Hybrid,3,342,0.4719493091106415,global,37,FA Women's Super League,281,2023/2024,female,Arsenal WFC,West Ham United LFC
3913102,1,1,0.7861987948417664,TF-Hybrid,3,342,0.4719493091106415,global,37,FA Women's Super League,281,2023/2024,female,Manchester City WFC,Tottenham Hotspur Women
3913103,1,1,0.9224929213523865,TF-Hybrid,3,342,0.4719493091106415,global,37,FA Women's Super League,281,2023/2024,female,Chelsea FCW,Leicester City WFC
3913104,0,0,0.08785992115736008,TF-Hybrid,3,342,0.4719493091106415,global,37,FA Women's Super League,281,2023/2024,female,Bristol City WFC,Manchester United W
3912218,1,1,0.76498943567276,TF-Hybrid,3,342,0.4719493091106415,global,135,Frauen Bundesliga,281,2023/2024,female,Bayern München W,RB Leipzig W
3912221,0,0,0.09657488763332367,TF-Hybrid,3,342,0.4719493091106415,global,135,Frauen Bundesliga,281,2023/2024,female,SV Werder Bremen,SGS Essen 19/68
3928984,0,0,0.17512540519237518,TF-Hybrid,3,342,0.4719493091106415,global,131,Serie A Women,281,2023/2024,female,Pomigliano,Sampdoria W
3928985,1,0,0.42114996910095215,TF-Hybrid,3,342,0.4719493091106415,global,131,Serie A Women,281,2023/2024,female,Sassuolo W,Fiorentina W
3912222,0,0,0.10141246765851974,TF-Hybrid,3,342,0.4719493091106415,global,135,Frauen Bundesliga,281,2023/2024,female,Nürnberg W,SC Freiburg
3912223,0,0,0.06828465312719345,TF-Hybrid,3,342,0.4719493091106415,global,135,Frauen Bundesliga,281,2023/2024,female,Duisburg WFC,Eintracht Frankfurt W
3928986,0,0,0.3372163772583008,TF-Hybrid,3,342,0.4719493091106415,global,131,Serie A Women,281,2023/2024,female,FC Internazionale Milano W,Juventus W
3928987,0,0,0.23635755479335785,TF-Hybrid,3,342,0.4719493091106415,global,131,Serie A Women,281,2023/2024,female,Como W,Napoli W
3912220,1,0,0.42110365629196167,TF-Hybrid,3,342,0.4719493091106415,global,135,Frauen Bundesliga,281,2023/2024,female,TSV Bayer 04 Leverkusen,Köln
3912227,0,0,0.46381083130836487,TF-Hybrid,3,342,0.4719493091106415,global,135,Frauen Bundesliga,281,2023/2024,female,SC Freiburg,Hoffenheim W
3912224,0,1,0.6215508580207825,TF-Hybrid,3,342,0.4719493091106415,global,135,Frauen Bundesliga,281,2023/2024,female,VfL Wolfsburg WFC,Bayern München W
3912226,0,0,0.468346506357193,TF-Hybrid,3,342,0.4719493091106415,global,135,Frauen Bundesliga,281,2023/2024,female,Köln,Nürnberg W
3928988,1,0,0.13399410247802734,TF-Hybrid,3,342,0.4719493091106415,global,131,Serie A Women,281,2023/2024,female,Sampdoria W,Como W
3928989,1,1,0.7513622045516968,TF-Hybrid,3,342,0.4719493091106415,global,131,Serie A Women,281,2023/2024,female,AS Roma W,Sassuolo W
3912225,0,0,0.0895964577794075,TF-Hybrid,3,342,0.4719493091106415,global,135,Frauen Bundesliga,281,2023/2024,female,SGS Essen 19/68,TSV Bayer 04 Leverkusen
3912228,1,0,0.4145711362361908,TF-Hybrid,3,342,0.4719493091106415,global,135,Frauen Bundesliga,281,2023/2024,female,RB Leipzig W,Duisburg WFC
3928990,0,0,0.18082663416862488,TF-Hybrid,3,342,0.4719493091106415,global,131,Serie A Women,281,2023/2024,female,Fiorentina W,FC Internazionale Milano W
3928991,1,1,0.8037291765213013,TF-Hybrid,3,342,0.4719493091106415,global,131,Serie A Women,281,2023/2024,female,AC Milan W,Pomigliano
3912229,1,0,0.34414735436439514,TF-Hybrid,3,342,0.4719493091106415,global,135,Frauen Bundesliga,281,2023/2024,female,Eintracht Frankfurt W,SV Werder Bremen
3928992,0,0,0.21007639169692993,TF-Hybrid,3,342,0.4719493091106415,global,131,Serie A Women,281,2023/2024,female,FC Internazionale Milano W,AS Roma W
3928993,0,0,0.14046791195869446,TF-Hybrid,3,342,0.4719493091106415,global,131,Serie A Women,281,2023/2024,female,Como W,AC Milan W
3928994,1,1,0.8844110369682312,TF-Hybrid,3,342,0.4719493091106415,global,131,Serie A Women,281,2023/2024,female,Juventus W,Fiorentina W
3928995,1,0,0.38518160581588745,TF-Hybrid,3,342,0.4719493091106415,global,131,Serie A Women,281,2023/2024,female,Napoli W,Sampdoria W
3912234,0,0,0.1628556102514267,TF-Hybrid,3,342,0.4719493091106415,global,135,Frauen Bundesliga,281,2023/2024,female,SV Werder Bremen,RB Leipzig W
3911528,1,1,0.9892248511314392,TF-Hybrid,3,342,0.4719493091106415,global,182,Liga F,281,2023/2024,female,Barcelona WFC,Villarreal
3911529,0,1,0.6024065613746643,TF-Hybrid,3,342,0.4719493091106415,global,182,Liga F,281,2023/2024,female,Real Sociedad de Fútbol,CD Sporting de Huelva
3911530,1,0,0.17185905575752258,TF-Hybrid,3,342,0.4719493091106415,global,182,Liga F,281,2023/2024,female,SD Eibar,Sevilla FC
3911534,0,0,0.42157235741615295,TF-Hybrid,3,342,0.4719493091106415,global,182,Liga F,281,2023/2024,female,FC Levante Badalona,Real Betis Balompié
3928998,1,0,0.2561018764972687,TF-Hybrid,3,342,0.4719493091106415,global,131,Serie A Women,281,2023/2024,female,Sassuolo W,FC Internazionale Milano W
3911527,1,0,0.151007279753685,TF-Hybrid,3,342,0.4719493091106415,global,182,Liga F,281,2023/2024,female,Athletic Club Bilbao,Atletico Madrid W
3911531,1,1,0.6496328711509705,TF-Hybrid,3,342,0.4719493091106415,global,182,Liga F,281,2023/2024,female,Real Madrid CF W,Granada W
3911532,0,0,0.3421570062637329,TF-Hybrid,3,342,0.4719493091106415,global,182,Liga F,281,2023/2024,female,Valencia CF,Levante UD Femenino
3911533,0,0,0.21962231397628784,TF-Hybrid,3,342,0.4719493091106415,global,182,Liga F,281,2023/2024,female,Costa Adeje Tenerife,Madrid CFF
3911536,1,0,0.4215379059314728,TF-Hybrid,3,342,0.4719493091106415,global,182,Liga F,281,2023/2024,female,Granada W,Costa Adeje Tenerife
3911537,0,0,0.17342275381088257,TF-Hybrid,3,342,0.4719493091106415,global,182,Liga F,281,2023/2024,female,Levante UD Femenino,Real Madrid CF W
3911538,1,1,0.5519957542419434,TF-Hybrid,3,342,0.4719493091106415,global,182,Liga F,281,2023/2024,female,Madrid CFF,Athletic Club Bilbao
3911541,0,0,0.17124858498573303,TF-Hybrid,3,342,0.4719493091106415,global,182,Liga F,281,2023/2024,female,CD Sporting de Huelva,SD Eibar
3911535,1,1,0.7805439233779907,TF-Hybrid,3,342,0.4719493091106415,global,182,Liga F,281,2023/2024,female,Atletico Madrid W,Real Betis Balompié
3911540,1,0,0.32968786358833313,TF-Hybrid,3,342,0.4719493091106415,global,182,Liga F,281,2023/2024,female,Valencia CF,Real Sociedad de Fútbol
3911542,0,0,0.2838000953197479,TF-Hybrid,3,342,0.4719493091106415,global,182,Liga F,281,2023/2024,female,Villarreal,Sevilla FC
3911539,0,0,0.12647490203380585,TF-Hybrid,3,342,0.4719493091106415,global,182,Liga F,281,2023/2024,female,FC Levante Badalona,Barcelona WFC
3911544,1,0,0.44935333728790283,TF-Hybrid,3,342,0.4719493091106415,global,182,Liga F,281,2023/2024,female,Real Betis Balompié,CD Sporting de Huelva
3911545,1,1,0.5161020159721375,TF-Hybrid,3,342,0.4719493091106415,global,182,Liga F,281,2023/2024,female,Costa Adeje Tenerife,Valencia CF
3911549,0,0,0.273395299911499,TF-Hybrid,3,342,0.4719493091106415,global,182,Liga F,281,2023/2024,female,Villarreal,Granada W
3911550,0,1,0.7105835676193237,TF-Hybrid,3,342,0.4719493091106415,global,182,Liga F,281,2023/2024,female,Sevilla FC,Levante UD Femenino
3911546,0,0,0.37988266348838806,TF-Hybrid,3,342,0.4719493091106415,global,182,Liga F,281,2023/2024,female,SD Eibar,Athletic Club Bilbao
3911547,0,1,0.5768643021583557,TF-Hybrid,3,342,0.4719493091106415,global,182,Liga F,281,2023/2024,female,Real Sociedad de Fútbol,Atletico Madrid W
3911548,1,1,0.6694301962852478,TF-Hybrid,3,342,0.4719493091106415,global,182,Liga F,281,2023/2024,female,Real Madrid CF W,FC Levante Badalona
3879797,0,0,0.22462819516658783,TF-NN,4,442,,global,12,Serie A,27,2015/2016,male,Carpi,Sassuolo
3879798,1,0,0.24236203730106354,TF-NN,4,442,,global,12,Serie A,27,2015/2016,male,Juventus,Empoli
3753982,1,0,0.14553150534629822,TF-NN,4,442,,global,2,Premier League,27,2015/2016,male,Leicester City,Southampton
3754299,1,0,0.2920195460319519,TF-NN,4,442,,global,2,Premier League,27,2015/2016,male,Manchester United,Everton
3879799,0,1,0.5062091946601868,TF-NN,4,442,,global,12,Serie A,27,2015/2016,male,Lazio,AS Roma
3879800,0,0,0.2768026888370514,TF-NN,4,442,,global,12,Serie A,27,2015/2016,male,Fiorentina,Sampdoria
3879801,0,0,0.43609732389450073,TF-NN,4,442,,global,12,Serie A,27,2015/2016,male,Inter Milan,Torino
3879802,1,0,0.2421291172504425,TF-NN,4,442,,global,12,Serie A,27,2015/2016,male,Chievo,Palermo
3879803,1,0,0.340047687292099,TF-NN,4,442,,global,12,Serie A,27,2015/2016,male,Udinese,Napoli
3879804,1,0,0.3738267123699188,TF-NN,4,442,,global,12,Serie A,27,2015/2016,male,Genoa,Frosinone
3879805,1,0,0.2438262701034546,TF-NN,4,442,,global,12,Serie A,27,2015/2016,male,Atalanta,AC Milan
3879806,0,0,0.17449650168418884,TF-NN,4,442,,global,12,Serie A,27,2015/2016,male,Bologna,Hellas Verona
3754016,1,0,0.421794593334198,TF-NN,4,442,,global,2,Premier League,27,2015/2016,male,Southampton,Newcastle United
3754022,1,0,0.2584386169910431,TF-NN,4,442,,global,2,Premier League,27,2015/2016,male,Crystal Palace,Norwich City
3754030,0,0,0.12592454254627228,TF-NN,4,442,,global,2,Premier League,27,2015/2016,male,Watford,Everton
3754035,1,1,0.7001665234565735,TF-NN,4,442,,global,2,Premier League,27,2015/2016,male,Manchester City,West Bromwich Albion
3754116,1,0,0.3612070381641388,TF-NN,4,442,,global,2,Premier League,27,2015/2016,male,Swansea City,Chelsea
3754241,0,0,0.31367814540863037,TF-NN,4,442,,global,2,Premier League,27,2015/2016,male,West Ham United,Arsenal
3754262,0,0,0.15588657557964325,TF-NN,4,442,,global,2,Premier League,27,2015/2016,male,Aston Villa,AFC Bournemouth
3879807,1,0,0.22433586418628693,TF-NN,4,442,,global,12,Serie A,27,2015/2016,male,Chievo,Carpi
3879808,0,0,0.20065318048000336,TF-NN,4,442,,global,12,Serie A,27,2015/2016,male,Frosinone,Inter Milan
3879809,0,0,0.18351289629936218,TF-NN,4,442,,global,12,Serie A,27,2015/2016,male,Sassuolo,Genoa
3879810,0,0,0.2664662003517151,TF-NN,4,442,,global,12,Serie A,27,2015/2016,male,AC Milan,Juventus
3753986,1,0,0.2830374240875244,TF-NN,4,442,,global,2,Premier League,27,2015/2016,male,Liverpool,Stoke City
3754152,0,0,0.12458169460296631,TF-NN,4,442,,global,2,Premier League,27,2015/2016,male,Sunderland,Leicester City
3754209,1,0,0.3556246757507324,TF-NN,4,442,,global,2,Premier League,27,2015/2016,male,Tottenham Hotspur,Manchester United
3879811,1,1,0.9360242486000061,TF-NN,4,442,,global,12,Serie A,27,2015/2016,male,Napoli,Hellas Verona
3879812,0,0,0.06921383738517761,TF-NN,4,442,,global,12,Serie A,27,2015/2016,male,Palermo,Lazio
3879813,1,0,0.3974117934703827,TF-NN,4,442,,global,12,Serie A,27,2015/2016,male,Sampdoria,Udinese
3879814,1,0,0.1836899220943451,TF-NN,4,442,,global,12,Serie A,27,2015/2016,male,Empoli,Fiorentina
3879815,1,0,0.18386602401733398,TF-NN,4,442,,global,12,Serie A,27,2015/2016,male,Torino,Atalanta
3879816,0,0,0.3852311372756958,TF-NN,4,442,,global,12,Serie A,27,2015/2016,male,AS Roma,Bologna
3754048,0,1,0.6074480414390564,TF-NN,4,442,,global,2,Premier League,27,2015/2016,male,Crystal Palace,Everton
3754024,1,0,0.11064580827951431,TF-NN,4,442,,global,2,Premier League,27,2015/2016,male,Newcastle United,Swansea City
3754137,0,0,0.15279364585876465,TF-NN,4,442,,global,2,Premier League,27,2015/2016,male,Everton,Southampton
3754155,0,0,0.4153175950050354,TF-NN,4,442,,global,2,Premier League,27,2015/2016,male,West Bromwich Albion,Watford
3754172,0,0,0.2860497534275055,TF-NN,4,442,,global,2,Premier League,27,2015/2016,male,Norwich City,Sunderland
3754295,1,0,0.297088623046875,TF-NN,4,442,,global,2,Premier League,27,2015/2016,male,Manchester United,Aston Villa
3754322,0,0,0.2891320288181305,TF-NN,4,442,,global,2,Premier League,27,2015/2016,male,Chelsea,Manchester City
3879817,1,0,0.3209537863731384,TF-NN,4,442,,global,12,Serie A,27,2015/2016,male,Inter Milan,Napoli
3879818,0,0,0.2043617218732834,TF-NN,4,442,,global,12,Serie A,27,2015/2016,male,Bologna,Torino
3879819,1,0,0.3351580500602722,TF-NN,4,442,,global,12,Serie A,27,2015/2016,male,Carpi,Genoa
3754009,0,1,0.6396582722663879,TF-NN,4,442,,global,2,Premier League,27,2015/2016,male,Arsenal,Crystal Palace
3754216,0,0,0.3468971252441406,TF-NN,4,442,,global,2,Premier League,27,2015/2016,male,AFC Bournemouth,Liverpool
3754227,0,0,0.26018404960632324,TF-NN,4,442,,global,2,Premier League,27,2015/2016,male,Leicester City,West Ham United
3879820,1,0,0.362007200717926,TF-NN,4,442,,global,12,Serie A,27,2015/2016,male,Juventus,Palermo
3879821,1,0,0.26218992471694946,TF-NN,4,442,,global,12,Serie A,27,2015/2016,male,Fiorentina,Sassuolo
3879822,0,0,0.3496267795562744,TF-NN,4,442,,global,12,Serie A,27,2015/2016,male,Udinese,Chievo
3879823,0,0,0.3239511251449585,TF-NN,4,442,,global,12,Serie A,27,2015/2016,male,Atalanta,AS Roma
3879824,0,0,0.12376569211483002,TF-NN,4,442,,global,12,Serie A,27,2015/2016,male,Sampdoria,AC Milan
3879825,1,0,0.4954371452331543,TF-NN,4,442,,global,12,Serie A,27,2015/2016,male,Lazio,Empoli
3879826,0,0,0.3434341251850128,TF-NN,4,442,,global,12,Serie A,27,2015/2016,male,Hellas Verona,Frosinone
3754187,0,0,0.1959339827299118,TF-NN,4,442,,global,2,Premier League,27,2015/2016,male,Stoke City,Tottenham Hotspur
3754206,0,0,0.05573936924338341,TF-NN,4,442,,global,2,Premier League,27,2015/2016,male,Newcastle United,Manchester City
3879827,1,1,0.7812330722808838,TF-NN,4,442,,global,12,Serie A,27,2015/2016,male,Napoli,Bologna
3754086,1,1,0.7488317489624023,TF-NN,4,442,,global,2,Premier League,27,2015/2016,male,West Ham United,Watford
3754294,1,1,0.827668309211731,TF-NN,4,442,,global,2,Premier League,27,2015/2016,male,Liverpool,Everton
3754310,1,0,0.3567374050617218,TF-NN,4,442,,global,2,Premier League,27,2015/2016,male,Manchester United,Crystal Palace
3879828,1,0,0.330789178609848,TF-NN,4,442,,global,12,Serie A,27,2015/2016,male,AS Roma,Torino
3879829,1,1,0.7707855105400085,TF-NN,4,442,,global,12,Serie A,27,2015/2016,male,Empoli,Hellas Verona
3879830,1,0,0.19162404537200928,TF-NN,4,442,,global,12,Serie A,27,2015/2016,male,Genoa,Inter Milan
3879831,0,1,0.8229445815086365,TF-NN,4,442,,global,12,Serie A,27,2015/2016,male,Sassuolo,Sampdoria
3879832,0,0,0.35111770033836365,TF-NN,4,442,,global,12,Serie A,27,2015/2016,male,Palermo,Atalanta
3879833,1,1,0.7868842482566833,TF-NN,4,442,,global,12,Serie A,27,2015/2016,male,Juventus,Lazio
3879834,1,0,0.3008826971054077,TF-NN,4,442,,global,12,Serie A,27,2015/2016,male,Udinese,Fiorentina
3879835,1,1,0.5871054530143738,TF-NN,4,442,,global,12,Serie A,27,2015/2016,male,Chievo,Frosinone
3754284,1,1,0.602515459060669,TF-NN,4,442,,global,2,Premier League,27,2015/2016,male,Arsenal,West Bromwich Albion
3879836,0,0,0.22699254751205444,TF-NN,4,442,,global,12,Serie A,27,2015/2016,male,AC Milan,Carpi
3754154,0,0,0.1713605523109436,TF-NN,4,442,,global,2,Premier League,27,2015/2016,male,Liverpool,Newcastle United
3754242,0,0,0.19548030197620392,TF-NN,4,442,,global,2,Premier League,27,2015/2016,male,AFC Bournemouth,Chelsea
3754282,0,0,0.2913138270378113,TF-NN,4,442,,global,2,Premier League,27,2015/2016,male,Aston Villa,Southampton
3754307,1,1,0.5454990267753601,TF-NN,4,442,,global,2,Premier League,27,2015/2016,male,Manchester City,Stoke City
9912,0,0,0.3779319226741791,TF-NN,4,442,,global,11,La Liga,1,2017/2018,male,RC Deportivo La Coruña,Barcelona
9924,0,0,0.3031925559043884,TF-NN,4,442,,global,11,La Liga,1,2017/2018,male,Barcelona,Real Madrid
9928,1,1,0.8623583316802979,TF-NN,4,442,,global,11,La Liga,1,2017/2018,male,Barcelona,Villarreal
9948,1,0,0.2954959273338318,TF-NN,4,442,,global,11,La Liga,1,2017/2018,male,Barcelona,Real Sociedad
15946,1,1,0.9119278192520142,TF-NN,4,442,,global,11,La Liga,4,2018/2019,male,Barcelona,Deportivo Alavés
15956,0,0,0.08165379613637924,TF-NN,4,442,,global,11,La Liga,4,2018/2019,male,Real Valladolid,Barcelona
15978,0,0,0.24480152130126953,TF-NN,4,442,,global,11,La Liga,4,2018/2019,male,Real Sociedad,Barcelona
15998,1,0,0.29239895939826965,TF-NN,4,442,,global,11,La Liga,4,2018/2019,male,Leganés,Barcelona
16010,0,1,0.5077917575836182,TF-NN,4,442,,global,11,La Liga,4,2018/2019,male,Barcelona,Athletic Club
16023,0,0,0.21267440915107727,TF-NN,4,442,,global,11,La Liga,4,2018/2019,male,Valencia,Barcelona
16029,1,1,0.7213361263275146,TF-NN,4,442,,global,11,La Liga,4,2018/2019,male,Barcelona,Sevilla
16056,0,1,0.8854796886444092,TF-NN,4,442,,global,11,La Liga,4,2018/2019,male,Barcelona,Real Betis
16073,0,0,0.1089252308011055,TF-NN,4,442,,global,11,La Liga,4,2018/2019,male,Atlético Madrid,Barcelona
16079,1,0,0.32936590909957886,TF-NN,4,442,,global,11,La Liga,4,2018/2019,male,Barcelona,Villarreal
16086,0,0,0.2797289490699768,TF-NN,4,442,,global,11,La Liga,4,2018/2019,male,Espanyol,Barcelona
16095,0,0,0.2074279487133026,TF-NN,4,442,,global,11,La Liga,4,2018/2019,male,Levante UD,Barcelona
16109,1,0,0.31020498275756836,TF-NN,4,442,,global,11,La Liga,4,2018/2019,male,Barcelona,Celta Vigo
16120,0,0,0.27492064237594604,TF-NN,4,442,,global,11,La Liga,4,2018/2019,male,Getafe,Barcelona
16131,1,0,0.350576788187027,TF-NN,4,442,,global,11,La Liga,4,2018/2019,male,Barcelona,Eibar
16136,1,1,0.7770475149154663,TF-NN,4,442,,global,11,La Liga,4,2018/2019,male,Barcelona,Leganés
16149,0,0,0.219557985663414,TF-NN,4,442,,global,11,La Liga,4,2018/2019,male,Girona,Barcelona
16157,0,1,0.7163065671920776,TF-NN,4,442,,global,11,La Liga,4,2018/2019,male,Barcelona,Valencia
16173,0,0,0.31833094358444214,TF-NN,4,442,,global,11,La Liga,4,2018/2019,male,Athletic Club,Barcelona
16182,1,1,0.9544777274131775,TF-NN,4,442,,global,11,La Liga,4,2018/2019,male,Barcelona,Real Valladolid
16190,0,0,0.23575039207935333,TF-NN,4,442,,global,11,La Liga,4,2018/2019,male,Sevilla,Barcelona
16196,0,0,0.2604287564754486,TF-NN,4,442,,global,11,La Liga,4,2018/2019,male,Real Madrid,Barcelona
16205,1,1,0.8071761727333069,TF-NN,4,442,,global,11,La Liga,4,2018/2019,male,Barcelona,Rayo Vallecano
16215,0,0,0.3543069362640381,TF-NN,4,442,,global,11,La Liga,4,2018/2019,male,Real Betis,Barcelona
16231,1,0,0.3945460915565491,TF-NN,4,442,,global,11,La Liga,4,2018/2019,male,Barcelona,Espanyol
16240,0,0,0.4388362765312195,TF-NN,4,442,,global,11,La Liga,4,2018/2019,male,Villarreal,Barcelona
16248,1,1,0.8110472559928894,TF-NN,4,442,,global,11,La Liga,4,2018/2019,male,Barcelona,Atlético Madrid
16265,1,0,0.31799450516700745,TF-NN,4,442,,global,11,La Liga,4,2018/2019,male,Barcelona,Real Sociedad
16275,0,0,0.08558377623558044,TF-NN,4,442,,global,11,La Liga,4,2018/2019,male,Deportivo Alavés,Barcelona
16289,1,1,0.5003607273101807,TF-NN,4,442,,global,11,La Liga,4,2018/2019,male,Barcelona,Levante UD
16306,1,1,0.5580151081085205,TF-NN,4,442,,global,11,La Liga,4,2018/2019,male,Barcelona,Getafe
16317,0,0,0.29505980014801025,TF-NN,4,442,,global,11,La Liga,4,2018/2019,male,Eibar,Barcelona
303666,1,0,0.18378296494483948,TF-NN,4,442,,global,11,La Liga,42,2019/2020,male,Granada,Barcelona
303430,1,0,0.268441379070282,TF-NN,4,442,,global,11,La Liga,42,2019/2020,male,Barcelona,Villarreal
303473,1,0,0.43256843090057373,TF-NN,4,442,,global,11,La Liga,42,2019/2020,male,Barcelona,Sevilla
303700,0,0,0.10153823345899582,TF-NN,4,442,,global,11,La Liga,42,2019/2020,male,Eibar,Barcelona
303600,1,1,0.8191751837730408,TF-NN,4,442,,global,11,La Liga,42,2019/2020,male,Barcelona,Real Valladolid
303504,1,0,0.2638797461986542,TF-NN,4,442,,global,11,La Liga,42,2019/2020,male,Levante UD,Barcelona
303487,1,1,0.5702096819877625,TF-NN,4,442,,global,11,La Liga,42,2019/2020,male,Barcelona,Celta Vigo
303715,0,0,0.07249530404806137,TF-NN,4,442,,global,11,La Liga,42,2019/2020,male,Leganés,Barcelona
303524,0,0,0.2538726329803467,TF-NN,4,442,,global,11,La Liga,42,2019/2020,male,Atlético Madrid,Barcelona
303451,1,1,0.9186872839927673,TF-NN,4,442,,global,11,La Liga,42,2019/2020,male,Barcelona,Mallorca
303664,0,0,0.4653623700141907,TF-NN,4,442,,global,11,La Liga,42,2019/2020,male,Real Sociedad,Barcelona
303596,0,0,0.23011240363121033,TF-NN,4,442,,global,11,La Liga,42,2019/2020,male,Barcelona,Real Madrid
303517,1,1,0.5918822288513184,TF-NN,4,442,,global,11,La Liga,42,2019/2020,male,Barcelona,Deportivo Alavés
303652,0,0,0.0794348418712616,TF-NN,4,442,,global,11,La Liga,42,2019/2020,male,Espanyol,Barcelona
3802699,1,0,0.4878067672252655,TF-NN,4,442,,global,7,Ligue 1,108,2021/2022,male,Paris Saint-Germain,Lille
3802984,1,1,0.8887491226196289,TF-NN,4,442,,global,7,Ligue 1,108,2021/2022,male,Paris Saint-Germain,Nantes
3802837,0,0,0.1410602629184723,TF-NN,4,442,,global,7,Ligue 1,108,2021/2022,male,Saint-Étienne,Paris Saint-Germain
3802793,0,1,0.6411521434783936,TF-NN,4,442,,global,7,Ligue 1,108,2021/2022,male,Paris Saint-Germain,OGC Nice
3802683,1,0,0.3834061622619629,TF-NN,4,442,,global,7,Ligue 1,108,2021/2022,male,Paris Saint-Germain,AS Monaco
3802690,0,0,0.32081907987594604,TF-NN,4,442,,global,7,Ligue 1,108,2021/2022,male,Lorient,Paris Saint-Germain
3802802,1,1,0.600361168384552,TF-NN,4,442,,global,7,Ligue 1,108,2021/2022,male,Paris Saint-Germain,Stade de Reims
3802907,0,0,0.29276350140571594,TF-NN,4,442,,global,7,Ligue 1,108,2021/2022,male,Lille,Paris Saint-Germain
3802795,1,0,0.42761582136154175,TF-NN,4,442,,global,7,Ligue 1,108,2021/2022,male,Paris Saint-Germain,Rennes
3802839,1,0,0.4867432117462158,TF-NN,4,442,,global,7,Ligue 1,108,2021/2022,male,Nantes,Paris Saint-Germain
3817900,0,0,0.2298494577407837,TF-NN,4,442,,global,1238,Indian Super league,108,2021/2022,male,Chennaiyin,Jamshedpur
3817872,1,0,0.43265292048454285,TF-NN,4,442,,global,1238,Indian Super league,108,2021/2022,male,Bengaluru,Odisha
3817885,1,0,0.18994230031967163,TF-NN,4,442,,global,1238,Indian Super league,108,2021/2022,male,Mumbai City,East Bengal
3817859,0,0,0.09487268328666687,TF-NN,4,442,,global,1238,Indian Super league,108,2021/2022,male,NorthEast United,Jamshedpur
3802709,1,1,0.6936564445495605,TF-NN,4,442,,global,7,Ligue 1,108,2021/2022,male,Paris Saint-Germain,Saint-Étienne
3817858,1,1,0.5544253587722778,TF-NN,4,442,,global,1238,Indian Super league,108,2021/2022,male,Kerala Blasters,Chennaiyin
3817898,0,0,0.3243294060230255,TF-NN,4,442,,global,1238,Indian Super league,108,2021/2022,male,Goa,Mumbai City
3817854,1,0,0.23304496705532074,TF-NN,4,442,,global,1238,Indian Super league,108,2021/2022,male,Mohun Bagan Super Giant,Bengaluru
3817893,0,0,0.3250444233417511,TF-NN,4,442,,global,1238,Indian Super league,108,2021/2022,male,East Bengal,NorthEast United
3802805,1,0,0.18860486149787903,TF-NN,4,442,,global,7,Ligue 1,108,2021/2022,male,OGC Nice,Paris Saint-Germain
3802904,1,1,0.6096621751785278,TF-NN,4,442,,global,7,Ligue 1,108,2021/2022,male,Paris Saint-Germain,Bordeaux
3802818,1,1,0.7196677923202515,TF-NN,4,442,,global,7,Ligue 1,108,2021/2022,male,Paris Saint-Germain,Lorient
3802983,1,0,0.4099524915218353,TF-NN,4,442,,global,7,Ligue 1,108,2021/2022,male,Paris Saint-Germain,Olympique de Marseille
3802930,0,1,0.536110520362854,TF-NN,4,442,,global,7,Ligue 1,108,2021/2022,male,Paris Saint-Germain,Troyes
3802665,0,0,0.11124828457832336,TF-NN,4,442,,global,7,Ligue 1,108,2021/2022,male,Montpellier,Paris Saint-Germain
3837659,1,1,0.9702956080436707,TF-NN,4,442,,global,7,Ligue 1,235,2022/2023,male,Paris Saint-Germain,Montpellier
3837662,0,1,0.5884401202201843,TF-NN,4,442,,global,7,Ligue 1,235,2022/2023,male,Lille,Paris Saint-Germain
3869321,0,1,0.5275248289108276,TF-NN,4,442,,global,43,FIFA World Cup,106,2022,male,Netherlands,Argentina
3869420,0,0,0.3531566560268402,TF-NN,4,442,,global,43,FIFA World Cup,106,2022,male,Croatia,Brazil
3869354,0,1,0.5133486390113831,TF-NN,4,442,,global,43,FIFA World Cup,106,2022,male,England,France
3869486,1,0,0.11204308271408081,TF-NN,4,442,,global,43,FIFA World Cup,106,2022,male,Morocco,Portugal
3869519,1,1,0.547355592250824,TF-NN,4,442,,global,43,FIFA World Cup,106,2022,male,Argentina,Croatia
3881591,0,0,0.26368072628974915,TF-NN,4,442,,global,49,NWSL,107,2023,female,Racing Louisville FC,Houston Dash
3881592,0,0,0.26055392622947693,TF-NN,4,442,,global,49,NWSL,107,2023,female,San Diego Wave,KC Current
3881593,1,1,0.5520163774490356,TF-NN,4,442,,global,49,NWSL,107,2023,female,Portland Thorns,Seattle Reign
3881594,1,0,0.3535720705986023,TF-NN,4,442,,global,49,NWSL,107,2023,female,NJ/NY Gotham FC,Washington Spirit
3881595,1,0,0.3239765763282776,TF-NN,4,442,,global,49,NWSL,107,2023,female,Orlando Pride,North Carolina Courage
3881596,0,0,0.24043117463588715,TF-NN,4,442,,global,49,NWSL,107,2023,female,Chicago Red Stars,Angel City
3881599,1,0,0.2688063085079193,TF-NN,4,442,,global,49,NWSL,107,2023,female,Washington Spirit,KC Current
3881598,1,0,0.24207493662834167,TF-NN,4,442,,global,49,NWSL,107,2023,female,Chicago Red Stars,Racing Louisville FC
3881600,0,0,0.26987794041633606,TF-NN,4,442,,global,49,NWSL,107,2023,female,Portland Thorns,San Diego Wave
3881601,0,0,0.3683222532272339,TF-NN,4,442,,global,49,NWSL,107,2023,female,NJ/NY Gotham FC,Houston Dash
3881602,0,0,0.13990071415901184,TF-NN,4,442,,global,49,NWSL,107,2023,female,Seattle Reign,North Carolina Courage
3881597,0,0,0.25434160232543945,TF-NN,4,442,,global,49,NWSL,107,2023,female,Angel City,Orlando Pride
3881604,1,0,0.2704510986804962,TF-NN,4,442,,global,49,NWSL,107,2023,female,Racing Louisville FC,Orlando Pride
3881605,0,0,0.1627233773469925,TF-NN,4,442,,global,49,NWSL,107,2023,female,Seattle Reign,Washington Spirit
3913107,1,0,0.4667941629886627,TF-NN,4,442,,global,37,FA Women's Super League,281,2023/2024,female,Manchester City WFC,Aston Villa W
3913105,1,0,0.3174673318862915,TF-NN,4,442,,global,37,FA Women's Super League,281,2023/2024,female,Arsenal WFC,Chelsea FCW
3913106,0,0,0.3146452009677887,TF-NN,4,442,,global,37,FA Women's Super League,281,2023/2024,female,Brighton & Hove Albion WFC,Leicester City WFC
3913108,0,0,0.20039968192577362,TF-NN,4,442,,global,37,FA Women's Super League,281,2023/2024,female,Liverpool WFC,Bristol City WFC
3913109,0,0,0.20583336055278778,TF-NN,4,442,,global,37,FA Women's Super League,281,2023/2024,female,Tottenham Hotspur Women,Manchester United W
3913110,0,0,0.3051126003265381,TF-NN,4,442,,global,37,FA Women's Super League,281,2023/2024,female,West Ham United LFC,Everton LFC
3913113,1,0,0.10275466740131378,TF-NN,4,442,,global,37,FA Women's Super League,281,2023/2024,female,Tottenham Hotspur Women,Arsenal WFC
3913111,0,0,0.21465839445590973,TF-NN,4,442,,global,37,FA Women's Super League,281,2023/2024,female,Manchester United W,Liverpool WFC
3913112,0,0,0.1537097543478012,TF-NN,4,442,,global,37,FA Women's Super League,281,2023/2024,female,Bristol City WFC,Chelsea FCW
3913114,0,0,0.311143159866333,TF-NN,4,442,,global,37,FA Women's Super League,281,2023/2024,female,Leicester City WFC,West Ham United LFC
3913115,1,0,0.49290931224823,TF-NN,4,442,,global,37,FA Women's Super League,281,2023/2024,female,Aston Villa W,Brighton & Hove Albion WFC
3913116,0,0,0.07887480407953262,TF-NN,4,442,,global,37,FA Women's Super League,281,2023/2024,female,Everton LFC,Manchester City WFC
3913119,0,0,0.27522146701812744,TF-NN,4,442,,global,37,FA Women's Super League,281,2023/2024,female,Leicester City WFC,Aston Villa W
3913117,1,1,0.735322117805481,TF-NN,4,442,,global,37,FA Women's Super League,281,2023/2024,female,Arsenal WFC,Everton LFC
3913118,0,0,0.3105928897857666,TF-NN,4,442,,global,37,FA Women's Super League,281,2023/2024,female,West Ham United LFC,Tottenham Hotspur Women
3913120,1,1,0.8337458372116089,TF-NN,4,442,,global,37,FA Women's Super League,281,2023/2024,female,Manchester City WFC,Liverpool WFC
3913121,1,0,0.3532033860683441,TF-NN,4,442,,global,37,FA Women's Super League,281,2023/2024,female,Chelsea FCW,Manchester United W
3913122,1,0,0.15395371615886688,TF-NN,4,442,,global,37,FA Women's Super League,281,2023/2024,female,Brighton & Hove Albion WFC,Bristol City WFC
3913123,0,0,0.06212877109646797,TF-NN,4,442,,global,37,FA Women's Super League,281,2023/2024,female,Brighton & Hove Albion WFC,Chelsea FCW
3913124,0,0,0.12874256074428558,TF-NN,4,442,,global,37,FA Women's Super League,281,2023/2024,female,Bristol City WFC,West Ham United LFC
3913125,0,0,0.11045143008232117,TF-NN,4,442,,global,37,FA Women's Super League,281,2023/2024,female,Liverpool WFC,Arsenal WFC
3913126,0,0,0.12263878434896469,TF-NN,4,442,,global,37,FA Women's Super League,281,2023/2024,female,Tottenham Hotspur Women,Manchester City WFC
3913127,1,0,0.3023808002471924,TF-NN,4,442,,global,37,FA Women's Super League,281,2023/2024,female,Manchester United W,Aston Villa W
3913128,0,0,0.2787376046180725,TF-NN,4,442,,global,37,FA Women's Super League,281,2023/2024,female,Everton LFC,Leicester City WFC
3913129,0,1,0.763937771320343,TF-NN,4,442,,global,37,FA Women's Super League,281,2023/2024,female,Aston Villa W,Bristol City WFC
3913130,1,0,0.21816730499267578,TF-NN,4,442,,global,37,FA Women's Super League,281,2023/2024,female,West Ham United LFC,Arsenal WFC
3913131,0,0,0.1259087324142456,TF-NN,4,442,,global,37,FA Women's Super League,281,2023/2024,female,Liverpool WFC,Tottenham Hotspur Women
3913132,1,0,0.37428128719329834,TF-NN,4,442,,global,37,FA Women's Super League,281,2023/2024,female,Manchester City WFC,Leicester City WFC
3913133,1,0,0.2386530488729477,TF-NN,4,442,,global,37,FA Women's Super League,281,2023/2024,female,Manchester United W,Brighton & Hove Albion WFC
3913134,1,0,0.45178425312042236,TF-NN,4,442,,global,37,FA Women's Super League,281,2023/2024,female,Chelsea FCW,Everton LFC
3913138,0,0,0.1669255793094635,TF-NN,4,442,,global,37,FA Women's Super League,281,2023/2024,female,Chelsea FCW,Manchester City WFC
3913135,1,1,0.5435730814933777,TF-NN,4,442,,global,37,FA Women's Super League,281,2023/2024,female,Arsenal WFC,Manchester United W
3913136,1,0,0.1604785919189453,TF-NN,4,442,,global,37,FA Women's Super League,281,2023/2024,female,Everton LFC,West Ham United LFC
3913137,0,0,0.12457981705665588,TF-NN,4,442,,global,37,FA Women's Super League,281,2023/2024,female,Brighton & Hove Albion WFC,Liverpool WFC
3913139,0,0,0.2590152323246002,TF-NN,4,442,,global,37,FA Women's Super League,281,2023/2024,female,Tottenham Hotspur Women,Aston Villa W
3913140,1,1,0.8431543707847595,TF-NN,4,442,,global,37,FA Women's Super League,281,2023/2024,female,Leicester City WFC,Bristol City WFC
3913143,1,1,0.667698323726654,TF-NN,4,442,,global,37,FA Women's Super League,281,2023/2024,female,Manchester City WFC,Everton LFC
3913141,0,0,0.41491252183914185,TF-NN,4,442,,global,37,FA Women's Super League,281,2023/2024,female,Aston Villa W,Liverpool WFC
3913142,1,0,0.4075854420661926,TF-NN,4,442,,global,37,FA Women's Super League,281,2023/2024,female,Arsenal WFC,Tottenham Hotspur Women
3913144,0,0,0.22433456778526306,TF-NN,4,442,,global,37,FA Women's Super League,281,2023/2024,female,West Ham United LFC,Manchester United W
3913145,0,0,0.12369374185800552,TF-NN,4,442,,global,37,FA Women's Super League,281,2023/2024,female,Leicester City WFC,Chelsea FCW
3913146,0,0,0.3344249129295349,TF-NN,4,442,,global,37,FA Women's Super League,281,2023/2024,female,Bristol City WFC,Brighton & Hove Albion WFC
3913152,1,1,0.536457896232605,TF-NN,4,442,,global,37,FA Women's Super League,281,2023/2024,female,Chelsea FCW,Arsenal WFC
3912231,0,0,0.37092387676239014,TF-NN,4,442,,global,135,Frauen Bundesliga,281,2023/2024,female,SC Freiburg,VfL Wolfsburg WFC
3912235,1,0,0.2582457661628723,TF-NN,4,442,,global,135,Frauen Bundesliga,281,2023/2024,female,TSV Bayer 04 Leverkusen,Eintracht Frankfurt W
3912230,0,0,0.08727835863828659,TF-NN,4,442,,global,135,Frauen Bundesliga,281,2023/2024,female,Nürnberg W,SGS Essen 19/68
3912233,0,0,0.06123678758740425,TF-NN,4,442,,global,135,Frauen Bundesliga,281,2023/2024,female,Duisburg WFC,Bayern München W
3928996,1,0,0.21665067970752716,TF-NN,4,442,,global,131,Serie A Women,281,2023/2024,female,AC Milan W,Napoli W
3928999,0,0,0.14895227551460266,TF-NN,4,442,,global,131,Serie A Women,281,2023/2024,female,Pomigliano,Como W
3912232,0,0,0.1847677081823349,TF-NN,4,442,,global,135,Frauen Bundesliga,281,2023/2024,female,Hoffenheim W,Köln
3928997,1,0,0.4085988700389862,TF-NN,4,442,,global,131,Serie A Women,281,2023/2024,female,AS Roma W,Juventus W
3912240,1,0,0.09214428067207336,TF-NN,4,442,,global,135,Frauen Bundesliga,281,2023/2024,female,RB Leipzig W,TSV Bayer 04 Leverkusen
3912236,1,0,0.24536626040935516,TF-NN,4,442,,global,135,Frauen Bundesliga,281,2023/2024,female,SGS Essen 19/68,Hoffenheim W
3912241,1,0,0.44868093729019165,TF-NN,4,442,,global,135,Frauen Bundesliga,281,2023/2024,female,Eintracht Frankfurt W,Nürnberg W
3929000,0,0,0.28365328907966614,TF-NN,4,442,,global,131,Serie A Women,281,2023/2024,female,Fiorentina W,AS Roma W
3929003,1,0,0.25012126564979553,TF-NN,4,442,,global,131,Serie A Women,281,2023/2024,female,Juventus W,Sassuolo W
3912237,0,0,0.05904155969619751,TF-NN,4,442,,global,135,Frauen Bundesliga,281,2023/2024,female,Duisburg WFC,VfL Wolfsburg WFC
3912238,1,0,0.3121089041233063,TF-NN,4,442,,global,135,Frauen Bundesliga,281,2023/2024,female,Köln,SC Freiburg
3929001,0,0,0.11948703974485397,TF-NN,4,442,,global,131,Serie A Women,281,2023/2024,female,Sampdoria W,AC Milan W
3929002,0,0,0.354055255651474,TF-NN,4,442,,global,131,Serie A Women,281,2023/2024,female,Napoli W,Pomigliano
3912239,1,0,0.34809789061546326,TF-NN,4,442,,global,135,Frauen Bundesliga,281,2023/2024,female,Bayern München W,SV Werder Bremen
3929004,0,0,0.293891578912735,TF-NN,4,442,,global,131,Serie A Women,281,2023/2024,female,Juventus W,FC Internazionale Milano W
3929005,0,0,0.23808100819587708,TF-NN,4,442,,global,131,Serie A Women,281,2023/2024,female,Fiorentina W,Sassuolo W
3929006,0,0,0.21337392926216125,TF-NN,4,442,,global,131,Serie A Women,281,2023/2024,female,Sampdoria W,Pomigliano
3929007,0,0,0.1481478214263916,TF-NN,4,442,,global,131,Serie A Women,281,2023/2024,female,Napoli W,Como W
3911543,1,1,0.9933664202690125,TF-NN,4,442,,global,182,Liga F,281,2023/2024,female,Barcelona WFC,Madrid CFF
3929008,0,0,0.3410244286060333,TF-NN,4,442,,global,131,Serie A Women,281,2023/2024,female,Sassuolo W,AS Roma W
3929009,0,0,0.0928531289100647,TF-NN,4,442,,global,131,Serie A Women,281,2023/2024,female,Pomigliano,AC Milan W
3929010,1,0,0.43954265117645264,TF-NN,4,442,,global,131,Serie A Women,281,2023/2024,female,Como W,Sampdoria W
3929011,0,1,0.5572054982185364,TF-NN,4,442,,global,131,Serie A Women,281,2023/2024,female,FC Internazionale Milano W,Fiorentina W
3912245,1,1,0.7495587468147278,TF-NN,4,442,,global,135,Frauen Bundesliga,281,2023/2024,female,VfL Wolfsburg WFC,Köln
3911551,1,0,0.32261767983436584,TF-NN,4,442,,global,182,Liga F,281,2023/2024,female,Athletic Club Bilbao,Villarreal
3911552,1,0,0.24744880199432373,TF-NN,4,442,,global,182,Liga F,281,2023/2024,female,Atletico Madrid W,Costa Adeje Tenerife
3911556,0,0,0.1863691657781601,TF-NN,4,442,,global,182,Liga F,281,2023/2024,female,Granada W,Barcelona WFC
3911558,0,0,0.15055088698863983,TF-NN,4,442,,global,182,Liga F,281,2023/2024,female,Valencia CF,SD Eibar
3911553,1,0,0.3080151379108429,TF-NN,4,442,,global,182,Liga F,281,2023/2024,female,Levante UD Femenino,Real Sociedad de Fútbol
3911554,0,0,0.19482699036598206,TF-NN,4,442,,global,182,Liga F,281,2023/2024,female,Madrid CFF,Real Madrid CF W
3911555,0,0,0.15933965146541595,TF-NN,4,442,,global,182,Liga F,281,2023/2024,female,Real Betis Balompié,Sevilla FC
3911557,0,0,0.20760545134544373,TF-NN,4,442,,global,182,Liga F,281,2023/2024,female,CD Sporting de Huelva,FC Levante Badalona
3911562,1,1,0.9904409646987915,TF-NN,4,442,,global,182,Liga F,281,2023/2024,female,Barcelona WFC,Athletic Club Bilbao
3911566,0,0,0.2517257630825043,TF-NN,4,442,,global,182,Liga F,281,2023/2024,female,Villarreal,SD Eibar
3911559,0,0,0.32030242681503296,TF-NN,4,442,,global,182,Liga F,281,2023/2024,female,FC Levante Badalona,Levante UD Femenino
3911563,0,0,0.3982430398464203,TF-NN,4,442,,global,182,Liga F,281,2023/2024,female,Real Madrid CF W,Atletico Madrid W
3911564,0,0,0.07884740829467773,TF-NN,4,442,,global,182,Liga F,281,2023/2024,female,Granada W,Real Betis Balompié
3911560,1,0,0.4294889569282532,TF-NN,4,442,,global,182,Liga F,281,2023/2024,female,Madrid CFF,Valencia CF
3911561,1,0,0.2953096628189087,TF-NN,4,442,,global,182,Liga F,281,2023/2024,female,Sevilla FC,CD Sporting de Huelva
3911565,0,0,0.1906231939792633,TF-NN,4,442,,global,182,Liga F,281,2023/2024,female,Costa Adeje Tenerife,Real Sociedad de Fútbol
3911629,0,0,0.05252309888601303,TF-NN,4,442,,global,182,Liga F,281,2023/2024,female,SD Eibar,Barcelona WFC
3879797,0,0,0.4202495515346527,TF-Hybrid,4,442,0.48097753524780273,global,12,Serie A,27,2015/2016,male,Carpi,Sassuolo
3879798,1,1,0.6540665626525879,TF-Hybrid,4,442,0.48097753524780273,global,12,Serie A,27,2015/2016,male,Juventus,Empoli
3753982,1,0,0.402726411819458,TF-Hybrid,4,442,0.48097753524780273,global,2,Premier League,27,2015/2016,male,Leicester City,Southampton
3754299,1,1,0.6499252319335938,TF-Hybrid,4,442,0.48097753524780273,global,2,Premier League,27,2015/2016,male,Manchester United,Everton
3879799,0,1,0.526658833026886,TF-Hybrid,4,442,0.48097753524780273,global,12,Serie A,27,2015/2016,male,Lazio,AS Roma
3879800,0,1,0.5400835275650024,TF-Hybrid,4,442,0.48097753524780273,global,12,Serie A,27,2015/2016,male,Fiorentina,Sampdoria
3879801,0,1,0.9094669818878174,TF-Hybrid,4,442,0.48097753524780273,global,12,Serie A,27,2015/2016,male,Inter Milan,Torino
3879802,1,1,0.7080674171447754,TF-Hybrid,4,442,0.48097753524780273,global,12,Serie A,27,2015/2016,male,Chievo,Palermo
3879803,1,0,0.25798091292381287,TF-Hybrid,4,442,0.48097753524780273,global,12,Serie A,27,2015/2016,male,Udinese,Napoli
3879804,1,1,0.6059463620185852,TF-Hybrid,4,442,0.48097753524780273,global,12,Serie A,27,2015/2016,male,Genoa,Frosinone
3879805,1,1,0.6757201552391052,TF-Hybrid,4,442,0.48097753524780273,global,12,Serie A,27,2015/2016,male,Atalanta,AC Milan
3879806,0,1,0.6107223033905029,TF-Hybrid,4,442,0.48097753524780273,global,12,Serie A,27,2015/2016,male,Bologna,Hellas Verona
3754016,1,1,0.756588876247406,TF-Hybrid,4,442,0.48097753524780273,global,2,Premier League,27,2015/2016,male,Southampton,Newcastle United
3754022,1,1,0.5316230654716492,TF-Hybrid,4,442,0.48097753524780273,global,2,Premier League,27,2015/2016,male,Crystal Palace,Norwich City
3754030,0,0,0.3248278498649597,TF-Hybrid,4,442,0.48097753524780273,global,2,Premier League,27,2015/2016,male,Watford,Everton
3754035,1,1,0.9498403072357178,TF-Hybrid,4,442,0.48097753524780273,global,2,Premier League,27,2015/2016,male,Manchester City,West Bromwich Albion
3754116,1,1,0.5976283550262451,TF-Hybrid,4,442,0.48097753524780273,global,2,Premier League,27,2015/2016,male,Swansea City,Chelsea
3754241,0,1,0.5018410086631775,TF-Hybrid,4,442,0.48097753524780273,global,2,Premier League,27,2015/2016,male,West Ham United,Arsenal
3754262,0,1,0.5331999659538269,TF-Hybrid,4,442,0.48097753524780273,global,2,Premier League,27,2015/2016,male,Aston Villa,AFC Bournemouth
3879807,1,1,0.626693069934845,TF-Hybrid,4,442,0.48097753524780273,global,12,Serie A,27,2015/2016,male,Chievo,Carpi
3879808,0,0,0.3490322530269623,TF-Hybrid,4,442,0.48097753524780273,global,12,Serie A,27,2015/2016,male,Frosinone,Inter Milan
3879809,0,0,0.3498549163341522,TF-Hybrid,4,442,0.48097753524780273,global,12,Serie A,27,2015/2016,male,Sassuolo,Genoa
3879810,0,0,0.3677028715610504,TF-Hybrid,4,442,0.48097753524780273,global,12,Serie A,27,2015/2016,male,AC Milan,Juventus
3753986,1,1,0.6963402628898621,TF-Hybrid,4,442,0.48097753524780273,global,2,Premier League,27,2015/2016,male,Liverpool,Stoke City
3754152,0,0,0.30759865045547485,TF-Hybrid,4,442,0.48097753524780273,global,2,Premier League,27,2015/2016,male,Sunderland,Leicester City
3754209,1,1,0.8451142311096191,TF-Hybrid,4,442,0.48097753524780273,global,2,Premier League,27,2015/2016,male,Tottenham Hotspur,Manchester United
3879811,1,1,0.9843853116035461,TF-Hybrid,4,442,0.48097753524780273,global,12,Serie A,27,2015/2016,male,Napoli,Hellas Verona
3879812,0,0,0.32250070571899414,TF-Hybrid,4,442,0.48097753524780273,global,12,Serie A,27,2015/2016,male,Palermo,Lazio
3879813,1,1,0.7096130847930908,TF-Hybrid,4,442,0.48097753524780273,global,12,Serie A,27,2015/2016,male,Sampdoria,Udinese
3879814,1,0,0.3956752419471741,TF-Hybrid,4,442,0.48097753524780273,global,12,Serie A,27,2015/2016,male,Empoli,Fiorentina
3879815,1,0,0.35046112537384033,TF-Hybrid,4,442,0.48097753524780273,global,12,Serie A,27,2015/2016,male,Torino,Atalanta
3879816,0,1,0.8854039311408997,TF-Hybrid,4,442,0.48097753524780273,global,12,Serie A,27,2015/2016,male,AS Roma,Bologna
3754048,0,1,0.919880747795105,TF-Hybrid,4,442,0.48097753524780273,global,2,Premier League,27,2015/2016,male,Crystal Palace,Everton
3754024,1,0,0.3301544189453125,TF-Hybrid,4,442,0.48097753524780273,global,2,Premier League,27,2015/2016,male,Newcastle United,Swansea City
3754137,0,0,0.24531573057174683,TF-Hybrid,4,442,0.48097753524780273,global,2,Premier League,27,2015/2016,male,Everton,Southampton
3754155,0,1,0.6791127324104309,TF-Hybrid,4,442,0.48097753524780273,global,2,Premier League,27,2015/2016,male,West Bromwich Albion,Watford
3754172,0,1,0.5102680921554565,TF-Hybrid,4,442,0.48097753524780273,global,2,Premier League,27,2015/2016,male,Norwich City,Sunderland
3754295,1,1,0.6429658532142639,TF-Hybrid,4,442,0.48097753524780273,global,2,Premier League,27,2015/2016,male,Manchester United,Aston Villa
3754322,0,0,0.44517913460731506,TF-Hybrid,4,442,0.48097753524780273,global,2,Premier League,27,2015/2016,male,Chelsea,Manchester City
3879817,1,0,0.4046928584575653,TF-Hybrid,4,442,0.48097753524780273,global,12,Serie A,27,2015/2016,male,Inter Milan,Napoli
3879818,0,1,0.6012237668037415,TF-Hybrid,4,442,0.48097753524780273,global,12,Serie A,27,2015/2016,male,Bologna,Torino
3879819,1,1,0.6517380475997925,TF-Hybrid,4,442,0.48097753524780273,global,12,Serie A,27,2015/2016,male,Carpi,Genoa
3754009,0,1,0.897056519985199,TF-Hybrid,4,442,0.48097753524780273,global,2,Premier League,27,2015/2016,male,Arsenal,Crystal Palace
3754216,0,0,0.429150253534317,TF-Hybrid,4,442,0.48097753524780273,global,2,Premier League,27,2015/2016,male,AFC Bournemouth,Liverpool
3754227,0,1,0.6893063187599182,TF-Hybrid,4,442,0.48097753524780273,global,2,Premier League,27,2015/2016,male,Leicester City,West Ham United
3879820,1,1,0.8758302927017212,TF-Hybrid,4,442,0.48097753524780273,global,12,Serie A,27,2015/2016,male,Juventus,Palermo
3879821,1,1,0.6643346548080444,TF-Hybrid,4,442,0.48097753524780273,global,12,Serie A,27,2015/2016,male,Fiorentina,Sassuolo
3879822,0,1,0.6495354175567627,TF-Hybrid,4,442,0.48097753524780273,global,12,Serie A,27,2015/2016,male,Udinese,Chievo
3879823,0,0,0.4641236364841461,TF-Hybrid,4,442,0.48097753524780273,global,12,Serie A,27,2015/2016,male,Atalanta,AS Roma
3879824,0,0,0.2380620688199997,TF-Hybrid,4,442,0.48097753524780273,global,12,Serie A,27,2015/2016,male,Sampdoria,AC Milan
3879825,1,1,0.8812686800956726,TF-Hybrid,4,442,0.48097753524780273,global,12,Serie A,27,2015/2016,male,Lazio,Empoli
3879826,0,1,0.6730875968933105,TF-Hybrid,4,442,0.48097753524780273,global,12,Serie A,27,2015/2016,male,Hellas Verona,Frosinone
3754187,0,0,0.2607097327709198,TF-Hybrid,4,442,0.48097753524780273,global,2,Premier League,27,2015/2016,male,Stoke City,Tottenham Hotspur
3754206,0,0,0.12652961909770966,TF-Hybrid,4,442,0.48097753524780273,global,2,Premier League,27,2015/2016,male,Newcastle United,Manchester City
3879827,1,1,0.909069836139679,TF-Hybrid,4,442,0.48097753524780273,global,12,Serie A,27,2015/2016,male,Napoli,Bologna
3754086,1,1,0.9772390127182007,TF-Hybrid,4,442,0.48097753524780273,global,2,Premier League,27,2015/2016,male,West Ham United,Watford
3754294,1,1,0.9401102066040039,TF-Hybrid,4,442,0.48097753524780273,global,2,Premier League,27,2015/2016,male,Liverpool,Everton
3754310,1,1,0.7924730181694031,TF-Hybrid,4,442,0.48097753524780273,global,2,Premier League,27,2015/2016,male,Manchester United,Crystal Palace
3879828,1,1,0.7945736646652222,TF-Hybrid,4,442,0.48097753524780273,global,12,Serie A,27,2015/2016,male,AS Roma,Torino
3879829,1,1,0.8383288979530334,TF-Hybrid,4,442,0.48097753524780273,global,12,Serie A,27,2015/2016,male,Empoli,Hellas Verona
3879830,1,0,0.46864259243011475,TF-Hybrid,4,442,0.48097753524780273,global,12,Serie A,27,2015/2016,male,Genoa,Inter Milan
3879831,0,1,0.9486777186393738,TF-Hybrid,4,442,0.48097753524780273,global,12,Serie A,27,2015/2016,male,Sassuolo,Sampdoria
3879832,0,1,0.6252927184104919,TF-Hybrid,4,442,0.48097753524780273,global,12,Serie A,27,2015/2016,male,Palermo,Atalanta
3879833,1,1,0.9359397292137146,TF-Hybrid,4,442,0.48097753524780273,global,12,Serie A,27,2015/2016,male,Juventus,Lazio
3879834,1,1,0.5202199816703796,TF-Hybrid,4,442,0.48097753524780273,global,12,Serie A,27,2015/2016,male,Udinese,Fiorentina
3879835,1,1,0.9174168109893799,TF-Hybrid,4,442,0.48097753524780273,global,12,Serie A,27,2015/2016,male,Chievo,Frosinone
3754284,1,1,0.9659723043441772,TF-Hybrid,4,442,0.48097753524780273,global,2,Premier League,27,2015/2016,male,Arsenal,West Bromwich Albion
3879836,0,1,0.6047054529190063,TF-Hybrid,4,442,0.48097753524780273,global,12,Serie A,27,2015/2016,male,AC Milan,Carpi
3754154,0,1,0.8211938738822937,TF-Hybrid,4,442,0.48097753524780273,global,2,Premier League,27,2015/2016,male,Liverpool,Newcastle United
3754242,0,0,0.4845256805419922,TF-Hybrid,4,442,0.48097753524780273,global,2,Premier League,27,2015/2016,male,AFC Bournemouth,Chelsea
3754282,0,0,0.24783584475517273,TF-Hybrid,4,442,0.48097753524780273,global,2,Premier League,27,2015/2016,male,Aston Villa,Southampton
3754307,1,1,0.9493895769119263,TF-Hybrid,4,442,0.48097753524780273,global,2,Premier League,27,2015/2016,male,Manchester City,Stoke City
9912,0,0,0.4677746891975403,TF-Hybrid,4,442,0.48097753524780273,global,11,La Liga,1,2017/2018,male,RC Deportivo La Coruña,Barcelona
9924,0,1,0.7847835421562195,TF-Hybrid,4,442,0.48097753524780273,global,11,La Liga,1,2017/2018,male,Barcelona,Real Madrid
9928,1,1,0.9883036613464355,TF-Hybrid,4,442,0.48097753524780273,global,11,La Liga,1,2017/2018,male,Barcelona,Villarreal
9948,1,1,0.721867561340332,TF-Hybrid,4,442,0.48097753524780273,global,11,La Liga,1,2017/2018,male,Barcelona,Real Sociedad
15946,1,1,0.977847695350647,TF-Hybrid,4,442,0.48097753524780273,global,11,La Liga,4,2018/2019,male,Barcelona,Deportivo Alavés
15956,0,0,0.08964713662862778,TF-Hybrid,4,442,0.48097753524780273,global,11,La Liga,4,2018/2019,male,Real Valladolid,Barcelona
15978,0,0,0.12087325006723404,TF-Hybrid,4,442,0.48097753524780273,global,11,La Liga,4,2018/2019,male,Real Sociedad,Barcelona
15998,1,0,0.13730613887310028,TF-Hybrid,4,442,0.48097753524780273,global,11,La Liga,4,2018/2019,male,Leganés,Barcelona
16010,0,1,0.9338573217391968,TF-Hybrid,4,442,0.48097753524780273,global,11,La Liga,4,2018/2019,male,Barcelona,Athletic Club
16023,0,0,0.27954214811325073,TF-Hybrid,4,442,0.48097753524780273,global,11,La Liga,4,2018/2019,male,Valencia,Barcelona
16029,1,1,0.9321311712265015,TF-Hybrid,4,442,0.48097753524780273,global,11,La Liga,4,2018/2019,male,Barcelona,Sevilla
16056,0,1,0.9894384741783142,TF-Hybrid,4,442,0.48097753524780273,global,11,La Liga,4,2018/2019,male,Barcelona,Real Betis
16073,0,0,0.2592548429965973,TF-Hybrid,4,442,0.48097753524780273,global,11,La Liga,4,2018/2019,male,Atlético Madrid,Barcelona
16079,1,1,0.8993942737579346,TF-Hybrid,4,442,0.48097753524780273,global,11,La Liga,4,2018/2019,male,Barcelona,Villarreal
16086,0,0,0.2110108584165573,TF-Hybrid,4,442,0.48097753524780273,global,11,La Liga,4,2018/2019,male,Espanyol,Barcelona
16095,0,0,0.1382957100868225,TF-Hybrid,4,442,0.48097753524780273,global,11,La Liga,4,2018/2019,male,Levante UD,Barcelona
16109,1,1,0.9177002310752869,TF-Hybrid,4,442,0.48097753524780273,global,11,La Liga,4,2018/2019,male,Barcelona,Celta Vigo
16120,0,0,0.3148593008518219,TF-Hybrid,4,442,0.48097753524780273,global,11,La Liga,4,2018/2019,male,Getafe,Barcelona
16131,1,1,0.9212414622306824,TF-Hybrid,4,442,0.48097753524780273,global,11,La Liga,4,2018/2019,male,Barcelona,Eibar
16136,1,1,0.9560377597808838,TF-Hybrid,4,442,0.48097753524780273,global,11,La Liga,4,2018/2019,male,Barcelona,Leganés
16149,0,0,0.15721504390239716,TF-Hybrid,4,442,0.48097753524780273,global,11,La Liga,4,2018/2019,male,Girona,Barcelona
16157,0,1,0.9392510652542114,TF-Hybrid,4,442,0.48097753524780273,global,11,La Liga,4,2018/2019,male,Barcelona,Valencia
16173,0,0,0.2667662501335144,TF-Hybrid,4,442,0.48097753524780273,global,11,La Liga,4,2018/2019,male,Athletic Club,Barcelona
16182,1,1,0.9893827438354492,TF-Hybrid,4,442,0.48097753524780273,global,11,La Liga,4,2018/2019,male,Barcelona,Real Valladolid
16190,0,0,0.32721146941185,TF-Hybrid,4,442,0.48097753524780273,global,11,La Liga,4,2018/2019,male,Sevilla,Barcelona
16196,0,0,0.41594356298446655,TF-Hybrid,4,442,0.48097753524780273,global,11,La Liga,4,2018/2019,male,Real Madrid,Barcelona
16205,1,1,0.9502152800559998,TF-Hybrid,4,442,0.48097753524780273,global,11,La Liga,4,2018/2019,male,Barcelona,Rayo Vallecano
16215,0,0,0.33458659052848816,TF-Hybrid,4,442,0.48097753524780273,global,11,La Liga,4,2018/2019,male,Real Betis,Barcelona
16231,1,1,0.9321140646934509,TF-Hybrid,4,442,0.48097753524780273,global,11,La Liga,4,2018/2019,male,Barcelona,Espanyol
16240,0,0,0.3780771791934967,TF-Hybrid,4,442,0.48097753524780273,global,11,La Liga,4,2018/2019,male,Villarreal,Barcelona
16248,1,1,0.9399799108505249,TF-Hybrid,4,442,0.48097753524780273,global,11,La Liga,4,2018/2019,male,Barcelona,Atlético Madrid
16265,1,1,0.8540673851966858,TF-Hybrid,4,442,0.48097753524780273,global,11,La Liga,4,2018/2019,male,Barcelona,Real Sociedad
16275,0,0,0.05056425929069519,TF-Hybrid,4,442,0.48097753524780273,global,11,La Liga,4,2018/2019,male,Deportivo Alavés,Barcelona
16289,1,1,0.9182022213935852,TF-Hybrid,4,442,0.48097753524780273,global,11,La Liga,4,2018/2019,male,Barcelona,Levante UD
16306,1,1,0.9636182188987732,TF-Hybrid,4,442,0.48097753524780273,global,11,La Liga,4,2018/2019,male,Barcelona,Getafe
16317,0,0,0.25181347131729126,TF-Hybrid,4,442,0.48097753524780273,global,11,La Liga,4,2018/2019,male,Eibar,Barcelona
303666,1,0,0.25048667192459106,TF-Hybrid,4,442,0.48097753524780273,global,11,La Liga,42,2019/2020,male,Granada,Barcelona
303430,1,1,0.7320480942726135,TF-Hybrid,4,442,0.48097753524780273,global,11,La Liga,42,2019/2020,male,Barcelona,Villarreal
303473,1,1,0.8215394020080566,TF-Hybrid,4,442,0.48097753524780273,global,11,La Liga,42,2019/2020,male,Barcelona,Sevilla
303700,0,0,0.23134027421474457,TF-Hybrid,4,442,0.48097753524780273,global,11,La Liga,42,2019/2020,male,Eibar,Barcelona
303600,1,1,0.9248082041740417,TF-Hybrid,4,442,0.48097753524780273,global,11,La Liga,42,2019/2020,male,Barcelona,Real Valladolid
303504,1,0,0.1348106414079666,TF-Hybrid,4,442,0.48097753524780273,global,11,La Liga,42,2019/2020,male,Levante UD,Barcelona
303487,1,1,0.9267860054969788,TF-Hybrid,4,442,0.48097753524780273,global,11,La Liga,42,2019/2020,male,Barcelona,Celta Vigo
303715,0,0,0.06926708668470383,TF-Hybrid,4,442,0.48097753524780273,global,11,La Liga,42,2019/2020,male,Leganés,Barcelona
303524,0,0,0.1458115428686142,TF-Hybrid,4,442,0.48097753524780273,global,11,La Liga,42,2019/2020,male,Atlético Madrid,Barcelona
303451,1,1,0.988007664680481,TF-Hybrid,4,442,0.48097753524780273,global,11,La Liga,42,2019/2020,male,Barcelona,Mallorca
303664,0,1,0.5486949682235718,TF-Hybrid,4,442,0.48097753524780273,global,11,La Liga,42,2019/2020,male,Real Sociedad,Barcelona
303596,0,1,0.8683508634567261,TF-Hybrid,4,442,0.48097753524780273,global,11,La Liga,42,2019/2020,male,Barcelona,Real Madrid
303517,1,1,0.9735451340675354,TF-Hybrid,4,442,0.48097753524780273,global,11,La Liga,42,2019/2020,male,Barcelona,Deportivo Alavés
303652,0,0,0.27998530864715576,TF-Hybrid,4,442,0.48097753524780273,global,11,La Liga,42,2019/2020,male,Espanyol,Barcelona
3802699,1,1,0.8298488855361938,TF-Hybrid,4,442,0.48097753524780273,global,7,Ligue 1,108,2021/2022,male,Paris Saint-Germain,Lille
3802984,1,1,0.9684951305389404,TF-Hybrid,4,442,0.48097753524780273,global,7,Ligue 1,108,2021/2022,male,Paris Saint-Germain,Nantes
3802837,0,0,0.30877578258514404,TF-Hybrid,4,442,0.48097753524780273,global,7,Ligue 1,108,2021/2022,male,Saint-Étienne,Paris Saint-Germain
3802793,0,1,0.9099885821342468,TF-Hybrid,4,442,0.48097753524780273,global,7,Ligue 1,108,2021/2022,male,Paris Saint-Germain,OGC Nice
3802683,1,1,0.8602160215377808,TF-Hybrid,4,442,0.48097753524780273,global,7,Ligue 1,108,2021/2022,male,Paris Saint-Germain,AS Monaco
3802690,0,1,0.5813875198364258,TF-Hybrid,4,442,0.48097753524780273,global,7,Ligue 1,108,2021/2022,male,Lorient,Paris Saint-Germain
3802802,1,1,0.841141402721405,TF-Hybrid,4,442,0.48097753524780273,global,7,Ligue 1,108,2021/2022,male,Paris Saint-Germain,Stade de Reims
3802907,0,1,0.5808976888656616,TF-Hybrid,4,442,0.48097753524780273,global,7,Ligue 1,108,2021/2022,male,Lille,Paris Saint-Germain
3802795,1,1,0.9211717247962952,TF-Hybrid,4,442,0.48097753524780273,global,7,Ligue 1,108,2021/2022,male,Paris Saint-Germain,Rennes
3802839,1,0,0.46590954065322876,TF-Hybrid,4,442,0.48097753524780273,global,7,Ligue 1,108,2021/2022,male,Nantes,Paris Saint-Germain
3817900,0,0,0.35470840334892273,TF-Hybrid,4,442,0.48097753524780273,global,1238,Indian Super league,108,2021/2022,male,Chennaiyin,Jamshedpur
3817872,1,1,0.8120319247245789,TF-Hybrid,4,442,0.48097753524780273,global,1238,Indian Super league,108,2021/2022,male,Bengaluru,Odisha
3817885,1,1,0.6174745559692383,TF-Hybrid,4,442,0.48097753524780273,global,1238,Indian Super league,108,2021/2022,male,Mumbai City,East Bengal
3817859,0,0,0.12008196115493774,TF-Hybrid,4,442,0.48097753524780273,global,1238,Indian Super league,108,2021/2022,male,NorthEast United,Jamshedpur
3802709,1,1,0.9388759732246399,TF-Hybrid,4,442,0.48097753524780273,global,7,Ligue 1,108,2021/2022,male,Paris Saint-Germain,Saint-Étienne
3817858,1,1,0.9445907473564148,TF-Hybrid,4,442,0.48097753524780273,global,1238,Indian Super league,108,2021/2022,male,Kerala Blasters,Chennaiyin
3817898,0,1,0.7132450938224792,TF-Hybrid,4,442,0.48097753524780273,global,1238,Indian Super league,108,2021/2022,male,Goa,Mumbai City
3817854,1,1,0.721799373626709,TF-Hybrid,4,442,0.48097753524780273,global,1238,Indian Super league,108,2021/2022,male,Mohun Bagan Super Giant,Bengaluru
3817893,0,1,0.5591166615486145,TF-Hybrid,4,442,0.48097753524780273,global,1238,Indian Super league,108,2021/2022,male,East Bengal,NorthEast United
3802805,1,0,0.46550458669662476,TF-Hybrid,4,442,0.48097753524780273,global,7,Ligue 1,108,2021/2022,male,OGC Nice,Paris Saint-Germain
3802904,1,1,0.8088988065719604,TF-Hybrid,4,442,0.48097753524780273,global,7,Ligue 1,108,2021/2022,male,Paris Saint-Germain,Bordeaux
3802818,1,1,0.9441903233528137,TF-Hybrid,4,442,0.48097753524780273,global,7,Ligue 1,108,2021/2022,male,Paris Saint-Germain,Lorient
3802983,1,1,0.8442121744155884,TF-Hybrid,4,442,0.48097753524780273,global,7,Ligue 1,108,2021/2022,male,Paris Saint-Germain,Olympique de Marseille
3802930,0,1,0.913383960723877,TF-Hybrid,4,442,0.48097753524780273,global,7,Ligue 1,108,2021/2022,male,Paris Saint-Germain,Troyes
3802665,0,0,0.37970155477523804,TF-Hybrid,4,442,0.48097753524780273,global,7,Ligue 1,108,2021/2022,male,Montpellier,Paris Saint-Germain
3837659,1,1,0.9976819753646851,TF-Hybrid,4,442,0.48097753524780273,global,7,Ligue 1,235,2022/2023,male,Paris Saint-Germain,Montpellier
3837662,0,0,0.24828389286994934,TF-Hybrid,4,442,0.48097753524780273,global,7,Ligue 1,235,2022/2023,male,Lille,Paris Saint-Germain
3869321,0,1,0.5754090547561646,TF-Hybrid,4,442,0.48097753524780273,global,43,FIFA World Cup,106,2022,male,Netherlands,Argentina
3869420,0,1,0.6911135911941528,TF-Hybrid,4,442,0.48097753524780273,global,43,FIFA World Cup,106,2022,male,Croatia,Brazil
3869354,0,1,0.856829047203064,TF-Hybrid,4,442,0.48097753524780273,global,43,FIFA World Cup,106,2022,male,England,France
3869486,1,0,0.1595747470855713,TF-Hybrid,4,442,0.48097753524780273,global,43,FIFA World Cup,106,2022,male,Morocco,Portugal
3869519,1,1,0.9439448118209839,TF-Hybrid,4,442,0.48097753524780273,global,43,FIFA World Cup,106,2022,male,Argentina,Croatia
3881591,0,1,0.7502216100692749,TF-Hybrid,4,442,0.48097753524780273,global,49,NWSL,107,2023,female,Racing Louisville FC,Houston Dash
3881592,0,1,0.7584356069564819,TF-Hybrid,4,442,0.48097753524780273,global,49,NWSL,107,2023,female,San Diego Wave,KC Current
3881593,1,1,0.8192312121391296,TF-Hybrid,4,442,0.48097753524780273,global,49,NWSL,107,2023,female,Portland Thorns,Seattle Reign
3881594,1,1,0.7435017228126526,TF-Hybrid,4,442,0.48097753524780273,global,49,NWSL,107,2023,female,NJ/NY Gotham FC,Washington Spirit
3881595,1,1,0.7248254418373108,TF-Hybrid,4,442,0.48097753524780273,global,49,NWSL,107,2023,female,Orlando Pride,North Carolina Courage
3881596,0,0,0.37627434730529785,TF-Hybrid,4,442,0.48097753524780273,global,49,NWSL,107,2023,female,Chicago Red Stars,Angel City
3881599,1,1,0.6674537062644958,TF-Hybrid,4,442,0.48097753524780273,global,49,NWSL,107,2023,female,Washington Spirit,KC Current
3881598,1,0,0.41485098004341125,TF-Hybrid,4,442,0.48097753524780273,global,49,NWSL,107,2023,female,Chicago Red Stars,Racing Louisville FC
3881600,0,0,0.3537503480911255,TF-Hybrid,4,442,0.48097753524780273,global,49,NWSL,107,2023,female,Portland Thorns,San Diego Wave
3881601,0,1,0.8523914813995361,TF-Hybrid,4,442,0.48097753524780273,global,49,NWSL,107,2023,female,NJ/NY Gotham FC,Houston Dash
3881602,0,1,0.5894759893417358,TF-Hybrid,4,442,0.48097753524780273,global,49,NWSL,107,2023,female,Seattle Reign,North Carolina Courage
3881597,0,1,0.5713126063346863,TF-Hybrid,4,442,0.48097753524780273,global,49,NWSL,107,2023,female,Angel City,Orlando Pride
3881604,1,1,0.7377033233642578,TF-Hybrid,4,442,0.48097753524780273,global,49,NWSL,107,2023,female,Racing Louisville FC,Orlando Pride
3881605,0,0,0.4264400899410248,TF-Hybrid,4,442,0.48097753524780273,global,49,NWSL,107,2023,female,Seattle Reign,Washington Spirit
3913107,1,1,0.9394941329956055,TF-Hybrid,4,442,0.48097753524780273,global,37,FA Women's Super League,281,2023/2024,female,Manchester City WFC,Aston Villa W
3913105,1,1,0.5127823948860168,TF-Hybrid,4,442,0.48097753524780273,global,37,FA Women's Super League,281,2023/2024,female,Arsenal WFC,Chelsea FCW
3913106,0,1,0.534593403339386,TF-Hybrid,4,442,0.48097753524780273,global,37,FA Women's Super League,281,2023/2024,female,Brighton & Hove Albion WFC,Leicester City WFC
3913108,0,1,0.6458808183670044,TF-Hybrid,4,442,0.48097753524780273,global,37,FA Women's Super League,281,2023/2024,female,Liverpool WFC,Bristol City WFC
3913109,0,0,0.3030678629875183,TF-Hybrid,4,442,0.48097753524780273,global,37,FA Women's Super League,281,2023/2024,female,Tottenham Hotspur Women,Manchester United W
3913110,0,1,0.5671780109405518,TF-Hybrid,4,442,0.48097753524780273,global,37,FA Women's Super League,281,2023/2024,female,West Ham United LFC,Everton LFC
3913113,1,0,0.12353917956352234,TF-Hybrid,4,442,0.48097753524780273,global,37,FA Women's Super League,281,2023/2024,female,Tottenham Hotspur Women,Arsenal WFC
3913111,0,1,0.6220340132713318,TF-Hybrid,4,442,0.48097753524780273,global,37,FA Women's Super League,281,2023/2024,female,Manchester United W,Liverpool WFC
3913112,0,0,0.14878961443901062,TF-Hybrid,4,442,0.48097753524780273,global,37,FA Women's Super League,281,2023/2024,female,Bristol City WFC,Chelsea FCW
3913114,0,1,0.5060752034187317,TF-Hybrid,4,442,0.48097753524780273,global,37,FA Women's Super League,281,2023/2024,female,Leicester City WFC,West Ham United LFC
3913115,1,1,0.8759638071060181,TF-Hybrid,4,442,0.48097753524780273,global,37,FA Women's Super League,281,2023/2024,female,Aston Villa W,Brighton & Hove Albion WFC
3913116,0,0,0.0533047579228878,TF-Hybrid,4,442,0.48097753524780273,global,37,FA Women's Super League,281,2023/2024,female,Everton LFC,Manchester City WFC
3913119,0,0,0.3514710068702698,TF-Hybrid,4,442,0.48097753524780273,global,37,FA Women's Super League,281,2023/2024,female,Leicester City WFC,Aston Villa W
3913117,1,1,0.9739071726799011,TF-Hybrid,4,442,0.48097753524780273,global,37,FA Women's Super League,281,2023/2024,female,Arsenal WFC,Everton LFC
3913118,0,1,0.7708003520965576,TF-Hybrid,4,442,0.48097753524780273,global,37,FA Women's Super League,281,2023/2024,female,West Ham United LFC,Tottenham Hotspur Women
3913120,1,1,0.977165162563324,TF-Hybrid,4,442,0.48097753524780273,global,37,FA Women's Super League,281,2023/2024,female,Manchester City WFC,Liverpool WFC
3913121,1,1,0.619564950466156,TF-Hybrid,4,442,0.48097753524780273,global,37,FA Women's Super League,281,2023/2024,female,Chelsea FCW,Manchester United W
3913122,1,1,0.5119730234146118,TF-Hybrid,4,442,0.48097753524780273,global,37,FA Women's Super League,281,2023/2024,female,Brighton & Hove Albion WFC,Bristol City WFC
3913123,0,0,0.12002678960561752,TF-Hybrid,4,442,0.48097753524780273,global,37,FA Women's Super League,281,2023/2024,female,Brighton & Hove Albion WFC,Chelsea FCW
3913124,0,0,0.31301218271255493,TF-Hybrid,4,442,0.48097753524780273,global,37,FA Women's Super League,281,2023/2024,female,Bristol City WFC,West Ham United LFC
3913125,0,0,0.1185581162571907,TF-Hybrid,4,442,0.48097753524780273,global,37,FA Women's Super League,281,2023/2024,female,Liverpool WFC,Arsenal WFC
3913126,0,0,0.04988875240087509,TF-Hybrid,4,442,0.48097753524780273,global,37,FA Women's Super League,281,2023/2024,female,Tottenham Hotspur Women,Manchester City WFC
3913127,1,1,0.5641955733299255,TF-Hybrid,4,442,0.48097753524780273,global,37,FA Women's Super League,281,2023/2024,female,Manchester United W,Aston Villa W
3913128,0,1,0.5023630261421204,TF-Hybrid,4,442,0.48097753524780273,global,37,FA Women's Super League,281,2023/2024,female,Everton LFC,Leicester City WFC
3913129,0,1,0.9428743720054626,TF-Hybrid,4,442,0.48097753524780273,global,37,FA Women's Super League,281,2023/2024,female,Aston Villa W,Bristol City WFC
3913130,1,0,0.22297395765781403,TF-Hybrid,4,442,0.48097753524780273,global,37,FA Women's Super League,281,2023/2024,female,West Ham United LFC,Arsenal WFC
3913131,0,0,0.33638501167297363,TF-Hybrid,4,442,0.48097753524780273,global,37,FA Women's Super League,281,2023/2024,female,Liverpool WFC,Tottenham Hotspur Women
3913132,1,1,0.8968622088432312,TF-Hybrid,4,442,0.48097753524780273,global,37,FA Women's Super League,281,2023/2024,female,Manchester City WFC,Leicester City WFC
3913133,1,1,0.7122889757156372,TF-Hybrid,4,442,0.48097753524780273,global,37,FA Women's Super League,281,2023/2024,female,Manchester United W,Brighton & Hove Albion WFC
3913134,1,1,0.9739632606506348,TF-Hybrid,4,442,0.48097753524780273,global,37,FA Women's Super League,281,2023/2024,female,Chelsea FCW,Everton LFC
3913138,0,0,0.38663217425346375,TF-Hybrid,4,442,0.48097753524780273,global,37,FA Women's Super League,281,2023/2024,female,Chelsea FCW,Manchester City WFC
3913135,1,1,0.9044321179389954,TF-Hybrid,4,442,0.48097753524780273,global,37,FA Women's Super League,281,2023/2024,female,Arsenal WFC,Manchester United W
3913136,1,0,0.35899367928504944,TF-Hybrid,4,442,0.48097753524780273,global,37,FA Women's Super League,281,2023/2024,female,Everton LFC,West Ham United LFC
3913137,0,0,0.41586834192276,TF-Hybrid,4,442,0.48097753524780273,global,37,FA Women's Super League,281,2023/2024,female,Brighton & Hove Albion WFC,Liverpool WFC
3913139,0,0,0.4126709997653961,TF-Hybrid,4,442,0.48097753524780273,global,37,FA Women's Super League,281,2023/2024,female,Tottenham Hotspur Women,Aston Villa W
3913140,1,1,0.9207757711410522,TF-Hybrid,4,442,0.48097753524780273,global,37,FA Women's Super League,281,2023/2024,female,Leicester City WFC,Bristol City WFC
3913143,1,1,0.9564550518989563,TF-Hybrid,4,442,0.48097753524780273,global,37,FA Women's Super League,281,2023/2024,female,Manchester City WFC,Everton LFC
3913141,0,1,0.9074973464012146,TF-Hybrid,4,442,0.48097753524780273,global,37,FA Women's Super League,281,2023/2024,female,Aston Villa W,Liverpool WFC
3913142,1,1,0.9208890795707703,TF-Hybrid,4,442,0.48097753524780273,global,37,FA Women's Super League,281,2023/2024,female,Arsenal WFC,Tottenham Hotspur Women
3913144,0,0,0.26854416728019714,TF-Hybrid,4,442,0.48097753524780273,global,37,FA Women's Super League,281,2023/2024,female,West Ham United LFC,Manchester United W
3913145,0,0,0.2756901979446411,TF-Hybrid,4,442,0.48097753524780273,global,37,FA Women's Super League,281,2023/2024,female,Leicester City WFC,Chelsea FCW
3913146,0,0,0.4057595431804657,TF-Hybrid,4,442,0.48097753524780273,global,37,FA Women's Super League,281,2023/2024,female,Bristol City WFC,Brighton & Hove Albion WFC
3913152,1,1,0.9012097120285034,TF-Hybrid,4,442,0.48097753524780273,global,37,FA Women's Super League,281,2023/2024,female,Chelsea FCW,Arsenal WFC
3912231,0,1,0.5176776647567749,TF-Hybrid,4,442,0.48097753524780273,global,135,Frauen Bundesliga,281,2023/2024,female,SC Freiburg,VfL Wolfsburg WFC
3912235,1,0,0.2607690691947937,TF-Hybrid,4,442,0.48097753524780273,global,135,Frauen Bundesliga,281,2023/2024,female,TSV Bayer 04 Leverkusen,Eintracht Frankfurt W
3912230,0,0,0.11909588426351547,TF-Hybrid,4,442,0.48097753524780273,global,135,Frauen Bundesliga,281,2023/2024,female,Nürnberg W,SGS Essen 19/68
3912233,0,0,0.07242230325937271,TF-Hybrid,4,442,0.48097753524780273,global,135,Frauen Bundesliga,281,2023/2024,female,Duisburg WFC,Bayern München W
3928996,1,1,0.7949391603469849,TF-Hybrid,4,442,0.48097753524780273,global,131,Serie A Women,281,2023/2024,female,AC Milan W,Napoli W
3928999,0,0,0.3461713194847107,TF-Hybrid,4,442,0.48097753524780273,global,131,Serie A Women,281,2023/2024,female,Pomigliano,Como W
3912232,0,0,0.45287850499153137,TF-Hybrid,4,442,0.48097753524780273,global,135,Frauen Bundesliga,281,2023/2024,female,Hoffenheim W,Köln
3928997,1,0,0.4431520998477936,TF-Hybrid,4,442,0.48097753524780273,global,131,Serie A Women,281,2023/2024,female,AS Roma W,Juventus W
3912240,1,0,0.19288769364356995,TF-Hybrid,4,442,0.48097753524780273,global,135,Frauen Bundesliga,281,2023/2024,female,RB Leipzig W,TSV Bayer 04 Leverkusen
3912236,1,1,0.6783170700073242,TF-Hybrid,4,442,0.48097753524780273,global,135,Frauen Bundesliga,281,2023/2024,female,SGS Essen 19/68,Hoffenheim W
3912241,1,1,0.8973907828330994,TF-Hybrid,4,442,0.48097753524780273,global,135,Frauen Bundesliga,281,2023/2024,female,Eintracht Frankfurt W,Nürnberg W
3929000,0,0,0.41567328572273254,TF-Hybrid,4,442,0.48097753524780273,global,131,Serie A Women,281,2023/2024,female,Fiorentina W,AS Roma W
3929003,1,1,0.6903858780860901,TF-Hybrid,4,442,0.48097753524780273,global,131,Serie A Women,281,2023/2024,female,Juventus W,Sassuolo W
3912237,0,0,0.0648285448551178,TF-Hybrid,4,442,0.48097753524780273,global,135,Frauen Bundesliga,281,2023/2024,female,Duisburg WFC,VfL Wolfsburg WFC
3912238,1,1,0.7608524560928345,TF-Hybrid,4,442,0.48097753524780273,global,135,Frauen Bundesliga,281,2023/2024,female,Köln,SC Freiburg
3929001,0,0,0.11335042119026184,TF-Hybrid,4,442,0.48097753524780273,global,131,Serie A Women,281,2023/2024,female,Sampdoria W,AC Milan W
3929002,0,1,0.7554938197135925,TF-Hybrid,4,442,0.48097753524780273,global,131,Serie A Women,281,2023/2024,female,Napoli W,Pomigliano
3912239,1,1,0.9160839319229126,TF-Hybrid,4,442,0.48097753524780273,global,135,Frauen Bundesliga,281,2023/2024,female,Bayern München W,SV Werder Bremen
3929004,0,0,0.4704052209854126,TF-Hybrid,4,442,0.48097753524780273,global,131,Serie A Women,281,2023/2024,female,Juventus W,FC Internazionale Milano W
3929005,0,1,0.5753031969070435,TF-Hybrid,4,442,0.48097753524780273,global,131,Serie A Women,281,2023/2024,female,Fiorentina W,Sassuolo W
3929006,0,1,0.7296079397201538,TF-Hybrid,4,442,0.48097753524780273,global,131,Serie A Women,281,2023/2024,female,Sampdoria W,Pomigliano
3929007,0,1,0.5107695460319519,TF-Hybrid,4,442,0.48097753524780273,global,131,Serie A Women,281,2023/2024,female,Napoli W,Como W
3911543,1,1,0.9927692413330078,TF-Hybrid,4,442,0.48097753524780273,global,182,Liga F,281,2023/2024,female,Barcelona WFC,Madrid CFF
3929008,0,0,0.2646482288837433,TF-Hybrid,4,442,0.48097753524780273,global,131,Serie A Women,281,2023/2024,female,Sassuolo W,AS Roma W
3929009,0,0,0.07445960491895676,TF-Hybrid,4,442,0.48097753524780273,global,131,Serie A Women,281,2023/2024,female,Pomigliano,AC Milan W
3929010,1,1,0.8837591409683228,TF-Hybrid,4,442,0.48097753524780273,global,131,Serie A Women,281,2023/2024,female,Como W,Sampdoria W
3929011,0,1,0.9084433913230896,TF-Hybrid,4,442,0.48097753524780273,global,131,Serie A Women,281,2023/2024,female,FC Internazionale Milano W,Fiorentina W
3912245,1,1,0.9535543918609619,TF-Hybrid,4,442,0.48097753524780273,global,135,Frauen Bundesliga,281,2023/2024,female,VfL Wolfsburg WFC,Köln
3911551,1,1,0.6878659129142761,TF-Hybrid,4,442,0.48097753524780273,global,182,Liga F,281,2023/2024,female,Athletic Club Bilbao,Villarreal
3911552,1,1,0.7662461996078491,TF-Hybrid,4,442,0.48097753524780273,global,182,Liga F,281,2023/2024,female,Atletico Madrid W,Costa Adeje Tenerife
3911556,0,0,0.02777000330388546,TF-Hybrid,4,442,0.48097753524780273,global,182,Liga F,281,2023/2024,female,Granada W,Barcelona WFC
3911558,0,0,0.33552175760269165,TF-Hybrid,4,442,0.48097753524780273,global,182,Liga F,281,2023/2024,female,Valencia CF,SD Eibar
3911553,1,1,0.5466329455375671,TF-Hybrid,4,442,0.48097753524780273,global,182,Liga F,281,2023/2024,female,Levante UD Femenino,Real Sociedad de Fútbol
3911554,0,0,0.05594625696539879,TF-Hybrid,4,442,0.48097753524780273,global,182,Liga F,281,2023/2024,female,Madrid CFF,Real Madrid CF W
3911555,0,0,0.44060951471328735,TF-Hybrid,4,442,0.48097753524780273,global,182,Liga F,281,2023/2024,female,Real Betis Balompié,Sevilla FC
3911557,0,1,0.5689560770988464,TF-Hybrid,4,442,0.48097753524780273,global,182,Liga F,281,2023/2024,female,CD Sporting de Huelva,FC Levante Badalona
3911562,1,1,0.996961772441864,TF-Hybrid,4,442,0.48097753524780273,global,182,Liga F,281,2023/2024,female,Barcelona WFC,Athletic Club Bilbao
3911566,0,0,0.2953379154205322,TF-Hybrid,4,442,0.48097753524780273,global,182,Liga F,281,2023/2024,female,Villarreal,SD Eibar
3911559,0,0,0.4660451114177704,TF-Hybrid,4,442,0.48097753524780273,global,182,Liga F,281,2023/2024,female,FC Levante Badalona,Levante UD Femenino
3911563,0,1,0.7129014134407043,TF-Hybrid,4,442,0.48097753524780273,global,182,Liga F,281,2023/2024,female,Real Madrid CF W,Atletico Madrid W
3911564,0,0,0.21424679458141327,TF-Hybrid,4,442,0.48097753524780273,global,182,Liga F,281,2023/2024,female,Granada W,Real Betis Balompié
3911560,1,1,0.6315755844116211,TF-Hybrid,4,442,0.48097753524780273,global,182,Liga F,281,2023/2024,female,Madrid CFF,Valencia CF
3911561,1,1,0.7876770496368408,TF-Hybrid,4,442,0.48097753524780273,global,182,Liga F,281,2023/2024,female,Sevilla FC,CD Sporting de Huelva
3911565,0,0,0.3846995532512665,TF-Hybrid,4,442,0.48097753524780273,global,182,Liga F,281,2023/2024,female,Costa Adeje Tenerife,Real Sociedad de Fútbol
3911629,0,0,0.005621152929961681,TF-Hybrid,4,442,0.48097753524780273,global,182,Liga F,281,2023/2024,female,SD Eibar,Barcelona WFC
3879837,1,1,0.6040650010108948,TF-NN,5,542,,global,12,Serie A,27,2015/2016,male,Inter Milan,Udinese
3753990,0,0,0.06939998269081116,TF-NN,5,542,,global,2,Premier League,27,2015/2016,male,Sunderland,Arsenal
3754228,1,0,0.4687190353870392,TF-NN,5,542,,global,2,Premier League,27,2015/2016,male,Leicester City,Swansea City
3879838,1,0,0.4865074157714844,TF-NN,5,542,,global,12,Serie A,27,2015/2016,male,Sampdoria,Lazio
3879839,0,1,0.6914650797843933,TF-NN,5,542,,global,12,Serie A,27,2015/2016,male,Fiorentina,Juventus
3879840,1,0,0.4242088794708252,TF-NN,5,542,,global,12,Serie A,27,2015/2016,male,Bologna,Genoa
3879841,0,0,0.2644871473312378,TF-NN,5,542,,global,12,Serie A,27,2015/2016,male,Frosinone,Palermo
3879842,1,0,0.3872542381286621,TF-NN,5,542,,global,12,Serie A,27,2015/2016,male,Atalanta,Chievo
3879843,0,0,0.3196389079093933,TF-NN,5,542,,global,12,Serie A,27,2015/2016,male,Torino,Sassuolo
3754332,0,0,0.3388158977031708,TF-NN,5,542,,global,2,Premier League,27,2015/2016,male,Tottenham Hotspur,West Bromwich Albion
3879844,1,0,0.2775479555130005,TF-NN,5,542,,global,12,Serie A,27,2015/2016,male,Carpi,Empoli
3879845,1,0,0.30929166078567505,TF-NN,5,542,,global,12,Serie A,27,2015/2016,male,AS Roma,Napoli
3879846,1,0,0.4967600405216217,TF-NN,5,542,,global,12,Serie A,27,2015/2016,male,Hellas Verona,AC Milan
3754037,1,0,0.3739321827888489,TF-NN,5,542,,global,2,Premier League,27,2015/2016,male,Everton,AFC Bournemouth
3754063,1,0,0.4879859983921051,TF-NN,5,542,,global,2,Premier League,27,2015/2016,male,Watford,Aston Villa
3754132,0,0,0.23565484583377838,TF-NN,5,542,,global,2,Premier League,27,2015/2016,male,Stoke City,Sunderland
3754170,1,0,0.1928304135799408,TF-NN,5,542,,global,2,Premier League,27,2015/2016,male,Newcastle United,Crystal Palace
3754184,1,0,0.4371764063835144,TF-NN,5,542,,global,2,Premier League,27,2015/2016,male,Arsenal,Norwich City
3754192,0,0,0.2050749957561493,TF-NN,5,542,,global,2,Premier League,27,2015/2016,male,West Bromwich Albion,West Ham United
3879847,0,0,0.3231860101222992,TF-NN,5,542,,global,12,Serie A,27,2015/2016,male,Udinese,Torino
3879848,0,0,0.06025136262178421,TF-NN,5,542,,global,12,Serie A,27,2015/2016,male,Chievo,Fiorentina
3754018,1,1,0.510796308517456,TF-NN,5,542,,global,2,Premier League,27,2015/2016,male,Swansea City,Liverpool
3754165,0,0,0.24535255134105682,TF-NN,5,542,,global,2,Premier League,27,2015/2016,male,Manchester United,Leicester City
3754320,1,1,0.5857295989990234,TF-NN,5,542,,global,2,Premier League,27,2015/2016,male,Southampton,Manchester City
3879849,0,1,0.5446496605873108,TF-NN,5,542,,global,12,Serie A,27,2015/2016,male,Empoli,Bologna
3879850,1,0,0.4094715714454651,TF-NN,5,542,,global,12,Serie A,27,2015/2016,male,Juventus,Carpi
3879851,0,1,0.67588871717453,TF-NN,5,542,,global,12,Serie A,27,2015/2016,male,AC Milan,Frosinone
3879852,1,0,0.30116674304008484,TF-NN,5,542,,global,12,Serie A,27,2015/2016,male,Palermo,Sampdoria
3879853,1,1,0.518334150314331,TF-NN,5,542,,global,12,Serie A,27,2015/2016,male,Lazio,Inter Milan
3879854,1,0,0.3479146957397461,TF-NN,5,542,,global,12,Serie A,27,2015/2016,male,Sassuolo,Hellas Verona
3754092,0,0,0.26082438230514526,TF-NN,5,542,,global,2,Premier League,27,2015/2016,male,Chelsea,Tottenham Hotspur
3879855,1,1,0.5075529217720032,TF-NN,5,542,,global,12,Serie A,27,2015/2016,male,Napoli,Atalanta
3879856,0,0,0.3685309886932373,TF-NN,5,542,,global,12,Serie A,27,2015/2016,male,Genoa,AS Roma
3754026,1,0,0.444464772939682,TF-NN,5,542,,global,2,Premier League,27,2015/2016,male,Crystal Palace,Stoke City
3754033,1,1,0.6633374691009521,TF-NN,5,542,,global,2,Premier League,27,2015/2016,male,Leicester City,Everton
3754070,0,0,0.12189891934394836,TF-NN,5,542,,global,2,Premier League,27,2015/2016,male,Aston Villa,Newcastle United
3754108,1,0,0.25946688652038574,TF-NN,5,542,,global,2,Premier League,27,2015/2016,male,Sunderland,Chelsea
3754158,0,1,0.5144824385643005,TF-NN,5,542,,global,2,Premier League,27,2015/2016,male,West Ham United,Swansea City
3754210,0,0,0.1822168081998825,TF-NN,5,542,,global,2,Premier League,27,2015/2016,male,Norwich City,Manchester United
3754225,0,0,0.2863249182701111,TF-NN,5,542,,global,2,Premier League,27,2015/2016,male,AFC Bournemouth,West Bromwich Albion
3879857,1,1,0.519576370716095,TF-NN,5,542,,global,12,Serie A,27,2015/2016,male,Inter Milan,Empoli
3879858,0,0,0.19325467944145203,TF-NN,5,542,,global,12,Serie A,27,2015/2016,male,Bologna,AC Milan
3753992,0,1,0.6303839683532715,TF-NN,5,542,,global,2,Premier League,27,2015/2016,male,Tottenham Hotspur,Southampton
3754314,0,0,0.26875483989715576,TF-NN,5,542,,global,2,Premier League,27,2015/2016,male,Manchester City,Arsenal
3754342,1,1,0.705907940864563,TF-NN,5,542,,global,2,Premier League,27,2015/2016,male,Liverpool,Watford
3879859,0,0,0.4951242208480835,TF-NN,5,542,,global,12,Serie A,27,2015/2016,male,Carpi,Lazio
3879860,0,0,0.3861490488052368,TF-NN,5,542,,global,12,Serie A,27,2015/2016,male,Fiorentina,Palermo
3879861,0,0,0.2644372880458832,TF-NN,5,542,,global,12,Serie A,27,2015/2016,male,Frosinone,Sassuolo
3879862,0,0,0.10489215701818466,TF-NN,5,542,,global,12,Serie A,27,2015/2016,male,Torino,Napoli
3879863,0,1,0.5168910026550293,TF-NN,5,542,,global,12,Serie A,27,2015/2016,male,Atalanta,Udinese
3879864,1,1,0.5080139636993408,TF-NN,5,542,,global,12,Serie A,27,2015/2016,male,Hellas Verona,Juventus
3879865,0,0,0.2363724261522293,TF-NN,5,542,,global,12,Serie A,27,2015/2016,male,Sampdoria,Genoa
3879866,1,0,0.49521419405937195,TF-NN,5,542,,global,12,Serie A,27,2015/2016,male,AS Roma,Chievo
3754134,1,0,0.49045562744140625,TF-NN,5,542,,global,2,Premier League,27,2015/2016,male,West Ham United,Manchester United
3753989,1,0,0.31714677810668945,TF-NN,5,542,,global,2,Premier League,27,2015/2016,male,Sunderland,Everton
3754055,0,0,0.4090752601623535,TF-NN,5,542,,global,2,Premier League,27,2015/2016,male,Liverpool,Chelsea
3754207,1,1,0.5491012930870056,TF-NN,5,542,,global,2,Premier League,27,2015/2016,male,Norwich City,Watford
3879867,1,1,0.6522374749183655,TF-NN,5,542,,global,12,Serie A,27,2015/2016,male,Napoli,Frosinone
3879868,1,0,0.4577597379684448,TF-NN,5,542,,global,12,Serie A,27,2015/2016,male,Sassuolo,Inter Milan
3879869,0,0,0.4672357439994812,TF-NN,5,542,,global,12,Serie A,27,2015/2016,male,AC Milan,AS Roma
3879870,1,1,0.7376133799552917,TF-NN,5,542,,global,12,Serie A,27,2015/2016,male,Juventus,Sampdoria
3753994,1,1,0.5981540083885193,TF-NN,5,542,,global,2,Premier League,27,2015/2016,male,Southampton,Crystal Palace
3754041,1,1,0.6096855998039246,TF-NN,5,542,,global,2,Premier League,27,2015/2016,male,Arsenal,Aston Villa
3754042,0,0,0.44882267713546753,TF-NN,5,542,,global,2,Premier League,27,2015/2016,male,West Bromwich Albion,Liverpool
3754123,1,1,0.5423938035964966,TF-NN,5,542,,global,2,Premier League,27,2015/2016,male,Everton,Norwich City
3754149,0,0,0.2006000578403473,TF-NN,5,542,,global,2,Premier League,27,2015/2016,male,Swansea City,Manchester City
3754199,1,0,0.12019507586956024,TF-NN,5,542,,global,2,Premier League,27,2015/2016,male,Stoke City,West Ham United
3754229,0,1,0.510768711566925,TF-NN,5,542,,global,2,Premier League,27,2015/2016,male,Chelsea,Leicester City
3754308,0,0,0.4809672236442566,TF-NN,5,542,,global,2,Premier League,27,2015/2016,male,Watford,Sunderland
3754333,1,1,0.561159074306488,TF-NN,5,542,,global,2,Premier League,27,2015/2016,male,Newcastle United,Tottenham Hotspur
3879871,0,0,0.11561978608369827,TF-NN,5,542,,global,12,Serie A,27,2015/2016,male,Udinese,Carpi
3879872,0,0,0.25473979115486145,TF-NN,5,542,,global,12,Serie A,27,2015/2016,male,Chievo,Bologna
3879873,1,0,0.3195742964744568,TF-NN,5,542,,global,12,Serie A,27,2015/2016,male,Empoli,Torino
3879874,0,0,0.4337905943393707,TF-NN,5,542,,global,12,Serie A,27,2015/2016,male,Lazio,Fiorentina
3879875,1,0,0.23219121992588043,TF-NN,5,542,,global,12,Serie A,27,2015/2016,male,Palermo,Hellas Verona
3879876,0,0,0.33972325921058655,TF-NN,5,542,,global,12,Serie A,27,2015/2016,male,Genoa,Atalanta
3754159,1,0,0.45853936672210693,TF-NN,5,542,,global,2,Premier League,27,2015/2016,male,Manchester United,AFC Bournemouth
303610,1,1,0.6835938096046448,TF-NN,5,542,,global,11,La Liga,42,2019/2020,male,Barcelona,Granada
303400,1,0,0.31430748105049133,TF-NN,5,542,,global,11,La Liga,42,2019/2020,male,Valencia,Barcelona
303682,1,1,0.8143951296806335,TF-NN,5,542,,global,11,La Liga,42,2019/2020,male,Barcelona,Levante UD
303707,0,0,0.440702348947525,TF-NN,5,542,,global,11,La Liga,42,2019/2020,male,Real Betis,Barcelona
303377,1,1,0.6308213472366333,TF-NN,5,542,,global,11,La Liga,42,2019/2020,male,Barcelona,Getafe
303731,1,1,0.9274532794952393,TF-NN,5,542,,global,11,La Liga,42,2019/2020,male,Barcelona,Eibar
303470,1,0,0.48443976044654846,TF-NN,5,542,,global,11,La Liga,42,2019/2020,male,Real Madrid,Barcelona
303479,1,1,0.5220425128936768,TF-NN,5,542,,global,11,La Liga,42,2019/2020,male,Barcelona,Real Sociedad
303548,0,0,0.349634051322937,TF-NN,5,542,,global,11,La Liga,42,2019/2020,male,Mallorca,Barcelona
303532,1,1,0.721943736076355,TF-NN,5,542,,global,11,La Liga,42,2019/2020,male,Barcelona,Leganés
303674,0,0,0.1431543231010437,TF-NN,5,542,,global,11,La Liga,42,2019/2020,male,Sevilla,Barcelona
303493,1,0,0.4916384220123291,TF-NN,5,542,,global,11,La Liga,42,2019/2020,male,Barcelona,Athletic Club
303516,0,0,0.2686556875705719,TF-NN,5,542,,global,11,La Liga,42,2019/2020,male,Celta Vigo,Barcelona
303696,0,1,0.6334434151649475,TF-NN,5,542,,global,11,La Liga,42,2019/2020,male,Barcelona,Atlético Madrid
303725,0,0,0.15429633855819702,TF-NN,5,542,,global,11,La Liga,42,2019/2020,male,Villarreal,Barcelona
303615,1,1,0.7231119275093079,TF-NN,5,542,,global,11,La Liga,42,2019/2020,male,Barcelona,Espanyol
303680,0,0,0.13546526432037354,TF-NN,5,542,,global,11,La Liga,42,2019/2020,male,Real Valladolid,Barcelona
303634,0,1,0.506969690322876,TF-NN,5,542,,global,11,La Liga,42,2019/2020,male,Barcelona,Osasuna
303421,0,0,0.18771818280220032,TF-NN,5,542,,global,11,La Liga,42,2019/2020,male,Deportivo Alavés,Barcelona
3773593,1,1,0.7834312915802002,TF-NN,5,542,,global,11,La Liga,90,2020/2021,male,Barcelona,Villarreal
3773466,0,0,0.06108156591653824,TF-NN,5,542,,global,11,La Liga,90,2020/2021,male,Celta Vigo,Barcelona
3773672,0,1,0.5701753497123718,TF-NN,5,542,,global,11,La Liga,90,2020/2021,male,Barcelona,Sevilla
3773587,1,0,0.4781540632247925,TF-NN,5,542,,global,11,La Liga,90,2020/2021,male,Getafe,Barcelona
3773585,0,1,0.5314449071884155,TF-NN,5,542,,global,11,La Liga,90,2020/2021,male,Barcelona,Real Madrid
3773386,0,0,0.3146275281906128,TF-NN,5,542,,global,11,La Liga,90,2020/2021,male,Deportivo Alavés,Barcelona
3773477,1,1,0.9544064998626709,TF-NN,5,542,,global,11,La Liga,90,2020/2021,male,Barcelona,Real Betis
3773656,1,0,0.3552781641483307,TF-NN,5,542,,global,11,La Liga,90,2020/2021,male,Atlético Madrid,Barcelona
3773547,1,1,0.8987063765525818,TF-NN,5,542,,global,11,La Liga,90,2020/2021,male,Barcelona,Osasuna
3773660,1,1,0.5967060923576355,TF-NN,5,542,,global,11,La Liga,90,2020/2021,male,Barcelona,Levante UD
3773523,1,1,0.7249681353569031,TF-NN,5,542,,global,11,La Liga,90,2020/2021,male,Barcelona,Real Sociedad
3773377,0,1,0.7253451943397522,TF-NN,5,542,,global,11,La Liga,90,2020/2021,male,Barcelona,Valencia
3773571,0,0,0.08727610111236572,TF-NN,5,542,,global,11,La Liga,90,2020/2021,male,Real Valladolid,Barcelona
3764661,0,0,0.35628241300582886,TF-NN,5,542,,global,11,La Liga,90,2020/2021,male,Athletic Club,Barcelona
3773565,0,0,0.18639101088047028,TF-NN,5,542,,global,11,La Liga,90,2020/2021,male,Granada,Barcelona
3773403,1,1,0.652906596660614,TF-NN,5,542,,global,11,La Liga,90,2020/2021,male,Barcelona,Athletic Club
3773631,0,0,0.47185811400413513,TF-NN,5,542,,global,11,La Liga,90,2020/2021,male,Real Betis,Barcelona
3773526,1,1,0.9367616772651672,TF-NN,5,542,,global,11,La Liga,90,2020/2021,male,Barcelona,Deportivo Alavés
3764440,1,1,0.881775975227356,TF-NN,5,542,,global,11,La Liga,90,2020/2021,male,Barcelona,Elche
3773625,0,0,0.1501307338476181,TF-NN,5,542,,global,11,La Liga,90,2020/2021,male,Sevilla,Barcelona
3773665,0,0,0.42063283920288086,TF-NN,5,542,,global,11,La Liga,90,2020/2021,male,Osasuna,Barcelona
3773597,0,0,0.1411903202533722,TF-NN,5,542,,global,11,La Liga,90,2020/2021,male,Real Sociedad,Barcelona
3773474,1,0,0.4914673864841461,TF-NN,5,542,,global,11,La Liga,90,2020/2021,male,Barcelona,Real Valladolid
3773497,1,0,0.3556867241859436,TF-NN,5,542,,global,11,La Liga,90,2020/2021,male,Real Madrid,Barcelona
3773661,1,1,0.6961188316345215,TF-NN,5,542,,global,11,La Liga,90,2020/2021,male,Barcelona,Getafe
3773689,0,0,0.49613553285598755,TF-NN,5,542,,global,11,La Liga,90,2020/2021,male,Villarreal,Barcelona
3773586,0,1,0.5896815657615662,TF-NN,5,542,,global,11,La Liga,90,2020/2021,male,Barcelona,Granada
3773695,0,0,0.3648510277271271,TF-NN,5,542,,global,11,La Liga,90,2020/2021,male,Valencia,Barcelona
3773372,0,0,0.38665467500686646,TF-NN,5,542,,global,11,La Liga,90,2020/2021,male,Barcelona,Atlético Madrid
3773387,0,0,0.3040265142917633,TF-NN,5,542,,global,11,La Liga,90,2020/2021,male,Levante UD,Barcelona
3773457,0,1,0.7044240236282349,TF-NN,5,542,,global,11,La Liga,90,2020/2021,male,Barcelona,Celta Vigo
3817866,1,0,0.46299508213996887,TF-NN,5,542,,global,1238,Indian Super league,108,2021/2022,male,Kerala Blasters,Mumbai City
3817899,1,1,0.5551412105560303,TF-NN,5,542,,global,1238,Indian Super league,108,2021/2022,male,Jamshedpur,Odisha
3817891,0,0,0.2543514370918274,TF-NN,5,542,,global,1238,Indian Super league,108,2021/2022,male,East Bengal,Bengaluru
3817870,0,0,0.20828834176063538,TF-NN,5,542,,global,1238,Indian Super league,108,2021/2022,male,Goa,Kerala Blasters
3817856,0,0,0.27267640829086304,TF-NN,5,542,,global,1238,Indian Super league,108,2021/2022,male,Mohun Bagan Super Giant,Jamshedpur
3827337,0,0,0.1093498021364212,TF-NN,5,542,,global,1238,Indian Super league,108,2021/2022,male,Jamshedpur,Kerala Blasters
3827335,0,0,0.3699324429035187,TF-NN,5,542,,global,1238,Indian Super league,108,2021/2022,male,Kerala Blasters,Jamshedpur
3837680,0,1,0.7990308403968811,TF-NN,5,542,,global,7,Ligue 1,235,2022/2023,male,Paris Saint-Germain,AS Monaco
3837683,0,0,0.21517764031887054,TF-NN,5,542,,global,7,Ligue 1,235,2022/2023,male,Toulouse,Paris Saint-Germain
3837695,0,0,0.19850978255271912,TF-NN,5,542,,global,7,Ligue 1,235,2022/2023,male,Nantes,Paris Saint-Germain
3837717,0,0,0.36401981115341187,TF-NN,5,542,,global,7,Ligue 1,235,2022/2023,male,Lyon,Paris Saint-Germain
3837727,1,0,0.4223101735115051,TF-NN,5,542,,global,7,Ligue 1,235,2022/2023,male,Paris Saint-Germain,OGC Nice
3837771,1,1,0.757072389125824,TF-NN,5,542,,global,7,Ligue 1,235,2022/2023,male,Paris Saint-Germain,Troyes
3869552,1,0,0.35265621542930603,TF-NN,5,542,,global,43,FIFA World Cup,106,2022,male,France,Morocco
3869684,1,0,0.29222720861434937,TF-NN,5,542,,global,43,FIFA World Cup,106,2022,male,Croatia,Morocco
3869685,0,1,0.704448401927948,TF-NN,5,542,,global,43,FIFA World Cup,106,2022,male,Argentina,France
3837818,1,1,0.7262227535247803,TF-NN,5,542,,global,7,Ligue 1,235,2022/2023,male,Paris Saint-Germain,Angers
3837827,1,0,0.3251062333583832,TF-NN,5,542,,global,7,Ligue 1,235,2022/2023,male,Rennes,Paris Saint-Germain
3837839,0,1,0.6196104288101196,TF-NN,5,542,,global,7,Ligue 1,235,2022/2023,male,Paris Saint-Germain,Stade de Reims
3837844,0,0,0.1250520795583725,TF-NN,5,542,,global,7,Ligue 1,235,2022/2023,male,Montpellier,Paris Saint-Germain
3837859,1,1,0.6078943014144897,TF-NN,5,542,,global,7,Ligue 1,235,2022/2023,male,Paris Saint-Germain,Toulouse
3837876,1,0,0.4566294848918915,TF-NN,5,542,,global,7,Ligue 1,235,2022/2023,male,Paris Saint-Germain,Lille
3837885,0,0,0.30546972155570984,TF-NN,5,542,,global,7,Ligue 1,235,2022/2023,male,Olympique de Marseille,Paris Saint-Germain
3837896,1,1,0.5978413820266724,TF-NN,5,542,,global,7,Ligue 1,235,2022/2023,male,Paris Saint-Germain,Nantes
3837918,0,1,0.5132073760032654,TF-NN,5,542,,global,7,Ligue 1,235,2022/2023,male,Paris Saint-Germain,Rennes
3837928,0,0,0.41560521721839905,TF-NN,5,542,,global,7,Ligue 1,235,2022/2023,male,Paris Saint-Germain,Lyon
3837938,0,0,0.4393790066242218,TF-NN,5,542,,global,7,Ligue 1,235,2022/2023,male,OGC Nice,Paris Saint-Germain
3837954,0,0,0.38831108808517456,TF-NN,5,542,,global,7,Ligue 1,235,2022/2023,male,Angers,Paris Saint-Germain
3837963,0,1,0.576635479927063,TF-NN,5,542,,global,7,Ligue 1,235,2022/2023,male,Paris Saint-Germain,Lorient
3881603,1,0,0.3402385413646698,TF-NN,5,542,,global,49,NWSL,107,2023,female,Portland Thorns,NJ/NY Gotham FC
3881606,0,0,0.40370604395866394,TF-NN,5,542,,global,49,NWSL,107,2023,female,North Carolina Courage,San Diego Wave
3881607,1,1,0.5331431031227112,TF-NN,5,542,,global,49,NWSL,107,2023,female,KC Current,Chicago Red Stars
3881608,0,0,0.46310824155807495,TF-NN,5,542,,global,49,NWSL,107,2023,female,Houston Dash,Angel City
3881612,0,0,0.44501298666000366,TF-NN,5,542,,global,49,NWSL,107,2023,female,NJ/NY Gotham FC,KC Current
3881609,1,1,0.5188442468643188,TF-NN,5,542,,global,49,NWSL,107,2023,female,Angel City,Portland Thorns
3881610,1,1,0.500209391117096,TF-NN,5,542,,global,49,NWSL,107,2023,female,Orlando Pride,Houston Dash
3881611,0,0,0.05449478328227997,TF-NN,5,542,,global,49,NWSL,107,2023,female,Chicago Red Stars,Seattle Reign
3881613,0,0,0.19396691024303436,TF-NN,5,542,,global,49,NWSL,107,2023,female,Washington Spirit,North Carolina Courage
3881614,1,0,0.4943872392177582,TF-NN,5,542,,global,49,NWSL,107,2023,female,San Diego Wave,Racing Louisville FC
3914644,1,0,0.2114902287721634,TF-NN,5,542,,global,49,NWSL,107,2023,female,Seattle Reign,Angel City
3914645,0,0,0.11149457097053528,TF-NN,5,542,,global,49,NWSL,107,2023,female,North Carolina Courage,NJ/NY Gotham FC
3915110,0,0,0.24571187794208527,TF-NN,5,542,,global,49,NWSL,107,2023,female,San Diego Wave,Seattle Reign
3915111,0,0,0.17835219204425812,TF-NN,5,542,,global,49,NWSL,107,2023,female,Portland Thorns,NJ/NY Gotham FC
3915998,0,0,0.4106602668762207,TF-NN,5,542,,global,49,NWSL,107,2023,female,Seattle Reign,NJ/NY Gotham FC
3913147,0,0,0.29783469438552856,TF-NN,5,542,,global,37,FA Women's Super League,281,2023/2024,female,Everton LFC,Aston Villa W
3913148,1,0,0.4499576687812805,TF-NN,5,542,,global,37,FA Women's Super League,281,2023/2024,female,Liverpool WFC,West Ham United LFC
3913149,1,0,0.1557490974664688,TF-NN,5,542,,global,37,FA Women's Super League,281,2023/2024,female,Tottenham Hotspur Women,Leicester City WFC
3913150,0,0,0.04663895070552826,TF-NN,5,542,,global,37,FA Women's Super League,281,2023/2024,female,Brighton & Hove Albion WFC,Manchester City WFC
3913151,1,0,0.4329012632369995,TF-NN,5,542,,global,37,FA Women's Super League,281,2023/2024,female,Manchester United W,Bristol City WFC
3913155,1,1,0.5366020798683167,TF-NN,5,542,,global,37,FA Women's Super League,281,2023/2024,female,Manchester City WFC,Manchester United W
3913153,0,0,0.14138926565647125,TF-NN,5,542,,global,37,FA Women's Super League,281,2023/2024,female,Everton LFC,Liverpool WFC
3913154,0,0,0.12584809958934784,TF-NN,5,542,,global,37,FA Women's Super League,281,2023/2024,female,Bristol City WFC,Tottenham Hotspur Women
3913156,0,0,0.11226005852222443,TF-NN,5,542,,global,37,FA Women's Super League,281,2023/2024,female,Aston Villa W,Arsenal WFC
3913157,0,0,0.33039554953575134,TF-NN,5,542,,global,37,FA Women's Super League,281,2023/2024,female,Leicester City WFC,Brighton & Hove Albion WFC
3913158,0,0,0.41413047909736633,TF-NN,5,542,,global,37,FA Women's Super League,281,2023/2024,female,West Ham United LFC,Chelsea FCW
3913159,0,0,0.4495382606983185,TF-NN,5,542,,global,37,FA Women's Super League,281,2023/2024,female,Aston Villa W,Leicester City WFC
3913162,0,0,0.07026387006044388,TF-NN,5,542,,global,37,FA Women's Super League,281,2023/2024,female,Liverpool WFC,Manchester City WFC
3913161,1,1,0.5379658341407776,TF-NN,5,542,,global,37,FA Women's Super League,281,2023/2024,female,Manchester United W,Everton LFC
3913164,0,0,0.13822920620441437,TF-NN,5,542,,global,37,FA Women's Super League,281,2023/2024,female,West Ham United LFC,Brighton & Hove Albion WFC
3913160,1,1,0.7340784668922424,TF-NN,5,542,,global,37,FA Women's Super League,281,2023/2024,female,Arsenal WFC,Bristol City WFC
3913165,1,1,0.5397671461105347,TF-NN,5,542,,global,37,FA Women's Super League,281,2023/2024,female,Chelsea FCW,Aston Villa W
3913166,0,0,0.4805954396724701,TF-NN,5,542,,global,37,FA Women's Super League,281,2023/2024,female,Brighton & Hove Albion WFC,Everton LFC
3913170,0,0,0.19763827323913574,TF-NN,5,542,,global,37,FA Women's Super League,281,2023/2024,female,Bristol City WFC,Liverpool WFC
3913167,0,1,0.5289207696914673,TF-NN,5,542,,global,37,FA Women's Super League,281,2023/2024,female,Manchester United W,Tottenham Hotspur Women
3913168,1,1,0.6686187982559204,TF-NN,5,542,,global,37,FA Women's Super League,281,2023/2024,female,Manchester City WFC,West Ham United LFC
3913169,1,1,0.595640242099762,TF-NN,5,542,,global,37,FA Women's Super League,281,2023/2024,female,Arsenal WFC,Leicester City WFC
3913171,0,0,0.38714802265167236,TF-NN,5,542,,global,37,FA Women's Super League,281,2023/2024,female,Leicester City WFC,Manchester United W
3913172,0,0,0.47570520639419556,TF-NN,5,542,,global,37,FA Women's Super League,281,2023/2024,female,Tottenham Hotspur Women,Brighton & Hove Albion WFC
3913174,0,0,0.08629357814788818,TF-NN,5,542,,global,37,FA Women's Super League,281,2023/2024,female,Bristol City WFC,Manchester City WFC
3913175,0,0,0.4437982141971588,TF-NN,5,542,,global,37,FA Women's Super League,281,2023/2024,female,Aston Villa W,West Ham United LFC
3913176,0,0,0.17114555835723877,TF-NN,5,542,,global,37,FA Women's Super League,281,2023/2024,female,Everton LFC,Arsenal WFC
3913173,1,0,0.2765398323535919,TF-NN,5,542,,global,37,FA Women's Super League,281,2023/2024,female,Liverpool WFC,Chelsea FCW
3912243,0,0,0.11049707978963852,TF-NN,5,542,,global,135,Frauen Bundesliga,281,2023/2024,female,Hoffenheim W,Eintracht Frankfurt W
3912247,0,0,0.17795658111572266,TF-NN,5,542,,global,135,Frauen Bundesliga,281,2023/2024,female,TSV Bayer 04 Leverkusen,Bayern München W
3913181,0,0,0.29549524188041687,TF-NN,5,542,,global,37,FA Women's Super League,281,2023/2024,female,Everton LFC,Tottenham Hotspur Women
3913182,0,0,0.2802489399909973,TF-NN,5,542,,global,37,FA Women's Super League,281,2023/2024,female,Brighton & Hove Albion WFC,Aston Villa W
3912244,0,0,0.26839274168014526,TF-NN,5,542,,global,135,Frauen Bundesliga,281,2023/2024,female,SC Freiburg,SGS Essen 19/68
3912246,1,1,0.5356114506721497,TF-NN,5,542,,global,135,Frauen Bundesliga,281,2023/2024,female,SV Werder Bremen,Duisburg WFC
3913177,0,0,0.48863375186920166,TF-NN,5,542,,global,37,FA Women's Super League,281,2023/2024,female,Manchester City WFC,Arsenal WFC
3913178,0,0,0.31012052297592163,TF-NN,5,542,,global,37,FA Women's Super League,281,2023/2024,female,West Ham United LFC,Leicester City WFC
3913179,1,1,0.6045352220535278,TF-NN,5,542,,global,37,FA Women's Super League,281,2023/2024,female,Liverpool WFC,Manchester United W
3913180,1,1,0.6710783839225769,TF-NN,5,542,,global,37,FA Women's Super League,281,2023/2024,female,Chelsea FCW,Bristol City WFC
3929013,1,0,0.3110233545303345,TF-NN,5,542,,global,131,Serie A Women,281,2023/2024,female,AC Milan W,Como W
3929014,1,0,0.3924688398838043,TF-NN,5,542,,global,131,Serie A Women,281,2023/2024,female,Sampdoria W,Napoli W
3929015,1,1,0.5982597470283508,TF-NN,5,542,,global,131,Serie A Women,281,2023/2024,female,AS Roma W,FC Internazionale Milano W
3912242,0,0,0.08071979135274887,TF-NN,5,542,,global,135,Frauen Bundesliga,281,2023/2024,female,Nürnberg W,RB Leipzig W
3929012,0,0,0.33122557401657104,TF-NN,5,542,,global,131,Serie A Women,281,2023/2024,female,Fiorentina W,Juventus W
3912248,1,0,0.4731631875038147,TF-NN,5,542,,global,135,Frauen Bundesliga,281,2023/2024,female,RB Leipzig W,Hoffenheim W
3912249,1,0,0.1565643846988678,TF-NN,5,542,,global,135,Frauen Bundesliga,281,2023/2024,female,SGS Essen 19/68,Köln
3912251,0,0,0.07006711512804031,TF-NN,5,542,,global,135,Frauen Bundesliga,281,2023/2024,female,Duisburg WFC,TSV Bayer 04 Leverkusen
3912250,0,0,0.13853149116039276,TF-NN,5,542,,global,135,Frauen Bundesliga,281,2023/2024,female,SV Werder Bremen,VfL Wolfsburg WFC
3912252,1,1,0.5983667969703674,TF-NN,5,542,,global,135,Frauen Bundesliga,281,2023/2024,female,Bayern München W,Nürnberg W
3929016,0,0,0.09438497573137283,TF-NN,5,542,,global,131,Serie A Women,281,2023/2024,female,Napoli W,AC Milan W
3929018,1,0,0.4634449779987335,TF-NN,5,542,,global,131,Serie A Women,281,2023/2024,female,Como W,Pomigliano
3929019,0,1,0.5631190538406372,TF-NN,5,542,,global,131,Serie A Women,281,2023/2024,female,FC Internazionale Milano W,Sassuolo W
3912253,1,0,0.4133896827697754,TF-NN,5,542,,global,135,Frauen Bundesliga,281,2023/2024,female,Eintracht Frankfurt W,SC Freiburg
3929017,1,0,0.4314596354961395,TF-NN,5,542,,global,131,Serie A Women,281,2023/2024,female,Juventus W,AS Roma W
3913163,0,0,0.1395709216594696,TF-NN,5,542,,global,37,FA Women's Super League,281,2023/2024,female,Tottenham Hotspur Women,Chelsea FCW
3913183,0,0,0.1314949095249176,TF-NN,5,542,,global,37,FA Women's Super League,281,2023/2024,female,Bristol City WFC,Everton LFC
3913184,0,0,0.2755843698978424,TF-NN,5,542,,global,37,FA Women's Super League,281,2023/2024,female,Aston Villa W,Manchester City WFC
3913185,1,1,0.6813743114471436,TF-NN,5,542,,global,37,FA Women's Super League,281,2023/2024,female,Arsenal WFC,Brighton & Hove Albion WFC
3913186,0,0,0.1361199915409088,TF-NN,5,542,,global,37,FA Women's Super League,281,2023/2024,female,Leicester City WFC,Liverpool WFC
3913187,0,0,0.17638227343559265,TF-NN,5,542,,global,37,FA Women's Super League,281,2023/2024,female,Manchester United W,Chelsea FCW
3913188,1,0,0.4592210352420807,TF-NN,5,542,,global,37,FA Women's Super League,281,2023/2024,female,Tottenham Hotspur Women,West Ham United LFC
3929022,1,1,0.5334736108779907,TF-NN,5,542,,global,131,Serie A Women,281,2023/2024,female,AC Milan W,Sampdoria W
3929023,0,0,0.22133952379226685,TF-NN,5,542,,global,131,Serie A Women,281,2023/2024,female,Sassuolo W,Juventus W
3929020,1,1,0.6534884572029114,TF-NN,5,542,,global,131,Serie A Women,281,2023/2024,female,AS Roma W,Fiorentina W
3929021,1,0,0.4529257118701935,TF-NN,5,542,,global,131,Serie A Women,281,2023/2024,female,Pomigliano,Napoli W
3912254,0,0,0.4662121534347534,TF-NN,5,542,,global,135,Frauen Bundesliga,281,2023/2024,female,TSV Bayer 04 Leverkusen,SV Werder Bremen
3912255,1,0,0.3074355721473694,TF-NN,5,542,,global,135,Frauen Bundesliga,281,2023/2024,female,Nürnberg W,Duisburg WFC
3912256,0,0,0.11187980324029922,TF-NN,5,542,,global,135,Frauen Bundesliga,281,2023/2024,female,Hoffenheim W,Bayern München W
3912257,0,0,0.16733227670192719,TF-NN,5,542,,global,135,Frauen Bundesliga,281,2023/2024,female,Köln,Eintracht Frankfurt W
3912258,1,0,0.12918712198734283,TF-NN,5,542,,global,135,Frauen Bundesliga,281,2023/2024,female,SC Freiburg,RB Leipzig W
3912259,1,1,0.8213357925415039,TF-NN,5,542,,global,135,Frauen Bundesliga,281,2023/2024,female,VfL Wolfsburg WFC,SGS Essen 19/68
3911625,1,1,0.700851321220398,TF-NN,5,542,,global,182,Liga F,281,2023/2024,female,Atletico Madrid W,FC Levante Badalona
3911626,1,0,0.40500837564468384,TF-NN,5,542,,global,182,Liga F,281,2023/2024,female,Athletic Club Bilbao,Costa Adeje Tenerife
3911627,1,1,0.6314460039138794,TF-NN,5,542,,global,182,Liga F,281,2023/2024,female,Levante UD Femenino,Villarreal
3911630,1,0,0.4821945130825043,TF-NN,5,542,,global,182,Liga F,281,2023/2024,female,CD Sporting de Huelva,Granada W
3911628,0,0,0.14639164507389069,TF-NN,5,542,,global,182,Liga F,281,2023/2024,female,Real Betis Balompié,Madrid CFF
3911631,0,0,0.1468070149421692,TF-NN,5,542,,global,182,Liga F,281,2023/2024,female,Real Sociedad de Fútbol,Real Madrid CF W
3911632,1,1,0.5372816920280457,TF-NN,5,542,,global,182,Liga F,281,2023/2024,female,Valencia CF,Sevilla FC
3911633,1,0,0.15636536478996277,TF-NN,5,542,,global,182,Liga F,281,2023/2024,female,Villarreal,CD Sporting de Huelva
3911634,0,0,0.32247984409332275,TF-NN,5,542,,global,182,Liga F,281,2023/2024,female,Sevilla FC,Atletico Madrid W
3911635,0,0,0.24970024824142456,TF-NN,5,542,,global,182,Liga F,281,2023/2024,female,Costa Adeje Tenerife,SD Eibar
3911636,1,1,0.555042028427124,TF-NN,5,542,,global,182,Liga F,281,2023/2024,female,Barcelona WFC,Real Betis Balompié
3911637,1,0,0.31957006454467773,TF-NN,5,542,,global,182,Liga F,281,2023/2024,female,Real Madrid CF W,Athletic Club Bilbao
3911638,0,0,0.4508105218410492,TF-NN,5,542,,global,182,Liga F,281,2023/2024,female,Madrid CFF,Real Sociedad de Fútbol
3911639,0,0,0.19990786910057068,TF-NN,5,542,,global,182,Liga F,281,2023/2024,female,Granada W,Levante UD Femenino
3911640,1,1,0.5605724453926086,TF-NN,5,542,,global,182,Liga F,281,2023/2024,female,FC Levante Badalona,Valencia CF
3911641,0,0,0.047731202095746994,TF-NN,5,542,,global,182,Liga F,281,2023/2024,female,CD Sporting de Huelva,Real Madrid CF W
3911642,0,0,0.2545505166053772,TF-NN,5,542,,global,182,Liga F,281,2023/2024,female,Real Sociedad de Fútbol,FC Levante Badalona
3911644,0,0,0.2892933189868927,TF-NN,5,542,,global,182,Liga F,281,2023/2024,female,SD Eibar,Granada W
3911645,1,0,0.35316482186317444,TF-NN,5,542,,global,182,Liga F,281,2023/2024,female,Real Betis Balompié,Costa Adeje Tenerife
3911646,1,0,0.4406360685825348,TF-NN,5,542,,global,182,Liga F,281,2023/2024,female,Levante UD Femenino,Madrid CFF
3911647,1,1,0.5218785405158997,TF-NN,5,542,,global,182,Liga F,281,2023/2024,female,Atletico Madrid W,Villarreal
3911643,0,0,0.14833709597587585,TF-NN,5,542,,global,182,Liga F,281,2023/2024,female,Valencia CF,Barcelona WFC
3911648,1,0,0.4943564236164093,TF-NN,5,542,,global,182,Liga F,281,2023/2024,female,Athletic Club Bilbao,Sevilla FC
3879837,1,1,0.844194769859314,TF-Hybrid,5,542,0.47139838337898254,global,12,Serie A,27,2015/2016,male,Inter Milan,Udinese
3753990,0,0,0.11945267766714096,TF-Hybrid,5,542,0.47139838337898254,global,2,Premier League,27,2015/2016,male,Sunderland,Arsenal
3754228,1,1,0.7124986052513123,TF-Hybrid,5,542,0.47139838337898254,global,2,Premier League,27,2015/2016,male,Leicester City,Swansea City
3879838,1,0,0.19486172497272491,TF-Hybrid,5,542,0.47139838337898254,global,12,Serie A,27,2015/2016,male,Sampdoria,Lazio
3879839,0,1,0.572973906993866,TF-Hybrid,5,542,0.47139838337898254,global,12,Serie A,27,2015/2016,male,Fiorentina,Juventus
3879840,1,0,0.294031023979187,TF-Hybrid,5,542,0.47139838337898254,global,12,Serie A,27,2015/2016,male,Bologna,Genoa
3879841,0,0,0.2800014019012451,TF-Hybrid,5,542,0.47139838337898254,global,12,Serie A,27,2015/2016,male,Frosinone,Palermo
3879842,1,0,0.2724519968032837,TF-Hybrid,5,542,0.47139838337898254,global,12,Serie A,27,2015/2016,male,Atalanta,Chievo
3879843,0,0,0.24773025512695312,TF-Hybrid,5,542,0.47139838337898254,global,12,Serie A,27,2015/2016,male,Torino,Sassuolo
3754332,0,1,0.5769784450531006,TF-Hybrid,5,542,0.47139838337898254,global,2,Premier League,27,2015/2016,male,Tottenham Hotspur,West Bromwich Albion
3879844,1,0,0.41726288199424744,TF-Hybrid,5,542,0.47139838337898254,global,12,Serie A,27,2015/2016,male,Carpi,Empoli
3879845,1,0,0.3310839533805847,TF-Hybrid,5,542,0.47139838337898254,global,12,Serie A,27,2015/2016,male,AS Roma,Napoli
3879846,1,0,0.4709128737449646,TF-Hybrid,5,542,0.47139838337898254,global,12,Serie A,27,2015/2016,male,Hellas Verona,AC Milan
3754037,1,0,0.14484171569347382,TF-Hybrid,5,542,0.47139838337898254,global,2,Premier League,27,2015/2016,male,Everton,AFC Bournemouth
3754063,1,1,0.5850338935852051,TF-Hybrid,5,542,0.47139838337898254,global,2,Premier League,27,2015/2016,male,Watford,Aston Villa
3754132,0,0,0.21973343193531036,TF-Hybrid,5,542,0.47139838337898254,global,2,Premier League,27,2015/2016,male,Stoke City,Sunderland
3754170,1,0,0.39964914321899414,TF-Hybrid,5,542,0.47139838337898254,global,2,Premier League,27,2015/2016,male,Newcastle United,Crystal Palace
3754184,1,1,0.7230508327484131,TF-Hybrid,5,542,0.47139838337898254,global,2,Premier League,27,2015/2016,male,Arsenal,Norwich City
3754192,0,0,0.1079440489411354,TF-Hybrid,5,542,0.47139838337898254,global,2,Premier League,27,2015/2016,male,West Bromwich Albion,West Ham United
3879847,0,0,0.48319995403289795,TF-Hybrid,5,542,0.47139838337898254,global,12,Serie A,27,2015/2016,male,Udinese,Torino
3879848,0,0,0.19086116552352905,TF-Hybrid,5,542,0.47139838337898254,global,12,Serie A,27,2015/2016,male,Chievo,Fiorentina
3754018,1,0,0.27776867151260376,TF-Hybrid,5,542,0.47139838337898254,global,2,Premier League,27,2015/2016,male,Swansea City,Liverpool
3754165,0,0,0.4651445746421814,TF-Hybrid,5,542,0.47139838337898254,global,2,Premier League,27,2015/2016,male,Manchester United,Leicester City
3754320,1,1,0.9192864298820496,TF-Hybrid,5,542,0.47139838337898254,global,2,Premier League,27,2015/2016,male,Southampton,Manchester City
3879849,0,1,0.6684750914573669,TF-Hybrid,5,542,0.47139838337898254,global,12,Serie A,27,2015/2016,male,Empoli,Bologna
3879850,1,1,0.6710124015808105,TF-Hybrid,5,542,0.47139838337898254,global,12,Serie A,27,2015/2016,male,Juventus,Carpi
3879851,0,1,0.8395922780036926,TF-Hybrid,5,542,0.47139838337898254,global,12,Serie A,27,2015/2016,male,AC Milan,Frosinone
3879852,1,0,0.374182790517807,TF-Hybrid,5,542,0.47139838337898254,global,12,Serie A,27,2015/2016,male,Palermo,Sampdoria
3879853,1,1,0.5450745820999146,TF-Hybrid,5,542,0.47139838337898254,global,12,Serie A,27,2015/2016,male,Lazio,Inter Milan
3879854,1,0,0.3701205253601074,TF-Hybrid,5,542,0.47139838337898254,global,12,Serie A,27,2015/2016,male,Sassuolo,Hellas Verona
3754092,0,0,0.26165154576301575,TF-Hybrid,5,542,0.47139838337898254,global,2,Premier League,27,2015/2016,male,Chelsea,Tottenham Hotspur
3879855,1,1,0.8219002485275269,TF-Hybrid,5,542,0.47139838337898254,global,12,Serie A,27,2015/2016,male,Napoli,Atalanta
3879856,0,0,0.2284286618232727,TF-Hybrid,5,542,0.47139838337898254,global,12,Serie A,27,2015/2016,male,Genoa,AS Roma
3754026,1,0,0.4733627140522003,TF-Hybrid,5,542,0.47139838337898254,global,2,Premier League,27,2015/2016,male,Crystal Palace,Stoke City
3754033,1,1,0.9269523024559021,TF-Hybrid,5,542,0.47139838337898254,global,2,Premier League,27,2015/2016,male,Leicester City,Everton
3754070,0,0,0.15463389456272125,TF-Hybrid,5,542,0.47139838337898254,global,2,Premier League,27,2015/2016,male,Aston Villa,Newcastle United
3754108,1,0,0.24222871661186218,TF-Hybrid,5,542,0.47139838337898254,global,2,Premier League,27,2015/2016,male,Sunderland,Chelsea
3754158,0,1,0.7981637716293335,TF-Hybrid,5,542,0.47139838337898254,global,2,Premier League,27,2015/2016,male,West Ham United,Swansea City
3754210,0,0,0.22389499843120575,TF-Hybrid,5,542,0.47139838337898254,global,2,Premier League,27,2015/2016,male,Norwich City,Manchester United
3754225,0,0,0.40888333320617676,TF-Hybrid,5,542,0.47139838337898254,global,2,Premier League,27,2015/2016,male,AFC Bournemouth,West Bromwich Albion
3879857,1,1,0.7946315407752991,TF-Hybrid,5,542,0.47139838337898254,global,12,Serie A,27,2015/2016,male,Inter Milan,Empoli
3879858,0,0,0.2659132778644562,TF-Hybrid,5,542,0.47139838337898254,global,12,Serie A,27,2015/2016,male,Bologna,AC Milan
3753992,0,1,0.5097485184669495,TF-Hybrid,5,542,0.47139838337898254,global,2,Premier League,27,2015/2016,male,Tottenham Hotspur,Southampton
3754314,0,0,0.2678387463092804,TF-Hybrid,5,542,0.47139838337898254,global,2,Premier League,27,2015/2016,male,Manchester City,Arsenal
3754342,1,1,0.9343296885490417,TF-Hybrid,5,542,0.47139838337898254,global,2,Premier League,27,2015/2016,male,Liverpool,Watford
3879859,0,1,0.6420073509216309,TF-Hybrid,5,542,0.47139838337898254,global,12,Serie A,27,2015/2016,male,Carpi,Lazio
3879860,0,0,0.4840843677520752,TF-Hybrid,5,542,0.47139838337898254,global,12,Serie A,27,2015/2016,male,Fiorentina,Palermo
3879861,0,0,0.14745981991291046,TF-Hybrid,5,542,0.47139838337898254,global,12,Serie A,27,2015/2016,male,Frosinone,Sassuolo
3879862,0,0,0.05977039411664009,TF-Hybrid,5,542,0.47139838337898254,global,12,Serie A,27,2015/2016,male,Torino,Napoli
3879863,0,1,0.6231160163879395,TF-Hybrid,5,542,0.47139838337898254,global,12,Serie A,27,2015/2016,male,Atalanta,Udinese
3879864,1,1,0.62876957654953,TF-Hybrid,5,542,0.47139838337898254,global,12,Serie A,27,2015/2016,male,Hellas Verona,Juventus
3879865,0,0,0.22235289216041565,TF-Hybrid,5,542,0.47139838337898254,global,12,Serie A,27,2015/2016,male,Sampdoria,Genoa
3879866,1,1,0.7726613879203796,TF-Hybrid,5,542,0.47139838337898254,global,12,Serie A,27,2015/2016,male,AS Roma,Chievo
3754134,1,0,0.4993375539779663,TF-Hybrid,5,542,0.47139838337898254,global,2,Premier League,27,2015/2016,male,West Ham United,Manchester United
3753989,1,1,0.5458738803863525,TF-Hybrid,5,542,0.47139838337898254,global,2,Premier League,27,2015/2016,male,Sunderland,Everton
3754055,0,0,0.4584329128265381,TF-Hybrid,5,542,0.47139838337898254,global,2,Premier League,27,2015/2016,male,Liverpool,Chelsea
3754207,1,1,0.7393808364868164,TF-Hybrid,5,542,0.47139838337898254,global,2,Premier League,27,2015/2016,male,Norwich City,Watford
3879867,1,1,0.9348080158233643,TF-Hybrid,5,542,0.47139838337898254,global,12,Serie A,27,2015/2016,male,Napoli,Frosinone
3879868,1,0,0.411216139793396,TF-Hybrid,5,542,0.47139838337898254,global,12,Serie A,27,2015/2016,male,Sassuolo,Inter Milan
3879869,0,0,0.4518235921859741,TF-Hybrid,5,542,0.47139838337898254,global,12,Serie A,27,2015/2016,male,AC Milan,AS Roma
3879870,1,1,0.8493064045906067,TF-Hybrid,5,542,0.47139838337898254,global,12,Serie A,27,2015/2016,male,Juventus,Sampdoria
3753994,1,1,0.9233949184417725,TF-Hybrid,5,542,0.47139838337898254,global,2,Premier League,27,2015/2016,male,Southampton,Crystal Palace
3754041,1,1,0.8809934258460999,TF-Hybrid,5,542,0.47139838337898254,global,2,Premier League,27,2015/2016,male,Arsenal,Aston Villa
3754042,0,0,0.3722517490386963,TF-Hybrid,5,542,0.47139838337898254,global,2,Premier League,27,2015/2016,male,West Bromwich Albion,Liverpool
3754123,1,1,0.6751925945281982,TF-Hybrid,5,542,0.47139838337898254,global,2,Premier League,27,2015/2016,male,Everton,Norwich City
3754149,0,0,0.18090350925922394,TF-Hybrid,5,542,0.47139838337898254,global,2,Premier League,27,2015/2016,male,Swansea City,Manchester City
3754199,1,0,0.11820299178361893,TF-Hybrid,5,542,0.47139838337898254,global,2,Premier League,27,2015/2016,male,Stoke City,West Ham United
3754229,0,0,0.3135310113430023,TF-Hybrid,5,542,0.47139838337898254,global,2,Premier League,27,2015/2016,male,Chelsea,Leicester City
3754308,0,0,0.4038989245891571,TF-Hybrid,5,542,0.47139838337898254,global,2,Premier League,27,2015/2016,male,Watford,Sunderland
3754333,1,1,0.7555952668190002,TF-Hybrid,5,542,0.47139838337898254,global,2,Premier League,27,2015/2016,male,Newcastle United,Tottenham Hotspur
3879871,0,0,0.15983110666275024,TF-Hybrid,5,542,0.47139838337898254,global,12,Serie A,27,2015/2016,male,Udinese,Carpi
3879872,0,0,0.17758965492248535,TF-Hybrid,5,542,0.47139838337898254,global,12,Serie A,27,2015/2016,male,Chievo,Bologna
3879873,1,0,0.40605372190475464,TF-Hybrid,5,542,0.47139838337898254,global,12,Serie A,27,2015/2016,male,Empoli,Torino
3879874,0,0,0.3183337450027466,TF-Hybrid,5,542,0.47139838337898254,global,12,Serie A,27,2015/2016,male,Lazio,Fiorentina
3879875,1,0,0.12084950506687164,TF-Hybrid,5,542,0.47139838337898254,global,12,Serie A,27,2015/2016,male,Palermo,Hellas Verona
3879876,0,0,0.3588355481624603,TF-Hybrid,5,542,0.47139838337898254,global,12,Serie A,27,2015/2016,male,Genoa,Atalanta
3754159,1,1,0.6132948994636536,TF-Hybrid,5,542,0.47139838337898254,global,2,Premier League,27,2015/2016,male,Manchester United,AFC Bournemouth
303610,1,1,0.9184538125991821,TF-Hybrid,5,542,0.47139838337898254,global,11,La Liga,42,2019/2020,male,Barcelona,Granada
303400,1,0,0.15439438819885254,TF-Hybrid,5,542,0.47139838337898254,global,11,La Liga,42,2019/2020,male,Valencia,Barcelona
303682,1,1,0.9560526013374329,TF-Hybrid,5,542,0.47139838337898254,global,11,La Liga,42,2019/2020,male,Barcelona,Levante UD
303707,0,0,0.3648625314235687,TF-Hybrid,5,542,0.47139838337898254,global,11,La Liga,42,2019/2020,male,Real Betis,Barcelona
303377,1,1,0.8745777010917664,TF-Hybrid,5,542,0.47139838337898254,global,11,La Liga,42,2019/2020,male,Barcelona,Getafe
303731,1,1,0.9872812628746033,TF-Hybrid,5,542,0.47139838337898254,global,11,La Liga,42,2019/2020,male,Barcelona,Eibar
303470,1,0,0.41702690720558167,TF-Hybrid,5,542,0.47139838337898254,global,11,La Liga,42,2019/2020,male,Real Madrid,Barcelona
303479,1,1,0.7804363965988159,TF-Hybrid,5,542,0.47139838337898254,global,11,La Liga,42,2019/2020,male,Barcelona,Real Sociedad
303548,0,0,0.14812329411506653,TF-Hybrid,5,542,0.47139838337898254,global,11,La Liga,42,2019/2020,male,Mallorca,Barcelona
303532,1,1,0.8518076539039612,TF-Hybrid,5,542,0.47139838337898254,global,11,La Liga,42,2019/2020,male,Barcelona,Leganés
303674,0,0,0.137359619140625,TF-Hybrid,5,542,0.47139838337898254,global,11,La Liga,42,2019/2020,male,Sevilla,Barcelona
303493,1,1,0.8083327412605286,TF-Hybrid,5,542,0.47139838337898254,global,11,La Liga,42,2019/2020,male,Barcelona,Athletic Club
303516,0,0,0.3709774315357208,TF-Hybrid,5,542,0.47139838337898254,global,11,La Liga,42,2019/2020,male,Celta Vigo,Barcelona
303696,0,1,0.9171566367149353,TF-Hybrid,5,542,0.47139838337898254,global,11,La Liga,42,2019/2020,male,Barcelona,Atlético Madrid
303725,0,0,0.15680919587612152,TF-Hybrid,5,542,0.47139838337898254,global,11,La Liga,42,2019/2020,male,Villarreal,Barcelona
303615,1,1,0.9433869123458862,TF-Hybrid,5,542,0.47139838337898254,global,11,La Liga,42,2019/2020,male,Barcelona,Espanyol
303680,0,0,0.08141423016786575,TF-Hybrid,5,542,0.47139838337898254,global,11,La Liga,42,2019/2020,male,Real Valladolid,Barcelona
303634,0,1,0.9264385104179382,TF-Hybrid,5,542,0.47139838337898254,global,11,La Liga,42,2019/2020,male,Barcelona,Osasuna
303421,0,0,0.15534619987010956,TF-Hybrid,5,542,0.47139838337898254,global,11,La Liga,42,2019/2020,male,Deportivo Alavés,Barcelona
3773593,1,1,0.9686138033866882,TF-Hybrid,5,542,0.47139838337898254,global,11,La Liga,90,2020/2021,male,Barcelona,Villarreal
3773466,0,0,0.07909488677978516,TF-Hybrid,5,542,0.47139838337898254,global,11,La Liga,90,2020/2021,male,Celta Vigo,Barcelona
3773672,0,1,0.9451853632926941,TF-Hybrid,5,542,0.47139838337898254,global,11,La Liga,90,2020/2021,male,Barcelona,Sevilla
3773587,1,0,0.2060026228427887,TF-Hybrid,5,542,0.47139838337898254,global,11,La Liga,90,2020/2021,male,Getafe,Barcelona
3773585,0,1,0.6699010133743286,TF-Hybrid,5,542,0.47139838337898254,global,11,La Liga,90,2020/2021,male,Barcelona,Real Madrid
3773386,0,0,0.4162865877151489,TF-Hybrid,5,542,0.47139838337898254,global,11,La Liga,90,2020/2021,male,Deportivo Alavés,Barcelona
3773477,1,1,0.9913284182548523,TF-Hybrid,5,542,0.47139838337898254,global,11,La Liga,90,2020/2021,male,Barcelona,Real Betis
3773656,1,0,0.21126516163349152,TF-Hybrid,5,542,0.47139838337898254,global,11,La Liga,90,2020/2021,male,Atlético Madrid,Barcelona
3773547,1,1,0.9928145408630371,TF-Hybrid,5,542,0.47139838337898254,global,11,La Liga,90,2020/2021,male,Barcelona,Osasuna
3773660,1,1,0.925851583480835,TF-Hybrid,5,542,0.47139838337898254,global,11,La Liga,90,2020/2021,male,Barcelona,Levante UD
3773523,1,1,0.9788770079612732,TF-Hybrid,5,542,0.47139838337898254,global,11,La Liga,90,2020/2021,male,Barcelona,Real Sociedad
3773377,0,1,0.9716805815696716,TF-Hybrid,5,542,0.47139838337898254,global,11,La Liga,90,2020/2021,male,Barcelona,Valencia
3773571,0,0,0.07802996784448624,TF-Hybrid,5,542,0.47139838337898254,global,11,La Liga,90,2020/2021,male,Real Valladolid,Barcelona
3764661,0,0,0.15029308199882507,TF-Hybrid,5,542,0.47139838337898254,global,11,La Liga,90,2020/2021,male,Athletic Club,Barcelona
3773565,0,0,0.0776292011141777,TF-Hybrid,5,542,0.47139838337898254,global,11,La Liga,90,2020/2021,male,Granada,Barcelona
3773403,1,1,0.9229065775871277,TF-Hybrid,5,542,0.47139838337898254,global,11,La Liga,90,2020/2021,male,Barcelona,Athletic Club
3773631,0,0,0.20206274092197418,TF-Hybrid,5,542,0.47139838337898254,global,11,La Liga,90,2020/2021,male,Real Betis,Barcelona
3773526,1,1,0.9936356544494629,TF-Hybrid,5,542,0.47139838337898254,global,11,La Liga,90,2020/2021,male,Barcelona,Deportivo Alavés
3764440,1,1,0.991894543170929,TF-Hybrid,5,542,0.47139838337898254,global,11,La Liga,90,2020/2021,male,Barcelona,Elche
3773625,0,0,0.09098051488399506,TF-Hybrid,5,542,0.47139838337898254,global,11,La Liga,90,2020/2021,male,Sevilla,Barcelona
3773665,0,0,0.13867607712745667,TF-Hybrid,5,542,0.47139838337898254,global,11,La Liga,90,2020/2021,male,Osasuna,Barcelona
3773597,0,0,0.17806145548820496,TF-Hybrid,5,542,0.47139838337898254,global,11,La Liga,90,2020/2021,male,Real Sociedad,Barcelona
3773474,1,1,0.9003576636314392,TF-Hybrid,5,542,0.47139838337898254,global,11,La Liga,90,2020/2021,male,Barcelona,Real Valladolid
3773497,1,0,0.26275455951690674,TF-Hybrid,5,542,0.47139838337898254,global,11,La Liga,90,2020/2021,male,Real Madrid,Barcelona
3773661,1,1,0.9606196284294128,TF-Hybrid,5,542,0.47139838337898254,global,11,La Liga,90,2020/2021,male,Barcelona,Getafe
3773689,0,0,0.2216768115758896,TF-Hybrid,5,542,0.47139838337898254,global,11,La Liga,90,2020/2021,male,Villarreal,Barcelona
3773586,0,1,0.8651022911071777,TF-Hybrid,5,542,0.47139838337898254,global,11,La Liga,90,2020/2021,male,Barcelona,Granada
3773695,0,0,0.15079161524772644,TF-Hybrid,5,542,0.47139838337898254,global,11,La Liga,90,2020/2021,male,Valencia,Barcelona
3773372,0,1,0.6665357351303101,TF-Hybrid,5,542,0.47139838337898254,global,11,La Liga,90,2020/2021,male,Barcelona,Atlético Madrid
3773387,0,0,0.11150510609149933,TF-Hybrid,5,542,0.47139838337898254,global,11,La Liga,90,2020/2021,male,Levante UD,Barcelona
3773457,0,1,0.794599711894989,TF-Hybrid,5,542,0.47139838337898254,global,11,La Liga,90,2020/2021,male,Barcelona,Celta Vigo
3817866,1,1,0.6315181255340576,TF-Hybrid,5,542,0.47139838337898254,global,1238,Indian Super league,108,2021/2022,male,Kerala Blasters,Mumbai City
3817899,1,1,0.7697229981422424,TF-Hybrid,5,542,0.47139838337898254,global,1238,Indian Super league,108,2021/2022,male,Jamshedpur,Odisha
3817891,0,0,0.32769685983657837,TF-Hybrid,5,542,0.47139838337898254,global,1238,Indian Super league,108,2021/2022,male,East Bengal,Bengaluru
3817870,0,0,0.3222312033176422,TF-Hybrid,5,542,0.47139838337898254,global,1238,Indian Super league,108,2021/2022,male,Goa,Kerala Blasters
3817856,0,0,0.17302818596363068,TF-Hybrid,5,542,0.47139838337898254,global,1238,Indian Super league,108,2021/2022,male,Mohun Bagan Super Giant,Jamshedpur
3827337,0,0,0.24366925656795502,TF-Hybrid,5,542,0.47139838337898254,global,1238,Indian Super league,108,2021/2022,male,Jamshedpur,Kerala Blasters
3827335,0,0,0.39638572931289673,TF-Hybrid,5,542,0.47139838337898254,global,1238,Indian Super league,108,2021/2022,male,Kerala Blasters,Jamshedpur
3837680,0,1,0.9886916875839233,TF-Hybrid,5,542,0.47139838337898254,global,7,Ligue 1,235,2022/2023,male,Paris Saint-Germain,AS Monaco
3837683,0,0,0.259647399187088,TF-Hybrid,5,542,0.47139838337898254,global,7,Ligue 1,235,2022/2023,male,Toulouse,Paris Saint-Germain
3837695,0,0,0.04950573295354843,TF-Hybrid,5,542,0.47139838337898254,global,7,Ligue 1,235,2022/2023,male,Nantes,Paris Saint-Germain
3837717,0,0,0.2915215492248535,TF-Hybrid,5,542,0.47139838337898254,global,7,Ligue 1,235,2022/2023,male,Lyon,Paris Saint-Germain
3837727,1,1,0.8003289103507996,TF-Hybrid,5,542,0.47139838337898254,global,7,Ligue 1,235,2022/2023,male,Paris Saint-Germain,OGC Nice
3837771,1,1,0.9745566844940186,TF-Hybrid,5,542,0.47139838337898254,global,7,Ligue 1,235,2022/2023,male,Paris Saint-Germain,Troyes
3869552,1,0,0.49776577949523926,TF-Hybrid,5,542,0.47139838337898254,global,43,FIFA World Cup,106,2022,male,France,Morocco
3869684,1,0,0.3402363955974579,TF-Hybrid,5,542,0.47139838337898254,global,43,FIFA World Cup,106,2022,male,Croatia,Morocco
3869685,0,1,0.9394931197166443,TF-Hybrid,5,542,0.47139838337898254,global,43,FIFA World Cup,106,2022,male,Argentina,France
3837818,1,1,0.9450016617774963,TF-Hybrid,5,542,0.47139838337898254,global,7,Ligue 1,235,2022/2023,male,Paris Saint-Germain,Angers
3837827,1,0,0.2659286558628082,TF-Hybrid,5,542,0.47139838337898254,global,7,Ligue 1,235,2022/2023,male,Rennes,Paris Saint-Germain
3837839,0,1,0.9101243615150452,TF-Hybrid,5,542,0.47139838337898254,global,7,Ligue 1,235,2022/2023,male,Paris Saint-Germain,Stade de Reims
3837844,0,0,0.12841796875,TF-Hybrid,5,542,0.47139838337898254,global,7,Ligue 1,235,2022/2023,male,Montpellier,Paris Saint-Germain
3837859,1,1,0.6848047375679016,TF-Hybrid,5,542,0.47139838337898254,global,7,Ligue 1,235,2022/2023,male,Paris Saint-Germain,Toulouse
3837876,1,1,0.7711437344551086,TF-Hybrid,5,542,0.47139838337898254,global,7,Ligue 1,235,2022/2023,male,Paris Saint-Germain,Lille
3837885,0,0,0.16922791302204132,TF-Hybrid,5,542,0.47139838337898254,global,7,Ligue 1,235,2022/2023,male,Olympique de Marseille,Paris Saint-Germain
3837896,1,1,0.8890582919120789,TF-Hybrid,5,542,0.47139838337898254,global,7,Ligue 1,235,2022/2023,male,Paris Saint-Germain,Nantes
3837918,0,1,0.726196825504303,TF-Hybrid,5,542,0.47139838337898254,global,7,Ligue 1,235,2022/2023,male,Paris Saint-Germain,Rennes
3837928,0,1,0.7846024632453918,TF-Hybrid,5,542,0.47139838337898254,global,7,Ligue 1,235,2022/2023,male,Paris Saint-Germain,Lyon
3837938,0,0,0.3729691207408905,TF-Hybrid,5,542,0.47139838337898254,global,7,Ligue 1,235,2022/2023,male,OGC Nice,Paris Saint-Germain
3837954,0,0,0.280093789100647,TF-Hybrid,5,542,0.47139838337898254,global,7,Ligue 1,235,2022/2023,male,Angers,Paris Saint-Germain
3837963,0,1,0.7881712317466736,TF-Hybrid,5,542,0.47139838337898254,global,7,Ligue 1,235,2022/2023,male,Paris Saint-Germain,Lorient
3881603,1,0,0.20976077020168304,TF-Hybrid,5,542,0.47139838337898254,global,49,NWSL,107,2023,female,Portland Thorns,NJ/NY Gotham FC
3881606,0,0,0.41779178380966187,TF-Hybrid,5,542,0.47139838337898254,global,49,NWSL,107,2023,female,North Carolina Courage,San Diego Wave
3881607,1,1,0.5376224517822266,TF-Hybrid,5,542,0.47139838337898254,global,49,NWSL,107,2023,female,KC Current,Chicago Red Stars
3881608,0,0,0.0855943113565445,TF-Hybrid,5,542,0.47139838337898254,global,49,NWSL,107,2023,female,Houston Dash,Angel City
3881612,0,1,0.6620237827301025,TF-Hybrid,5,542,0.47139838337898254,global,49,NWSL,107,2023,female,NJ/NY Gotham FC,KC Current
3881609,1,1,0.8210457563400269,TF-Hybrid,5,542,0.47139838337898254,global,49,NWSL,107,2023,female,Angel City,Portland Thorns
3881610,1,1,0.574138879776001,TF-Hybrid,5,542,0.47139838337898254,global,49,NWSL,107,2023,female,Orlando Pride,Houston Dash
3881611,0,0,0.2343485951423645,TF-Hybrid,5,542,0.47139838337898254,global,49,NWSL,107,2023,female,Chicago Red Stars,Seattle Reign
3881613,0,0,0.26558223366737366,TF-Hybrid,5,542,0.47139838337898254,global,49,NWSL,107,2023,female,Washington Spirit,North Carolina Courage
3881614,1,1,0.5367897152900696,TF-Hybrid,5,542,0.47139838337898254,global,49,NWSL,107,2023,female,San Diego Wave,Racing Louisville FC
3914644,1,0,0.12100604176521301,TF-Hybrid,5,542,0.47139838337898254,global,49,NWSL,107,2023,female,Seattle Reign,Angel City
3914645,0,0,0.29825541377067566,TF-Hybrid,5,542,0.47139838337898254,global,49,NWSL,107,2023,female,North Carolina Courage,NJ/NY Gotham FC
3915110,0,0,0.24110393226146698,TF-Hybrid,5,542,0.47139838337898254,global,49,NWSL,107,2023,female,San Diego Wave,Seattle Reign
3915111,0,0,0.16309306025505066,TF-Hybrid,5,542,0.47139838337898254,global,49,NWSL,107,2023,female,Portland Thorns,NJ/NY Gotham FC
3915998,0,0,0.4449493885040283,TF-Hybrid,5,542,0.47139838337898254,global,49,NWSL,107,2023,female,Seattle Reign,NJ/NY Gotham FC
3913147,0,0,0.13273829221725464,TF-Hybrid,5,542,0.47139838337898254,global,37,FA Women's Super League,281,2023/2024,female,Everton LFC,Aston Villa W
3913148,1,1,0.7154333591461182,TF-Hybrid,5,542,0.47139838337898254,global,37,FA Women's Super League,281,2023/2024,female,Liverpool WFC,West Ham United LFC
3913149,1,0,0.18901263177394867,TF-Hybrid,5,542,0.47139838337898254,global,37,FA Women's Super League,281,2023/2024,female,Tottenham Hotspur Women,Leicester City WFC
3913150,0,0,0.09662206470966339,TF-Hybrid,5,542,0.47139838337898254,global,37,FA Women's Super League,281,2023/2024,female,Brighton & Hove Albion WFC,Manchester City WFC
3913151,1,1,0.7964875102043152,TF-Hybrid,5,542,0.47139838337898254,global,37,FA Women's Super League,281,2023/2024,female,Manchester United W,Bristol City WFC
3913155,1,1,0.851044774055481,TF-Hybrid,5,542,0.47139838337898254,global,37,FA Women's Super League,281,2023/2024,female,Manchester City WFC,Manchester United W
3913153,0,0,0.08749407529830933,TF-Hybrid,5,542,0.47139838337898254,global,37,FA Women's Super League,281,2023/2024,female,Everton LFC,Liverpool WFC
3913154,0,0,0.15926426649093628,TF-Hybrid,5,542,0.47139838337898254,global,37,FA Women's Super League,281,2023/2024,female,Bristol City WFC,Tottenham Hotspur Women
3913156,0,0,0.24987907707691193,TF-Hybrid,5,542,0.47139838337898254,global,37,FA Women's Super League,281,2023/2024,female,Aston Villa W,Arsenal WFC
3913157,0,0,0.3867100179195404,TF-Hybrid,5,542,0.47139838337898254,global,37,FA Women's Super League,281,2023/2024,female,Leicester City WFC,Brighton & Hove Albion WFC
3913158,0,0,0.14858432114124298,TF-Hybrid,5,542,0.47139838337898254,global,37,FA Women's Super League,281,2023/2024,female,West Ham United LFC,Chelsea FCW
3913159,0,0,0.4539746642112732,TF-Hybrid,5,542,0.47139838337898254,global,37,FA Women's Super League,281,2023/2024,female,Aston Villa W,Leicester City WFC
3913162,0,0,0.12144383788108826,TF-Hybrid,5,542,0.47139838337898254,global,37,FA Women's Super League,281,2023/2024,female,Liverpool WFC,Manchester City WFC
3913161,1,1,0.8323951959609985,TF-Hybrid,5,542,0.47139838337898254,global,37,FA Women's Super League,281,2023/2024,female,Manchester United W,Everton LFC
3913164,0,0,0.11790291965007782,TF-Hybrid,5,542,0.47139838337898254,global,37,FA Women's Super League,281,2023/2024,female,West Ham United LFC,Brighton & Hove Albion WFC
3913160,1,1,0.9593076109886169,TF-Hybrid,5,542,0.47139838337898254,global,37,FA Women's Super League,281,2023/2024,female,Arsenal WFC,Bristol City WFC
3913165,1,1,0.9407404661178589,TF-Hybrid,5,542,0.47139838337898254,global,37,FA Women's Super League,281,2023/2024,female,Chelsea FCW,Aston Villa W
3913166,0,0,0.4757999777793884,TF-Hybrid,5,542,0.47139838337898254,global,37,FA Women's Super League,281,2023/2024,female,Brighton & Hove Albion WFC,Everton LFC
3913170,0,0,0.10002973675727844,TF-Hybrid,5,542,0.47139838337898254,global,37,FA Women's Super League,281,2023/2024,female,Bristol City WFC,Liverpool WFC
3913167,0,1,0.7930817604064941,TF-Hybrid,5,542,0.47139838337898254,global,37,FA Women's Super League,281,2023/2024,female,Manchester United W,Tottenham Hotspur Women
3913168,1,1,0.9337034225463867,TF-Hybrid,5,542,0.47139838337898254,global,37,FA Women's Super League,281,2023/2024,female,Manchester City WFC,West Ham United LFC
3913169,1,1,0.9430632591247559,TF-Hybrid,5,542,0.47139838337898254,global,37,FA Women's Super League,281,2023/2024,female,Arsenal WFC,Leicester City WFC
3913171,0,0,0.13763295114040375,TF-Hybrid,5,542,0.47139838337898254,global,37,FA Women's Super League,281,2023/2024,female,Leicester City WFC,Manchester United W
3913172,0,0,0.47606563568115234,TF-Hybrid,5,542,0.47139838337898254,global,37,FA Women's Super League,281,2023/2024,female,Tottenham Hotspur Women,Brighton & Hove Albion WFC
3913174,0,0,0.042208973318338394,TF-Hybrid,5,542,0.47139838337898254,global,37,FA Women's Super League,281,2023/2024,female,Bristol City WFC,Manchester City WFC
3913175,0,1,0.5581073760986328,TF-Hybrid,5,542,0.47139838337898254,global,37,FA Women's Super League,281,2023/2024,female,Aston Villa W,West Ham United LFC
3913176,0,0,0.011931740678846836,TF-Hybrid,5,542,0.47139838337898254,global,37,FA Women's Super League,281,2023/2024,female,Everton LFC,Arsenal WFC
3913173,1,0,0.11476846039295197,TF-Hybrid,5,542,0.47139838337898254,global,37,FA Women's Super League,281,2023/2024,female,Liverpool WFC,Chelsea FCW
3912243,0,0,0.1565953940153122,TF-Hybrid,5,542,0.47139838337898254,global,135,Frauen Bundesliga,281,2023/2024,female,Hoffenheim W,Eintracht Frankfurt W
3912247,0,0,0.10118739306926727,TF-Hybrid,5,542,0.47139838337898254,global,135,Frauen Bundesliga,281,2023/2024,female,TSV Bayer 04 Leverkusen,Bayern München W
3913181,0,0,0.124623142182827,TF-Hybrid,5,542,0.47139838337898254,global,37,FA Women's Super League,281,2023/2024,female,Everton LFC,Tottenham Hotspur Women
3913182,0,0,0.3288203477859497,TF-Hybrid,5,542,0.47139838337898254,global,37,FA Women's Super League,281,2023/2024,female,Brighton & Hove Albion WFC,Aston Villa W
3912244,0,0,0.048011451959609985,TF-Hybrid,5,542,0.47139838337898254,global,135,Frauen Bundesliga,281,2023/2024,female,SC Freiburg,SGS Essen 19/68
3912246,1,1,0.6499203443527222,TF-Hybrid,5,542,0.47139838337898254,global,135,Frauen Bundesliga,281,2023/2024,female,SV Werder Bremen,Duisburg WFC
3913177,0,1,0.6834011077880859,TF-Hybrid,5,542,0.47139838337898254,global,37,FA Women's Super League,281,2023/2024,female,Manchester City WFC,Arsenal WFC
3913178,0,0,0.3019176721572876,TF-Hybrid,5,542,0.47139838337898254,global,37,FA Women's Super League,281,2023/2024,female,West Ham United LFC,Leicester City WFC
3913179,1,0,0.46561673283576965,TF-Hybrid,5,542,0.47139838337898254,global,37,FA Women's Super League,281,2023/2024,female,Liverpool WFC,Manchester United W
3913180,1,1,0.9821192026138306,TF-Hybrid,5,542,0.47139838337898254,global,37,FA Women's Super League,281,2023/2024,female,Chelsea FCW,Bristol City WFC
3929013,1,1,0.645448625087738,TF-Hybrid,5,542,0.47139838337898254,global,131,Serie A Women,281,2023/2024,female,AC Milan W,Como W
3929014,1,0,0.33278128504753113,TF-Hybrid,5,542,0.47139838337898254,global,131,Serie A Women,281,2023/2024,female,Sampdoria W,Napoli W
3929015,1,1,0.7918086647987366,TF-Hybrid,5,542,0.47139838337898254,global,131,Serie A Women,281,2023/2024,female,AS Roma W,FC Internazionale Milano W
3912242,0,0,0.047518178820610046,TF-Hybrid,5,542,0.47139838337898254,global,135,Frauen Bundesliga,281,2023/2024,female,Nürnberg W,RB Leipzig W
3929012,0,0,0.31425392627716064,TF-Hybrid,5,542,0.47139838337898254,global,131,Serie A Women,281,2023/2024,female,Fiorentina W,Juventus W
3912248,1,1,0.5434100031852722,TF-Hybrid,5,542,0.47139838337898254,global,135,Frauen Bundesliga,281,2023/2024,female,RB Leipzig W,Hoffenheim W
3912249,1,1,0.511414110660553,TF-Hybrid,5,542,0.47139838337898254,global,135,Frauen Bundesliga,281,2023/2024,female,SGS Essen 19/68,Köln
3912251,0,0,0.04462060704827309,TF-Hybrid,5,542,0.47139838337898254,global,135,Frauen Bundesliga,281,2023/2024,female,Duisburg WFC,TSV Bayer 04 Leverkusen
3912250,0,0,0.04584009200334549,TF-Hybrid,5,542,0.47139838337898254,global,135,Frauen Bundesliga,281,2023/2024,female,SV Werder Bremen,VfL Wolfsburg WFC
3912252,1,1,0.9553312659263611,TF-Hybrid,5,542,0.47139838337898254,global,135,Frauen Bundesliga,281,2023/2024,female,Bayern München W,Nürnberg W
3929016,0,0,0.14369513094425201,TF-Hybrid,5,542,0.47139838337898254,global,131,Serie A Women,281,2023/2024,female,Napoli W,AC Milan W
3929018,1,1,0.6076440215110779,TF-Hybrid,5,542,0.47139838337898254,global,131,Serie A Women,281,2023/2024,female,Como W,Pomigliano
3929019,0,1,0.5087186098098755,TF-Hybrid,5,542,0.47139838337898254,global,131,Serie A Women,281,2023/2024,female,FC Internazionale Milano W,Sassuolo W
3912253,1,1,0.6853152513504028,TF-Hybrid,5,542,0.47139838337898254,global,135,Frauen Bundesliga,281,2023/2024,female,Eintracht Frankfurt W,SC Freiburg
3929017,1,0,0.49194735288619995,TF-Hybrid,5,542,0.47139838337898254,global,131,Serie A Women,281,2023/2024,female,Juventus W,AS Roma W
3913163,0,0,0.07891608029603958,TF-Hybrid,5,542,0.47139838337898254,global,37,FA Women's Super League,281,2023/2024,female,Tottenham Hotspur Women,Chelsea FCW
3913183,0,0,0.1309572011232376,TF-Hybrid,5,542,0.47139838337898254,global,37,FA Women's Super League,281,2023/2024,female,Bristol City WFC,Everton LFC
3913184,0,0,0.05411295220255852,TF-Hybrid,5,542,0.47139838337898254,global,37,FA Women's Super League,281,2023/2024,female,Aston Villa W,Manchester City WFC
3913185,1,1,0.9558425545692444,TF-Hybrid,5,542,0.47139838337898254,global,37,FA Women's Super League,281,2023/2024,female,Arsenal WFC,Brighton & Hove Albion WFC
3913186,0,0,0.12216944247484207,TF-Hybrid,5,542,0.47139838337898254,global,37,FA Women's Super League,281,2023/2024,female,Leicester City WFC,Liverpool WFC
3913187,0,0,0.11705123633146286,TF-Hybrid,5,542,0.47139838337898254,global,37,FA Women's Super League,281,2023/2024,female,Manchester United W,Chelsea FCW
3913188,1,1,0.7743801474571228,TF-Hybrid,5,542,0.47139838337898254,global,37,FA Women's Super League,281,2023/2024,female,Tottenham Hotspur Women,West Ham United LFC
3929022,1,1,0.8336974382400513,TF-Hybrid,5,542,0.47139838337898254,global,131,Serie A Women,281,2023/2024,female,AC Milan W,Sampdoria W
3929023,0,0,0.09135890007019043,TF-Hybrid,5,542,0.47139838337898254,global,131,Serie A Women,281,2023/2024,female,Sassuolo W,Juventus W
3929020,1,1,0.8509318828582764,TF-Hybrid,5,542,0.47139838337898254,global,131,Serie A Women,281,2023/2024,female,AS Roma W,Fiorentina W
3929021,1,0,0.48236283659935,TF-Hybrid,5,542,0.47139838337898254,global,131,Serie A Women,281,2023/2024,female,Pomigliano,Napoli W
3912254,0,1,0.6476401090621948,TF-Hybrid,5,542,0.47139838337898254,global,135,Frauen Bundesliga,281,2023/2024,female,TSV Bayer 04 Leverkusen,SV Werder Bremen
3912255,1,0,0.30036380887031555,TF-Hybrid,5,542,0.47139838337898254,global,135,Frauen Bundesliga,281,2023/2024,female,Nürnberg W,Duisburg WFC
3912256,0,0,0.07083525508642197,TF-Hybrid,5,542,0.47139838337898254,global,135,Frauen Bundesliga,281,2023/2024,female,Hoffenheim W,Bayern München W
3912257,0,0,0.0552838109433651,TF-Hybrid,5,542,0.47139838337898254,global,135,Frauen Bundesliga,281,2023/2024,female,Köln,Eintracht Frankfurt W
3912258,1,0,0.10812214761972427,TF-Hybrid,5,542,0.47139838337898254,global,135,Frauen Bundesliga,281,2023/2024,female,SC Freiburg,RB Leipzig W
3912259,1,1,0.9804162383079529,TF-Hybrid,5,542,0.47139838337898254,global,135,Frauen Bundesliga,281,2023/2024,female,VfL Wolfsburg WFC,SGS Essen 19/68
3911625,1,1,0.7938070297241211,TF-Hybrid,5,542,0.47139838337898254,global,182,Liga F,281,2023/2024,female,Atletico Madrid W,FC Levante Badalona
3911626,1,0,0.3263433277606964,TF-Hybrid,5,542,0.47139838337898254,global,182,Liga F,281,2023/2024,female,Athletic Club Bilbao,Costa Adeje Tenerife
3911627,1,1,0.7403208613395691,TF-Hybrid,5,542,0.47139838337898254,global,182,Liga F,281,2023/2024,female,Levante UD Femenino,Villarreal
3911630,1,1,0.6129007935523987,TF-Hybrid,5,542,0.47139838337898254,global,182,Liga F,281,2023/2024,female,CD Sporting de Huelva,Granada W
3911628,0,0,0.33296898007392883,TF-Hybrid,5,542,0.47139838337898254,global,182,Liga F,281,2023/2024,female,Real Betis Balompié,Madrid CFF
3911631,0,0,0.25016966462135315,TF-Hybrid,5,542,0.47139838337898254,global,182,Liga F,281,2023/2024,female,Real Sociedad de Fútbol,Real Madrid CF W
3911632,1,1,0.5123609900474548,TF-Hybrid,5,542,0.47139838337898254,global,182,Liga F,281,2023/2024,female,Valencia CF,Sevilla FC
3911633,1,0,0.3576890230178833,TF-Hybrid,5,542,0.47139838337898254,global,182,Liga F,281,2023/2024,female,Villarreal,CD Sporting de Huelva
3911634,0,0,0.4663461446762085,TF-Hybrid,5,542,0.47139838337898254,global,182,Liga F,281,2023/2024,female,Sevilla FC,Atletico Madrid W
3911635,0,0,0.24281370639801025,TF-Hybrid,5,542,0.47139838337898254,global,182,Liga F,281,2023/2024,female,Costa Adeje Tenerife,SD Eibar
3911636,1,1,0.9763422012329102,TF-Hybrid,5,542,0.47139838337898254,global,182,Liga F,281,2023/2024,female,Barcelona WFC,Real Betis Balompié
3911637,1,1,0.5585461258888245,TF-Hybrid,5,542,0.47139838337898254,global,182,Liga F,281,2023/2024,female,Real Madrid CF W,Athletic Club Bilbao
3911638,0,1,0.6982943415641785,TF-Hybrid,5,542,0.47139838337898254,global,182,Liga F,281,2023/2024,female,Madrid CFF,Real Sociedad de Fútbol
3911639,0,0,0.13891130685806274,TF-Hybrid,5,542,0.47139838337898254,global,182,Liga F,281,2023/2024,female,Granada W,Levante UD Femenino
3911640,1,1,0.8187627196311951,TF-Hybrid,5,542,0.47139838337898254,global,182,Liga F,281,2023/2024,female,FC Levante Badalona,Valencia CF
3911641,0,0,0.1721731722354889,TF-Hybrid,5,542,0.47139838337898254,global,182,Liga F,281,2023/2024,female,CD Sporting de Huelva,Real Madrid CF W
3911642,0,0,0.22835442423820496,TF-Hybrid,5,542,0.47139838337898254,global,182,Liga F,281,2023/2024,female,Real Sociedad de Fútbol,FC Levante Badalona
3911644,0,0,0.20155927538871765,TF-Hybrid,5,542,0.47139838337898254,global,182,Liga F,281,2023/2024,female,SD Eibar,Granada W
3911645,1,0,0.24261538684368134,TF-Hybrid,5,542,0.47139838337898254,global,182,Liga F,281,2023/2024,female,Real Betis Balompié,Costa Adeje Tenerife
3911646,1,0,0.3893762528896332,TF-Hybrid,5,542,0.47139838337898254,global,182,Liga F,281,2023/2024,female,Levante UD Femenino,Madrid CFF
3911647,1,1,0.7044072151184082,TF-Hybrid,5,542,0.47139838337898254,global,182,Liga F,281,2023/2024,female,Atletico Madrid W,Villarreal
3911643,0,0,0.0061722700484097,TF-Hybrid,5,542,0.47139838337898254,global,182,Liga F,281,2023/2024,female,Valencia CF,Barcelona WFC
3911648,1,0,0.3051127791404724,TF-Hybrid,5,542,0.47139838337898254,global,182,Liga F,281,2023/2024,female,Athletic Club Bilbao,Sevilla FC
