match_id,date,competition_id,competition_name,season_id,season_name,category,home_team,away_team,label,graph_included,history_available,final_included,exclusion_reason,selected_player_count,completed_edge_count,event_load_attempts,event_source,event_load_error
3888711,1971-06-02,16,Champions League,276,1970/1971,male,Ajax,Panathinaikos,1,True,False,False,insufficient_rolling_history,11,271,1,statsbombpy,
3750235,1972-05-31,16,Champions League,71,1971/1972,male,Ajax,Inter Milan,1,True,False,False,insufficient_rolling_history,11,364,1,statsbombpy,
3888706,1973-05-30,16,Champions League,277,1972/1973,male,Ajax,Juventus,1,True,False,False,insufficient_rolling_history,11,352,1,statsbombpy,
3888713,1974-02-17,11,La Liga,278,1973/1974,male,Real Madrid,Barcelona,0,True,False,False,insufficient_rolling_history,11,283,1,statsbombpy,
3750240,1999-11-23,16,Champions League,76,1999/2000,male,Fiorentina,Manchester United,1,True,False,False,insufficient_rolling_history,11,241,1,statsbombpy,
3752619,2004-05-26,16,Champions League,44,2003/2004,male,AS Monaco,FC Porto,0,True,False,False,insufficient_rolling_history,11,322,1,statsbombpy,
68353,2004-10-16,11,La Liga,37,2004/2005,male,Espanyol,Barcelona,0,True,False,False,insufficient_rolling_history,11,167,1,statsbombpy,
68313,2004-10-24,11,La Liga,37,2004/2005,male,Barcelona,Osasuna,1,True,False,False,insufficient_rolling_history,11,344,1,statsbombpy,
68314,2004-12-04,11,La Liga,37,2004/2005,male,Barcelona,Málaga,1,True,False,False,insufficient_rolling_history,11,529,1,statsbombpy,
69153,2004-12-11,11,La Liga,37,2004/2005,male,Albacete,Barcelona,0,True,False,False,insufficient_rolling_history,11,221,1,statsbombpy,
68315,2004-12-21,11,La Liga,37,2004/2005,male,Barcelona,Levante UD,1,True,False,False,insufficient_rolling_history,11,422,1,statsbombpy,
68352,2005-04-17,11,La Liga,37,2004/2005,male,Barcelona,Getafe,1,True,False,False,insufficient_rolling_history,11,505,1,statsbombpy,
68316,2005-05-01,11,La Liga,37,2004/2005,male,Barcelona,Albacete,1,True,False,False,insufficient_rolling_history,11,568,1,statsbombpy,
2302764,2005-05-25,16,Champions League,37,2004/2005,male,AC Milan,Liverpool,0,True,False,False,insufficient_rolling_history,11,486,1,statsbombpy,
68317,2005-10-01,11,La Liga,38,2005/2006,male,Barcelona,Real Zaragoza,0,True,False,False,insufficient_rolling_history,11,351,1,statsbombpy,
68318,2005-10-22,11,La Liga,38,2005/2006,male,Barcelona,Osasuna,1,True,False,False,insufficient_rolling_history,11,481,1,statsbombpy,
69164,2005-10-26,11,La Liga,38,2005/2006,male,Barcelona,Málaga,1,True,False,False,insufficient_rolling_history,11,431,1,statsbombpy,
68339,2005-11-06,11,La Liga,38,2005/2006,male,Getafe,Barcelona,0,True,False,False,insufficient_rolling_history,11,290,1,statsbombpy,
68319,2005-11-19,11,La Liga,38,2005/2006,male,Real Madrid,Barcelona,0,True,False,False,insufficient_rolling_history,11,307,1,statsbombpy,
68354,2005-11-27,11,La Liga,38,2005/2006,male,Barcelona,Racing Santander,1,True,False,False,insufficient_rolling_history,11,527,1,statsbombpy,
68320,2005-12-04,11,La Liga,38,2005/2006,male,Villarreal,Barcelona,0,True,False,False,insufficient_rolling_history,11,288,1,statsbombpy,
68321,2005-12-11,11,La Liga,38,2005/2006,male,Barcelona,Sevilla,1,True,False,False,insufficient_rolling_history,11,470,1,statsbombpy,
68322,2005-12-17,11,La Liga,38,2005/2006,male,Cádiz,Barcelona,0,True,False,False,insufficient_rolling_history,11,182,1,statsbombpy,
68323,2005-12-20,11,La Liga,38,2005/2006,male,Barcelona,Celta Vigo,1,True,False,False,insufficient_rolling_history,11,419,1,statsbombpy,
68348,2006-01-07,11,La Liga,38,2005/2006,male,Espanyol,Barcelona,0,True,False,False,insufficient_rolling_history,11,137,1,statsbombpy,
68342,2006-01-15,11,La Liga,38,2005/2006,male,Barcelona,Athletic Club,1,True,False,False,insufficient_rolling_history,11,465,1,statsbombpy,
68324,2006-01-22,11,La Liga,38,2005/2006,male,Barcelona,Deportivo Alavés,1,True,False,False,insufficient_rolling_history,11,449,1,statsbombpy,
68325,2006-01-29,11,La Liga,38,2005/2006,male,Mallorca,Barcelona,0,True,False,False,insufficient_rolling_history,11,260,1,statsbombpy,
68350,2006-02-05,11,La Liga,38,2005/2006,male,Barcelona,Atlético Madrid,0,True,False,False,insufficient_rolling_history,11,343,1,statsbombpy,
69172,2006-02-18,11,La Liga,38,2005/2006,male,Barcelona,Real Betis,1,True,False,False,insufficient_rolling_history,11,322,1,statsbombpy,
68351,2006-02-25,11,La Liga,38,2005/2006,male,Real Zaragoza,Barcelona,0,True,False,False,insufficient_rolling_history,11,274,1,statsbombpy,
68326,2006-08-28,11,La Liga,39,2006/2007,male,Celta Vigo,Barcelona,0,True,False,False,insufficient_rolling_history,11,219,1,statsbombpy,
68327,2006-09-09,11,La Liga,39,2006/2007,male,Barcelona,Osasuna,1,True,False,False,insufficient_rolling_history,11,534,1,statsbombpy,
68340,2006-09-17,11,La Liga,39,2006/2007,male,Racing Santander,Barcelona,0,True,False,False,insufficient_rolling_history,11,146,1,statsbombpy,
68328,2006-09-24,11,La Liga,39,2006/2007,male,Barcelona,Valencia,0,True,False,False,insufficient_rolling_history,11,586,1,statsbombpy,
68347,2006-09-30,11,La Liga,39,2006/2007,male,Athletic Club,Barcelona,0,True,False,False,insufficient_rolling_history,11,161,1,statsbombpy,
68329,2006-10-15,11,La Liga,39,2006/2007,male,Barcelona,Sevilla,1,True,False,False,insufficient_rolling_history,11,452,1,statsbombpy,
68330,2006-10-22,11,La Liga,39,2006/2007,male,Real Madrid,Barcelona,1,True,False,False,insufficient_rolling_history,11,217,1,statsbombpy,
69174,2006-11-04,11,La Liga,39,2006/2007,male,RC Deportivo La Coruña,Barcelona,0,True,False,False,insufficient_rolling_history,11,217,1,statsbombpy,
68331,2006-11-12,11,La Liga,39,2006/2007,male,Barcelona,Real Zaragoza,1,True,False,False,insufficient_rolling_history,11,423,1,statsbombpy,
69154,2007-02-11,11,La Liga,39,2006/2007,male,Barcelona,Racing Santander,1,True,False,False,insufficient_rolling_history,11,488,1,statsbombpy,
68332,2007-02-18,11,La Liga,39,2006/2007,male,Valencia,Barcelona,1,True,False,False,insufficient_rolling_history,11,192,1,statsbombpy,
68333,2007-02-25,11,La Liga,39,2006/2007,male,Barcelona,Athletic Club,1,True,False,False,insufficient_rolling_history,11,576,1,statsbombpy,
68334,2007-03-03,11,La Liga,39,2006/2007,male,Sevilla,Barcelona,1,True,False,False,insufficient_rolling_history,11,244,1,statsbombpy,
68335,2007-03-10,11,La Liga,39,2006/2007,male,Barcelona,Real Madrid,0,True,True,True,,11,454,1,statsbombpy,
68341,2007-03-17,11,La Liga,39,2006/2007,male,Recreativo Huelva,Barcelona,0,True,False,False,insufficient_rolling_history,11,251,1,statsbombpy,
69175,2007-03-31,11,La Liga,39,2006/2007,male,Barcelona,RC Deportivo La Coruña,1,True,False,False,insufficient_rolling_history,11,483,1,statsbombpy,
69179,2007-04-07,11,La Liga,39,2006/2007,male,Real Zaragoza,Barcelona,1,True,True,True,,11,322,1,statsbombpy,
69159,2007-04-15,11,La Liga,39,2006/2007,male,Barcelona,Mallorca,1,True,False,False,insufficient_rolling_history,11,522,1,statsbombpy,
69155,2007-04-22,11,La Liga,39,2006/2007,male,Villarreal,Barcelona,1,True,False,False,insufficient_rolling_history,11,276,1,statsbombpy,
69156,2007-04-29,11,La Liga,39,2006/2007,male,Barcelona,Levante UD,1,True,False,False,insufficient_rolling_history,11,468,1,statsbombpy,
69160,2007-05-05,11,La Liga,39,2006/2007,male,Real Sociedad,Barcelona,0,True,False,False,insufficient_rolling_history,11,216,1,statsbombpy,
69162,2007-05-13,11,La Liga,39,2006/2007,male,Barcelona,Real Betis,0,True,False,False,insufficient_rolling_history,11,410,1,statsbombpy,
69176,2007-05-20,11,La Liga,39,2006/2007,male,Atlético Madrid,Barcelona,0,True,False,False,insufficient_rolling_history,11,240,1,statsbombpy,
3750200,2007-05-23,16,Champions League,39,2006/2007,male,AC Milan,Liverpool,1,True,False,False,insufficient_rolling_history,11,308,1,statsbombpy,
69157,2007-05-26,11,La Liga,39,2006/2007,male,Barcelona,Getafe,1,True,False,False,insufficient_rolling_history,11,279,1,statsbombpy,
69165,2007-06-09,11,La Liga,39,2006/2007,male,Barcelona,Espanyol,0,True,False,False,insufficient_rolling_history,11,467,1,statsbombpy,
68336,2007-06-17,11,La Liga,39,2006/2007,male,Gimnàstic Tarragona,Barcelona,0,True,False,False,insufficient_rolling_history,11,170,1,statsbombpy,
69180,2007-08-26,11,La Liga,40,2007/2008,male,Racing Santander,Barcelona,0,True,True,True,,11,158,1,statsbombpy,
69169,2007-09-02,11,La Liga,40,2007/2008,male,Barcelona,Athletic Club,1,True,True,True,,11,586,1,statsbombpy,
69148,2007-09-22,11,La Liga,40,2007/2008,male,Barcelona,Sevilla,1,True,True,True,,11,432,1,statsbombpy,
69151,2007-09-29,11,La Liga,40,2007/2008,male,Levante UD,Barcelona,0,True,False,False,insufficient_rolling_history,11,225,1,statsbombpy,
69144,2007-10-07,11,La Liga,40,2007/2008,male,Barcelona,Atlético Madrid,1,True,False,False,insufficient_rolling_history,11,500,1,statsbombpy,
68364,2007-10-20,11,La Liga,40,2007/2008,male,Villarreal,Barcelona,1,True,False,False,insufficient_rolling_history,11,332,1,statsbombpy,
69158,2007-10-28,11,La Liga,40,2007/2008,male,Barcelona,Almería,1,True,False,False,insufficient_rolling_history,11,403,1,statsbombpy,
68363,2007-11-01,11,La Liga,40,2007/2008,male,Real Valladolid,Barcelona,0,True,False,False,insufficient_rolling_history,11,264,1,statsbombpy,
69166,2007-11-04,11,La Liga,40,2007/2008,male,Barcelona,Real Betis,1,True,False,False,insufficient_rolling_history,11,517,1,statsbombpy,
69178,2007-11-10,11,La Liga,40,2007/2008,male,Getafe,Barcelona,1,True,True,True,,11,209,1,statsbombpy,
69184,2007-11-24,11,La Liga,40,2007/2008,male,Barcelona,Recreativo Huelva,1,True,False,False,insufficient_rolling_history,11,500,1,statsbombpy,
68356,2007-12-01,11,La Liga,40,2007/2008,male,Espanyol,Barcelona,0,True,True,True,,11,238,1,statsbombpy,
69170,2007-12-09,11,La Liga,40,2007/2008,male,Barcelona,RC Deportivo La Coruña,1,True,False,False,insufficient_rolling_history,11,563,1,statsbombpy,
69145,2007-12-15,11,La Liga,40,2007/2008,male,Valencia,Barcelona,0,True,False,False,insufficient_rolling_history,11,242,1,statsbombpy,
69173,2008-01-20,11,La Liga,40,2007/2008,male,Barcelona,Racing Santander,1,True,True,True,,11,456,1,statsbombpy,
69181,2008-01-27,11,La Liga,40,2007/2008,male,Athletic Club,Barcelona,0,True,True,True,,11,270,1,statsbombpy,
69187,2008-02-03,11,La Liga,40,2007/2008,male,Barcelona,Osasuna,1,True,True,True,,11,421,1,statsbombpy,
69146,2008-02-09,11,La Liga,40,2007/2008,male,Sevilla,Barcelona,0,True,True,True,,11,274,1,statsbombpy,
69182,2008-02-16,11,La Liga,40,2007/2008,male,Real Zaragoza,Barcelona,0,True,True,True,,11,269,1,statsbombpy,
68360,2008-02-24,11,La Liga,40,2007/2008,male,Barcelona,Levante UD,1,True,True,True,,11,663,1,statsbombpy,
68365,2008-03-01,11,La Liga,40,2007/2008,male,Atlético Madrid,Barcelona,1,True,True,True,,11,198,1,statsbombpy,
68358,2008-04-12,11,La Liga,40,2007/2008,male,Recreativo Huelva,Barcelona,0,True,False,False,insufficient_rolling_history,11,254,1,statsbombpy,
68359,2008-04-19,11,La Liga,40,2007/2008,male,Barcelona,Espanyol,0,True,True,True,,11,477,1,statsbombpy,
69141,2008-05-04,11,La Liga,40,2007/2008,male,Barcelona,Valencia,1,True,True,True,,11,538,1,statsbombpy,
68361,2008-05-07,11,La Liga,40,2007/2008,male,Real Madrid,Barcelona,1,True,True,True,,11,375,1,statsbombpy,
68366,2008-05-11,11,La Liga,40,2007/2008,male,Barcelona,Mallorca,0,True,False,False,insufficient_rolling_history,11,373,1,statsbombpy,
69186,2008-05-17,11,La Liga,40,2007/2008,male,Real Murcia CF,Barcelona,0,True,False,False,insufficient_rolling_history,11,227,1,statsbombpy,
69147,2008-08-31,11,La Liga,41,2008/2009,male,CD Numancia de Soria,Barcelona,1,True,False,False,insufficient_rolling_history,11,155,1,statsbombpy,
69215,2008-09-13,11,La Liga,41,2008/2009,male,Barcelona,Racing Santander,0,True,True,True,,11,566,1,statsbombpy,
69138,2008-09-21,11,La Liga,41,2008/2009,male,Sporting Gijón,Barcelona,0,True,False,False,insufficient_rolling_history,11,174,1,statsbombpy,
69207,2008-09-24,11,La Liga,41,2008/2009,male,Barcelona,Real Betis,1,True,True,True,,11,456,1,statsbombpy,
69211,2008-09-27,11,La Liga,41,2008/2009,male,Espanyol,Barcelona,0,True,True,True,,11,149,1,statsbombpy,
69212,2008-10-04,11,La Liga,41,2008/2009,male,Barcelona,Atlético Madrid,1,True,True,True,,11,466,1,statsbombpy,
69232,2008-10-25,11,La Liga,41,2008/2009,male,Barcelona,Almería,1,True,False,False,insufficient_rolling_history,11,530,1,statsbombpy,
69235,2008-11-01,11,La Liga,41,2008/2009,male,Málaga,Barcelona,0,True,False,False,insufficient_rolling_history,11,123,1,statsbombpy,
69279,2008-11-08,11,La Liga,41,2008/2009,male,Barcelona,Real Valladolid,1,True,False,False,insufficient_rolling_history,11,370,1,statsbombpy,
69285,2008-11-16,11,La Liga,41,2008/2009,male,Recreativo Huelva,Barcelona,0,True,True,True,,11,158,1,statsbombpy,
69171,2008-11-29,11,La Liga,41,2008/2009,male,Sevilla,Barcelona,0,True,True,True,,11,211,1,statsbombpy,
69149,2008-12-06,11,La Liga,41,2008/2009,male,Barcelona,Valencia,1,True,True,True,,11,444,1,statsbombpy,
69225,2008-12-13,11,La Liga,41,2008/2009,male,Barcelona,Real Madrid,1,True,True,True,,11,456,1,statsbombpy,
69228,2008-12-21,11,La Liga,41,2008/2009,male,Villarreal,Barcelona,0,True,True,True,,11,281,1,statsbombpy,
69230,2009-01-11,11,La Liga,41,2008/2009,male,Osasuna,Barcelona,0,True,True,True,,11,198,1,statsbombpy,
69183,2009-01-17,11,La Liga,41,2008/2009,male,Barcelona,RC Deportivo La Coruña,1,True,True,True,,11,438,1,statsbombpy,
69189,2009-01-24,11,La Liga,41,2008/2009,male,Barcelona,CD Numancia de Soria,1,True,False,False,insufficient_rolling_history,11,536,1,statsbombpy,
69209,2009-02-01,11,La Liga,41,2008/2009,male,Racing Santander,Barcelona,0,True,True,True,,11,185,1,statsbombpy,
69231,2009-02-08,11,La Liga,41,2008/2009,male,Barcelona,Sporting Gijón,1,True,False,False,insufficient_rolling_history,11,610,1,statsbombpy,
69195,2009-02-14,11,La Liga,41,2008/2009,male,Real Betis,Barcelona,0,True,True,True,,11,129,1,statsbombpy,
69139,2009-02-21,11,La Liga,41,2008/2009,male,Barcelona,Espanyol,0,True,True,True,,11,350,1,statsbombpy,
69185,2009-03-01,11,La Liga,41,2008/2009,male,Atlético Madrid,Barcelona,1,True,True,True,,11,279,1,statsbombpy,
69216,2009-03-07,11,La Liga,41,2008/2009,male,Barcelona,Athletic Club,1,True,True,True,,11,510,1,statsbombpy,
69177,2009-03-15,11,La Liga,41,2008/2009,male,Almería,Barcelona,0,True,False,False,insufficient_rolling_history,11,176,1,statsbombpy,
69142,2009-03-22,11,La Liga,41,2008/2009,male,Barcelona,Málaga,1,True,True,True,,11,523,1,statsbombpy,
69273,2009-04-04,11,La Liga,41,2008/2009,male,Real Valladolid,Barcelona,0,True,False,False,insufficient_rolling_history,11,171,1,statsbombpy,
69222,2009-04-11,11,La Liga,41,2008/2009,male,Barcelona,Recreativo Huelva,1,True,True,True,,11,438,1,statsbombpy,
69223,2009-04-18,11,La Liga,41,2008/2009,male,Getafe,Barcelona,0,True,True,True,,11,203,1,statsbombpy,
69251,2009-04-25,11,La Liga,41,2008/2009,male,Valencia,Barcelona,0,True,True,True,,11,171,1,statsbombpy,
69249,2009-05-02,11,La Liga,41,2008/2009,male,Real Madrid,Barcelona,0,True,True,True,,11,272,1,statsbombpy,
69217,2009-05-10,11,La Liga,41,2008/2009,male,Barcelona,Villarreal,0,True,True,True,,11,476,1,statsbombpy,
3750201,2009-05-27,16,Champions League,41,2008/2009,male,Barcelona,Manchester United,1,True,False,False,insufficient_rolling_history,11,413,1,statsbombpy,
69229,2009-09-12,11,La Liga,21,2009/2010,male,Getafe,Barcelona,0,True,True,True,,11,278,1,statsbombpy,
69292,2009-09-19,11,La Liga,21,2009/2010,male,Barcelona,Atlético Madrid,1,True,True,True,,11,452,1,statsbombpy,
69254,2009-09-22,11,La Liga,21,2009/2010,male,Racing Santander,Barcelona,0,True,True,True,,11,166,1,statsbombpy,
69255,2009-09-26,11,La Liga,21,2009/2010,male,Málaga,Barcelona,0,True,True,True,,11,136,1,statsbombpy,
69256,2009-10-03,11,La Liga,21,2009/2010,male,Barcelona,Almería,1,True,True,True,,11,569,1,statsbombpy,
69252,2009-10-17,11,La Liga,21,2009/2010,male,Valencia,Barcelona,0,True,True,True,,11,292,1,statsbombpy,
69253,2009-10-25,11,La Liga,21,2009/2010,male,Barcelona,Real Zaragoza,1,True,True,True,,11,777,1,statsbombpy,
69277,2009-10-31,11,La Liga,21,2009/2010,male,Osasuna,Barcelona,0,True,True,True,,11,169,1,statsbombpy,
69250,2009-11-07,11,La Liga,21,2009/2010,male,Barcelona,Mallorca,1,True,True,True,,11,423,1,statsbombpy,
69288,2009-11-21,11,La Liga,21,2009/2010,male,Athletic Club,Barcelona,0,True,True,True,,11,197,1,statsbombpy,
69262,2009-11-29,11,La Liga,21,2009/2010,male,Barcelona,Real Madrid,1,True,True,True,,11,473,1,statsbombpy,
69267,2009-12-02,11,La Liga,21,2009/2010,male,Xerez,Barcelona,0,True,False,False,insufficient_rolling_history,11,156,1,statsbombpy,
69218,2009-12-05,11,La Liga,21,2009/2010,male,RC Deportivo La Coruña,Barcelona,0,True,True,True,,11,188,1,statsbombpy,
69219,2010-01-10,11,La Liga,21,2009/2010,male,Tenerife,Barcelona,0,True,False,False,insufficient_rolling_history,11,203,1,statsbombpy,
69243,2010-01-16,11,La Liga,21,2009/2010,male,Barcelona,Sevilla,1,True,True,True,,11,533,1,statsbombpy,
69210,2010-01-23,11,La Liga,21,2009/2010,male,Real Valladolid,Barcelona,0,True,True,True,,11,222,1,statsbombpy,
69220,2010-01-30,11,La Liga,21,2009/2010,male,Sporting Gijón,Barcelona,0,True,False,False,insufficient_rolling_history,11,173,1,statsbombpy,
69240,2010-02-06,11,La Liga,21,2009/2010,male,Barcelona,Getafe,1,True,True,True,,11,384,1,statsbombpy,
69237,2010-02-14,11,La Liga,21,2009/2010,male,Atlético Madrid,Barcelona,1,True,True,True,,11,249,1,statsbombpy,
69233,2010-02-20,11,La Liga,21,2009/2010,male,Barcelona,Racing Santander,1,True,True,True,,11,545,1,statsbombpy,
69238,2010-02-27,11,La Liga,21,2009/2010,male,Barcelona,Málaga,1,True,True,True,,11,634,1,statsbombpy,
69226,2010-03-06,11,La Liga,21,2009/2010,male,Almería,Barcelona,0,True,True,True,,11,192,1,statsbombpy,
69224,2010-03-14,11,La Liga,21,2009/2010,male,Barcelona,Valencia,1,True,True,True,,11,449,1,statsbombpy,
69227,2010-03-21,11,La Liga,21,2009/2010,male,Real Zaragoza,Barcelona,0,True,True,True,,11,218,1,statsbombpy,
69257,2010-03-24,11,La Liga,21,2009/2010,male,Barcelona,Osasuna,1,True,True,True,,11,490,1,statsbombpy,
69298,2010-03-27,11,La Liga,21,2009/2010,male,Mallorca,Barcelona,0,True,True,True,,11,203,1,statsbombpy,
69247,2010-04-03,11,La Liga,21,2009/2010,male,Barcelona,Athletic Club,1,True,True,True,,11,487,1,statsbombpy,
69259,2010-04-10,11,La Liga,21,2009/2010,male,Real Madrid,Barcelona,0,True,True,True,,11,301,1,statsbombpy,
69221,2010-04-14,11,La Liga,21,2009/2010,male,Barcelona,RC Deportivo La Coruña,1,True,True,True,,11,673,1,statsbombpy,
69213,2010-04-17,11,La Liga,21,2009/2010,male,Espanyol,Barcelona,0,True,True,True,,11,198,1,statsbombpy,
69214,2010-04-24,11,La Liga,21,2009/2010,male,Barcelona,Xerez,1,True,False,False,insufficient_rolling_history,11,508,1,statsbombpy,
69244,2010-05-01,11,La Liga,21,2009/2010,male,Villarreal,Barcelona,0,True,True,True,,11,263,1,statsbombpy,
69241,2010-05-04,11,La Liga,21,2009/2010,male,Barcelona,Tenerife,1,True,False,False,insufficient_rolling_history,11,669,1,statsbombpy,
69239,2010-05-08,11,La Liga,21,2009/2010,male,Sevilla,Barcelona,0,True,True,True,,11,203,1,statsbombpy,
69242,2010-05-16,11,La Liga,21,2009/2010,male,Barcelona,Real Valladolid,1,True,True,True,,11,564,1,statsbombpy,
18235,2010-05-22,16,Champions League,21,2009/2010,male,Bayern Munich,Inter Milan,0,True,False,False,insufficient_rolling_history,11,523,1,statsbombpy,
69286,2010-08-29,11,La Liga,22,2010/2011,male,Racing Santander,Barcelona,0,True,True,True,,11,278,1,statsbombpy,
69287,2010-09-11,11,La Liga,22,2010/2011,male,Barcelona,Hércules,0,True,False,False,insufficient_rolling_history,11,586,1,statsbombpy,
69269,2010-09-19,11,La Liga,22,2010/2011,male,Atlético Madrid,Barcelona,0,True,True,True,,11,164,1,statsbombpy,
69236,2010-10-03,11,La Liga,22,2010/2011,male,Barcelona,Mallorca,0,True,True,True,,11,544,1,statsbombpy,
69260,2010-10-16,11,La Liga,22,2010/2011,male,Barcelona,Valencia,1,True,True,True,,11,418,1,statsbombpy,
69263,2010-10-23,11,La Liga,22,2010/2011,male,Real Zaragoza,Barcelona,0,True,True,True,,11,158,1,statsbombpy,
69289,2010-10-30,11,La Liga,22,2010/2011,male,Barcelona,Sevilla,1,True,True,True,,11,542,1,statsbombpy,
69270,2010-11-07,11,La Liga,22,2010/2011,male,Getafe,Barcelona,0,True,True,True,,11,220,1,statsbombpy,
69308,2010-11-13,11,La Liga,22,2010/2011,male,Barcelona,Villarreal,1,True,True,True,,11,582,1,statsbombpy,
69306,2010-11-20,11,La Liga,22,2010/2011,male,Almería,Barcelona,0,True,True,True,,11,238,1,statsbombpy,
69299,2010-11-29,11,La Liga,22,2010/2011,male,Barcelona,Real Madrid,1,True,True,True,,11,620,1,statsbombpy,
69307,2010-12-04,11,La Liga,22,2010/2011,male,Osasuna,Barcelona,0,True,True,True,,11,151,1,statsbombpy,
69302,2010-12-12,11,La Liga,22,2010/2011,male,Barcelona,Real Sociedad,1,True,False,False,insufficient_rolling_history,11,766,1,statsbombpy,
69275,2010-12-18,11,La Liga,22,2010/2011,male,Espanyol,Barcelona,0,True,True,True,,11,283,1,statsbombpy,
69280,2011-01-08,11,La Liga,22,2010/2011,male,RC Deportivo La Coruña,Barcelona,0,True,True,True,,11,217,1,statsbombpy,
69278,2011-01-16,11,La Liga,22,2010/2011,male,Barcelona,Málaga,1,True,True,True,,11,661,1,statsbombpy,
69295,2011-01-22,11,La Liga,22,2010/2011,male,Barcelona,Racing Santander,1,True,True,True,,11,742,1,statsbombpy,
69296,2011-01-29,11,La Liga,22,2010/2011,male,Hércules,Barcelona,0,True,False,False,insufficient_rolling_history,11,208,1,statsbombpy,
69276,2011-02-05,11,La Liga,22,2010/2011,male,Barcelona,Atlético Madrid,1,True,True,True,,11,716,1,statsbombpy,
69248,2011-02-12,11,La Liga,22,2010/2011,male,Sporting Gijón,Barcelona,0,True,True,True,,11,108,1,statsbombpy,
69282,2011-02-20,11,La Liga,22,2010/2011,male,Barcelona,Athletic Club,1,True,True,True,,11,727,1,statsbombpy,
69283,2011-02-26,11,La Liga,22,2010/2011,male,Mallorca,Barcelona,0,True,True,True,,11,154,1,statsbombpy,
69274,2011-03-02,11,La Liga,22,2010/2011,male,Valencia,Barcelona,0,True,True,True,,11,290,1,statsbombpy,
69300,2011-03-05,11,La Liga,22,2010/2011,male,Barcelona,Real Zaragoza,1,True,True,True,,11,766,1,statsbombpy,
69291,2011-03-13,11,La Liga,22,2010/2011,male,Sevilla,Barcelona,0,True,True,True,,11,190,1,statsbombpy,
69303,2011-03-19,11,La Liga,22,2010/2011,male,Barcelona,Getafe,1,True,True,True,,11,615,1,statsbombpy,
69304,2011-04-02,11,La Liga,22,2010/2011,male,Villarreal,Barcelona,0,True,True,True,,11,253,1,statsbombpy,
69305,2011-04-09,11,La Liga,22,2010/2011,male,Barcelona,Almería,1,True,True,True,,11,587,1,statsbombpy,
69245,2011-04-16,11,La Liga,22,2010/2011,male,Real Madrid,Barcelona,0,True,True,True,,11,133,1,statsbombpy,
69271,2011-04-23,11,La Liga,22,2010/2011,male,Barcelona,Osasuna,1,True,True,True,,11,505,1,statsbombpy,
69246,2011-04-30,11,La Liga,22,2010/2011,male,Real Sociedad,Barcelona,1,True,False,False,insufficient_rolling_history,11,121,1,statsbombpy,
69234,2011-05-08,11,La Liga,22,2010/2011,male,Barcelona,Espanyol,1,True,True,True,,11,662,1,statsbombpy,
69272,2011-05-11,11,La Liga,22,2010/2011,male,Levante UD,Barcelona,0,True,True,True,,11,165,1,statsbombpy,
18236,2011-05-28,16,Champions League,22,2010/2011,male,Barcelona,Manchester United,1,True,False,False,insufficient_rolling_history,11,716,1,statsbombpy,
69268,2011-08-29,11,La Liga,23,2011/2012,male,Barcelona,Villarreal,1,True,True,True,,11,697,1,statsbombpy,
69264,2011-09-10,11,La Liga,23,2011/2012,male,Real Sociedad,Barcelona,0,True,True,True,,11,182,1,statsbombpy,
70220,2011-09-17,11,La Liga,23,2011/2012,male,Barcelona,Osasuna,1,True,True,True,,11,687,1,statsbombpy,
70223,2011-09-21,11,La Liga,23,2011/2012,male,Valencia,Barcelona,0,True,True,True,,11,251,1,statsbombpy,
69297,2011-09-24,11,La Liga,23,2011/2012,male,Barcelona,Atlético Madrid,1,True,True,True,,11,720,1,statsbombpy,
69265,2011-10-02,11,La Liga,23,2011/2012,male,Sporting Gijón,Barcelona,0,True,True,True,,11,188,1,statsbombpy,
69293,2011-10-15,11,La Liga,23,2011/2012,male,Barcelona,Racing Santander,1,True,True,True,,11,852,1,statsbombpy,
69329,2011-10-22,11,La Liga,23,2011/2012,male,Barcelona,Sevilla,0,True,True,True,,11,656,1,statsbombpy,
69318,2011-10-25,11,La Liga,23,2011/2012,male,Granada,Barcelona,0,True,False,False,insufficient_rolling_history,11,191,1,statsbombpy,
69314,2011-10-29,11,La Liga,23,2011/2012,male,Barcelona,Mallorca,1,True,True,True,,11,630,1,statsbombpy,
69330,2011-11-06,11,La Liga,23,2011/2012,male,Athletic Club,Barcelona,0,True,True,True,,11,256,1,statsbombpy,
69331,2011-11-19,11,La Liga,23,2011/2012,male,Barcelona,Real Zaragoza,1,True,True,True,,11,487,1,statsbombpy,
69315,2011-11-26,11,La Liga,23,2011/2012,male,Getafe,Barcelona,1,True,True,True,,11,185,1,statsbombpy,
69332,2011-11-29,11,La Liga,23,2011/2012,male,Barcelona,Rayo Vallecano,1,True,False,False,insufficient_rolling_history,11,362,1,statsbombpy,
69333,2011-12-03,11,La Liga,23,2011/2012,male,Barcelona,Levante UD,1,True,True,True,,11,618,1,statsbombpy,
69334,2011-12-10,11,La Liga,23,2011/2012,male,Real Madrid,Barcelona,0,True,True,True,,11,261,1,statsbombpy,
69312,2012-01-08,11,La Liga,23,2011/2012,male,Espanyol,Barcelona,0,True,True,True,,11,278,1,statsbombpy,
69327,2012-01-15,11,La Liga,23,2011/2012,male,Barcelona,Real Betis,1,True,True,True,,11,615,1,statsbombpy,
69335,2012-01-22,11,La Liga,23,2011/2012,male,Málaga,Barcelona,0,True,True,True,,11,206,1,statsbombpy,
69338,2012-01-28,11,La Liga,23,2011/2012,male,Villarreal,Barcelona,0,True,True,True,,11,209,1,statsbombpy,
69316,2012-02-04,11,La Liga,23,2011/2012,male,Barcelona,Real Sociedad,1,True,True,True,,11,676,1,statsbombpy,
69336,2012-02-11,11,La Liga,23,2011/2012,male,Osasuna,Barcelona,1,True,True,True,,11,165,1,statsbombpy,
69328,2012-02-19,11,La Liga,23,2011/2012,male,Barcelona,Valencia,1,True,True,True,,11,485,1,statsbombpy,
69337,2012-02-26,11,La Liga,23,2011/2012,male,Atlético Madrid,Barcelona,0,True,True,True,,11,173,1,statsbombpy,
69322,2012-03-11,11,La Liga,23,2011/2012,male,Racing Santander,Barcelona,0,True,True,True,,11,173,1,statsbombpy,
69326,2012-03-17,11,La Liga,23,2011/2012,male,Sevilla,Barcelona,0,True,True,True,,11,295,1,statsbombpy,
70225,2012-03-20,11,La Liga,23,2011/2012,male,Barcelona,Granada,1,True,False,False,insufficient_rolling_history,11,660,1,statsbombpy,
69325,2012-03-24,11,La Liga,23,2011/2012,male,Mallorca,Barcelona,0,True,True,True,,11,230,1,statsbombpy,
69323,2012-03-31,11,La Liga,23,2011/2012,male,Barcelona,Athletic Club,1,True,True,True,,11,452,1,statsbombpy,
70219,2012-04-07,11,La Liga,23,2011/2012,male,Real Zaragoza,Barcelona,0,True,True,True,,11,124,1,statsbombpy,
69343,2012-04-10,11,La Liga,23,2011/2012,male,Barcelona,Getafe,1,True,True,True,,11,686,1,statsbombpy,
70221,2012-04-14,11,La Liga,23,2011/2012,male,Levante UD,Barcelona,0,True,True,True,,11,186,1,statsbombpy,
69324,2012-04-21,11,La Liga,23,2011/2012,male,Barcelona,Real Madrid,0,True,True,True,,11,569,1,statsbombpy,
70224,2012-04-29,11,La Liga,23,2011/2012,male,Rayo Vallecano,Barcelona,0,True,False,False,insufficient_rolling_history,11,119,1,statsbombpy,
69340,2012-05-02,11,La Liga,23,2011/2012,male,Barcelona,Málaga,1,True,True,True,,11,596,1,statsbombpy,
69320,2012-05-05,11,La Liga,23,2011/2012,male,Barcelona,Espanyol,1,True,True,True,,11,538,1,statsbombpy,
69319,2012-05-12,11,La Liga,23,2011/2012,male,Real Betis,Barcelona,0,True,True,True,,11,306,1,statsbombpy,
18237,2012-05-19,16,Champions League,23,2011/2012,male,Bayern Munich,Chelsea,0,True,False,False,insufficient_rolling_history,11,543,1,statsbombpy,
70259,2012-08-19,11,La Liga,24,2012/2013,male,Barcelona,Real Sociedad,1,True,True,True,,11,647,1,statsbombpy,
70262,2012-08-26,11,La Liga,24,2012/2013,male,Osasuna,Barcelona,0,True,True,True,,11,157,1,statsbombpy,
70286,2012-09-02,11,La Liga,24,2012/2013,male,Barcelona,Valencia,1,True,True,True,,11,623,1,statsbombpy,
70292,2012-09-15,11,La Liga,24,2012/2013,male,Getafe,Barcelona,0,True,True,True,,11,207,1,statsbombpy,
70270,2012-09-22,11,La Liga,24,2012/2013,male,Barcelona,Granada,1,True,False,False,insufficient_rolling_history,11,593,1,statsbombpy,
70275,2012-09-29,11,La Liga,24,2012/2013,male,Sevilla,Barcelona,0,True,True,True,,11,184,1,statsbombpy,
70300,2012-10-07,11,La Liga,24,2012/2013,male,Barcelona,Real Madrid,0,True,True,True,,11,591,1,statsbombpy,
70304,2012-10-20,11,La Liga,24,2012/2013,male,RC Deportivo La Coruña,Barcelona,0,True,True,True,,11,283,1,statsbombpy,
70276,2012-10-27,11,La Liga,24,2012/2013,male,Rayo Vallecano,Barcelona,0,True,False,False,insufficient_rolling_history,11,259,1,statsbombpy,
70308,2012-11-03,11,La Liga,24,2012/2013,male,Barcelona,Celta Vigo,1,True,False,False,insufficient_rolling_history,11,790,1,statsbombpy,
266724,2012-11-11,11,La Liga,24,2012/2013,male,Mallorca,Barcelona,0,True,True,True,,11,157,1,statsbombpy,
70309,2012-11-17,11,La Liga,24,2012/2013,male,Barcelona,Real Zaragoza,1,True,True,True,,11,645,1,statsbombpy,
70280,2012-11-25,11,La Liga,24,2012/2013,male,Levante UD,Barcelona,0,True,True,True,,11,134,1,statsbombpy,
70263,2012-12-01,11,La Liga,24,2012/2013,male,Barcelona,Athletic Club,1,True,True,True,,11,543,1,statsbombpy,
70295,2012-12-09,11,La Liga,24,2012/2013,male,Real Betis,Barcelona,0,True,True,True,,11,247,1,statsbombpy,
70296,2012-12-16,11,La Liga,24,2012/2013,male,Barcelona,Atlético Madrid,1,True,True,True,,11,772,1,statsbombpy,
266015,2012-12-22,11,La Liga,24,2012/2013,male,Real Valladolid,Barcelona,0,True,True,True,,11,273,1,statsbombpy,
266433,2013-01-06,11,La Liga,24,2012/2013,male,Barcelona,Espanyol,1,True,True,True,,11,829,1,statsbombpy,
266827,2013-01-13,11,La Liga,24,2012/2013,male,Málaga,Barcelona,0,True,True,True,,11,321,1,statsbombpy,
70287,2013-01-19,11,La Liga,24,2012/2013,male,Real Sociedad,Barcelona,1,True,True,True,,11,232,1,statsbombpy,
70260,2013-01-27,11,La Liga,24,2012/2013,male,Barcelona,Osasuna,1,True,True,True,,11,681,1,statsbombpy,
70282,2013-02-03,11,La Liga,24,2012/2013,male,Valencia,Barcelona,0,True,True,True,,11,264,1,statsbombpy,
70297,2013-02-10,11,La Liga,24,2012/2013,male,Barcelona,Getafe,1,True,True,True,,11,741,1,statsbombpy,
70294,2013-02-16,11,La Liga,24,2012/2013,male,Granada,Barcelona,0,True,True,True,,11,142,1,statsbombpy,
70271,2013-02-23,11,La Liga,24,2012/2013,male,Barcelona,Sevilla,1,True,True,True,,11,602,1,statsbombpy,
70272,2013-03-02,11,La Liga,24,2012/2013,male,Real Madrid,Barcelona,1,True,True,True,,11,179,1,statsbombpy,
70305,2013-03-09,11,La Liga,24,2012/2013,male,Barcelona,RC Deportivo La Coruña,1,True,True,True,,11,729,1,statsbombpy,
70307,2013-03-17,11,La Liga,24,2012/2013,male,Barcelona,Rayo Vallecano,1,True,True,True,,11,398,1,statsbombpy,
70256,2013-03-30,11,La Liga,24,2012/2013,male,Celta Vigo,Barcelona,0,True,True,True,,11,173,1,statsbombpy,
267502,2013-04-27,11,La Liga,24,2012/2013,male,Athletic Club,Barcelona,0,True,True,True,,11,293,1,statsbombpy,
70281,2013-05-05,11,La Liga,24,2012/2013,male,Barcelona,Real Betis,1,True,True,True,,11,643,1,statsbombpy,
70284,2013-05-12,11,La Liga,24,2012/2013,male,Atlético Madrid,Barcelona,0,True,True,True,,11,345,1,statsbombpy,
18240,2013-05-25,16,Champions League,24,2012/2013,male,Borussia Dortmund,Bayern Munich,0,True,False,False,insufficient_rolling_history,11,256,1,statsbombpy,
70277,2013-08-18,11,La Liga,25,2013/2014,male,Barcelona,Levante UD,1,True,True,True,,11,635,1,statsbombpy,
70298,2013-09-01,11,La Liga,25,2013/2014,male,Valencia,Barcelona,0,True,True,True,,11,268,1,statsbombpy,
70301,2013-09-14,11,La Liga,25,2013/2014,male,Barcelona,Sevilla,1,True,True,True,,11,552,1,statsbombpy,
70302,2013-09-21,11,La Liga,25,2013/2014,male,Rayo Vallecano,Barcelona,0,True,True,True,,11,332,1,statsbombpy,
267520,2013-09-24,11,La Liga,25,2013/2014,male,Barcelona,Real Sociedad,1,True,True,True,,11,691,1,statsbombpy,
266420,2013-09-28,11,La Liga,25,2013/2014,male,Almería,Barcelona,0,True,True,True,,11,211,1,statsbombpy,
266462,2013-10-19,11,La Liga,25,2013/2014,male,Osasuna,Barcelona,0,True,True,True,,11,173,1,statsbombpy,
70293,2013-10-26,11,La Liga,25,2013/2014,male,Barcelona,Real Madrid,1,True,True,True,,11,428,1,statsbombpy,
267192,2013-10-29,11,La Liga,25,2013/2014,male,Celta Vigo,Barcelona,0,True,True,True,,11,289,1,statsbombpy,
70283,2013-11-01,11,La Liga,25,2013/2014,male,Barcelona,Espanyol,1,True,True,True,,11,646,1,statsbombpy,
266883,2013-11-10,11,La Liga,25,2013/2014,male,Real Betis,Barcelona,0,True,True,True,,11,284,1,statsbombpy,
265830,2014-01-11,11,La Liga,25,2013/2014,male,Atlético Madrid,Barcelona,0,True,True,True,,11,220,1,statsbombpy,
70288,2014-01-19,11,La Liga,25,2013/2014,male,Levante UD,Barcelona,0,True,True,True,,11,144,1,statsbombpy,
70291,2014-01-26,11,La Liga,25,2013/2014,male,Barcelona,Málaga,1,True,True,True,,11,610,1,statsbombpy,
266613,2014-02-01,11,La Liga,25,2013/2014,male,Barcelona,Valencia,0,True,True,True,,11,622,1,statsbombpy,
267675,2014-02-09,11,La Liga,25,2013/2014,male,Sevilla,Barcelona,0,True,True,True,,11,257,1,statsbombpy,
265918,2014-02-15,11,La Liga,25,2013/2014,male,Barcelona,Rayo Vallecano,1,True,True,True,,11,500,1,statsbombpy,
265837,2014-02-22,11,La Liga,25,2013/2014,male,Real Sociedad,Barcelona,1,True,True,True,,11,230,1,statsbombpy,
266066,2014-03-02,11,La Liga,25,2013/2014,male,Barcelona,Almería,1,True,True,True,,11,674,1,statsbombpy,
266603,2014-03-08,11,La Liga,25,2013/2014,male,Real Valladolid,Barcelona,1,True,True,True,,11,155,1,statsbombpy,
266074,2014-03-16,11,La Liga,25,2013/2014,male,Barcelona,Osasuna,1,True,True,True,,11,647,1,statsbombpy,
265857,2014-03-23,11,La Liga,25,2013/2014,male,Real Madrid,Barcelona,0,True,True,True,,11,253,1,statsbombpy,
266274,2014-03-26,11,La Liga,25,2013/2014,male,Barcelona,Celta Vigo,1,True,True,True,,11,585,1,statsbombpy,
70306,2014-03-29,11,La Liga,25,2013/2014,male,Espanyol,Barcelona,0,True,True,True,,11,172,1,statsbombpy,
267368,2014-04-05,11,La Liga,25,2013/2014,male,Barcelona,Real Betis,1,True,True,True,,11,522,1,statsbombpy,
267138,2014-04-12,11,La Liga,25,2013/2014,male,Granada,Barcelona,1,True,True,True,,11,96,1,statsbombpy,
267567,2014-04-20,11,La Liga,25,2013/2014,male,Barcelona,Athletic Club,1,True,True,True,,11,426,1,statsbombpy,
70289,2014-04-27,11,La Liga,25,2013/2014,male,Villarreal,Barcelona,0,True,True,True,,11,170,1,statsbombpy,
266491,2014-05-03,11,La Liga,25,2013/2014,male,Barcelona,Getafe,0,True,True,True,,11,657,1,statsbombpy,
266201,2014-05-11,11,La Liga,25,2013/2014,male,Elche,Barcelona,0,True,False,False,insufficient_rolling_history,11,187,1,statsbombpy,
266256,2014-05-17,11,La Liga,25,2013/2014,male,Barcelona,Atlético Madrid,0,True,True,True,,11,416,1,statsbombpy,
18241,2014-05-24,16,Champions League,25,2013/2014,male,Real Madrid,Atlético Madrid,1,True,False,False,insufficient_rolling_history,11,529,1,statsbombpy,
266921,2014-08-24,11,La Liga,26,2014/2015,male,Barcelona,Elche,1,True,False,False,insufficient_rolling_history,11,681,1,statsbombpy,
266406,2014-08-31,11,La Liga,26,2014/2015,male,Villarreal,Barcelona,0,True,True,True,,11,170,1,statsbombpy,
70273,2014-09-13,11,La Liga,26,2014/2015,male,Barcelona,Athletic Club,1,True,True,True,,11,521,1,statsbombpy,
266770,2014-09-21,11,La Liga,26,2014/2015,male,Levante UD,Barcelona,0,True,True,True,,11,158,1,statsbombpy,
266838,2014-09-24,11,La Liga,26,2014/2015,male,Málaga,Barcelona,0,True,True,True,,11,160,1,statsbombpy,
266117,2014-09-27,11,La Liga,26,2014/2015,male,Barcelona,Granada,1,True,True,True,,11,574,1,statsbombpy,
267561,2014-10-04,11,La Liga,26,2014/2015,male,Rayo Vallecano,Barcelona,0,True,True,True,,11,219,1,statsbombpy,
265896,2014-10-18,11,La Liga,26,2014/2015,male,Barcelona,Eibar,1,True,False,False,insufficient_rolling_history,11,645,1,statsbombpy,
267085,2014-10-25,11,La Liga,26,2014/2015,male,Real Madrid,Barcelona,1,True,True,True,,11,373,1,statsbombpy,
267301,2014-11-01,11,La Liga,26,2014/2015,male,Barcelona,Celta Vigo,0,True,True,True,,11,436,1,statsbombpy,
267499,2014-11-08,11,La Liga,26,2014/2015,male,Almería,Barcelona,0,True,True,True,,11,145,1,statsbombpy,
265835,2014-11-22,11,La Liga,26,2014/2015,male,Barcelona,Sevilla,1,True,True,True,,11,617,1,statsbombpy,
266560,2014-11-30,11,La Liga,26,2014/2015,male,Valencia,Barcelona,0,True,True,True,,11,214,1,statsbombpy,
266320,2014-12-07,11,La Liga,26,2014/2015,male,Barcelona,Espanyol,1,True,True,True,,11,748,1,statsbombpy,
70264,2014-12-13,11,La Liga,26,2014/2015,male,Getafe,Barcelona,0,True,True,True,,11,139,1,statsbombpy,
266846,2014-12-20,11,La Liga,26,2014/2015,male,Barcelona,Córdoba CF,1,True,False,False,insufficient_rolling_history,11,669,1,statsbombpy,
266240,2015-01-04,11,La Liga,26,2014/2015,male,Real Sociedad,Barcelona,1,True,True,True,,11,160,1,statsbombpy,
70303,2015-01-11,11,La Liga,26,2014/2015,male,Barcelona,Atlético Madrid,1,True,True,True,,11,541,1,statsbombpy,
266230,2015-01-18,11,La Liga,26,2014/2015,male,RC Deportivo La Coruña,Barcelona,0,True,True,True,,11,198,1,statsbombpy,
266794,2015-01-24,11,La Liga,26,2014/2015,male,Elche,Barcelona,0,True,False,False,insufficient_rolling_history,11,173,1,statsbombpy,
267597,2015-02-01,11,La Liga,26,2014/2015,male,Barcelona,Villarreal,1,True,True,True,,11,605,1,statsbombpy,
266871,2015-02-08,11,La Liga,26,2014/2015,male,Athletic Club,Barcelona,0,True,True,True,,11,196,1,statsbombpy,
266741,2015-02-15,11,La Liga,26,2014/2015,male,Barcelona,Levante UD,1,True,True,True,,11,680,1,statsbombpy,
266148,2015-02-21,11,La Liga,26,2014/2015,male,Barcelona,Málaga,0,True,True,True,,11,518,1,statsbombpy,
267343,2015-02-28,11,La Liga,26,2014/2015,male,Granada,Barcelona,0,True,True,True,,11,161,1,statsbombpy,
266916,2015-03-08,11,La Liga,26,2014/2015,male,Barcelona,Rayo Vallecano,1,True,True,True,,11,362,1,statsbombpy,
266967,2015-03-14,11,La Liga,26,2014/2015,male,Eibar,Barcelona,0,True,False,False,insufficient_rolling_history,11,168,1,statsbombpy,
267183,2015-03-22,11,La Liga,26,2014/2015,male,Barcelona,Real Madrid,1,True,True,True,,11,395,1,statsbombpy,
266929,2015-04-05,11,La Liga,26,2014/2015,male,Celta Vigo,Barcelona,0,True,True,True,,11,239,1,statsbombpy,
267400,2015-04-08,11,La Liga,26,2014/2015,male,Barcelona,Almería,1,True,True,True,,11,554,1,statsbombpy,
266142,2015-04-11,11,La Liga,26,2014/2015,male,Sevilla,Barcelona,0,True,True,True,,11,207,1,statsbombpy,
266525,2015-04-18,11,La Liga,26,2014/2015,male,Barcelona,Valencia,1,True,True,True,,11,529,1,statsbombpy,
266531,2015-04-25,11,La Liga,26,2014/2015,male,Espanyol,Barcelona,0,True,True,True,,11,199,1,statsbombpy,
265963,2015-04-28,11,La Liga,26,2014/2015,male,Barcelona,Getafe,1,True,True,True,,11,626,1,statsbombpy,
265866,2015-05-02,11,La Liga,26,2014/2015,male,Córdoba CF,Barcelona,0,True,False,False,insufficient_rolling_history,11,157,1,statsbombpy,
266045,2015-05-09,11,La Liga,26,2014/2015,male,Barcelona,Real Sociedad,1,True,True,True,,11,435,1,statsbombpy,
266631,2015-05-17,11,La Liga,26,2014/2015,male,Atlético Madrid,Barcelona,0,True,True,True,,11,134,1,statsbombpy,
267197,2015-05-23,11,La Liga,26,2014/2015,male,Barcelona,RC Deportivo La Coruña,0,True,True,True,,11,771,1,statsbombpy,
18242,2015-06-06,16,Champions League,26,2014/2015,male,Juventus,Barcelona,0,True,False,False,insufficient_rolling_history,11,278,1,statsbombpy,
3825562,2015-08-21,11,La Liga,27,2015/2016,male,Málaga,Sevilla,0,True,True,True,,11,293,1,statsbombpy,
3825563,2015-08-22,11,La Liga,27,2015/2016,male,Atlético Madrid,Las Palmas,1,True,False,False,insufficient_rolling_history,11,495,1,statsbombpy,
3825564,2015-08-22,11,La Liga,27,2015/2016,male,RC Deportivo La Coruña,Real Sociedad,0,True,True,True,,11,389,1,statsbombpy,
3825565,2015-08-22,11,La Liga,27,2015/2016,male,Espanyol,Getafe,1,True,True,True,,11,163,1,statsbombpy,
3825566,2015-08-22,11,La Liga,27,2015/2016,male,Rayo Vallecano,Valencia,0,True,True,True,,11,339,1,statsbombpy,
266236,2015-08-23,11,La Liga,27,2015/2016,male,Athletic Club,Barcelona,0,True,True,True,,11,169,1,statsbombpy,
3825567,2015-08-23,11,La Liga,27,2015/2016,male,Sporting Gijón,Real Madrid,0,True,True,True,,11,208,1,statsbombpy,
3825568,2015-08-23,11,La Liga,27,2015/2016,male,Real Betis,Villarreal,0,True,True,True,,11,316,1,statsbombpy,
3825569,2015-08-23,11,La Liga,27,2015/2016,male,Levante UD,Celta Vigo,0,True,True,True,,11,185,1,statsbombpy,
3825570,2015-08-24,11,La Liga,27,2015/2016,male,Granada,Eibar,0,True,False,False,insufficient_rolling_history,11,339,1,statsbombpy,
3825571,2015-08-28,11,La Liga,27,2015/2016,male,Villarreal,Espanyol,1,True,True,True,,11,358,1,statsbombpy,
267422,2015-08-29,11,La Liga,27,2015/2016,male,Barcelona,Málaga,1,True,True,True,,11,555,1,statsbombpy,
3825572,2015-08-29,11,La Liga,27,2015/2016,male,Real Madrid,Real Betis,1,True,True,True,,11,510,1,statsbombpy,
3825573,2015-08-29,11,La Liga,27,2015/2016,male,Real Sociedad,Sporting Gijón,0,True,True,True,,11,414,1,statsbombpy,
3825574,2015-08-29,11,La Liga,27,2015/2016,male,Celta Vigo,Rayo Vallecano,1,True,True,True,,11,573,1,statsbombpy,
3825575,2015-08-30,11,La Liga,27,2015/2016,male,Las Palmas,Levante UD,0,True,False,False,insufficient_rolling_history,11,453,1,statsbombpy,
3825576,2015-08-30,11,La Liga,27,2015/2016,male,Valencia,RC Deportivo La Coruña,0,True,True,True,,11,299,1,statsbombpy,
3825577,2015-08-30,11,La Liga,27,2015/2016,male,Getafe,Granada,0,True,True,True,,11,279,1,statsbombpy,
3825578,2015-08-30,11,La Liga,27,2015/2016,male,Eibar,Athletic Club,1,True,True,True,,11,239,1,statsbombpy,
3825579,2015-08-30,11,La Liga,27,2015/2016,male,Sevilla,Atlético Madrid,0,True,True,True,,11,379,1,statsbombpy,
3825580,2015-09-11,11,La Liga,27,2015/2016,male,Levante UD,Sevilla,0,True,True,True,,11,321,1,statsbombpy,
266166,2015-09-12,11,La Liga,27,2015/2016,male,Atlético Madrid,Barcelona,0,True,True,True,,11,232,1,statsbombpy,
3825581,2015-09-12,11,La Liga,27,2015/2016,male,Espanyol,Real Madrid,0,True,True,True,,11,365,1,statsbombpy,
3825582,2015-09-12,11,La Liga,27,2015/2016,male,Real Betis,Real Sociedad,1,True,True,True,,11,218,1,statsbombpy,
3825583,2015-09-12,11,La Liga,27,2015/2016,male,Sporting Gijón,Valencia,0,True,True,True,,11,268,1,statsbombpy,
3825584,2015-09-13,11,La Liga,27,2015/2016,male,Granada,Villarreal,0,True,True,True,,11,281,1,statsbombpy,
3825585,2015-09-13,11,La Liga,27,2015/2016,male,Celta Vigo,Las Palmas,0,True,False,False,insufficient_rolling_history,11,593,1,statsbombpy,
3825586,2015-09-13,11,La Liga,27,2015/2016,male,Málaga,Eibar,0,True,True,True,,11,285,1,statsbombpy,
3825587,2015-09-13,11,La Liga,27,2015/2016,male,Athletic Club,Getafe,1,True,True,True,,11,346,1,statsbombpy,
3825588,2015-09-14,11,La Liga,27,2015/2016,male,Rayo Vallecano,RC Deportivo La Coruña,0,True,True,True,,11,467,1,statsbombpy,
3825589,2015-09-18,11,La Liga,27,2015/2016,male,Getafe,Málaga,1,True,True,True,,11,213,1,statsbombpy,
3825590,2015-09-19,11,La Liga,27,2015/2016,male,Real Madrid,Granada,1,True,True,True,,11,530,1,statsbombpy,
3825591,2015-09-19,11,La Liga,27,2015/2016,male,Valencia,Real Betis,0,True,True,True,,11,451,1,statsbombpy,
3825592,2015-09-19,11,La Liga,27,2015/2016,male,Real Sociedad,Espanyol,0,True,True,True,,11,321,1,statsbombpy,
3825593,2015-09-19,11,La Liga,27,2015/2016,male,Eibar,Atlético Madrid,0,True,True,True,,11,338,1,statsbombpy,
266490,2015-09-20,11,La Liga,27,2015/2016,male,Barcelona,Levante UD,1,True,True,True,,11,601,1,statsbombpy,
3825594,2015-09-20,11,La Liga,27,2015/2016,male,Sevilla,Celta Vigo,0,True,True,True,,11,239,1,statsbombpy,
3825595,2015-09-20,11,La Liga,27,2015/2016,male,Villarreal,Athletic Club,1,True,True,True,,11,244,1,statsbombpy,
3825596,2015-09-20,11,La Liga,27,2015/2016,male,RC Deportivo La Coruña,Sporting Gijón,0,True,True,True,,11,387,1,statsbombpy,
3825597,2015-09-20,11,La Liga,27,2015/2016,male,Las Palmas,Rayo Vallecano,0,True,True,True,,11,251,1,statsbombpy,
3825598,2015-09-22,11,La Liga,27,2015/2016,male,Atlético Madrid,Getafe,1,True,True,True,,11,365,1,statsbombpy,
3825599,2015-09-22,11,La Liga,27,2015/2016,male,Espanyol,Valencia,1,True,True,True,,11,284,1,statsbombpy,
3825892,2015-09-22,11,La Liga,27,2015/2016,male,Granada,Real Sociedad,0,True,True,True,,11,244,1,statsbombpy,
266467,2015-09-23,11,La Liga,27,2015/2016,male,Celta Vigo,Barcelona,1,True,True,True,,11,296,1,statsbombpy,
3825600,2015-09-23,11,La Liga,27,2015/2016,male,Málaga,Villarreal,0,True,True,True,,11,366,1,statsbombpy,
3825601,2015-09-23,11,La Liga,27,2015/2016,male,Rayo Vallecano,Sporting Gijón,1,True,True,True,,11,357,1,statsbombpy,
3825602,2015-09-23,11,La Liga,27,2015/2016,male,Athletic Club,Real Madrid,0,True,True,True,,11,342,1,statsbombpy,
3825848,2015-09-23,11,La Liga,27,2015/2016,male,Levante UD,Eibar,0,True,True,True,,11,336,1,statsbombpy,
3825895,2015-09-23,11,La Liga,27,2015/2016,male,Las Palmas,Sevilla,1,True,True,True,,11,255,1,statsbombpy,
3825603,2015-09-24,11,La Liga,27,2015/2016,male,Real Betis,RC Deportivo La Coruña,0,True,True,True,,11,380,1,statsbombpy,
3825604,2015-09-25,11,La Liga,27,2015/2016,male,Valencia,Granada,1,True,True,True,,11,244,1,statsbombpy,
267611,2015-09-26,11,La Liga,27,2015/2016,male,Barcelona,Las Palmas,1,True,True,True,,11,550,1,statsbombpy,
3825605,2015-09-26,11,La Liga,27,2015/2016,male,Sevilla,Rayo Vallecano,1,True,True,True,,11,313,1,statsbombpy,
3825606,2015-09-26,11,La Liga,27,2015/2016,male,Real Madrid,Málaga,0,True,True,True,,11,583,1,statsbombpy,
3825607,2015-09-26,11,La Liga,27,2015/2016,male,Villarreal,Atlético Madrid,1,True,True,True,,11,379,1,statsbombpy,
3825608,2015-09-26,11,La Liga,27,2015/2016,male,Eibar,Celta Vigo,0,True,True,True,,11,190,1,statsbombpy,
3825609,2015-09-27,11,La Liga,27,2015/2016,male,Real Sociedad,Athletic Club,0,True,True,True,,11,244,1,statsbombpy,
3825610,2015-09-27,11,La Liga,27,2015/2016,male,Sporting Gijón,Real Betis,0,True,True,True,,11,395,1,statsbombpy,
3825611,2015-09-27,11,La Liga,27,2015/2016,male,RC Deportivo La Coruña,Espanyol,1,True,True,True,,11,273,1,statsbombpy,
3825612,2015-09-27,11,La Liga,27,2015/2016,male,Getafe,Levante UD,1,True,True,True,,11,398,1,statsbombpy,
3825613,2015-10-02,11,La Liga,27,2015/2016,male,Celta Vigo,Getafe,0,True,True,True,,11,467,1,statsbombpy,
3825614,2015-10-03,11,La Liga,27,2015/2016,male,Granada,RC Deportivo La Coruña,0,True,True,True,,11,260,1,statsbombpy,
3825615,2015-10-03,11,La Liga,27,2015/2016,male,Espanyol,Sporting Gijón,0,True,True,True,,11,402,1,statsbombpy,
3825616,2015-10-03,11,La Liga,27,2015/2016,male,Málaga,Real Sociedad,1,True,True,True,,11,227,1,statsbombpy,
3825617,2015-10-03,11,La Liga,27,2015/2016,male,Sevilla,Barcelona,1,True,True,True,,11,217,1,statsbombpy,
3825618,2015-10-03,11,La Liga,27,2015/2016,male,Las Palmas,Eibar,0,True,True,True,,11,424,1,statsbombpy,
3825619,2015-10-04,11,La Liga,27,2015/2016,male,Levante UD,Villarreal,1,True,True,True,,11,269,1,statsbombpy,
3825620,2015-10-04,11,La Liga,27,2015/2016,male,Rayo Vallecano,Real Betis,0,True,True,True,,11,417,1,statsbombpy,
3825621,2015-10-04,11,La Liga,27,2015/2016,male,Atlético Madrid,Real Madrid,0,True,True,True,,11,371,1,statsbombpy,
3825622,2015-10-04,11,La Liga,27,2015/2016,male,Athletic Club,Valencia,1,True,True,True,,11,358,1,statsbombpy,
3825623,2015-10-17,11,La Liga,27,2015/2016,male,Valencia,Málaga,1,True,True,True,,11,320,1,statsbombpy,
3825624,2015-10-17,11,La Liga,27,2015/2016,male,Eibar,Sevilla,0,True,True,True,,11,212,1,statsbombpy,
3825625,2015-10-17,11,La Liga,27,2015/2016,male,Real Madrid,Levante UD,1,True,True,True,,11,438,1,statsbombpy,
3825626,2015-10-17,11,La Liga,27,2015/2016,male,Real Betis,Espanyol,0,True,True,True,,11,360,1,statsbombpy,
3825627,2015-10-17,11,La Liga,27,2015/2016,male,Barcelona,Rayo Vallecano,1,True,True,True,,11,347,1,statsbombpy,
3825628,2015-10-18,11,La Liga,27,2015/2016,male,Getafe,Las Palmas,1,True,True,True,,11,297,1,statsbombpy,
3825629,2015-10-18,11,La Liga,27,2015/2016,male,Villarreal,Celta Vigo,0,True,True,True,,11,186,1,statsbombpy,
3825630,2015-10-18,11,La Liga,27,2015/2016,male,RC Deportivo La Coruña,Athletic Club,0,True,True,True,,11,348,1,statsbombpy,
3825631,2015-10-18,11,La Liga,27,2015/2016,male,Real Sociedad,Atlético Madrid,0,True,True,True,,11,427,1,statsbombpy,
3825632,2015-10-19,11,La Liga,27,2015/2016,male,Sporting Gijón,Granada,0,True,True,True,,11,370,1,statsbombpy,
3825633,2015-10-23,11,La Liga,27,2015/2016,male,Rayo Vallecano,Espanyol,1,True,True,True,,11,466,1,statsbombpy,
3825634,2015-10-24,11,La Liga,27,2015/2016,male,Granada,Real Betis,0,True,True,True,,11,182,1,statsbombpy,
3825635,2015-10-24,11,La Liga,27,2015/2016,male,Celta Vigo,Real Madrid,0,True,True,True,,11,406,1,statsbombpy,
3825636,2015-10-24,11,La Liga,27,2015/2016,male,Málaga,RC Deportivo La Coruña,1,True,True,True,,11,342,1,statsbombpy,
3825874,2015-10-24,11,La Liga,27,2015/2016,male,Sevilla,Getafe,1,True,True,True,,11,360,1,statsbombpy,
3825637,2015-10-25,11,La Liga,27,2015/2016,male,Barcelona,Eibar,1,True,True,True,,11,476,1,statsbombpy,
3825638,2015-10-25,11,La Liga,27,2015/2016,male,Atlético Madrid,Valencia,1,True,True,True,,11,324,1,statsbombpy,
3825639,2015-10-25,11,La Liga,27,2015/2016,male,Las Palmas,Villarreal,0,True,True,True,,11,439,1,statsbombpy,
3825640,2015-10-25,11,La Liga,27,2015/2016,male,Levante UD,Real Sociedad,0,True,True,True,,11,248,1,statsbombpy,
3825641,2015-10-26,11,La Liga,27,2015/2016,male,Athletic Club,Sporting Gijón,1,True,True,True,,11,354,1,statsbombpy,
3825642,2015-10-30,11,La Liga,27,2015/2016,male,RC Deportivo La Coruña,Atlético Madrid,0,True,True,True,,11,373,1,statsbombpy,
3825643,2015-10-31,11,La Liga,27,2015/2016,male,Real Madrid,Las Palmas,1,True,True,True,,11,519,1,statsbombpy,
3825644,2015-10-31,11,La Liga,27,2015/2016,male,Real Sociedad,Celta Vigo,0,True,True,True,,11,213,1,statsbombpy,
3825645,2015-10-31,11,La Liga,27,2015/2016,male,Getafe,Barcelona,0,True,True,True,,11,191,1,statsbombpy,
3825646,2015-10-31,11,La Liga,27,2015/2016,male,Villarreal,Sevilla,1,True,True,True,,11,308,1,statsbombpy,
3825647,2015-10-31,11,La Liga,27,2015/2016,male,Valencia,Levante UD,1,True,True,True,,11,318,1,statsbombpy,
3825648,2015-11-01,11,La Liga,27,2015/2016,male,Eibar,Rayo Vallecano,1,True,True,True,,11,164,1,statsbombpy,
3825649,2015-11-01,11,La Liga,27,2015/2016,male,Sporting Gijón,Málaga,1,True,True,True,,11,196,1,statsbombpy,
3825650,2015-11-01,11,La Liga,27,2015/2016,male,Real Betis,Athletic Club,0,True,True,True,,11,301,1,statsbombpy,
3825651,2015-11-01,11,La Liga,27,2015/2016,male,Espanyol,Granada,0,True,True,True,,11,258,1,statsbombpy,
3825652,2015-11-06,11,La Liga,27,2015/2016,male,Las Palmas,Real Sociedad,1,True,True,True,,11,289,1,statsbombpy,
3825653,2015-11-07,11,La Liga,27,2015/2016,male,Eibar,Getafe,1,True,True,True,,11,225,1,statsbombpy,
3825654,2015-11-07,11,La Liga,27,2015/2016,male,Celta Vigo,Valencia,0,True,True,True,,11,328,1,statsbombpy,
3825655,2015-11-07,11,La Liga,27,2015/2016,male,Rayo Vallecano,Granada,1,True,True,True,,11,209,1,statsbombpy,
3825656,2015-11-07,11,La Liga,27,2015/2016,male,Levante UD,RC Deportivo La Coruña,0,True,True,True,,11,323,1,statsbombpy,
3825657,2015-11-07,11,La Liga,27,2015/2016,male,Málaga,Real Betis,0,True,True,True,,11,325,1,statsbombpy,
3825658,2015-11-08,11,La Liga,27,2015/2016,male,Atlético Madrid,Sporting Gijón,1,True,True,True,,11,476,1,statsbombpy,
3825659,2015-11-08,11,La Liga,27,2015/2016,male,Athletic Club,Espanyol,1,True,True,True,,11,204,1,statsbombpy,
3825660,2015-11-08,11,La Liga,27,2015/2016,male,Barcelona,Villarreal,1,True,True,True,,11,566,1,statsbombpy,
3825661,2015-11-08,11,La Liga,27,2015/2016,male,Sevilla,Real Madrid,1,True,True,True,,11,341,1,statsbombpy,
266424,2015-11-21,11,La Liga,27,2015/2016,male,Real Madrid,Barcelona,0,True,True,True,,11,322,1,statsbombpy,
3825662,2015-11-21,11,La Liga,27,2015/2016,male,RC Deportivo La Coruña,Celta Vigo,1,True,True,True,,11,198,1,statsbombpy,
3825663,2015-11-21,11,La Liga,27,2015/2016,male,Espanyol,Málaga,1,True,True,True,,11,200,1,statsbombpy,
3825664,2015-11-21,11,La Liga,27,2015/2016,male,Real Sociedad,Sevilla,1,True,True,True,,11,398,1,statsbombpy,
3825888,2015-11-21,11,La Liga,27,2015/2016,male,Valencia,Las Palmas,0,True,True,True,,11,257,1,statsbombpy,
3825665,2015-11-22,11,La Liga,27,2015/2016,male,Granada,Athletic Club,1,True,True,True,,11,146,1,statsbombpy,
3825666,2015-11-22,11,La Liga,27,2015/2016,male,Real Betis,Atlético Madrid,0,True,True,True,,11,336,1,statsbombpy,
3825667,2015-11-22,11,La Liga,27,2015/2016,male,Villarreal,Eibar,0,True,True,True,,11,334,1,statsbombpy,
3825668,2015-11-22,11,La Liga,27,2015/2016,male,Sporting Gijón,Levante UD,0,True,True,True,,11,321,1,statsbombpy,
3825669,2015-11-23,11,La Liga,27,2015/2016,male,Getafe,Rayo Vallecano,0,True,True,True,,11,183,1,statsbombpy,
3825670,2015-11-27,11,La Liga,27,2015/2016,male,Levante UD,Real Betis,0,True,True,True,,11,378,1,statsbombpy,
266885,2015-11-28,11,La Liga,27,2015/2016,male,Barcelona,Real Sociedad,1,True,True,True,,11,399,1,statsbombpy,
3825671,2015-11-28,11,La Liga,27,2015/2016,male,Celta Vigo,Sporting Gijón,1,True,True,True,,11,435,1,statsbombpy,
3825672,2015-11-28,11,La Liga,27,2015/2016,male,Málaga,Granada,0,True,True,True,,11,173,1,statsbombpy,
3825673,2015-11-28,11,La Liga,27,2015/2016,male,Las Palmas,RC Deportivo La Coruña,0,True,True,True,,11,517,1,statsbombpy,
3825674,2015-11-28,11,La Liga,27,2015/2016,male,Atlético Madrid,Espanyol,1,True,True,True,,11,352,1,statsbombpy,
3825675,2015-11-29,11,La Liga,27,2015/2016,male,Rayo Vallecano,Athletic Club,0,True,True,True,,11,373,1,statsbombpy,
3825676,2015-11-29,11,La Liga,27,2015/2016,male,Getafe,Villarreal,1,True,True,True,,11,207,1,statsbombpy,
3825677,2015-11-29,11,La Liga,27,2015/2016,male,Sevilla,Valencia,1,True,True,True,,11,404,1,statsbombpy,
3825678,2015-11-29,11,La Liga,27,2015/2016,male,Eibar,Real Madrid,0,True,True,True,,11,230,1,statsbombpy,
267274,2015-12-05,11,La Liga,27,2015/2016,male,Valencia,Barcelona,0,True,True,True,,11,213,1,statsbombpy,
3825679,2015-12-05,11,La Liga,27,2015/2016,male,Real Betis,Celta Vigo,0,True,True,True,,11,308,1,statsbombpy,
3825680,2015-12-05,11,La Liga,27,2015/2016,male,RC Deportivo La Coruña,Sevilla,0,True,True,True,,11,228,1,statsbombpy,
3825681,2015-12-05,11,La Liga,27,2015/2016,male,Real Madrid,Getafe,1,True,True,True,,11,612,1,statsbombpy,
3825682,2015-12-05,11,La Liga,27,2015/2016,male,Granada,Atlético Madrid,0,True,True,True,,11,365,1,statsbombpy,
3825683,2015-12-06,11,La Liga,27,2015/2016,male,Real Sociedad,Eibar,1,True,True,True,,11,418,1,statsbombpy,
3825684,2015-12-06,11,La Liga,27,2015/2016,male,Villarreal,Rayo Vallecano,1,True,True,True,,11,237,1,statsbombpy,
3825685,2015-12-06,11,La Liga,27,2015/2016,male,Sporting Gijón,Las Palmas,1,True,True,True,,11,202,1,statsbombpy,
3825686,2015-12-06,11,La Liga,27,2015/2016,male,Athletic Club,Málaga,0,True,True,True,,11,261,1,statsbombpy,
3825687,2015-12-07,11,La Liga,27,2015/2016,male,Espanyol,Levante UD,0,True,True,True,,11,331,1,statsbombpy,
3825688,2015-12-11,11,La Liga,27,2015/2016,male,Getafe,Real Sociedad,0,True,True,True,,11,219,1,statsbombpy,
266961,2015-12-12,11,La Liga,27,2015/2016,male,Barcelona,RC Deportivo La Coruña,0,True,True,True,,11,597,1,statsbombpy,
3825689,2015-12-12,11,La Liga,27,2015/2016,male,Celta Vigo,Espanyol,1,True,True,True,,11,329,1,statsbombpy,
3825690,2015-12-12,11,La Liga,27,2015/2016,male,Las Palmas,Real Betis,1,True,True,True,,11,494,1,statsbombpy,
3825691,2015-12-12,11,La Liga,27,2015/2016,male,Levante UD,Granada,0,True,True,True,,11,290,1,statsbombpy,
3825692,2015-12-12,11,La Liga,27,2015/2016,male,Sevilla,Sporting Gijón,1,True,True,True,,11,473,1,statsbombpy,
3825693,2015-12-13,11,La Liga,27,2015/2016,male,Atlético Madrid,Athletic Club,1,True,True,True,,11,337,1,statsbombpy,
3825694,2015-12-13,11,La Liga,27,2015/2016,male,Eibar,Valencia,0,True,True,True,,11,294,1,statsbombpy,
3825695,2015-12-13,11,La Liga,27,2015/2016,male,Villarreal,Real Madrid,1,True,True,True,,11,258,1,statsbombpy,
3825696,2015-12-13,11,La Liga,27,2015/2016,male,Rayo Vallecano,Málaga,0,True,True,True,,11,245,1,statsbombpy,
3825697,2015-12-19,11,La Liga,27,2015/2016,male,Valencia,Getafe,0,True,True,True,,11,419,1,statsbombpy,
3825698,2015-12-19,11,La Liga,27,2015/2016,male,RC Deportivo La Coruña,Eibar,1,True,True,True,,11,306,1,statsbombpy,
3825699,2015-12-19,11,La Liga,27,2015/2016,male,Real Betis,Sevilla,0,True,True,True,,11,226,1,statsbombpy,
3825891,2015-12-19,11,La Liga,27,2015/2016,male,Espanyol,Las Palmas,1,True,True,True,,11,297,1,statsbombpy,
3825700,2015-12-20,11,La Liga,27,2015/2016,male,Real Madrid,Rayo Vallecano,1,True,True,True,,11,356,1,statsbombpy,
3825701,2015-12-20,11,La Liga,27,2015/2016,male,Málaga,Atlético Madrid,1,True,True,True,,11,399,1,statsbombpy,
3825702,2015-12-20,11,La Liga,27,2015/2016,male,Real Sociedad,Villarreal,0,True,True,True,,11,531,1,statsbombpy,
3825703,2015-12-20,11,La Liga,27,2015/2016,male,Athletic Club,Levante UD,1,True,True,True,,11,335,1,statsbombpy,
3825704,2015-12-20,11,La Liga,27,2015/2016,male,Granada,Celta Vigo,0,True,True,True,,11,261,1,statsbombpy,
267327,2015-12-30,11,La Liga,27,2015/2016,male,Barcelona,Real Betis,1,True,True,True,,11,451,1,statsbombpy,
3825705,2015-12-30,11,La Liga,27,2015/2016,male,Eibar,Sporting Gijón,1,True,True,True,,11,255,1,statsbombpy,
3825706,2015-12-30,11,La Liga,27,2015/2016,male,Celta Vigo,Athletic Club,0,True,True,True,,11,491,1,statsbombpy,
3825707,2015-12-30,11,La Liga,27,2015/2016,male,Las Palmas,Granada,1,True,True,True,,11,398,1,statsbombpy,
3825708,2015-12-30,11,La Liga,27,2015/2016,male,Levante UD,Málaga,0,True,True,True,,11,222,1,statsbombpy,
3825709,2015-12-30,11,La Liga,27,2015/2016,male,Sevilla,Espanyol,1,True,True,True,,11,299,1,statsbombpy,
3825710,2015-12-30,11,La Liga,27,2015/2016,male,Real Madrid,Real Sociedad,1,True,True,True,,11,393,1,statsbombpy,
3825711,2015-12-30,11,La Liga,27,2015/2016,male,Rayo Vallecano,Atlético Madrid,0,True,True,True,,11,351,1,statsbombpy,
3825712,2015-12-30,11,La Liga,27,2015/2016,male,Getafe,RC Deportivo La Coruña,0,True,True,True,,11,290,1,statsbombpy,
3825713,2015-12-31,11,La Liga,27,2015/2016,male,Villarreal,Valencia,1,True,True,True,,11,335,1,statsbombpy,
266670,2016-01-02,11,La Liga,27,2015/2016,male,Espanyol,Barcelona,0,True,True,True,,11,137,1,statsbombpy,
3825714,2016-01-02,11,La Liga,27,2015/2016,male,Atlético Madrid,Levante UD,1,True,True,True,,11,348,1,statsbombpy,
3825715,2016-01-02,11,La Liga,27,2015/2016,male,Málaga,Celta Vigo,1,True,True,True,,11,263,1,statsbombpy,
3825716,2016-01-03,11,La Liga,27,2015/2016,male,Rayo Vallecano,Real Sociedad,0,True,True,True,,11,178,1,statsbombpy,
3825717,2016-01-03,11,La Liga,27,2015/2016,male,Granada,Sevilla,1,True,True,True,,11,187,1,statsbombpy,
3825718,2016-01-03,11,La Liga,27,2015/2016,male,Valencia,Real Madrid,0,True,True,True,,11,396,1,statsbombpy,
3825719,2016-01-03,11,La Liga,27,2015/2016,male,Athletic Club,Las Palmas,0,True,True,True,,11,223,1,statsbombpy,
3825720,2016-01-03,11,La Liga,27,2015/2016,male,Real Betis,Eibar,0,True,True,True,,11,339,1,statsbombpy,
3825721,2016-01-03,11,La Liga,27,2015/2016,male,RC Deportivo La Coruña,Villarreal,0,True,True,True,,11,392,1,statsbombpy,
3825722,2016-01-04,11,La Liga,27,2015/2016,male,Sporting Gijón,Getafe,0,True,True,True,,11,231,1,statsbombpy,
266620,2016-01-09,11,La Liga,27,2015/2016,male,Barcelona,Granada,1,True,True,True,,11,543,1,statsbombpy,
3825723,2016-01-09,11,La Liga,27,2015/2016,male,Levante UD,Rayo Vallecano,1,True,True,True,,11,193,1,statsbombpy,
3825724,2016-01-09,11,La Liga,27,2015/2016,male,Real Madrid,RC Deportivo La Coruña,1,True,True,True,,11,429,1,statsbombpy,
3825725,2016-01-09,11,La Liga,27,2015/2016,male,Getafe,Real Betis,1,True,True,True,,11,313,1,statsbombpy,
3825726,2016-01-09,11,La Liga,27,2015/2016,male,Sevilla,Athletic Club,1,True,True,True,,11,338,1,statsbombpy,
3825727,2016-01-10,11,La Liga,27,2015/2016,male,Eibar,Espanyol,1,True,True,True,,11,305,1,statsbombpy,
3825728,2016-01-10,11,La Liga,27,2015/2016,male,Celta Vigo,Atlético Madrid,0,True,True,True,,11,444,1,statsbombpy,
3825729,2016-01-10,11,La Liga,27,2015/2016,male,Villarreal,Sporting Gijón,1,True,True,True,,11,353,1,statsbombpy,
3825730,2016-01-10,11,La Liga,27,2015/2016,male,Real Sociedad,Valencia,1,True,True,True,,11,359,1,statsbombpy,
3825731,2016-01-10,11,La Liga,27,2015/2016,male,Las Palmas,Málaga,0,True,True,True,,11,451,1,statsbombpy,
3825732,2016-01-16,11,La Liga,27,2015/2016,male,Celta Vigo,Levante UD,1,True,True,True,,11,409,1,statsbombpy,
3825733,2016-01-16,11,La Liga,27,2015/2016,male,Sevilla,Málaga,1,True,True,True,,11,341,1,statsbombpy,
3825734,2016-01-16,11,La Liga,27,2015/2016,male,Real Sociedad,RC Deportivo La Coruña,0,True,True,True,,11,504,1,statsbombpy,
3825735,2016-01-16,11,La Liga,27,2015/2016,male,Villarreal,Real Betis,0,True,True,True,,11,410,1,statsbombpy,
266149,2016-01-17,11,La Liga,27,2015/2016,male,Barcelona,Athletic Club,1,True,True,True,,11,562,1,statsbombpy,
3825736,2016-01-17,11,La Liga,27,2015/2016,male,Valencia,Rayo Vallecano,0,True,True,True,,11,317,1,statsbombpy,
3825737,2016-01-17,11,La Liga,27,2015/2016,male,Getafe,Espanyol,1,True,True,True,,11,241,1,statsbombpy,
3825738,2016-01-17,11,La Liga,27,2015/2016,male,Las Palmas,Atlético Madrid,0,True,True,True,,11,569,1,statsbombpy,
3825739,2016-01-17,11,La Liga,27,2015/2016,male,Real Madrid,Sporting Gijón,1,True,True,True,,11,611,1,statsbombpy,
3825740,2016-01-18,11,La Liga,27,2015/2016,male,Eibar,Granada,1,True,True,True,,11,271,1,statsbombpy,
3825741,2016-01-22,11,La Liga,27,2015/2016,male,Sporting Gijón,Real Sociedad,1,True,True,True,,11,217,1,statsbombpy,
265894,2016-01-23,11,La Liga,27,2015/2016,male,Málaga,Barcelona,0,True,True,True,,11,188,1,statsbombpy,
3825742,2016-01-23,11,La Liga,27,2015/2016,male,Granada,Getafe,1,True,True,True,,11,302,1,statsbombpy,
3825743,2016-01-23,11,La Liga,27,2015/2016,male,Rayo Vallecano,Celta Vigo,1,True,True,True,,11,235,1,statsbombpy,
3825744,2016-01-23,11,La Liga,27,2015/2016,male,Espanyol,Villarreal,0,True,True,True,,11,319,1,statsbombpy,
3825745,2016-01-24,11,La Liga,27,2015/2016,male,RC Deportivo La Coruña,Valencia,0,True,True,True,,11,320,1,statsbombpy,
3825746,2016-01-24,11,La Liga,27,2015/2016,male,Real Betis,Real Madrid,0,True,True,True,,11,211,1,statsbombpy,
3825747,2016-01-24,11,La Liga,27,2015/2016,male,Athletic Club,Eibar,1,True,True,True,,11,305,1,statsbombpy,
3825748,2016-01-24,11,La Liga,27,2015/2016,male,Atlético Madrid,Sevilla,0,True,True,True,,11,442,1,statsbombpy,
3825749,2016-01-25,11,La Liga,27,2015/2016,male,Levante UD,Las Palmas,1,True,True,True,,11,186,1,statsbombpy,
267576,2016-01-30,11,La Liga,27,2015/2016,male,Barcelona,Atlético Madrid,1,True,True,True,,11,581,1,statsbombpy,
3825750,2016-01-30,11,La Liga,27,2015/2016,male,Real Sociedad,Real Betis,1,True,True,True,,11,305,1,statsbombpy,
3825751,2016-01-30,11,La Liga,27,2015/2016,male,Getafe,Athletic Club,0,True,True,True,,11,312,1,statsbombpy,
3825752,2016-01-30,11,La Liga,27,2015/2016,male,Eibar,Málaga,0,True,True,True,,11,269,1,statsbombpy,
3825753,2016-01-30,11,La Liga,27,2015/2016,male,Villarreal,Granada,1,True,True,True,,11,401,1,statsbombpy,
3825754,2016-01-31,11,La Liga,27,2015/2016,male,Las Palmas,Celta Vigo,1,True,True,True,,11,358,1,statsbombpy,
3825755,2016-01-31,11,La Liga,27,2015/2016,male,Valencia,Sporting Gijón,0,True,True,True,,11,338,1,statsbombpy,
3825756,2016-01-31,11,La Liga,27,2015/2016,male,Sevilla,Levante UD,1,True,True,True,,11,316,1,statsbombpy,
3825757,2016-01-31,11,La Liga,27,2015/2016,male,Real Madrid,Espanyol,1,True,True,True,,11,553,1,statsbombpy,
3825758,2016-02-01,11,La Liga,27,2015/2016,male,RC Deportivo La Coruña,Rayo Vallecano,0,True,True,True,,11,329,1,statsbombpy,
3825759,2016-02-05,11,La Liga,27,2015/2016,male,Málaga,Getafe,1,True,True,True,,11,270,1,statsbombpy,
3825760,2016-02-06,11,La Liga,27,2015/2016,male,Atlético Madrid,Eibar,1,True,True,True,,11,276,1,statsbombpy,
3825761,2016-02-06,11,La Liga,27,2015/2016,male,Athletic Club,Villarreal,0,True,True,True,,11,402,1,statsbombpy,
3825762,2016-02-06,11,La Liga,27,2015/2016,male,Sporting Gijón,RC Deportivo La Coruña,0,True,True,True,,11,240,1,statsbombpy,
3825763,2016-02-06,11,La Liga,27,2015/2016,male,Rayo Vallecano,Las Palmas,1,True,True,True,,11,291,1,statsbombpy,
266160,2016-02-07,11,La Liga,27,2015/2016,male,Levante UD,Barcelona,0,True,True,True,,11,192,1,statsbombpy,
3825764,2016-02-07,11,La Liga,27,2015/2016,male,Granada,Real Madrid,0,True,True,True,,11,276,1,statsbombpy,
3825765,2016-02-07,11,La Liga,27,2015/2016,male,Celta Vigo,Sevilla,0,True,True,True,,11,563,1,statsbombpy,
3825766,2016-02-07,11,La Liga,27,2015/2016,male,Real Betis,Valencia,1,True,True,True,,11,222,1,statsbombpy,
3825767,2016-02-08,11,La Liga,27,2015/2016,male,Espanyol,Real Sociedad,0,True,True,True,,11,405,1,statsbombpy,
3825768,2016-02-12,11,La Liga,27,2015/2016,male,Sporting Gijón,Rayo Vallecano,0,True,True,True,,11,234,1,statsbombpy,
3825769,2016-02-13,11,La Liga,27,2015/2016,male,Villarreal,Málaga,1,True,True,True,,11,344,1,statsbombpy,
3825770,2016-02-13,11,La Liga,27,2015/2016,male,Real Madrid,Athletic Club,1,True,True,True,,11,510,1,statsbombpy,
3825771,2016-02-13,11,La Liga,27,2015/2016,male,RC Deportivo La Coruña,Real Betis,0,True,True,True,,11,280,1,statsbombpy,
3825772,2016-02-13,11,La Liga,27,2015/2016,male,Valencia,Espanyol,1,True,True,True,,11,324,1,statsbombpy,
266254,2016-02-14,11,La Liga,27,2015/2016,male,Barcelona,Celta Vigo,1,True,True,True,,11,409,1,statsbombpy,
3825773,2016-02-14,11,La Liga,27,2015/2016,male,Eibar,Levante UD,1,True,True,True,,11,289,1,statsbombpy,
3825774,2016-02-14,11,La Liga,27,2015/2016,male,Getafe,Atlético Madrid,0,True,True,True,,11,514,1,statsbombpy,
3825775,2016-02-14,11,La Liga,27,2015/2016,male,Real Sociedad,Granada,1,True,True,True,,11,272,1,statsbombpy,
3825776,2016-02-14,11,La Liga,27,2015/2016,male,Sevilla,Las Palmas,1,True,True,True,,11,361,1,statsbombpy,
266815,2016-02-17,11,La Liga,27,2015/2016,male,Sporting Gijón,Barcelona,0,True,True,True,,11,123,1,statsbombpy,
3825777,2016-02-19,11,La Liga,27,2015/2016,male,Levante UD,Getafe,1,True,True,True,,11,218,1,statsbombpy,
267273,2016-02-20,11,La Liga,27,2015/2016,male,Las Palmas,Barcelona,0,True,True,True,,11,412,1,statsbombpy,
3825778,2016-02-20,11,La Liga,27,2015/2016,male,Real Betis,Sporting Gijón,0,True,True,True,,11,304,1,statsbombpy,
3825779,2016-02-20,11,La Liga,27,2015/2016,male,Celta Vigo,Eibar,1,True,True,True,,11,444,1,statsbombpy,
3825780,2016-02-20,11,La Liga,27,2015/2016,male,Espanyol,RC Deportivo La Coruña,1,True,True,True,,11,236,1,statsbombpy,
3825781,2016-02-21,11,La Liga,27,2015/2016,male,Rayo Vallecano,Sevilla,0,True,True,True,,11,297,1,statsbombpy,
3825782,2016-02-21,11,La Liga,27,2015/2016,male,Granada,Valencia,0,True,True,True,,11,360,1,statsbombpy,
3825783,2016-02-21,11,La Liga,27,2015/2016,male,Athletic Club,Real Sociedad,0,True,True,True,,11,313,1,statsbombpy,
3825784,2016-02-21,11,La Liga,27,2015/2016,male,Atlético Madrid,Villarreal,0,True,True,True,,11,403,1,statsbombpy,
3825785,2016-02-21,11,La Liga,27,2015/2016,male,Málaga,Real Madrid,0,True,True,True,,11,204,1,statsbombpy,
3825786,2016-02-26,11,La Liga,27,2015/2016,male,Eibar,Las Palmas,0,True,True,True,,11,272,1,statsbombpy,
3825787,2016-02-27,11,La Liga,27,2015/2016,male,Real Madrid,Atlético Madrid,0,True,True,True,,11,543,1,statsbombpy,
3825788,2016-02-27,11,La Liga,27,2015/2016,male,Getafe,Celta Vigo,0,True,True,True,,11,275,1,statsbombpy,
3825789,2016-02-27,11,La Liga,27,2015/2016,male,Real Sociedad,Málaga,0,True,True,True,,11,340,1,statsbombpy,
3825790,2016-02-27,11,La Liga,27,2015/2016,male,Sporting Gijón,Espanyol,0,True,True,True,,11,324,1,statsbombpy,
3825791,2016-02-27,11,La Liga,27,2015/2016,male,Real Betis,Rayo Vallecano,0,True,True,True,,11,196,1,statsbombpy,
265839,2016-02-28,11,La Liga,27,2015/2016,male,Barcelona,Sevilla,1,True,True,True,,11,517,1,statsbombpy,
3825792,2016-02-28,11,La Liga,27,2015/2016,male,RC Deportivo La Coruña,Granada,0,True,True,True,,11,506,1,statsbombpy,
3825793,2016-02-28,11,La Liga,27,2015/2016,male,Valencia,Athletic Club,0,True,True,True,,11,418,1,statsbombpy,
3825794,2016-02-28,11,La Liga,27,2015/2016,male,Villarreal,Levante UD,1,True,True,True,,11,365,1,statsbombpy,
3825795,2016-03-01,11,La Liga,27,2015/2016,male,Atlético Madrid,Real Sociedad,1,True,True,True,,11,453,1,statsbombpy,
3825796,2016-03-01,11,La Liga,27,2015/2016,male,Las Palmas,Getafe,1,True,True,True,,11,391,1,statsbombpy,
3825797,2016-03-02,11,La Liga,27,2015/2016,male,Athletic Club,RC Deportivo La Coruña,1,True,True,True,,11,425,1,statsbombpy,
3825798,2016-03-02,11,La Liga,27,2015/2016,male,Levante UD,Real Madrid,0,True,True,True,,11,309,1,statsbombpy,
3825799,2016-03-02,11,La Liga,27,2015/2016,male,Málaga,Valencia,0,True,True,True,,11,234,1,statsbombpy,
3825800,2016-03-02,11,La Liga,27,2015/2016,male,Celta Vigo,Villarreal,0,True,True,True,,11,553,1,statsbombpy,
3825801,2016-03-02,11,La Liga,27,2015/2016,male,Sevilla,Eibar,1,True,True,True,,11,359,1,statsbombpy,
266653,2016-03-03,11,La Liga,27,2015/2016,male,Rayo Vallecano,Barcelona,0,True,True,True,,11,216,1,statsbombpy,
3825802,2016-03-03,11,La Liga,27,2015/2016,male,Espanyol,Real Betis,0,True,True,True,,11,283,1,statsbombpy,
3825803,2016-03-03,11,La Liga,27,2015/2016,male,Granada,Sporting Gijón,1,True,True,True,,11,332,1,statsbombpy,
3825804,2016-03-05,11,La Liga,27,2015/2016,male,RC Deportivo La Coruña,Málaga,0,True,True,True,,11,351,1,statsbombpy,
3825805,2016-03-05,11,La Liga,27,2015/2016,male,Villarreal,Las Palmas,0,True,True,True,,11,512,1,statsbombpy,
3825806,2016-03-05,11,La Liga,27,2015/2016,male,Real Madrid,Celta Vigo,1,True,True,True,,11,463,1,statsbombpy,
3825867,2016-03-05,11,La Liga,27,2015/2016,male,Getafe,Sevilla,0,True,True,True,,11,261,1,statsbombpy,
266056,2016-03-06,11,La Liga,27,2015/2016,male,Eibar,Barcelona,0,True,True,True,,11,236,1,statsbombpy,
3825807,2016-03-06,11,La Liga,27,2015/2016,male,Valencia,Atlético Madrid,0,True,True,True,,11,316,1,statsbombpy,
3825808,2016-03-06,11,La Liga,27,2015/2016,male,Sporting Gijón,Athletic Club,0,True,True,True,,11,302,1,statsbombpy,
3825809,2016-03-06,11,La Liga,27,2015/2016,male,Real Betis,Granada,1,True,True,True,,11,211,1,statsbombpy,
3825810,2016-03-06,11,La Liga,27,2015/2016,male,Real Sociedad,Levante UD,0,True,True,True,,11,343,1,statsbombpy,
3825811,2016-03-07,11,La Liga,27,2015/2016,male,Espanyol,Rayo Vallecano,1,True,True,True,,11,164,1,statsbombpy,
3825812,2016-03-11,11,La Liga,27,2015/2016,male,Málaga,Sporting Gijón,1,True,True,True,,11,296,1,statsbombpy,
266498,2016-03-12,11,La Liga,27,2015/2016,male,Barcelona,Getafe,1,True,True,True,,11,542,1,statsbombpy,
3825813,2016-03-12,11,La Liga,27,2015/2016,male,Atlético Madrid,RC Deportivo La Coruña,1,True,True,True,,11,393,1,statsbombpy,
3825814,2016-03-12,11,La Liga,27,2015/2016,male,Celta Vigo,Real Sociedad,1,True,True,True,,11,252,1,statsbombpy,
3825858,2016-03-12,11,La Liga,27,2015/2016,male,Rayo Vallecano,Eibar,0,True,True,True,,11,269,1,statsbombpy,
3825815,2016-03-13,11,La Liga,27,2015/2016,male,Levante UD,Valencia,1,True,True,True,,11,258,1,statsbombpy,
3825816,2016-03-13,11,La Liga,27,2015/2016,male,Sevilla,Villarreal,1,True,True,True,,11,340,1,statsbombpy,
3825844,2016-03-13,11,La Liga,27,2015/2016,male,Athletic Club,Real Betis,1,True,True,True,,11,328,1,statsbombpy,
3825879,2016-03-13,11,La Liga,27,2015/2016,male,Las Palmas,Real Madrid,0,True,True,True,,11,397,1,statsbombpy,
3825881,2016-03-14,11,La Liga,27,2015/2016,male,Granada,Espanyol,0,True,True,True,,11,231,1,statsbombpy,
3825817,2016-03-18,11,La Liga,27,2015/2016,male,Getafe,Eibar,0,True,True,True,,11,180,1,statsbombpy,
3825818,2016-03-19,11,La Liga,27,2015/2016,male,Real Sociedad,Las Palmas,0,True,True,True,,11,385,1,statsbombpy,
3825880,2016-03-19,11,La Liga,27,2015/2016,male,RC Deportivo La Coruña,Levante UD,1,True,True,True,,11,335,1,statsbombpy,
3825887,2016-03-19,11,La Liga,27,2015/2016,male,Granada,Rayo Vallecano,0,True,True,True,,11,160,1,statsbombpy,
3825903,2016-03-19,11,La Liga,27,2015/2016,male,Real Betis,Málaga,0,True,True,True,,11,338,1,statsbombpy,
3825907,2016-03-19,11,La Liga,27,2015/2016,male,Sporting Gijón,Atlético Madrid,1,True,True,True,,11,426,1,statsbombpy,
266106,2016-03-20,11,La Liga,27,2015/2016,male,Villarreal,Barcelona,0,True,True,True,,11,239,1,statsbombpy,
3825819,2016-03-20,11,La Liga,27,2015/2016,male,Valencia,Celta Vigo,0,True,True,True,,11,315,1,statsbombpy,
3825820,2016-03-20,11,La Liga,27,2015/2016,male,Real Madrid,Sevilla,1,True,True,True,,11,466,1,statsbombpy,
3825821,2016-03-20,11,La Liga,27,2015/2016,male,Espanyol,Athletic Club,1,True,True,True,,11,242,1,statsbombpy,
3825885,2016-04-01,11,La Liga,27,2015/2016,male,Rayo Vallecano,Getafe,1,True,True,True,,11,271,1,statsbombpy,
267533,2016-04-02,11,La Liga,27,2015/2016,male,Barcelona,Real Madrid,0,True,True,True,,11,628,1,statsbombpy,
3825822,2016-04-02,11,La Liga,27,2015/2016,male,Las Palmas,Valencia,1,True,True,True,,11,465,1,statsbombpy,
3825872,2016-04-02,11,La Liga,27,2015/2016,male,Atlético Madrid,Real Betis,1,True,True,True,,11,322,1,statsbombpy,
3825898,2016-04-02,11,La Liga,27,2015/2016,male,Celta Vigo,RC Deportivo La Coruña,0,True,True,True,,11,424,1,statsbombpy,
3825823,2016-04-03,11,La Liga,27,2015/2016,male,Sevilla,Real Sociedad,0,True,True,True,,11,394,1,statsbombpy,
3825824,2016-04-03,11,La Liga,27,2015/2016,male,Eibar,Villarreal,0,True,True,True,,11,317,1,statsbombpy,
3825877,2016-04-03,11,La Liga,27,2015/2016,male,Athletic Club,Granada,0,True,True,True,,11,360,1,statsbombpy,
3825905,2016-04-03,11,La Liga,27,2015/2016,male,Málaga,Espanyol,0,True,True,True,,11,371,1,statsbombpy,
3825825,2016-04-04,11,La Liga,27,2015/2016,male,Levante UD,Sporting Gijón,0,True,True,True,,11,297,1,statsbombpy,
3825826,2016-04-08,11,La Liga,27,2015/2016,male,Granada,Málaga,0,True,True,True,,11,306,1,statsbombpy,
266664,2016-04-09,11,La Liga,27,2015/2016,male,Real Sociedad,Barcelona,1,True,True,True,,11,166,1,statsbombpy,
3825827,2016-04-09,11,La Liga,27,2015/2016,male,Real Betis,Levante UD,1,True,True,True,,11,345,1,statsbombpy,
3825828,2016-04-09,11,La Liga,27,2015/2016,male,Espanyol,Atlético Madrid,0,True,True,True,,11,336,1,statsbombpy,
3825856,2016-04-09,11,La Liga,27,2015/2016,male,Real Madrid,Eibar,1,True,True,True,,11,424,1,statsbombpy,
3825829,2016-04-10,11,La Liga,27,2015/2016,male,Athletic Club,Rayo Vallecano,1,True,True,True,,11,288,1,statsbombpy,
3825830,2016-04-10,11,La Liga,27,2015/2016,male,Villarreal,Getafe,1,True,True,True,,11,320,1,statsbombpy,
3825831,2016-04-10,11,La Liga,27,2015/2016,male,Valencia,Sevilla,1,True,True,True,,11,323,1,statsbombpy,
3825832,2016-04-10,11,La Liga,27,2015/2016,male,Sporting Gijón,Celta Vigo,0,True,True,True,,11,217,1,statsbombpy,
3825863,2016-04-11,11,La Liga,27,2015/2016,male,RC Deportivo La Coruña,Las Palmas,0,True,True,True,,11,273,1,statsbombpy,
3825857,2016-04-15,11,La Liga,27,2015/2016,male,Levante UD,Espanyol,1,True,True,True,,11,292,1,statsbombpy,
3825833,2016-04-16,11,La Liga,27,2015/2016,male,Getafe,Real Madrid,0,True,True,True,,11,230,1,statsbombpy,
3825852,2016-04-16,11,La Liga,27,2015/2016,male,Las Palmas,Sporting Gijón,0,True,True,True,,11,397,1,statsbombpy,
3825889,2016-04-16,11,La Liga,27,2015/2016,male,Celta Vigo,Real Betis,0,True,True,True,,11,439,1,statsbombpy,
3825897,2016-04-16,11,La Liga,27,2015/2016,male,Eibar,Real Sociedad,1,True,True,True,,11,230,1,statsbombpy,
266557,2016-04-17,11,La Liga,27,2015/2016,male,Barcelona,Valencia,0,True,True,True,,11,582,1,statsbombpy,
3825834,2016-04-17,11,La Liga,27,2015/2016,male,Atlético Madrid,Granada,1,True,True,True,,11,346,1,statsbombpy,
3825835,2016-04-17,11,La Liga,27,2015/2016,male,Málaga,Athletic Club,0,True,True,True,,11,243,1,statsbombpy,
3825836,2016-04-17,11,La Liga,27,2015/2016,male,Rayo Vallecano,Villarreal,1,True,True,True,,11,431,1,statsbombpy,
3825906,2016-04-17,11,La Liga,27,2015/2016,male,Sevilla,RC Deportivo La Coruña,0,True,True,True,,11,440,1,statsbombpy,
3825837,2016-04-19,11,La Liga,27,2015/2016,male,Real Betis,Las Palmas,1,True,True,True,,11,336,1,statsbombpy,
3825862,2016-04-19,11,La Liga,27,2015/2016,male,Espanyol,Celta Vigo,0,True,True,True,,11,270,1,statsbombpy,
266310,2016-04-20,11,La Liga,27,2015/2016,male,RC Deportivo La Coruña,Barcelona,0,True,True,True,,11,258,1,statsbombpy,
3825838,2016-04-20,11,La Liga,27,2015/2016,male,Athletic Club,Atlético Madrid,0,True,True,True,,11,535,1,statsbombpy,
3825839,2016-04-20,11,La Liga,27,2015/2016,male,Sporting Gijón,Sevilla,1,True,True,True,,11,298,1,statsbombpy,
3825840,2016-04-20,11,La Liga,27,2015/2016,male,Valencia,Eibar,1,True,True,True,,11,373,1,statsbombpy,
3825843,2016-04-20,11,La Liga,27,2015/2016,male,Málaga,Rayo Vallecano,0,True,True,True,,11,281,1,statsbombpy,
3825893,2016-04-20,11,La Liga,27,2015/2016,male,Real Madrid,Villarreal,1,True,True,True,,11,582,1,statsbombpy,
3825841,2016-04-21,11,La Liga,27,2015/2016,male,Real Sociedad,Getafe,0,True,True,True,,11,382,1,statsbombpy,
3825896,2016-04-21,11,La Liga,27,2015/2016,male,Granada,Levante UD,1,True,True,True,,11,276,1,statsbombpy,
3825871,2016-04-22,11,La Liga,27,2015/2016,male,Las Palmas,Espanyol,1,True,True,True,,11,423,1,statsbombpy,
265944,2016-04-23,11,La Liga,27,2015/2016,male,Barcelona,Sporting Gijón,1,True,True,True,,11,588,1,statsbombpy,
3825847,2016-04-23,11,La Liga,27,2015/2016,male,Eibar,RC Deportivo La Coruña,0,True,True,True,,11,281,1,statsbombpy,
3825886,2016-04-23,11,La Liga,27,2015/2016,male,Rayo Vallecano,Real Madrid,0,True,True,True,,11,229,1,statsbombpy,
3825890,2016-04-23,11,La Liga,27,2015/2016,male,Atlético Madrid,Málaga,1,True,True,True,,11,270,1,statsbombpy,
3825842,2016-04-24,11,La Liga,27,2015/2016,male,Levante UD,Athletic Club,0,True,True,True,,11,170,1,statsbombpy,
3825875,2016-04-24,11,La Liga,27,2015/2016,male,Villarreal,Real Sociedad,0,True,True,True,,11,255,1,statsbombpy,
3825884,2016-04-24,11,La Liga,27,2015/2016,male,Sevilla,Real Betis,1,True,True,True,,11,284,1,statsbombpy,
3825899,2016-04-24,11,La Liga,27,2015/2016,male,Getafe,Valencia,0,True,True,True,,11,236,1,statsbombpy,
3825868,2016-04-25,11,La Liga,27,2015/2016,male,Celta Vigo,Granada,1,True,True,True,,11,465,1,statsbombpy,
3825854,2016-04-29,11,La Liga,27,2015/2016,male,Sporting Gijón,Eibar,1,True,True,True,,11,278,1,statsbombpy,
266986,2016-04-30,11,La Liga,27,2015/2016,male,Real Betis,Barcelona,0,True,True,True,,11,172,1,statsbombpy,
3825859,2016-04-30,11,La Liga,27,2015/2016,male,Granada,Las Palmas,1,True,True,True,,11,253,1,statsbombpy,
3825864,2016-04-30,11,La Liga,27,2015/2016,male,Real Sociedad,Real Madrid,0,True,True,True,,11,299,1,statsbombpy,
3825878,2016-04-30,11,La Liga,27,2015/2016,male,Atlético Madrid,Rayo Vallecano,1,True,True,True,,11,156,1,statsbombpy,
3825845,2016-05-01,11,La Liga,27,2015/2016,male,Espanyol,Sevilla,1,True,True,True,,11,222,1,statsbombpy,
3825870,2016-05-01,11,La Liga,27,2015/2016,male,Athletic Club,Celta Vigo,1,True,True,True,,11,310,1,statsbombpy,
3825873,2016-05-01,11,La Liga,27,2015/2016,male,Valencia,Villarreal,0,True,True,True,,11,464,1,statsbombpy,
3825894,2016-05-01,11,La Liga,27,2015/2016,male,RC Deportivo La Coruña,Getafe,0,True,True,True,,11,286,1,statsbombpy,
3825855,2016-05-02,11,La Liga,27,2015/2016,male,Málaga,Levante UD,1,True,True,True,,11,335,1,statsbombpy,
265958,2016-05-08,11,La Liga,27,2015/2016,male,Barcelona,Espanyol,1,True,True,True,,11,479,1,statsbombpy,
3825850,2016-05-08,11,La Liga,27,2015/2016,male,Celta Vigo,Málaga,1,True,True,True,,11,428,1,statsbombpy,
3825851,2016-05-08,11,La Liga,27,2015/2016,male,Villarreal,RC Deportivo La Coruña,0,True,True,True,,11,494,1,statsbombpy,
3825853,2016-05-08,11,La Liga,27,2015/2016,male,Sevilla,Granada,0,True,True,True,,11,387,1,statsbombpy,
3825860,2016-05-08,11,La Liga,27,2015/2016,male,Levante UD,Atlético Madrid,1,True,True,True,,11,456,1,statsbombpy,
3825861,2016-05-08,11,La Liga,27,2015/2016,male,Real Sociedad,Rayo Vallecano,1,True,True,True,,11,203,1,statsbombpy,
3825865,2016-05-08,11,La Liga,27,2015/2016,male,Getafe,Sporting Gijón,0,True,True,True,,11,284,1,statsbombpy,
3825866,2016-05-08,11,La Liga,27,2015/2016,male,Las Palmas,Athletic Club,0,True,True,True,,11,505,1,statsbombpy,
3825901,2016-05-08,11,La Liga,27,2015/2016,male,Real Madrid,Valencia,1,True,True,True,,11,443,1,statsbombpy,
3825904,2016-05-08,11,La Liga,27,2015/2016,male,Eibar,Real Betis,0,True,True,True,,11,415,1,statsbombpy,
3825849,2016-05-13,11,La Liga,27,2015/2016,male,Valencia,Real Sociedad,0,True,True,True,,11,325,1,statsbombpy,
267506,2016-05-14,11,La Liga,27,2015/2016,male,Granada,Barcelona,0,True,True,True,,11,197,1,statsbombpy,
3825846,2016-05-14,11,La Liga,27,2015/2016,male,RC Deportivo La Coruña,Real Madrid,0,True,True,True,,11,363,1,statsbombpy,
3825869,2016-05-14,11,La Liga,27,2015/2016,male,Athletic Club,Sevilla,1,True,True,True,,11,390,1,statsbombpy,
3825882,2016-05-14,11,La Liga,27,2015/2016,male,Atlético Madrid,Celta Vigo,1,True,True,True,,11,341,1,statsbombpy,
3825876,2016-05-15,11,La Liga,27,2015/2016,male,Real Betis,Getafe,1,True,True,True,,11,375,1,statsbombpy,
3825883,2016-05-15,11,La Liga,27,2015/2016,male,Málaga,Las Palmas,1,True,True,True,,11,210,1,statsbombpy,
3825900,2016-05-15,11,La Liga,27,2015/2016,male,Sporting Gijón,Villarreal,1,True,True,True,,11,423,1,statsbombpy,
3825902,2016-05-15,11,La Liga,27,2015/2016,male,Rayo Vallecano,Levante UD,1,True,True,True,,11,394,1,statsbombpy,
3825908,2016-05-15,11,La Liga,27,2015/2016,male,Espanyol,Eibar,1,True,True,True,,11,304,1,statsbombpy,
18243,2016-05-28,16,Champions League,27,2015/2016,male,Real Madrid,Atlético Madrid,0,True,False,False,insufficient_rolling_history,11,398,1,statsbombpy,
267670,2016-08-20,11,La Liga,2,2016/2017,male,Barcelona,Real Betis,1,True,True,True,,11,600,1,statsbombpy,
266892,2016-08-28,11,La Liga,2,2016/2017,male,Athletic Club,Barcelona,0,True,True,True,,11,232,1,statsbombpy,
266669,2016-09-10,11,La Liga,2,2016/2017,male,Barcelona,Deportivo Alavés,0,True,False,False,insufficient_rolling_history,11,581,1,statsbombpy,
267212,2016-09-17,11,La Liga,2,2016/2017,male,Leganés,Barcelona,0,True,False,False,insufficient_rolling_history,11,200,1,statsbombpy,
267220,2016-09-21,11,La Liga,2,2016/2017,male,Barcelona,Atlético Madrid,0,True,True,True,,11,609,1,statsbombpy,
267492,2016-10-15,11,La Liga,2,2016/2017,male,Barcelona,RC Deportivo La Coruña,1,True,True,True,,11,543,1,statsbombpy,
266033,2016-10-22,11,La Liga,2,2016/2017,male,Valencia,Barcelona,0,True,True,True,,11,171,1,statsbombpy,
267058,2016-10-29,11,La Liga,2,2016/2017,male,Barcelona,Granada,1,True,True,True,,11,616,1,statsbombpy,
266989,2016-11-06,11,La Liga,2,2016/2017,male,Sevilla,Barcelona,0,True,True,True,,11,350,1,statsbombpy,
266191,2016-11-27,11,La Liga,2,2016/2017,male,Real Sociedad,Barcelona,0,True,True,True,,11,367,1,statsbombpy,
267076,2016-12-03,11,La Liga,2,2016/2017,male,Barcelona,Real Madrid,0,True,True,True,,11,463,1,statsbombpy,
266357,2016-12-10,11,La Liga,2,2016/2017,male,Osasuna,Barcelona,0,True,True,True,,11,122,1,statsbombpy,
266528,2016-12-18,11,La Liga,2,2016/2017,male,Barcelona,Espanyol,1,True,True,True,,11,499,1,statsbombpy,
266477,2017-01-08,11,La Liga,2,2016/2017,male,Villarreal,Barcelona,0,True,True,True,,11,230,1,statsbombpy,
267395,2017-01-14,11,La Liga,2,2016/2017,male,Barcelona,Las Palmas,1,True,True,True,,11,463,1,statsbombpy,
266731,2017-01-22,11,La Liga,2,2016/2017,male,Eibar,Barcelona,0,True,True,True,,11,235,1,statsbombpy,
266516,2017-01-29,11,La Liga,2,2016/2017,male,Real Betis,Barcelona,0,True,True,True,,11,199,1,statsbombpy,
266874,2017-02-04,11,La Liga,2,2016/2017,male,Barcelona,Athletic Club,1,True,True,True,,11,358,1,statsbombpy,
266273,2017-02-11,11,La Liga,2,2016/2017,male,Deportivo Alavés,Barcelona,0,True,False,False,insufficient_rolling_history,11,206,1,statsbombpy,
267596,2017-02-19,11,La Liga,2,2016/2017,male,Barcelona,Leganés,1,True,False,False,insufficient_rolling_history,11,655,1,statsbombpy,
267464,2017-02-26,11,La Liga,2,2016/2017,male,Atlético Madrid,Barcelona,0,True,True,True,,11,204,1,statsbombpy,
265952,2017-03-01,11,La Liga,2,2016/2017,male,Barcelona,Sporting Gijón,1,True,True,True,,11,594,1,statsbombpy,
266299,2017-03-04,11,La Liga,2,2016/2017,male,Barcelona,Celta Vigo,1,True,True,True,,11,451,1,statsbombpy,
267660,2017-03-12,11,La Liga,2,2016/2017,male,RC Deportivo La Coruña,Barcelona,1,True,True,True,,11,196,1,statsbombpy,
266440,2017-03-19,11,La Liga,2,2016/2017,male,Barcelona,Valencia,1,True,True,True,,11,545,1,statsbombpy,
266280,2017-04-05,11,La Liga,2,2016/2017,male,Barcelona,Sevilla,1,True,True,True,,11,514,1,statsbombpy,
267590,2017-04-08,11,La Liga,2,2016/2017,male,Málaga,Barcelona,1,True,True,True,,11,188,1,statsbombpy,
267373,2017-04-15,11,La Liga,2,2016/2017,male,Barcelona,Real Sociedad,1,True,True,True,,11,425,1,statsbombpy,
267569,2017-04-23,11,La Liga,2,2016/2017,male,Real Madrid,Barcelona,0,True,True,True,,11,306,1,statsbombpy,
267101,2017-04-26,11,La Liga,2,2016/2017,male,Barcelona,Osasuna,1,True,True,True,,11,712,1,statsbombpy,
267077,2017-04-29,11,La Liga,2,2016/2017,male,Espanyol,Barcelona,0,True,True,True,,11,196,1,statsbombpy,
266952,2017-05-06,11,La Liga,2,2016/2017,male,Barcelona,Villarreal,1,True,True,True,,11,619,1,statsbombpy,
267039,2017-05-14,11,La Liga,2,2016/2017,male,Las Palmas,Barcelona,0,True,True,True,,11,319,1,statsbombpy,
267432,2017-05-21,11,La Liga,2,2016/2017,male,Barcelona,Eibar,1,True,True,True,,11,510,1,statsbombpy,
18244,2017-06-03,16,Champions League,2,2016/2017,male,Juventus,Real Madrid,0,True,False,False,insufficient_rolling_history,11,307,1,statsbombpy,
9575,2017-08-20,11,La Liga,1,2017/2018,male,Barcelona,Real Betis,1,True,True,True,,11,567,1,statsbombpy,
9581,2017-08-26,11,La Liga,1,2017/2018,male,Deportivo Alavés,Barcelona,0,True,True,True,,11,173,1,statsbombpy,
9592,2017-09-09,11,La Liga,1,2017/2018,male,Barcelona,Espanyol,1,True,True,True,,11,621,1,statsbombpy,
9602,2017-09-16,11,La Liga,1,2017/2018,male,Getafe,Barcelona,0,True,True,True,,11,168,1,statsbombpy,
9609,2017-09-19,11,La Liga,1,2017/2018,male,Barcelona,Eibar,1,True,True,True,,11,485,1,statsbombpy,
9620,2017-09-23,11,La Liga,1,2017/2018,male,Girona,Barcelona,0,True,False,False,insufficient_rolling_history,11,264,1,statsbombpy,
9636,2017-10-01,11,La Liga,1,2017/2018,male,Barcelona,Las Palmas,1,True,True,True,,11,392,1,statsbombpy,
9642,2017-10-14,11,La Liga,1,2017/2018,male,Atlético Madrid,Barcelona,0,True,True,True,,11,233,1,statsbombpy,
9650,2017-10-21,11,La Liga,1,2017/2018,male,Barcelona,Málaga,1,True,True,True,,11,608,1,statsbombpy,
9661,2017-10-28,11,La Liga,1,2017/2018,male,Athletic Club,Barcelona,0,True,True,True,,11,256,1,statsbombpy,
9673,2017-11-04,11,La Liga,1,2017/2018,male,Barcelona,Sevilla,1,True,True,True,,11,465,1,statsbombpy,
9682,2017-11-18,11,La Liga,1,2017/2018,male,Leganés,Barcelona,0,True,False,False,insufficient_rolling_history,11,178,1,statsbombpy,
9695,2017-11-26,11,La Liga,1,2017/2018,male,Valencia,Barcelona,0,True,True,True,,11,256,1,statsbombpy,
9700,2017-12-02,11,La Liga,1,2017/2018,male,Barcelona,Celta Vigo,0,True,True,True,,11,606,1,statsbombpy,
9717,2017-12-10,11,La Liga,1,2017/2018,male,Villarreal,Barcelona,0,True,True,True,,11,253,1,statsbombpy,
9726,2017-12-17,11,La Liga,1,2017/2018,male,Barcelona,RC Deportivo La Coruña,1,True,True,True,,11,537,1,statsbombpy,
9736,2017-12-23,11,La Liga,1,2017/2018,male,Real Madrid,Barcelona,0,True,True,True,,11,355,1,statsbombpy,
9742,2018-01-07,11,La Liga,1,2017/2018,male,Barcelona,Levante UD,1,True,True,True,,11,598,1,statsbombpy,
9754,2018-01-14,11,La Liga,1,2017/2018,male,Real Sociedad,Barcelona,0,True,True,True,,11,361,1,statsbombpy,
9765,2018-01-21,11,La Liga,1,2017/2018,male,Real Betis,Barcelona,0,True,True,True,,11,405,1,statsbombpy,
9774,2018-01-28,11,La Liga,1,2017/2018,male,Barcelona,Deportivo Alavés,1,True,True,True,,11,571,1,statsbombpy,
9783,2018-02-04,11,La Liga,1,2017/2018,male,Espanyol,Barcelona,0,True,True,True,,11,142,1,statsbombpy,
9794,2018-02-11,11,La Liga,1,2017/2018,male,Barcelona,Getafe,0,True,True,True,,11,617,1,statsbombpy,
9799,2018-02-17,11,La Liga,1,2017/2018,male,Eibar,Barcelona,0,True,True,True,,11,343,1,statsbombpy,
9811,2018-02-24,11,La Liga,1,2017/2018,male,Barcelona,Girona,1,True,False,False,insufficient_rolling_history,11,468,1,statsbombpy,
9827,2018-03-01,11,La Liga,1,2017/2018,male,Las Palmas,Barcelona,0,True,True,True,,11,229,1,statsbombpy,
9837,2018-03-04,11,La Liga,1,2017/2018,male,Barcelona,Atlético Madrid,1,True,True,True,,11,475,1,statsbombpy,
9855,2018-03-18,11,La Liga,1,2017/2018,male,Barcelona,Athletic Club,1,True,True,True,,11,483,1,statsbombpy,
9860,2018-03-31,11,La Liga,1,2017/2018,male,Sevilla,Barcelona,0,True,True,True,,11,304,1,statsbombpy,
9870,2018-04-07,11,La Liga,1,2017/2018,male,Barcelona,Leganés,1,True,True,True,,11,610,1,statsbombpy,
9880,2018-04-14,11,La Liga,1,2017/2018,male,Barcelona,Valencia,1,True,True,True,,11,623,1,statsbombpy,
9889,2018-04-17,11,La Liga,1,2017/2018,male,Celta Vigo,Barcelona,0,True,True,True,,11,342,1,statsbombpy,
9912,2018-04-29,11,La Liga,1,2017/2018,male,RC Deportivo La Coruña,Barcelona,0,True,True,True,,11,350,1,statsbombpy,
9924,2018-05-06,11,La Liga,1,2017/2018,male,Barcelona,Real Madrid,0,True,True,True,,11,440,1,statsbombpy,
9928,2018-05-09,11,La Liga,1,2017/2018,male,Barcelona,Villarreal,1,True,True,True,,11,535,1,statsbombpy,
9948,2018-05-20,11,La Liga,1,2017/2018,male,Barcelona,Real Sociedad,1,True,True,True,,11,501,1,statsbombpy,
18245,2018-05-26,16,Champions League,1,2017/2018,male,Real Madrid,Liverpool,1,True,False,False,insufficient_rolling_history,11,551,1,statsbombpy,
15946,2018-08-18,11,La Liga,4,2018/2019,male,Barcelona,Deportivo Alavés,1,True,True,True,,11,734,1,statsbombpy,
15956,2018-08-25,11,La Liga,4,2018/2019,male,Real Valladolid,Barcelona,0,True,True,True,,11,244,1,statsbombpy,
15973,2018-09-02,11,La Liga,4,2018/2019,male,Barcelona,Huesca,1,True,False,False,insufficient_rolling_history,11,547,1,statsbombpy,
15978,2018-09-15,11,La Liga,4,2018/2019,male,Real Sociedad,Barcelona,0,True,True,True,,11,259,1,statsbombpy,
15986,2018-09-23,11,La Liga,4,2018/2019,male,Barcelona,Girona,0,True,False,False,insufficient_rolling_history,11,594,1,statsbombpy,
15998,2018-09-26,11,La Liga,4,2018/2019,male,Leganés,Barcelona,1,True,True,True,,11,179,1,statsbombpy,
16010,2018-09-29,11,La Liga,4,2018/2019,male,Barcelona,Athletic Club,0,True,True,True,,11,480,1,statsbombpy,
16023,2018-10-07,11,La Liga,4,2018/2019,male,Valencia,Barcelona,0,True,True,True,,11,229,1,statsbombpy,
16029,2018-10-20,11,La Liga,4,2018/2019,male,Barcelona,Sevilla,1,True,True,True,,11,379,1,statsbombpy,
16056,2018-11-11,11,La Liga,4,2018/2019,male,Barcelona,Real Betis,0,True,True,True,,11,385,1,statsbombpy,
16073,2018-11-24,11,La Liga,4,2018/2019,male,Atlético Madrid,Barcelona,0,True,True,True,,11,253,1,statsbombpy,
16079,2018-12-02,11,La Liga,4,2018/2019,male,Barcelona,Villarreal,1,True,True,True,,11,623,1,statsbombpy,
16086,2018-12-08,11,La Liga,4,2018/2019,male,Espanyol,Barcelona,0,True,True,True,,11,341,1,statsbombpy,
16095,2018-12-16,11,La Liga,4,2018/2019,male,Levante UD,Barcelona,0,True,True,True,,11,298,1,statsbombpy,
16109,2018-12-22,11,La Liga,4,2018/2019,male,Barcelona,Celta Vigo,1,True,True,True,,11,448,1,statsbombpy,
16120,2019-01-06,11,La Liga,4,2018/2019,male,Getafe,Barcelona,0,True,True,True,,11,135,1,statsbombpy,
16131,2019-01-13,11,La Liga,4,2018/2019,male,Barcelona,Eibar,1,True,True,True,,11,493,1,statsbombpy,
16136,2019-01-20,11,La Liga,4,2018/2019,male,Barcelona,Leganés,1,True,True,True,,11,595,1,statsbombpy,
16149,2019-01-27,11,La Liga,4,2018/2019,male,Girona,Barcelona,0,True,True,True,,11,255,1,statsbombpy,
16157,2019-02-02,11,La Liga,4,2018/2019,male,Barcelona,Valencia,0,True,True,True,,11,632,1,statsbombpy,
16173,2019-02-10,11,La Liga,4,2018/2019,male,Athletic Club,Barcelona,0,True,True,True,,11,234,1,statsbombpy,
16182,2019-02-16,11,La Liga,4,2018/2019,male,Barcelona,Real Valladolid,1,True,True,True,,11,593,1,statsbombpy,
16190,2019-02-23,11,La Liga,4,2018/2019,male,Sevilla,Barcelona,0,True,True,True,,11,231,1,statsbombpy,
16196,2019-03-02,11,La Liga,4,2018/2019,male,Real Madrid,Barcelona,0,True,True,True,,11,330,1,statsbombpy,
16205,2019-03-09,11,La Liga,4,2018/2019,male,Barcelona,Rayo Vallecano,1,True,True,True,,11,589,1,statsbombpy,
16215,2019-03-17,11,La Liga,4,2018/2019,male,Real Betis,Barcelona,0,True,True,True,,11,492,1,statsbombpy,
16231,2019-03-30,11,La Liga,4,2018/2019,male,Barcelona,Espanyol,1,True,True,True,,11,533,1,statsbombpy,
16240,2019-04-02,11,La Liga,4,2018/2019,male,Villarreal,Barcelona,0,True,True,True,,11,270,1,statsbombpy,
16248,2019-04-06,11,La Liga,4,2018/2019,male,Barcelona,Atlético Madrid,1,True,True,True,,11,629,1,statsbombpy,
16265,2019-04-20,11,La Liga,4,2018/2019,male,Barcelona,Real Sociedad,1,True,True,True,,11,421,1,statsbombpy,
16275,2019-04-23,11,La Liga,4,2018/2019,male,Deportivo Alavés,Barcelona,0,True,True,True,,11,144,1,statsbombpy,
16289,2019-04-27,11,La Liga,4,2018/2019,male,Barcelona,Levante UD,1,True,True,True,,11,504,1,statsbombpy,
16306,2019-05-12,11,La Liga,4,2018/2019,male,Barcelona,Getafe,1,True,True,True,,11,725,1,statsbombpy,
16317,2019-05-19,11,La Liga,4,2018/2019,male,Eibar,Barcelona,0,True,True,True,,11,276,1,statsbombpy,
22912,2019-06-01,16,Champions League,4,2018/2019,male,Tottenham Hotspur,Liverpool,0,True,False,False,insufficient_rolling_history,11,412,1,statsbombpy,
303666,2019-09-21,11,La Liga,42,2019/2020,male,Granada,Barcelona,1,True,True,True,,11,130,1,statsbombpy,
303430,2019-09-24,11,La Liga,42,2019/2020,male,Barcelona,Villarreal,1,True,True,True,,11,496,1,statsbombpy,
303473,2019-10-06,11,La Liga,42,2019/2020,male,Barcelona,Sevilla,1,True,True,True,,11,475,1,statsbombpy,
303700,2019-10-19,11,La Liga,42,2019/2020,male,Eibar,Barcelona,0,True,True,True,,11,319,1,statsbombpy,
303600,2019-10-29,11,La Liga,42,2019/2020,male,Barcelona,Real Valladolid,1,True,True,True,,11,486,1,statsbombpy,
303504,2019-11-02,11,La Liga,42,2019/2020,male,Levante UD,Barcelona,1,True,True,True,,11,274,1,statsbombpy,
303487,2019-11-09,11,La Liga,42,2019/2020,male,Barcelona,Celta Vigo,1,True,True,True,,11,563,1,statsbombpy,
303715,2019-11-23,11,La Liga,42,2019/2020,male,Leganés,Barcelona,0,True,True,True,,11,141,1,statsbombpy,
303524,2019-12-01,11,La Liga,42,2019/2020,male,Atlético Madrid,Barcelona,0,True,True,True,,11,273,1,statsbombpy,
303451,2019-12-07,11,La Liga,42,2019/2020,male,Barcelona,Mallorca,1,True,True,True,,11,586,1,statsbombpy,
303664,2019-12-14,11,La Liga,42,2019/2020,male,Real Sociedad,Barcelona,0,True,True,True,,11,488,1,statsbombpy,
303596,2019-12-18,11,La Liga,42,2019/2020,male,Barcelona,Real Madrid,0,True,True,True,,11,494,1,statsbombpy,
303517,2019-12-21,11,La Liga,42,2019/2020,male,Barcelona,Deportivo Alavés,1,True,True,True,,11,677,1,statsbombpy,
303652,2020-01-04,11,La Liga,42,2019/2020,male,Espanyol,Barcelona,0,True,True,True,,11,214,1,statsbombpy,
303610,2020-01-19,11,La Liga,42,2019/2020,male,Barcelona,Granada,1,True,True,True,,11,839,1,statsbombpy,
303400,2020-01-25,11,La Liga,42,2019/2020,male,Valencia,Barcelona,1,True,True,True,,11,232,1,statsbombpy,
303682,2020-02-02,11,La Liga,42,2019/2020,male,Barcelona,Levante UD,1,True,True,True,,11,652,1,statsbombpy,
303707,2020-02-09,11,La Liga,42,2019/2020,male,Real Betis,Barcelona,0,True,True,True,,11,233,1,statsbombpy,
303377,2020-02-15,11,La Liga,42,2019/2020,male,Barcelona,Getafe,1,True,True,True,,11,574,1,statsbombpy,
303731,2020-02-22,11,La Liga,42,2019/2020,male,Barcelona,Eibar,1,True,True,True,,11,568,1,statsbombpy,
303470,2020-03-01,11,La Liga,42,2019/2020,male,Real Madrid,Barcelona,1,True,True,True,,11,449,1,statsbombpy,
303479,2020-03-07,11,La Liga,42,2019/2020,male,Barcelona,Real Sociedad,1,True,True,True,,11,446,1,statsbombpy,
303548,2020-06-13,11,La Liga,42,2019/2020,male,Mallorca,Barcelona,0,True,True,True,,11,235,1,statsbombpy,
303532,2020-06-16,11,La Liga,42,2019/2020,male,Barcelona,Leganés,1,True,True,True,,11,676,1,statsbombpy,
303674,2020-06-19,11,La Liga,42,2019/2020,male,Sevilla,Barcelona,0,True,True,True,,11,277,1,statsbombpy,
303493,2020-06-23,11,La Liga,42,2019/2020,male,Barcelona,Athletic Club,1,True,True,True,,11,602,1,statsbombpy,
303516,2020-06-27,11,La Liga,42,2019/2020,male,Celta Vigo,Barcelona,0,True,True,True,,11,185,1,statsbombpy,
303696,2020-06-30,11,La Liga,42,2019/2020,male,Barcelona,Atlético Madrid,0,True,True,True,,11,666,1,statsbombpy,
303725,2020-07-05,11,La Liga,42,2019/2020,male,Villarreal,Barcelona,0,True,True,True,,11,246,1,statsbombpy,
303615,2020-07-08,11,La Liga,42,2019/2020,male,Barcelona,Espanyol,1,True,True,True,,11,731,1,statsbombpy,
303680,2020-07-11,11,La Liga,42,2019/2020,male,Real Valladolid,Barcelona,0,True,True,True,,11,228,1,statsbombpy,
303634,2020-07-16,11,La Liga,42,2019/2020,male,Barcelona,Osasuna,0,True,True,True,,11,620,1,statsbombpy,
303421,2020-07-19,11,La Liga,42,2019/2020,male,Deportivo Alavés,Barcelona,0,True,True,True,,11,204,1,statsbombpy,
3773593,2020-09-27,11,La Liga,90,2020/2021,male,Barcelona,Villarreal,1,True,True,True,,11,572,1,statsbombpy,
3773466,2020-10-01,11,La Liga,90,2020/2021,male,Celta Vigo,Barcelona,0,True,True,True,,11,248,1,statsbombpy,
3773672,2020-10-04,11,La Liga,90,2020/2021,male,Barcelona,Sevilla,0,True,True,True,,11,502,1,statsbombpy,
3773587,2020-10-17,11,La Liga,90,2020/2021,male,Getafe,Barcelona,1,True,True,True,,11,133,1,statsbombpy,
3773585,2020-10-24,11,La Liga,90,2020/2021,male,Barcelona,Real Madrid,0,True,True,True,,11,519,1,statsbombpy,
3773386,2020-10-31,11,La Liga,90,2020/2021,male,Deportivo Alavés,Barcelona,0,True,True,True,,11,111,1,statsbombpy,
3773477,2020-11-07,11,La Liga,90,2020/2021,male,Barcelona,Real Betis,1,True,True,True,,11,484,1,statsbombpy,
3773656,2020-11-21,11,La Liga,90,2020/2021,male,Atlético Madrid,Barcelona,1,True,True,True,,11,430,1,statsbombpy,
3773547,2020-11-29,11,La Liga,90,2020/2021,male,Barcelona,Osasuna,1,True,True,True,,11,591,1,statsbombpy,
3773428,2020-12-05,11,La Liga,90,2020/2021,male,Cádiz,Barcelona,1,True,False,False,insufficient_rolling_history,11,103,1,statsbombpy,
3773660,2020-12-13,11,La Liga,90,2020/2021,male,Barcelona,Levante UD,1,True,True,True,,11,574,1,statsbombpy,
3773523,2020-12-16,11,La Liga,90,2020/2021,male,Barcelona,Real Sociedad,1,True,True,True,,11,393,1,statsbombpy,
3773377,2020-12-19,11,La Liga,90,2020/2021,male,Barcelona,Valencia,0,True,True,True,,11,599,1,statsbombpy,
3773571,2020-12-22,11,La Liga,90,2020/2021,male,Real Valladolid,Barcelona,0,True,True,True,,11,289,1,statsbombpy,
3773552,2021-01-03,11,La Liga,90,2020/2021,male,Huesca,Barcelona,0,True,False,False,insufficient_rolling_history,11,264,1,statsbombpy,
3764661,2021-01-06,11,La Liga,90,2020/2021,male,Athletic Club,Barcelona,0,True,True,True,,11,350,1,statsbombpy,
3773565,2021-01-09,11,La Liga,90,2020/2021,male,Granada,Barcelona,0,True,True,True,,11,192,1,statsbombpy,
3773403,2021-01-31,11,La Liga,90,2020/2021,male,Barcelona,Athletic Club,1,True,True,True,,11,515,1,statsbombpy,
3773631,2021-02-07,11,La Liga,90,2020/2021,male,Real Betis,Barcelona,0,True,True,True,,11,277,1,statsbombpy,
3773526,2021-02-13,11,La Liga,90,2020/2021,male,Barcelona,Deportivo Alavés,1,True,True,True,,11,646,1,statsbombpy,
3773415,2021-02-21,11,La Liga,90,2020/2021,male,Barcelona,Cádiz,0,True,False,False,insufficient_rolling_history,11,741,1,statsbombpy,
3764440,2021-02-24,11,La Liga,90,2020/2021,male,Barcelona,Elche,1,True,True,True,,11,604,1,statsbombpy,
3773625,2021-02-27,11,La Liga,90,2020/2021,male,Sevilla,Barcelona,0,True,True,True,,11,319,1,statsbombpy,
3773665,2021-03-06,11,La Liga,90,2020/2021,male,Osasuna,Barcelona,0,True,True,True,,11,290,1,statsbombpy,
3773369,2021-03-15,11,La Liga,90,2020/2021,male,Barcelona,Huesca,1,True,False,False,insufficient_rolling_history,11,759,1,statsbombpy,
3773597,2021-03-21,11,La Liga,90,2020/2021,male,Real Sociedad,Barcelona,0,True,True,True,,11,238,1,statsbombpy,
3773474,2021-04-05,11,La Liga,90,2020/2021,male,Barcelona,Real Valladolid,1,True,True,True,,11,567,1,statsbombpy,
3773497,2021-04-10,11,La Liga,90,2020/2021,male,Real Madrid,Barcelona,1,True,True,True,,11,215,1,statsbombpy,
3773661,2021-04-22,11,La Liga,90,2020/2021,male,Barcelona,Getafe,1,True,True,True,,11,694,1,statsbombpy,
3773689,2021-04-25,11,La Liga,90,2020/2021,male,Villarreal,Barcelona,0,True,True,True,,11,343,1,statsbombpy,
3773586,2021-04-29,11,La Liga,90,2020/2021,male,Barcelona,Granada,0,True,True,True,,11,752,1,statsbombpy,
3773695,2021-05-02,11,La Liga,90,2020/2021,male,Valencia,Barcelona,0,True,True,True,,11,263,1,statsbombpy,
3773372,2021-05-08,11,La Liga,90,2020/2021,male,Barcelona,Atlético Madrid,0,True,True,True,,11,455,1,statsbombpy,
3773387,2021-05-11,11,La Liga,90,2020/2021,male,Levante UD,Barcelona,0,True,True,True,,11,291,1,statsbombpy,
3773457,2021-05-16,11,La Liga,90,2020/2021,male,Barcelona,Celta Vigo,0,True,True,True,,11,563,1,statsbombpy,
