match_id,date,competition_id,competition_name,season_id,category,home_team,away_team,cohort,protocol,fold,seed,model,true_label,predicted_class,predicted_score,gate_value
3825637,2015-10-25,11,La Liga,27,male,Barcelona,Eibar,elite,authoritative_rolling_origin_primary,1,142,A-XGB,1,0,0.1439414620399475,
3825638,2015-10-25,11,La Liga,27,male,Atlético Madrid,Valencia,elite,authoritative_rolling_origin_primary,1,142,A-XGB,1,1,0.6422755718231201,
3825639,2015-10-25,11,La Liga,27,male,Las Palmas,Villarreal,elite,authoritative_rolling_origin_primary,1,142,A-XGB,0,0,0.13662870228290558,
3825640,2015-10-25,11,La Liga,27,male,Levante UD,Real Sociedad,elite,authoritative_rolling_origin_primary,1,142,A-XGB,0,0,0.2702483534812927,
3825641,2015-10-26,11,La Liga,27,male,Athletic Club,Sporting Gijón,elite,authoritative_rolling_origin_primary,1,142,A-XGB,1,1,0.8846916556358337,
3825642,2015-10-30,11,La Liga,27,male,RC Deportivo La Coruña,Atlético Madrid,elite,authoritative_rolling_origin_primary,1,142,A-XGB,0,0,0.06432148814201355,
3825643,2015-10-31,11,La Liga,27,male,Real Madrid,Las Palmas,elite,authoritative_rolling_origin_primary,1,142,A-XGB,1,1,0.833937406539917,
3825644,2015-10-31,11,La Liga,27,male,Real Sociedad,Celta Vigo,elite,authoritative_rolling_origin_primary,1,142,A-XGB,0,1,0.9604381322860718,
3825645,2015-10-31,11,La Liga,27,male,Getafe,Barcelona,elite,authoritative_rolling_origin_primary,1,142,A-XGB,0,0,0.441231369972229,
3825646,2015-10-31,11,La Liga,27,male,Villarreal,Sevilla,elite,authoritative_rolling_origin_primary,1,142,A-XGB,1,0,0.015791496261954308,
3825647,2015-10-31,11,La Liga,27,male,Valencia,Levante UD,elite,authoritative_rolling_origin_primary,1,142,A-XGB,1,1,0.6037189960479736,
3825648,2015-11-01,11,La Liga,27,male,Eibar,Rayo Vallecano,elite,authoritative_rolling_origin_primary,1,142,A-XGB,1,1,0.7067221999168396,
3825649,2015-11-01,11,La Liga,27,male,Sporting Gijón,Málaga,elite,authoritative_rolling_origin_primary,1,142,A-XGB,1,0,0.03607027977705002,
3825650,2015-11-01,11,La Liga,27,male,Real Betis,Athletic Club,elite,authoritative_rolling_origin_primary,1,142,A-XGB,0,0,0.15220896899700165,
3825651,2015-11-01,11,La Liga,27,male,Espanyol,Granada,elite,authoritative_rolling_origin_primary,1,142,A-XGB,0,0,0.35544508695602417,
3825652,2015-11-06,11,La Liga,27,male,Las Palmas,Real Sociedad,elite,authoritative_rolling_origin_primary,1,142,A-XGB,1,0,0.3659652769565582,
3825653,2015-11-07,11,La Liga,27,male,Eibar,Getafe,elite,authoritative_rolling_origin_primary,1,142,A-XGB,1,1,0.8496184945106506,
3825654,2015-11-07,11,La Liga,27,male,Celta Vigo,Valencia,elite,authoritative_rolling_origin_primary,1,142,A-XGB,0,0,0.2910540997982025,
3825655,2015-11-07,11,La Liga,27,male,Rayo Vallecano,Granada,elite,authoritative_rolling_origin_primary,1,142,A-XGB,1,1,0.6732343435287476,
3825656,2015-11-07,11,La Liga,27,male,Levante UD,RC Deportivo La Coruña,elite,authoritative_rolling_origin_primary,1,142,A-XGB,0,0,0.02439570054411888,
3825657,2015-11-07,11,La Liga,27,male,Málaga,Real Betis,elite,authoritative_rolling_origin_primary,1,142,A-XGB,0,1,0.6216378211975098,
3825658,2015-11-08,11,La Liga,27,male,Atlético Madrid,Sporting Gijón,elite,authoritative_rolling_origin_primary,1,142,A-XGB,1,1,0.9639065861701965,
3825659,2015-11-08,11,La Liga,27,male,Athletic Club,Espanyol,elite,authoritative_rolling_origin_primary,1,142,A-XGB,1,1,0.9443213939666748,
3825660,2015-11-08,11,La Liga,27,male,Barcelona,Villarreal,elite,authoritative_rolling_origin_primary,1,142,A-XGB,1,0,0.18502148985862732,
3825661,2015-11-08,11,La Liga,27,male,Sevilla,Real Madrid,elite,authoritative_rolling_origin_primary,1,142,A-XGB,1,1,0.7405320405960083,
266424,2015-11-21,11,La Liga,27,male,Real Madrid,Barcelona,elite,authoritative_rolling_origin_primary,1,142,A-XGB,0,0,0.4318569004535675,
3825662,2015-11-21,11,La Liga,27,male,RC Deportivo La Coruña,Celta Vigo,elite,authoritative_rolling_origin_primary,1,142,A-XGB,1,1,0.6309164762496948,
3825663,2015-11-21,11,La Liga,27,male,Espanyol,Málaga,elite,authoritative_rolling_origin_primary,1,142,A-XGB,1,0,0.01716836355626583,
3825664,2015-11-21,11,La Liga,27,male,Real Sociedad,Sevilla,elite,authoritative_rolling_origin_primary,1,142,A-XGB,1,1,0.8347196578979492,
3825888,2015-11-21,11,La Liga,27,male,Valencia,Las Palmas,elite,authoritative_rolling_origin_primary,1,142,A-XGB,0,1,0.5386899709701538,
3825665,2015-11-22,11,La Liga,27,male,Granada,Athletic Club,elite,authoritative_rolling_origin_primary,1,142,A-XGB,1,1,0.533395528793335,
3825666,2015-11-22,11,La Liga,27,male,Real Betis,Atlético Madrid,elite,authoritative_rolling_origin_primary,1,142,A-XGB,0,0,0.11637300997972488,
3825667,2015-11-22,11,La Liga,27,male,Villarreal,Eibar,elite,authoritative_rolling_origin_primary,1,142,A-XGB,0,0,0.009854326024651527,
3825668,2015-11-22,11,La Liga,27,male,Sporting Gijón,Levante UD,elite,authoritative_rolling_origin_primary,1,142,A-XGB,0,0,0.11814714223146439,
3825669,2015-11-23,11,La Liga,27,male,Getafe,Rayo Vallecano,elite,authoritative_rolling_origin_primary,1,142,A-XGB,0,0,0.005639217793941498,
3825670,2015-11-27,11,La Liga,27,male,Levante UD,Real Betis,elite,authoritative_rolling_origin_primary,1,142,A-XGB,0,1,0.8305253982543945,
266885,2015-11-28,11,La Liga,27,male,Barcelona,Real Sociedad,elite,authoritative_rolling_origin_primary,1,142,A-XGB,1,1,0.9664856195449829,
3825671,2015-11-28,11,La Liga,27,male,Celta Vigo,Sporting Gijón,elite,authoritative_rolling_origin_primary,1,142,A-XGB,1,0,0.31453022360801697,
3825672,2015-11-28,11,La Liga,27,male,Málaga,Granada,elite,authoritative_rolling_origin_primary,1,142,A-XGB,0,0,0.17758138477802277,
3825673,2015-11-28,11,La Liga,27,male,Las Palmas,RC Deportivo La Coruña,elite,authoritative_rolling_origin_primary,1,142,A-XGB,0,0,0.19114652276039124,
3825674,2015-11-28,11,La Liga,27,male,Atlético Madrid,Espanyol,elite,authoritative_rolling_origin_primary,1,142,A-XGB,1,1,0.6196146011352539,
3825675,2015-11-29,11,La Liga,27,male,Rayo Vallecano,Athletic Club,elite,authoritative_rolling_origin_primary,1,142,A-XGB,0,0,0.025384820997714996,
3825676,2015-11-29,11,La Liga,27,male,Getafe,Villarreal,elite,authoritative_rolling_origin_primary,1,142,A-XGB,1,0,0.2697523534297943,
3825677,2015-11-29,11,La Liga,27,male,Sevilla,Valencia,elite,authoritative_rolling_origin_primary,1,142,A-XGB,1,0,0.24027706682682037,
3825678,2015-11-29,11,La Liga,27,male,Eibar,Real Madrid,elite,authoritative_rolling_origin_primary,1,142,A-XGB,0,1,0.9117475152015686,
267274,2015-12-05,11,La Liga,27,male,Valencia,Barcelona,elite,authoritative_rolling_origin_primary,1,142,A-XGB,0,0,0.015005413442850113,
3825679,2015-12-05,11,La Liga,27,male,Real Betis,Celta Vigo,elite,authoritative_rolling_origin_primary,1,142,A-XGB,0,0,0.014658639207482338,
3825680,2015-12-05,11,La Liga,27,male,RC Deportivo La Coruña,Sevilla,elite,authoritative_rolling_origin_primary,1,142,A-XGB,0,1,0.7643598914146423,
3825681,2015-12-05,11,La Liga,27,male,Real Madrid,Getafe,elite,authoritative_rolling_origin_primary,1,142,A-XGB,1,1,0.6381778717041016,
3825682,2015-12-05,11,La Liga,27,male,Granada,Atlético Madrid,elite,authoritative_rolling_origin_primary,1,142,A-XGB,0,0,0.13604314625263214,
3825683,2015-12-06,11,La Liga,27,male,Real Sociedad,Eibar,elite,authoritative_rolling_origin_primary,1,142,A-XGB,1,0,0.28170090913772583,
3825684,2015-12-06,11,La Liga,27,male,Villarreal,Rayo Vallecano,elite,authoritative_rolling_origin_primary,1,142,A-XGB,1,0,0.14691664278507233,
3825685,2015-12-06,11,La Liga,27,male,Sporting Gijón,Las Palmas,elite,authoritative_rolling_origin_primary,1,142,A-XGB,1,0,0.11302752047777176,
3825686,2015-12-06,11,La Liga,27,male,Athletic Club,Málaga,elite,authoritative_rolling_origin_primary,1,142,A-XGB,0,1,0.6521018743515015,
3825687,2015-12-07,11,La Liga,27,male,Espanyol,Levante UD,elite,authoritative_rolling_origin_primary,1,142,A-XGB,0,0,0.10867781192064285,
3825688,2015-12-11,11,La Liga,27,male,Getafe,Real Sociedad,elite,authoritative_rolling_origin_primary,1,142,A-XGB,0,1,0.7862048745155334,
266961,2015-12-12,11,La Liga,27,male,Barcelona,RC Deportivo La Coruña,elite,authoritative_rolling_origin_primary,1,142,A-XGB,0,0,0.4619695842266083,
3825689,2015-12-12,11,La Liga,27,male,Celta Vigo,Espanyol,elite,authoritative_rolling_origin_primary,1,142,A-XGB,1,0,0.2903956174850464,
3825690,2015-12-12,11,La Liga,27,male,Las Palmas,Real Betis,elite,authoritative_rolling_origin_primary,1,142,A-XGB,1,0,0.3567150831222534,
3825691,2015-12-12,11,La Liga,27,male,Levante UD,Granada,elite,authoritative_rolling_origin_primary,1,142,A-XGB,0,1,0.7517361640930176,
3825692,2015-12-12,11,La Liga,27,male,Sevilla,Sporting Gijón,elite,authoritative_rolling_origin_primary,1,142,A-XGB,1,1,0.682271420955658,
3825693,2015-12-13,11,La Liga,27,male,Atlético Madrid,Athletic Club,elite,authoritative_rolling_origin_primary,1,142,A-XGB,1,1,0.7111356258392334,
3825694,2015-12-13,11,La Liga,27,male,Eibar,Valencia,elite,authoritative_rolling_origin_primary,1,142,A-XGB,0,0,0.43418991565704346,
3825695,2015-12-13,11,La Liga,27,male,Villarreal,Real Madrid,elite,authoritative_rolling_origin_primary,1,142,A-XGB,1,0,0.2631548047065735,
3825696,2015-12-13,11,La Liga,27,male,Rayo Vallecano,Málaga,elite,authoritative_rolling_origin_primary,1,142,A-XGB,0,0,0.05444903299212456,
3825697,2015-12-19,11,La Liga,27,male,Valencia,Getafe,elite,authoritative_rolling_origin_primary,1,142,A-XGB,0,0,0.028393348678946495,
3825698,2015-12-19,11,La Liga,27,male,RC Deportivo La Coruña,Eibar,elite,authoritative_rolling_origin_primary,1,142,A-XGB,1,1,0.7101501226425171,
3825699,2015-12-19,11,La Liga,27,male,Real Betis,Sevilla,elite,authoritative_rolling_origin_primary,1,142,A-XGB,0,0,0.2146167904138565,
3825891,2015-12-19,11,La Liga,27,male,Espanyol,Las Palmas,elite,authoritative_rolling_origin_primary,1,142,A-XGB,1,0,0.015586324967443943,
3825700,2015-12-20,11,La Liga,27,male,Real Madrid,Rayo Vallecano,elite,authoritative_rolling_origin_primary,1,142,A-XGB,1,1,0.9256207942962646,
3825701,2015-12-20,11,La Liga,27,male,Málaga,Atlético Madrid,elite,authoritative_rolling_origin_primary,1,142,A-XGB,1,0,0.4099624752998352,
3825702,2015-12-20,11,La Liga,27,male,Real Sociedad,Villarreal,elite,authoritative_rolling_origin_primary,1,142,A-XGB,0,0,0.19265635311603546,
3825703,2015-12-20,11,La Liga,27,male,Athletic Club,Levante UD,elite,authoritative_rolling_origin_primary,1,142,A-XGB,1,0,0.32914307713508606,
3825704,2015-12-20,11,La Liga,27,male,Granada,Celta Vigo,elite,authoritative_rolling_origin_primary,1,142,A-XGB,0,0,0.11399976909160614,
267327,2015-12-30,11,La Liga,27,male,Barcelona,Real Betis,elite,authoritative_rolling_origin_primary,1,142,A-XGB,1,1,0.8202536702156067,
3825705,2015-12-30,11,La Liga,27,male,Eibar,Sporting Gijón,elite,authoritative_rolling_origin_primary,1,142,A-XGB,1,0,0.05767177417874336,
3825706,2015-12-30,11,La Liga,27,male,Celta Vigo,Athletic Club,elite,authoritative_rolling_origin_primary,1,142,A-XGB,0,0,0.009246570989489555,
3825707,2015-12-30,11,La Liga,27,male,Las Palmas,Granada,elite,authoritative_rolling_origin_primary,1,142,A-XGB,1,1,0.5546406507492065,
3825708,2015-12-30,11,La Liga,27,male,Levante UD,Málaga,elite,authoritative_rolling_origin_primary,1,142,A-XGB,0,0,0.029982104897499084,
3825709,2015-12-30,11,La Liga,27,male,Sevilla,Espanyol,elite,authoritative_rolling_origin_primary,1,142,A-XGB,1,1,0.691744863986969,
3825710,2015-12-30,11,La Liga,27,male,Real Madrid,Real Sociedad,elite,authoritative_rolling_origin_primary,1,142,A-XGB,1,1,0.7692776918411255,
3825711,2015-12-30,11,La Liga,27,male,Rayo Vallecano,Atlético Madrid,elite,authoritative_rolling_origin_primary,1,142,A-XGB,0,0,0.2338883876800537,
3825712,2015-12-30,11,La Liga,27,male,Getafe,RC Deportivo La Coruña,elite,authoritative_rolling_origin_primary,1,142,A-XGB,0,0,0.05035770311951637,
3825713,2015-12-31,11,La Liga,27,male,Villarreal,Valencia,elite,authoritative_rolling_origin_primary,1,142,A-XGB,1,1,0.8362932205200195,
266670,2016-01-02,11,La Liga,27,male,Espanyol,Barcelona,elite,authoritative_rolling_origin_primary,1,142,A-XGB,0,0,0.08212781697511673,
3825714,2016-01-02,11,La Liga,27,male,Atlético Madrid,Levante UD,elite,authoritative_rolling_origin_primary,1,142,A-XGB,1,1,0.7778637409210205,
3825715,2016-01-02,11,La Liga,27,male,Málaga,Celta Vigo,elite,authoritative_rolling_origin_primary,1,142,A-XGB,1,1,0.738274335861206,
3825716,2016-01-03,11,La Liga,27,male,Rayo Vallecano,Real Sociedad,elite,authoritative_rolling_origin_primary,1,142,A-XGB,0,1,0.9706382155418396,
3825717,2016-01-03,11,La Liga,27,male,Granada,Sevilla,elite,authoritative_rolling_origin_primary,1,142,A-XGB,1,0,0.11931911110877991,
3825718,2016-01-03,11,La Liga,27,male,Valencia,Real Madrid,elite,authoritative_rolling_origin_primary,1,142,A-XGB,0,0,0.09725525975227356,
3825719,2016-01-03,11,La Liga,27,male,Athletic Club,Las Palmas,elite,authoritative_rolling_origin_primary,1,142,A-XGB,0,1,0.6532423496246338,
3825720,2016-01-03,11,La Liga,27,male,Real Betis,Eibar,elite,authoritative_rolling_origin_primary,1,142,A-XGB,0,0,0.014721142128109932,
3825721,2016-01-03,11,La Liga,27,male,RC Deportivo La Coruña,Villarreal,elite,authoritative_rolling_origin_primary,1,142,A-XGB,0,0,0.08494443446397781,
3825722,2016-01-04,11,La Liga,27,male,Sporting Gijón,Getafe,elite,authoritative_rolling_origin_primary,1,142,A-XGB,0,0,0.25315892696380615,
266620,2016-01-09,11,La Liga,27,male,Barcelona,Granada,elite,authoritative_rolling_origin_primary,1,142,A-XGB,1,1,0.8783676028251648,
3825723,2016-01-09,11,La Liga,27,male,Levante UD,Rayo Vallecano,elite,authoritative_rolling_origin_primary,1,142,A-XGB,1,0,0.47005146741867065,
3825724,2016-01-09,11,La Liga,27,male,Real Madrid,RC Deportivo La Coruña,elite,authoritative_rolling_origin_primary,1,142,A-XGB,1,0,0.11151257157325745,
3825725,2016-01-09,11,La Liga,27,male,Getafe,Real Betis,elite,authoritative_rolling_origin_primary,1,142,A-XGB,1,1,0.6261676549911499,
3825726,2016-01-09,11,La Liga,27,male,Sevilla,Athletic Club,elite,authoritative_rolling_origin_primary,1,142,A-XGB,1,1,0.7553021907806396,
3825727,2016-01-10,11,La Liga,27,male,Eibar,Espanyol,elite,authoritative_rolling_origin_primary,1,142,A-XGB,1,1,0.5522609353065491,
3825728,2016-01-10,11,La Liga,27,male,Celta Vigo,Atlético Madrid,elite,authoritative_rolling_origin_primary,1,142,A-XGB,0,0,0.007234849501401186,
3825729,2016-01-10,11,La Liga,27,male,Villarreal,Sporting Gijón,elite,authoritative_rolling_origin_primary,1,142,A-XGB,1,1,0.6938127875328064,
3825730,2016-01-10,11,La Liga,27,male,Real Sociedad,Valencia,elite,authoritative_rolling_origin_primary,1,142,A-XGB,1,0,0.08490845561027527,
3825731,2016-01-10,11,La Liga,27,male,Las Palmas,Málaga,elite,authoritative_rolling_origin_primary,1,142,A-XGB,0,0,0.07896453142166138,
3825732,2016-01-16,11,La Liga,27,male,Celta Vigo,Levante UD,elite,authoritative_rolling_origin_primary,1,142,A-XGB,1,0,0.014556774869561195,
3825733,2016-01-16,11,La Liga,27,male,Sevilla,Málaga,elite,authoritative_rolling_origin_primary,1,142,A-XGB,1,0,0.1282358169555664,
3825734,2016-01-16,11,La Liga,27,male,Real Sociedad,RC Deportivo La Coruña,elite,authoritative_rolling_origin_primary,1,142,A-XGB,0,1,0.8878262639045715,
3825735,2016-01-16,11,La Liga,27,male,Villarreal,Real Betis,elite,authoritative_rolling_origin_primary,1,142,A-XGB,0,0,0.29542437195777893,
266149,2016-01-17,11,La Liga,27,male,Barcelona,Athletic Club,elite,authoritative_rolling_origin_primary,1,142,A-XGB,1,1,0.8229610919952393,
3825736,2016-01-17,11,La Liga,27,male,Valencia,Rayo Vallecano,elite,authoritative_rolling_origin_primary,1,142,A-XGB,0,0,0.24723458290100098,
3825737,2016-01-17,11,La Liga,27,male,Getafe,Espanyol,elite,authoritative_rolling_origin_primary,1,142,A-XGB,1,1,0.6034647822380066,
3825738,2016-01-17,11,La Liga,27,male,Las Palmas,Atlético Madrid,elite,authoritative_rolling_origin_primary,1,142,A-XGB,0,0,0.23378942906856537,
3825739,2016-01-17,11,La Liga,27,male,Real Madrid,Sporting Gijón,elite,authoritative_rolling_origin_primary,1,142,A-XGB,1,0,0.3419554531574249,
3825740,2016-01-18,11,La Liga,27,male,Eibar,Granada,elite,authoritative_rolling_origin_primary,1,142,A-XGB,1,1,0.9639982581138611,
3825741,2016-01-22,11,La Liga,27,male,Sporting Gijón,Real Sociedad,elite,authoritative_rolling_origin_primary,1,142,A-XGB,1,0,0.127509206533432,
265894,2016-01-23,11,La Liga,27,male,Málaga,Barcelona,elite,authoritative_rolling_origin_primary,1,142,A-XGB,0,0,0.10078320652246475,
3825742,2016-01-23,11,La Liga,27,male,Granada,Getafe,elite,authoritative_rolling_origin_primary,1,142,A-XGB,1,0,0.03339614346623421,
3825743,2016-01-23,11,La Liga,27,male,Rayo Vallecano,Celta Vigo,elite,authoritative_rolling_origin_primary,1,142,A-XGB,1,1,0.7647210955619812,
3825744,2016-01-23,11,La Liga,27,male,Espanyol,Villarreal,elite,authoritative_rolling_origin_primary,1,142,A-XGB,0,0,0.025418654084205627,
3825745,2016-01-24,11,La Liga,27,male,RC Deportivo La Coruña,Valencia,elite,authoritative_rolling_origin_primary,1,142,A-XGB,0,0,0.10491626709699631,
3825746,2016-01-24,11,La Liga,27,male,Real Betis,Real Madrid,elite,authoritative_rolling_origin_primary,1,142,A-XGB,0,0,0.06733302026987076,
3825747,2016-01-24,11,La Liga,27,male,Athletic Club,Eibar,elite,authoritative_rolling_origin_primary,1,142,A-XGB,1,0,0.041519127786159515,
3825748,2016-01-24,11,La Liga,27,male,Atlético Madrid,Sevilla,elite,authoritative_rolling_origin_primary,1,142,A-XGB,0,0,0.38601985573768616,
3825749,2016-01-25,11,La Liga,27,male,Levante UD,Las Palmas,elite,authoritative_rolling_origin_primary,1,142,A-XGB,1,1,0.8404701352119446,
267576,2016-01-30,11,La Liga,27,male,Barcelona,Atlético Madrid,elite,authoritative_rolling_origin_primary,1,142,A-XGB,1,0,0.4906737804412842,
3825750,2016-01-30,11,La Liga,27,male,Real Sociedad,Real Betis,elite,authoritative_rolling_origin_primary,1,142,A-XGB,1,0,0.19575892388820648,
3825751,2016-01-30,11,La Liga,27,male,Getafe,Athletic Club,elite,authoritative_rolling_origin_primary,1,142,A-XGB,0,1,0.673051118850708,
3825752,2016-01-30,11,La Liga,27,male,Eibar,Málaga,elite,authoritative_rolling_origin_primary,1,142,A-XGB,0,1,0.875095784664154,
3825753,2016-01-30,11,La Liga,27,male,Villarreal,Granada,elite,authoritative_rolling_origin_primary,1,142,A-XGB,1,0,0.46673503518104553,
3825754,2016-01-31,11,La Liga,27,male,Las Palmas,Celta Vigo,elite,authoritative_rolling_origin_primary,1,142,A-XGB,1,1,0.887039840221405,
3825755,2016-01-31,11,La Liga,27,male,Valencia,Sporting Gijón,elite,authoritative_rolling_origin_primary,1,142,A-XGB,0,0,0.40357622504234314,
3825756,2016-01-31,11,La Liga,27,male,Sevilla,Levante UD,elite,authoritative_rolling_origin_primary,1,142,A-XGB,1,0,0.17279957234859467,
3825757,2016-01-31,11,La Liga,27,male,Real Madrid,Espanyol,elite,authoritative_rolling_origin_primary,1,142,A-XGB,1,1,0.9023154973983765,
3825758,2016-02-01,11,La Liga,27,male,RC Deportivo La Coruña,Rayo Vallecano,elite,authoritative_rolling_origin_primary,1,142,A-XGB,0,0,0.017366532236337662,
3825759,2016-02-05,11,La Liga,27,male,Málaga,Getafe,elite,authoritative_rolling_origin_primary,1,142,A-XGB,1,1,0.9137123823165894,
3825760,2016-02-06,11,La Liga,27,male,Atlético Madrid,Eibar,elite,authoritative_rolling_origin_primary,1,142,A-XGB,1,0,0.07122264057397842,
3825761,2016-02-06,11,La Liga,27,male,Athletic Club,Villarreal,elite,authoritative_rolling_origin_primary,1,142,A-XGB,0,0,0.052486177533864975,
3825762,2016-02-06,11,La Liga,27,male,Sporting Gijón,RC Deportivo La Coruña,elite,authoritative_rolling_origin_primary,1,142,A-XGB,0,1,0.5643711686134338,
3825763,2016-02-06,11,La Liga,27,male,Rayo Vallecano,Las Palmas,elite,authoritative_rolling_origin_primary,1,142,A-XGB,1,1,0.7148124575614929,
266160,2016-02-07,11,La Liga,27,male,Levante UD,Barcelona,elite,authoritative_rolling_origin_primary,1,142,A-XGB,0,1,0.5239537358283997,
3825764,2016-02-07,11,La Liga,27,male,Granada,Real Madrid,elite,authoritative_rolling_origin_primary,1,142,A-XGB,0,0,0.3811042010784149,
3825765,2016-02-07,11,La Liga,27,male,Celta Vigo,Sevilla,elite,authoritative_rolling_origin_primary,1,142,A-XGB,0,0,0.04455085098743439,
3825766,2016-02-07,11,La Liga,27,male,Real Betis,Valencia,elite,authoritative_rolling_origin_primary,1,142,A-XGB,1,0,0.1893521249294281,
3825767,2016-02-08,11,La Liga,27,male,Espanyol,Real Sociedad,elite,authoritative_rolling_origin_primary,1,142,A-XGB,0,1,0.6112455725669861,
3825768,2016-02-12,11,La Liga,27,male,Sporting Gijón,Rayo Vallecano,elite,authoritative_rolling_origin_primary,1,142,A-XGB,0,0,0.29934418201446533,
3825769,2016-02-13,11,La Liga,27,male,Villarreal,Málaga,elite,authoritative_rolling_origin_primary,1,142,A-XGB,1,0,0.18047569692134857,
3825770,2016-02-13,11,La Liga,27,male,Real Madrid,Athletic Club,elite,authoritative_rolling_origin_primary,1,142,A-XGB,1,0,0.3372546136379242,
3825771,2016-02-13,11,La Liga,27,male,RC Deportivo La Coruña,Real Betis,elite,authoritative_rolling_origin_primary,1,142,A-XGB,0,0,0.2555931508541107,
3825772,2016-02-13,11,La Liga,27,male,Valencia,Espanyol,elite,authoritative_rolling_origin_primary,1,142,A-XGB,1,0,0.07959748804569244,
266254,2016-02-14,11,La Liga,27,male,Barcelona,Celta Vigo,elite,authoritative_rolling_origin_primary,1,142,A-XGB,1,1,0.6690623760223389,
3825773,2016-02-14,11,La Liga,27,male,Eibar,Levante UD,elite,authoritative_rolling_origin_primary,1,142,A-XGB,1,0,0.3287654519081116,
3825774,2016-02-14,11,La Liga,27,male,Getafe,Atlético Madrid,elite,authoritative_rolling_origin_primary,1,142,A-XGB,0,0,0.015225539915263653,
3825775,2016-02-14,11,La Liga,27,male,Real Sociedad,Granada,elite,authoritative_rolling_origin_primary,1,142,A-XGB,1,1,0.9088230729103088,
3825776,2016-02-14,11,La Liga,27,male,Sevilla,Las Palmas,elite,authoritative_rolling_origin_primary,1,142,A-XGB,1,1,0.70484459400177,
266815,2016-02-17,11,La Liga,27,male,Sporting Gijón,Barcelona,elite,authoritative_rolling_origin_primary,1,142,A-XGB,0,0,0.03736663609743118,
3825777,2016-02-19,11,La Liga,27,male,Levante UD,Getafe,elite,authoritative_rolling_origin_primary,1,142,A-XGB,1,0,0.1005571037530899,
267273,2016-02-20,11,La Liga,27,male,Las Palmas,Barcelona,elite,authoritative_rolling_origin_primary,1,142,A-XGB,0,0,0.3790411949157715,
3825778,2016-02-20,11,La Liga,27,male,Real Betis,Sporting Gijón,elite,authoritative_rolling_origin_primary,1,142,A-XGB,0,0,0.07282093912363052,
3825779,2016-02-20,11,La Liga,27,male,Celta Vigo,Eibar,elite,authoritative_rolling_origin_primary,1,142,A-XGB,1,1,0.5245553255081177,
3825780,2016-02-20,11,La Liga,27,male,Espanyol,RC Deportivo La Coruña,elite,authoritative_rolling_origin_primary,1,142,A-XGB,1,0,0.11454007029533386,
3825781,2016-02-21,11,La Liga,27,male,Rayo Vallecano,Sevilla,elite,authoritative_rolling_origin_primary,1,142,A-XGB,0,0,0.17834405601024628,
3825782,2016-02-21,11,La Liga,27,male,Granada,Valencia,elite,authoritative_rolling_origin_primary,1,142,A-XGB,0,0,0.30002111196517944,
3825783,2016-02-21,11,La Liga,27,male,Athletic Club,Real Sociedad,elite,authoritative_rolling_origin_primary,1,142,A-XGB,0,0,0.03140176460146904,
3825784,2016-02-21,11,La Liga,27,male,Atlético Madrid,Villarreal,elite,authoritative_rolling_origin_primary,1,142,A-XGB,0,0,0.04803365468978882,
3825785,2016-02-21,11,La Liga,27,male,Málaga,Real Madrid,elite,authoritative_rolling_origin_primary,1,142,A-XGB,0,0,0.2146300971508026,
3825786,2016-02-26,11,La Liga,27,male,Eibar,Las Palmas,elite,authoritative_rolling_origin_primary,1,142,A-XGB,0,1,0.9294135570526123,
3825637,2015-10-25,11,La Liga,27,male,Barcelona,Eibar,elite,authoritative_rolling_origin_primary,1,142,A-MLP,1,1,0.5877716541290283,
3825638,2015-10-25,11,La Liga,27,male,Atlético Madrid,Valencia,elite,authoritative_rolling_origin_primary,1,142,A-MLP,1,1,0.6519788503646851,
3825639,2015-10-25,11,La Liga,27,male,Las Palmas,Villarreal,elite,authoritative_rolling_origin_primary,1,142,A-MLP,0,0,0.4038355350494385,
3825640,2015-10-25,11,La Liga,27,male,Levante UD,Real Sociedad,elite,authoritative_rolling_origin_primary,1,142,A-MLP,0,0,0.32608506083488464,
3825641,2015-10-26,11,La Liga,27,male,Athletic Club,Sporting Gijón,elite,authoritative_rolling_origin_primary,1,142,A-MLP,1,1,0.6165328621864319,
3825642,2015-10-30,11,La Liga,27,male,RC Deportivo La Coruña,Atlético Madrid,elite,authoritative_rolling_origin_primary,1,142,A-MLP,0,0,0.2779272794723511,
3825643,2015-10-31,11,La Liga,27,male,Real Madrid,Las Palmas,elite,authoritative_rolling_origin_primary,1,142,A-MLP,1,1,0.5580199360847473,
3825644,2015-10-31,11,La Liga,27,male,Real Sociedad,Celta Vigo,elite,authoritative_rolling_origin_primary,1,142,A-MLP,0,0,0.46572011709213257,
3825645,2015-10-31,11,La Liga,27,male,Getafe,Barcelona,elite,authoritative_rolling_origin_primary,1,142,A-MLP,0,0,0.18846255540847778,
3825646,2015-10-31,11,La Liga,27,male,Villarreal,Sevilla,elite,authoritative_rolling_origin_primary,1,142,A-MLP,1,0,0.21972538530826569,
3825647,2015-10-31,11,La Liga,27,male,Valencia,Levante UD,elite,authoritative_rolling_origin_primary,1,142,A-MLP,1,0,0.2396925389766693,
3825648,2015-11-01,11,La Liga,27,male,Eibar,Rayo Vallecano,elite,authoritative_rolling_origin_primary,1,142,A-MLP,1,0,0.335417777299881,
3825649,2015-11-01,11,La Liga,27,male,Sporting Gijón,Málaga,elite,authoritative_rolling_origin_primary,1,142,A-MLP,1,0,0.2467159777879715,
3825650,2015-11-01,11,La Liga,27,male,Real Betis,Athletic Club,elite,authoritative_rolling_origin_primary,1,142,A-MLP,0,0,0.23171107470989227,
3825651,2015-11-01,11,La Liga,27,male,Espanyol,Granada,elite,authoritative_rolling_origin_primary,1,142,A-MLP,0,0,0.47415876388549805,
3825652,2015-11-06,11,La Liga,27,male,Las Palmas,Real Sociedad,elite,authoritative_rolling_origin_primary,1,142,A-MLP,1,0,0.23575176298618317,
3825653,2015-11-07,11,La Liga,27,male,Eibar,Getafe,elite,authoritative_rolling_origin_primary,1,142,A-MLP,1,1,0.6404312252998352,
3825654,2015-11-07,11,La Liga,27,male,Celta Vigo,Valencia,elite,authoritative_rolling_origin_primary,1,142,A-MLP,0,1,0.5088068842887878,
3825655,2015-11-07,11,La Liga,27,male,Rayo Vallecano,Granada,elite,authoritative_rolling_origin_primary,1,142,A-MLP,1,1,0.5253881812095642,
3825656,2015-11-07,11,La Liga,27,male,Levante UD,RC Deportivo La Coruña,elite,authoritative_rolling_origin_primary,1,142,A-MLP,0,0,0.287579745054245,
3825657,2015-11-07,11,La Liga,27,male,Málaga,Real Betis,elite,authoritative_rolling_origin_primary,1,142,A-MLP,0,1,0.6109179258346558,
3825658,2015-11-08,11,La Liga,27,male,Atlético Madrid,Sporting Gijón,elite,authoritative_rolling_origin_primary,1,142,A-MLP,1,1,0.7168980836868286,
3825659,2015-11-08,11,La Liga,27,male,Athletic Club,Espanyol,elite,authoritative_rolling_origin_primary,1,142,A-MLP,1,1,0.7872655987739563,
3825660,2015-11-08,11,La Liga,27,male,Barcelona,Villarreal,elite,authoritative_rolling_origin_primary,1,142,A-MLP,1,1,0.5746046304702759,
3825661,2015-11-08,11,La Liga,27,male,Sevilla,Real Madrid,elite,authoritative_rolling_origin_primary,1,142,A-MLP,1,1,0.6180753111839294,
266424,2015-11-21,11,La Liga,27,male,Real Madrid,Barcelona,elite,authoritative_rolling_origin_primary,1,142,A-MLP,0,0,0.4664219319820404,
3825662,2015-11-21,11,La Liga,27,male,RC Deportivo La Coruña,Celta Vigo,elite,authoritative_rolling_origin_primary,1,142,A-MLP,1,0,0.3933054804801941,
3825663,2015-11-21,11,La Liga,27,male,Espanyol,Málaga,elite,authoritative_rolling_origin_primary,1,142,A-MLP,1,0,0.25170013308525085,
3825664,2015-11-21,11,La Liga,27,male,Real Sociedad,Sevilla,elite,authoritative_rolling_origin_primary,1,142,A-MLP,1,1,0.5284630656242371,
3825888,2015-11-21,11,La Liga,27,male,Valencia,Las Palmas,elite,authoritative_rolling_origin_primary,1,142,A-MLP,0,1,0.5771392583847046,
3825665,2015-11-22,11,La Liga,27,male,Granada,Athletic Club,elite,authoritative_rolling_origin_primary,1,142,A-MLP,1,0,0.30786585807800293,
3825666,2015-11-22,11,La Liga,27,male,Real Betis,Atlético Madrid,elite,authoritative_rolling_origin_primary,1,142,A-MLP,0,0,0.13818687200546265,
3825667,2015-11-22,11,La Liga,27,male,Villarreal,Eibar,elite,authoritative_rolling_origin_primary,1,142,A-MLP,0,0,0.3422510027885437,
3825668,2015-11-22,11,La Liga,27,male,Sporting Gijón,Levante UD,elite,authoritative_rolling_origin_primary,1,142,A-MLP,0,0,0.30001750588417053,
3825669,2015-11-23,11,La Liga,27,male,Getafe,Rayo Vallecano,elite,authoritative_rolling_origin_primary,1,142,A-MLP,0,0,0.08722733706235886,
3825670,2015-11-27,11,La Liga,27,male,Levante UD,Real Betis,elite,authoritative_rolling_origin_primary,1,142,A-MLP,0,1,0.6947751641273499,
266885,2015-11-28,11,La Liga,27,male,Barcelona,Real Sociedad,elite,authoritative_rolling_origin_primary,1,142,A-MLP,1,1,0.7273151874542236,
3825671,2015-11-28,11,La Liga,27,male,Celta Vigo,Sporting Gijón,elite,authoritative_rolling_origin_primary,1,142,A-MLP,1,0,0.4628447890281677,
3825672,2015-11-28,11,La Liga,27,male,Málaga,Granada,elite,authoritative_rolling_origin_primary,1,142,A-MLP,0,1,0.5385134816169739,
3825673,2015-11-28,11,La Liga,27,male,Las Palmas,RC Deportivo La Coruña,elite,authoritative_rolling_origin_primary,1,142,A-MLP,0,1,0.5818824172019958,
3825674,2015-11-28,11,La Liga,27,male,Atlético Madrid,Espanyol,elite,authoritative_rolling_origin_primary,1,142,A-MLP,1,1,0.6727308630943298,
3825675,2015-11-29,11,La Liga,27,male,Rayo Vallecano,Athletic Club,elite,authoritative_rolling_origin_primary,1,142,A-MLP,0,0,0.29451388120651245,
3825676,2015-11-29,11,La Liga,27,male,Getafe,Villarreal,elite,authoritative_rolling_origin_primary,1,142,A-MLP,1,0,0.46939781308174133,
3825677,2015-11-29,11,La Liga,27,male,Sevilla,Valencia,elite,authoritative_rolling_origin_primary,1,142,A-MLP,1,0,0.3600720167160034,
3825678,2015-11-29,11,La Liga,27,male,Eibar,Real Madrid,elite,authoritative_rolling_origin_primary,1,142,A-MLP,0,1,0.5582042336463928,
267274,2015-12-05,11,La Liga,27,male,Valencia,Barcelona,elite,authoritative_rolling_origin_primary,1,142,A-MLP,0,0,0.11311424523591995,
3825679,2015-12-05,11,La Liga,27,male,Real Betis,Celta Vigo,elite,authoritative_rolling_origin_primary,1,142,A-MLP,0,0,0.32177579402923584,
3825680,2015-12-05,11,La Liga,27,male,RC Deportivo La Coruña,Sevilla,elite,authoritative_rolling_origin_primary,1,142,A-MLP,0,0,0.3747938275337219,
3825681,2015-12-05,11,La Liga,27,male,Real Madrid,Getafe,elite,authoritative_rolling_origin_primary,1,142,A-MLP,1,0,0.47430625557899475,
3825682,2015-12-05,11,La Liga,27,male,Granada,Atlético Madrid,elite,authoritative_rolling_origin_primary,1,142,A-MLP,0,0,0.19122764468193054,
3825683,2015-12-06,11,La Liga,27,male,Real Sociedad,Eibar,elite,authoritative_rolling_origin_primary,1,142,A-MLP,1,0,0.4442456364631653,
3825684,2015-12-06,11,La Liga,27,male,Villarreal,Rayo Vallecano,elite,authoritative_rolling_origin_primary,1,142,A-MLP,1,0,0.2232387810945511,
3825685,2015-12-06,11,La Liga,27,male,Sporting Gijón,Las Palmas,elite,authoritative_rolling_origin_primary,1,142,A-MLP,1,0,0.31280845403671265,
3825686,2015-12-06,11,La Liga,27,male,Athletic Club,Málaga,elite,authoritative_rolling_origin_primary,1,142,A-MLP,0,0,0.4793727695941925,
3825687,2015-12-07,11,La Liga,27,male,Espanyol,Levante UD,elite,authoritative_rolling_origin_primary,1,142,A-MLP,0,0,0.22559210658073425,
3825688,2015-12-11,11,La Liga,27,male,Getafe,Real Sociedad,elite,authoritative_rolling_origin_primary,1,142,A-MLP,0,1,0.5417401790618896,
266961,2015-12-12,11,La Liga,27,male,Barcelona,RC Deportivo La Coruña,elite,authoritative_rolling_origin_primary,1,142,A-MLP,0,1,0.6768010854721069,
3825689,2015-12-12,11,La Liga,27,male,Celta Vigo,Espanyol,elite,authoritative_rolling_origin_primary,1,142,A-MLP,1,1,0.5511941909790039,
3825690,2015-12-12,11,La Liga,27,male,Las Palmas,Real Betis,elite,authoritative_rolling_origin_primary,1,142,A-MLP,1,0,0.27550482749938965,
3825691,2015-12-12,11,La Liga,27,male,Levante UD,Granada,elite,authoritative_rolling_origin_primary,1,142,A-MLP,0,1,0.7270028591156006,
3825692,2015-12-12,11,La Liga,27,male,Sevilla,Sporting Gijón,elite,authoritative_rolling_origin_primary,1,142,A-MLP,1,1,0.5353535413742065,
3825693,2015-12-13,11,La Liga,27,male,Atlético Madrid,Athletic Club,elite,authoritative_rolling_origin_primary,1,142,A-MLP,1,1,0.538888156414032,
3825694,2015-12-13,11,La Liga,27,male,Eibar,Valencia,elite,authoritative_rolling_origin_primary,1,142,A-MLP,0,1,0.605021595954895,
3825695,2015-12-13,11,La Liga,27,male,Villarreal,Real Madrid,elite,authoritative_rolling_origin_primary,1,142,A-MLP,1,0,0.29685652256011963,
3825696,2015-12-13,11,La Liga,27,male,Rayo Vallecano,Málaga,elite,authoritative_rolling_origin_primary,1,142,A-MLP,0,0,0.28185680508613586,
3825697,2015-12-19,11,La Liga,27,male,Valencia,Getafe,elite,authoritative_rolling_origin_primary,1,142,A-MLP,0,0,0.15211625397205353,
3825698,2015-12-19,11,La Liga,27,male,RC Deportivo La Coruña,Eibar,elite,authoritative_rolling_origin_primary,1,142,A-MLP,1,1,0.501346230506897,
3825699,2015-12-19,11,La Liga,27,male,Real Betis,Sevilla,elite,authoritative_rolling_origin_primary,1,142,A-MLP,0,0,0.28387120366096497,
3825891,2015-12-19,11,La Liga,27,male,Espanyol,Las Palmas,elite,authoritative_rolling_origin_primary,1,142,A-MLP,1,0,0.3131488859653473,
3825700,2015-12-20,11,La Liga,27,male,Real Madrid,Rayo Vallecano,elite,authoritative_rolling_origin_primary,1,142,A-MLP,1,1,0.7517553567886353,
3825701,2015-12-20,11,La Liga,27,male,Málaga,Atlético Madrid,elite,authoritative_rolling_origin_primary,1,142,A-MLP,1,0,0.40351158380508423,
3825702,2015-12-20,11,La Liga,27,male,Real Sociedad,Villarreal,elite,authoritative_rolling_origin_primary,1,142,A-MLP,0,0,0.4485383629798889,
3825703,2015-12-20,11,La Liga,27,male,Athletic Club,Levante UD,elite,authoritative_rolling_origin_primary,1,142,A-MLP,1,0,0.48484399914741516,
3825704,2015-12-20,11,La Liga,27,male,Granada,Celta Vigo,elite,authoritative_rolling_origin_primary,1,142,A-MLP,0,0,0.43509599566459656,
267327,2015-12-30,11,La Liga,27,male,Barcelona,Real Betis,elite,authoritative_rolling_origin_primary,1,142,A-MLP,1,1,0.5476871132850647,
3825705,2015-12-30,11,La Liga,27,male,Eibar,Sporting Gijón,elite,authoritative_rolling_origin_primary,1,142,A-MLP,1,0,0.48428189754486084,
3825706,2015-12-30,11,La Liga,27,male,Celta Vigo,Athletic Club,elite,authoritative_rolling_origin_primary,1,142,A-MLP,0,0,0.19869013130664825,
3825707,2015-12-30,11,La Liga,27,male,Las Palmas,Granada,elite,authoritative_rolling_origin_primary,1,142,A-MLP,1,0,0.3991604745388031,
3825708,2015-12-30,11,La Liga,27,male,Levante UD,Málaga,elite,authoritative_rolling_origin_primary,1,142,A-MLP,0,0,0.2872951328754425,
3825709,2015-12-30,11,La Liga,27,male,Sevilla,Espanyol,elite,authoritative_rolling_origin_primary,1,142,A-MLP,1,1,0.5669227242469788,
3825710,2015-12-30,11,La Liga,27,male,Real Madrid,Real Sociedad,elite,authoritative_rolling_origin_primary,1,142,A-MLP,1,1,0.7167836427688599,
3825711,2015-12-30,11,La Liga,27,male,Rayo Vallecano,Atlético Madrid,elite,authoritative_rolling_origin_primary,1,142,A-MLP,0,0,0.15258517861366272,
3825712,2015-12-30,11,La Liga,27,male,Getafe,RC Deportivo La Coruña,elite,authoritative_rolling_origin_primary,1,142,A-MLP,0,0,0.2922309935092926,
3825713,2015-12-31,11,La Liga,27,male,Villarreal,Valencia,elite,authoritative_rolling_origin_primary,1,142,A-MLP,1,1,0.5475736856460571,
266670,2016-01-02,11,La Liga,27,male,Espanyol,Barcelona,elite,authoritative_rolling_origin_primary,1,142,A-MLP,0,0,0.18865203857421875,
3825714,2016-01-02,11,La Liga,27,male,Atlético Madrid,Levante UD,elite,authoritative_rolling_origin_primary,1,142,A-MLP,1,1,0.6608731150627136,
3825715,2016-01-02,11,La Liga,27,male,Málaga,Celta Vigo,elite,authoritative_rolling_origin_primary,1,142,A-MLP,1,1,0.620404839515686,
3825716,2016-01-03,11,La Liga,27,male,Rayo Vallecano,Real Sociedad,elite,authoritative_rolling_origin_primary,1,142,A-MLP,0,0,0.19419196248054504,
3825717,2016-01-03,11,La Liga,27,male,Granada,Sevilla,elite,authoritative_rolling_origin_primary,1,142,A-MLP,1,0,0.2316899597644806,
3825718,2016-01-03,11,La Liga,27,male,Valencia,Real Madrid,elite,authoritative_rolling_origin_primary,1,142,A-MLP,0,0,0.19807247817516327,
3825719,2016-01-03,11,La Liga,27,male,Athletic Club,Las Palmas,elite,authoritative_rolling_origin_primary,1,142,A-MLP,0,1,0.6249266862869263,
3825720,2016-01-03,11,La Liga,27,male,Real Betis,Eibar,elite,authoritative_rolling_origin_primary,1,142,A-MLP,0,0,0.1517588496208191,
3825721,2016-01-03,11,La Liga,27,male,RC Deportivo La Coruña,Villarreal,elite,authoritative_rolling_origin_primary,1,142,A-MLP,0,0,0.35435739159584045,
3825722,2016-01-04,11,La Liga,27,male,Sporting Gijón,Getafe,elite,authoritative_rolling_origin_primary,1,142,A-MLP,0,0,0.4046761393547058,
266620,2016-01-09,11,La Liga,27,male,Barcelona,Granada,elite,authoritative_rolling_origin_primary,1,142,A-MLP,1,1,0.720587432384491,
3825723,2016-01-09,11,La Liga,27,male,Levante UD,Rayo Vallecano,elite,authoritative_rolling_origin_primary,1,142,A-MLP,1,1,0.5776988863945007,
3825724,2016-01-09,11,La Liga,27,male,Real Madrid,RC Deportivo La Coruña,elite,authoritative_rolling_origin_primary,1,142,A-MLP,1,1,0.7500922083854675,
3825725,2016-01-09,11,La Liga,27,male,Getafe,Real Betis,elite,authoritative_rolling_origin_primary,1,142,A-MLP,1,1,0.5017235279083252,
3825726,2016-01-09,11,La Liga,27,male,Sevilla,Athletic Club,elite,authoritative_rolling_origin_primary,1,142,A-MLP,1,0,0.44996529817581177,
3825727,2016-01-10,11,La Liga,27,male,Eibar,Espanyol,elite,authoritative_rolling_origin_primary,1,142,A-MLP,1,1,0.5947206020355225,
3825728,2016-01-10,11,La Liga,27,male,Celta Vigo,Atlético Madrid,elite,authoritative_rolling_origin_primary,1,142,A-MLP,0,0,0.1850430816411972,
3825729,2016-01-10,11,La Liga,27,male,Villarreal,Sporting Gijón,elite,authoritative_rolling_origin_primary,1,142,A-MLP,1,0,0.4809005558490753,
3825730,2016-01-10,11,La Liga,27,male,Real Sociedad,Valencia,elite,authoritative_rolling_origin_primary,1,142,A-MLP,1,0,0.24579212069511414,
3825731,2016-01-10,11,La Liga,27,male,Las Palmas,Málaga,elite,authoritative_rolling_origin_primary,1,142,A-MLP,0,0,0.34658411145210266,
3825732,2016-01-16,11,La Liga,27,male,Celta Vigo,Levante UD,elite,authoritative_rolling_origin_primary,1,142,A-MLP,1,0,0.3332798182964325,
3825733,2016-01-16,11,La Liga,27,male,Sevilla,Málaga,elite,authoritative_rolling_origin_primary,1,142,A-MLP,1,1,0.5003514289855957,
3825734,2016-01-16,11,La Liga,27,male,Real Sociedad,RC Deportivo La Coruña,elite,authoritative_rolling_origin_primary,1,142,A-MLP,0,0,0.47692665457725525,
3825735,2016-01-16,11,La Liga,27,male,Villarreal,Real Betis,elite,authoritative_rolling_origin_primary,1,142,A-MLP,0,1,0.5428653359413147,
266149,2016-01-17,11,La Liga,27,male,Barcelona,Athletic Club,elite,authoritative_rolling_origin_primary,1,142,A-MLP,1,1,0.6540305614471436,
3825736,2016-01-17,11,La Liga,27,male,Valencia,Rayo Vallecano,elite,authoritative_rolling_origin_primary,1,142,A-MLP,0,0,0.47590065002441406,
3825737,2016-01-17,11,La Liga,27,male,Getafe,Espanyol,elite,authoritative_rolling_origin_primary,1,142,A-MLP,1,1,0.7417497634887695,
3825738,2016-01-17,11,La Liga,27,male,Las Palmas,Atlético Madrid,elite,authoritative_rolling_origin_primary,1,142,A-MLP,0,0,0.3094927966594696,
3825739,2016-01-17,11,La Liga,27,male,Real Madrid,Sporting Gijón,elite,authoritative_rolling_origin_primary,1,142,A-MLP,1,1,0.6673783659934998,
3825740,2016-01-18,11,La Liga,27,male,Eibar,Granada,elite,authoritative_rolling_origin_primary,1,142,A-MLP,1,1,0.8404170870780945,
3825741,2016-01-22,11,La Liga,27,male,Sporting Gijón,Real Sociedad,elite,authoritative_rolling_origin_primary,1,142,A-MLP,1,0,0.233432337641716,
265894,2016-01-23,11,La Liga,27,male,Málaga,Barcelona,elite,authoritative_rolling_origin_primary,1,142,A-MLP,0,0,0.3657417297363281,
3825742,2016-01-23,11,La Liga,27,male,Granada,Getafe,elite,authoritative_rolling_origin_primary,1,142,A-MLP,1,0,0.15218743681907654,
3825743,2016-01-23,11,La Liga,27,male,Rayo Vallecano,Celta Vigo,elite,authoritative_rolling_origin_primary,1,142,A-MLP,1,1,0.5636703968048096,
3825744,2016-01-23,11,La Liga,27,male,Espanyol,Villarreal,elite,authoritative_rolling_origin_primary,1,142,A-MLP,0,0,0.31693902611732483,
3825745,2016-01-24,11,La Liga,27,male,RC Deportivo La Coruña,Valencia,elite,authoritative_rolling_origin_primary,1,142,A-MLP,0,0,0.4845365285873413,
3825746,2016-01-24,11,La Liga,27,male,Real Betis,Real Madrid,elite,authoritative_rolling_origin_primary,1,142,A-MLP,0,0,0.2801116108894348,
3825747,2016-01-24,11,La Liga,27,male,Athletic Club,Eibar,elite,authoritative_rolling_origin_primary,1,142,A-MLP,1,0,0.24921530485153198,
3825748,2016-01-24,11,La Liga,27,male,Atlético Madrid,Sevilla,elite,authoritative_rolling_origin_primary,1,142,A-MLP,0,1,0.6199313402175903,
3825749,2016-01-25,11,La Liga,27,male,Levante UD,Las Palmas,elite,authoritative_rolling_origin_primary,1,142,A-MLP,1,0,0.42835545539855957,
267576,2016-01-30,11,La Liga,27,male,Barcelona,Atlético Madrid,elite,authoritative_rolling_origin_primary,1,142,A-MLP,1,1,0.5703421831130981,
3825750,2016-01-30,11,La Liga,27,male,Real Sociedad,Real Betis,elite,authoritative_rolling_origin_primary,1,142,A-MLP,1,1,0.5658349990844727,
3825751,2016-01-30,11,La Liga,27,male,Getafe,Athletic Club,elite,authoritative_rolling_origin_primary,1,142,A-MLP,0,1,0.5495216846466064,
3825752,2016-01-30,11,La Liga,27,male,Eibar,Málaga,elite,authoritative_rolling_origin_primary,1,142,A-MLP,0,1,0.6000600457191467,
3825753,2016-01-30,11,La Liga,27,male,Villarreal,Granada,elite,authoritative_rolling_origin_primary,1,142,A-MLP,1,1,0.6187619566917419,
3825754,2016-01-31,11,La Liga,27,male,Las Palmas,Celta Vigo,elite,authoritative_rolling_origin_primary,1,142,A-MLP,1,1,0.6179176568984985,
3825755,2016-01-31,11,La Liga,27,male,Valencia,Sporting Gijón,elite,authoritative_rolling_origin_primary,1,142,A-MLP,0,0,0.31854310631752014,
3825756,2016-01-31,11,La Liga,27,male,Sevilla,Levante UD,elite,authoritative_rolling_origin_primary,1,142,A-MLP,1,0,0.4576466679573059,
3825757,2016-01-31,11,La Liga,27,male,Real Madrid,Espanyol,elite,authoritative_rolling_origin_primary,1,142,A-MLP,1,1,0.8574122190475464,
3825758,2016-02-01,11,La Liga,27,male,RC Deportivo La Coruña,Rayo Vallecano,elite,authoritative_rolling_origin_primary,1,142,A-MLP,0,0,0.16110320389270782,
3825759,2016-02-05,11,La Liga,27,male,Málaga,Getafe,elite,authoritative_rolling_origin_primary,1,142,A-MLP,1,1,0.646281898021698,
3825760,2016-02-06,11,La Liga,27,male,Atlético Madrid,Eibar,elite,authoritative_rolling_origin_primary,1,142,A-MLP,1,1,0.5841522216796875,
3825761,2016-02-06,11,La Liga,27,male,Athletic Club,Villarreal,elite,authoritative_rolling_origin_primary,1,142,A-MLP,0,0,0.3155834972858429,
3825762,2016-02-06,11,La Liga,27,male,Sporting Gijón,RC Deportivo La Coruña,elite,authoritative_rolling_origin_primary,1,142,A-MLP,0,1,0.5194722414016724,
3825763,2016-02-06,11,La Liga,27,male,Rayo Vallecano,Las Palmas,elite,authoritative_rolling_origin_primary,1,142,A-MLP,1,1,0.6822303533554077,
266160,2016-02-07,11,La Liga,27,male,Levante UD,Barcelona,elite,authoritative_rolling_origin_primary,1,142,A-MLP,0,0,0.466992050409317,
3825764,2016-02-07,11,La Liga,27,male,Granada,Real Madrid,elite,authoritative_rolling_origin_primary,1,142,A-MLP,0,0,0.27873772382736206,
3825765,2016-02-07,11,La Liga,27,male,Celta Vigo,Sevilla,elite,authoritative_rolling_origin_primary,1,142,A-MLP,0,0,0.23227804899215698,
3825766,2016-02-07,11,La Liga,27,male,Real Betis,Valencia,elite,authoritative_rolling_origin_primary,1,142,A-MLP,1,0,0.29698002338409424,
3825767,2016-02-08,11,La Liga,27,male,Espanyol,Real Sociedad,elite,authoritative_rolling_origin_primary,1,142,A-MLP,0,0,0.3550313115119934,
3825768,2016-02-12,11,La Liga,27,male,Sporting Gijón,Rayo Vallecano,elite,authoritative_rolling_origin_primary,1,142,A-MLP,0,0,0.4368922710418701,
3825769,2016-02-13,11,La Liga,27,male,Villarreal,Málaga,elite,authoritative_rolling_origin_primary,1,142,A-MLP,1,1,0.5511906743049622,
3825770,2016-02-13,11,La Liga,27,male,Real Madrid,Athletic Club,elite,authoritative_rolling_origin_primary,1,142,A-MLP,1,1,0.5989394187927246,
3825771,2016-02-13,11,La Liga,27,male,RC Deportivo La Coruña,Real Betis,elite,authoritative_rolling_origin_primary,1,142,A-MLP,0,1,0.5968150496482849,
3825772,2016-02-13,11,La Liga,27,male,Valencia,Espanyol,elite,authoritative_rolling_origin_primary,1,142,A-MLP,1,1,0.6963467001914978,
266254,2016-02-14,11,La Liga,27,male,Barcelona,Celta Vigo,elite,authoritative_rolling_origin_primary,1,142,A-MLP,1,1,0.7187220454216003,
3825773,2016-02-14,11,La Liga,27,male,Eibar,Levante UD,elite,authoritative_rolling_origin_primary,1,142,A-MLP,1,0,0.3640000820159912,
3825774,2016-02-14,11,La Liga,27,male,Getafe,Atlético Madrid,elite,authoritative_rolling_origin_primary,1,142,A-MLP,0,0,0.19602954387664795,
3825775,2016-02-14,11,La Liga,27,male,Real Sociedad,Granada,elite,authoritative_rolling_origin_primary,1,142,A-MLP,1,1,0.5997943878173828,
3825776,2016-02-14,11,La Liga,27,male,Sevilla,Las Palmas,elite,authoritative_rolling_origin_primary,1,142,A-MLP,1,0,0.38637804985046387,
266815,2016-02-17,11,La Liga,27,male,Sporting Gijón,Barcelona,elite,authoritative_rolling_origin_primary,1,142,A-MLP,0,0,0.35742783546447754,
3825777,2016-02-19,11,La Liga,27,male,Levante UD,Getafe,elite,authoritative_rolling_origin_primary,1,142,A-MLP,1,0,0.2508622705936432,
267273,2016-02-20,11,La Liga,27,male,Las Palmas,Barcelona,elite,authoritative_rolling_origin_primary,1,142,A-MLP,0,0,0.303882360458374,
3825778,2016-02-20,11,La Liga,27,male,Real Betis,Sporting Gijón,elite,authoritative_rolling_origin_primary,1,142,A-MLP,0,0,0.4380667507648468,
3825779,2016-02-20,11,La Liga,27,male,Celta Vigo,Eibar,elite,authoritative_rolling_origin_primary,1,142,A-MLP,1,0,0.3462737798690796,
3825780,2016-02-20,11,La Liga,27,male,Espanyol,RC Deportivo La Coruña,elite,authoritative_rolling_origin_primary,1,142,A-MLP,1,0,0.14106133580207825,
3825781,2016-02-21,11,La Liga,27,male,Rayo Vallecano,Sevilla,elite,authoritative_rolling_origin_primary,1,142,A-MLP,0,1,0.5895829796791077,
3825782,2016-02-21,11,La Liga,27,male,Granada,Valencia,elite,authoritative_rolling_origin_primary,1,142,A-MLP,0,0,0.17051854729652405,
3825783,2016-02-21,11,La Liga,27,male,Athletic Club,Real Sociedad,elite,authoritative_rolling_origin_primary,1,142,A-MLP,0,0,0.24654772877693176,
3825784,2016-02-21,11,La Liga,27,male,Atlético Madrid,Villarreal,elite,authoritative_rolling_origin_primary,1,142,A-MLP,0,0,0.381141722202301,
3825785,2016-02-21,11,La Liga,27,male,Málaga,Real Madrid,elite,authoritative_rolling_origin_primary,1,142,A-MLP,0,0,0.44909560680389404,
3825786,2016-02-26,11,La Liga,27,male,Eibar,Las Palmas,elite,authoritative_rolling_origin_primary,1,142,A-MLP,0,1,0.6693724989891052,
3825637,2015-10-25,11,La Liga,27,male,Barcelona,Eibar,elite,authoritative_rolling_origin_primary,1,142,B-GNN-full,1,0,0.3071519136428833,
3825638,2015-10-25,11,La Liga,27,male,Atlético Madrid,Valencia,elite,authoritative_rolling_origin_primary,1,142,B-GNN-full,1,0,0.21172113716602325,
3825639,2015-10-25,11,La Liga,27,male,Las Palmas,Villarreal,elite,authoritative_rolling_origin_primary,1,142,B-GNN-full,0,0,0.14662161469459534,
3825640,2015-10-25,11,La Liga,27,male,Levante UD,Real Sociedad,elite,authoritative_rolling_origin_primary,1,142,B-GNN-full,0,0,0.06656917184591293,
3825641,2015-10-26,11,La Liga,27,male,Athletic Club,Sporting Gijón,elite,authoritative_rolling_origin_primary,1,142,B-GNN-full,1,0,0.26669642329216003,
3825642,2015-10-30,11,La Liga,27,male,RC Deportivo La Coruña,Atlético Madrid,elite,authoritative_rolling_origin_primary,1,142,B-GNN-full,0,0,0.1223943680524826,
3825643,2015-10-31,11,La Liga,27,male,Real Madrid,Las Palmas,elite,authoritative_rolling_origin_primary,1,142,B-GNN-full,1,1,0.6669828295707703,
3825644,2015-10-31,11,La Liga,27,male,Real Sociedad,Celta Vigo,elite,authoritative_rolling_origin_primary,1,142,B-GNN-full,0,0,0.06291649490594864,
3825645,2015-10-31,11,La Liga,27,male,Getafe,Barcelona,elite,authoritative_rolling_origin_primary,1,142,B-GNN-full,0,0,0.017856881022453308,
3825646,2015-10-31,11,La Liga,27,male,Villarreal,Sevilla,elite,authoritative_rolling_origin_primary,1,142,B-GNN-full,1,0,0.1405991017818451,
3825647,2015-10-31,11,La Liga,27,male,Valencia,Levante UD,elite,authoritative_rolling_origin_primary,1,142,B-GNN-full,1,0,0.169894278049469,
3825648,2015-11-01,11,La Liga,27,male,Eibar,Rayo Vallecano,elite,authoritative_rolling_origin_primary,1,142,B-GNN-full,1,0,0.024991873651742935,
3825649,2015-11-01,11,La Liga,27,male,Sporting Gijón,Málaga,elite,authoritative_rolling_origin_primary,1,142,B-GNN-full,1,0,0.04150018468499184,
3825650,2015-11-01,11,La Liga,27,male,Real Betis,Athletic Club,elite,authoritative_rolling_origin_primary,1,142,B-GNN-full,0,0,0.10870258510112762,
3825651,2015-11-01,11,La Liga,27,male,Espanyol,Granada,elite,authoritative_rolling_origin_primary,1,142,B-GNN-full,0,0,0.040000490844249725,
3825652,2015-11-06,11,La Liga,27,male,Las Palmas,Real Sociedad,elite,authoritative_rolling_origin_primary,1,142,B-GNN-full,1,0,0.05524682626128197,
3825653,2015-11-07,11,La Liga,27,male,Eibar,Getafe,elite,authoritative_rolling_origin_primary,1,142,B-GNN-full,1,0,0.084971122443676,
3825654,2015-11-07,11,La Liga,27,male,Celta Vigo,Valencia,elite,authoritative_rolling_origin_primary,1,142,B-GNN-full,0,0,0.12755101919174194,
3825655,2015-11-07,11,La Liga,27,male,Rayo Vallecano,Granada,elite,authoritative_rolling_origin_primary,1,142,B-GNN-full,1,0,0.047083329409360886,
3825656,2015-11-07,11,La Liga,27,male,Levante UD,RC Deportivo La Coruña,elite,authoritative_rolling_origin_primary,1,142,B-GNN-full,0,0,0.09195896983146667,
3825657,2015-11-07,11,La Liga,27,male,Málaga,Real Betis,elite,authoritative_rolling_origin_primary,1,142,B-GNN-full,0,0,0.0515272356569767,
3825658,2015-11-08,11,La Liga,27,male,Atlético Madrid,Sporting Gijón,elite,authoritative_rolling_origin_primary,1,142,B-GNN-full,1,0,0.38933542370796204,
3825659,2015-11-08,11,La Liga,27,male,Athletic Club,Espanyol,elite,authoritative_rolling_origin_primary,1,142,B-GNN-full,1,0,0.03135224059224129,
3825660,2015-11-08,11,La Liga,27,male,Barcelona,Villarreal,elite,authoritative_rolling_origin_primary,1,142,B-GNN-full,1,1,0.7863186001777649,
3825661,2015-11-08,11,La Liga,27,male,Sevilla,Real Madrid,elite,authoritative_rolling_origin_primary,1,142,B-GNN-full,1,0,0.18574680387973785,
266424,2015-11-21,11,La Liga,27,male,Real Madrid,Barcelona,elite,authoritative_rolling_origin_primary,1,142,B-GNN-full,0,0,0.19914746284484863,
3825662,2015-11-21,11,La Liga,27,male,RC Deportivo La Coruña,Celta Vigo,elite,authoritative_rolling_origin_primary,1,142,B-GNN-full,1,0,0.019471535459160805,
3825663,2015-11-21,11,La Liga,27,male,Espanyol,Málaga,elite,authoritative_rolling_origin_primary,1,142,B-GNN-full,1,0,0.03673894330859184,
3825664,2015-11-21,11,La Liga,27,male,Real Sociedad,Sevilla,elite,authoritative_rolling_origin_primary,1,142,B-GNN-full,1,0,0.16697393357753754,
3825888,2015-11-21,11,La Liga,27,male,Valencia,Las Palmas,elite,authoritative_rolling_origin_primary,1,142,B-GNN-full,0,0,0.07786863297224045,
3825665,2015-11-22,11,La Liga,27,male,Granada,Athletic Club,elite,authoritative_rolling_origin_primary,1,142,B-GNN-full,1,0,0.016972066834568977,
3825666,2015-11-22,11,La Liga,27,male,Real Betis,Atlético Madrid,elite,authoritative_rolling_origin_primary,1,142,B-GNN-full,0,0,0.06697990000247955,
3825667,2015-11-22,11,La Liga,27,male,Villarreal,Eibar,elite,authoritative_rolling_origin_primary,1,142,B-GNN-full,0,0,0.12709009647369385,
3825668,2015-11-22,11,La Liga,27,male,Sporting Gijón,Levante UD,elite,authoritative_rolling_origin_primary,1,142,B-GNN-full,0,0,0.08507640659809113,
3825669,2015-11-23,11,La Liga,27,male,Getafe,Rayo Vallecano,elite,authoritative_rolling_origin_primary,1,142,B-GNN-full,0,0,0.034814029932022095,
3825670,2015-11-27,11,La Liga,27,male,Levante UD,Real Betis,elite,authoritative_rolling_origin_primary,1,142,B-GNN-full,0,0,0.12507061660289764,
266885,2015-11-28,11,La Liga,27,male,Barcelona,Real Sociedad,elite,authoritative_rolling_origin_primary,1,142,B-GNN-full,1,0,0.23290379345417023,
3825671,2015-11-28,11,La Liga,27,male,Celta Vigo,Sporting Gijón,elite,authoritative_rolling_origin_primary,1,142,B-GNN-full,1,0,0.18309038877487183,
3825672,2015-11-28,11,La Liga,27,male,Málaga,Granada,elite,authoritative_rolling_origin_primary,1,142,B-GNN-full,0,0,0.04665198549628258,
3825673,2015-11-28,11,La Liga,27,male,Las Palmas,RC Deportivo La Coruña,elite,authoritative_rolling_origin_primary,1,142,B-GNN-full,0,0,0.33983248472213745,
3825674,2015-11-28,11,La Liga,27,male,Atlético Madrid,Espanyol,elite,authoritative_rolling_origin_primary,1,142,B-GNN-full,1,0,0.2950485348701477,
3825675,2015-11-29,11,La Liga,27,male,Rayo Vallecano,Athletic Club,elite,authoritative_rolling_origin_primary,1,142,B-GNN-full,0,0,0.15288633108139038,
3825676,2015-11-29,11,La Liga,27,male,Getafe,Villarreal,elite,authoritative_rolling_origin_primary,1,142,B-GNN-full,1,0,0.051943421363830566,
3825677,2015-11-29,11,La Liga,27,male,Sevilla,Valencia,elite,authoritative_rolling_origin_primary,1,142,B-GNN-full,1,0,0.33836695551872253,
3825678,2015-11-29,11,La Liga,27,male,Eibar,Real Madrid,elite,authoritative_rolling_origin_primary,1,142,B-GNN-full,0,0,0.04188169166445732,
267274,2015-12-05,11,La Liga,27,male,Valencia,Barcelona,elite,authoritative_rolling_origin_primary,1,142,B-GNN-full,0,0,0.039266522973775864,
3825679,2015-12-05,11,La Liga,27,male,Real Betis,Celta Vigo,elite,authoritative_rolling_origin_primary,1,142,B-GNN-full,0,0,0.19894543290138245,
3825680,2015-12-05,11,La Liga,27,male,RC Deportivo La Coruña,Sevilla,elite,authoritative_rolling_origin_primary,1,142,B-GNN-full,0,0,0.03375949710607529,
3825681,2015-12-05,11,La Liga,27,male,Real Madrid,Getafe,elite,authoritative_rolling_origin_primary,1,142,B-GNN-full,1,1,0.8005886673927307,
3825682,2015-12-05,11,La Liga,27,male,Granada,Atlético Madrid,elite,authoritative_rolling_origin_primary,1,142,B-GNN-full,0,0,0.13041673600673676,
3825683,2015-12-06,11,La Liga,27,male,Real Sociedad,Eibar,elite,authoritative_rolling_origin_primary,1,142,B-GNN-full,1,0,0.13154658675193787,
3825684,2015-12-06,11,La Liga,27,male,Villarreal,Rayo Vallecano,elite,authoritative_rolling_origin_primary,1,142,B-GNN-full,1,0,0.07690265029668808,
3825685,2015-12-06,11,La Liga,27,male,Sporting Gijón,Las Palmas,elite,authoritative_rolling_origin_primary,1,142,B-GNN-full,1,0,0.08954409509897232,
3825686,2015-12-06,11,La Liga,27,male,Athletic Club,Málaga,elite,authoritative_rolling_origin_primary,1,142,B-GNN-full,0,0,0.05450212210416794,
3825687,2015-12-07,11,La Liga,27,male,Espanyol,Levante UD,elite,authoritative_rolling_origin_primary,1,142,B-GNN-full,0,0,0.048372361809015274,
3825688,2015-12-11,11,La Liga,27,male,Getafe,Real Sociedad,elite,authoritative_rolling_origin_primary,1,142,B-GNN-full,0,0,0.03436155244708061,
266961,2015-12-12,11,La Liga,27,male,Barcelona,RC Deportivo La Coruña,elite,authoritative_rolling_origin_primary,1,142,B-GNN-full,0,1,0.8478893041610718,
3825689,2015-12-12,11,La Liga,27,male,Celta Vigo,Espanyol,elite,authoritative_rolling_origin_primary,1,142,B-GNN-full,1,0,0.07638184726238251,
3825690,2015-12-12,11,La Liga,27,male,Las Palmas,Real Betis,elite,authoritative_rolling_origin_primary,1,142,B-GNN-full,1,0,0.22875814139842987,
3825691,2015-12-12,11,La Liga,27,male,Levante UD,Granada,elite,authoritative_rolling_origin_primary,1,142,B-GNN-full,0,0,0.05289427191019058,
3825692,2015-12-12,11,La Liga,27,male,Sevilla,Sporting Gijón,elite,authoritative_rolling_origin_primary,1,142,B-GNN-full,1,0,0.45821627974510193,
3825693,2015-12-13,11,La Liga,27,male,Atlético Madrid,Athletic Club,elite,authoritative_rolling_origin_primary,1,142,B-GNN-full,1,0,0.0540233738720417,
3825694,2015-12-13,11,La Liga,27,male,Eibar,Valencia,elite,authoritative_rolling_origin_primary,1,142,B-GNN-full,0,0,0.07857813686132431,
3825695,2015-12-13,11,La Liga,27,male,Villarreal,Real Madrid,elite,authoritative_rolling_origin_primary,1,142,B-GNN-full,1,0,0.053594741970300674,
3825696,2015-12-13,11,La Liga,27,male,Rayo Vallecano,Málaga,elite,authoritative_rolling_origin_primary,1,142,B-GNN-full,0,0,0.04809582233428955,
3825697,2015-12-19,11,La Liga,27,male,Valencia,Getafe,elite,authoritative_rolling_origin_primary,1,142,B-GNN-full,0,0,0.22225145995616913,
3825698,2015-12-19,11,La Liga,27,male,RC Deportivo La Coruña,Eibar,elite,authoritative_rolling_origin_primary,1,142,B-GNN-full,1,0,0.08885607123374939,
3825699,2015-12-19,11,La Liga,27,male,Real Betis,Sevilla,elite,authoritative_rolling_origin_primary,1,142,B-GNN-full,0,0,0.041093505918979645,
3825891,2015-12-19,11,La Liga,27,male,Espanyol,Las Palmas,elite,authoritative_rolling_origin_primary,1,142,B-GNN-full,1,0,0.06928295642137527,
3825700,2015-12-20,11,La Liga,27,male,Real Madrid,Rayo Vallecano,elite,authoritative_rolling_origin_primary,1,142,B-GNN-full,1,1,0.7206190824508667,
3825701,2015-12-20,11,La Liga,27,male,Málaga,Atlético Madrid,elite,authoritative_rolling_origin_primary,1,142,B-GNN-full,1,0,0.12920832633972168,
3825702,2015-12-20,11,La Liga,27,male,Real Sociedad,Villarreal,elite,authoritative_rolling_origin_primary,1,142,B-GNN-full,0,0,0.48373866081237793,
3825703,2015-12-20,11,La Liga,27,male,Athletic Club,Levante UD,elite,authoritative_rolling_origin_primary,1,142,B-GNN-full,1,0,0.14050912857055664,
3825704,2015-12-20,11,La Liga,27,male,Granada,Celta Vigo,elite,authoritative_rolling_origin_primary,1,142,B-GNN-full,0,0,0.06412050873041153,
267327,2015-12-30,11,La Liga,27,male,Barcelona,Real Betis,elite,authoritative_rolling_origin_primary,1,142,B-GNN-full,1,1,0.5649515986442566,
3825705,2015-12-30,11,La Liga,27,male,Eibar,Sporting Gijón,elite,authoritative_rolling_origin_primary,1,142,B-GNN-full,1,0,0.05982595682144165,
3825706,2015-12-30,11,La Liga,27,male,Celta Vigo,Athletic Club,elite,authoritative_rolling_origin_primary,1,142,B-GNN-full,0,0,0.16042888164520264,
3825707,2015-12-30,11,La Liga,27,male,Las Palmas,Granada,elite,authoritative_rolling_origin_primary,1,142,B-GNN-full,1,0,0.20136713981628418,
3825708,2015-12-30,11,La Liga,27,male,Levante UD,Málaga,elite,authoritative_rolling_origin_primary,1,142,B-GNN-full,0,0,0.036743637174367905,
3825709,2015-12-30,11,La Liga,27,male,Sevilla,Espanyol,elite,authoritative_rolling_origin_primary,1,142,B-GNN-full,1,0,0.12756307423114777,
3825710,2015-12-30,11,La Liga,27,male,Real Madrid,Real Sociedad,elite,authoritative_rolling_origin_primary,1,142,B-GNN-full,1,0,0.43104833364486694,
3825711,2015-12-30,11,La Liga,27,male,Rayo Vallecano,Atlético Madrid,elite,authoritative_rolling_origin_primary,1,142,B-GNN-full,0,0,0.0810094028711319,
3825712,2015-12-30,11,La Liga,27,male,Getafe,RC Deportivo La Coruña,elite,authoritative_rolling_origin_primary,1,142,B-GNN-full,0,0,0.08110101521015167,
3825713,2015-12-31,11,La Liga,27,male,Villarreal,Valencia,elite,authoritative_rolling_origin_primary,1,142,B-GNN-full,1,0,0.08453461527824402,
266670,2016-01-02,11,La Liga,27,male,Espanyol,Barcelona,elite,authoritative_rolling_origin_primary,1,142,B-GNN-full,0,0,0.017334647476673126,
3825714,2016-01-02,11,La Liga,27,male,Atlético Madrid,Levante UD,elite,authoritative_rolling_origin_primary,1,142,B-GNN-full,1,0,0.09814176708459854,
3825715,2016-01-02,11,La Liga,27,male,Málaga,Celta Vigo,elite,authoritative_rolling_origin_primary,1,142,B-GNN-full,1,0,0.09950122982263565,
3825716,2016-01-03,11,La Liga,27,male,Rayo Vallecano,Real Sociedad,elite,authoritative_rolling_origin_primary,1,142,B-GNN-full,0,0,0.026966633275151253,
3825717,2016-01-03,11,La Liga,27,male,Granada,Sevilla,elite,authoritative_rolling_origin_primary,1,142,B-GNN-full,1,0,0.04679194837808609,
3825718,2016-01-03,11,La Liga,27,male,Valencia,Real Madrid,elite,authoritative_rolling_origin_primary,1,142,B-GNN-full,0,0,0.3546876609325409,
3825719,2016-01-03,11,La Liga,27,male,Athletic Club,Las Palmas,elite,authoritative_rolling_origin_primary,1,142,B-GNN-full,0,0,0.048907846212387085,
3825720,2016-01-03,11,La Liga,27,male,Real Betis,Eibar,elite,authoritative_rolling_origin_primary,1,142,B-GNN-full,0,0,0.14252156019210815,
3825721,2016-01-03,11,La Liga,27,male,RC Deportivo La Coruña,Villarreal,elite,authoritative_rolling_origin_primary,1,142,B-GNN-full,0,0,0.1147540956735611,
3825722,2016-01-04,11,La Liga,27,male,Sporting Gijón,Getafe,elite,authoritative_rolling_origin_primary,1,142,B-GNN-full,0,0,0.06408636271953583,
266620,2016-01-09,11,La Liga,27,male,Barcelona,Granada,elite,authoritative_rolling_origin_primary,1,142,B-GNN-full,1,1,0.8071473240852356,
3825723,2016-01-09,11,La Liga,27,male,Levante UD,Rayo Vallecano,elite,authoritative_rolling_origin_primary,1,142,B-GNN-full,1,0,0.02645443193614483,
3825724,2016-01-09,11,La Liga,27,male,Real Madrid,RC Deportivo La Coruña,elite,authoritative_rolling_origin_primary,1,142,B-GNN-full,1,0,0.4277457594871521,
3825725,2016-01-09,11,La Liga,27,male,Getafe,Real Betis,elite,authoritative_rolling_origin_primary,1,142,B-GNN-full,1,0,0.06853460520505905,
3825726,2016-01-09,11,La Liga,27,male,Sevilla,Athletic Club,elite,authoritative_rolling_origin_primary,1,142,B-GNN-full,1,0,0.06850675493478775,
3825727,2016-01-10,11,La Liga,27,male,Eibar,Espanyol,elite,authoritative_rolling_origin_primary,1,142,B-GNN-full,1,0,0.13955307006835938,
3825728,2016-01-10,11,La Liga,27,male,Celta Vigo,Atlético Madrid,elite,authoritative_rolling_origin_primary,1,142,B-GNN-full,0,0,0.1843649446964264,
3825729,2016-01-10,11,La Liga,27,male,Villarreal,Sporting Gijón,elite,authoritative_rolling_origin_primary,1,142,B-GNN-full,1,0,0.08728767931461334,
3825730,2016-01-10,11,La Liga,27,male,Real Sociedad,Valencia,elite,authoritative_rolling_origin_primary,1,142,B-GNN-full,1,0,0.18162189424037933,
3825731,2016-01-10,11,La Liga,27,male,Las Palmas,Málaga,elite,authoritative_rolling_origin_primary,1,142,B-GNN-full,0,0,0.14542293548583984,
3825732,2016-01-16,11,La Liga,27,male,Celta Vigo,Levante UD,elite,authoritative_rolling_origin_primary,1,142,B-GNN-full,1,1,0.5749995708465576,
3825733,2016-01-16,11,La Liga,27,male,Sevilla,Málaga,elite,authoritative_rolling_origin_primary,1,142,B-GNN-full,1,0,0.0769006609916687,
3825734,2016-01-16,11,La Liga,27,male,Real Sociedad,RC Deportivo La Coruña,elite,authoritative_rolling_origin_primary,1,142,B-GNN-full,0,1,0.6390054821968079,
3825735,2016-01-16,11,La Liga,27,male,Villarreal,Real Betis,elite,authoritative_rolling_origin_primary,1,142,B-GNN-full,0,0,0.1329738050699234,
266149,2016-01-17,11,La Liga,27,male,Barcelona,Athletic Club,elite,authoritative_rolling_origin_primary,1,142,B-GNN-full,1,1,0.7566441893577576,
3825736,2016-01-17,11,La Liga,27,male,Valencia,Rayo Vallecano,elite,authoritative_rolling_origin_primary,1,142,B-GNN-full,0,0,0.08612173050642014,
3825737,2016-01-17,11,La Liga,27,male,Getafe,Espanyol,elite,authoritative_rolling_origin_primary,1,142,B-GNN-full,1,0,0.11972393095493317,
3825738,2016-01-17,11,La Liga,27,male,Las Palmas,Atlético Madrid,elite,authoritative_rolling_origin_primary,1,142,B-GNN-full,0,0,0.4576888382434845,
3825739,2016-01-17,11,La Liga,27,male,Real Madrid,Sporting Gijón,elite,authoritative_rolling_origin_primary,1,142,B-GNN-full,1,1,0.8874437212944031,
3825740,2016-01-18,11,La Liga,27,male,Eibar,Granada,elite,authoritative_rolling_origin_primary,1,142,B-GNN-full,1,0,0.07556768506765366,
3825741,2016-01-22,11,La Liga,27,male,Sporting Gijón,Real Sociedad,elite,authoritative_rolling_origin_primary,1,142,B-GNN-full,1,0,0.2988472878932953,
265894,2016-01-23,11,La Liga,27,male,Málaga,Barcelona,elite,authoritative_rolling_origin_primary,1,142,B-GNN-full,0,0,0.03872955963015556,
3825742,2016-01-23,11,La Liga,27,male,Granada,Getafe,elite,authoritative_rolling_origin_primary,1,142,B-GNN-full,1,0,0.20885273814201355,
3825743,2016-01-23,11,La Liga,27,male,Rayo Vallecano,Celta Vigo,elite,authoritative_rolling_origin_primary,1,142,B-GNN-full,1,0,0.15480981767177582,
3825744,2016-01-23,11,La Liga,27,male,Espanyol,Villarreal,elite,authoritative_rolling_origin_primary,1,142,B-GNN-full,0,0,0.08169332891702652,
3825745,2016-01-24,11,La Liga,27,male,RC Deportivo La Coruña,Valencia,elite,authoritative_rolling_origin_primary,1,142,B-GNN-full,0,0,0.07828531414270401,
3825746,2016-01-24,11,La Liga,27,male,Real Betis,Real Madrid,elite,authoritative_rolling_origin_primary,1,142,B-GNN-full,0,0,0.027500886470079422,
3825747,2016-01-24,11,La Liga,27,male,Athletic Club,Eibar,elite,authoritative_rolling_origin_primary,1,142,B-GNN-full,1,0,0.06612711399793625,
3825748,2016-01-24,11,La Liga,27,male,Atlético Madrid,Sevilla,elite,authoritative_rolling_origin_primary,1,142,B-GNN-full,0,0,0.3806636333465576,
3825749,2016-01-25,11,La Liga,27,male,Levante UD,Las Palmas,elite,authoritative_rolling_origin_primary,1,142,B-GNN-full,1,0,0.0330432765185833,
267576,2016-01-30,11,La Liga,27,male,Barcelona,Atlético Madrid,elite,authoritative_rolling_origin_primary,1,142,B-GNN-full,1,1,0.7257353663444519,
3825750,2016-01-30,11,La Liga,27,male,Real Sociedad,Real Betis,elite,authoritative_rolling_origin_primary,1,142,B-GNN-full,1,0,0.06636253744363785,
3825751,2016-01-30,11,La Liga,27,male,Getafe,Athletic Club,elite,authoritative_rolling_origin_primary,1,142,B-GNN-full,0,0,0.053434696048498154,
3825752,2016-01-30,11,La Liga,27,male,Eibar,Málaga,elite,authoritative_rolling_origin_primary,1,142,B-GNN-full,0,0,0.0490177646279335,
3825753,2016-01-30,11,La Liga,27,male,Villarreal,Granada,elite,authoritative_rolling_origin_primary,1,142,B-GNN-full,1,0,0.2901865839958191,
3825754,2016-01-31,11,La Liga,27,male,Las Palmas,Celta Vigo,elite,authoritative_rolling_origin_primary,1,142,B-GNN-full,1,0,0.1558864861726761,
3825755,2016-01-31,11,La Liga,27,male,Valencia,Sporting Gijón,elite,authoritative_rolling_origin_primary,1,142,B-GNN-full,0,0,0.286276638507843,
3825756,2016-01-31,11,La Liga,27,male,Sevilla,Levante UD,elite,authoritative_rolling_origin_primary,1,142,B-GNN-full,1,0,0.1344950944185257,
3825757,2016-01-31,11,La Liga,27,male,Real Madrid,Espanyol,elite,authoritative_rolling_origin_primary,1,142,B-GNN-full,1,1,0.8219175338745117,
3825758,2016-02-01,11,La Liga,27,male,RC Deportivo La Coruña,Rayo Vallecano,elite,authoritative_rolling_origin_primary,1,142,B-GNN-full,0,0,0.08486571162939072,
3825759,2016-02-05,11,La Liga,27,male,Málaga,Getafe,elite,authoritative_rolling_origin_primary,1,142,B-GNN-full,1,0,0.0862550437450409,
3825760,2016-02-06,11,La Liga,27,male,Atlético Madrid,Eibar,elite,authoritative_rolling_origin_primary,1,142,B-GNN-full,1,0,0.05249394103884697,
3825761,2016-02-06,11,La Liga,27,male,Athletic Club,Villarreal,elite,authoritative_rolling_origin_primary,1,142,B-GNN-full,0,0,0.13346163928508759,
3825762,2016-02-06,11,La Liga,27,male,Sporting Gijón,RC Deportivo La Coruña,elite,authoritative_rolling_origin_primary,1,142,B-GNN-full,0,0,0.049247898161411285,
3825763,2016-02-06,11,La Liga,27,male,Rayo Vallecano,Las Palmas,elite,authoritative_rolling_origin_primary,1,142,B-GNN-full,1,0,0.16690650582313538,
266160,2016-02-07,11,La Liga,27,male,Levante UD,Barcelona,elite,authoritative_rolling_origin_primary,1,142,B-GNN-full,0,0,0.036506835371255875,
3825764,2016-02-07,11,La Liga,27,male,Granada,Real Madrid,elite,authoritative_rolling_origin_primary,1,142,B-GNN-full,0,0,0.07345902919769287,
3825765,2016-02-07,11,La Liga,27,male,Celta Vigo,Sevilla,elite,authoritative_rolling_origin_primary,1,142,B-GNN-full,0,1,0.8008700013160706,
3825766,2016-02-07,11,La Liga,27,male,Real Betis,Valencia,elite,authoritative_rolling_origin_primary,1,142,B-GNN-full,1,0,0.03638800233602524,
3825767,2016-02-08,11,La Liga,27,male,Espanyol,Real Sociedad,elite,authoritative_rolling_origin_primary,1,142,B-GNN-full,0,0,0.11715633422136307,
3825768,2016-02-12,11,La Liga,27,male,Sporting Gijón,Rayo Vallecano,elite,authoritative_rolling_origin_primary,1,142,B-GNN-full,0,0,0.043110840022563934,
3825769,2016-02-13,11,La Liga,27,male,Villarreal,Málaga,elite,authoritative_rolling_origin_primary,1,142,B-GNN-full,1,0,0.11484701186418533,
3825770,2016-02-13,11,La Liga,27,male,Real Madrid,Athletic Club,elite,authoritative_rolling_origin_primary,1,142,B-GNN-full,1,1,0.6327216029167175,
3825771,2016-02-13,11,La Liga,27,male,RC Deportivo La Coruña,Real Betis,elite,authoritative_rolling_origin_primary,1,142,B-GNN-full,0,0,0.12233169376850128,
3825772,2016-02-13,11,La Liga,27,male,Valencia,Espanyol,elite,authoritative_rolling_origin_primary,1,142,B-GNN-full,1,0,0.15334050357341766,
266254,2016-02-14,11,La Liga,27,male,Barcelona,Celta Vigo,elite,authoritative_rolling_origin_primary,1,142,B-GNN-full,1,0,0.36277928948402405,
3825773,2016-02-14,11,La Liga,27,male,Eibar,Levante UD,elite,authoritative_rolling_origin_primary,1,142,B-GNN-full,1,0,0.17808781564235687,
3825774,2016-02-14,11,La Liga,27,male,Getafe,Atlético Madrid,elite,authoritative_rolling_origin_primary,1,142,B-GNN-full,0,1,0.5599126815795898,
3825775,2016-02-14,11,La Liga,27,male,Real Sociedad,Granada,elite,authoritative_rolling_origin_primary,1,142,B-GNN-full,1,0,0.08859072625637054,
3825776,2016-02-14,11,La Liga,27,male,Sevilla,Las Palmas,elite,authoritative_rolling_origin_primary,1,142,B-GNN-full,1,0,0.1222972422838211,
266815,2016-02-17,11,La Liga,27,male,Sporting Gijón,Barcelona,elite,authoritative_rolling_origin_primary,1,142,B-GNN-full,0,0,0.017675723880529404,
3825777,2016-02-19,11,La Liga,27,male,Levante UD,Getafe,elite,authoritative_rolling_origin_primary,1,142,B-GNN-full,1,0,0.08202194422483444,
267273,2016-02-20,11,La Liga,27,male,Las Palmas,Barcelona,elite,authoritative_rolling_origin_primary,1,142,B-GNN-full,0,0,0.17486542463302612,
3825778,2016-02-20,11,La Liga,27,male,Real Betis,Sporting Gijón,elite,authoritative_rolling_origin_primary,1,142,B-GNN-full,0,0,0.1272767186164856,
3825779,2016-02-20,11,La Liga,27,male,Celta Vigo,Eibar,elite,authoritative_rolling_origin_primary,1,142,B-GNN-full,1,0,0.1827506124973297,
3825780,2016-02-20,11,La Liga,27,male,Espanyol,RC Deportivo La Coruña,elite,authoritative_rolling_origin_primary,1,142,B-GNN-full,1,0,0.0901847556233406,
3825781,2016-02-21,11,La Liga,27,male,Rayo Vallecano,Sevilla,elite,authoritative_rolling_origin_primary,1,142,B-GNN-full,0,0,0.09854595363140106,
3825782,2016-02-21,11,La Liga,27,male,Granada,Valencia,elite,authoritative_rolling_origin_primary,1,142,B-GNN-full,0,0,0.16693758964538574,
3825783,2016-02-21,11,La Liga,27,male,Athletic Club,Real Sociedad,elite,authoritative_rolling_origin_primary,1,142,B-GNN-full,0,0,0.07973535358905792,
3825784,2016-02-21,11,La Liga,27,male,Atlético Madrid,Villarreal,elite,authoritative_rolling_origin_primary,1,142,B-GNN-full,0,0,0.15084201097488403,
3825785,2016-02-21,11,La Liga,27,male,Málaga,Real Madrid,elite,authoritative_rolling_origin_primary,1,142,B-GNN-full,0,0,0.038649898022413254,
3825786,2016-02-26,11,La Liga,27,male,Eibar,Las Palmas,elite,authoritative_rolling_origin_primary,1,142,B-GNN-full,0,0,0.04643084481358528,
3825637,2015-10-25,11,La Liga,27,male,Barcelona,Eibar,elite,authoritative_rolling_origin_primary,1,142,C-Hybrid-full,1,1,0.9297042489051819,0.4802449643611908
3825638,2015-10-25,11,La Liga,27,male,Atlético Madrid,Valencia,elite,authoritative_rolling_origin_primary,1,142,C-Hybrid-full,1,1,0.8344100713729858,0.4802449643611908
3825639,2015-10-25,11,La Liga,27,male,Las Palmas,Villarreal,elite,authoritative_rolling_origin_primary,1,142,C-Hybrid-full,0,0,0.23564156889915466,0.4802449643611908
3825640,2015-10-25,11,La Liga,27,male,Levante UD,Real Sociedad,elite,authoritative_rolling_origin_primary,1,142,C-Hybrid-full,0,0,0.16914312541484833,0.4802449643611908
3825641,2015-10-26,11,La Liga,27,male,Athletic Club,Sporting Gijón,elite,authoritative_rolling_origin_primary,1,142,C-Hybrid-full,1,1,0.7571415305137634,0.4802449643611908
3825642,2015-10-30,11,La Liga,27,male,RC Deportivo La Coruña,Atlético Madrid,elite,authoritative_rolling_origin_primary,1,142,C-Hybrid-full,0,1,0.7751288414001465,0.4802449643611908
3825643,2015-10-31,11,La Liga,27,male,Real Madrid,Las Palmas,elite,authoritative_rolling_origin_primary,1,142,C-Hybrid-full,1,1,0.7534494400024414,0.4802449643611908
3825644,2015-10-31,11,La Liga,27,male,Real Sociedad,Celta Vigo,elite,authoritative_rolling_origin_primary,1,142,C-Hybrid-full,0,0,0.46888861060142517,0.4802449643611908
3825645,2015-10-31,11,La Liga,27,male,Getafe,Barcelona,elite,authoritative_rolling_origin_primary,1,142,C-Hybrid-full,0,0,0.055841151624917984,0.4802449643611908
3825646,2015-10-31,11,La Liga,27,male,Villarreal,Sevilla,elite,authoritative_rolling_origin_primary,1,142,C-Hybrid-full,1,0,0.44683408737182617,0.4802449643611908
3825647,2015-10-31,11,La Liga,27,male,Valencia,Levante UD,elite,authoritative_rolling_origin_primary,1,142,C-Hybrid-full,1,1,0.8757562637329102,0.4802449643611908
3825648,2015-11-01,11,La Liga,27,male,Eibar,Rayo Vallecano,elite,authoritative_rolling_origin_primary,1,142,C-Hybrid-full,1,0,0.20150066912174225,0.4802449643611908
3825649,2015-11-01,11,La Liga,27,male,Sporting Gijón,Málaga,elite,authoritative_rolling_origin_primary,1,142,C-Hybrid-full,1,0,0.06658853590488434,0.4802449643611908
3825650,2015-11-01,11,La Liga,27,male,Real Betis,Athletic Club,elite,authoritative_rolling_origin_primary,1,142,C-Hybrid-full,0,0,0.45952650904655457,0.4802449643611908
3825651,2015-11-01,11,La Liga,27,male,Espanyol,Granada,elite,authoritative_rolling_origin_primary,1,142,C-Hybrid-full,0,0,0.42856064438819885,0.4802449643611908
3825652,2015-11-06,11,La Liga,27,male,Las Palmas,Real Sociedad,elite,authoritative_rolling_origin_primary,1,142,C-Hybrid-full,1,0,0.16614606976509094,0.4802449643611908
3825653,2015-11-07,11,La Liga,27,male,Eibar,Getafe,elite,authoritative_rolling_origin_primary,1,142,C-Hybrid-full,1,1,0.950352132320404,0.4802449643611908
3825654,2015-11-07,11,La Liga,27,male,Celta Vigo,Valencia,elite,authoritative_rolling_origin_primary,1,142,C-Hybrid-full,0,0,0.2312069535255432,0.4802449643611908
3825655,2015-11-07,11,La Liga,27,male,Rayo Vallecano,Granada,elite,authoritative_rolling_origin_primary,1,142,C-Hybrid-full,1,1,0.8626668453216553,0.4802449643611908
3825656,2015-11-07,11,La Liga,27,male,Levante UD,RC Deportivo La Coruña,elite,authoritative_rolling_origin_primary,1,142,C-Hybrid-full,0,0,0.12901367247104645,0.4802449643611908
3825657,2015-11-07,11,La Liga,27,male,Málaga,Real Betis,elite,authoritative_rolling_origin_primary,1,142,C-Hybrid-full,0,0,0.3097166121006012,0.4802449643611908
3825658,2015-11-08,11,La Liga,27,male,Atlético Madrid,Sporting Gijón,elite,authoritative_rolling_origin_primary,1,142,C-Hybrid-full,1,0,0.3629729151725769,0.4802449643611908
3825659,2015-11-08,11,La Liga,27,male,Athletic Club,Espanyol,elite,authoritative_rolling_origin_primary,1,142,C-Hybrid-full,1,0,0.29139500856399536,0.4802449643611908
3825660,2015-11-08,11,La Liga,27,male,Barcelona,Villarreal,elite,authoritative_rolling_origin_primary,1,142,C-Hybrid-full,1,1,0.8864529728889465,0.4802449643611908
3825661,2015-11-08,11,La Liga,27,male,Sevilla,Real Madrid,elite,authoritative_rolling_origin_primary,1,142,C-Hybrid-full,1,1,0.6746277809143066,0.4802449643611908
266424,2015-11-21,11,La Liga,27,male,Real Madrid,Barcelona,elite,authoritative_rolling_origin_primary,1,142,C-Hybrid-full,0,1,0.7424401640892029,0.4802449643611908
3825662,2015-11-21,11,La Liga,27,male,RC Deportivo La Coruña,Celta Vigo,elite,authoritative_rolling_origin_primary,1,142,C-Hybrid-full,1,0,0.3000599145889282,0.4802449643611908
3825663,2015-11-21,11,La Liga,27,male,Espanyol,Málaga,elite,authoritative_rolling_origin_primary,1,142,C-Hybrid-full,1,0,0.14695429801940918,0.4802449643611908
3825664,2015-11-21,11,La Liga,27,male,Real Sociedad,Sevilla,elite,authoritative_rolling_origin_primary,1,142,C-Hybrid-full,1,1,0.5243873596191406,0.4802449643611908
3825888,2015-11-21,11,La Liga,27,male,Valencia,Las Palmas,elite,authoritative_rolling_origin_primary,1,142,C-Hybrid-full,0,1,0.9558314085006714,0.4802449643611908
3825665,2015-11-22,11,La Liga,27,male,Granada,Athletic Club,elite,authoritative_rolling_origin_primary,1,142,C-Hybrid-full,1,0,0.05908737704157829,0.4802449643611908
3825666,2015-11-22,11,La Liga,27,male,Real Betis,Atlético Madrid,elite,authoritative_rolling_origin_primary,1,142,C-Hybrid-full,0,0,0.05865132063627243,0.4802449643611908
3825667,2015-11-22,11,La Liga,27,male,Villarreal,Eibar,elite,authoritative_rolling_origin_primary,1,142,C-Hybrid-full,0,0,0.0949043333530426,0.4802449643611908
3825668,2015-11-22,11,La Liga,27,male,Sporting Gijón,Levante UD,elite,authoritative_rolling_origin_primary,1,142,C-Hybrid-full,0,1,0.5475441217422485,0.4802449643611908
3825669,2015-11-23,11,La Liga,27,male,Getafe,Rayo Vallecano,elite,authoritative_rolling_origin_primary,1,142,C-Hybrid-full,0,0,0.035564083606004715,0.4802449643611908
3825670,2015-11-27,11,La Liga,27,male,Levante UD,Real Betis,elite,authoritative_rolling_origin_primary,1,142,C-Hybrid-full,0,0,0.493475079536438,0.4802449643611908
266885,2015-11-28,11,La Liga,27,male,Barcelona,Real Sociedad,elite,authoritative_rolling_origin_primary,1,142,C-Hybrid-full,1,1,0.9755022525787354,0.4802449643611908
3825671,2015-11-28,11,La Liga,27,male,Celta Vigo,Sporting Gijón,elite,authoritative_rolling_origin_primary,1,142,C-Hybrid-full,1,0,0.2570516765117645,0.4802449643611908
3825672,2015-11-28,11,La Liga,27,male,Málaga,Granada,elite,authoritative_rolling_origin_primary,1,142,C-Hybrid-full,0,0,0.4616014361381531,0.4802449643611908
3825673,2015-11-28,11,La Liga,27,male,Las Palmas,RC Deportivo La Coruña,elite,authoritative_rolling_origin_primary,1,142,C-Hybrid-full,0,0,0.47554585337638855,0.4802449643611908
3825674,2015-11-28,11,La Liga,27,male,Atlético Madrid,Espanyol,elite,authoritative_rolling_origin_primary,1,142,C-Hybrid-full,1,1,0.7483640313148499,0.4802449643611908
3825675,2015-11-29,11,La Liga,27,male,Rayo Vallecano,Athletic Club,elite,authoritative_rolling_origin_primary,1,142,C-Hybrid-full,0,0,0.07305211573839188,0.4802449643611908
3825676,2015-11-29,11,La Liga,27,male,Getafe,Villarreal,elite,authoritative_rolling_origin_primary,1,142,C-Hybrid-full,1,1,0.9143564701080322,0.4802449643611908
3825677,2015-11-29,11,La Liga,27,male,Sevilla,Valencia,elite,authoritative_rolling_origin_primary,1,142,C-Hybrid-full,1,0,0.1299368292093277,0.4802449643611908
3825678,2015-11-29,11,La Liga,27,male,Eibar,Real Madrid,elite,authoritative_rolling_origin_primary,1,142,C-Hybrid-full,0,0,0.26428061723709106,0.4802449643611908
267274,2015-12-05,11,La Liga,27,male,Valencia,Barcelona,elite,authoritative_rolling_origin_primary,1,142,C-Hybrid-full,0,0,0.07742087543010712,0.4802449643611908
3825679,2015-12-05,11,La Liga,27,male,Real Betis,Celta Vigo,elite,authoritative_rolling_origin_primary,1,142,C-Hybrid-full,0,0,0.24933430552482605,0.4802449643611908
3825680,2015-12-05,11,La Liga,27,male,RC Deportivo La Coruña,Sevilla,elite,authoritative_rolling_origin_primary,1,142,C-Hybrid-full,0,0,0.17398430407047272,0.4802449643611908
3825681,2015-12-05,11,La Liga,27,male,Real Madrid,Getafe,elite,authoritative_rolling_origin_primary,1,142,C-Hybrid-full,1,1,0.8743326663970947,0.4802449643611908
3825682,2015-12-05,11,La Liga,27,male,Granada,Atlético Madrid,elite,authoritative_rolling_origin_primary,1,142,C-Hybrid-full,0,0,0.09095416963100433,0.4802449643611908
3825683,2015-12-06,11,La Liga,27,male,Real Sociedad,Eibar,elite,authoritative_rolling_origin_primary,1,142,C-Hybrid-full,1,1,0.9307253360748291,0.4802449643611908
3825684,2015-12-06,11,La Liga,27,male,Villarreal,Rayo Vallecano,elite,authoritative_rolling_origin_primary,1,142,C-Hybrid-full,1,1,0.5966988801956177,0.4802449643611908
3825685,2015-12-06,11,La Liga,27,male,Sporting Gijón,Las Palmas,elite,authoritative_rolling_origin_primary,1,142,C-Hybrid-full,1,1,0.9158344864845276,0.4802449643611908
3825686,2015-12-06,11,La Liga,27,male,Athletic Club,Málaga,elite,authoritative_rolling_origin_primary,1,142,C-Hybrid-full,0,0,0.15434426069259644,0.4802449643611908
3825687,2015-12-07,11,La Liga,27,male,Espanyol,Levante UD,elite,authoritative_rolling_origin_primary,1,142,C-Hybrid-full,0,0,0.024117229506373405,0.4802449643611908
3825688,2015-12-11,11,La Liga,27,male,Getafe,Real Sociedad,elite,authoritative_rolling_origin_primary,1,142,C-Hybrid-full,0,0,0.19741427898406982,0.4802449643611908
266961,2015-12-12,11,La Liga,27,male,Barcelona,RC Deportivo La Coruña,elite,authoritative_rolling_origin_primary,1,142,C-Hybrid-full,0,1,0.7745717763900757,0.4802449643611908
3825689,2015-12-12,11,La Liga,27,male,Celta Vigo,Espanyol,elite,authoritative_rolling_origin_primary,1,142,C-Hybrid-full,1,0,0.24359413981437683,0.4802449643611908
3825690,2015-12-12,11,La Liga,27,male,Las Palmas,Real Betis,elite,authoritative_rolling_origin_primary,1,142,C-Hybrid-full,1,0,0.16891774535179138,0.4802449643611908
3825691,2015-12-12,11,La Liga,27,male,Levante UD,Granada,elite,authoritative_rolling_origin_primary,1,142,C-Hybrid-full,0,0,0.32389935851097107,0.4802449643611908
3825692,2015-12-12,11,La Liga,27,male,Sevilla,Sporting Gijón,elite,authoritative_rolling_origin_primary,1,142,C-Hybrid-full,1,0,0.2336653620004654,0.4802449643611908
3825693,2015-12-13,11,La Liga,27,male,Atlético Madrid,Athletic Club,elite,authoritative_rolling_origin_primary,1,142,C-Hybrid-full,1,0,0.0739416778087616,0.4802449643611908
3825694,2015-12-13,11,La Liga,27,male,Eibar,Valencia,elite,authoritative_rolling_origin_primary,1,142,C-Hybrid-full,0,1,0.9512731432914734,0.4802449643611908
3825695,2015-12-13,11,La Liga,27,male,Villarreal,Real Madrid,elite,authoritative_rolling_origin_primary,1,142,C-Hybrid-full,1,1,0.6964284777641296,0.4802449643611908
3825696,2015-12-13,11,La Liga,27,male,Rayo Vallecano,Málaga,elite,authoritative_rolling_origin_primary,1,142,C-Hybrid-full,0,0,0.15203911066055298,0.4802449643611908
3825697,2015-12-19,11,La Liga,27,male,Valencia,Getafe,elite,authoritative_rolling_origin_primary,1,142,C-Hybrid-full,0,0,0.06619593501091003,0.4802449643611908
3825698,2015-12-19,11,La Liga,27,male,RC Deportivo La Coruña,Eibar,elite,authoritative_rolling_origin_primary,1,142,C-Hybrid-full,1,1,0.8723841905593872,0.4802449643611908
3825699,2015-12-19,11,La Liga,27,male,Real Betis,Sevilla,elite,authoritative_rolling_origin_primary,1,142,C-Hybrid-full,0,0,0.09365156292915344,0.4802449643611908
3825891,2015-12-19,11,La Liga,27,male,Espanyol,Las Palmas,elite,authoritative_rolling_origin_primary,1,142,C-Hybrid-full,1,0,0.1434050351381302,0.4802449643611908
3825700,2015-12-20,11,La Liga,27,male,Real Madrid,Rayo Vallecano,elite,authoritative_rolling_origin_primary,1,142,C-Hybrid-full,1,1,0.9670101404190063,0.4802449643611908
3825701,2015-12-20,11,La Liga,27,male,Málaga,Atlético Madrid,elite,authoritative_rolling_origin_primary,1,142,C-Hybrid-full,1,0,0.08398769795894623,0.4802449643611908
3825702,2015-12-20,11,La Liga,27,male,Real Sociedad,Villarreal,elite,authoritative_rolling_origin_primary,1,142,C-Hybrid-full,0,0,0.42221811413764954,0.4802449643611908
3825703,2015-12-20,11,La Liga,27,male,Athletic Club,Levante UD,elite,authoritative_rolling_origin_primary,1,142,C-Hybrid-full,1,1,0.6087233424186707,0.4802449643611908
3825704,2015-12-20,11,La Liga,27,male,Granada,Celta Vigo,elite,authoritative_rolling_origin_primary,1,142,C-Hybrid-full,0,0,0.21488715708255768,0.4802449643611908
267327,2015-12-30,11,La Liga,27,male,Barcelona,Real Betis,elite,authoritative_rolling_origin_primary,1,142,C-Hybrid-full,1,1,0.9693039059638977,0.4802449643611908
3825705,2015-12-30,11,La Liga,27,male,Eibar,Sporting Gijón,elite,authoritative_rolling_origin_primary,1,142,C-Hybrid-full,1,0,0.48822644352912903,0.4802449643611908
3825706,2015-12-30,11,La Liga,27,male,Celta Vigo,Athletic Club,elite,authoritative_rolling_origin_primary,1,142,C-Hybrid-full,0,0,0.0811595469713211,0.4802449643611908
3825707,2015-12-30,11,La Liga,27,male,Las Palmas,Granada,elite,authoritative_rolling_origin_primary,1,142,C-Hybrid-full,1,1,0.6757078766822815,0.4802449643611908
3825708,2015-12-30,11,La Liga,27,male,Levante UD,Málaga,elite,authoritative_rolling_origin_primary,1,142,C-Hybrid-full,0,0,0.1475275158882141,0.4802449643611908
3825709,2015-12-30,11,La Liga,27,male,Sevilla,Espanyol,elite,authoritative_rolling_origin_primary,1,142,C-Hybrid-full,1,1,0.8658986687660217,0.4802449643611908
3825710,2015-12-30,11,La Liga,27,male,Real Madrid,Real Sociedad,elite,authoritative_rolling_origin_primary,1,142,C-Hybrid-full,1,1,0.9152264595031738,0.4802449643611908
3825711,2015-12-30,11,La Liga,27,male,Rayo Vallecano,Atlético Madrid,elite,authoritative_rolling_origin_primary,1,142,C-Hybrid-full,0,0,0.15588946640491486,0.4802449643611908
3825712,2015-12-30,11,La Liga,27,male,Getafe,RC Deportivo La Coruña,elite,authoritative_rolling_origin_primary,1,142,C-Hybrid-full,0,0,0.20372766256332397,0.4802449643611908
3825713,2015-12-31,11,La Liga,27,male,Villarreal,Valencia,elite,authoritative_rolling_origin_primary,1,142,C-Hybrid-full,1,0,0.26707273721694946,0.4802449643611908
266670,2016-01-02,11,La Liga,27,male,Espanyol,Barcelona,elite,authoritative_rolling_origin_primary,1,142,C-Hybrid-full,0,0,0.1047406941652298,0.4802449643611908
3825714,2016-01-02,11,La Liga,27,male,Atlético Madrid,Levante UD,elite,authoritative_rolling_origin_primary,1,142,C-Hybrid-full,1,0,0.16245990991592407,0.4802449643611908
3825715,2016-01-02,11,La Liga,27,male,Málaga,Celta Vigo,elite,authoritative_rolling_origin_primary,1,142,C-Hybrid-full,1,1,0.8714203834533691,0.4802449643611908
3825716,2016-01-03,11,La Liga,27,male,Rayo Vallecano,Real Sociedad,elite,authoritative_rolling_origin_primary,1,142,C-Hybrid-full,0,0,0.11074940860271454,0.4802449643611908
3825717,2016-01-03,11,La Liga,27,male,Granada,Sevilla,elite,authoritative_rolling_origin_primary,1,142,C-Hybrid-full,1,1,0.6692126393318176,0.4802449643611908
3825718,2016-01-03,11,La Liga,27,male,Valencia,Real Madrid,elite,authoritative_rolling_origin_primary,1,142,C-Hybrid-full,0,1,0.6051765084266663,0.4802449643611908
3825719,2016-01-03,11,La Liga,27,male,Athletic Club,Las Palmas,elite,authoritative_rolling_origin_primary,1,142,C-Hybrid-full,0,0,0.3107924163341522,0.4802449643611908
3825720,2016-01-03,11,La Liga,27,male,Real Betis,Eibar,elite,authoritative_rolling_origin_primary,1,142,C-Hybrid-full,0,1,0.5698918104171753,0.4802449643611908
3825721,2016-01-03,11,La Liga,27,male,RC Deportivo La Coruña,Villarreal,elite,authoritative_rolling_origin_primary,1,142,C-Hybrid-full,0,0,0.4707796275615692,0.4802449643611908
3825722,2016-01-04,11,La Liga,27,male,Sporting Gijón,Getafe,elite,authoritative_rolling_origin_primary,1,142,C-Hybrid-full,0,1,0.5571452379226685,0.4802449643611908
266620,2016-01-09,11,La Liga,27,male,Barcelona,Granada,elite,authoritative_rolling_origin_primary,1,142,C-Hybrid-full,1,1,0.9684536457061768,0.4802449643611908
3825723,2016-01-09,11,La Liga,27,male,Levante UD,Rayo Vallecano,elite,authoritative_rolling_origin_primary,1,142,C-Hybrid-full,1,0,0.306546688079834,0.4802449643611908
3825724,2016-01-09,11,La Liga,27,male,Real Madrid,RC Deportivo La Coruña,elite,authoritative_rolling_origin_primary,1,142,C-Hybrid-full,1,1,0.6007734537124634,0.4802449643611908
3825725,2016-01-09,11,La Liga,27,male,Getafe,Real Betis,elite,authoritative_rolling_origin_primary,1,142,C-Hybrid-full,1,0,0.49569112062454224,0.4802449643611908
3825726,2016-01-09,11,La Liga,27,male,Sevilla,Athletic Club,elite,authoritative_rolling_origin_primary,1,142,C-Hybrid-full,1,0,0.4259881377220154,0.4802449643611908
3825727,2016-01-10,11,La Liga,27,male,Eibar,Espanyol,elite,authoritative_rolling_origin_primary,1,142,C-Hybrid-full,1,1,0.7124715447425842,0.4802449643611908
3825728,2016-01-10,11,La Liga,27,male,Celta Vigo,Atlético Madrid,elite,authoritative_rolling_origin_primary,1,142,C-Hybrid-full,0,0,0.11368262767791748,0.4802449643611908
3825729,2016-01-10,11,La Liga,27,male,Villarreal,Sporting Gijón,elite,authoritative_rolling_origin_primary,1,142,C-Hybrid-full,1,0,0.3586231768131256,0.4802449643611908
3825730,2016-01-10,11,La Liga,27,male,Real Sociedad,Valencia,elite,authoritative_rolling_origin_primary,1,142,C-Hybrid-full,1,0,0.31035563349723816,0.4802449643611908
3825731,2016-01-10,11,La Liga,27,male,Las Palmas,Málaga,elite,authoritative_rolling_origin_primary,1,142,C-Hybrid-full,0,0,0.18243275582790375,0.4802449643611908
3825732,2016-01-16,11,La Liga,27,male,Celta Vigo,Levante UD,elite,authoritative_rolling_origin_primary,1,142,C-Hybrid-full,1,1,0.8983510136604309,0.4802449643611908
3825733,2016-01-16,11,La Liga,27,male,Sevilla,Málaga,elite,authoritative_rolling_origin_primary,1,142,C-Hybrid-full,1,1,0.5428804755210876,0.4802449643611908
3825734,2016-01-16,11,La Liga,27,male,Real Sociedad,RC Deportivo La Coruña,elite,authoritative_rolling_origin_primary,1,142,C-Hybrid-full,0,1,0.99355149269104,0.4802449643611908
3825735,2016-01-16,11,La Liga,27,male,Villarreal,Real Betis,elite,authoritative_rolling_origin_primary,1,142,C-Hybrid-full,0,0,0.33993586897850037,0.4802449643611908
266149,2016-01-17,11,La Liga,27,male,Barcelona,Athletic Club,elite,authoritative_rolling_origin_primary,1,142,C-Hybrid-full,1,0,0.3753325045108795,0.4802449643611908
3825736,2016-01-17,11,La Liga,27,male,Valencia,Rayo Vallecano,elite,authoritative_rolling_origin_primary,1,142,C-Hybrid-full,0,0,0.30127671360969543,0.4802449643611908
3825737,2016-01-17,11,La Liga,27,male,Getafe,Espanyol,elite,authoritative_rolling_origin_primary,1,142,C-Hybrid-full,1,1,0.8535164594650269,0.4802449643611908
3825738,2016-01-17,11,La Liga,27,male,Las Palmas,Atlético Madrid,elite,authoritative_rolling_origin_primary,1,142,C-Hybrid-full,0,0,0.10788320004940033,0.4802449643611908
3825739,2016-01-17,11,La Liga,27,male,Real Madrid,Sporting Gijón,elite,authoritative_rolling_origin_primary,1,142,C-Hybrid-full,1,1,0.7968975305557251,0.4802449643611908
3825740,2016-01-18,11,La Liga,27,male,Eibar,Granada,elite,authoritative_rolling_origin_primary,1,142,C-Hybrid-full,1,1,0.8421486616134644,0.4802449643611908
3825741,2016-01-22,11,La Liga,27,male,Sporting Gijón,Real Sociedad,elite,authoritative_rolling_origin_primary,1,142,C-Hybrid-full,1,1,0.9995691180229187,0.4802449643611908
265894,2016-01-23,11,La Liga,27,male,Málaga,Barcelona,elite,authoritative_rolling_origin_primary,1,142,C-Hybrid-full,0,0,0.15421730279922485,0.4802449643611908
3825742,2016-01-23,11,La Liga,27,male,Granada,Getafe,elite,authoritative_rolling_origin_primary,1,142,C-Hybrid-full,1,1,0.7157682776451111,0.4802449643611908
3825743,2016-01-23,11,La Liga,27,male,Rayo Vallecano,Celta Vigo,elite,authoritative_rolling_origin_primary,1,142,C-Hybrid-full,1,1,0.8608893156051636,0.4802449643611908
3825744,2016-01-23,11,La Liga,27,male,Espanyol,Villarreal,elite,authoritative_rolling_origin_primary,1,142,C-Hybrid-full,0,0,0.33473634719848633,0.4802449643611908
3825745,2016-01-24,11,La Liga,27,male,RC Deportivo La Coruña,Valencia,elite,authoritative_rolling_origin_primary,1,142,C-Hybrid-full,0,1,0.963508129119873,0.4802449643611908
3825746,2016-01-24,11,La Liga,27,male,Real Betis,Real Madrid,elite,authoritative_rolling_origin_primary,1,142,C-Hybrid-full,0,0,0.03802630305290222,0.4802449643611908
3825747,2016-01-24,11,La Liga,27,male,Athletic Club,Eibar,elite,authoritative_rolling_origin_primary,1,142,C-Hybrid-full,1,0,0.19274871051311493,0.4802449643611908
3825748,2016-01-24,11,La Liga,27,male,Atlético Madrid,Sevilla,elite,authoritative_rolling_origin_primary,1,142,C-Hybrid-full,0,0,0.2799091637134552,0.4802449643611908
3825749,2016-01-25,11,La Liga,27,male,Levante UD,Las Palmas,elite,authoritative_rolling_origin_primary,1,142,C-Hybrid-full,1,0,0.4031243622303009,0.4802449643611908
267576,2016-01-30,11,La Liga,27,male,Barcelona,Atlético Madrid,elite,authoritative_rolling_origin_primary,1,142,C-Hybrid-full,1,1,0.596049427986145,0.4802449643611908
3825750,2016-01-30,11,La Liga,27,male,Real Sociedad,Real Betis,elite,authoritative_rolling_origin_primary,1,142,C-Hybrid-full,1,0,0.14165593683719635,0.4802449643611908
3825751,2016-01-30,11,La Liga,27,male,Getafe,Athletic Club,elite,authoritative_rolling_origin_primary,1,142,C-Hybrid-full,0,0,0.3996676206588745,0.4802449643611908
3825752,2016-01-30,11,La Liga,27,male,Eibar,Málaga,elite,authoritative_rolling_origin_primary,1,142,C-Hybrid-full,0,0,0.23789197206497192,0.4802449643611908
3825753,2016-01-30,11,La Liga,27,male,Villarreal,Granada,elite,authoritative_rolling_origin_primary,1,142,C-Hybrid-full,1,1,0.7979775667190552,0.4802449643611908
3825754,2016-01-31,11,La Liga,27,male,Las Palmas,Celta Vigo,elite,authoritative_rolling_origin_primary,1,142,C-Hybrid-full,1,1,0.5609283447265625,0.4802449643611908
3825755,2016-01-31,11,La Liga,27,male,Valencia,Sporting Gijón,elite,authoritative_rolling_origin_primary,1,142,C-Hybrid-full,0,1,0.8413165211677551,0.4802449643611908
3825756,2016-01-31,11,La Liga,27,male,Sevilla,Levante UD,elite,authoritative_rolling_origin_primary,1,142,C-Hybrid-full,1,1,0.817198634147644,0.4802449643611908
3825757,2016-01-31,11,La Liga,27,male,Real Madrid,Espanyol,elite,authoritative_rolling_origin_primary,1,142,C-Hybrid-full,1,1,0.9985727071762085,0.4802449643611908
3825758,2016-02-01,11,La Liga,27,male,RC Deportivo La Coruña,Rayo Vallecano,elite,authoritative_rolling_origin_primary,1,142,C-Hybrid-full,0,0,0.14761677384376526,0.4802449643611908
3825759,2016-02-05,11,La Liga,27,male,Málaga,Getafe,elite,authoritative_rolling_origin_primary,1,142,C-Hybrid-full,1,1,0.9055998921394348,0.4802449643611908
3825760,2016-02-06,11,La Liga,27,male,Atlético Madrid,Eibar,elite,authoritative_rolling_origin_primary,1,142,C-Hybrid-full,1,0,0.06424027681350708,0.4802449643611908
3825761,2016-02-06,11,La Liga,27,male,Athletic Club,Villarreal,elite,authoritative_rolling_origin_primary,1,142,C-Hybrid-full,0,0,0.07240616530179977,0.4802449643611908
3825762,2016-02-06,11,La Liga,27,male,Sporting Gijón,RC Deportivo La Coruña,elite,authoritative_rolling_origin_primary,1,142,C-Hybrid-full,0,0,0.2957102954387665,0.4802449643611908
3825763,2016-02-06,11,La Liga,27,male,Rayo Vallecano,Las Palmas,elite,authoritative_rolling_origin_primary,1,142,C-Hybrid-full,1,1,0.9393069744110107,0.4802449643611908
266160,2016-02-07,11,La Liga,27,male,Levante UD,Barcelona,elite,authoritative_rolling_origin_primary,1,142,C-Hybrid-full,0,0,0.24776650965213776,0.4802449643611908
3825764,2016-02-07,11,La Liga,27,male,Granada,Real Madrid,elite,authoritative_rolling_origin_primary,1,142,C-Hybrid-full,0,0,0.17204861342906952,0.4802449643611908
3825765,2016-02-07,11,La Liga,27,male,Celta Vigo,Sevilla,elite,authoritative_rolling_origin_primary,1,142,C-Hybrid-full,0,0,0.2085479199886322,0.4802449643611908
3825766,2016-02-07,11,La Liga,27,male,Real Betis,Valencia,elite,authoritative_rolling_origin_primary,1,142,C-Hybrid-full,1,0,0.10084383189678192,0.4802449643611908
3825767,2016-02-08,11,La Liga,27,male,Espanyol,Real Sociedad,elite,authoritative_rolling_origin_primary,1,142,C-Hybrid-full,0,0,0.21756495535373688,0.4802449643611908
3825768,2016-02-12,11,La Liga,27,male,Sporting Gijón,Rayo Vallecano,elite,authoritative_rolling_origin_primary,1,142,C-Hybrid-full,0,1,0.6288496851921082,0.4802449643611908
3825769,2016-02-13,11,La Liga,27,male,Villarreal,Málaga,elite,authoritative_rolling_origin_primary,1,142,C-Hybrid-full,1,0,0.2753414809703827,0.4802449643611908
3825770,2016-02-13,11,La Liga,27,male,Real Madrid,Athletic Club,elite,authoritative_rolling_origin_primary,1,142,C-Hybrid-full,1,1,0.8648008704185486,0.4802449643611908
3825771,2016-02-13,11,La Liga,27,male,RC Deportivo La Coruña,Real Betis,elite,authoritative_rolling_origin_primary,1,142,C-Hybrid-full,0,1,0.5841522216796875,0.4802449643611908
3825772,2016-02-13,11,La Liga,27,male,Valencia,Espanyol,elite,authoritative_rolling_origin_primary,1,142,C-Hybrid-full,1,0,0.16728009283542633,0.4802449643611908
266254,2016-02-14,11,La Liga,27,male,Barcelona,Celta Vigo,elite,authoritative_rolling_origin_primary,1,142,C-Hybrid-full,1,1,0.9874562621116638,0.4802449643611908
3825773,2016-02-14,11,La Liga,27,male,Eibar,Levante UD,elite,authoritative_rolling_origin_primary,1,142,C-Hybrid-full,1,1,0.5826583504676819,0.4802449643611908
3825774,2016-02-14,11,La Liga,27,male,Getafe,Atlético Madrid,elite,authoritative_rolling_origin_primary,1,142,C-Hybrid-full,0,0,0.09945514053106308,0.4802449643611908
3825775,2016-02-14,11,La Liga,27,male,Real Sociedad,Granada,elite,authoritative_rolling_origin_primary,1,142,C-Hybrid-full,1,1,0.9390721917152405,0.4802449643611908
3825776,2016-02-14,11,La Liga,27,male,Sevilla,Las Palmas,elite,authoritative_rolling_origin_primary,1,142,C-Hybrid-full,1,0,0.275982528924942,0.4802449643611908
266815,2016-02-17,11,La Liga,27,male,Sporting Gijón,Barcelona,elite,authoritative_rolling_origin_primary,1,142,C-Hybrid-full,0,0,0.16503272950649261,0.4802449643611908
3825777,2016-02-19,11,La Liga,27,male,Levante UD,Getafe,elite,authoritative_rolling_origin_primary,1,142,C-Hybrid-full,1,1,0.8238962292671204,0.4802449643611908
267273,2016-02-20,11,La Liga,27,male,Las Palmas,Barcelona,elite,authoritative_rolling_origin_primary,1,142,C-Hybrid-full,0,0,0.43537479639053345,0.4802449643611908
3825778,2016-02-20,11,La Liga,27,male,Real Betis,Sporting Gijón,elite,authoritative_rolling_origin_primary,1,142,C-Hybrid-full,0,0,0.2992067337036133,0.4802449643611908
3825779,2016-02-20,11,La Liga,27,male,Celta Vigo,Eibar,elite,authoritative_rolling_origin_primary,1,142,C-Hybrid-full,1,1,0.509765088558197,0.4802449643611908
3825780,2016-02-20,11,La Liga,27,male,Espanyol,RC Deportivo La Coruña,elite,authoritative_rolling_origin_primary,1,142,C-Hybrid-full,1,0,0.159165620803833,0.4802449643611908
3825781,2016-02-21,11,La Liga,27,male,Rayo Vallecano,Sevilla,elite,authoritative_rolling_origin_primary,1,142,C-Hybrid-full,0,0,0.4250028133392334,0.4802449643611908
3825782,2016-02-21,11,La Liga,27,male,Granada,Valencia,elite,authoritative_rolling_origin_primary,1,142,C-Hybrid-full,0,0,0.08971988409757614,0.4802449643611908
3825783,2016-02-21,11,La Liga,27,male,Athletic Club,Real Sociedad,elite,authoritative_rolling_origin_primary,1,142,C-Hybrid-full,0,0,0.04457370564341545,0.4802449643611908
3825784,2016-02-21,11,La Liga,27,male,Atlético Madrid,Villarreal,elite,authoritative_rolling_origin_primary,1,142,C-Hybrid-full,0,0,0.10814309120178223,0.4802449643611908
3825785,2016-02-21,11,La Liga,27,male,Málaga,Real Madrid,elite,authoritative_rolling_origin_primary,1,142,C-Hybrid-full,0,1,0.5971218347549438,0.4802449643611908
3825786,2016-02-26,11,La Liga,27,male,Eibar,Las Palmas,elite,authoritative_rolling_origin_primary,1,142,C-Hybrid-full,0,0,0.18250863254070282,0.4802449643611908
3825787,2016-02-27,11,La Liga,27,male,Real Madrid,Atlético Madrid,elite,authoritative_rolling_origin_primary,2,242,A-XGB,0,1,0.7188318967819214,
3825788,2016-02-27,11,La Liga,27,male,Getafe,Celta Vigo,elite,authoritative_rolling_origin_primary,2,242,A-XGB,0,1,0.6179925799369812,
3825789,2016-02-27,11,La Liga,27,male,Real Sociedad,Málaga,elite,authoritative_rolling_origin_primary,2,242,A-XGB,0,1,0.5631836652755737,
3825790,2016-02-27,11,La Liga,27,male,Sporting Gijón,Espanyol,elite,authoritative_rolling_origin_primary,2,242,A-XGB,0,0,0.33555838465690613,
3825791,2016-02-27,11,La Liga,27,male,Real Betis,Rayo Vallecano,elite,authoritative_rolling_origin_primary,2,242,A-XGB,0,1,0.6627370119094849,
265839,2016-02-28,11,La Liga,27,male,Barcelona,Sevilla,elite,authoritative_rolling_origin_primary,2,242,A-XGB,1,1,0.8219053745269775,
3825792,2016-02-28,11,La Liga,27,male,RC Deportivo La Coruña,Granada,elite,authoritative_rolling_origin_primary,2,242,A-XGB,0,1,0.769338071346283,
3825793,2016-02-28,11,La Liga,27,male,Valencia,Athletic Club,elite,authoritative_rolling_origin_primary,2,242,A-XGB,0,1,0.767374575138092,
3825794,2016-02-28,11,La Liga,27,male,Villarreal,Levante UD,elite,authoritative_rolling_origin_primary,2,242,A-XGB,1,0,0.4932635724544525,
3825795,2016-03-01,11,La Liga,27,male,Atlético Madrid,Real Sociedad,elite,authoritative_rolling_origin_primary,2,242,A-XGB,1,0,0.43317586183547974,
3825796,2016-03-01,11,La Liga,27,male,Las Palmas,Getafe,elite,authoritative_rolling_origin_primary,2,242,A-XGB,1,0,0.24419061839580536,
3825797,2016-03-02,11,La Liga,27,male,Athletic Club,RC Deportivo La Coruña,elite,authoritative_rolling_origin_primary,2,242,A-XGB,1,1,0.6158915758132935,
3825798,2016-03-02,11,La Liga,27,male,Levante UD,Real Madrid,elite,authoritative_rolling_origin_primary,2,242,A-XGB,0,1,0.622830331325531,
3825799,2016-03-02,11,La Liga,27,male,Málaga,Valencia,elite,authoritative_rolling_origin_primary,2,242,A-XGB,0,0,0.3981102406978607,
3825800,2016-03-02,11,La Liga,27,male,Celta Vigo,Villarreal,elite,authoritative_rolling_origin_primary,2,242,A-XGB,0,0,0.46224245429039,
3825801,2016-03-02,11,La Liga,27,male,Sevilla,Eibar,elite,authoritative_rolling_origin_primary,2,242,A-XGB,1,1,0.6536149382591248,
266653,2016-03-03,11,La Liga,27,male,Rayo Vallecano,Barcelona,elite,authoritative_rolling_origin_primary,2,242,A-XGB,0,0,0.18139293789863586,
3825802,2016-03-03,11,La Liga,27,male,Espanyol,Real Betis,elite,authoritative_rolling_origin_primary,2,242,A-XGB,0,1,0.8301792144775391,
3825803,2016-03-03,11,La Liga,27,male,Granada,Sporting Gijón,elite,authoritative_rolling_origin_primary,2,242,A-XGB,1,1,0.938649594783783,
3825804,2016-03-05,11,La Liga,27,male,RC Deportivo La Coruña,Málaga,elite,authoritative_rolling_origin_primary,2,242,A-XGB,0,1,0.6411156058311462,
3825805,2016-03-05,11,La Liga,27,male,Villarreal,Las Palmas,elite,authoritative_rolling_origin_primary,2,242,A-XGB,0,0,0.10237819701433182,
3825806,2016-03-05,11,La Liga,27,male,Real Madrid,Celta Vigo,elite,authoritative_rolling_origin_primary,2,242,A-XGB,1,1,0.5046927332878113,
3825867,2016-03-05,11,La Liga,27,male,Getafe,Sevilla,elite,authoritative_rolling_origin_primary,2,242,A-XGB,0,0,0.4367985725402832,
266056,2016-03-06,11,La Liga,27,male,Eibar,Barcelona,elite,authoritative_rolling_origin_primary,2,242,A-XGB,0,0,0.0953437089920044,
3825807,2016-03-06,11,La Liga,27,male,Valencia,Atlético Madrid,elite,authoritative_rolling_origin_primary,2,242,A-XGB,0,0,0.060540374368429184,
3825808,2016-03-06,11,La Liga,27,male,Sporting Gijón,Athletic Club,elite,authoritative_rolling_origin_primary,2,242,A-XGB,0,0,0.11128335446119308,
3825809,2016-03-06,11,La Liga,27,male,Real Betis,Granada,elite,authoritative_rolling_origin_primary,2,242,A-XGB,1,1,0.5746279358863831,
3825810,2016-03-06,11,La Liga,27,male,Real Sociedad,Levante UD,elite,authoritative_rolling_origin_primary,2,242,A-XGB,0,0,0.4815727472305298,
3825811,2016-03-07,11,La Liga,27,male,Espanyol,Rayo Vallecano,elite,authoritative_rolling_origin_primary,2,242,A-XGB,1,0,0.36357033252716064,
3825812,2016-03-11,11,La Liga,27,male,Málaga,Sporting Gijón,elite,authoritative_rolling_origin_primary,2,242,A-XGB,1,1,0.8692474365234375,
266498,2016-03-12,11,La Liga,27,male,Barcelona,Getafe,elite,authoritative_rolling_origin_primary,2,242,A-XGB,1,1,0.8926647305488586,
3825813,2016-03-12,11,La Liga,27,male,Atlético Madrid,RC Deportivo La Coruña,elite,authoritative_rolling_origin_primary,2,242,A-XGB,1,1,0.7278967499732971,
3825814,2016-03-12,11,La Liga,27,male,Celta Vigo,Real Sociedad,elite,authoritative_rolling_origin_primary,2,242,A-XGB,1,0,0.20949497818946838,
3825858,2016-03-12,11,La Liga,27,male,Rayo Vallecano,Eibar,elite,authoritative_rolling_origin_primary,2,242,A-XGB,0,1,0.7466623783111572,
3825815,2016-03-13,11,La Liga,27,male,Levante UD,Valencia,elite,authoritative_rolling_origin_primary,2,242,A-XGB,1,0,0.2750891447067261,
3825816,2016-03-13,11,La Liga,27,male,Sevilla,Villarreal,elite,authoritative_rolling_origin_primary,2,242,A-XGB,1,1,0.6676633954048157,
3825844,2016-03-13,11,La Liga,27,male,Athletic Club,Real Betis,elite,authoritative_rolling_origin_primary,2,242,A-XGB,1,1,0.9236510396003723,
3825879,2016-03-13,11,La Liga,27,male,Las Palmas,Real Madrid,elite,authoritative_rolling_origin_primary,2,242,A-XGB,0,0,0.46288371086120605,
3825881,2016-03-14,11,La Liga,27,male,Granada,Espanyol,elite,authoritative_rolling_origin_primary,2,242,A-XGB,0,1,0.7093898057937622,
3825817,2016-03-18,11,La Liga,27,male,Getafe,Eibar,elite,authoritative_rolling_origin_primary,2,242,A-XGB,0,1,0.6318904757499695,
3825818,2016-03-19,11,La Liga,27,male,Real Sociedad,Las Palmas,elite,authoritative_rolling_origin_primary,2,242,A-XGB,0,0,0.18643686175346375,
3825880,2016-03-19,11,La Liga,27,male,RC Deportivo La Coruña,Levante UD,elite,authoritative_rolling_origin_primary,2,242,A-XGB,1,1,0.6799481511116028,
3825887,2016-03-19,11,La Liga,27,male,Granada,Rayo Vallecano,elite,authoritative_rolling_origin_primary,2,242,A-XGB,0,1,0.9353847503662109,
3825903,2016-03-19,11,La Liga,27,male,Real Betis,Málaga,elite,authoritative_rolling_origin_primary,2,242,A-XGB,0,0,0.4183952510356903,
3825907,2016-03-19,11,La Liga,27,male,Sporting Gijón,Atlético Madrid,elite,authoritative_rolling_origin_primary,2,242,A-XGB,1,0,0.03209711238741875,
266106,2016-03-20,11,La Liga,27,male,Villarreal,Barcelona,elite,authoritative_rolling_origin_primary,2,242,A-XGB,0,0,0.08878950774669647,
3825819,2016-03-20,11,La Liga,27,male,Valencia,Celta Vigo,elite,authoritative_rolling_origin_primary,2,242,A-XGB,0,1,0.8417544364929199,
3825820,2016-03-20,11,La Liga,27,male,Real Madrid,Sevilla,elite,authoritative_rolling_origin_primary,2,242,A-XGB,1,1,0.8369240760803223,
3825821,2016-03-20,11,La Liga,27,male,Espanyol,Athletic Club,elite,authoritative_rolling_origin_primary,2,242,A-XGB,1,0,0.27621549367904663,
3825885,2016-04-01,11,La Liga,27,male,Rayo Vallecano,Getafe,elite,authoritative_rolling_origin_primary,2,242,A-XGB,1,1,0.6408562064170837,
267533,2016-04-02,11,La Liga,27,male,Barcelona,Real Madrid,elite,authoritative_rolling_origin_primary,2,242,A-XGB,0,1,0.7318418025970459,
3825822,2016-04-02,11,La Liga,27,male,Las Palmas,Valencia,elite,authoritative_rolling_origin_primary,2,242,A-XGB,1,1,0.6125004887580872,
3825872,2016-04-02,11,La Liga,27,male,Atlético Madrid,Real Betis,elite,authoritative_rolling_origin_primary,2,242,A-XGB,1,1,0.7046045660972595,
3825898,2016-04-02,11,La Liga,27,male,Celta Vigo,RC Deportivo La Coruña,elite,authoritative_rolling_origin_primary,2,242,A-XGB,0,0,0.22833018004894257,
3825823,2016-04-03,11,La Liga,27,male,Sevilla,Real Sociedad,elite,authoritative_rolling_origin_primary,2,242,A-XGB,0,0,0.052496157586574554,
3825824,2016-04-03,11,La Liga,27,male,Eibar,Villarreal,elite,authoritative_rolling_origin_primary,2,242,A-XGB,0,0,0.4682658314704895,
3825877,2016-04-03,11,La Liga,27,male,Athletic Club,Granada,elite,authoritative_rolling_origin_primary,2,242,A-XGB,0,1,0.9691007733345032,
3825905,2016-04-03,11,La Liga,27,male,Málaga,Espanyol,elite,authoritative_rolling_origin_primary,2,242,A-XGB,0,0,0.0507400780916214,
3825825,2016-04-04,11,La Liga,27,male,Levante UD,Sporting Gijón,elite,authoritative_rolling_origin_primary,2,242,A-XGB,0,0,0.24431660771369934,
3825826,2016-04-08,11,La Liga,27,male,Granada,Málaga,elite,authoritative_rolling_origin_primary,2,242,A-XGB,0,0,0.05952632799744606,
266664,2016-04-09,11,La Liga,27,male,Real Sociedad,Barcelona,elite,authoritative_rolling_origin_primary,2,242,A-XGB,1,1,0.6888201832771301,
3825827,2016-04-09,11,La Liga,27,male,Real Betis,Levante UD,elite,authoritative_rolling_origin_primary,2,242,A-XGB,1,0,0.20369447767734528,
3825828,2016-04-09,11,La Liga,27,male,Espanyol,Atlético Madrid,elite,authoritative_rolling_origin_primary,2,242,A-XGB,0,0,0.2659621834754944,
3825856,2016-04-09,11,La Liga,27,male,Real Madrid,Eibar,elite,authoritative_rolling_origin_primary,2,242,A-XGB,1,1,0.9007021188735962,
3825829,2016-04-10,11,La Liga,27,male,Athletic Club,Rayo Vallecano,elite,authoritative_rolling_origin_primary,2,242,A-XGB,1,0,0.25779977440834045,
3825830,2016-04-10,11,La Liga,27,male,Villarreal,Getafe,elite,authoritative_rolling_origin_primary,2,242,A-XGB,1,1,0.9261079430580139,
3825831,2016-04-10,11,La Liga,27,male,Valencia,Sevilla,elite,authoritative_rolling_origin_primary,2,242,A-XGB,1,0,0.29079288244247437,
3825832,2016-04-10,11,La Liga,27,male,Sporting Gijón,Celta Vigo,elite,authoritative_rolling_origin_primary,2,242,A-XGB,0,0,0.45634666085243225,
3825863,2016-04-11,11,La Liga,27,male,RC Deportivo La Coruña,Las Palmas,elite,authoritative_rolling_origin_primary,2,242,A-XGB,0,0,0.0895303264260292,
3825857,2016-04-15,11,La Liga,27,male,Levante UD,Espanyol,elite,authoritative_rolling_origin_primary,2,242,A-XGB,1,0,0.31092917919158936,
3825833,2016-04-16,11,La Liga,27,male,Getafe,Real Madrid,elite,authoritative_rolling_origin_primary,2,242,A-XGB,0,0,0.07200684398412704,
3825852,2016-04-16,11,La Liga,27,male,Las Palmas,Sporting Gijón,elite,authoritative_rolling_origin_primary,2,242,A-XGB,0,1,0.8567788004875183,
3825889,2016-04-16,11,La Liga,27,male,Celta Vigo,Real Betis,elite,authoritative_rolling_origin_primary,2,242,A-XGB,0,1,0.7381038665771484,
3825897,2016-04-16,11,La Liga,27,male,Eibar,Real Sociedad,elite,authoritative_rolling_origin_primary,2,242,A-XGB,1,1,0.5780885219573975,
266557,2016-04-17,11,La Liga,27,male,Barcelona,Valencia,elite,authoritative_rolling_origin_primary,2,242,A-XGB,0,1,0.6354004740715027,
3825834,2016-04-17,11,La Liga,27,male,Atlético Madrid,Granada,elite,authoritative_rolling_origin_primary,2,242,A-XGB,1,1,0.6856421828269958,
3825835,2016-04-17,11,La Liga,27,male,Málaga,Athletic Club,elite,authoritative_rolling_origin_primary,2,242,A-XGB,0,1,0.734444260597229,
3825836,2016-04-17,11,La Liga,27,male,Rayo Vallecano,Villarreal,elite,authoritative_rolling_origin_primary,2,242,A-XGB,1,1,0.8964382410049438,
3825906,2016-04-17,11,La Liga,27,male,Sevilla,RC Deportivo La Coruña,elite,authoritative_rolling_origin_primary,2,242,A-XGB,0,0,0.11544109135866165,
3825837,2016-04-19,11,La Liga,27,male,Real Betis,Las Palmas,elite,authoritative_rolling_origin_primary,2,242,A-XGB,1,0,0.18999841809272766,
3825862,2016-04-19,11,La Liga,27,male,Espanyol,Celta Vigo,elite,authoritative_rolling_origin_primary,2,242,A-XGB,0,0,0.08428891003131866,
266310,2016-04-20,11,La Liga,27,male,RC Deportivo La Coruña,Barcelona,elite,authoritative_rolling_origin_primary,2,242,A-XGB,0,0,0.4306453466415405,
3825838,2016-04-20,11,La Liga,27,male,Athletic Club,Atlético Madrid,elite,authoritative_rolling_origin_primary,2,242,A-XGB,0,0,0.1789442002773285,
3825839,2016-04-20,11,La Liga,27,male,Sporting Gijón,Sevilla,elite,authoritative_rolling_origin_primary,2,242,A-XGB,1,1,0.5740435719490051,
3825840,2016-04-20,11,La Liga,27,male,Valencia,Eibar,elite,authoritative_rolling_origin_primary,2,242,A-XGB,1,0,0.49501749873161316,
3825843,2016-04-20,11,La Liga,27,male,Málaga,Rayo Vallecano,elite,authoritative_rolling_origin_primary,2,242,A-XGB,0,1,0.603369951248169,
3825893,2016-04-20,11,La Liga,27,male,Real Madrid,Villarreal,elite,authoritative_rolling_origin_primary,2,242,A-XGB,1,1,0.8237571120262146,
3825841,2016-04-21,11,La Liga,27,male,Real Sociedad,Getafe,elite,authoritative_rolling_origin_primary,2,242,A-XGB,0,1,0.8265143036842346,
3825896,2016-04-21,11,La Liga,27,male,Granada,Levante UD,elite,authoritative_rolling_origin_primary,2,242,A-XGB,1,0,0.20194227993488312,
3825871,2016-04-22,11,La Liga,27,male,Las Palmas,Espanyol,elite,authoritative_rolling_origin_primary,2,242,A-XGB,1,0,0.19113004207611084,
265944,2016-04-23,11,La Liga,27,male,Barcelona,Sporting Gijón,elite,authoritative_rolling_origin_primary,2,242,A-XGB,1,1,0.8223076462745667,
3825847,2016-04-23,11,La Liga,27,male,Eibar,RC Deportivo La Coruña,elite,authoritative_rolling_origin_primary,2,242,A-XGB,0,1,0.5824068784713745,
3825886,2016-04-23,11,La Liga,27,male,Rayo Vallecano,Real Madrid,elite,authoritative_rolling_origin_primary,2,242,A-XGB,0,0,0.1414814293384552,
3825890,2016-04-23,11,La Liga,27,male,Atlético Madrid,Málaga,elite,authoritative_rolling_origin_primary,2,242,A-XGB,1,0,0.13873440027236938,
3825842,2016-04-24,11,La Liga,27,male,Levante UD,Athletic Club,elite,authoritative_rolling_origin_primary,2,242,A-XGB,0,1,0.5002384781837463,
3825875,2016-04-24,11,La Liga,27,male,Villarreal,Real Sociedad,elite,authoritative_rolling_origin_primary,2,242,A-XGB,0,1,0.593866765499115,
3825884,2016-04-24,11,La Liga,27,male,Sevilla,Real Betis,elite,authoritative_rolling_origin_primary,2,242,A-XGB,1,1,0.774370551109314,
3825899,2016-04-24,11,La Liga,27,male,Getafe,Valencia,elite,authoritative_rolling_origin_primary,2,242,A-XGB,0,0,0.3383786380290985,
3825868,2016-04-25,11,La Liga,27,male,Celta Vigo,Granada,elite,authoritative_rolling_origin_primary,2,242,A-XGB,1,1,0.6795751452445984,
3825854,2016-04-29,11,La Liga,27,male,Sporting Gijón,Eibar,elite,authoritative_rolling_origin_primary,2,242,A-XGB,1,0,0.06993786990642548,
266986,2016-04-30,11,La Liga,27,male,Real Betis,Barcelona,elite,authoritative_rolling_origin_primary,2,242,A-XGB,0,0,0.42069077491760254,
3825859,2016-04-30,11,La Liga,27,male,Granada,Las Palmas,elite,authoritative_rolling_origin_primary,2,242,A-XGB,1,1,0.6053452491760254,
3825864,2016-04-30,11,La Liga,27,male,Real Sociedad,Real Madrid,elite,authoritative_rolling_origin_primary,2,242,A-XGB,0,1,0.7465718388557434,
3825878,2016-04-30,11,La Liga,27,male,Atlético Madrid,Rayo Vallecano,elite,authoritative_rolling_origin_primary,2,242,A-XGB,1,0,0.21709710359573364,
3825845,2016-05-01,11,La Liga,27,male,Espanyol,Sevilla,elite,authoritative_rolling_origin_primary,2,242,A-XGB,1,0,0.10006022453308105,
3825870,2016-05-01,11,La Liga,27,male,Athletic Club,Celta Vigo,elite,authoritative_rolling_origin_primary,2,242,A-XGB,1,1,0.7971611618995667,
3825873,2016-05-01,11,La Liga,27,male,Valencia,Villarreal,elite,authoritative_rolling_origin_primary,2,242,A-XGB,0,0,0.35686326026916504,
3825894,2016-05-01,11,La Liga,27,male,RC Deportivo La Coruña,Getafe,elite,authoritative_rolling_origin_primary,2,242,A-XGB,0,0,0.48878195881843567,
3825855,2016-05-02,11,La Liga,27,male,Málaga,Levante UD,elite,authoritative_rolling_origin_primary,2,242,A-XGB,1,0,0.4086126387119293,
265958,2016-05-08,11,La Liga,27,male,Barcelona,Espanyol,elite,authoritative_rolling_origin_primary,2,242,A-XGB,1,1,0.9756655097007751,
3825850,2016-05-08,11,La Liga,27,male,Celta Vigo,Málaga,elite,authoritative_rolling_origin_primary,2,242,A-XGB,1,0,0.13896562159061432,
3825851,2016-05-08,11,La Liga,27,male,Villarreal,RC Deportivo La Coruña,elite,authoritative_rolling_origin_primary,2,242,A-XGB,0,0,0.3368925452232361,
3825853,2016-05-08,11,La Liga,27,male,Sevilla,Granada,elite,authoritative_rolling_origin_primary,2,242,A-XGB,0,1,0.621141254901886,
3825860,2016-05-08,11,La Liga,27,male,Levante UD,Atlético Madrid,elite,authoritative_rolling_origin_primary,2,242,A-XGB,1,0,0.19066040217876434,
3825861,2016-05-08,11,La Liga,27,male,Real Sociedad,Rayo Vallecano,elite,authoritative_rolling_origin_primary,2,242,A-XGB,1,1,0.6358822584152222,
3825865,2016-05-08,11,La Liga,27,male,Getafe,Sporting Gijón,elite,authoritative_rolling_origin_primary,2,242,A-XGB,0,1,0.9839089512825012,
3825866,2016-05-08,11,La Liga,27,male,Las Palmas,Athletic Club,elite,authoritative_rolling_origin_primary,2,242,A-XGB,0,0,0.10246753692626953,
3825901,2016-05-08,11,La Liga,27,male,Real Madrid,Valencia,elite,authoritative_rolling_origin_primary,2,242,A-XGB,1,1,0.7510873079299927,
3825904,2016-05-08,11,La Liga,27,male,Eibar,Real Betis,elite,authoritative_rolling_origin_primary,2,242,A-XGB,0,0,0.0564652718603611,
3825849,2016-05-13,11,La Liga,27,male,Valencia,Real Sociedad,elite,authoritative_rolling_origin_primary,2,242,A-XGB,0,1,0.5951269865036011,
267506,2016-05-14,11,La Liga,27,male,Granada,Barcelona,elite,authoritative_rolling_origin_primary,2,242,A-XGB,0,0,0.474200576543808,
3825846,2016-05-14,11,La Liga,27,male,RC Deportivo La Coruña,Real Madrid,elite,authoritative_rolling_origin_primary,2,242,A-XGB,0,0,0.4080706536769867,
3825869,2016-05-14,11,La Liga,27,male,Athletic Club,Sevilla,elite,authoritative_rolling_origin_primary,2,242,A-XGB,1,0,0.3388425409793854,
3825882,2016-05-14,11,La Liga,27,male,Atlético Madrid,Celta Vigo,elite,authoritative_rolling_origin_primary,2,242,A-XGB,1,1,0.7183523178100586,
3825876,2016-05-15,11,La Liga,27,male,Real Betis,Getafe,elite,authoritative_rolling_origin_primary,2,242,A-XGB,1,0,0.13122111558914185,
3825883,2016-05-15,11,La Liga,27,male,Málaga,Las Palmas,elite,authoritative_rolling_origin_primary,2,242,A-XGB,1,1,0.7490258812904358,
3825900,2016-05-15,11,La Liga,27,male,Sporting Gijón,Villarreal,elite,authoritative_rolling_origin_primary,2,242,A-XGB,1,0,0.049983829259872437,
3825902,2016-05-15,11,La Liga,27,male,Rayo Vallecano,Levante UD,elite,authoritative_rolling_origin_primary,2,242,A-XGB,1,1,0.8647758960723877,
3825908,2016-05-15,11,La Liga,27,male,Espanyol,Eibar,elite,authoritative_rolling_origin_primary,2,242,A-XGB,1,0,0.02715058997273445,
267670,2016-08-20,11,La Liga,2,male,Barcelona,Real Betis,elite,authoritative_rolling_origin_primary,2,242,A-XGB,1,1,0.8989896178245544,
266892,2016-08-28,11,La Liga,2,male,Athletic Club,Barcelona,elite,authoritative_rolling_origin_primary,2,242,A-XGB,0,0,0.03745895251631737,
267220,2016-09-21,11,La Liga,2,male,Barcelona,Atlético Madrid,elite,authoritative_rolling_origin_primary,2,242,A-XGB,0,1,0.7056628465652466,
267492,2016-10-15,11,La Liga,2,male,Barcelona,RC Deportivo La Coruña,elite,authoritative_rolling_origin_primary,2,242,A-XGB,1,1,0.6721585392951965,
266033,2016-10-22,11,La Liga,2,male,Valencia,Barcelona,elite,authoritative_rolling_origin_primary,2,242,A-XGB,0,0,0.0782812088727951,
267058,2016-10-29,11,La Liga,2,male,Barcelona,Granada,elite,authoritative_rolling_origin_primary,2,242,A-XGB,1,1,0.9356094598770142,
266989,2016-11-06,11,La Liga,2,male,Sevilla,Barcelona,elite,authoritative_rolling_origin_primary,2,242,A-XGB,0,0,0.11888616532087326,
266191,2016-11-27,11,La Liga,2,male,Real Sociedad,Barcelona,elite,authoritative_rolling_origin_primary,2,242,A-XGB,0,0,0.3238857686519623,
267076,2016-12-03,11,La Liga,2,male,Barcelona,Real Madrid,elite,authoritative_rolling_origin_primary,2,242,A-XGB,0,1,0.7420163750648499,
3825787,2016-02-27,11,La Liga,27,male,Real Madrid,Atlético Madrid,elite,authoritative_rolling_origin_primary,2,242,A-MLP,0,1,0.518744170665741,
3825788,2016-02-27,11,La Liga,27,male,Getafe,Celta Vigo,elite,authoritative_rolling_origin_primary,2,242,A-MLP,0,0,0.35478419065475464,
3825789,2016-02-27,11,La Liga,27,male,Real Sociedad,Málaga,elite,authoritative_rolling_origin_primary,2,242,A-MLP,0,1,0.6978793740272522,
3825790,2016-02-27,11,La Liga,27,male,Sporting Gijón,Espanyol,elite,authoritative_rolling_origin_primary,2,242,A-MLP,0,0,0.3322349488735199,
3825791,2016-02-27,11,La Liga,27,male,Real Betis,Rayo Vallecano,elite,authoritative_rolling_origin_primary,2,242,A-MLP,0,0,0.3830556869506836,
265839,2016-02-28,11,La Liga,27,male,Barcelona,Sevilla,elite,authoritative_rolling_origin_primary,2,242,A-MLP,1,1,0.7487955689430237,
3825792,2016-02-28,11,La Liga,27,male,RC Deportivo La Coruña,Granada,elite,authoritative_rolling_origin_primary,2,242,A-MLP,0,1,0.6532057523727417,
3825793,2016-02-28,11,La Liga,27,male,Valencia,Athletic Club,elite,authoritative_rolling_origin_primary,2,242,A-MLP,0,1,0.5407227873802185,
3825794,2016-02-28,11,La Liga,27,male,Villarreal,Levante UD,elite,authoritative_rolling_origin_primary,2,242,A-MLP,1,0,0.4386262893676758,
3825795,2016-03-01,11,La Liga,27,male,Atlético Madrid,Real Sociedad,elite,authoritative_rolling_origin_primary,2,242,A-MLP,1,0,0.42195698618888855,
3825796,2016-03-01,11,La Liga,27,male,Las Palmas,Getafe,elite,authoritative_rolling_origin_primary,2,242,A-MLP,1,0,0.4154773950576782,
3825797,2016-03-02,11,La Liga,27,male,Athletic Club,RC Deportivo La Coruña,elite,authoritative_rolling_origin_primary,2,242,A-MLP,1,0,0.36776408553123474,
3825798,2016-03-02,11,La Liga,27,male,Levante UD,Real Madrid,elite,authoritative_rolling_origin_primary,2,242,A-MLP,0,0,0.2608604431152344,
3825799,2016-03-02,11,La Liga,27,male,Málaga,Valencia,elite,authoritative_rolling_origin_primary,2,242,A-MLP,0,0,0.40994444489479065,
3825800,2016-03-02,11,La Liga,27,male,Celta Vigo,Villarreal,elite,authoritative_rolling_origin_primary,2,242,A-MLP,0,0,0.3954279124736786,
3825801,2016-03-02,11,La Liga,27,male,Sevilla,Eibar,elite,authoritative_rolling_origin_primary,2,242,A-MLP,1,1,0.6307311654090881,
266653,2016-03-03,11,La Liga,27,male,Rayo Vallecano,Barcelona,elite,authoritative_rolling_origin_primary,2,242,A-MLP,0,0,0.3325865864753723,
3825802,2016-03-03,11,La Liga,27,male,Espanyol,Real Betis,elite,authoritative_rolling_origin_primary,2,242,A-MLP,0,1,0.6275739669799805,
3825803,2016-03-03,11,La Liga,27,male,Granada,Sporting Gijón,elite,authoritative_rolling_origin_primary,2,242,A-MLP,1,1,0.7181772589683533,
3825804,2016-03-05,11,La Liga,27,male,RC Deportivo La Coruña,Málaga,elite,authoritative_rolling_origin_primary,2,242,A-MLP,0,0,0.38532158732414246,
3825805,2016-03-05,11,La Liga,27,male,Villarreal,Las Palmas,elite,authoritative_rolling_origin_primary,2,242,A-MLP,0,0,0.27777788043022156,
3825806,2016-03-05,11,La Liga,27,male,Real Madrid,Celta Vigo,elite,authoritative_rolling_origin_primary,2,242,A-MLP,1,1,0.5156715512275696,
3825867,2016-03-05,11,La Liga,27,male,Getafe,Sevilla,elite,authoritative_rolling_origin_primary,2,242,A-MLP,0,0,0.3365508019924164,
266056,2016-03-06,11,La Liga,27,male,Eibar,Barcelona,elite,authoritative_rolling_origin_primary,2,242,A-MLP,0,0,0.22373171150684357,
3825807,2016-03-06,11,La Liga,27,male,Valencia,Atlético Madrid,elite,authoritative_rolling_origin_primary,2,242,A-MLP,0,0,0.3330168128013611,
3825808,2016-03-06,11,La Liga,27,male,Sporting Gijón,Athletic Club,elite,authoritative_rolling_origin_primary,2,242,A-MLP,0,0,0.16380399465560913,
3825809,2016-03-06,11,La Liga,27,male,Real Betis,Granada,elite,authoritative_rolling_origin_primary,2,242,A-MLP,1,1,0.5408687591552734,
3825810,2016-03-06,11,La Liga,27,male,Real Sociedad,Levante UD,elite,authoritative_rolling_origin_primary,2,242,A-MLP,0,1,0.5199428200721741,
3825811,2016-03-07,11,La Liga,27,male,Espanyol,Rayo Vallecano,elite,authoritative_rolling_origin_primary,2,242,A-MLP,1,1,0.7368957996368408,
3825812,2016-03-11,11,La Liga,27,male,Málaga,Sporting Gijón,elite,authoritative_rolling_origin_primary,2,242,A-MLP,1,1,0.5482914447784424,
266498,2016-03-12,11,La Liga,27,male,Barcelona,Getafe,elite,authoritative_rolling_origin_primary,2,242,A-MLP,1,1,0.754774808883667,
3825813,2016-03-12,11,La Liga,27,male,Atlético Madrid,RC Deportivo La Coruña,elite,authoritative_rolling_origin_primary,2,242,A-MLP,1,1,0.716192901134491,
3825814,2016-03-12,11,La Liga,27,male,Celta Vigo,Real Sociedad,elite,authoritative_rolling_origin_primary,2,242,A-MLP,1,0,0.33794069290161133,
3825858,2016-03-12,11,La Liga,27,male,Rayo Vallecano,Eibar,elite,authoritative_rolling_origin_primary,2,242,A-MLP,0,0,0.3887201249599457,
3825815,2016-03-13,11,La Liga,27,male,Levante UD,Valencia,elite,authoritative_rolling_origin_primary,2,242,A-MLP,1,0,0.33439725637435913,
3825816,2016-03-13,11,La Liga,27,male,Sevilla,Villarreal,elite,authoritative_rolling_origin_primary,2,242,A-MLP,1,0,0.444063276052475,
3825844,2016-03-13,11,La Liga,27,male,Athletic Club,Real Betis,elite,authoritative_rolling_origin_primary,2,242,A-MLP,1,1,0.634861409664154,
3825879,2016-03-13,11,La Liga,27,male,Las Palmas,Real Madrid,elite,authoritative_rolling_origin_primary,2,242,A-MLP,0,0,0.4019172191619873,
3825881,2016-03-14,11,La Liga,27,male,Granada,Espanyol,elite,authoritative_rolling_origin_primary,2,242,A-MLP,0,1,0.5305484533309937,
3825817,2016-03-18,11,La Liga,27,male,Getafe,Eibar,elite,authoritative_rolling_origin_primary,2,242,A-MLP,0,0,0.46082156896591187,
3825818,2016-03-19,11,La Liga,27,male,Real Sociedad,Las Palmas,elite,authoritative_rolling_origin_primary,2,242,A-MLP,0,0,0.3887861669063568,
3825880,2016-03-19,11,La Liga,27,male,RC Deportivo La Coruña,Levante UD,elite,authoritative_rolling_origin_primary,2,242,A-MLP,1,0,0.41434964537620544,
3825887,2016-03-19,11,La Liga,27,male,Granada,Rayo Vallecano,elite,authoritative_rolling_origin_primary,2,242,A-MLP,0,1,0.6857210397720337,
3825903,2016-03-19,11,La Liga,27,male,Real Betis,Málaga,elite,authoritative_rolling_origin_primary,2,242,A-MLP,0,0,0.4214063286781311,
3825907,2016-03-19,11,La Liga,27,male,Sporting Gijón,Atlético Madrid,elite,authoritative_rolling_origin_primary,2,242,A-MLP,1,0,0.08835229277610779,
266106,2016-03-20,11,La Liga,27,male,Villarreal,Barcelona,elite,authoritative_rolling_origin_primary,2,242,A-MLP,0,0,0.18233415484428406,
3825819,2016-03-20,11,La Liga,27,male,Valencia,Celta Vigo,elite,authoritative_rolling_origin_primary,2,242,A-MLP,0,0,0.49314945936203003,
3825820,2016-03-20,11,La Liga,27,male,Real Madrid,Sevilla,elite,authoritative_rolling_origin_primary,2,242,A-MLP,1,1,0.7843636870384216,
3825821,2016-03-20,11,La Liga,27,male,Espanyol,Athletic Club,elite,authoritative_rolling_origin_primary,2,242,A-MLP,1,0,0.3938674032688141,
3825885,2016-04-01,11,La Liga,27,male,Rayo Vallecano,Getafe,elite,authoritative_rolling_origin_primary,2,242,A-MLP,1,1,0.7795440554618835,
267533,2016-04-02,11,La Liga,27,male,Barcelona,Real Madrid,elite,authoritative_rolling_origin_primary,2,242,A-MLP,0,1,0.5670004487037659,
3825822,2016-04-02,11,La Liga,27,male,Las Palmas,Valencia,elite,authoritative_rolling_origin_primary,2,242,A-MLP,1,1,0.680884063243866,
3825872,2016-04-02,11,La Liga,27,male,Atlético Madrid,Real Betis,elite,authoritative_rolling_origin_primary,2,242,A-MLP,1,1,0.7524157762527466,
3825898,2016-04-02,11,La Liga,27,male,Celta Vigo,RC Deportivo La Coruña,elite,authoritative_rolling_origin_primary,2,242,A-MLP,0,0,0.2884919047355652,
3825823,2016-04-03,11,La Liga,27,male,Sevilla,Real Sociedad,elite,authoritative_rolling_origin_primary,2,242,A-MLP,0,0,0.316618412733078,
3825824,2016-04-03,11,La Liga,27,male,Eibar,Villarreal,elite,authoritative_rolling_origin_primary,2,242,A-MLP,0,0,0.3720334470272064,
3825877,2016-04-03,11,La Liga,27,male,Athletic Club,Granada,elite,authoritative_rolling_origin_primary,2,242,A-MLP,0,1,0.6893993020057678,
3825905,2016-04-03,11,La Liga,27,male,Málaga,Espanyol,elite,authoritative_rolling_origin_primary,2,242,A-MLP,0,0,0.28458717465400696,
3825825,2016-04-04,11,La Liga,27,male,Levante UD,Sporting Gijón,elite,authoritative_rolling_origin_primary,2,242,A-MLP,0,0,0.4429098069667816,
3825826,2016-04-08,11,La Liga,27,male,Granada,Málaga,elite,authoritative_rolling_origin_primary,2,242,A-MLP,0,0,0.27873802185058594,
266664,2016-04-09,11,La Liga,27,male,Real Sociedad,Barcelona,elite,authoritative_rolling_origin_primary,2,242,A-MLP,1,0,0.35746365785598755,
3825827,2016-04-09,11,La Liga,27,male,Real Betis,Levante UD,elite,authoritative_rolling_origin_primary,2,242,A-MLP,1,0,0.2394496202468872,
3825828,2016-04-09,11,La Liga,27,male,Espanyol,Atlético Madrid,elite,authoritative_rolling_origin_primary,2,242,A-MLP,0,0,0.318427175283432,
3825856,2016-04-09,11,La Liga,27,male,Real Madrid,Eibar,elite,authoritative_rolling_origin_primary,2,242,A-MLP,1,1,0.6682108640670776,
3825829,2016-04-10,11,La Liga,27,male,Athletic Club,Rayo Vallecano,elite,authoritative_rolling_origin_primary,2,242,A-MLP,1,0,0.4651922285556793,
3825830,2016-04-10,11,La Liga,27,male,Villarreal,Getafe,elite,authoritative_rolling_origin_primary,2,242,A-MLP,1,1,0.7942289710044861,
3825831,2016-04-10,11,La Liga,27,male,Valencia,Sevilla,elite,authoritative_rolling_origin_primary,2,242,A-MLP,1,0,0.3294358253479004,
3825832,2016-04-10,11,La Liga,27,male,Sporting Gijón,Celta Vigo,elite,authoritative_rolling_origin_primary,2,242,A-MLP,0,0,0.46999499201774597,
3825863,2016-04-11,11,La Liga,27,male,RC Deportivo La Coruña,Las Palmas,elite,authoritative_rolling_origin_primary,2,242,A-MLP,0,0,0.31887301802635193,
3825857,2016-04-15,11,La Liga,27,male,Levante UD,Espanyol,elite,authoritative_rolling_origin_primary,2,242,A-MLP,1,0,0.44685128331184387,
3825833,2016-04-16,11,La Liga,27,male,Getafe,Real Madrid,elite,authoritative_rolling_origin_primary,2,242,A-MLP,0,0,0.20860908925533295,
3825852,2016-04-16,11,La Liga,27,male,Las Palmas,Sporting Gijón,elite,authoritative_rolling_origin_primary,2,242,A-MLP,0,1,0.5666161775588989,
3825889,2016-04-16,11,La Liga,27,male,Celta Vigo,Real Betis,elite,authoritative_rolling_origin_primary,2,242,A-MLP,0,1,0.7550323009490967,
3825897,2016-04-16,11,La Liga,27,male,Eibar,Real Sociedad,elite,authoritative_rolling_origin_primary,2,242,A-MLP,1,1,0.5397744178771973,
266557,2016-04-17,11,La Liga,27,male,Barcelona,Valencia,elite,authoritative_rolling_origin_primary,2,242,A-MLP,0,1,0.523331344127655,
3825834,2016-04-17,11,La Liga,27,male,Atlético Madrid,Granada,elite,authoritative_rolling_origin_primary,2,242,A-MLP,1,1,0.6365603804588318,
3825835,2016-04-17,11,La Liga,27,male,Málaga,Athletic Club,elite,authoritative_rolling_origin_primary,2,242,A-MLP,0,1,0.5590646862983704,
3825836,2016-04-17,11,La Liga,27,male,Rayo Vallecano,Villarreal,elite,authoritative_rolling_origin_primary,2,242,A-MLP,1,1,0.6292002201080322,
3825906,2016-04-17,11,La Liga,27,male,Sevilla,RC Deportivo La Coruña,elite,authoritative_rolling_origin_primary,2,242,A-MLP,0,0,0.3330378532409668,
3825837,2016-04-19,11,La Liga,27,male,Real Betis,Las Palmas,elite,authoritative_rolling_origin_primary,2,242,A-MLP,1,0,0.2567498981952667,
3825862,2016-04-19,11,La Liga,27,male,Espanyol,Celta Vigo,elite,authoritative_rolling_origin_primary,2,242,A-MLP,0,0,0.2044188231229782,
266310,2016-04-20,11,La Liga,27,male,RC Deportivo La Coruña,Barcelona,elite,authoritative_rolling_origin_primary,2,242,A-MLP,0,0,0.33808353543281555,
3825838,2016-04-20,11,La Liga,27,male,Athletic Club,Atlético Madrid,elite,authoritative_rolling_origin_primary,2,242,A-MLP,0,0,0.24815352261066437,
3825839,2016-04-20,11,La Liga,27,male,Sporting Gijón,Sevilla,elite,authoritative_rolling_origin_primary,2,242,A-MLP,1,0,0.4294103980064392,
3825840,2016-04-20,11,La Liga,27,male,Valencia,Eibar,elite,authoritative_rolling_origin_primary,2,242,A-MLP,1,1,0.5111075639724731,
3825843,2016-04-20,11,La Liga,27,male,Málaga,Rayo Vallecano,elite,authoritative_rolling_origin_primary,2,242,A-MLP,0,1,0.5474454164505005,
3825893,2016-04-20,11,La Liga,27,male,Real Madrid,Villarreal,elite,authoritative_rolling_origin_primary,2,242,A-MLP,1,1,0.7761587500572205,
3825841,2016-04-21,11,La Liga,27,male,Real Sociedad,Getafe,elite,authoritative_rolling_origin_primary,2,242,A-MLP,0,1,0.530267059803009,
3825896,2016-04-21,11,La Liga,27,male,Granada,Levante UD,elite,authoritative_rolling_origin_primary,2,242,A-MLP,1,0,0.3095363676548004,
3825871,2016-04-22,11,La Liga,27,male,Las Palmas,Espanyol,elite,authoritative_rolling_origin_primary,2,242,A-MLP,1,0,0.34805411100387573,
265944,2016-04-23,11,La Liga,27,male,Barcelona,Sporting Gijón,elite,authoritative_rolling_origin_primary,2,242,A-MLP,1,1,0.7929286360740662,
3825847,2016-04-23,11,La Liga,27,male,Eibar,RC Deportivo La Coruña,elite,authoritative_rolling_origin_primary,2,242,A-MLP,0,1,0.5156710743904114,
3825886,2016-04-23,11,La Liga,27,male,Rayo Vallecano,Real Madrid,elite,authoritative_rolling_origin_primary,2,242,A-MLP,0,0,0.26438406109809875,
3825890,2016-04-23,11,La Liga,27,male,Atlético Madrid,Málaga,elite,authoritative_rolling_origin_primary,2,242,A-MLP,1,0,0.38669267296791077,
3825842,2016-04-24,11,La Liga,27,male,Levante UD,Athletic Club,elite,authoritative_rolling_origin_primary,2,242,A-MLP,0,0,0.48480114340782166,
3825875,2016-04-24,11,La Liga,27,male,Villarreal,Real Sociedad,elite,authoritative_rolling_origin_primary,2,242,A-MLP,0,0,0.28893014788627625,
3825884,2016-04-24,11,La Liga,27,male,Sevilla,Real Betis,elite,authoritative_rolling_origin_primary,2,242,A-MLP,1,0,0.4321664273738861,
3825899,2016-04-24,11,La Liga,27,male,Getafe,Valencia,elite,authoritative_rolling_origin_primary,2,242,A-MLP,0,0,0.24406173825263977,
3825868,2016-04-25,11,La Liga,27,male,Celta Vigo,Granada,elite,authoritative_rolling_origin_primary,2,242,A-MLP,1,1,0.5733309388160706,
3825854,2016-04-29,11,La Liga,27,male,Sporting Gijón,Eibar,elite,authoritative_rolling_origin_primary,2,242,A-MLP,1,0,0.28813043236732483,
266986,2016-04-30,11,La Liga,27,male,Real Betis,Barcelona,elite,authoritative_rolling_origin_primary,2,242,A-MLP,0,0,0.25117725133895874,
3825859,2016-04-30,11,La Liga,27,male,Granada,Las Palmas,elite,authoritative_rolling_origin_primary,2,242,A-MLP,1,0,0.4787461757659912,
3825864,2016-04-30,11,La Liga,27,male,Real Sociedad,Real Madrid,elite,authoritative_rolling_origin_primary,2,242,A-MLP,0,0,0.2558765709400177,
3825878,2016-04-30,11,La Liga,27,male,Atlético Madrid,Rayo Vallecano,elite,authoritative_rolling_origin_primary,2,242,A-MLP,1,0,0.47226500511169434,
3825845,2016-05-01,11,La Liga,27,male,Espanyol,Sevilla,elite,authoritative_rolling_origin_primary,2,242,A-MLP,1,0,0.2668463885784149,
3825870,2016-05-01,11,La Liga,27,male,Athletic Club,Celta Vigo,elite,authoritative_rolling_origin_primary,2,242,A-MLP,1,0,0.48252180218696594,
3825873,2016-05-01,11,La Liga,27,male,Valencia,Villarreal,elite,authoritative_rolling_origin_primary,2,242,A-MLP,0,0,0.4775814414024353,
3825894,2016-05-01,11,La Liga,27,male,RC Deportivo La Coruña,Getafe,elite,authoritative_rolling_origin_primary,2,242,A-MLP,0,0,0.4035632014274597,
3825855,2016-05-02,11,La Liga,27,male,Málaga,Levante UD,elite,authoritative_rolling_origin_primary,2,242,A-MLP,1,1,0.616492748260498,
265958,2016-05-08,11,La Liga,27,male,Barcelona,Espanyol,elite,authoritative_rolling_origin_primary,2,242,A-MLP,1,1,0.8261009454727173,
3825850,2016-05-08,11,La Liga,27,male,Celta Vigo,Málaga,elite,authoritative_rolling_origin_primary,2,242,A-MLP,1,0,0.33829736709594727,
3825851,2016-05-08,11,La Liga,27,male,Villarreal,RC Deportivo La Coruña,elite,authoritative_rolling_origin_primary,2,242,A-MLP,0,0,0.4588245153427124,
3825853,2016-05-08,11,La Liga,27,male,Sevilla,Granada,elite,authoritative_rolling_origin_primary,2,242,A-MLP,0,1,0.5358270406723022,
3825860,2016-05-08,11,La Liga,27,male,Levante UD,Atlético Madrid,elite,authoritative_rolling_origin_primary,2,242,A-MLP,1,0,0.3248952031135559,
3825861,2016-05-08,11,La Liga,27,male,Real Sociedad,Rayo Vallecano,elite,authoritative_rolling_origin_primary,2,242,A-MLP,1,0,0.4918736219406128,
3825865,2016-05-08,11,La Liga,27,male,Getafe,Sporting Gijón,elite,authoritative_rolling_origin_primary,2,242,A-MLP,0,1,0.7877792119979858,
3825866,2016-05-08,11,La Liga,27,male,Las Palmas,Athletic Club,elite,authoritative_rolling_origin_primary,2,242,A-MLP,0,0,0.29940423369407654,
3825901,2016-05-08,11,La Liga,27,male,Real Madrid,Valencia,elite,authoritative_rolling_origin_primary,2,242,A-MLP,1,1,0.767568826675415,
3825904,2016-05-08,11,La Liga,27,male,Eibar,Real Betis,elite,authoritative_rolling_origin_primary,2,242,A-MLP,0,0,0.45689213275909424,
3825849,2016-05-13,11,La Liga,27,male,Valencia,Real Sociedad,elite,authoritative_rolling_origin_primary,2,242,A-MLP,0,0,0.4376716613769531,
267506,2016-05-14,11,La Liga,27,male,Granada,Barcelona,elite,authoritative_rolling_origin_primary,2,242,A-MLP,0,0,0.242050439119339,
3825846,2016-05-14,11,La Liga,27,male,RC Deportivo La Coruña,Real Madrid,elite,authoritative_rolling_origin_primary,2,242,A-MLP,0,0,0.4672621488571167,
3825869,2016-05-14,11,La Liga,27,male,Athletic Club,Sevilla,elite,authoritative_rolling_origin_primary,2,242,A-MLP,1,1,0.6707521080970764,
3825882,2016-05-14,11,La Liga,27,male,Atlético Madrid,Celta Vigo,elite,authoritative_rolling_origin_primary,2,242,A-MLP,1,1,0.5949081182479858,
3825876,2016-05-15,11,La Liga,27,male,Real Betis,Getafe,elite,authoritative_rolling_origin_primary,2,242,A-MLP,1,0,0.11914873123168945,
3825883,2016-05-15,11,La Liga,27,male,Málaga,Las Palmas,elite,authoritative_rolling_origin_primary,2,242,A-MLP,1,1,0.5645146369934082,
3825900,2016-05-15,11,La Liga,27,male,Sporting Gijón,Villarreal,elite,authoritative_rolling_origin_primary,2,242,A-MLP,1,0,0.1409076303243637,
3825902,2016-05-15,11,La Liga,27,male,Rayo Vallecano,Levante UD,elite,authoritative_rolling_origin_primary,2,242,A-MLP,1,1,0.6931513547897339,
3825908,2016-05-15,11,La Liga,27,male,Espanyol,Eibar,elite,authoritative_rolling_origin_primary,2,242,A-MLP,1,0,0.22451862692832947,
267670,2016-08-20,11,La Liga,2,male,Barcelona,Real Betis,elite,authoritative_rolling_origin_primary,2,242,A-MLP,1,1,0.9027647972106934,
266892,2016-08-28,11,La Liga,2,male,Athletic Club,Barcelona,elite,authoritative_rolling_origin_primary,2,242,A-MLP,0,0,0.26860880851745605,
267220,2016-09-21,11,La Liga,2,male,Barcelona,Atlético Madrid,elite,authoritative_rolling_origin_primary,2,242,A-MLP,0,0,0.49804550409317017,
267492,2016-10-15,11,La Liga,2,male,Barcelona,RC Deportivo La Coruña,elite,authoritative_rolling_origin_primary,2,242,A-MLP,1,1,0.7180366516113281,
266033,2016-10-22,11,La Liga,2,male,Valencia,Barcelona,elite,authoritative_rolling_origin_primary,2,242,A-MLP,0,0,0.18925310671329498,
267058,2016-10-29,11,La Liga,2,male,Barcelona,Granada,elite,authoritative_rolling_origin_primary,2,242,A-MLP,1,1,0.846830427646637,
266989,2016-11-06,11,La Liga,2,male,Sevilla,Barcelona,elite,authoritative_rolling_origin_primary,2,242,A-MLP,0,0,0.11864365637302399,
266191,2016-11-27,11,La Liga,2,male,Real Sociedad,Barcelona,elite,authoritative_rolling_origin_primary,2,242,A-MLP,0,0,0.38248899579048157,
267076,2016-12-03,11,La Liga,2,male,Barcelona,Real Madrid,elite,authoritative_rolling_origin_primary,2,242,A-MLP,0,0,0.47832655906677246,
3825787,2016-02-27,11,La Liga,27,male,Real Madrid,Atlético Madrid,elite,authoritative_rolling_origin_primary,2,242,B-GNN-full,0,1,0.6422905325889587,
3825788,2016-02-27,11,La Liga,27,male,Getafe,Celta Vigo,elite,authoritative_rolling_origin_primary,2,242,B-GNN-full,0,0,0.2182435840368271,
3825789,2016-02-27,11,La Liga,27,male,Real Sociedad,Málaga,elite,authoritative_rolling_origin_primary,2,242,B-GNN-full,0,0,0.3932863473892212,
3825790,2016-02-27,11,La Liga,27,male,Sporting Gijón,Espanyol,elite,authoritative_rolling_origin_primary,2,242,B-GNN-full,0,1,0.6528482437133789,
3825791,2016-02-27,11,La Liga,27,male,Real Betis,Rayo Vallecano,elite,authoritative_rolling_origin_primary,2,242,B-GNN-full,0,0,0.33907726407051086,
265839,2016-02-28,11,La Liga,27,male,Barcelona,Sevilla,elite,authoritative_rolling_origin_primary,2,242,B-GNN-full,1,1,0.642286479473114,
3825792,2016-02-28,11,La Liga,27,male,RC Deportivo La Coruña,Granada,elite,authoritative_rolling_origin_primary,2,242,B-GNN-full,0,1,0.6969687342643738,
3825793,2016-02-28,11,La Liga,27,male,Valencia,Athletic Club,elite,authoritative_rolling_origin_primary,2,242,B-GNN-full,0,0,0.3992210030555725,
3825794,2016-02-28,11,La Liga,27,male,Villarreal,Levante UD,elite,authoritative_rolling_origin_primary,2,242,B-GNN-full,1,1,0.6141046285629272,
3825795,2016-03-01,11,La Liga,27,male,Atlético Madrid,Real Sociedad,elite,authoritative_rolling_origin_primary,2,242,B-GNN-full,1,1,0.9161361455917358,
3825796,2016-03-01,11,La Liga,27,male,Las Palmas,Getafe,elite,authoritative_rolling_origin_primary,2,242,B-GNN-full,1,1,0.777940571308136,
3825797,2016-03-02,11,La Liga,27,male,Athletic Club,RC Deportivo La Coruña,elite,authoritative_rolling_origin_primary,2,242,B-GNN-full,1,1,0.9739510416984558,
3825798,2016-03-02,11,La Liga,27,male,Levante UD,Real Madrid,elite,authoritative_rolling_origin_primary,2,242,B-GNN-full,0,0,0.3440699577331543,
3825799,2016-03-02,11,La Liga,27,male,Málaga,Valencia,elite,authoritative_rolling_origin_primary,2,242,B-GNN-full,0,0,0.14633037149906158,
3825800,2016-03-02,11,La Liga,27,male,Celta Vigo,Villarreal,elite,authoritative_rolling_origin_primary,2,242,B-GNN-full,0,1,0.6678093075752258,
3825801,2016-03-02,11,La Liga,27,male,Sevilla,Eibar,elite,authoritative_rolling_origin_primary,2,242,B-GNN-full,1,1,0.6352957487106323,
266653,2016-03-03,11,La Liga,27,male,Rayo Vallecano,Barcelona,elite,authoritative_rolling_origin_primary,2,242,B-GNN-full,0,0,0.2544691264629364,
3825802,2016-03-03,11,La Liga,27,male,Espanyol,Real Betis,elite,authoritative_rolling_origin_primary,2,242,B-GNN-full,0,0,0.2537936270236969,
3825803,2016-03-03,11,La Liga,27,male,Granada,Sporting Gijón,elite,authoritative_rolling_origin_primary,2,242,B-GNN-full,1,1,0.7150127291679382,
3825804,2016-03-05,11,La Liga,27,male,RC Deportivo La Coruña,Málaga,elite,authoritative_rolling_origin_primary,2,242,B-GNN-full,0,1,0.8245985507965088,
3825805,2016-03-05,11,La Liga,27,male,Villarreal,Las Palmas,elite,authoritative_rolling_origin_primary,2,242,B-GNN-full,0,0,0.3376387059688568,
3825806,2016-03-05,11,La Liga,27,male,Real Madrid,Celta Vigo,elite,authoritative_rolling_origin_primary,2,242,B-GNN-full,1,1,0.8911553025245667,
3825867,2016-03-05,11,La Liga,27,male,Getafe,Sevilla,elite,authoritative_rolling_origin_primary,2,242,B-GNN-full,0,0,0.24106110632419586,
266056,2016-03-06,11,La Liga,27,male,Eibar,Barcelona,elite,authoritative_rolling_origin_primary,2,242,B-GNN-full,0,0,0.2347966581583023,
3825807,2016-03-06,11,La Liga,27,male,Valencia,Atlético Madrid,elite,authoritative_rolling_origin_primary,2,242,B-GNN-full,0,0,0.20378974080085754,
3825808,2016-03-06,11,La Liga,27,male,Sporting Gijón,Athletic Club,elite,authoritative_rolling_origin_primary,2,242,B-GNN-full,0,0,0.13842856884002686,
3825809,2016-03-06,11,La Liga,27,male,Real Betis,Granada,elite,authoritative_rolling_origin_primary,2,242,B-GNN-full,1,0,0.14764657616615295,
3825810,2016-03-06,11,La Liga,27,male,Real Sociedad,Levante UD,elite,authoritative_rolling_origin_primary,2,242,B-GNN-full,0,0,0.3806948661804199,
3825811,2016-03-07,11,La Liga,27,male,Espanyol,Rayo Vallecano,elite,authoritative_rolling_origin_primary,2,242,B-GNN-full,1,1,0.5348277688026428,
3825812,2016-03-11,11,La Liga,27,male,Málaga,Sporting Gijón,elite,authoritative_rolling_origin_primary,2,242,B-GNN-full,1,0,0.24074968695640564,
266498,2016-03-12,11,La Liga,27,male,Barcelona,Getafe,elite,authoritative_rolling_origin_primary,2,242,B-GNN-full,1,1,0.9724383354187012,
3825813,2016-03-12,11,La Liga,27,male,Atlético Madrid,RC Deportivo La Coruña,elite,authoritative_rolling_origin_primary,2,242,B-GNN-full,1,1,0.9025444984436035,
3825814,2016-03-12,11,La Liga,27,male,Celta Vigo,Real Sociedad,elite,authoritative_rolling_origin_primary,2,242,B-GNN-full,1,0,0.14126010239124298,
3825858,2016-03-12,11,La Liga,27,male,Rayo Vallecano,Eibar,elite,authoritative_rolling_origin_primary,2,242,B-GNN-full,0,0,0.4059256911277771,
3825815,2016-03-13,11,La Liga,27,male,Levante UD,Valencia,elite,authoritative_rolling_origin_primary,2,242,B-GNN-full,1,0,0.1977524310350418,
3825816,2016-03-13,11,La Liga,27,male,Sevilla,Villarreal,elite,authoritative_rolling_origin_primary,2,242,B-GNN-full,1,1,0.966378390789032,
3825844,2016-03-13,11,La Liga,27,male,Athletic Club,Real Betis,elite,authoritative_rolling_origin_primary,2,242,B-GNN-full,1,1,0.7481865286827087,
3825879,2016-03-13,11,La Liga,27,male,Las Palmas,Real Madrid,elite,authoritative_rolling_origin_primary,2,242,B-GNN-full,0,1,0.6637073159217834,
3825881,2016-03-14,11,La Liga,27,male,Granada,Espanyol,elite,authoritative_rolling_origin_primary,2,242,B-GNN-full,0,0,0.13042277097702026,
3825817,2016-03-18,11,La Liga,27,male,Getafe,Eibar,elite,authoritative_rolling_origin_primary,2,242,B-GNN-full,0,0,0.19590617716312408,
3825818,2016-03-19,11,La Liga,27,male,Real Sociedad,Las Palmas,elite,authoritative_rolling_origin_primary,2,242,B-GNN-full,0,0,0.1991620808839798,
3825880,2016-03-19,11,La Liga,27,male,RC Deportivo La Coruña,Levante UD,elite,authoritative_rolling_origin_primary,2,242,B-GNN-full,1,1,0.5181732177734375,
3825887,2016-03-19,11,La Liga,27,male,Granada,Rayo Vallecano,elite,authoritative_rolling_origin_primary,2,242,B-GNN-full,0,1,0.5115311145782471,
3825903,2016-03-19,11,La Liga,27,male,Real Betis,Málaga,elite,authoritative_rolling_origin_primary,2,242,B-GNN-full,0,0,0.3424012362957001,
3825907,2016-03-19,11,La Liga,27,male,Sporting Gijón,Atlético Madrid,elite,authoritative_rolling_origin_primary,2,242,B-GNN-full,1,1,0.658746063709259,
266106,2016-03-20,11,La Liga,27,male,Villarreal,Barcelona,elite,authoritative_rolling_origin_primary,2,242,B-GNN-full,0,1,0.6029344201087952,
3825819,2016-03-20,11,La Liga,27,male,Valencia,Celta Vigo,elite,authoritative_rolling_origin_primary,2,242,B-GNN-full,0,0,0.3723604381084442,
3825820,2016-03-20,11,La Liga,27,male,Real Madrid,Sevilla,elite,authoritative_rolling_origin_primary,2,242,B-GNN-full,1,1,0.9960675239562988,
3825821,2016-03-20,11,La Liga,27,male,Espanyol,Athletic Club,elite,authoritative_rolling_origin_primary,2,242,B-GNN-full,1,1,0.5512080788612366,
3825885,2016-04-01,11,La Liga,27,male,Rayo Vallecano,Getafe,elite,authoritative_rolling_origin_primary,2,242,B-GNN-full,1,1,0.9754526615142822,
267533,2016-04-02,11,La Liga,27,male,Barcelona,Real Madrid,elite,authoritative_rolling_origin_primary,2,242,B-GNN-full,0,1,0.6385726928710938,
3825822,2016-04-02,11,La Liga,27,male,Las Palmas,Valencia,elite,authoritative_rolling_origin_primary,2,242,B-GNN-full,1,1,0.5645519495010376,
3825872,2016-04-02,11,La Liga,27,male,Atlético Madrid,Real Betis,elite,authoritative_rolling_origin_primary,2,242,B-GNN-full,1,1,0.964163601398468,
3825898,2016-04-02,11,La Liga,27,male,Celta Vigo,RC Deportivo La Coruña,elite,authoritative_rolling_origin_primary,2,242,B-GNN-full,0,0,0.371059387922287,
3825823,2016-04-03,11,La Liga,27,male,Sevilla,Real Sociedad,elite,authoritative_rolling_origin_primary,2,242,B-GNN-full,0,1,0.7540772557258606,
3825824,2016-04-03,11,La Liga,27,male,Eibar,Villarreal,elite,authoritative_rolling_origin_primary,2,242,B-GNN-full,0,0,0.17568372189998627,
3825877,2016-04-03,11,La Liga,27,male,Athletic Club,Granada,elite,authoritative_rolling_origin_primary,2,242,B-GNN-full,0,1,0.8804018497467041,
3825905,2016-04-03,11,La Liga,27,male,Málaga,Espanyol,elite,authoritative_rolling_origin_primary,2,242,B-GNN-full,0,1,0.526628851890564,
3825825,2016-04-04,11,La Liga,27,male,Levante UD,Sporting Gijón,elite,authoritative_rolling_origin_primary,2,242,B-GNN-full,0,0,0.36170709133148193,
3825826,2016-04-08,11,La Liga,27,male,Granada,Málaga,elite,authoritative_rolling_origin_primary,2,242,B-GNN-full,0,0,0.23642604053020477,
266664,2016-04-09,11,La Liga,27,male,Real Sociedad,Barcelona,elite,authoritative_rolling_origin_primary,2,242,B-GNN-full,1,0,0.19129472970962524,
3825827,2016-04-09,11,La Liga,27,male,Real Betis,Levante UD,elite,authoritative_rolling_origin_primary,2,242,B-GNN-full,1,0,0.24785223603248596,
3825828,2016-04-09,11,La Liga,27,male,Espanyol,Atlético Madrid,elite,authoritative_rolling_origin_primary,2,242,B-GNN-full,0,0,0.23408134281635284,
3825856,2016-04-09,11,La Liga,27,male,Real Madrid,Eibar,elite,authoritative_rolling_origin_primary,2,242,B-GNN-full,1,1,0.9610010385513306,
3825829,2016-04-10,11,La Liga,27,male,Athletic Club,Rayo Vallecano,elite,authoritative_rolling_origin_primary,2,242,B-GNN-full,1,0,0.21154583990573883,
3825830,2016-04-10,11,La Liga,27,male,Villarreal,Getafe,elite,authoritative_rolling_origin_primary,2,242,B-GNN-full,1,0,0.41584497690200806,
3825831,2016-04-10,11,La Liga,27,male,Valencia,Sevilla,elite,authoritative_rolling_origin_primary,2,242,B-GNN-full,1,0,0.4361136555671692,
3825832,2016-04-10,11,La Liga,27,male,Sporting Gijón,Celta Vigo,elite,authoritative_rolling_origin_primary,2,242,B-GNN-full,0,0,0.14514070749282837,
3825863,2016-04-11,11,La Liga,27,male,RC Deportivo La Coruña,Las Palmas,elite,authoritative_rolling_origin_primary,2,242,B-GNN-full,0,0,0.2711496949195862,
3825857,2016-04-15,11,La Liga,27,male,Levante UD,Espanyol,elite,authoritative_rolling_origin_primary,2,242,B-GNN-full,1,0,0.27065911889076233,
3825833,2016-04-16,11,La Liga,27,male,Getafe,Real Madrid,elite,authoritative_rolling_origin_primary,2,242,B-GNN-full,0,0,0.24683210253715515,
3825852,2016-04-16,11,La Liga,27,male,Las Palmas,Sporting Gijón,elite,authoritative_rolling_origin_primary,2,242,B-GNN-full,0,0,0.36738789081573486,
3825889,2016-04-16,11,La Liga,27,male,Celta Vigo,Real Betis,elite,authoritative_rolling_origin_primary,2,242,B-GNN-full,0,1,0.5520607829093933,
3825897,2016-04-16,11,La Liga,27,male,Eibar,Real Sociedad,elite,authoritative_rolling_origin_primary,2,242,B-GNN-full,1,0,0.38538041710853577,
266557,2016-04-17,11,La Liga,27,male,Barcelona,Valencia,elite,authoritative_rolling_origin_primary,2,242,B-GNN-full,0,1,0.8160128593444824,
3825834,2016-04-17,11,La Liga,27,male,Atlético Madrid,Granada,elite,authoritative_rolling_origin_primary,2,242,B-GNN-full,1,1,0.5407386422157288,
3825835,2016-04-17,11,La Liga,27,male,Málaga,Athletic Club,elite,authoritative_rolling_origin_primary,2,242,B-GNN-full,0,0,0.28172194957733154,
3825836,2016-04-17,11,La Liga,27,male,Rayo Vallecano,Villarreal,elite,authoritative_rolling_origin_primary,2,242,B-GNN-full,1,1,0.7504141330718994,
3825906,2016-04-17,11,La Liga,27,male,Sevilla,RC Deportivo La Coruña,elite,authoritative_rolling_origin_primary,2,242,B-GNN-full,0,1,0.50066077709198,
3825837,2016-04-19,11,La Liga,27,male,Real Betis,Las Palmas,elite,authoritative_rolling_origin_primary,2,242,B-GNN-full,1,0,0.3400823473930359,
3825862,2016-04-19,11,La Liga,27,male,Espanyol,Celta Vigo,elite,authoritative_rolling_origin_primary,2,242,B-GNN-full,0,0,0.28410205245018005,
266310,2016-04-20,11,La Liga,27,male,RC Deportivo La Coruña,Barcelona,elite,authoritative_rolling_origin_primary,2,242,B-GNN-full,0,1,0.5174638628959656,
3825838,2016-04-20,11,La Liga,27,male,Athletic Club,Atlético Madrid,elite,authoritative_rolling_origin_primary,2,242,B-GNN-full,0,0,0.28889068961143494,
3825839,2016-04-20,11,La Liga,27,male,Sporting Gijón,Sevilla,elite,authoritative_rolling_origin_primary,2,242,B-GNN-full,1,0,0.3125814199447632,
3825840,2016-04-20,11,La Liga,27,male,Valencia,Eibar,elite,authoritative_rolling_origin_primary,2,242,B-GNN-full,1,1,0.9905956983566284,
3825843,2016-04-20,11,La Liga,27,male,Málaga,Rayo Vallecano,elite,authoritative_rolling_origin_primary,2,242,B-GNN-full,0,0,0.3497234284877777,
3825893,2016-04-20,11,La Liga,27,male,Real Madrid,Villarreal,elite,authoritative_rolling_origin_primary,2,242,B-GNN-full,1,1,0.844380795955658,
3825841,2016-04-21,11,La Liga,27,male,Real Sociedad,Getafe,elite,authoritative_rolling_origin_primary,2,242,B-GNN-full,0,0,0.4101165533065796,
3825896,2016-04-21,11,La Liga,27,male,Granada,Levante UD,elite,authoritative_rolling_origin_primary,2,242,B-GNN-full,1,1,0.995940089225769,
3825871,2016-04-22,11,La Liga,27,male,Las Palmas,Espanyol,elite,authoritative_rolling_origin_primary,2,242,B-GNN-full,1,1,0.5540891885757446,
265944,2016-04-23,11,La Liga,27,male,Barcelona,Sporting Gijón,elite,authoritative_rolling_origin_primary,2,242,B-GNN-full,1,1,0.9986041188240051,
3825847,2016-04-23,11,La Liga,27,male,Eibar,RC Deportivo La Coruña,elite,authoritative_rolling_origin_primary,2,242,B-GNN-full,0,0,0.3305230736732483,
3825886,2016-04-23,11,La Liga,27,male,Rayo Vallecano,Real Madrid,elite,authoritative_rolling_origin_primary,2,242,B-GNN-full,0,0,0.3955255448818207,
3825890,2016-04-23,11,La Liga,27,male,Atlético Madrid,Málaga,elite,authoritative_rolling_origin_primary,2,242,B-GNN-full,1,0,0.22046251595020294,
3825842,2016-04-24,11,La Liga,27,male,Levante UD,Athletic Club,elite,authoritative_rolling_origin_primary,2,242,B-GNN-full,0,0,0.18872760236263275,
3825875,2016-04-24,11,La Liga,27,male,Villarreal,Real Sociedad,elite,authoritative_rolling_origin_primary,2,242,B-GNN-full,0,0,0.1944841891527176,
3825884,2016-04-24,11,La Liga,27,male,Sevilla,Real Betis,elite,authoritative_rolling_origin_primary,2,242,B-GNN-full,1,0,0.33194872736930847,
3825899,2016-04-24,11,La Liga,27,male,Getafe,Valencia,elite,authoritative_rolling_origin_primary,2,242,B-GNN-full,0,0,0.3550574779510498,
3825868,2016-04-25,11,La Liga,27,male,Celta Vigo,Granada,elite,authoritative_rolling_origin_primary,2,242,B-GNN-full,1,1,0.9373725652694702,
3825854,2016-04-29,11,La Liga,27,male,Sporting Gijón,Eibar,elite,authoritative_rolling_origin_primary,2,242,B-GNN-full,1,0,0.20493930578231812,
266986,2016-04-30,11,La Liga,27,male,Real Betis,Barcelona,elite,authoritative_rolling_origin_primary,2,242,B-GNN-full,0,0,0.09809870272874832,
3825859,2016-04-30,11,La Liga,27,male,Granada,Las Palmas,elite,authoritative_rolling_origin_primary,2,242,B-GNN-full,1,0,0.4775177836418152,
3825864,2016-04-30,11,La Liga,27,male,Real Sociedad,Real Madrid,elite,authoritative_rolling_origin_primary,2,242,B-GNN-full,0,0,0.2684248089790344,
3825878,2016-04-30,11,La Liga,27,male,Atlético Madrid,Rayo Vallecano,elite,authoritative_rolling_origin_primary,2,242,B-GNN-full,1,0,0.17235127091407776,
3825845,2016-05-01,11,La Liga,27,male,Espanyol,Sevilla,elite,authoritative_rolling_origin_primary,2,242,B-GNN-full,1,0,0.3309035897254944,
3825870,2016-05-01,11,La Liga,27,male,Athletic Club,Celta Vigo,elite,authoritative_rolling_origin_primary,2,242,B-GNN-full,1,1,0.5222330093383789,
3825873,2016-05-01,11,La Liga,27,male,Valencia,Villarreal,elite,authoritative_rolling_origin_primary,2,242,B-GNN-full,0,0,0.3756978511810303,
3825894,2016-05-01,11,La Liga,27,male,RC Deportivo La Coruña,Getafe,elite,authoritative_rolling_origin_primary,2,242,B-GNN-full,0,0,0.17991693317890167,
3825855,2016-05-02,11,La Liga,27,male,Málaga,Levante UD,elite,authoritative_rolling_origin_primary,2,242,B-GNN-full,1,0,0.49273815751075745,
265958,2016-05-08,11,La Liga,27,male,Barcelona,Espanyol,elite,authoritative_rolling_origin_primary,2,242,B-GNN-full,1,1,0.7491093873977661,
3825850,2016-05-08,11,La Liga,27,male,Celta Vigo,Málaga,elite,authoritative_rolling_origin_primary,2,242,B-GNN-full,1,1,0.7332245707511902,
3825851,2016-05-08,11,La Liga,27,male,Villarreal,RC Deportivo La Coruña,elite,authoritative_rolling_origin_primary,2,242,B-GNN-full,0,1,0.582687497138977,
3825853,2016-05-08,11,La Liga,27,male,Sevilla,Granada,elite,authoritative_rolling_origin_primary,2,242,B-GNN-full,0,0,0.2590923607349396,
3825860,2016-05-08,11,La Liga,27,male,Levante UD,Atlético Madrid,elite,authoritative_rolling_origin_primary,2,242,B-GNN-full,1,0,0.4283841848373413,
3825861,2016-05-08,11,La Liga,27,male,Real Sociedad,Rayo Vallecano,elite,authoritative_rolling_origin_primary,2,242,B-GNN-full,1,0,0.3665991723537445,
3825865,2016-05-08,11,La Liga,27,male,Getafe,Sporting Gijón,elite,authoritative_rolling_origin_primary,2,242,B-GNN-full,0,0,0.22807326912879944,
3825866,2016-05-08,11,La Liga,27,male,Las Palmas,Athletic Club,elite,authoritative_rolling_origin_primary,2,242,B-GNN-full,0,0,0.34116506576538086,
3825901,2016-05-08,11,La Liga,27,male,Real Madrid,Valencia,elite,authoritative_rolling_origin_primary,2,242,B-GNN-full,1,1,0.9533864259719849,
3825904,2016-05-08,11,La Liga,27,male,Eibar,Real Betis,elite,authoritative_rolling_origin_primary,2,242,B-GNN-full,0,0,0.4281438887119293,
3825849,2016-05-13,11,La Liga,27,male,Valencia,Real Sociedad,elite,authoritative_rolling_origin_primary,2,242,B-GNN-full,0,0,0.43947455286979675,
267506,2016-05-14,11,La Liga,27,male,Granada,Barcelona,elite,authoritative_rolling_origin_primary,2,242,B-GNN-full,0,0,0.16965115070343018,
3825846,2016-05-14,11,La Liga,27,male,RC Deportivo La Coruña,Real Madrid,elite,authoritative_rolling_origin_primary,2,242,B-GNN-full,0,0,0.38014528155326843,
3825869,2016-05-14,11,La Liga,27,male,Athletic Club,Sevilla,elite,authoritative_rolling_origin_primary,2,242,B-GNN-full,1,1,0.956198513507843,
3825882,2016-05-14,11,La Liga,27,male,Atlético Madrid,Celta Vigo,elite,authoritative_rolling_origin_primary,2,242,B-GNN-full,1,0,0.3633630871772766,
3825876,2016-05-15,11,La Liga,27,male,Real Betis,Getafe,elite,authoritative_rolling_origin_primary,2,242,B-GNN-full,1,1,0.8570273518562317,
3825883,2016-05-15,11,La Liga,27,male,Málaga,Las Palmas,elite,authoritative_rolling_origin_primary,2,242,B-GNN-full,1,1,0.5244459509849548,
3825900,2016-05-15,11,La Liga,27,male,Sporting Gijón,Villarreal,elite,authoritative_rolling_origin_primary,2,242,B-GNN-full,1,0,0.4677412509918213,
3825902,2016-05-15,11,La Liga,27,male,Rayo Vallecano,Levante UD,elite,authoritative_rolling_origin_primary,2,242,B-GNN-full,1,1,0.8732157945632935,
3825908,2016-05-15,11,La Liga,27,male,Espanyol,Eibar,elite,authoritative_rolling_origin_primary,2,242,B-GNN-full,1,1,0.6365983486175537,
267670,2016-08-20,11,La Liga,2,male,Barcelona,Real Betis,elite,authoritative_rolling_origin_primary,2,242,B-GNN-full,1,1,0.9933933615684509,
266892,2016-08-28,11,La Liga,2,male,Athletic Club,Barcelona,elite,authoritative_rolling_origin_primary,2,242,B-GNN-full,0,0,0.2032373547554016,
267220,2016-09-21,11,La Liga,2,male,Barcelona,Atlético Madrid,elite,authoritative_rolling_origin_primary,2,242,B-GNN-full,0,1,0.8037531971931458,
267492,2016-10-15,11,La Liga,2,male,Barcelona,RC Deportivo La Coruña,elite,authoritative_rolling_origin_primary,2,242,B-GNN-full,1,1,0.7409353852272034,
266033,2016-10-22,11,La Liga,2,male,Valencia,Barcelona,elite,authoritative_rolling_origin_primary,2,242,B-GNN-full,0,0,0.27179452776908875,
267058,2016-10-29,11,La Liga,2,male,Barcelona,Granada,elite,authoritative_rolling_origin_primary,2,242,B-GNN-full,1,1,0.801253080368042,
266989,2016-11-06,11,La Liga,2,male,Sevilla,Barcelona,elite,authoritative_rolling_origin_primary,2,242,B-GNN-full,0,1,0.5333514213562012,
266191,2016-11-27,11,La Liga,2,male,Real Sociedad,Barcelona,elite,authoritative_rolling_origin_primary,2,242,B-GNN-full,0,1,0.6413470506668091,
267076,2016-12-03,11,La Liga,2,male,Barcelona,Real Madrid,elite,authoritative_rolling_origin_primary,2,242,B-GNN-full,0,1,0.7231833934783936,
3825787,2016-02-27,11,La Liga,27,male,Real Madrid,Atlético Madrid,elite,authoritative_rolling_origin_primary,2,242,C-Hybrid-full,0,0,0.410937637090683,0.4884176254272461
3825788,2016-02-27,11,La Liga,27,male,Getafe,Celta Vigo,elite,authoritative_rolling_origin_primary,2,242,C-Hybrid-full,0,0,0.2695945203304291,0.4884176254272461
3825789,2016-02-27,11,La Liga,27,male,Real Sociedad,Málaga,elite,authoritative_rolling_origin_primary,2,242,C-Hybrid-full,0,0,0.42208781838417053,0.4884176254272461
3825790,2016-02-27,11,La Liga,27,male,Sporting Gijón,Espanyol,elite,authoritative_rolling_origin_primary,2,242,C-Hybrid-full,0,0,0.3198424279689789,0.4884176254272461
3825791,2016-02-27,11,La Liga,27,male,Real Betis,Rayo Vallecano,elite,authoritative_rolling_origin_primary,2,242,C-Hybrid-full,0,0,0.32484516501426697,0.4884176254272461
265839,2016-02-28,11,La Liga,27,male,Barcelona,Sevilla,elite,authoritative_rolling_origin_primary,2,242,C-Hybrid-full,1,1,0.6289340853691101,0.4884176254272461
3825792,2016-02-28,11,La Liga,27,male,RC Deportivo La Coruña,Granada,elite,authoritative_rolling_origin_primary,2,242,C-Hybrid-full,0,1,0.5786225199699402,0.4884176254272461
3825793,2016-02-28,11,La Liga,27,male,Valencia,Athletic Club,elite,authoritative_rolling_origin_primary,2,242,C-Hybrid-full,0,0,0.4124966859817505,0.4884176254272461
3825794,2016-02-28,11,La Liga,27,male,Villarreal,Levante UD,elite,authoritative_rolling_origin_primary,2,242,C-Hybrid-full,1,0,0.4632323682308197,0.4884176254272461
3825795,2016-03-01,11,La Liga,27,male,Atlético Madrid,Real Sociedad,elite,authoritative_rolling_origin_primary,2,242,C-Hybrid-full,1,1,0.5648154020309448,0.4884176254272461
3825796,2016-03-01,11,La Liga,27,male,Las Palmas,Getafe,elite,authoritative_rolling_origin_primary,2,242,C-Hybrid-full,1,0,0.42413267493247986,0.4884176254272461
3825797,2016-03-02,11,La Liga,27,male,Athletic Club,RC Deportivo La Coruña,elite,authoritative_rolling_origin_primary,2,242,C-Hybrid-full,1,0,0.45588651299476624,0.4884176254272461
3825798,2016-03-02,11,La Liga,27,male,Levante UD,Real Madrid,elite,authoritative_rolling_origin_primary,2,242,C-Hybrid-full,0,0,0.23480693995952606,0.4884176254272461
3825799,2016-03-02,11,La Liga,27,male,Málaga,Valencia,elite,authoritative_rolling_origin_primary,2,242,C-Hybrid-full,0,0,0.2577036917209625,0.4884176254272461
3825800,2016-03-02,11,La Liga,27,male,Celta Vigo,Villarreal,elite,authoritative_rolling_origin_primary,2,242,C-Hybrid-full,0,0,0.40490272641181946,0.4884176254272461
3825801,2016-03-02,11,La Liga,27,male,Sevilla,Eibar,elite,authoritative_rolling_origin_primary,2,242,C-Hybrid-full,1,1,0.5225640535354614,0.4884176254272461
266653,2016-03-03,11,La Liga,27,male,Rayo Vallecano,Barcelona,elite,authoritative_rolling_origin_primary,2,242,C-Hybrid-full,0,0,0.22635599970817566,0.4884176254272461
3825802,2016-03-03,11,La Liga,27,male,Espanyol,Real Betis,elite,authoritative_rolling_origin_primary,2,242,C-Hybrid-full,0,0,0.4339386224746704,0.4884176254272461
3825803,2016-03-03,11,La Liga,27,male,Granada,Sporting Gijón,elite,authoritative_rolling_origin_primary,2,242,C-Hybrid-full,1,1,0.5265856981277466,0.4884176254272461
3825804,2016-03-05,11,La Liga,27,male,RC Deportivo La Coruña,Málaga,elite,authoritative_rolling_origin_primary,2,242,C-Hybrid-full,0,0,0.44749361276626587,0.4884176254272461
3825805,2016-03-05,11,La Liga,27,male,Villarreal,Las Palmas,elite,authoritative_rolling_origin_primary,2,242,C-Hybrid-full,0,0,0.3508718013763428,0.4884176254272461
3825806,2016-03-05,11,La Liga,27,male,Real Madrid,Celta Vigo,elite,authoritative_rolling_origin_primary,2,242,C-Hybrid-full,1,0,0.4462815523147583,0.4884176254272461
3825867,2016-03-05,11,La Liga,27,male,Getafe,Sevilla,elite,authoritative_rolling_origin_primary,2,242,C-Hybrid-full,0,0,0.2576187252998352,0.4884176254272461
266056,2016-03-06,11,La Liga,27,male,Eibar,Barcelona,elite,authoritative_rolling_origin_primary,2,242,C-Hybrid-full,0,0,0.16056278347969055,0.4884176254272461
3825807,2016-03-06,11,La Liga,27,male,Valencia,Atlético Madrid,elite,authoritative_rolling_origin_primary,2,242,C-Hybrid-full,0,0,0.19009144604206085,0.4884176254272461
3825808,2016-03-06,11,La Liga,27,male,Sporting Gijón,Athletic Club,elite,authoritative_rolling_origin_primary,2,242,C-Hybrid-full,0,0,0.1705857813358307,0.4884176254272461
3825809,2016-03-06,11,La Liga,27,male,Real Betis,Granada,elite,authoritative_rolling_origin_primary,2,242,C-Hybrid-full,1,0,0.2886967658996582,0.4884176254272461
3825810,2016-03-06,11,La Liga,27,male,Real Sociedad,Levante UD,elite,authoritative_rolling_origin_primary,2,242,C-Hybrid-full,0,0,0.4391883313655853,0.4884176254272461
3825811,2016-03-07,11,La Liga,27,male,Espanyol,Rayo Vallecano,elite,authoritative_rolling_origin_primary,2,242,C-Hybrid-full,1,1,0.5047625303268433,0.4884176254272461
3825812,2016-03-11,11,La Liga,27,male,Málaga,Sporting Gijón,elite,authoritative_rolling_origin_primary,2,242,C-Hybrid-full,1,0,0.343677818775177,0.4884176254272461
266498,2016-03-12,11,La Liga,27,male,Barcelona,Getafe,elite,authoritative_rolling_origin_primary,2,242,C-Hybrid-full,1,1,0.7398630380630493,0.4884176254272461
3825813,2016-03-12,11,La Liga,27,male,Atlético Madrid,RC Deportivo La Coruña,elite,authoritative_rolling_origin_primary,2,242,C-Hybrid-full,1,1,0.623563826084137,0.4884176254272461
3825814,2016-03-12,11,La Liga,27,male,Celta Vigo,Real Sociedad,elite,authoritative_rolling_origin_primary,2,242,C-Hybrid-full,1,0,0.24095693230628967,0.4884176254272461
3825858,2016-03-12,11,La Liga,27,male,Rayo Vallecano,Eibar,elite,authoritative_rolling_origin_primary,2,242,C-Hybrid-full,0,0,0.3148043751716614,0.4884176254272461
3825815,2016-03-13,11,La Liga,27,male,Levante UD,Valencia,elite,authoritative_rolling_origin_primary,2,242,C-Hybrid-full,1,0,0.26294729113578796,0.4884176254272461
3825816,2016-03-13,11,La Liga,27,male,Sevilla,Villarreal,elite,authoritative_rolling_origin_primary,2,242,C-Hybrid-full,1,0,0.47411900758743286,0.4884176254272461
3825844,2016-03-13,11,La Liga,27,male,Athletic Club,Real Betis,elite,authoritative_rolling_origin_primary,2,242,C-Hybrid-full,1,1,0.5369861721992493,0.4884176254272461
3825879,2016-03-13,11,La Liga,27,male,Las Palmas,Real Madrid,elite,authoritative_rolling_origin_primary,2,242,C-Hybrid-full,0,0,0.3100295066833496,0.4884176254272461
3825881,2016-03-14,11,La Liga,27,male,Granada,Espanyol,elite,authoritative_rolling_origin_primary,2,242,C-Hybrid-full,0,0,0.2764887809753418,0.4884176254272461
3825817,2016-03-18,11,La Liga,27,male,Getafe,Eibar,elite,authoritative_rolling_origin_primary,2,242,C-Hybrid-full,0,0,0.277179092168808,0.4884176254272461
3825818,2016-03-19,11,La Liga,27,male,Real Sociedad,Las Palmas,elite,authoritative_rolling_origin_primary,2,242,C-Hybrid-full,0,0,0.32707491517066956,0.4884176254272461
3825880,2016-03-19,11,La Liga,27,male,RC Deportivo La Coruña,Levante UD,elite,authoritative_rolling_origin_primary,2,242,C-Hybrid-full,1,0,0.35278111696243286,0.4884176254272461
3825887,2016-03-19,11,La Liga,27,male,Granada,Rayo Vallecano,elite,authoritative_rolling_origin_primary,2,242,C-Hybrid-full,0,0,0.4805341064929962,0.4884176254272461
3825903,2016-03-19,11,La Liga,27,male,Real Betis,Málaga,elite,authoritative_rolling_origin_primary,2,242,C-Hybrid-full,0,0,0.35905322432518005,0.4884176254272461
3825907,2016-03-19,11,La Liga,27,male,Sporting Gijón,Atlético Madrid,elite,authoritative_rolling_origin_primary,2,242,C-Hybrid-full,1,0,0.16981245577335358,0.4884176254272461
266106,2016-03-20,11,La Liga,27,male,Villarreal,Barcelona,elite,authoritative_rolling_origin_primary,2,242,C-Hybrid-full,0,0,0.18546120822429657,0.4884176254272461
3825819,2016-03-20,11,La Liga,27,male,Valencia,Celta Vigo,elite,authoritative_rolling_origin_primary,2,242,C-Hybrid-full,0,0,0.39766964316368103,0.4884176254272461
3825820,2016-03-20,11,La Liga,27,male,Real Madrid,Sevilla,elite,authoritative_rolling_origin_primary,2,242,C-Hybrid-full,1,1,0.798966109752655,0.4884176254272461
3825821,2016-03-20,11,La Liga,27,male,Espanyol,Athletic Club,elite,authoritative_rolling_origin_primary,2,242,C-Hybrid-full,1,0,0.31624770164489746,0.4884176254272461
3825885,2016-04-01,11,La Liga,27,male,Rayo Vallecano,Getafe,elite,authoritative_rolling_origin_primary,2,242,C-Hybrid-full,1,1,0.6774407625198364,0.4884176254272461
267533,2016-04-02,11,La Liga,27,male,Barcelona,Real Madrid,elite,authoritative_rolling_origin_primary,2,242,C-Hybrid-full,0,0,0.38436374068260193,0.4884176254272461
3825822,2016-04-02,11,La Liga,27,male,Las Palmas,Valencia,elite,authoritative_rolling_origin_primary,2,242,C-Hybrid-full,1,1,0.539921224117279,0.4884176254272461
3825872,2016-04-02,11,La Liga,27,male,Atlético Madrid,Real Betis,elite,authoritative_rolling_origin_primary,2,242,C-Hybrid-full,1,1,0.7913504242897034,0.4884176254272461
3825898,2016-04-02,11,La Liga,27,male,Celta Vigo,RC Deportivo La Coruña,elite,authoritative_rolling_origin_primary,2,242,C-Hybrid-full,0,0,0.2774377167224884,0.4884176254272461
3825823,2016-04-03,11,La Liga,27,male,Sevilla,Real Sociedad,elite,authoritative_rolling_origin_primary,2,242,C-Hybrid-full,0,0,0.33087989687919617,0.4884176254272461
3825824,2016-04-03,11,La Liga,27,male,Eibar,Villarreal,elite,authoritative_rolling_origin_primary,2,242,C-Hybrid-full,0,0,0.25370490550994873,0.4884176254272461
3825877,2016-04-03,11,La Liga,27,male,Athletic Club,Granada,elite,authoritative_rolling_origin_primary,2,242,C-Hybrid-full,0,1,0.5547361969947815,0.4884176254272461
3825905,2016-04-03,11,La Liga,27,male,Málaga,Espanyol,elite,authoritative_rolling_origin_primary,2,242,C-Hybrid-full,0,0,0.2951326072216034,0.4884176254272461
3825825,2016-04-04,11,La Liga,27,male,Levante UD,Sporting Gijón,elite,authoritative_rolling_origin_primary,2,242,C-Hybrid-full,0,0,0.3393949270248413,0.4884176254272461
3825826,2016-04-08,11,La Liga,27,male,Granada,Málaga,elite,authoritative_rolling_origin_primary,2,242,C-Hybrid-full,0,0,0.23275111615657806,0.4884176254272461
266664,2016-04-09,11,La Liga,27,male,Real Sociedad,Barcelona,elite,authoritative_rolling_origin_primary,2,242,C-Hybrid-full,1,0,0.25199201703071594,0.4884176254272461
3825827,2016-04-09,11,La Liga,27,male,Real Betis,Levante UD,elite,authoritative_rolling_origin_primary,2,242,C-Hybrid-full,1,0,0.2068689614534378,0.4884176254272461
3825828,2016-04-09,11,La Liga,27,male,Espanyol,Atlético Madrid,elite,authoritative_rolling_origin_primary,2,242,C-Hybrid-full,0,0,0.2574961185455322,0.4884176254272461
3825856,2016-04-09,11,La Liga,27,male,Real Madrid,Eibar,elite,authoritative_rolling_origin_primary,2,242,C-Hybrid-full,1,1,0.5882654786109924,0.4884176254272461
3825829,2016-04-10,11,La Liga,27,male,Athletic Club,Rayo Vallecano,elite,authoritative_rolling_origin_primary,2,242,C-Hybrid-full,1,0,0.2658761143684387,0.4884176254272461
3825830,2016-04-10,11,La Liga,27,male,Villarreal,Getafe,elite,authoritative_rolling_origin_primary,2,242,C-Hybrid-full,1,1,0.5182920694351196,0.4884176254272461
3825831,2016-04-10,11,La Liga,27,male,Valencia,Sevilla,elite,authoritative_rolling_origin_primary,2,242,C-Hybrid-full,1,0,0.33503884077072144,0.4884176254272461
3825832,2016-04-10,11,La Liga,27,male,Sporting Gijón,Celta Vigo,elite,authoritative_rolling_origin_primary,2,242,C-Hybrid-full,0,0,0.3420681059360504,0.4884176254272461
3825863,2016-04-11,11,La Liga,27,male,RC Deportivo La Coruña,Las Palmas,elite,authoritative_rolling_origin_primary,2,242,C-Hybrid-full,0,0,0.23106229305267334,0.4884176254272461
3825857,2016-04-15,11,La Liga,27,male,Levante UD,Espanyol,elite,authoritative_rolling_origin_primary,2,242,C-Hybrid-full,1,0,0.34516584873199463,0.4884176254272461
3825833,2016-04-16,11,La Liga,27,male,Getafe,Real Madrid,elite,authoritative_rolling_origin_primary,2,242,C-Hybrid-full,0,0,0.17599746584892273,0.4884176254272461
3825852,2016-04-16,11,La Liga,27,male,Las Palmas,Sporting Gijón,elite,authoritative_rolling_origin_primary,2,242,C-Hybrid-full,0,0,0.45086878538131714,0.4884176254272461
3825889,2016-04-16,11,La Liga,27,male,Celta Vigo,Real Betis,elite,authoritative_rolling_origin_primary,2,242,C-Hybrid-full,0,1,0.6367319822311401,0.4884176254272461
3825897,2016-04-16,11,La Liga,27,male,Eibar,Real Sociedad,elite,authoritative_rolling_origin_primary,2,242,C-Hybrid-full,1,0,0.40470045804977417,0.4884176254272461
266557,2016-04-17,11,La Liga,27,male,Barcelona,Valencia,elite,authoritative_rolling_origin_primary,2,242,C-Hybrid-full,0,1,0.5420951247215271,0.4884176254272461
3825834,2016-04-17,11,La Liga,27,male,Atlético Madrid,Granada,elite,authoritative_rolling_origin_primary,2,242,C-Hybrid-full,1,1,0.5185797810554504,0.4884176254272461
3825835,2016-04-17,11,La Liga,27,male,Málaga,Athletic Club,elite,authoritative_rolling_origin_primary,2,242,C-Hybrid-full,0,0,0.44994765520095825,0.4884176254272461
3825836,2016-04-17,11,La Liga,27,male,Rayo Vallecano,Villarreal,elite,authoritative_rolling_origin_primary,2,242,C-Hybrid-full,1,1,0.5374370813369751,0.4884176254272461
3825906,2016-04-17,11,La Liga,27,male,Sevilla,RC Deportivo La Coruña,elite,authoritative_rolling_origin_primary,2,242,C-Hybrid-full,0,0,0.3148244321346283,0.4884176254272461
3825837,2016-04-19,11,La Liga,27,male,Real Betis,Las Palmas,elite,authoritative_rolling_origin_primary,2,242,C-Hybrid-full,1,0,0.29093173146247864,0.4884176254272461
3825862,2016-04-19,11,La Liga,27,male,Espanyol,Celta Vigo,elite,authoritative_rolling_origin_primary,2,242,C-Hybrid-full,0,0,0.18178124725818634,0.4884176254272461
266310,2016-04-20,11,La Liga,27,male,RC Deportivo La Coruña,Barcelona,elite,authoritative_rolling_origin_primary,2,242,C-Hybrid-full,0,0,0.241038516163826,0.4884176254272461
3825838,2016-04-20,11,La Liga,27,male,Athletic Club,Atlético Madrid,elite,authoritative_rolling_origin_primary,2,242,C-Hybrid-full,0,0,0.3252985179424286,0.4884176254272461
3825839,2016-04-20,11,La Liga,27,male,Sporting Gijón,Sevilla,elite,authoritative_rolling_origin_primary,2,242,C-Hybrid-full,1,0,0.3869231939315796,0.4884176254272461
3825840,2016-04-20,11,La Liga,27,male,Valencia,Eibar,elite,authoritative_rolling_origin_primary,2,242,C-Hybrid-full,1,1,0.5309200286865234,0.4884176254272461
3825843,2016-04-20,11,La Liga,27,male,Málaga,Rayo Vallecano,elite,authoritative_rolling_origin_primary,2,242,C-Hybrid-full,0,0,0.38836929202079773,0.4884176254272461
3825893,2016-04-20,11,La Liga,27,male,Real Madrid,Villarreal,elite,authoritative_rolling_origin_primary,2,242,C-Hybrid-full,1,1,0.6208113431930542,0.4884176254272461
3825841,2016-04-21,11,La Liga,27,male,Real Sociedad,Getafe,elite,authoritative_rolling_origin_primary,2,242,C-Hybrid-full,0,0,0.41360488533973694,0.4884176254272461
3825896,2016-04-21,11,La Liga,27,male,Granada,Levante UD,elite,authoritative_rolling_origin_primary,2,242,C-Hybrid-full,1,1,0.5143296122550964,0.4884176254272461
3825871,2016-04-22,11,La Liga,27,male,Las Palmas,Espanyol,elite,authoritative_rolling_origin_primary,2,242,C-Hybrid-full,1,0,0.37164950370788574,0.4884176254272461
265944,2016-04-23,11,La Liga,27,male,Barcelona,Sporting Gijón,elite,authoritative_rolling_origin_primary,2,242,C-Hybrid-full,1,1,0.8182476758956909,0.4884176254272461
3825847,2016-04-23,11,La Liga,27,male,Eibar,RC Deportivo La Coruña,elite,authoritative_rolling_origin_primary,2,242,C-Hybrid-full,0,0,0.3490586280822754,0.4884176254272461
3825886,2016-04-23,11,La Liga,27,male,Rayo Vallecano,Real Madrid,elite,authoritative_rolling_origin_primary,2,242,C-Hybrid-full,0,0,0.19370818138122559,0.4884176254272461
3825890,2016-04-23,11,La Liga,27,male,Atlético Madrid,Málaga,elite,authoritative_rolling_origin_primary,2,242,C-Hybrid-full,1,0,0.26267209649086,0.4884176254272461
3825842,2016-04-24,11,La Liga,27,male,Levante UD,Athletic Club,elite,authoritative_rolling_origin_primary,2,242,C-Hybrid-full,0,0,0.26447033882141113,0.4884176254272461
3825875,2016-04-24,11,La Liga,27,male,Villarreal,Real Sociedad,elite,authoritative_rolling_origin_primary,2,242,C-Hybrid-full,0,0,0.26823320984840393,0.4884176254272461
3825884,2016-04-24,11,La Liga,27,male,Sevilla,Real Betis,elite,authoritative_rolling_origin_primary,2,242,C-Hybrid-full,1,0,0.3128746449947357,0.4884176254272461
3825899,2016-04-24,11,La Liga,27,male,Getafe,Valencia,elite,authoritative_rolling_origin_primary,2,242,C-Hybrid-full,0,0,0.24718628823757172,0.4884176254272461
3825868,2016-04-25,11,La Liga,27,male,Celta Vigo,Granada,elite,authoritative_rolling_origin_primary,2,242,C-Hybrid-full,1,1,0.5655980706214905,0.4884176254272461
3825854,2016-04-29,11,La Liga,27,male,Sporting Gijón,Eibar,elite,authoritative_rolling_origin_primary,2,242,C-Hybrid-full,1,0,0.2542997896671295,0.4884176254272461
266986,2016-04-30,11,La Liga,27,male,Real Betis,Barcelona,elite,authoritative_rolling_origin_primary,2,242,C-Hybrid-full,0,0,0.14135603606700897,0.4884176254272461
3825859,2016-04-30,11,La Liga,27,male,Granada,Las Palmas,elite,authoritative_rolling_origin_primary,2,242,C-Hybrid-full,1,0,0.39624568819999695,0.4884176254272461
3825864,2016-04-30,11,La Liga,27,male,Real Sociedad,Real Madrid,elite,authoritative_rolling_origin_primary,2,242,C-Hybrid-full,0,0,0.19066345691680908,0.4884176254272461
3825878,2016-04-30,11,La Liga,27,male,Atlético Madrid,Rayo Vallecano,elite,authoritative_rolling_origin_primary,2,242,C-Hybrid-full,1,0,0.3157070577144623,0.4884176254272461
3825845,2016-05-01,11,La Liga,27,male,Espanyol,Sevilla,elite,authoritative_rolling_origin_primary,2,242,C-Hybrid-full,1,0,0.20090796053409576,0.4884176254272461
3825870,2016-05-01,11,La Liga,27,male,Athletic Club,Celta Vigo,elite,authoritative_rolling_origin_primary,2,242,C-Hybrid-full,1,0,0.4006737768650055,0.4884176254272461
3825873,2016-05-01,11,La Liga,27,male,Valencia,Villarreal,elite,authoritative_rolling_origin_primary,2,242,C-Hybrid-full,0,0,0.43865296244621277,0.4884176254272461
3825894,2016-05-01,11,La Liga,27,male,RC Deportivo La Coruña,Getafe,elite,authoritative_rolling_origin_primary,2,242,C-Hybrid-full,0,0,0.2678092420101166,0.4884176254272461
3825855,2016-05-02,11,La Liga,27,male,Málaga,Levante UD,elite,authoritative_rolling_origin_primary,2,242,C-Hybrid-full,1,1,0.539394199848175,0.4884176254272461
265958,2016-05-08,11,La Liga,27,male,Barcelona,Espanyol,elite,authoritative_rolling_origin_primary,2,242,C-Hybrid-full,1,1,0.6390591263771057,0.4884176254272461
3825850,2016-05-08,11,La Liga,27,male,Celta Vigo,Málaga,elite,authoritative_rolling_origin_primary,2,242,C-Hybrid-full,1,0,0.32599347829818726,0.4884176254272461
3825851,2016-05-08,11,La Liga,27,male,Villarreal,RC Deportivo La Coruña,elite,authoritative_rolling_origin_primary,2,242,C-Hybrid-full,0,0,0.4290539026260376,0.4884176254272461
3825853,2016-05-08,11,La Liga,27,male,Sevilla,Granada,elite,authoritative_rolling_origin_primary,2,242,C-Hybrid-full,0,0,0.4053550064563751,0.4884176254272461
3825860,2016-05-08,11,La Liga,27,male,Levante UD,Atlético Madrid,elite,authoritative_rolling_origin_primary,2,242,C-Hybrid-full,1,0,0.2685388922691345,0.4884176254272461
3825861,2016-05-08,11,La Liga,27,male,Real Sociedad,Rayo Vallecano,elite,authoritative_rolling_origin_primary,2,242,C-Hybrid-full,1,0,0.406050443649292,0.4884176254272461
3825865,2016-05-08,11,La Liga,27,male,Getafe,Sporting Gijón,elite,authoritative_rolling_origin_primary,2,242,C-Hybrid-full,0,1,0.5317659974098206,0.4884176254272461
3825866,2016-05-08,11,La Liga,27,male,Las Palmas,Athletic Club,elite,authoritative_rolling_origin_primary,2,242,C-Hybrid-full,0,0,0.23057229816913605,0.4884176254272461
3825901,2016-05-08,11,La Liga,27,male,Real Madrid,Valencia,elite,authoritative_rolling_origin_primary,2,242,C-Hybrid-full,1,1,0.6051265597343445,0.4884176254272461
3825904,2016-05-08,11,La Liga,27,male,Eibar,Real Betis,elite,authoritative_rolling_origin_primary,2,242,C-Hybrid-full,0,0,0.4194379448890686,0.4884176254272461
3825849,2016-05-13,11,La Liga,27,male,Valencia,Real Sociedad,elite,authoritative_rolling_origin_primary,2,242,C-Hybrid-full,0,0,0.3461463749408722,0.4884176254272461
267506,2016-05-14,11,La Liga,27,male,Granada,Barcelona,elite,authoritative_rolling_origin_primary,2,242,C-Hybrid-full,0,0,0.1279766857624054,0.4884176254272461
3825846,2016-05-14,11,La Liga,27,male,RC Deportivo La Coruña,Real Madrid,elite,authoritative_rolling_origin_primary,2,242,C-Hybrid-full,0,0,0.37664148211479187,0.4884176254272461
3825869,2016-05-14,11,La Liga,27,male,Athletic Club,Sevilla,elite,authoritative_rolling_origin_primary,2,242,C-Hybrid-full,1,1,0.6022487282752991,0.4884176254272461
3825882,2016-05-14,11,La Liga,27,male,Atlético Madrid,Celta Vigo,elite,authoritative_rolling_origin_primary,2,242,C-Hybrid-full,1,0,0.4135323166847229,0.4884176254272461
3825876,2016-05-15,11,La Liga,27,male,Real Betis,Getafe,elite,authoritative_rolling_origin_primary,2,242,C-Hybrid-full,1,0,0.19916245341300964,0.4884176254272461
3825883,2016-05-15,11,La Liga,27,male,Málaga,Las Palmas,elite,authoritative_rolling_origin_primary,2,242,C-Hybrid-full,1,0,0.41435131430625916,0.4884176254272461
3825900,2016-05-15,11,La Liga,27,male,Sporting Gijón,Villarreal,elite,authoritative_rolling_origin_primary,2,242,C-Hybrid-full,1,0,0.20183874666690826,0.4884176254272461
3825902,2016-05-15,11,La Liga,27,male,Rayo Vallecano,Levante UD,elite,authoritative_rolling_origin_primary,2,242,C-Hybrid-full,1,1,0.5865631699562073,0.4884176254272461
3825908,2016-05-15,11,La Liga,27,male,Espanyol,Eibar,elite,authoritative_rolling_origin_primary,2,242,C-Hybrid-full,1,0,0.18103106319904327,0.4884176254272461
267670,2016-08-20,11,La Liga,2,male,Barcelona,Real Betis,elite,authoritative_rolling_origin_primary,2,242,C-Hybrid-full,1,1,0.8697776794433594,0.4884176254272461
266892,2016-08-28,11,La Liga,2,male,Athletic Club,Barcelona,elite,authoritative_rolling_origin_primary,2,242,C-Hybrid-full,0,0,0.1407754123210907,0.4884176254272461
267220,2016-09-21,11,La Liga,2,male,Barcelona,Atlético Madrid,elite,authoritative_rolling_origin_primary,2,242,C-Hybrid-full,0,1,0.5659328103065491,0.4884176254272461
267492,2016-10-15,11,La Liga,2,male,Barcelona,RC Deportivo La Coruña,elite,authoritative_rolling_origin_primary,2,242,C-Hybrid-full,1,1,0.6841462850570679,0.4884176254272461
266033,2016-10-22,11,La Liga,2,male,Valencia,Barcelona,elite,authoritative_rolling_origin_primary,2,242,C-Hybrid-full,0,0,0.16905638575553894,0.4884176254272461
267058,2016-10-29,11,La Liga,2,male,Barcelona,Granada,elite,authoritative_rolling_origin_primary,2,242,C-Hybrid-full,1,1,0.7272288203239441,0.4884176254272461
266989,2016-11-06,11,La Liga,2,male,Sevilla,Barcelona,elite,authoritative_rolling_origin_primary,2,242,C-Hybrid-full,0,0,0.1381317377090454,0.4884176254272461
266191,2016-11-27,11,La Liga,2,male,Real Sociedad,Barcelona,elite,authoritative_rolling_origin_primary,2,242,C-Hybrid-full,0,0,0.2862476706504822,0.4884176254272461
267076,2016-12-03,11,La Liga,2,male,Barcelona,Real Madrid,elite,authoritative_rolling_origin_primary,2,242,C-Hybrid-full,0,0,0.45186910033226013,0.4884176254272461
266357,2016-12-10,11,La Liga,2,male,Osasuna,Barcelona,elite,authoritative_rolling_origin_primary,3,342,A-XGB,0,0,0.09163618832826614,
266528,2016-12-18,11,La Liga,2,male,Barcelona,Espanyol,elite,authoritative_rolling_origin_primary,3,342,A-XGB,1,1,0.7056251764297485,
266477,2017-01-08,11,La Liga,2,male,Villarreal,Barcelona,elite,authoritative_rolling_origin_primary,3,342,A-XGB,0,0,0.11671708524227142,
267395,2017-01-14,11,La Liga,2,male,Barcelona,Las Palmas,elite,authoritative_rolling_origin_primary,3,342,A-XGB,1,1,0.7523210644721985,
266731,2017-01-22,11,La Liga,2,male,Eibar,Barcelona,elite,authoritative_rolling_origin_primary,3,342,A-XGB,0,1,0.5711017847061157,
266516,2017-01-29,11,La Liga,2,male,Real Betis,Barcelona,elite,authoritative_rolling_origin_primary,3,342,A-XGB,0,0,0.02352825365960598,
266874,2017-02-04,11,La Liga,2,male,Barcelona,Athletic Club,elite,authoritative_rolling_origin_primary,3,342,A-XGB,1,1,0.7802801132202148,
267464,2017-02-26,11,La Liga,2,male,Atlético Madrid,Barcelona,elite,authoritative_rolling_origin_primary,3,342,A-XGB,0,0,0.2811242938041687,
265952,2017-03-01,11,La Liga,2,male,Barcelona,Sporting Gijón,elite,authoritative_rolling_origin_primary,3,342,A-XGB,1,1,0.945809543132782,
266299,2017-03-04,11,La Liga,2,male,Barcelona,Celta Vigo,elite,authoritative_rolling_origin_primary,3,342,A-XGB,1,1,0.7383649945259094,
267660,2017-03-12,11,La Liga,2,male,RC Deportivo La Coruña,Barcelona,elite,authoritative_rolling_origin_primary,3,342,A-XGB,1,0,0.016897201538085938,
266440,2017-03-19,11,La Liga,2,male,Barcelona,Valencia,elite,authoritative_rolling_origin_primary,3,342,A-XGB,1,1,0.9590368270874023,
266280,2017-04-05,11,La Liga,2,male,Barcelona,Sevilla,elite,authoritative_rolling_origin_primary,3,342,A-XGB,1,1,0.9482763409614563,
267590,2017-04-08,11,La Liga,2,male,Málaga,Barcelona,elite,authoritative_rolling_origin_primary,3,342,A-XGB,1,1,0.8880476355552673,
267373,2017-04-15,11,La Liga,2,male,Barcelona,Real Sociedad,elite,authoritative_rolling_origin_primary,3,342,A-XGB,1,1,0.5768799185752869,
267569,2017-04-23,11,La Liga,2,male,Real Madrid,Barcelona,elite,authoritative_rolling_origin_primary,3,342,A-XGB,0,1,0.898953914642334,
267101,2017-04-26,11,La Liga,2,male,Barcelona,Osasuna,elite,authoritative_rolling_origin_primary,3,342,A-XGB,1,1,0.8383731842041016,
267077,2017-04-29,11,La Liga,2,male,Espanyol,Barcelona,elite,authoritative_rolling_origin_primary,3,342,A-XGB,0,0,0.07290665060281754,
266952,2017-05-06,11,La Liga,2,male,Barcelona,Villarreal,elite,authoritative_rolling_origin_primary,3,342,A-XGB,1,1,0.9175806045532227,
267039,2017-05-14,11,La Liga,2,male,Las Palmas,Barcelona,elite,authoritative_rolling_origin_primary,3,342,A-XGB,0,0,0.09711574763059616,
267432,2017-05-21,11,La Liga,2,male,Barcelona,Eibar,elite,authoritative_rolling_origin_primary,3,342,A-XGB,1,1,0.9243990778923035,
9575,2017-08-20,11,La Liga,1,male,Barcelona,Real Betis,elite,authoritative_rolling_origin_primary,3,342,A-XGB,1,1,0.9338803291320801,
9581,2017-08-26,11,La Liga,1,male,Deportivo Alavés,Barcelona,elite,authoritative_rolling_origin_primary,3,342,A-XGB,0,0,0.023894594982266426,
9592,2017-09-09,11,La Liga,1,male,Barcelona,Espanyol,elite,authoritative_rolling_origin_primary,3,342,A-XGB,1,1,0.9754489064216614,
9602,2017-09-16,11,La Liga,1,male,Getafe,Barcelona,elite,authoritative_rolling_origin_primary,3,342,A-XGB,0,0,0.34047532081604004,
9609,2017-09-19,11,La Liga,1,male,Barcelona,Eibar,elite,authoritative_rolling_origin_primary,3,342,A-XGB,1,1,0.9174214601516724,
9636,2017-10-01,11,La Liga,1,male,Barcelona,Las Palmas,elite,authoritative_rolling_origin_primary,3,342,A-XGB,1,1,0.9663954377174377,
9642,2017-10-14,11,La Liga,1,male,Atlético Madrid,Barcelona,elite,authoritative_rolling_origin_primary,3,342,A-XGB,0,0,0.03481919318437576,
9650,2017-10-21,11,La Liga,1,male,Barcelona,Málaga,elite,authoritative_rolling_origin_primary,3,342,A-XGB,1,1,0.6475505232810974,
9661,2017-10-28,11,La Liga,1,male,Athletic Club,Barcelona,elite,authoritative_rolling_origin_primary,3,342,A-XGB,0,0,0.3551329970359802,
9673,2017-11-04,11,La Liga,1,male,Barcelona,Sevilla,elite,authoritative_rolling_origin_primary,3,342,A-XGB,1,1,0.92197185754776,
9695,2017-11-26,11,La Liga,1,male,Valencia,Barcelona,elite,authoritative_rolling_origin_primary,3,342,A-XGB,0,0,0.2258959412574768,
9700,2017-12-02,11,La Liga,1,male,Barcelona,Celta Vigo,elite,authoritative_rolling_origin_primary,3,342,A-XGB,0,1,0.731831431388855,
9717,2017-12-10,11,La Liga,1,male,Villarreal,Barcelona,elite,authoritative_rolling_origin_primary,3,342,A-XGB,0,0,0.30129924416542053,
9726,2017-12-17,11,La Liga,1,male,Barcelona,RC Deportivo La Coruña,elite,authoritative_rolling_origin_primary,3,342,A-XGB,1,1,0.7569074034690857,
9736,2017-12-23,11,La Liga,1,male,Real Madrid,Barcelona,elite,authoritative_rolling_origin_primary,3,342,A-XGB,0,1,0.8612923622131348,
9742,2018-01-07,11,La Liga,1,male,Barcelona,Levante UD,elite,authoritative_rolling_origin_primary,3,342,A-XGB,1,1,0.9447771310806274,
9754,2018-01-14,11,La Liga,1,male,Real Sociedad,Barcelona,elite,authoritative_rolling_origin_primary,3,342,A-XGB,0,0,0.3014920949935913,
9765,2018-01-21,11,La Liga,1,male,Real Betis,Barcelona,elite,authoritative_rolling_origin_primary,3,342,A-XGB,0,0,0.2561253011226654,
9774,2018-01-28,11,La Liga,1,male,Barcelona,Deportivo Alavés,elite,authoritative_rolling_origin_primary,3,342,A-XGB,1,1,0.9280250668525696,
9783,2018-02-04,11,La Liga,1,male,Espanyol,Barcelona,elite,authoritative_rolling_origin_primary,3,342,A-XGB,0,0,0.08043526858091354,
9794,2018-02-11,11,La Liga,1,male,Barcelona,Getafe,elite,authoritative_rolling_origin_primary,3,342,A-XGB,0,1,0.7960905432701111,
9799,2018-02-17,11,La Liga,1,male,Eibar,Barcelona,elite,authoritative_rolling_origin_primary,3,342,A-XGB,0,0,0.08436021208763123,
9827,2018-03-01,11,La Liga,1,male,Las Palmas,Barcelona,elite,authoritative_rolling_origin_primary,3,342,A-XGB,0,0,0.07977611571550369,
9837,2018-03-04,11,La Liga,1,male,Barcelona,Atlético Madrid,elite,authoritative_rolling_origin_primary,3,342,A-XGB,1,1,0.87639319896698,
9855,2018-03-18,11,La Liga,1,male,Barcelona,Athletic Club,elite,authoritative_rolling_origin_primary,3,342,A-XGB,1,1,0.912367045879364,
9860,2018-03-31,11,La Liga,1,male,Sevilla,Barcelona,elite,authoritative_rolling_origin_primary,3,342,A-XGB,0,0,0.10498253256082535,
9870,2018-04-07,11,La Liga,1,male,Barcelona,Leganés,elite,authoritative_rolling_origin_primary,3,342,A-XGB,1,1,0.85893714427948,
9880,2018-04-14,11,La Liga,1,male,Barcelona,Valencia,elite,authoritative_rolling_origin_primary,3,342,A-XGB,1,1,0.9884379506111145,
9889,2018-04-17,11,La Liga,1,male,Celta Vigo,Barcelona,elite,authoritative_rolling_origin_primary,3,342,A-XGB,0,0,0.46251556277275085,
266357,2016-12-10,11,La Liga,2,male,Osasuna,Barcelona,elite,authoritative_rolling_origin_primary,3,342,A-MLP,0,0,0.41777679324150085,
266528,2016-12-18,11,La Liga,2,male,Barcelona,Espanyol,elite,authoritative_rolling_origin_primary,3,342,A-MLP,1,1,0.6103821992874146,
266477,2017-01-08,11,La Liga,2,male,Villarreal,Barcelona,elite,authoritative_rolling_origin_primary,3,342,A-MLP,0,0,0.34547021985054016,
267395,2017-01-14,11,La Liga,2,male,Barcelona,Las Palmas,elite,authoritative_rolling_origin_primary,3,342,A-MLP,1,1,0.7647024989128113,
266731,2017-01-22,11,La Liga,2,male,Eibar,Barcelona,elite,authoritative_rolling_origin_primary,3,342,A-MLP,0,0,0.3252018392086029,
266516,2017-01-29,11,La Liga,2,male,Real Betis,Barcelona,elite,authoritative_rolling_origin_primary,3,342,A-MLP,0,0,0.3013850450515747,
266874,2017-02-04,11,La Liga,2,male,Barcelona,Athletic Club,elite,authoritative_rolling_origin_primary,3,342,A-MLP,1,1,0.53297358751297,
267464,2017-02-26,11,La Liga,2,male,Atlético Madrid,Barcelona,elite,authoritative_rolling_origin_primary,3,342,A-MLP,0,0,0.3507997691631317,
265952,2017-03-01,11,La Liga,2,male,Barcelona,Sporting Gijón,elite,authoritative_rolling_origin_primary,3,342,A-MLP,1,1,0.6317622065544128,
266299,2017-03-04,11,La Liga,2,male,Barcelona,Celta Vigo,elite,authoritative_rolling_origin_primary,3,342,A-MLP,1,1,0.680746853351593,
267660,2017-03-12,11,La Liga,2,male,RC Deportivo La Coruña,Barcelona,elite,authoritative_rolling_origin_primary,3,342,A-MLP,1,0,0.2738001346588135,
266440,2017-03-19,11,La Liga,2,male,Barcelona,Valencia,elite,authoritative_rolling_origin_primary,3,342,A-MLP,1,1,0.8047374486923218,
266280,2017-04-05,11,La Liga,2,male,Barcelona,Sevilla,elite,authoritative_rolling_origin_primary,3,342,A-MLP,1,1,0.7864919304847717,
267590,2017-04-08,11,La Liga,2,male,Málaga,Barcelona,elite,authoritative_rolling_origin_primary,3,342,A-MLP,1,0,0.46882086992263794,
267373,2017-04-15,11,La Liga,2,male,Barcelona,Real Sociedad,elite,authoritative_rolling_origin_primary,3,342,A-MLP,1,1,0.5732585191726685,
267569,2017-04-23,11,La Liga,2,male,Real Madrid,Barcelona,elite,authoritative_rolling_origin_primary,3,342,A-MLP,0,1,0.5170771479606628,
267101,2017-04-26,11,La Liga,2,male,Barcelona,Osasuna,elite,authoritative_rolling_origin_primary,3,342,A-MLP,1,1,0.6441662907600403,
267077,2017-04-29,11,La Liga,2,male,Espanyol,Barcelona,elite,authoritative_rolling_origin_primary,3,342,A-MLP,0,0,0.3393741548061371,
266952,2017-05-06,11,La Liga,2,male,Barcelona,Villarreal,elite,authoritative_rolling_origin_primary,3,342,A-MLP,1,1,0.705858588218689,
267039,2017-05-14,11,La Liga,2,male,Las Palmas,Barcelona,elite,authoritative_rolling_origin_primary,3,342,A-MLP,0,0,0.22854386270046234,
267432,2017-05-21,11,La Liga,2,male,Barcelona,Eibar,elite,authoritative_rolling_origin_primary,3,342,A-MLP,1,1,0.6687067151069641,
9575,2017-08-20,11,La Liga,1,male,Barcelona,Real Betis,elite,authoritative_rolling_origin_primary,3,342,A-MLP,1,1,0.7456229329109192,
9581,2017-08-26,11,La Liga,1,male,Deportivo Alavés,Barcelona,elite,authoritative_rolling_origin_primary,3,342,A-MLP,0,0,0.3270258605480194,
9592,2017-09-09,11,La Liga,1,male,Barcelona,Espanyol,elite,authoritative_rolling_origin_primary,3,342,A-MLP,1,1,0.868187665939331,
9602,2017-09-16,11,La Liga,1,male,Getafe,Barcelona,elite,authoritative_rolling_origin_primary,3,342,A-MLP,0,0,0.337663471698761,
9609,2017-09-19,11,La Liga,1,male,Barcelona,Eibar,elite,authoritative_rolling_origin_primary,3,342,A-MLP,1,1,0.799688458442688,
9636,2017-10-01,11,La Liga,1,male,Barcelona,Las Palmas,elite,authoritative_rolling_origin_primary,3,342,A-MLP,1,1,0.7118649482727051,
9642,2017-10-14,11,La Liga,1,male,Atlético Madrid,Barcelona,elite,authoritative_rolling_origin_primary,3,342,A-MLP,0,0,0.3370214104652405,
9650,2017-10-21,11,La Liga,1,male,Barcelona,Málaga,elite,authoritative_rolling_origin_primary,3,342,A-MLP,1,1,0.5445882081985474,
9661,2017-10-28,11,La Liga,1,male,Athletic Club,Barcelona,elite,authoritative_rolling_origin_primary,3,342,A-MLP,0,0,0.3364775776863098,
9673,2017-11-04,11,La Liga,1,male,Barcelona,Sevilla,elite,authoritative_rolling_origin_primary,3,342,A-MLP,1,1,0.6616576313972473,
9695,2017-11-26,11,La Liga,1,male,Valencia,Barcelona,elite,authoritative_rolling_origin_primary,3,342,A-MLP,0,0,0.4051428735256195,
9700,2017-12-02,11,La Liga,1,male,Barcelona,Celta Vigo,elite,authoritative_rolling_origin_primary,3,342,A-MLP,0,1,0.6733140349388123,
9717,2017-12-10,11,La Liga,1,male,Villarreal,Barcelona,elite,authoritative_rolling_origin_primary,3,342,A-MLP,0,0,0.3742455840110779,
9726,2017-12-17,11,La Liga,1,male,Barcelona,RC Deportivo La Coruña,elite,authoritative_rolling_origin_primary,3,342,A-MLP,1,1,0.7317591905593872,
9736,2017-12-23,11,La Liga,1,male,Real Madrid,Barcelona,elite,authoritative_rolling_origin_primary,3,342,A-MLP,0,0,0.428688108921051,
9742,2018-01-07,11,La Liga,1,male,Barcelona,Levante UD,elite,authoritative_rolling_origin_primary,3,342,A-MLP,1,1,0.745387613773346,
9754,2018-01-14,11,La Liga,1,male,Real Sociedad,Barcelona,elite,authoritative_rolling_origin_primary,3,342,A-MLP,0,0,0.32559144496917725,
9765,2018-01-21,11,La Liga,1,male,Real Betis,Barcelona,elite,authoritative_rolling_origin_primary,3,342,A-MLP,0,0,0.3232741057872772,
9774,2018-01-28,11,La Liga,1,male,Barcelona,Deportivo Alavés,elite,authoritative_rolling_origin_primary,3,342,A-MLP,1,1,0.7265609502792358,
9783,2018-02-04,11,La Liga,1,male,Espanyol,Barcelona,elite,authoritative_rolling_origin_primary,3,342,A-MLP,0,0,0.2846200168132782,
9794,2018-02-11,11,La Liga,1,male,Barcelona,Getafe,elite,authoritative_rolling_origin_primary,3,342,A-MLP,0,1,0.6191827058792114,
9799,2018-02-17,11,La Liga,1,male,Eibar,Barcelona,elite,authoritative_rolling_origin_primary,3,342,A-MLP,0,0,0.3659908175468445,
9827,2018-03-01,11,La Liga,1,male,Las Palmas,Barcelona,elite,authoritative_rolling_origin_primary,3,342,A-MLP,0,0,0.3136642575263977,
9837,2018-03-04,11,La Liga,1,male,Barcelona,Atlético Madrid,elite,authoritative_rolling_origin_primary,3,342,A-MLP,1,1,0.610340416431427,
9855,2018-03-18,11,La Liga,1,male,Barcelona,Athletic Club,elite,authoritative_rolling_origin_primary,3,342,A-MLP,1,1,0.7300577163696289,
9860,2018-03-31,11,La Liga,1,male,Sevilla,Barcelona,elite,authoritative_rolling_origin_primary,3,342,A-MLP,0,0,0.36765989661216736,
9870,2018-04-07,11,La Liga,1,male,Barcelona,Leganés,elite,authoritative_rolling_origin_primary,3,342,A-MLP,1,1,0.7290000319480896,
9880,2018-04-14,11,La Liga,1,male,Barcelona,Valencia,elite,authoritative_rolling_origin_primary,3,342,A-MLP,1,1,0.732075035572052,
9889,2018-04-17,11,La Liga,1,male,Celta Vigo,Barcelona,elite,authoritative_rolling_origin_primary,3,342,A-MLP,0,0,0.3879111707210541,
266357,2016-12-10,11,La Liga,2,male,Osasuna,Barcelona,elite,authoritative_rolling_origin_primary,3,342,B-GNN-full,0,0,0.04455352947115898,
266528,2016-12-18,11,La Liga,2,male,Barcelona,Espanyol,elite,authoritative_rolling_origin_primary,3,342,B-GNN-full,1,1,0.9780616760253906,
266477,2017-01-08,11,La Liga,2,male,Villarreal,Barcelona,elite,authoritative_rolling_origin_primary,3,342,B-GNN-full,0,0,0.2643754780292511,
267395,2017-01-14,11,La Liga,2,male,Barcelona,Las Palmas,elite,authoritative_rolling_origin_primary,3,342,B-GNN-full,1,1,0.9916862845420837,
266731,2017-01-22,11,La Liga,2,male,Eibar,Barcelona,elite,authoritative_rolling_origin_primary,3,342,B-GNN-full,0,0,0.2411036491394043,
266516,2017-01-29,11,La Liga,2,male,Real Betis,Barcelona,elite,authoritative_rolling_origin_primary,3,342,B-GNN-full,0,1,0.6277292370796204,
266874,2017-02-04,11,La Liga,2,male,Barcelona,Athletic Club,elite,authoritative_rolling_origin_primary,3,342,B-GNN-full,1,0,0.4074591398239136,
267464,2017-02-26,11,La Liga,2,male,Atlético Madrid,Barcelona,elite,authoritative_rolling_origin_primary,3,342,B-GNN-full,0,0,0.20637013018131256,
265952,2017-03-01,11,La Liga,2,male,Barcelona,Sporting Gijón,elite,authoritative_rolling_origin_primary,3,342,B-GNN-full,1,1,0.9256079196929932,
266299,2017-03-04,11,La Liga,2,male,Barcelona,Celta Vigo,elite,authoritative_rolling_origin_primary,3,342,B-GNN-full,1,1,0.842877209186554,
267660,2017-03-12,11,La Liga,2,male,RC Deportivo La Coruña,Barcelona,elite,authoritative_rolling_origin_primary,3,342,B-GNN-full,1,1,0.5588765740394592,
266440,2017-03-19,11,La Liga,2,male,Barcelona,Valencia,elite,authoritative_rolling_origin_primary,3,342,B-GNN-full,1,1,0.962885320186615,
266280,2017-04-05,11,La Liga,2,male,Barcelona,Sevilla,elite,authoritative_rolling_origin_primary,3,342,B-GNN-full,1,1,0.7521046996116638,
267590,2017-04-08,11,La Liga,2,male,Málaga,Barcelona,elite,authoritative_rolling_origin_primary,3,342,B-GNN-full,1,0,0.16738152503967285,
267373,2017-04-15,11,La Liga,2,male,Barcelona,Real Sociedad,elite,authoritative_rolling_origin_primary,3,342,B-GNN-full,1,1,0.9566285610198975,
267569,2017-04-23,11,La Liga,2,male,Real Madrid,Barcelona,elite,authoritative_rolling_origin_primary,3,342,B-GNN-full,0,1,0.7124283313751221,
267101,2017-04-26,11,La Liga,2,male,Barcelona,Osasuna,elite,authoritative_rolling_origin_primary,3,342,B-GNN-full,1,1,0.9818434119224548,
267077,2017-04-29,11,La Liga,2,male,Espanyol,Barcelona,elite,authoritative_rolling_origin_primary,3,342,B-GNN-full,0,0,0.25539717078208923,
266952,2017-05-06,11,La Liga,2,male,Barcelona,Villarreal,elite,authoritative_rolling_origin_primary,3,342,B-GNN-full,1,1,0.995128870010376,
267039,2017-05-14,11,La Liga,2,male,Las Palmas,Barcelona,elite,authoritative_rolling_origin_primary,3,342,B-GNN-full,0,0,0.198616623878479,
267432,2017-05-21,11,La Liga,2,male,Barcelona,Eibar,elite,authoritative_rolling_origin_primary,3,342,B-GNN-full,1,1,0.9992510676383972,
9575,2017-08-20,11,La Liga,1,male,Barcelona,Real Betis,elite,authoritative_rolling_origin_primary,3,342,B-GNN-full,1,1,0.7770883440971375,
9581,2017-08-26,11,La Liga,1,male,Deportivo Alavés,Barcelona,elite,authoritative_rolling_origin_primary,3,342,B-GNN-full,0,0,0.15870407223701477,
9592,2017-09-09,11,La Liga,1,male,Barcelona,Espanyol,elite,authoritative_rolling_origin_primary,3,342,B-GNN-full,1,1,0.9980756044387817,
9602,2017-09-16,11,La Liga,1,male,Getafe,Barcelona,elite,authoritative_rolling_origin_primary,3,342,B-GNN-full,0,0,0.1811138540506363,
9609,2017-09-19,11,La Liga,1,male,Barcelona,Eibar,elite,authoritative_rolling_origin_primary,3,342,B-GNN-full,1,1,0.9626457691192627,
9636,2017-10-01,11,La Liga,1,male,Barcelona,Las Palmas,elite,authoritative_rolling_origin_primary,3,342,B-GNN-full,1,1,0.99989914894104,
9642,2017-10-14,11,La Liga,1,male,Atlético Madrid,Barcelona,elite,authoritative_rolling_origin_primary,3,342,B-GNN-full,0,0,0.43796882033348083,
9650,2017-10-21,11,La Liga,1,male,Barcelona,Málaga,elite,authoritative_rolling_origin_primary,3,342,B-GNN-full,1,1,0.9864932894706726,
9661,2017-10-28,11,La Liga,1,male,Athletic Club,Barcelona,elite,authoritative_rolling_origin_primary,3,342,B-GNN-full,0,0,0.3731172978878021,
9673,2017-11-04,11,La Liga,1,male,Barcelona,Sevilla,elite,authoritative_rolling_origin_primary,3,342,B-GNN-full,1,1,0.7737689018249512,
9695,2017-11-26,11,La Liga,1,male,Valencia,Barcelona,elite,authoritative_rolling_origin_primary,3,342,B-GNN-full,0,1,0.5553115010261536,
9700,2017-12-02,11,La Liga,1,male,Barcelona,Celta Vigo,elite,authoritative_rolling_origin_primary,3,342,B-GNN-full,0,1,0.9992755055427551,
9717,2017-12-10,11,La Liga,1,male,Villarreal,Barcelona,elite,authoritative_rolling_origin_primary,3,342,B-GNN-full,0,1,0.549042820930481,
9726,2017-12-17,11,La Liga,1,male,Barcelona,RC Deportivo La Coruña,elite,authoritative_rolling_origin_primary,3,342,B-GNN-full,1,1,0.999975323677063,
9736,2017-12-23,11,La Liga,1,male,Real Madrid,Barcelona,elite,authoritative_rolling_origin_primary,3,342,B-GNN-full,0,0,0.49761736392974854,
9742,2018-01-07,11,La Liga,1,male,Barcelona,Levante UD,elite,authoritative_rolling_origin_primary,3,342,B-GNN-full,1,1,0.9947482943534851,
9754,2018-01-14,11,La Liga,1,male,Real Sociedad,Barcelona,elite,authoritative_rolling_origin_primary,3,342,B-GNN-full,0,1,0.5531499981880188,
9765,2018-01-21,11,La Liga,1,male,Real Betis,Barcelona,elite,authoritative_rolling_origin_primary,3,342,B-GNN-full,0,1,0.609146773815155,
9774,2018-01-28,11,La Liga,1,male,Barcelona,Deportivo Alavés,elite,authoritative_rolling_origin_primary,3,342,B-GNN-full,1,1,0.9767439365386963,
9783,2018-02-04,11,La Liga,1,male,Espanyol,Barcelona,elite,authoritative_rolling_origin_primary,3,342,B-GNN-full,0,0,0.19589592516422272,
9794,2018-02-11,11,La Liga,1,male,Barcelona,Getafe,elite,authoritative_rolling_origin_primary,3,342,B-GNN-full,0,1,0.8614838123321533,
9799,2018-02-17,11,La Liga,1,male,Eibar,Barcelona,elite,authoritative_rolling_origin_primary,3,342,B-GNN-full,0,0,0.2943113446235657,
9827,2018-03-01,11,La Liga,1,male,Las Palmas,Barcelona,elite,authoritative_rolling_origin_primary,3,342,B-GNN-full,0,0,0.2677539885044098,
9837,2018-03-04,11,La Liga,1,male,Barcelona,Atlético Madrid,elite,authoritative_rolling_origin_primary,3,342,B-GNN-full,1,1,0.5770329236984253,
9855,2018-03-18,11,La Liga,1,male,Barcelona,Athletic Club,elite,authoritative_rolling_origin_primary,3,342,B-GNN-full,1,1,0.7200859189033508,
9860,2018-03-31,11,La Liga,1,male,Sevilla,Barcelona,elite,authoritative_rolling_origin_primary,3,342,B-GNN-full,0,1,0.945641279220581,
9870,2018-04-07,11,La Liga,1,male,Barcelona,Leganés,elite,authoritative_rolling_origin_primary,3,342,B-GNN-full,1,1,0.9895793795585632,
9880,2018-04-14,11,La Liga,1,male,Barcelona,Valencia,elite,authoritative_rolling_origin_primary,3,342,B-GNN-full,1,1,0.9514091610908508,
9889,2018-04-17,11,La Liga,1,male,Celta Vigo,Barcelona,elite,authoritative_rolling_origin_primary,3,342,B-GNN-full,0,1,0.8853530883789062,
266357,2016-12-10,11,La Liga,2,male,Osasuna,Barcelona,elite,authoritative_rolling_origin_primary,3,342,C-Hybrid-full,0,0,0.17576690018177032,0.47806215286254883
266528,2016-12-18,11,La Liga,2,male,Barcelona,Espanyol,elite,authoritative_rolling_origin_primary,3,342,C-Hybrid-full,1,1,0.8716281652450562,0.47806215286254883
266477,2017-01-08,11,La Liga,2,male,Villarreal,Barcelona,elite,authoritative_rolling_origin_primary,3,342,C-Hybrid-full,0,0,0.2763826549053192,0.47806215286254883
267395,2017-01-14,11,La Liga,2,male,Barcelona,Las Palmas,elite,authoritative_rolling_origin_primary,3,342,C-Hybrid-full,1,1,0.9555311799049377,0.47806215286254883
266731,2017-01-22,11,La Liga,2,male,Eibar,Barcelona,elite,authoritative_rolling_origin_primary,3,342,C-Hybrid-full,0,0,0.33513787388801575,0.47806215286254883
266516,2017-01-29,11,La Liga,2,male,Real Betis,Barcelona,elite,authoritative_rolling_origin_primary,3,342,C-Hybrid-full,0,0,0.16658999025821686,0.47806215286254883
266874,2017-02-04,11,La Liga,2,male,Barcelona,Athletic Club,elite,authoritative_rolling_origin_primary,3,342,C-Hybrid-full,1,1,0.5773530006408691,0.47806215286254883
267464,2017-02-26,11,La Liga,2,male,Atlético Madrid,Barcelona,elite,authoritative_rolling_origin_primary,3,342,C-Hybrid-full,0,0,0.17237870395183563,0.47806215286254883
265952,2017-03-01,11,La Liga,2,male,Barcelona,Sporting Gijón,elite,authoritative_rolling_origin_primary,3,342,C-Hybrid-full,1,1,0.760848343372345,0.47806215286254883
266299,2017-03-04,11,La Liga,2,male,Barcelona,Celta Vigo,elite,authoritative_rolling_origin_primary,3,342,C-Hybrid-full,1,1,0.8271946907043457,0.47806215286254883
267660,2017-03-12,11,La Liga,2,male,RC Deportivo La Coruña,Barcelona,elite,authoritative_rolling_origin_primary,3,342,C-Hybrid-full,1,0,0.12064418941736221,0.47806215286254883
266440,2017-03-19,11,La Liga,2,male,Barcelona,Valencia,elite,authoritative_rolling_origin_primary,3,342,C-Hybrid-full,1,1,0.9730387330055237,0.47806215286254883
266280,2017-04-05,11,La Liga,2,male,Barcelona,Sevilla,elite,authoritative_rolling_origin_primary,3,342,C-Hybrid-full,1,1,0.8851721882820129,0.47806215286254883
267590,2017-04-08,11,La Liga,2,male,Málaga,Barcelona,elite,authoritative_rolling_origin_primary,3,342,C-Hybrid-full,1,0,0.44755589962005615,0.47806215286254883
267373,2017-04-15,11,La Liga,2,male,Barcelona,Real Sociedad,elite,authoritative_rolling_origin_primary,3,342,C-Hybrid-full,1,1,0.8579282760620117,0.47806215286254883
267569,2017-04-23,11,La Liga,2,male,Real Madrid,Barcelona,elite,authoritative_rolling_origin_primary,3,342,C-Hybrid-full,0,1,0.7854712009429932,0.47806215286254883
267101,2017-04-26,11,La Liga,2,male,Barcelona,Osasuna,elite,authoritative_rolling_origin_primary,3,342,C-Hybrid-full,1,1,0.8962621688842773,0.47806215286254883
267077,2017-04-29,11,La Liga,2,male,Espanyol,Barcelona,elite,authoritative_rolling_origin_primary,3,342,C-Hybrid-full,0,0,0.22985009849071503,0.47806215286254883
266952,2017-05-06,11,La Liga,2,male,Barcelona,Villarreal,elite,authoritative_rolling_origin_primary,3,342,C-Hybrid-full,1,1,0.9358853697776794,0.47806215286254883
267039,2017-05-14,11,La Liga,2,male,Las Palmas,Barcelona,elite,authoritative_rolling_origin_primary,3,342,C-Hybrid-full,0,0,0.07933244854211807,0.47806215286254883
267432,2017-05-21,11,La Liga,2,male,Barcelona,Eibar,elite,authoritative_rolling_origin_primary,3,342,C-Hybrid-full,1,1,0.9874005913734436,0.47806215286254883
9575,2017-08-20,11,La Liga,1,male,Barcelona,Real Betis,elite,authoritative_rolling_origin_primary,3,342,C-Hybrid-full,1,1,0.8477505445480347,0.47806215286254883
9581,2017-08-26,11,La Liga,1,male,Deportivo Alavés,Barcelona,elite,authoritative_rolling_origin_primary,3,342,C-Hybrid-full,0,0,0.06822352111339569,0.47806215286254883
9592,2017-09-09,11,La Liga,1,male,Barcelona,Espanyol,elite,authoritative_rolling_origin_primary,3,342,C-Hybrid-full,1,1,0.9804759621620178,0.47806215286254883
9602,2017-09-16,11,La Liga,1,male,Getafe,Barcelona,elite,authoritative_rolling_origin_primary,3,342,C-Hybrid-full,0,0,0.1430833786725998,0.47806215286254883
9609,2017-09-19,11,La Liga,1,male,Barcelona,Eibar,elite,authoritative_rolling_origin_primary,3,342,C-Hybrid-full,1,1,0.9775515198707581,0.47806215286254883
9636,2017-10-01,11,La Liga,1,male,Barcelona,Las Palmas,elite,authoritative_rolling_origin_primary,3,342,C-Hybrid-full,1,1,0.9933971166610718,0.47806215286254883
9642,2017-10-14,11,La Liga,1,male,Atlético Madrid,Barcelona,elite,authoritative_rolling_origin_primary,3,342,C-Hybrid-full,0,0,0.2634325325489044,0.47806215286254883
9650,2017-10-21,11,La Liga,1,male,Barcelona,Málaga,elite,authoritative_rolling_origin_primary,3,342,C-Hybrid-full,1,1,0.8756633400917053,0.47806215286254883
9661,2017-10-28,11,La Liga,1,male,Athletic Club,Barcelona,elite,authoritative_rolling_origin_primary,3,342,C-Hybrid-full,0,0,0.36108335852622986,0.47806215286254883
9673,2017-11-04,11,La Liga,1,male,Barcelona,Sevilla,elite,authoritative_rolling_origin_primary,3,342,C-Hybrid-full,1,1,0.7246043682098389,0.47806215286254883
9695,2017-11-26,11,La Liga,1,male,Valencia,Barcelona,elite,authoritative_rolling_origin_primary,3,342,C-Hybrid-full,0,0,0.43710532784461975,0.47806215286254883
9700,2017-12-02,11,La Liga,1,male,Barcelona,Celta Vigo,elite,authoritative_rolling_origin_primary,3,342,C-Hybrid-full,0,1,0.9423936009407043,0.47806215286254883
9717,2017-12-10,11,La Liga,1,male,Villarreal,Barcelona,elite,authoritative_rolling_origin_primary,3,342,C-Hybrid-full,0,0,0.3344915509223938,0.47806215286254883
9726,2017-12-17,11,La Liga,1,male,Barcelona,RC Deportivo La Coruña,elite,authoritative_rolling_origin_primary,3,342,C-Hybrid-full,1,1,0.9944820404052734,0.47806215286254883
9736,2017-12-23,11,La Liga,1,male,Real Madrid,Barcelona,elite,authoritative_rolling_origin_primary,3,342,C-Hybrid-full,0,1,0.5423149466514587,0.47806215286254883
9742,2018-01-07,11,La Liga,1,male,Barcelona,Levante UD,elite,authoritative_rolling_origin_primary,3,342,C-Hybrid-full,1,1,0.9466087222099304,0.47806215286254883
9754,2018-01-14,11,La Liga,1,male,Real Sociedad,Barcelona,elite,authoritative_rolling_origin_primary,3,342,C-Hybrid-full,0,0,0.3633609414100647,0.47806215286254883
9765,2018-01-21,11,La Liga,1,male,Real Betis,Barcelona,elite,authoritative_rolling_origin_primary,3,342,C-Hybrid-full,0,0,0.22348210215568542,0.47806215286254883
9774,2018-01-28,11,La Liga,1,male,Barcelona,Deportivo Alavés,elite,authoritative_rolling_origin_primary,3,342,C-Hybrid-full,1,1,0.9394554495811462,0.47806215286254883
9783,2018-02-04,11,La Liga,1,male,Espanyol,Barcelona,elite,authoritative_rolling_origin_primary,3,342,C-Hybrid-full,0,0,0.0962386354804039,0.47806215286254883
9794,2018-02-11,11,La Liga,1,male,Barcelona,Getafe,elite,authoritative_rolling_origin_primary,3,342,C-Hybrid-full,0,1,0.7360872626304626,0.47806215286254883
9799,2018-02-17,11,La Liga,1,male,Eibar,Barcelona,elite,authoritative_rolling_origin_primary,3,342,C-Hybrid-full,0,0,0.1273321509361267,0.47806215286254883
9827,2018-03-01,11,La Liga,1,male,Las Palmas,Barcelona,elite,authoritative_rolling_origin_primary,3,342,C-Hybrid-full,0,0,0.15028895437717438,0.47806215286254883
9837,2018-03-04,11,La Liga,1,male,Barcelona,Atlético Madrid,elite,authoritative_rolling_origin_primary,3,342,C-Hybrid-full,1,1,0.6493721604347229,0.47806215286254883
9855,2018-03-18,11,La Liga,1,male,Barcelona,Athletic Club,elite,authoritative_rolling_origin_primary,3,342,C-Hybrid-full,1,1,0.746146559715271,0.47806215286254883
9860,2018-03-31,11,La Liga,1,male,Sevilla,Barcelona,elite,authoritative_rolling_origin_primary,3,342,C-Hybrid-full,0,0,0.3836290240287781,0.47806215286254883
9870,2018-04-07,11,La Liga,1,male,Barcelona,Leganés,elite,authoritative_rolling_origin_primary,3,342,C-Hybrid-full,1,1,0.9381815791130066,0.47806215286254883
9880,2018-04-14,11,La Liga,1,male,Barcelona,Valencia,elite,authoritative_rolling_origin_primary,3,342,C-Hybrid-full,1,1,0.8933708071708679,0.47806215286254883
9889,2018-04-17,11,La Liga,1,male,Celta Vigo,Barcelona,elite,authoritative_rolling_origin_primary,3,342,C-Hybrid-full,0,0,0.46686291694641113,0.47806215286254883
9912,2018-04-29,11,La Liga,1,male,RC Deportivo La Coruña,Barcelona,elite,authoritative_rolling_origin_primary,4,442,A-XGB,0,0,0.2770001292228699,
9924,2018-05-06,11,La Liga,1,male,Barcelona,Real Madrid,elite,authoritative_rolling_origin_primary,4,442,A-XGB,0,1,0.5233997106552124,
9928,2018-05-09,11,La Liga,1,male,Barcelona,Villarreal,elite,authoritative_rolling_origin_primary,4,442,A-XGB,1,1,0.886428952217102,
9948,2018-05-20,11,La Liga,1,male,Barcelona,Real Sociedad,elite,authoritative_rolling_origin_primary,4,442,A-XGB,1,1,0.5936461091041565,
15946,2018-08-18,11,La Liga,4,male,Barcelona,Deportivo Alavés,elite,authoritative_rolling_origin_primary,4,442,A-XGB,1,1,0.7553626298904419,
15956,2018-08-25,11,La Liga,4,male,Real Valladolid,Barcelona,elite,authoritative_rolling_origin_primary,4,442,A-XGB,0,0,0.28397315740585327,
15978,2018-09-15,11,La Liga,4,male,Real Sociedad,Barcelona,elite,authoritative_rolling_origin_primary,4,442,A-XGB,0,0,0.09330475330352783,
15998,2018-09-26,11,La Liga,4,male,Leganés,Barcelona,elite,authoritative_rolling_origin_primary,4,442,A-XGB,1,0,0.2856639325618744,
16010,2018-09-29,11,La Liga,4,male,Barcelona,Athletic Club,elite,authoritative_rolling_origin_primary,4,442,A-XGB,0,1,0.8025084733963013,
16023,2018-10-07,11,La Liga,4,male,Valencia,Barcelona,elite,authoritative_rolling_origin_primary,4,442,A-XGB,0,0,0.16773825883865356,
16029,2018-10-20,11,La Liga,4,male,Barcelona,Sevilla,elite,authoritative_rolling_origin_primary,4,442,A-XGB,1,1,0.5593770146369934,
16056,2018-11-11,11,La Liga,4,male,Barcelona,Real Betis,elite,authoritative_rolling_origin_primary,4,442,A-XGB,0,1,0.8002544641494751,
16073,2018-11-24,11,La Liga,4,male,Atlético Madrid,Barcelona,elite,authoritative_rolling_origin_primary,4,442,A-XGB,0,0,0.23638442158699036,
16079,2018-12-02,11,La Liga,4,male,Barcelona,Villarreal,elite,authoritative_rolling_origin_primary,4,442,A-XGB,1,1,0.9345584511756897,
16086,2018-12-08,11,La Liga,4,male,Espanyol,Barcelona,elite,authoritative_rolling_origin_primary,4,442,A-XGB,0,0,0.3732871413230896,
16095,2018-12-16,11,La Liga,4,male,Levante UD,Barcelona,elite,authoritative_rolling_origin_primary,4,442,A-XGB,0,0,0.09795796871185303,
16109,2018-12-22,11,La Liga,4,male,Barcelona,Celta Vigo,elite,authoritative_rolling_origin_primary,4,442,A-XGB,1,1,0.939717710018158,
16120,2019-01-06,11,La Liga,4,male,Getafe,Barcelona,elite,authoritative_rolling_origin_primary,4,442,A-XGB,0,0,0.22046558558940887,
16131,2019-01-13,11,La Liga,4,male,Barcelona,Eibar,elite,authoritative_rolling_origin_primary,4,442,A-XGB,1,1,0.8504412770271301,
16136,2019-01-20,11,La Liga,4,male,Barcelona,Leganés,elite,authoritative_rolling_origin_primary,4,442,A-XGB,1,1,0.7513988614082336,
16149,2019-01-27,11,La Liga,4,male,Girona,Barcelona,elite,authoritative_rolling_origin_primary,4,442,A-XGB,0,0,0.15187892317771912,
16157,2019-02-02,11,La Liga,4,male,Barcelona,Valencia,elite,authoritative_rolling_origin_primary,4,442,A-XGB,0,1,0.8211814761161804,
16173,2019-02-10,11,La Liga,4,male,Athletic Club,Barcelona,elite,authoritative_rolling_origin_primary,4,442,A-XGB,0,0,0.15632577240467072,
16182,2019-02-16,11,La Liga,4,male,Barcelona,Real Valladolid,elite,authoritative_rolling_origin_primary,4,442,A-XGB,1,1,0.8011108636856079,
16190,2019-02-23,11,La Liga,4,male,Sevilla,Barcelona,elite,authoritative_rolling_origin_primary,4,442,A-XGB,0,1,0.6237647533416748,
16196,2019-03-02,11,La Liga,4,male,Real Madrid,Barcelona,elite,authoritative_rolling_origin_primary,4,442,A-XGB,0,1,0.6629002690315247,
16205,2019-03-09,11,La Liga,4,male,Barcelona,Rayo Vallecano,elite,authoritative_rolling_origin_primary,4,442,A-XGB,1,1,0.7998440861701965,
16215,2019-03-17,11,La Liga,4,male,Real Betis,Barcelona,elite,authoritative_rolling_origin_primary,4,442,A-XGB,0,0,0.13227635622024536,
16231,2019-03-30,11,La Liga,4,male,Barcelona,Espanyol,elite,authoritative_rolling_origin_primary,4,442,A-XGB,1,1,0.9871614575386047,
16240,2019-04-02,11,La Liga,4,male,Villarreal,Barcelona,elite,authoritative_rolling_origin_primary,4,442,A-XGB,0,0,0.1325807422399521,
16248,2019-04-06,11,La Liga,4,male,Barcelona,Atlético Madrid,elite,authoritative_rolling_origin_primary,4,442,A-XGB,1,0,0.19395378232002258,
16265,2019-04-20,11,La Liga,4,male,Barcelona,Real Sociedad,elite,authoritative_rolling_origin_primary,4,442,A-XGB,1,1,0.6049726605415344,
16275,2019-04-23,11,La Liga,4,male,Deportivo Alavés,Barcelona,elite,authoritative_rolling_origin_primary,4,442,A-XGB,0,0,0.07545986026525497,
16289,2019-04-27,11,La Liga,4,male,Barcelona,Levante UD,elite,authoritative_rolling_origin_primary,4,442,A-XGB,1,1,0.949685275554657,
16306,2019-05-12,11,La Liga,4,male,Barcelona,Getafe,elite,authoritative_rolling_origin_primary,4,442,A-XGB,1,1,0.9284542202949524,
16317,2019-05-19,11,La Liga,4,male,Eibar,Barcelona,elite,authoritative_rolling_origin_primary,4,442,A-XGB,0,0,0.1376255601644516,
303666,2019-09-21,11,La Liga,42,male,Granada,Barcelona,elite,authoritative_rolling_origin_primary,4,442,A-XGB,1,0,0.11451451480388641,
303430,2019-09-24,11,La Liga,42,male,Barcelona,Villarreal,elite,authoritative_rolling_origin_primary,4,442,A-XGB,1,0,0.39570942521095276,
303473,2019-10-06,11,La Liga,42,male,Barcelona,Sevilla,elite,authoritative_rolling_origin_primary,4,442,A-XGB,1,1,0.5034056901931763,
303700,2019-10-19,11,La Liga,42,male,Eibar,Barcelona,elite,authoritative_rolling_origin_primary,4,442,A-XGB,0,1,0.7163123488426208,
303600,2019-10-29,11,La Liga,42,male,Barcelona,Real Valladolid,elite,authoritative_rolling_origin_primary,4,442,A-XGB,1,1,0.5948633551597595,
303504,2019-11-02,11,La Liga,42,male,Levante UD,Barcelona,elite,authoritative_rolling_origin_primary,4,442,A-XGB,1,0,0.08428420126438141,
303487,2019-11-09,11,La Liga,42,male,Barcelona,Celta Vigo,elite,authoritative_rolling_origin_primary,4,442,A-XGB,1,1,0.8421425223350525,
303715,2019-11-23,11,La Liga,42,male,Leganés,Barcelona,elite,authoritative_rolling_origin_primary,4,442,A-XGB,0,0,0.19218498468399048,
303524,2019-12-01,11,La Liga,42,male,Atlético Madrid,Barcelona,elite,authoritative_rolling_origin_primary,4,442,A-XGB,0,0,0.04782766476273537,
303451,2019-12-07,11,La Liga,42,male,Barcelona,Mallorca,elite,authoritative_rolling_origin_primary,4,442,A-XGB,1,1,0.8410510420799255,
303664,2019-12-14,11,La Liga,42,male,Real Sociedad,Barcelona,elite,authoritative_rolling_origin_primary,4,442,A-XGB,0,0,0.1345011442899704,
303596,2019-12-18,11,La Liga,42,male,Barcelona,Real Madrid,elite,authoritative_rolling_origin_primary,4,442,A-XGB,0,1,0.602952241897583,
303517,2019-12-21,11,La Liga,42,male,Barcelona,Deportivo Alavés,elite,authoritative_rolling_origin_primary,4,442,A-XGB,1,1,0.6723824143409729,
303652,2020-01-04,11,La Liga,42,male,Espanyol,Barcelona,elite,authoritative_rolling_origin_primary,4,442,A-XGB,0,0,0.16367065906524658,
9912,2018-04-29,11,La Liga,1,male,RC Deportivo La Coruña,Barcelona,elite,authoritative_rolling_origin_primary,4,442,A-MLP,0,0,0.17324231564998627,
9924,2018-05-06,11,La Liga,1,male,Barcelona,Real Madrid,elite,authoritative_rolling_origin_primary,4,442,A-MLP,0,0,0.4413624107837677,
9928,2018-05-09,11,La Liga,1,male,Barcelona,Villarreal,elite,authoritative_rolling_origin_primary,4,442,A-MLP,1,1,0.661491334438324,
9948,2018-05-20,11,La Liga,1,male,Barcelona,Real Sociedad,elite,authoritative_rolling_origin_primary,4,442,A-MLP,1,0,0.4128440022468567,
15946,2018-08-18,11,La Liga,4,male,Barcelona,Deportivo Alavés,elite,authoritative_rolling_origin_primary,4,442,A-MLP,1,1,0.6423730254173279,
15956,2018-08-25,11,La Liga,4,male,Real Valladolid,Barcelona,elite,authoritative_rolling_origin_primary,4,442,A-MLP,0,0,0.17607295513153076,
15978,2018-09-15,11,La Liga,4,male,Real Sociedad,Barcelona,elite,authoritative_rolling_origin_primary,4,442,A-MLP,0,0,0.16591256856918335,
15998,2018-09-26,11,La Liga,4,male,Leganés,Barcelona,elite,authoritative_rolling_origin_primary,4,442,A-MLP,1,0,0.1582997590303421,
16010,2018-09-29,11,La Liga,4,male,Barcelona,Athletic Club,elite,authoritative_rolling_origin_primary,4,442,A-MLP,0,1,0.6732780337333679,
16023,2018-10-07,11,La Liga,4,male,Valencia,Barcelona,elite,authoritative_rolling_origin_primary,4,442,A-MLP,0,0,0.1915600299835205,
16029,2018-10-20,11,La Liga,4,male,Barcelona,Sevilla,elite,authoritative_rolling_origin_primary,4,442,A-MLP,1,1,0.6489995718002319,
16056,2018-11-11,11,La Liga,4,male,Barcelona,Real Betis,elite,authoritative_rolling_origin_primary,4,442,A-MLP,0,1,0.7072201371192932,
16073,2018-11-24,11,La Liga,4,male,Atlético Madrid,Barcelona,elite,authoritative_rolling_origin_primary,4,442,A-MLP,0,0,0.2712920606136322,
16079,2018-12-02,11,La Liga,4,male,Barcelona,Villarreal,elite,authoritative_rolling_origin_primary,4,442,A-MLP,1,1,0.591789186000824,
16086,2018-12-08,11,La Liga,4,male,Espanyol,Barcelona,elite,authoritative_rolling_origin_primary,4,442,A-MLP,0,0,0.1894136667251587,
16095,2018-12-16,11,La Liga,4,male,Levante UD,Barcelona,elite,authoritative_rolling_origin_primary,4,442,A-MLP,0,0,0.18853215873241425,
16109,2018-12-22,11,La Liga,4,male,Barcelona,Celta Vigo,elite,authoritative_rolling_origin_primary,4,442,A-MLP,1,1,0.6034466028213501,
16120,2019-01-06,11,La Liga,4,male,Getafe,Barcelona,elite,authoritative_rolling_origin_primary,4,442,A-MLP,0,0,0.24870458245277405,
16131,2019-01-13,11,La Liga,4,male,Barcelona,Eibar,elite,authoritative_rolling_origin_primary,4,442,A-MLP,1,1,0.5663561224937439,
16136,2019-01-20,11,La Liga,4,male,Barcelona,Leganés,elite,authoritative_rolling_origin_primary,4,442,A-MLP,1,1,0.6404262781143188,
16149,2019-01-27,11,La Liga,4,male,Girona,Barcelona,elite,authoritative_rolling_origin_primary,4,442,A-MLP,0,0,0.1213228777050972,
16157,2019-02-02,11,La Liga,4,male,Barcelona,Valencia,elite,authoritative_rolling_origin_primary,4,442,A-MLP,0,1,0.6989430785179138,
16173,2019-02-10,11,La Liga,4,male,Athletic Club,Barcelona,elite,authoritative_rolling_origin_primary,4,442,A-MLP,0,0,0.22669219970703125,
16182,2019-02-16,11,La Liga,4,male,Barcelona,Real Valladolid,elite,authoritative_rolling_origin_primary,4,442,A-MLP,1,1,0.6595810055732727,
16190,2019-02-23,11,La Liga,4,male,Sevilla,Barcelona,elite,authoritative_rolling_origin_primary,4,442,A-MLP,0,0,0.3320908844470978,
16196,2019-03-02,11,La Liga,4,male,Real Madrid,Barcelona,elite,authoritative_rolling_origin_primary,4,442,A-MLP,0,0,0.4606618583202362,
16205,2019-03-09,11,La Liga,4,male,Barcelona,Rayo Vallecano,elite,authoritative_rolling_origin_primary,4,442,A-MLP,1,0,0.4785554111003876,
16215,2019-03-17,11,La Liga,4,male,Real Betis,Barcelona,elite,authoritative_rolling_origin_primary,4,442,A-MLP,0,0,0.20624403655529022,
16231,2019-03-30,11,La Liga,4,male,Barcelona,Espanyol,elite,authoritative_rolling_origin_primary,4,442,A-MLP,1,1,0.6421526074409485,
16240,2019-04-02,11,La Liga,4,male,Villarreal,Barcelona,elite,authoritative_rolling_origin_primary,4,442,A-MLP,0,0,0.22534523904323578,
16248,2019-04-06,11,La Liga,4,male,Barcelona,Atlético Madrid,elite,authoritative_rolling_origin_primary,4,442,A-MLP,1,1,0.7528880834579468,
16265,2019-04-20,11,La Liga,4,male,Barcelona,Real Sociedad,elite,authoritative_rolling_origin_primary,4,442,A-MLP,1,1,0.679654598236084,
16275,2019-04-23,11,La Liga,4,male,Deportivo Alavés,Barcelona,elite,authoritative_rolling_origin_primary,4,442,A-MLP,0,0,0.049009770154953,
16289,2019-04-27,11,La Liga,4,male,Barcelona,Levante UD,elite,authoritative_rolling_origin_primary,4,442,A-MLP,1,1,0.6617646217346191,
16306,2019-05-12,11,La Liga,4,male,Barcelona,Getafe,elite,authoritative_rolling_origin_primary,4,442,A-MLP,1,1,0.782302975654602,
16317,2019-05-19,11,La Liga,4,male,Eibar,Barcelona,elite,authoritative_rolling_origin_primary,4,442,A-MLP,0,0,0.23937861621379852,
303666,2019-09-21,11,La Liga,42,male,Granada,Barcelona,elite,authoritative_rolling_origin_primary,4,442,A-MLP,1,0,0.20389500260353088,
303430,2019-09-24,11,La Liga,42,male,Barcelona,Villarreal,elite,authoritative_rolling_origin_primary,4,442,A-MLP,1,0,0.4983573257923126,
303473,2019-10-06,11,La Liga,42,male,Barcelona,Sevilla,elite,authoritative_rolling_origin_primary,4,442,A-MLP,1,0,0.4335149824619293,
303700,2019-10-19,11,La Liga,42,male,Eibar,Barcelona,elite,authoritative_rolling_origin_primary,4,442,A-MLP,0,0,0.4843692481517792,
303600,2019-10-29,11,La Liga,42,male,Barcelona,Real Valladolid,elite,authoritative_rolling_origin_primary,4,442,A-MLP,1,1,0.6660668253898621,
303504,2019-11-02,11,La Liga,42,male,Levante UD,Barcelona,elite,authoritative_rolling_origin_primary,4,442,A-MLP,1,0,0.13694307208061218,
303487,2019-11-09,11,La Liga,42,male,Barcelona,Celta Vigo,elite,authoritative_rolling_origin_primary,4,442,A-MLP,1,1,0.6857172250747681,
303715,2019-11-23,11,La Liga,42,male,Leganés,Barcelona,elite,authoritative_rolling_origin_primary,4,442,A-MLP,0,0,0.15744853019714355,
303524,2019-12-01,11,La Liga,42,male,Atlético Madrid,Barcelona,elite,authoritative_rolling_origin_primary,4,442,A-MLP,0,0,0.1277751922607422,
303451,2019-12-07,11,La Liga,42,male,Barcelona,Mallorca,elite,authoritative_rolling_origin_primary,4,442,A-MLP,1,1,0.7137506008148193,
303664,2019-12-14,11,La Liga,42,male,Real Sociedad,Barcelona,elite,authoritative_rolling_origin_primary,4,442,A-MLP,0,0,0.22979547083377838,
303596,2019-12-18,11,La Liga,42,male,Barcelona,Real Madrid,elite,authoritative_rolling_origin_primary,4,442,A-MLP,0,1,0.5636764168739319,
303517,2019-12-21,11,La Liga,42,male,Barcelona,Deportivo Alavés,elite,authoritative_rolling_origin_primary,4,442,A-MLP,1,1,0.8047043681144714,
303652,2020-01-04,11,La Liga,42,male,Espanyol,Barcelona,elite,authoritative_rolling_origin_primary,4,442,A-MLP,0,0,0.3561103940010071,
9912,2018-04-29,11,La Liga,1,male,RC Deportivo La Coruña,Barcelona,elite,authoritative_rolling_origin_primary,4,442,B-GNN-full,0,1,0.6127128005027771,
9924,2018-05-06,11,La Liga,1,male,Barcelona,Real Madrid,elite,authoritative_rolling_origin_primary,4,442,B-GNN-full,0,1,0.6531310081481934,
9928,2018-05-09,11,La Liga,1,male,Barcelona,Villarreal,elite,authoritative_rolling_origin_primary,4,442,B-GNN-full,1,1,0.9272429943084717,
9948,2018-05-20,11,La Liga,1,male,Barcelona,Real Sociedad,elite,authoritative_rolling_origin_primary,4,442,B-GNN-full,1,1,0.5320984125137329,
15946,2018-08-18,11,La Liga,4,male,Barcelona,Deportivo Alavés,elite,authoritative_rolling_origin_primary,4,442,B-GNN-full,1,1,0.8628221750259399,
15956,2018-08-25,11,La Liga,4,male,Real Valladolid,Barcelona,elite,authoritative_rolling_origin_primary,4,442,B-GNN-full,0,0,0.23550978302955627,
15978,2018-09-15,11,La Liga,4,male,Real Sociedad,Barcelona,elite,authoritative_rolling_origin_primary,4,442,B-GNN-full,0,0,0.42975321412086487,
15998,2018-09-26,11,La Liga,4,male,Leganés,Barcelona,elite,authoritative_rolling_origin_primary,4,442,B-GNN-full,1,0,0.3697003722190857,
16010,2018-09-29,11,La Liga,4,male,Barcelona,Athletic Club,elite,authoritative_rolling_origin_primary,4,442,B-GNN-full,0,1,0.8813173770904541,
16023,2018-10-07,11,La Liga,4,male,Valencia,Barcelona,elite,authoritative_rolling_origin_primary,4,442,B-GNN-full,0,0,0.3700399398803711,
16029,2018-10-20,11,La Liga,4,male,Barcelona,Sevilla,elite,authoritative_rolling_origin_primary,4,442,B-GNN-full,1,1,0.8569564819335938,
16056,2018-11-11,11,La Liga,4,male,Barcelona,Real Betis,elite,authoritative_rolling_origin_primary,4,442,B-GNN-full,0,1,0.9802912473678589,
16073,2018-11-24,11,La Liga,4,male,Atlético Madrid,Barcelona,elite,authoritative_rolling_origin_primary,4,442,B-GNN-full,0,0,0.3019421100616455,
16079,2018-12-02,11,La Liga,4,male,Barcelona,Villarreal,elite,authoritative_rolling_origin_primary,4,442,B-GNN-full,1,1,0.7343578934669495,
16086,2018-12-08,11,La Liga,4,male,Espanyol,Barcelona,elite,authoritative_rolling_origin_primary,4,442,B-GNN-full,0,0,0.4471990168094635,
16095,2018-12-16,11,La Liga,4,male,Levante UD,Barcelona,elite,authoritative_rolling_origin_primary,4,442,B-GNN-full,0,0,0.34260037541389465,
16109,2018-12-22,11,La Liga,4,male,Barcelona,Celta Vigo,elite,authoritative_rolling_origin_primary,4,442,B-GNN-full,1,1,0.640998899936676,
16120,2019-01-06,11,La Liga,4,male,Getafe,Barcelona,elite,authoritative_rolling_origin_primary,4,442,B-GNN-full,0,0,0.38212308287620544,
16131,2019-01-13,11,La Liga,4,male,Barcelona,Eibar,elite,authoritative_rolling_origin_primary,4,442,B-GNN-full,1,1,0.7321543097496033,
16136,2019-01-20,11,La Liga,4,male,Barcelona,Leganés,elite,authoritative_rolling_origin_primary,4,442,B-GNN-full,1,1,0.9272555112838745,
16149,2019-01-27,11,La Liga,4,male,Girona,Barcelona,elite,authoritative_rolling_origin_primary,4,442,B-GNN-full,0,0,0.3423249423503876,
16157,2019-02-02,11,La Liga,4,male,Barcelona,Valencia,elite,authoritative_rolling_origin_primary,4,442,B-GNN-full,0,1,0.9350398182868958,
16173,2019-02-10,11,La Liga,4,male,Athletic Club,Barcelona,elite,authoritative_rolling_origin_primary,4,442,B-GNN-full,0,0,0.39105674624443054,
16182,2019-02-16,11,La Liga,4,male,Barcelona,Real Valladolid,elite,authoritative_rolling_origin_primary,4,442,B-GNN-full,1,1,0.9902864098548889,
16190,2019-02-23,11,La Liga,4,male,Sevilla,Barcelona,elite,authoritative_rolling_origin_primary,4,442,B-GNN-full,0,0,0.33023011684417725,
16196,2019-03-02,11,La Liga,4,male,Real Madrid,Barcelona,elite,authoritative_rolling_origin_primary,4,442,B-GNN-full,0,0,0.40008091926574707,
16205,2019-03-09,11,La Liga,4,male,Barcelona,Rayo Vallecano,elite,authoritative_rolling_origin_primary,4,442,B-GNN-full,1,1,0.9354106187820435,
16215,2019-03-17,11,La Liga,4,male,Real Betis,Barcelona,elite,authoritative_rolling_origin_primary,4,442,B-GNN-full,0,1,0.624310314655304,
16231,2019-03-30,11,La Liga,4,male,Barcelona,Espanyol,elite,authoritative_rolling_origin_primary,4,442,B-GNN-full,1,1,0.7468085289001465,
16240,2019-04-02,11,La Liga,4,male,Villarreal,Barcelona,elite,authoritative_rolling_origin_primary,4,442,B-GNN-full,0,1,0.6613243222236633,
16248,2019-04-06,11,La Liga,4,male,Barcelona,Atlético Madrid,elite,authoritative_rolling_origin_primary,4,442,B-GNN-full,1,1,0.7779251337051392,
16265,2019-04-20,11,La Liga,4,male,Barcelona,Real Sociedad,elite,authoritative_rolling_origin_primary,4,442,B-GNN-full,1,1,0.5781183242797852,
16275,2019-04-23,11,La Liga,4,male,Deportivo Alavés,Barcelona,elite,authoritative_rolling_origin_primary,4,442,B-GNN-full,0,0,0.25742819905281067,
16289,2019-04-27,11,La Liga,4,male,Barcelona,Levante UD,elite,authoritative_rolling_origin_primary,4,442,B-GNN-full,1,1,0.7215843796730042,
16306,2019-05-12,11,La Liga,4,male,Barcelona,Getafe,elite,authoritative_rolling_origin_primary,4,442,B-GNN-full,1,1,0.8757039308547974,
16317,2019-05-19,11,La Liga,4,male,Eibar,Barcelona,elite,authoritative_rolling_origin_primary,4,442,B-GNN-full,0,0,0.4213273823261261,
303666,2019-09-21,11,La Liga,42,male,Granada,Barcelona,elite,authoritative_rolling_origin_primary,4,442,B-GNN-full,1,0,0.25421223044395447,
303430,2019-09-24,11,La Liga,42,male,Barcelona,Villarreal,elite,authoritative_rolling_origin_primary,4,442,B-GNN-full,1,1,0.5944216847419739,
303473,2019-10-06,11,La Liga,42,male,Barcelona,Sevilla,elite,authoritative_rolling_origin_primary,4,442,B-GNN-full,1,1,0.7182289361953735,
303700,2019-10-19,11,La Liga,42,male,Eibar,Barcelona,elite,authoritative_rolling_origin_primary,4,442,B-GNN-full,0,0,0.3057059049606323,
303600,2019-10-29,11,La Liga,42,male,Barcelona,Real Valladolid,elite,authoritative_rolling_origin_primary,4,442,B-GNN-full,1,1,0.8260082602500916,
303504,2019-11-02,11,La Liga,42,male,Levante UD,Barcelona,elite,authoritative_rolling_origin_primary,4,442,B-GNN-full,1,0,0.39195454120635986,
303487,2019-11-09,11,La Liga,42,male,Barcelona,Celta Vigo,elite,authoritative_rolling_origin_primary,4,442,B-GNN-full,1,1,0.881526529788971,
303715,2019-11-23,11,La Liga,42,male,Leganés,Barcelona,elite,authoritative_rolling_origin_primary,4,442,B-GNN-full,0,0,0.19859492778778076,
303524,2019-12-01,11,La Liga,42,male,Atlético Madrid,Barcelona,elite,authoritative_rolling_origin_primary,4,442,B-GNN-full,0,0,0.3682818114757538,
303451,2019-12-07,11,La Liga,42,male,Barcelona,Mallorca,elite,authoritative_rolling_origin_primary,4,442,B-GNN-full,1,1,0.9528849124908447,
303664,2019-12-14,11,La Liga,42,male,Real Sociedad,Barcelona,elite,authoritative_rolling_origin_primary,4,442,B-GNN-full,0,1,0.72068190574646,
303596,2019-12-18,11,La Liga,42,male,Barcelona,Real Madrid,elite,authoritative_rolling_origin_primary,4,442,B-GNN-full,0,1,0.5340592265129089,
303517,2019-12-21,11,La Liga,42,male,Barcelona,Deportivo Alavés,elite,authoritative_rolling_origin_primary,4,442,B-GNN-full,1,1,0.916603147983551,
303652,2020-01-04,11,La Liga,42,male,Espanyol,Barcelona,elite,authoritative_rolling_origin_primary,4,442,B-GNN-full,0,0,0.2125125676393509,
9912,2018-04-29,11,La Liga,1,male,RC Deportivo La Coruña,Barcelona,elite,authoritative_rolling_origin_primary,4,442,C-Hybrid-full,0,0,0.2645227909088135,0.48635685443878174
9924,2018-05-06,11,La Liga,1,male,Barcelona,Real Madrid,elite,authoritative_rolling_origin_primary,4,442,C-Hybrid-full,0,1,0.5635766386985779,0.48635685443878174
9928,2018-05-09,11,La Liga,1,male,Barcelona,Villarreal,elite,authoritative_rolling_origin_primary,4,442,C-Hybrid-full,1,1,0.9253353476524353,0.48635685443878174
9948,2018-05-20,11,La Liga,1,male,Barcelona,Real Sociedad,elite,authoritative_rolling_origin_primary,4,442,C-Hybrid-full,1,0,0.4274948537349701,0.48635685443878174
15946,2018-08-18,11,La Liga,4,male,Barcelona,Deportivo Alavés,elite,authoritative_rolling_origin_primary,4,442,C-Hybrid-full,1,1,0.7973403930664062,0.48635685443878174
15956,2018-08-25,11,La Liga,4,male,Real Valladolid,Barcelona,elite,authoritative_rolling_origin_primary,4,442,C-Hybrid-full,0,0,0.06964051723480225,0.48635685443878174
15978,2018-09-15,11,La Liga,4,male,Real Sociedad,Barcelona,elite,authoritative_rolling_origin_primary,4,442,C-Hybrid-full,0,0,0.21150556206703186,0.48635685443878174
15998,2018-09-26,11,La Liga,4,male,Leganés,Barcelona,elite,authoritative_rolling_origin_primary,4,442,C-Hybrid-full,1,0,0.18824362754821777,0.48635685443878174
16010,2018-09-29,11,La Liga,4,male,Barcelona,Athletic Club,elite,authoritative_rolling_origin_primary,4,442,C-Hybrid-full,0,1,0.9085661768913269,0.48635685443878174
16023,2018-10-07,11,La Liga,4,male,Valencia,Barcelona,elite,authoritative_rolling_origin_primary,4,442,C-Hybrid-full,0,0,0.24879863858222961,0.48635685443878174
16029,2018-10-20,11,La Liga,4,male,Barcelona,Sevilla,elite,authoritative_rolling_origin_primary,4,442,C-Hybrid-full,1,1,0.9195375442504883,0.48635685443878174
16056,2018-11-11,11,La Liga,4,male,Barcelona,Real Betis,elite,authoritative_rolling_origin_primary,4,442,C-Hybrid-full,0,1,0.9904773235321045,0.48635685443878174
16073,2018-11-24,11,La Liga,4,male,Atlético Madrid,Barcelona,elite,authoritative_rolling_origin_primary,4,442,C-Hybrid-full,0,0,0.19247408211231232,0.48635685443878174
16079,2018-12-02,11,La Liga,4,male,Barcelona,Villarreal,elite,authoritative_rolling_origin_primary,4,442,C-Hybrid-full,1,1,0.6254166960716248,0.48635685443878174
16086,2018-12-08,11,La Liga,4,male,Espanyol,Barcelona,elite,authoritative_rolling_origin_primary,4,442,C-Hybrid-full,0,0,0.10665550827980042,0.48635685443878174
16095,2018-12-16,11,La Liga,4,male,Levante UD,Barcelona,elite,authoritative_rolling_origin_primary,4,442,C-Hybrid-full,0,0,0.054694660007953644,0.48635685443878174
16109,2018-12-22,11,La Liga,4,male,Barcelona,Celta Vigo,elite,authoritative_rolling_origin_primary,4,442,C-Hybrid-full,1,1,0.8016036152839661,0.48635685443878174
16120,2019-01-06,11,La Liga,4,male,Getafe,Barcelona,elite,authoritative_rolling_origin_primary,4,442,C-Hybrid-full,0,0,0.3693862557411194,0.48635685443878174
16131,2019-01-13,11,La Liga,4,male,Barcelona,Eibar,elite,authoritative_rolling_origin_primary,4,442,C-Hybrid-full,1,1,0.8292262554168701,0.48635685443878174
16136,2019-01-20,11,La Liga,4,male,Barcelona,Leganés,elite,authoritative_rolling_origin_primary,4,442,C-Hybrid-full,1,1,0.9016616940498352,0.48635685443878174
16149,2019-01-27,11,La Liga,4,male,Girona,Barcelona,elite,authoritative_rolling_origin_primary,4,442,C-Hybrid-full,0,0,0.10228492319583893,0.48635685443878174
16157,2019-02-02,11,La Liga,4,male,Barcelona,Valencia,elite,authoritative_rolling_origin_primary,4,442,C-Hybrid-full,0,1,0.935075044631958,0.48635685443878174
16173,2019-02-10,11,La Liga,4,male,Athletic Club,Barcelona,elite,authoritative_rolling_origin_primary,4,442,C-Hybrid-full,0,0,0.2154150903224945,0.48635685443878174
16182,2019-02-16,11,La Liga,4,male,Barcelona,Real Valladolid,elite,authoritative_rolling_origin_primary,4,442,C-Hybrid-full,1,1,0.9888202548027039,0.48635685443878174
16190,2019-02-23,11,La Liga,4,male,Sevilla,Barcelona,elite,authoritative_rolling_origin_primary,4,442,C-Hybrid-full,0,0,0.2131195366382599,0.48635685443878174
16196,2019-03-02,11,La Liga,4,male,Real Madrid,Barcelona,elite,authoritative_rolling_origin_primary,4,442,C-Hybrid-full,0,0,0.327481210231781,0.48635685443878174
16205,2019-03-09,11,La Liga,4,male,Barcelona,Rayo Vallecano,elite,authoritative_rolling_origin_primary,4,442,C-Hybrid-full,1,1,0.8469688296318054,0.48635685443878174
16215,2019-03-17,11,La Liga,4,male,Real Betis,Barcelona,elite,authoritative_rolling_origin_primary,4,442,C-Hybrid-full,0,0,0.15190766751766205,0.48635685443878174
16231,2019-03-30,11,La Liga,4,male,Barcelona,Espanyol,elite,authoritative_rolling_origin_primary,4,442,C-Hybrid-full,1,1,0.8017298579216003,0.48635685443878174
16240,2019-04-02,11,La Liga,4,male,Villarreal,Barcelona,elite,authoritative_rolling_origin_primary,4,442,C-Hybrid-full,0,0,0.39162784814834595,0.48635685443878174
16248,2019-04-06,11,La Liga,4,male,Barcelona,Atlético Madrid,elite,authoritative_rolling_origin_primary,4,442,C-Hybrid-full,1,1,0.6043848395347595,0.48635685443878174
16265,2019-04-20,11,La Liga,4,male,Barcelona,Real Sociedad,elite,authoritative_rolling_origin_primary,4,442,C-Hybrid-full,1,1,0.6111540794372559,0.48635685443878174
16275,2019-04-23,11,La Liga,4,male,Deportivo Alavés,Barcelona,elite,authoritative_rolling_origin_primary,4,442,C-Hybrid-full,0,0,0.05029734969139099,0.48635685443878174
16289,2019-04-27,11,La Liga,4,male,Barcelona,Levante UD,elite,authoritative_rolling_origin_primary,4,442,C-Hybrid-full,1,1,0.7512999176979065,0.48635685443878174
16306,2019-05-12,11,La Liga,4,male,Barcelona,Getafe,elite,authoritative_rolling_origin_primary,4,442,C-Hybrid-full,1,1,0.7767370343208313,0.48635685443878174
16317,2019-05-19,11,La Liga,4,male,Eibar,Barcelona,elite,authoritative_rolling_origin_primary,4,442,C-Hybrid-full,0,0,0.158841073513031,0.48635685443878174
303666,2019-09-21,11,La Liga,42,male,Granada,Barcelona,elite,authoritative_rolling_origin_primary,4,442,C-Hybrid-full,1,0,0.13277696073055267,0.48635685443878174
303430,2019-09-24,11,La Liga,42,male,Barcelona,Villarreal,elite,authoritative_rolling_origin_primary,4,442,C-Hybrid-full,1,0,0.4732961654663086,0.48635685443878174
303473,2019-10-06,11,La Liga,42,male,Barcelona,Sevilla,elite,authoritative_rolling_origin_primary,4,442,C-Hybrid-full,1,1,0.6002827286720276,0.48635685443878174
303700,2019-10-19,11,La Liga,42,male,Eibar,Barcelona,elite,authoritative_rolling_origin_primary,4,442,C-Hybrid-full,0,0,0.25475817918777466,0.48635685443878174
303600,2019-10-29,11,La Liga,42,male,Barcelona,Real Valladolid,elite,authoritative_rolling_origin_primary,4,442,C-Hybrid-full,1,1,0.8377325534820557,0.48635685443878174
303504,2019-11-02,11,La Liga,42,male,Levante UD,Barcelona,elite,authoritative_rolling_origin_primary,4,442,C-Hybrid-full,1,0,0.12846079468727112,0.48635685443878174
303487,2019-11-09,11,La Liga,42,male,Barcelona,Celta Vigo,elite,authoritative_rolling_origin_primary,4,442,C-Hybrid-full,1,1,0.8555619716644287,0.48635685443878174
303715,2019-11-23,11,La Liga,42,male,Leganés,Barcelona,elite,authoritative_rolling_origin_primary,4,442,C-Hybrid-full,0,0,0.0909852534532547,0.48635685443878174
303524,2019-12-01,11,La Liga,42,male,Atlético Madrid,Barcelona,elite,authoritative_rolling_origin_primary,4,442,C-Hybrid-full,0,0,0.09399493783712387,0.48635685443878174
303451,2019-12-07,11,La Liga,42,male,Barcelona,Mallorca,elite,authoritative_rolling_origin_primary,4,442,C-Hybrid-full,1,1,0.9661855101585388,0.48635685443878174
303664,2019-12-14,11,La Liga,42,male,Real Sociedad,Barcelona,elite,authoritative_rolling_origin_primary,4,442,C-Hybrid-full,0,0,0.17953254282474518,0.48635685443878174
303596,2019-12-18,11,La Liga,42,male,Barcelona,Real Madrid,elite,authoritative_rolling_origin_primary,4,442,C-Hybrid-full,0,1,0.5219205021858215,0.48635685443878174
303517,2019-12-21,11,La Liga,42,male,Barcelona,Deportivo Alavés,elite,authoritative_rolling_origin_primary,4,442,C-Hybrid-full,1,1,0.9285733103752136,0.48635685443878174
303652,2020-01-04,11,La Liga,42,male,Espanyol,Barcelona,elite,authoritative_rolling_origin_primary,4,442,C-Hybrid-full,0,0,0.18884356319904327,0.48635685443878174
303610,2020-01-19,11,La Liga,42,male,Barcelona,Granada,elite,authoritative_rolling_origin_primary,5,542,A-XGB,1,0,0.4621341824531555,
303400,2020-01-25,11,La Liga,42,male,Valencia,Barcelona,elite,authoritative_rolling_origin_primary,5,542,A-XGB,1,0,0.2634398937225342,
303682,2020-02-02,11,La Liga,42,male,Barcelona,Levante UD,elite,authoritative_rolling_origin_primary,5,542,A-XGB,1,1,0.620008647441864,
303707,2020-02-09,11,La Liga,42,male,Real Betis,Barcelona,elite,authoritative_rolling_origin_primary,5,542,A-XGB,0,1,0.6239956617355347,
303377,2020-02-15,11,La Liga,42,male,Barcelona,Getafe,elite,authoritative_rolling_origin_primary,5,542,A-XGB,1,1,0.9251835942268372,
303731,2020-02-22,11,La Liga,42,male,Barcelona,Eibar,elite,authoritative_rolling_origin_primary,5,542,A-XGB,1,1,0.5574215650558472,
303470,2020-03-01,11,La Liga,42,male,Real Madrid,Barcelona,elite,authoritative_rolling_origin_primary,5,542,A-XGB,1,0,0.2977384626865387,
303479,2020-03-07,11,La Liga,42,male,Barcelona,Real Sociedad,elite,authoritative_rolling_origin_primary,5,542,A-XGB,1,1,0.7996780872344971,
303548,2020-06-13,11,La Liga,42,male,Mallorca,Barcelona,elite,authoritative_rolling_origin_primary,5,542,A-XGB,0,0,0.051603760570287704,
303532,2020-06-16,11,La Liga,42,male,Barcelona,Leganés,elite,authoritative_rolling_origin_primary,5,542,A-XGB,1,1,0.7668746113777161,
303674,2020-06-19,11,La Liga,42,male,Sevilla,Barcelona,elite,authoritative_rolling_origin_primary,5,542,A-XGB,0,1,0.7502525448799133,
303493,2020-06-23,11,La Liga,42,male,Barcelona,Athletic Club,elite,authoritative_rolling_origin_primary,5,542,A-XGB,1,1,0.6121182441711426,
303516,2020-06-27,11,La Liga,42,male,Celta Vigo,Barcelona,elite,authoritative_rolling_origin_primary,5,542,A-XGB,0,0,0.18208280205726624,
303696,2020-06-30,11,La Liga,42,male,Barcelona,Atlético Madrid,elite,authoritative_rolling_origin_primary,5,542,A-XGB,0,1,0.916098415851593,
303725,2020-07-05,11,La Liga,42,male,Villarreal,Barcelona,elite,authoritative_rolling_origin_primary,5,542,A-XGB,0,0,0.19592224061489105,
303615,2020-07-08,11,La Liga,42,male,Barcelona,Espanyol,elite,authoritative_rolling_origin_primary,5,542,A-XGB,1,1,0.801015317440033,
303680,2020-07-11,11,La Liga,42,male,Real Valladolid,Barcelona,elite,authoritative_rolling_origin_primary,5,542,A-XGB,0,0,0.19150595366954803,
303634,2020-07-16,11,La Liga,42,male,Barcelona,Osasuna,elite,authoritative_rolling_origin_primary,5,542,A-XGB,0,1,0.9752964973449707,
303421,2020-07-19,11,La Liga,42,male,Deportivo Alavés,Barcelona,elite,authoritative_rolling_origin_primary,5,542,A-XGB,0,0,0.112602099776268,
3773593,2020-09-27,11,La Liga,90,male,Barcelona,Villarreal,elite,authoritative_rolling_origin_primary,5,542,A-XGB,1,1,0.9195864200592041,
3773466,2020-10-01,11,La Liga,90,male,Celta Vigo,Barcelona,elite,authoritative_rolling_origin_primary,5,542,A-XGB,0,0,0.08475393056869507,
3773672,2020-10-04,11,La Liga,90,male,Barcelona,Sevilla,elite,authoritative_rolling_origin_primary,5,542,A-XGB,0,1,0.9785583019256592,
3773587,2020-10-17,11,La Liga,90,male,Getafe,Barcelona,elite,authoritative_rolling_origin_primary,5,542,A-XGB,1,0,0.2989543080329895,
3773585,2020-10-24,11,La Liga,90,male,Barcelona,Real Madrid,elite,authoritative_rolling_origin_primary,5,542,A-XGB,0,0,0.266156405210495,
3773386,2020-10-31,11,La Liga,90,male,Deportivo Alavés,Barcelona,elite,authoritative_rolling_origin_primary,5,542,A-XGB,0,0,0.27468255162239075,
3773477,2020-11-07,11,La Liga,90,male,Barcelona,Real Betis,elite,authoritative_rolling_origin_primary,5,542,A-XGB,1,1,0.7642884850502014,
3773656,2020-11-21,11,La Liga,90,male,Atlético Madrid,Barcelona,elite,authoritative_rolling_origin_primary,5,542,A-XGB,1,0,0.420490026473999,
3773547,2020-11-29,11,La Liga,90,male,Barcelona,Osasuna,elite,authoritative_rolling_origin_primary,5,542,A-XGB,1,1,0.6230785250663757,
3773660,2020-12-13,11,La Liga,90,male,Barcelona,Levante UD,elite,authoritative_rolling_origin_primary,5,542,A-XGB,1,1,0.9198874235153198,
3773523,2020-12-16,11,La Liga,90,male,Barcelona,Real Sociedad,elite,authoritative_rolling_origin_primary,5,542,A-XGB,1,1,0.9122291207313538,
3773377,2020-12-19,11,La Liga,90,male,Barcelona,Valencia,elite,authoritative_rolling_origin_primary,5,542,A-XGB,0,1,0.9367778897285461,
3773571,2020-12-22,11,La Liga,90,male,Real Valladolid,Barcelona,elite,authoritative_rolling_origin_primary,5,542,A-XGB,0,0,0.19277261197566986,
3764661,2021-01-06,11,La Liga,90,male,Athletic Club,Barcelona,elite,authoritative_rolling_origin_primary,5,542,A-XGB,0,0,0.17482508718967438,
3773565,2021-01-09,11,La Liga,90,male,Granada,Barcelona,elite,authoritative_rolling_origin_primary,5,542,A-XGB,0,0,0.137529656291008,
3773403,2021-01-31,11,La Liga,90,male,Barcelona,Athletic Club,elite,authoritative_rolling_origin_primary,5,542,A-XGB,1,1,0.8463309407234192,
3773631,2021-02-07,11,La Liga,90,male,Real Betis,Barcelona,elite,authoritative_rolling_origin_primary,5,542,A-XGB,0,0,0.2290584295988083,
3773526,2021-02-13,11,La Liga,90,male,Barcelona,Deportivo Alavés,elite,authoritative_rolling_origin_primary,5,542,A-XGB,1,1,0.9300050139427185,
3764440,2021-02-24,11,La Liga,90,male,Barcelona,Elche,elite,authoritative_rolling_origin_primary,5,542,A-XGB,1,1,0.803717315196991,
3773625,2021-02-27,11,La Liga,90,male,Sevilla,Barcelona,elite,authoritative_rolling_origin_primary,5,542,A-XGB,0,0,0.2264852374792099,
3773665,2021-03-06,11,La Liga,90,male,Osasuna,Barcelona,elite,authoritative_rolling_origin_primary,5,542,A-XGB,0,0,0.21419820189476013,
3773597,2021-03-21,11,La Liga,90,male,Real Sociedad,Barcelona,elite,authoritative_rolling_origin_primary,5,542,A-XGB,0,0,0.45259013772010803,
3773474,2021-04-05,11,La Liga,90,male,Barcelona,Real Valladolid,elite,authoritative_rolling_origin_primary,5,542,A-XGB,1,1,0.9879305362701416,
3773497,2021-04-10,11,La Liga,90,male,Real Madrid,Barcelona,elite,authoritative_rolling_origin_primary,5,542,A-XGB,1,0,0.30872842669487,
3773661,2021-04-22,11,La Liga,90,male,Barcelona,Getafe,elite,authoritative_rolling_origin_primary,5,542,A-XGB,1,1,0.5804949998855591,
3773689,2021-04-25,11,La Liga,90,male,Villarreal,Barcelona,elite,authoritative_rolling_origin_primary,5,542,A-XGB,0,0,0.06130008026957512,
3773586,2021-04-29,11,La Liga,90,male,Barcelona,Granada,elite,authoritative_rolling_origin_primary,5,542,A-XGB,0,1,0.8169950842857361,
3773695,2021-05-02,11,La Liga,90,male,Valencia,Barcelona,elite,authoritative_rolling_origin_primary,5,542,A-XGB,0,0,0.41147735714912415,
3773372,2021-05-08,11,La Liga,90,male,Barcelona,Atlético Madrid,elite,authoritative_rolling_origin_primary,5,542,A-XGB,0,1,0.6777450442314148,
3773387,2021-05-11,11,La Liga,90,male,Levante UD,Barcelona,elite,authoritative_rolling_origin_primary,5,542,A-XGB,0,0,0.039912447333335876,
3773457,2021-05-16,11,La Liga,90,male,Barcelona,Celta Vigo,elite,authoritative_rolling_origin_primary,5,542,A-XGB,0,1,0.5385004878044128,
303610,2020-01-19,11,La Liga,42,male,Barcelona,Granada,elite,authoritative_rolling_origin_primary,5,542,A-MLP,1,1,0.6461922526359558,
303400,2020-01-25,11,La Liga,42,male,Valencia,Barcelona,elite,authoritative_rolling_origin_primary,5,542,A-MLP,1,0,0.24121792614459991,
303682,2020-02-02,11,La Liga,42,male,Barcelona,Levante UD,elite,authoritative_rolling_origin_primary,5,542,A-MLP,1,1,0.784020721912384,
303707,2020-02-09,11,La Liga,42,male,Real Betis,Barcelona,elite,authoritative_rolling_origin_primary,5,542,A-MLP,0,0,0.2612053453922272,
303377,2020-02-15,11,La Liga,42,male,Barcelona,Getafe,elite,authoritative_rolling_origin_primary,5,542,A-MLP,1,1,0.8043690323829651,
303731,2020-02-22,11,La Liga,42,male,Barcelona,Eibar,elite,authoritative_rolling_origin_primary,5,542,A-MLP,1,1,0.7155440449714661,
303470,2020-03-01,11,La Liga,42,male,Real Madrid,Barcelona,elite,authoritative_rolling_origin_primary,5,542,A-MLP,1,0,0.28808051347732544,
303479,2020-03-07,11,La Liga,42,male,Barcelona,Real Sociedad,elite,authoritative_rolling_origin_primary,5,542,A-MLP,1,1,0.6773076057434082,
303548,2020-06-13,11,La Liga,42,male,Mallorca,Barcelona,elite,authoritative_rolling_origin_primary,5,542,A-MLP,0,0,0.23930570483207703,
303532,2020-06-16,11,La Liga,42,male,Barcelona,Leganés,elite,authoritative_rolling_origin_primary,5,542,A-MLP,1,1,0.6007612943649292,
303674,2020-06-19,11,La Liga,42,male,Sevilla,Barcelona,elite,authoritative_rolling_origin_primary,5,542,A-MLP,0,0,0.2622912526130676,
303493,2020-06-23,11,La Liga,42,male,Barcelona,Athletic Club,elite,authoritative_rolling_origin_primary,5,542,A-MLP,1,1,0.7043700218200684,
303516,2020-06-27,11,La Liga,42,male,Celta Vigo,Barcelona,elite,authoritative_rolling_origin_primary,5,542,A-MLP,0,0,0.3812946677207947,
303696,2020-06-30,11,La Liga,42,male,Barcelona,Atlético Madrid,elite,authoritative_rolling_origin_primary,5,542,A-MLP,0,1,0.7178987264633179,
303725,2020-07-05,11,La Liga,42,male,Villarreal,Barcelona,elite,authoritative_rolling_origin_primary,5,542,A-MLP,0,0,0.2895508408546448,
303615,2020-07-08,11,La Liga,42,male,Barcelona,Espanyol,elite,authoritative_rolling_origin_primary,5,542,A-MLP,1,1,0.8044255375862122,
303680,2020-07-11,11,La Liga,42,male,Real Valladolid,Barcelona,elite,authoritative_rolling_origin_primary,5,542,A-MLP,0,0,0.16397665441036224,
303634,2020-07-16,11,La Liga,42,male,Barcelona,Osasuna,elite,authoritative_rolling_origin_primary,5,542,A-MLP,0,1,0.9110568761825562,
303421,2020-07-19,11,La Liga,42,male,Deportivo Alavés,Barcelona,elite,authoritative_rolling_origin_primary,5,542,A-MLP,0,0,0.27162331342697144,
3773593,2020-09-27,11,La Liga,90,male,Barcelona,Villarreal,elite,authoritative_rolling_origin_primary,5,542,A-MLP,1,1,0.7926387786865234,
3773466,2020-10-01,11,La Liga,90,male,Celta Vigo,Barcelona,elite,authoritative_rolling_origin_primary,5,542,A-MLP,0,0,0.15832369029521942,
3773672,2020-10-04,11,La Liga,90,male,Barcelona,Sevilla,elite,authoritative_rolling_origin_primary,5,542,A-MLP,0,1,0.8873981833457947,
3773587,2020-10-17,11,La Liga,90,male,Getafe,Barcelona,elite,authoritative_rolling_origin_primary,5,542,A-MLP,1,0,0.1734618842601776,
3773585,2020-10-24,11,La Liga,90,male,Barcelona,Real Madrid,elite,authoritative_rolling_origin_primary,5,542,A-MLP,0,0,0.4440706968307495,
3773386,2020-10-31,11,La Liga,90,male,Deportivo Alavés,Barcelona,elite,authoritative_rolling_origin_primary,5,542,A-MLP,0,0,0.4289291203022003,
3773477,2020-11-07,11,La Liga,90,male,Barcelona,Real Betis,elite,authoritative_rolling_origin_primary,5,542,A-MLP,1,1,0.674978494644165,
3773656,2020-11-21,11,La Liga,90,male,Atlético Madrid,Barcelona,elite,authoritative_rolling_origin_primary,5,542,A-MLP,1,0,0.1686757355928421,
3773547,2020-11-29,11,La Liga,90,male,Barcelona,Osasuna,elite,authoritative_rolling_origin_primary,5,542,A-MLP,1,1,0.8637041449546814,
3773660,2020-12-13,11,La Liga,90,male,Barcelona,Levante UD,elite,authoritative_rolling_origin_primary,5,542,A-MLP,1,1,0.8026041388511658,
3773523,2020-12-16,11,La Liga,90,male,Barcelona,Real Sociedad,elite,authoritative_rolling_origin_primary,5,542,A-MLP,1,1,0.8534437417984009,
3773377,2020-12-19,11,La Liga,90,male,Barcelona,Valencia,elite,authoritative_rolling_origin_primary,5,542,A-MLP,0,1,0.7698175311088562,
3773571,2020-12-22,11,La Liga,90,male,Real Valladolid,Barcelona,elite,authoritative_rolling_origin_primary,5,542,A-MLP,0,0,0.14775122702121735,
3764661,2021-01-06,11,La Liga,90,male,Athletic Club,Barcelona,elite,authoritative_rolling_origin_primary,5,542,A-MLP,0,0,0.17762354016304016,
3773565,2021-01-09,11,La Liga,90,male,Granada,Barcelona,elite,authoritative_rolling_origin_primary,5,542,A-MLP,0,0,0.15387673676013947,
3773403,2021-01-31,11,La Liga,90,male,Barcelona,Athletic Club,elite,authoritative_rolling_origin_primary,5,542,A-MLP,1,1,0.7676695585250854,
3773631,2021-02-07,11,La Liga,90,male,Real Betis,Barcelona,elite,authoritative_rolling_origin_primary,5,542,A-MLP,0,0,0.15332330763339996,
3773526,2021-02-13,11,La Liga,90,male,Barcelona,Deportivo Alavés,elite,authoritative_rolling_origin_primary,5,542,A-MLP,1,1,0.7972434163093567,
3764440,2021-02-24,11,La Liga,90,male,Barcelona,Elche,elite,authoritative_rolling_origin_primary,5,542,A-MLP,1,1,0.8417678475379944,
3773625,2021-02-27,11,La Liga,90,male,Sevilla,Barcelona,elite,authoritative_rolling_origin_primary,5,542,A-MLP,0,0,0.10255209356546402,
3773665,2021-03-06,11,La Liga,90,male,Osasuna,Barcelona,elite,authoritative_rolling_origin_primary,5,542,A-MLP,0,0,0.09927169233560562,
3773597,2021-03-21,11,La Liga,90,male,Real Sociedad,Barcelona,elite,authoritative_rolling_origin_primary,5,542,A-MLP,0,0,0.31218934059143066,
3773474,2021-04-05,11,La Liga,90,male,Barcelona,Real Valladolid,elite,authoritative_rolling_origin_primary,5,542,A-MLP,1,1,0.8909822702407837,
3773497,2021-04-10,11,La Liga,90,male,Real Madrid,Barcelona,elite,authoritative_rolling_origin_primary,5,542,A-MLP,1,0,0.3593854010105133,
3773661,2021-04-22,11,La Liga,90,male,Barcelona,Getafe,elite,authoritative_rolling_origin_primary,5,542,A-MLP,1,1,0.7653597593307495,
3773689,2021-04-25,11,La Liga,90,male,Villarreal,Barcelona,elite,authoritative_rolling_origin_primary,5,542,A-MLP,0,0,0.12944325804710388,
3773586,2021-04-29,11,La Liga,90,male,Barcelona,Granada,elite,authoritative_rolling_origin_primary,5,542,A-MLP,0,1,0.6538956761360168,
3773695,2021-05-02,11,La Liga,90,male,Valencia,Barcelona,elite,authoritative_rolling_origin_primary,5,542,A-MLP,0,0,0.3406240940093994,
3773372,2021-05-08,11,La Liga,90,male,Barcelona,Atlético Madrid,elite,authoritative_rolling_origin_primary,5,542,A-MLP,0,1,0.6919650435447693,
3773387,2021-05-11,11,La Liga,90,male,Levante UD,Barcelona,elite,authoritative_rolling_origin_primary,5,542,A-MLP,0,0,0.22947564721107483,
3773457,2021-05-16,11,La Liga,90,male,Barcelona,Celta Vigo,elite,authoritative_rolling_origin_primary,5,542,A-MLP,0,1,0.6699627041816711,
303610,2020-01-19,11,La Liga,42,male,Barcelona,Granada,elite,authoritative_rolling_origin_primary,5,542,B-GNN-full,1,1,0.9411567449569702,
303400,2020-01-25,11,La Liga,42,male,Valencia,Barcelona,elite,authoritative_rolling_origin_primary,5,542,B-GNN-full,1,0,0.30609187483787537,
303682,2020-02-02,11,La Liga,42,male,Barcelona,Levante UD,elite,authoritative_rolling_origin_primary,5,542,B-GNN-full,1,1,0.939160943031311,
303707,2020-02-09,11,La Liga,42,male,Real Betis,Barcelona,elite,authoritative_rolling_origin_primary,5,542,B-GNN-full,0,1,0.6539089679718018,
303377,2020-02-15,11,La Liga,42,male,Barcelona,Getafe,elite,authoritative_rolling_origin_primary,5,542,B-GNN-full,1,1,0.679875910282135,
303731,2020-02-22,11,La Liga,42,male,Barcelona,Eibar,elite,authoritative_rolling_origin_primary,5,542,B-GNN-full,1,1,0.9914622902870178,
303470,2020-03-01,11,La Liga,42,male,Real Madrid,Barcelona,elite,authoritative_rolling_origin_primary,5,542,B-GNN-full,1,1,0.6097258925437927,
303479,2020-03-07,11,La Liga,42,male,Barcelona,Real Sociedad,elite,authoritative_rolling_origin_primary,5,542,B-GNN-full,1,1,0.8947060108184814,
303548,2020-06-13,11,La Liga,42,male,Mallorca,Barcelona,elite,authoritative_rolling_origin_primary,5,542,B-GNN-full,0,0,0.2958456575870514,
303532,2020-06-16,11,La Liga,42,male,Barcelona,Leganés,elite,authoritative_rolling_origin_primary,5,542,B-GNN-full,1,1,0.9585235714912415,
303674,2020-06-19,11,La Liga,42,male,Sevilla,Barcelona,elite,authoritative_rolling_origin_primary,5,542,B-GNN-full,0,0,0.23075124621391296,
303493,2020-06-23,11,La Liga,42,male,Barcelona,Athletic Club,elite,authoritative_rolling_origin_primary,5,542,B-GNN-full,1,1,0.7862486839294434,
303516,2020-06-27,11,La Liga,42,male,Celta Vigo,Barcelona,elite,authoritative_rolling_origin_primary,5,542,B-GNN-full,0,0,0.2984163165092468,
303696,2020-06-30,11,La Liga,42,male,Barcelona,Atlético Madrid,elite,authoritative_rolling_origin_primary,5,542,B-GNN-full,0,1,0.9115859270095825,
303725,2020-07-05,11,La Liga,42,male,Villarreal,Barcelona,elite,authoritative_rolling_origin_primary,5,542,B-GNN-full,0,0,0.20681951940059662,
303615,2020-07-08,11,La Liga,42,male,Barcelona,Espanyol,elite,authoritative_rolling_origin_primary,5,542,B-GNN-full,1,1,0.9358260631561279,
303680,2020-07-11,11,La Liga,42,male,Real Valladolid,Barcelona,elite,authoritative_rolling_origin_primary,5,542,B-GNN-full,0,0,0.2538107633590698,
303634,2020-07-16,11,La Liga,42,male,Barcelona,Osasuna,elite,authoritative_rolling_origin_primary,5,542,B-GNN-full,0,1,0.8171396851539612,
303421,2020-07-19,11,La Liga,42,male,Deportivo Alavés,Barcelona,elite,authoritative_rolling_origin_primary,5,542,B-GNN-full,0,0,0.20746271312236786,
3773593,2020-09-27,11,La Liga,90,male,Barcelona,Villarreal,elite,authoritative_rolling_origin_primary,5,542,B-GNN-full,1,1,0.9852051138877869,
3773466,2020-10-01,11,La Liga,90,male,Celta Vigo,Barcelona,elite,authoritative_rolling_origin_primary,5,542,B-GNN-full,0,0,0.15771484375,
3773672,2020-10-04,11,La Liga,90,male,Barcelona,Sevilla,elite,authoritative_rolling_origin_primary,5,542,B-GNN-full,0,1,0.7192171216011047,
3773587,2020-10-17,11,La Liga,90,male,Getafe,Barcelona,elite,authoritative_rolling_origin_primary,5,542,B-GNN-full,1,1,0.5790707468986511,
3773585,2020-10-24,11,La Liga,90,male,Barcelona,Real Madrid,elite,authoritative_rolling_origin_primary,5,542,B-GNN-full,0,1,0.7978285551071167,
3773386,2020-10-31,11,La Liga,90,male,Deportivo Alavés,Barcelona,elite,authoritative_rolling_origin_primary,5,542,B-GNN-full,0,0,0.36549583077430725,
3773477,2020-11-07,11,La Liga,90,male,Barcelona,Real Betis,elite,authoritative_rolling_origin_primary,5,542,B-GNN-full,1,1,0.9914008975028992,
3773656,2020-11-21,11,La Liga,90,male,Atlético Madrid,Barcelona,elite,authoritative_rolling_origin_primary,5,542,B-GNN-full,1,0,0.4940961003303528,
3773547,2020-11-29,11,La Liga,90,male,Barcelona,Osasuna,elite,authoritative_rolling_origin_primary,5,542,B-GNN-full,1,1,0.9965984225273132,
3773660,2020-12-13,11,La Liga,90,male,Barcelona,Levante UD,elite,authoritative_rolling_origin_primary,5,542,B-GNN-full,1,1,0.8767095804214478,
3773523,2020-12-16,11,La Liga,90,male,Barcelona,Real Sociedad,elite,authoritative_rolling_origin_primary,5,542,B-GNN-full,1,1,0.9677110314369202,
3773377,2020-12-19,11,La Liga,90,male,Barcelona,Valencia,elite,authoritative_rolling_origin_primary,5,542,B-GNN-full,0,1,0.9907575249671936,
3773571,2020-12-22,11,La Liga,90,male,Real Valladolid,Barcelona,elite,authoritative_rolling_origin_primary,5,542,B-GNN-full,0,0,0.2296391725540161,
3764661,2021-01-06,11,La Liga,90,male,Athletic Club,Barcelona,elite,authoritative_rolling_origin_primary,5,542,B-GNN-full,0,0,0.37157580256462097,
3773565,2021-01-09,11,La Liga,90,male,Granada,Barcelona,elite,authoritative_rolling_origin_primary,5,542,B-GNN-full,0,0,0.25897738337516785,
3773403,2021-01-31,11,La Liga,90,male,Barcelona,Athletic Club,elite,authoritative_rolling_origin_primary,5,542,B-GNN-full,1,1,0.8612363934516907,
3773631,2021-02-07,11,La Liga,90,male,Real Betis,Barcelona,elite,authoritative_rolling_origin_primary,5,542,B-GNN-full,0,1,0.5498889088630676,
3773526,2021-02-13,11,La Liga,90,male,Barcelona,Deportivo Alavés,elite,authoritative_rolling_origin_primary,5,542,B-GNN-full,1,1,0.9724256992340088,
3764440,2021-02-24,11,La Liga,90,male,Barcelona,Elche,elite,authoritative_rolling_origin_primary,5,542,B-GNN-full,1,1,0.9315483570098877,
3773625,2021-02-27,11,La Liga,90,male,Sevilla,Barcelona,elite,authoritative_rolling_origin_primary,5,542,B-GNN-full,0,0,0.2879336476325989,
3773665,2021-03-06,11,La Liga,90,male,Osasuna,Barcelona,elite,authoritative_rolling_origin_primary,5,542,B-GNN-full,0,0,0.4046294093132019,
3773597,2021-03-21,11,La Liga,90,male,Real Sociedad,Barcelona,elite,authoritative_rolling_origin_primary,5,542,B-GNN-full,0,0,0.2954059839248657,
3773474,2021-04-05,11,La Liga,90,male,Barcelona,Real Valladolid,elite,authoritative_rolling_origin_primary,5,542,B-GNN-full,1,1,0.7316139340400696,
3773497,2021-04-10,11,La Liga,90,male,Real Madrid,Barcelona,elite,authoritative_rolling_origin_primary,5,542,B-GNN-full,1,0,0.24957720935344696,
3773661,2021-04-22,11,La Liga,90,male,Barcelona,Getafe,elite,authoritative_rolling_origin_primary,5,542,B-GNN-full,1,1,0.9241450428962708,
3773689,2021-04-25,11,La Liga,90,male,Villarreal,Barcelona,elite,authoritative_rolling_origin_primary,5,542,B-GNN-full,0,1,0.6808276772499084,
3773586,2021-04-29,11,La Liga,90,male,Barcelona,Granada,elite,authoritative_rolling_origin_primary,5,542,B-GNN-full,0,1,0.9082267880439758,
3773695,2021-05-02,11,La Liga,90,male,Valencia,Barcelona,elite,authoritative_rolling_origin_primary,5,542,B-GNN-full,0,0,0.37443074584007263,
3773372,2021-05-08,11,La Liga,90,male,Barcelona,Atlético Madrid,elite,authoritative_rolling_origin_primary,5,542,B-GNN-full,0,1,0.6593117713928223,
3773387,2021-05-11,11,La Liga,90,male,Levante UD,Barcelona,elite,authoritative_rolling_origin_primary,5,542,B-GNN-full,0,0,0.30360639095306396,
3773457,2021-05-16,11,La Liga,90,male,Barcelona,Celta Vigo,elite,authoritative_rolling_origin_primary,5,542,B-GNN-full,0,1,0.8449411392211914,
303610,2020-01-19,11,La Liga,42,male,Barcelona,Granada,elite,authoritative_rolling_origin_primary,5,542,C-Hybrid-full,1,1,0.8676828145980835,0.4862120747566223
303400,2020-01-25,11,La Liga,42,male,Valencia,Barcelona,elite,authoritative_rolling_origin_primary,5,542,C-Hybrid-full,1,0,0.37932685017585754,0.4862120747566223
303682,2020-02-02,11,La Liga,42,male,Barcelona,Levante UD,elite,authoritative_rolling_origin_primary,5,542,C-Hybrid-full,1,1,0.9180687665939331,0.4862120747566223
303707,2020-02-09,11,La Liga,42,male,Real Betis,Barcelona,elite,authoritative_rolling_origin_primary,5,542,C-Hybrid-full,0,1,0.5369430184364319,0.4862120747566223
303377,2020-02-15,11,La Liga,42,male,Barcelona,Getafe,elite,authoritative_rolling_origin_primary,5,542,C-Hybrid-full,1,1,0.7993512153625488,0.4862120747566223
303731,2020-02-22,11,La Liga,42,male,Barcelona,Eibar,elite,authoritative_rolling_origin_primary,5,542,C-Hybrid-full,1,1,0.9749017953872681,0.4862120747566223
303470,2020-03-01,11,La Liga,42,male,Real Madrid,Barcelona,elite,authoritative_rolling_origin_primary,5,542,C-Hybrid-full,1,1,0.526425302028656,0.4862120747566223
303479,2020-03-07,11,La Liga,42,male,Barcelona,Real Sociedad,elite,authoritative_rolling_origin_primary,5,542,C-Hybrid-full,1,1,0.934812068939209,0.4862120747566223
303548,2020-06-13,11,La Liga,42,male,Mallorca,Barcelona,elite,authoritative_rolling_origin_primary,5,542,C-Hybrid-full,0,0,0.16935794055461884,0.4862120747566223
303532,2020-06-16,11,La Liga,42,male,Barcelona,Leganés,elite,authoritative_rolling_origin_primary,5,542,C-Hybrid-full,1,1,0.9100912809371948,0.4862120747566223
303674,2020-06-19,11,La Liga,42,male,Sevilla,Barcelona,elite,authoritative_rolling_origin_primary,5,542,C-Hybrid-full,0,0,0.25074872374534607,0.4862120747566223
303493,2020-06-23,11,La Liga,42,male,Barcelona,Athletic Club,elite,authoritative_rolling_origin_primary,5,542,C-Hybrid-full,1,1,0.7830577492713928,0.4862120747566223
303516,2020-06-27,11,La Liga,42,male,Celta Vigo,Barcelona,elite,authoritative_rolling_origin_primary,5,542,C-Hybrid-full,0,0,0.4849921464920044,0.4862120747566223
303696,2020-06-30,11,La Liga,42,male,Barcelona,Atlético Madrid,elite,authoritative_rolling_origin_primary,5,542,C-Hybrid-full,0,1,0.8967164158821106,0.4862120747566223
303725,2020-07-05,11,La Liga,42,male,Villarreal,Barcelona,elite,authoritative_rolling_origin_primary,5,542,C-Hybrid-full,0,0,0.2728501558303833,0.4862120747566223
303615,2020-07-08,11,La Liga,42,male,Barcelona,Espanyol,elite,authoritative_rolling_origin_primary,5,542,C-Hybrid-full,1,1,0.8892976641654968,0.4862120747566223
303680,2020-07-11,11,La Liga,42,male,Real Valladolid,Barcelona,elite,authoritative_rolling_origin_primary,5,542,C-Hybrid-full,0,0,0.12568141520023346,0.4862120747566223
303634,2020-07-16,11,La Liga,42,male,Barcelona,Osasuna,elite,authoritative_rolling_origin_primary,5,542,C-Hybrid-full,0,1,0.946833610534668,0.4862120747566223
303421,2020-07-19,11,La Liga,42,male,Deportivo Alavés,Barcelona,elite,authoritative_rolling_origin_primary,5,542,C-Hybrid-full,0,0,0.21883243322372437,0.4862120747566223
3773593,2020-09-27,11,La Liga,90,male,Barcelona,Villarreal,elite,authoritative_rolling_origin_primary,5,542,C-Hybrid-full,1,1,0.9808198809623718,0.4862120747566223
3773466,2020-10-01,11,La Liga,90,male,Celta Vigo,Barcelona,elite,authoritative_rolling_origin_primary,5,542,C-Hybrid-full,0,0,0.11675964295864105,0.4862120747566223
3773672,2020-10-04,11,La Liga,90,male,Barcelona,Sevilla,elite,authoritative_rolling_origin_primary,5,542,C-Hybrid-full,0,1,0.8848987817764282,0.4862120747566223
3773587,2020-10-17,11,La Liga,90,male,Getafe,Barcelona,elite,authoritative_rolling_origin_primary,5,542,C-Hybrid-full,1,0,0.4077465236186981,0.4862120747566223
3773585,2020-10-24,11,La Liga,90,male,Barcelona,Real Madrid,elite,authoritative_rolling_origin_primary,5,542,C-Hybrid-full,0,1,0.5419193506240845,0.4862120747566223
3773386,2020-10-31,11,La Liga,90,male,Deportivo Alavés,Barcelona,elite,authoritative_rolling_origin_primary,5,542,C-Hybrid-full,0,1,0.6425344944000244,0.4862120747566223
3773477,2020-11-07,11,La Liga,90,male,Barcelona,Real Betis,elite,authoritative_rolling_origin_primary,5,542,C-Hybrid-full,1,1,0.9805715084075928,0.4862120747566223
3773656,2020-11-21,11,La Liga,90,male,Atlético Madrid,Barcelona,elite,authoritative_rolling_origin_primary,5,542,C-Hybrid-full,1,0,0.328177809715271,0.4862120747566223
3773547,2020-11-29,11,La Liga,90,male,Barcelona,Osasuna,elite,authoritative_rolling_origin_primary,5,542,C-Hybrid-full,1,1,0.9946696162223816,0.4862120747566223
3773660,2020-12-13,11,La Liga,90,male,Barcelona,Levante UD,elite,authoritative_rolling_origin_primary,5,542,C-Hybrid-full,1,1,0.9431793689727783,0.4862120747566223
3773523,2020-12-16,11,La Liga,90,male,Barcelona,Real Sociedad,elite,authoritative_rolling_origin_primary,5,542,C-Hybrid-full,1,1,0.9639277458190918,0.4862120747566223
3773377,2020-12-19,11,La Liga,90,male,Barcelona,Valencia,elite,authoritative_rolling_origin_primary,5,542,C-Hybrid-full,0,1,0.9870175719261169,0.4862120747566223
3773571,2020-12-22,11,La Liga,90,male,Real Valladolid,Barcelona,elite,authoritative_rolling_origin_primary,5,542,C-Hybrid-full,0,0,0.09667432308197021,0.4862120747566223
3764661,2021-01-06,11,La Liga,90,male,Athletic Club,Barcelona,elite,authoritative_rolling_origin_primary,5,542,C-Hybrid-full,0,0,0.1437096744775772,0.4862120747566223
3773565,2021-01-09,11,La Liga,90,male,Granada,Barcelona,elite,authoritative_rolling_origin_primary,5,542,C-Hybrid-full,0,0,0.0913659855723381,0.4862120747566223
3773403,2021-01-31,11,La Liga,90,male,Barcelona,Athletic Club,elite,authoritative_rolling_origin_primary,5,542,C-Hybrid-full,1,1,0.87879878282547,0.4862120747566223
3773631,2021-02-07,11,La Liga,90,male,Real Betis,Barcelona,elite,authoritative_rolling_origin_primary,5,542,C-Hybrid-full,0,0,0.3201853334903717,0.4862120747566223
3773526,2021-02-13,11,La Liga,90,male,Barcelona,Deportivo Alavés,elite,authoritative_rolling_origin_primary,5,542,C-Hybrid-full,1,1,0.9564036726951599,0.4862120747566223
3764440,2021-02-24,11,La Liga,90,male,Barcelona,Elche,elite,authoritative_rolling_origin_primary,5,542,C-Hybrid-full,1,1,0.9618736505508423,0.4862120747566223
3773625,2021-02-27,11,La Liga,90,male,Sevilla,Barcelona,elite,authoritative_rolling_origin_primary,5,542,C-Hybrid-full,0,0,0.13838788866996765,0.4862120747566223
3773665,2021-03-06,11,La Liga,90,male,Osasuna,Barcelona,elite,authoritative_rolling_origin_primary,5,542,C-Hybrid-full,0,0,0.22389520704746246,0.4862120747566223
3773597,2021-03-21,11,La Liga,90,male,Real Sociedad,Barcelona,elite,authoritative_rolling_origin_primary,5,542,C-Hybrid-full,0,0,0.4112839996814728,0.4862120747566223
3773474,2021-04-05,11,La Liga,90,male,Barcelona,Real Valladolid,elite,authoritative_rolling_origin_primary,5,542,C-Hybrid-full,1,1,0.8929747939109802,0.4862120747566223
3773497,2021-04-10,11,La Liga,90,male,Real Madrid,Barcelona,elite,authoritative_rolling_origin_primary,5,542,C-Hybrid-full,1,0,0.41625264286994934,0.4862120747566223
3773661,2021-04-22,11,La Liga,90,male,Barcelona,Getafe,elite,authoritative_rolling_origin_primary,5,542,C-Hybrid-full,1,1,0.8646382689476013,0.4862120747566223
3773689,2021-04-25,11,La Liga,90,male,Villarreal,Barcelona,elite,authoritative_rolling_origin_primary,5,542,C-Hybrid-full,0,0,0.24117276072502136,0.4862120747566223
3773586,2021-04-29,11,La Liga,90,male,Barcelona,Granada,elite,authoritative_rolling_origin_primary,5,542,C-Hybrid-full,0,1,0.8306352496147156,0.4862120747566223
3773695,2021-05-02,11,La Liga,90,male,Valencia,Barcelona,elite,authoritative_rolling_origin_primary,5,542,C-Hybrid-full,0,0,0.3931531012058258,0.4862120747566223
3773372,2021-05-08,11,La Liga,90,male,Barcelona,Atlético Madrid,elite,authoritative_rolling_origin_primary,5,542,C-Hybrid-full,0,1,0.6494070291519165,0.4862120747566223
3773387,2021-05-11,11,La Liga,90,male,Levante UD,Barcelona,elite,authoritative_rolling_origin_primary,5,542,C-Hybrid-full,0,0,0.21206584572792053,0.4862120747566223
3773457,2021-05-16,11,La Liga,90,male,Barcelona,Celta Vigo,elite,authoritative_rolling_origin_primary,5,542,C-Hybrid-full,0,1,0.8383553624153137,0.4862120747566223
