match_id,date,competition_id,competition_name,season_id,category,home_team,away_team,cohort,protocol,fold,seed,model,true_label,predicted_class,predicted_score,gate_value
3825637,2015-10-25,11,La Liga,27,male,Barcelona,Eibar,elite,experiment3_pooling_ablation,1,142,B-GNN-positional,1,0,0.3071519136428833,
3825638,2015-10-25,11,La Liga,27,male,Atlético Madrid,Valencia,elite,experiment3_pooling_ablation,1,142,B-GNN-positional,1,0,0.2117211371660232,
3825639,2015-10-25,11,La Liga,27,male,Las Palmas,Villarreal,elite,experiment3_pooling_ablation,1,142,B-GNN-positional,0,0,0.1466216146945953,
3825640,2015-10-25,11,La Liga,27,male,Levante UD,Real Sociedad,elite,experiment3_pooling_ablation,1,142,B-GNN-positional,0,0,0.0665691718459129,
3825641,2015-10-26,11,La Liga,27,male,Athletic Club,Sporting Gijón,elite,experiment3_pooling_ablation,1,142,B-GNN-positional,1,0,0.26669642329216,
3825642,2015-10-30,11,La Liga,27,male,RC Deportivo La Coruña,Atlético Madrid,elite,experiment3_pooling_ablation,1,142,B-GNN-positional,0,0,0.1223943680524826,
3825643,2015-10-31,11,La Liga,27,male,Real Madrid,Las Palmas,elite,experiment3_pooling_ablation,1,142,B-GNN-positional,1,1,0.6669828295707703,
3825644,2015-10-31,11,La Liga,27,male,Real Sociedad,Celta Vigo,elite,experiment3_pooling_ablation,1,142,B-GNN-positional,0,0,0.0629164949059486,
3825645,2015-10-31,11,La Liga,27,male,Getafe,Barcelona,elite,experiment3_pooling_ablation,1,142,B-GNN-positional,0,0,0.0178568810224533,
3825646,2015-10-31,11,La Liga,27,male,Villarreal,Sevilla,elite,experiment3_pooling_ablation,1,142,B-GNN-positional,1,0,0.1405991017818451,
3825647,2015-10-31,11,La Liga,27,male,Valencia,Levante UD,elite,experiment3_pooling_ablation,1,142,B-GNN-positional,1,0,0.169894278049469,
3825648,2015-11-01,11,La Liga,27,male,Eibar,Rayo Vallecano,elite,experiment3_pooling_ablation,1,142,B-GNN-positional,1,0,0.0249918736517429,
3825649,2015-11-01,11,La Liga,27,male,Sporting Gijón,Málaga,elite,experiment3_pooling_ablation,1,142,B-GNN-positional,1,0,0.0415001846849918,
3825650,2015-11-01,11,La Liga,27,male,Real Betis,Athletic Club,elite,experiment3_pooling_ablation,1,142,B-GNN-positional,0,0,0.1087025851011276,
3825651,2015-11-01,11,La Liga,27,male,Espanyol,Granada,elite,experiment3_pooling_ablation,1,142,B-GNN-positional,0,0,0.0400004908442497,
3825652,2015-11-06,11,La Liga,27,male,Las Palmas,Real Sociedad,elite,experiment3_pooling_ablation,1,142,B-GNN-positional,1,0,0.0552468262612819,
3825653,2015-11-07,11,La Liga,27,male,Eibar,Getafe,elite,experiment3_pooling_ablation,1,142,B-GNN-positional,1,0,0.084971122443676,
3825654,2015-11-07,11,La Liga,27,male,Celta Vigo,Valencia,elite,experiment3_pooling_ablation,1,142,B-GNN-positional,0,0,0.1275510191917419,
3825655,2015-11-07,11,La Liga,27,male,Rayo Vallecano,Granada,elite,experiment3_pooling_ablation,1,142,B-GNN-positional,1,0,0.0470833294093608,
3825656,2015-11-07,11,La Liga,27,male,Levante UD,RC Deportivo La Coruña,elite,experiment3_pooling_ablation,1,142,B-GNN-positional,0,0,0.0919589698314666,
3825657,2015-11-07,11,La Liga,27,male,Málaga,Real Betis,elite,experiment3_pooling_ablation,1,142,B-GNN-positional,0,0,0.0515272356569767,
3825658,2015-11-08,11,La Liga,27,male,Atlético Madrid,Sporting Gijón,elite,experiment3_pooling_ablation,1,142,B-GNN-positional,1,0,0.389335423707962,
3825659,2015-11-08,11,La Liga,27,male,Athletic Club,Espanyol,elite,experiment3_pooling_ablation,1,142,B-GNN-positional,1,0,0.0313522405922412,
3825660,2015-11-08,11,La Liga,27,male,Barcelona,Villarreal,elite,experiment3_pooling_ablation,1,142,B-GNN-positional,1,1,0.7863186001777649,
3825661,2015-11-08,11,La Liga,27,male,Sevilla,Real Madrid,elite,experiment3_pooling_ablation,1,142,B-GNN-positional,1,0,0.1857468038797378,
266424,2015-11-21,11,La Liga,27,male,Real Madrid,Barcelona,elite,experiment3_pooling_ablation,1,142,B-GNN-positional,0,0,0.1991474628448486,
3825662,2015-11-21,11,La Liga,27,male,RC Deportivo La Coruña,Celta Vigo,elite,experiment3_pooling_ablation,1,142,B-GNN-positional,1,0,0.0194715354591608,
3825663,2015-11-21,11,La Liga,27,male,Espanyol,Málaga,elite,experiment3_pooling_ablation,1,142,B-GNN-positional,1,0,0.0367389433085918,
3825664,2015-11-21,11,La Liga,27,male,Real Sociedad,Sevilla,elite,experiment3_pooling_ablation,1,142,B-GNN-positional,1,0,0.1669739335775375,
3825888,2015-11-21,11,La Liga,27,male,Valencia,Las Palmas,elite,experiment3_pooling_ablation,1,142,B-GNN-positional,0,0,0.0778686329722404,
3825665,2015-11-22,11,La Liga,27,male,Granada,Athletic Club,elite,experiment3_pooling_ablation,1,142,B-GNN-positional,1,0,0.0169720668345689,
3825666,2015-11-22,11,La Liga,27,male,Real Betis,Atlético Madrid,elite,experiment3_pooling_ablation,1,142,B-GNN-positional,0,0,0.0669799000024795,
3825667,2015-11-22,11,La Liga,27,male,Villarreal,Eibar,elite,experiment3_pooling_ablation,1,142,B-GNN-positional,0,0,0.1270900964736938,
3825668,2015-11-22,11,La Liga,27,male,Sporting Gijón,Levante UD,elite,experiment3_pooling_ablation,1,142,B-GNN-positional,0,0,0.0850764065980911,
3825669,2015-11-23,11,La Liga,27,male,Getafe,Rayo Vallecano,elite,experiment3_pooling_ablation,1,142,B-GNN-positional,0,0,0.034814029932022,
3825670,2015-11-27,11,La Liga,27,male,Levante UD,Real Betis,elite,experiment3_pooling_ablation,1,142,B-GNN-positional,0,0,0.1250706166028976,
266885,2015-11-28,11,La Liga,27,male,Barcelona,Real Sociedad,elite,experiment3_pooling_ablation,1,142,B-GNN-positional,1,0,0.2329037934541702,
3825671,2015-11-28,11,La Liga,27,male,Celta Vigo,Sporting Gijón,elite,experiment3_pooling_ablation,1,142,B-GNN-positional,1,0,0.1830903887748718,
3825672,2015-11-28,11,La Liga,27,male,Málaga,Granada,elite,experiment3_pooling_ablation,1,142,B-GNN-positional,0,0,0.0466519854962825,
3825673,2015-11-28,11,La Liga,27,male,Las Palmas,RC Deportivo La Coruña,elite,experiment3_pooling_ablation,1,142,B-GNN-positional,0,0,0.3398324847221374,
3825674,2015-11-28,11,La Liga,27,male,Atlético Madrid,Espanyol,elite,experiment3_pooling_ablation,1,142,B-GNN-positional,1,0,0.2950485348701477,
3825675,2015-11-29,11,La Liga,27,male,Rayo Vallecano,Athletic Club,elite,experiment3_pooling_ablation,1,142,B-GNN-positional,0,0,0.1528863310813903,
3825676,2015-11-29,11,La Liga,27,male,Getafe,Villarreal,elite,experiment3_pooling_ablation,1,142,B-GNN-positional,1,0,0.0519434213638305,
3825677,2015-11-29,11,La Liga,27,male,Sevilla,Valencia,elite,experiment3_pooling_ablation,1,142,B-GNN-positional,1,0,0.3383669555187225,
3825678,2015-11-29,11,La Liga,27,male,Eibar,Real Madrid,elite,experiment3_pooling_ablation,1,142,B-GNN-positional,0,0,0.0418816916644573,
267274,2015-12-05,11,La Liga,27,male,Valencia,Barcelona,elite,experiment3_pooling_ablation,1,142,B-GNN-positional,0,0,0.0392665229737758,
3825679,2015-12-05,11,La Liga,27,male,Real Betis,Celta Vigo,elite,experiment3_pooling_ablation,1,142,B-GNN-positional,0,0,0.1989454329013824,
3825680,2015-12-05,11,La Liga,27,male,RC Deportivo La Coruña,Sevilla,elite,experiment3_pooling_ablation,1,142,B-GNN-positional,0,0,0.0337594971060752,
3825681,2015-12-05,11,La Liga,27,male,Real Madrid,Getafe,elite,experiment3_pooling_ablation,1,142,B-GNN-positional,1,1,0.8005886673927307,
3825682,2015-12-05,11,La Liga,27,male,Granada,Atlético Madrid,elite,experiment3_pooling_ablation,1,142,B-GNN-positional,0,0,0.1304167360067367,
3825683,2015-12-06,11,La Liga,27,male,Real Sociedad,Eibar,elite,experiment3_pooling_ablation,1,142,B-GNN-positional,1,0,0.1315465867519378,
3825684,2015-12-06,11,La Liga,27,male,Villarreal,Rayo Vallecano,elite,experiment3_pooling_ablation,1,142,B-GNN-positional,1,0,0.076902650296688,
3825685,2015-12-06,11,La Liga,27,male,Sporting Gijón,Las Palmas,elite,experiment3_pooling_ablation,1,142,B-GNN-positional,1,0,0.0895440950989723,
3825686,2015-12-06,11,La Liga,27,male,Athletic Club,Málaga,elite,experiment3_pooling_ablation,1,142,B-GNN-positional,0,0,0.0545021221041679,
3825687,2015-12-07,11,La Liga,27,male,Espanyol,Levante UD,elite,experiment3_pooling_ablation,1,142,B-GNN-positional,0,0,0.0483723618090152,
3825688,2015-12-11,11,La Liga,27,male,Getafe,Real Sociedad,elite,experiment3_pooling_ablation,1,142,B-GNN-positional,0,0,0.0343615524470806,
266961,2015-12-12,11,La Liga,27,male,Barcelona,RC Deportivo La Coruña,elite,experiment3_pooling_ablation,1,142,B-GNN-positional,0,1,0.8478893041610718,
3825689,2015-12-12,11,La Liga,27,male,Celta Vigo,Espanyol,elite,experiment3_pooling_ablation,1,142,B-GNN-positional,1,0,0.0763818472623825,
3825690,2015-12-12,11,La Liga,27,male,Las Palmas,Real Betis,elite,experiment3_pooling_ablation,1,142,B-GNN-positional,1,0,0.2287581413984298,
3825691,2015-12-12,11,La Liga,27,male,Levante UD,Granada,elite,experiment3_pooling_ablation,1,142,B-GNN-positional,0,0,0.0528942719101905,
3825692,2015-12-12,11,La Liga,27,male,Sevilla,Sporting Gijón,elite,experiment3_pooling_ablation,1,142,B-GNN-positional,1,0,0.4582162797451019,
3825693,2015-12-13,11,La Liga,27,male,Atlético Madrid,Athletic Club,elite,experiment3_pooling_ablation,1,142,B-GNN-positional,1,0,0.0540233738720417,
3825694,2015-12-13,11,La Liga,27,male,Eibar,Valencia,elite,experiment3_pooling_ablation,1,142,B-GNN-positional,0,0,0.0785781368613243,
3825695,2015-12-13,11,La Liga,27,male,Villarreal,Real Madrid,elite,experiment3_pooling_ablation,1,142,B-GNN-positional,1,0,0.0535947419703006,
3825696,2015-12-13,11,La Liga,27,male,Rayo Vallecano,Málaga,elite,experiment3_pooling_ablation,1,142,B-GNN-positional,0,0,0.0480958223342895,
3825697,2015-12-19,11,La Liga,27,male,Valencia,Getafe,elite,experiment3_pooling_ablation,1,142,B-GNN-positional,0,0,0.2222514599561691,
3825698,2015-12-19,11,La Liga,27,male,RC Deportivo La Coruña,Eibar,elite,experiment3_pooling_ablation,1,142,B-GNN-positional,1,0,0.0888560712337493,
3825699,2015-12-19,11,La Liga,27,male,Real Betis,Sevilla,elite,experiment3_pooling_ablation,1,142,B-GNN-positional,0,0,0.0410935059189796,
3825891,2015-12-19,11,La Liga,27,male,Espanyol,Las Palmas,elite,experiment3_pooling_ablation,1,142,B-GNN-positional,1,0,0.0692829564213752,
3825700,2015-12-20,11,La Liga,27,male,Real Madrid,Rayo Vallecano,elite,experiment3_pooling_ablation,1,142,B-GNN-positional,1,1,0.7206190824508667,
3825701,2015-12-20,11,La Liga,27,male,Málaga,Atlético Madrid,elite,experiment3_pooling_ablation,1,142,B-GNN-positional,1,0,0.1292083263397216,
3825702,2015-12-20,11,La Liga,27,male,Real Sociedad,Villarreal,elite,experiment3_pooling_ablation,1,142,B-GNN-positional,0,0,0.4837386608123779,
3825703,2015-12-20,11,La Liga,27,male,Athletic Club,Levante UD,elite,experiment3_pooling_ablation,1,142,B-GNN-positional,1,0,0.1405091285705566,
3825704,2015-12-20,11,La Liga,27,male,Granada,Celta Vigo,elite,experiment3_pooling_ablation,1,142,B-GNN-positional,0,0,0.0641205087304115,
267327,2015-12-30,11,La Liga,27,male,Barcelona,Real Betis,elite,experiment3_pooling_ablation,1,142,B-GNN-positional,1,1,0.5649515986442566,
3825705,2015-12-30,11,La Liga,27,male,Eibar,Sporting Gijón,elite,experiment3_pooling_ablation,1,142,B-GNN-positional,1,0,0.0598259568214416,
3825706,2015-12-30,11,La Liga,27,male,Celta Vigo,Athletic Club,elite,experiment3_pooling_ablation,1,142,B-GNN-positional,0,0,0.1604288816452026,
3825707,2015-12-30,11,La Liga,27,male,Las Palmas,Granada,elite,experiment3_pooling_ablation,1,142,B-GNN-positional,1,0,0.2013671398162841,
3825708,2015-12-30,11,La Liga,27,male,Levante UD,Málaga,elite,experiment3_pooling_ablation,1,142,B-GNN-positional,0,0,0.0367436371743679,
3825709,2015-12-30,11,La Liga,27,male,Sevilla,Espanyol,elite,experiment3_pooling_ablation,1,142,B-GNN-positional,1,0,0.1275630742311477,
3825710,2015-12-30,11,La Liga,27,male,Real Madrid,Real Sociedad,elite,experiment3_pooling_ablation,1,142,B-GNN-positional,1,0,0.4310483336448669,
3825711,2015-12-30,11,La Liga,27,male,Rayo Vallecano,Atlético Madrid,elite,experiment3_pooling_ablation,1,142,B-GNN-positional,0,0,0.0810094028711319,
3825712,2015-12-30,11,La Liga,27,male,Getafe,RC Deportivo La Coruña,elite,experiment3_pooling_ablation,1,142,B-GNN-positional,0,0,0.0811010152101516,
3825713,2015-12-31,11,La Liga,27,male,Villarreal,Valencia,elite,experiment3_pooling_ablation,1,142,B-GNN-positional,1,0,0.084534615278244,
266670,2016-01-02,11,La Liga,27,male,Espanyol,Barcelona,elite,experiment3_pooling_ablation,1,142,B-GNN-positional,0,0,0.0173346474766731,
3825714,2016-01-02,11,La Liga,27,male,Atlético Madrid,Levante UD,elite,experiment3_pooling_ablation,1,142,B-GNN-positional,1,0,0.0981417670845985,
3825715,2016-01-02,11,La Liga,27,male,Málaga,Celta Vigo,elite,experiment3_pooling_ablation,1,142,B-GNN-positional,1,0,0.0995012298226356,
3825716,2016-01-03,11,La Liga,27,male,Rayo Vallecano,Real Sociedad,elite,experiment3_pooling_ablation,1,142,B-GNN-positional,0,0,0.0269666332751512,
3825717,2016-01-03,11,La Liga,27,male,Granada,Sevilla,elite,experiment3_pooling_ablation,1,142,B-GNN-positional,1,0,0.046791948378086,
3825718,2016-01-03,11,La Liga,27,male,Valencia,Real Madrid,elite,experiment3_pooling_ablation,1,142,B-GNN-positional,0,0,0.3546876609325409,
3825719,2016-01-03,11,La Liga,27,male,Athletic Club,Las Palmas,elite,experiment3_pooling_ablation,1,142,B-GNN-positional,0,0,0.048907846212387,
3825720,2016-01-03,11,La Liga,27,male,Real Betis,Eibar,elite,experiment3_pooling_ablation,1,142,B-GNN-positional,0,0,0.1425215601921081,
3825721,2016-01-03,11,La Liga,27,male,RC Deportivo La Coruña,Villarreal,elite,experiment3_pooling_ablation,1,142,B-GNN-positional,0,0,0.1147540956735611,
3825722,2016-01-04,11,La Liga,27,male,Sporting Gijón,Getafe,elite,experiment3_pooling_ablation,1,142,B-GNN-positional,0,0,0.0640863627195358,
266620,2016-01-09,11,La Liga,27,male,Barcelona,Granada,elite,experiment3_pooling_ablation,1,142,B-GNN-positional,1,1,0.8071473240852356,
3825723,2016-01-09,11,La Liga,27,male,Levante UD,Rayo Vallecano,elite,experiment3_pooling_ablation,1,142,B-GNN-positional,1,0,0.0264544319361448,
3825724,2016-01-09,11,La Liga,27,male,Real Madrid,RC Deportivo La Coruña,elite,experiment3_pooling_ablation,1,142,B-GNN-positional,1,0,0.4277457594871521,
3825725,2016-01-09,11,La Liga,27,male,Getafe,Real Betis,elite,experiment3_pooling_ablation,1,142,B-GNN-positional,1,0,0.068534605205059,
3825726,2016-01-09,11,La Liga,27,male,Sevilla,Athletic Club,elite,experiment3_pooling_ablation,1,142,B-GNN-positional,1,0,0.0685067549347877,
3825727,2016-01-10,11,La Liga,27,male,Eibar,Espanyol,elite,experiment3_pooling_ablation,1,142,B-GNN-positional,1,0,0.1395530700683593,
3825728,2016-01-10,11,La Liga,27,male,Celta Vigo,Atlético Madrid,elite,experiment3_pooling_ablation,1,142,B-GNN-positional,0,0,0.1843649446964264,
3825729,2016-01-10,11,La Liga,27,male,Villarreal,Sporting Gijón,elite,experiment3_pooling_ablation,1,142,B-GNN-positional,1,0,0.0872876793146133,
3825730,2016-01-10,11,La Liga,27,male,Real Sociedad,Valencia,elite,experiment3_pooling_ablation,1,142,B-GNN-positional,1,0,0.1816218942403793,
3825731,2016-01-10,11,La Liga,27,male,Las Palmas,Málaga,elite,experiment3_pooling_ablation,1,142,B-GNN-positional,0,0,0.1454229354858398,
3825732,2016-01-16,11,La Liga,27,male,Celta Vigo,Levante UD,elite,experiment3_pooling_ablation,1,142,B-GNN-positional,1,1,0.5749995708465576,
3825733,2016-01-16,11,La Liga,27,male,Sevilla,Málaga,elite,experiment3_pooling_ablation,1,142,B-GNN-positional,1,0,0.0769006609916687,
3825734,2016-01-16,11,La Liga,27,male,Real Sociedad,RC Deportivo La Coruña,elite,experiment3_pooling_ablation,1,142,B-GNN-positional,0,1,0.6390054821968079,
3825735,2016-01-16,11,La Liga,27,male,Villarreal,Real Betis,elite,experiment3_pooling_ablation,1,142,B-GNN-positional,0,0,0.1329738050699234,
266149,2016-01-17,11,La Liga,27,male,Barcelona,Athletic Club,elite,experiment3_pooling_ablation,1,142,B-GNN-positional,1,1,0.7566441893577576,
3825736,2016-01-17,11,La Liga,27,male,Valencia,Rayo Vallecano,elite,experiment3_pooling_ablation,1,142,B-GNN-positional,0,0,0.0861217305064201,
3825737,2016-01-17,11,La Liga,27,male,Getafe,Espanyol,elite,experiment3_pooling_ablation,1,142,B-GNN-positional,1,0,0.1197239309549331,
3825738,2016-01-17,11,La Liga,27,male,Las Palmas,Atlético Madrid,elite,experiment3_pooling_ablation,1,142,B-GNN-positional,0,0,0.4576888382434845,
3825739,2016-01-17,11,La Liga,27,male,Real Madrid,Sporting Gijón,elite,experiment3_pooling_ablation,1,142,B-GNN-positional,1,1,0.8874437212944031,
3825740,2016-01-18,11,La Liga,27,male,Eibar,Granada,elite,experiment3_pooling_ablation,1,142,B-GNN-positional,1,0,0.0755676850676536,
3825741,2016-01-22,11,La Liga,27,male,Sporting Gijón,Real Sociedad,elite,experiment3_pooling_ablation,1,142,B-GNN-positional,1,0,0.2988472878932953,
265894,2016-01-23,11,La Liga,27,male,Málaga,Barcelona,elite,experiment3_pooling_ablation,1,142,B-GNN-positional,0,0,0.0387295596301555,
3825742,2016-01-23,11,La Liga,27,male,Granada,Getafe,elite,experiment3_pooling_ablation,1,142,B-GNN-positional,1,0,0.2088527381420135,
3825743,2016-01-23,11,La Liga,27,male,Rayo Vallecano,Celta Vigo,elite,experiment3_pooling_ablation,1,142,B-GNN-positional,1,0,0.1548098176717758,
3825744,2016-01-23,11,La Liga,27,male,Espanyol,Villarreal,elite,experiment3_pooling_ablation,1,142,B-GNN-positional,0,0,0.0816933289170265,
3825745,2016-01-24,11,La Liga,27,male,RC Deportivo La Coruña,Valencia,elite,experiment3_pooling_ablation,1,142,B-GNN-positional,0,0,0.078285314142704,
3825746,2016-01-24,11,La Liga,27,male,Real Betis,Real Madrid,elite,experiment3_pooling_ablation,1,142,B-GNN-positional,0,0,0.0275008864700794,
3825747,2016-01-24,11,La Liga,27,male,Athletic Club,Eibar,elite,experiment3_pooling_ablation,1,142,B-GNN-positional,1,0,0.0661271139979362,
3825748,2016-01-24,11,La Liga,27,male,Atlético Madrid,Sevilla,elite,experiment3_pooling_ablation,1,142,B-GNN-positional,0,0,0.3806636333465576,
3825749,2016-01-25,11,La Liga,27,male,Levante UD,Las Palmas,elite,experiment3_pooling_ablation,1,142,B-GNN-positional,1,0,0.0330432765185833,
267576,2016-01-30,11,La Liga,27,male,Barcelona,Atlético Madrid,elite,experiment3_pooling_ablation,1,142,B-GNN-positional,1,1,0.7257353663444519,
3825750,2016-01-30,11,La Liga,27,male,Real Sociedad,Real Betis,elite,experiment3_pooling_ablation,1,142,B-GNN-positional,1,0,0.0663625374436378,
3825751,2016-01-30,11,La Liga,27,male,Getafe,Athletic Club,elite,experiment3_pooling_ablation,1,142,B-GNN-positional,0,0,0.0534346960484981,
3825752,2016-01-30,11,La Liga,27,male,Eibar,Málaga,elite,experiment3_pooling_ablation,1,142,B-GNN-positional,0,0,0.0490177646279335,
3825753,2016-01-30,11,La Liga,27,male,Villarreal,Granada,elite,experiment3_pooling_ablation,1,142,B-GNN-positional,1,0,0.2901865839958191,
3825754,2016-01-31,11,La Liga,27,male,Las Palmas,Celta Vigo,elite,experiment3_pooling_ablation,1,142,B-GNN-positional,1,0,0.1558864861726761,
3825755,2016-01-31,11,La Liga,27,male,Valencia,Sporting Gijón,elite,experiment3_pooling_ablation,1,142,B-GNN-positional,0,0,0.286276638507843,
3825756,2016-01-31,11,La Liga,27,male,Sevilla,Levante UD,elite,experiment3_pooling_ablation,1,142,B-GNN-positional,1,0,0.1344950944185257,
3825757,2016-01-31,11,La Liga,27,male,Real Madrid,Espanyol,elite,experiment3_pooling_ablation,1,142,B-GNN-positional,1,1,0.8219175338745117,
3825758,2016-02-01,11,La Liga,27,male,RC Deportivo La Coruña,Rayo Vallecano,elite,experiment3_pooling_ablation,1,142,B-GNN-positional,0,0,0.0848657116293907,
3825759,2016-02-05,11,La Liga,27,male,Málaga,Getafe,elite,experiment3_pooling_ablation,1,142,B-GNN-positional,1,0,0.0862550437450409,
3825760,2016-02-06,11,La Liga,27,male,Atlético Madrid,Eibar,elite,experiment3_pooling_ablation,1,142,B-GNN-positional,1,0,0.0524939410388469,
3825761,2016-02-06,11,La Liga,27,male,Athletic Club,Villarreal,elite,experiment3_pooling_ablation,1,142,B-GNN-positional,0,0,0.1334616392850875,
3825762,2016-02-06,11,La Liga,27,male,Sporting Gijón,RC Deportivo La Coruña,elite,experiment3_pooling_ablation,1,142,B-GNN-positional,0,0,0.0492478981614112,
3825763,2016-02-06,11,La Liga,27,male,Rayo Vallecano,Las Palmas,elite,experiment3_pooling_ablation,1,142,B-GNN-positional,1,0,0.1669065058231353,
266160,2016-02-07,11,La Liga,27,male,Levante UD,Barcelona,elite,experiment3_pooling_ablation,1,142,B-GNN-positional,0,0,0.0365068353712558,
3825764,2016-02-07,11,La Liga,27,male,Granada,Real Madrid,elite,experiment3_pooling_ablation,1,142,B-GNN-positional,0,0,0.0734590291976928,
3825765,2016-02-07,11,La Liga,27,male,Celta Vigo,Sevilla,elite,experiment3_pooling_ablation,1,142,B-GNN-positional,0,1,0.8008700013160706,
3825766,2016-02-07,11,La Liga,27,male,Real Betis,Valencia,elite,experiment3_pooling_ablation,1,142,B-GNN-positional,1,0,0.0363880023360252,
3825767,2016-02-08,11,La Liga,27,male,Espanyol,Real Sociedad,elite,experiment3_pooling_ablation,1,142,B-GNN-positional,0,0,0.117156334221363,
3825768,2016-02-12,11,La Liga,27,male,Sporting Gijón,Rayo Vallecano,elite,experiment3_pooling_ablation,1,142,B-GNN-positional,0,0,0.0431108400225639,
3825769,2016-02-13,11,La Liga,27,male,Villarreal,Málaga,elite,experiment3_pooling_ablation,1,142,B-GNN-positional,1,0,0.1148470118641853,
3825770,2016-02-13,11,La Liga,27,male,Real Madrid,Athletic Club,elite,experiment3_pooling_ablation,1,142,B-GNN-positional,1,1,0.6327216029167175,
3825771,2016-02-13,11,La Liga,27,male,RC Deportivo La Coruña,Real Betis,elite,experiment3_pooling_ablation,1,142,B-GNN-positional,0,0,0.1223316937685012,
3825772,2016-02-13,11,La Liga,27,male,Valencia,Espanyol,elite,experiment3_pooling_ablation,1,142,B-GNN-positional,1,0,0.1533405035734176,
266254,2016-02-14,11,La Liga,27,male,Barcelona,Celta Vigo,elite,experiment3_pooling_ablation,1,142,B-GNN-positional,1,0,0.362779289484024,
3825773,2016-02-14,11,La Liga,27,male,Eibar,Levante UD,elite,experiment3_pooling_ablation,1,142,B-GNN-positional,1,0,0.1780878156423568,
3825774,2016-02-14,11,La Liga,27,male,Getafe,Atlético Madrid,elite,experiment3_pooling_ablation,1,142,B-GNN-positional,0,1,0.5599126815795898,
3825775,2016-02-14,11,La Liga,27,male,Real Sociedad,Granada,elite,experiment3_pooling_ablation,1,142,B-GNN-positional,1,0,0.0885907262563705,
3825776,2016-02-14,11,La Liga,27,male,Sevilla,Las Palmas,elite,experiment3_pooling_ablation,1,142,B-GNN-positional,1,0,0.1222972422838211,
266815,2016-02-17,11,La Liga,27,male,Sporting Gijón,Barcelona,elite,experiment3_pooling_ablation,1,142,B-GNN-positional,0,0,0.0176757238805294,
3825777,2016-02-19,11,La Liga,27,male,Levante UD,Getafe,elite,experiment3_pooling_ablation,1,142,B-GNN-positional,1,0,0.0820219442248344,
267273,2016-02-20,11,La Liga,27,male,Las Palmas,Barcelona,elite,experiment3_pooling_ablation,1,142,B-GNN-positional,0,0,0.1748654246330261,
3825778,2016-02-20,11,La Liga,27,male,Real Betis,Sporting Gijón,elite,experiment3_pooling_ablation,1,142,B-GNN-positional,0,0,0.1272767186164856,
3825779,2016-02-20,11,La Liga,27,male,Celta Vigo,Eibar,elite,experiment3_pooling_ablation,1,142,B-GNN-positional,1,0,0.1827506124973297,
3825780,2016-02-20,11,La Liga,27,male,Espanyol,RC Deportivo La Coruña,elite,experiment3_pooling_ablation,1,142,B-GNN-positional,1,0,0.0901847556233406,
3825781,2016-02-21,11,La Liga,27,male,Rayo Vallecano,Sevilla,elite,experiment3_pooling_ablation,1,142,B-GNN-positional,0,0,0.098545953631401,
3825782,2016-02-21,11,La Liga,27,male,Granada,Valencia,elite,experiment3_pooling_ablation,1,142,B-GNN-positional,0,0,0.1669375896453857,
3825783,2016-02-21,11,La Liga,27,male,Athletic Club,Real Sociedad,elite,experiment3_pooling_ablation,1,142,B-GNN-positional,0,0,0.0797353535890579,
3825784,2016-02-21,11,La Liga,27,male,Atlético Madrid,Villarreal,elite,experiment3_pooling_ablation,1,142,B-GNN-positional,0,0,0.150842010974884,
3825785,2016-02-21,11,La Liga,27,male,Málaga,Real Madrid,elite,experiment3_pooling_ablation,1,142,B-GNN-positional,0,0,0.0386498980224132,
3825786,2016-02-26,11,La Liga,27,male,Eibar,Las Palmas,elite,experiment3_pooling_ablation,1,142,B-GNN-positional,0,0,0.0464308448135852,
3825787,2016-02-27,11,La Liga,27,male,Real Madrid,Atlético Madrid,elite,experiment3_pooling_ablation,2,242,B-GNN-positional,0,1,0.6422905325889587,
3825788,2016-02-27,11,La Liga,27,male,Getafe,Celta Vigo,elite,experiment3_pooling_ablation,2,242,B-GNN-positional,0,0,0.2182435840368271,
3825789,2016-02-27,11,La Liga,27,male,Real Sociedad,Málaga,elite,experiment3_pooling_ablation,2,242,B-GNN-positional,0,0,0.3932863473892212,
3825790,2016-02-27,11,La Liga,27,male,Sporting Gijón,Espanyol,elite,experiment3_pooling_ablation,2,242,B-GNN-positional,0,1,0.6528482437133789,
3825791,2016-02-27,11,La Liga,27,male,Real Betis,Rayo Vallecano,elite,experiment3_pooling_ablation,2,242,B-GNN-positional,0,0,0.3390772640705108,
265839,2016-02-28,11,La Liga,27,male,Barcelona,Sevilla,elite,experiment3_pooling_ablation,2,242,B-GNN-positional,1,1,0.642286479473114,
3825792,2016-02-28,11,La Liga,27,male,RC Deportivo La Coruña,Granada,elite,experiment3_pooling_ablation,2,242,B-GNN-positional,0,1,0.6969687342643738,
3825793,2016-02-28,11,La Liga,27,male,Valencia,Athletic Club,elite,experiment3_pooling_ablation,2,242,B-GNN-positional,0,0,0.3992210030555725,
3825794,2016-02-28,11,La Liga,27,male,Villarreal,Levante UD,elite,experiment3_pooling_ablation,2,242,B-GNN-positional,1,1,0.6141046285629272,
3825795,2016-03-01,11,La Liga,27,male,Atlético Madrid,Real Sociedad,elite,experiment3_pooling_ablation,2,242,B-GNN-positional,1,1,0.9161361455917358,
3825796,2016-03-01,11,La Liga,27,male,Las Palmas,Getafe,elite,experiment3_pooling_ablation,2,242,B-GNN-positional,1,1,0.777940571308136,
3825797,2016-03-02,11,La Liga,27,male,Athletic Club,RC Deportivo La Coruña,elite,experiment3_pooling_ablation,2,242,B-GNN-positional,1,1,0.9739510416984558,
3825798,2016-03-02,11,La Liga,27,male,Levante UD,Real Madrid,elite,experiment3_pooling_ablation,2,242,B-GNN-positional,0,0,0.3440699577331543,
3825799,2016-03-02,11,La Liga,27,male,Málaga,Valencia,elite,experiment3_pooling_ablation,2,242,B-GNN-positional,0,0,0.1463303714990615,
3825800,2016-03-02,11,La Liga,27,male,Celta Vigo,Villarreal,elite,experiment3_pooling_ablation,2,242,B-GNN-positional,0,1,0.6678093075752258,
3825801,2016-03-02,11,La Liga,27,male,Sevilla,Eibar,elite,experiment3_pooling_ablation,2,242,B-GNN-positional,1,1,0.6352957487106323,
266653,2016-03-03,11,La Liga,27,male,Rayo Vallecano,Barcelona,elite,experiment3_pooling_ablation,2,242,B-GNN-positional,0,0,0.2544691264629364,
3825802,2016-03-03,11,La Liga,27,male,Espanyol,Real Betis,elite,experiment3_pooling_ablation,2,242,B-GNN-positional,0,0,0.2537936270236969,
3825803,2016-03-03,11,La Liga,27,male,Granada,Sporting Gijón,elite,experiment3_pooling_ablation,2,242,B-GNN-positional,1,1,0.7150127291679382,
3825804,2016-03-05,11,La Liga,27,male,RC Deportivo La Coruña,Málaga,elite,experiment3_pooling_ablation,2,242,B-GNN-positional,0,1,0.8245985507965088,
3825805,2016-03-05,11,La Liga,27,male,Villarreal,Las Palmas,elite,experiment3_pooling_ablation,2,242,B-GNN-positional,0,0,0.3376387059688568,
3825806,2016-03-05,11,La Liga,27,male,Real Madrid,Celta Vigo,elite,experiment3_pooling_ablation,2,242,B-GNN-positional,1,1,0.8911553025245667,
3825867,2016-03-05,11,La Liga,27,male,Getafe,Sevilla,elite,experiment3_pooling_ablation,2,242,B-GNN-positional,0,0,0.2410611063241958,
266056,2016-03-06,11,La Liga,27,male,Eibar,Barcelona,elite,experiment3_pooling_ablation,2,242,B-GNN-positional,0,0,0.2347966581583023,
3825807,2016-03-06,11,La Liga,27,male,Valencia,Atlético Madrid,elite,experiment3_pooling_ablation,2,242,B-GNN-positional,0,0,0.2037897408008575,
3825808,2016-03-06,11,La Liga,27,male,Sporting Gijón,Athletic Club,elite,experiment3_pooling_ablation,2,242,B-GNN-positional,0,0,0.1384285688400268,
3825809,2016-03-06,11,La Liga,27,male,Real Betis,Granada,elite,experiment3_pooling_ablation,2,242,B-GNN-positional,1,0,0.1476465761661529,
3825810,2016-03-06,11,La Liga,27,male,Real Sociedad,Levante UD,elite,experiment3_pooling_ablation,2,242,B-GNN-positional,0,0,0.3806948661804199,
3825811,2016-03-07,11,La Liga,27,male,Espanyol,Rayo Vallecano,elite,experiment3_pooling_ablation,2,242,B-GNN-positional,1,1,0.5348277688026428,
3825812,2016-03-11,11,La Liga,27,male,Málaga,Sporting Gijón,elite,experiment3_pooling_ablation,2,242,B-GNN-positional,1,0,0.2407496869564056,
266498,2016-03-12,11,La Liga,27,male,Barcelona,Getafe,elite,experiment3_pooling_ablation,2,242,B-GNN-positional,1,1,0.9724383354187012,
3825813,2016-03-12,11,La Liga,27,male,Atlético Madrid,RC Deportivo La Coruña,elite,experiment3_pooling_ablation,2,242,B-GNN-positional,1,1,0.9025444984436036,
3825814,2016-03-12,11,La Liga,27,male,Celta Vigo,Real Sociedad,elite,experiment3_pooling_ablation,2,242,B-GNN-positional,1,0,0.1412601023912429,
3825858,2016-03-12,11,La Liga,27,male,Rayo Vallecano,Eibar,elite,experiment3_pooling_ablation,2,242,B-GNN-positional,0,0,0.4059256911277771,
3825815,2016-03-13,11,La Liga,27,male,Levante UD,Valencia,elite,experiment3_pooling_ablation,2,242,B-GNN-positional,1,0,0.1977524310350418,
3825816,2016-03-13,11,La Liga,27,male,Sevilla,Villarreal,elite,experiment3_pooling_ablation,2,242,B-GNN-positional,1,1,0.966378390789032,
3825844,2016-03-13,11,La Liga,27,male,Athletic Club,Real Betis,elite,experiment3_pooling_ablation,2,242,B-GNN-positional,1,1,0.7481865286827087,
3825879,2016-03-13,11,La Liga,27,male,Las Palmas,Real Madrid,elite,experiment3_pooling_ablation,2,242,B-GNN-positional,0,1,0.6637073159217834,
3825881,2016-03-14,11,La Liga,27,male,Granada,Espanyol,elite,experiment3_pooling_ablation,2,242,B-GNN-positional,0,0,0.1304227709770202,
3825817,2016-03-18,11,La Liga,27,male,Getafe,Eibar,elite,experiment3_pooling_ablation,2,242,B-GNN-positional,0,0,0.195906177163124,
3825818,2016-03-19,11,La Liga,27,male,Real Sociedad,Las Palmas,elite,experiment3_pooling_ablation,2,242,B-GNN-positional,0,0,0.1991620808839798,
3825880,2016-03-19,11,La Liga,27,male,RC Deportivo La Coruña,Levante UD,elite,experiment3_pooling_ablation,2,242,B-GNN-positional,1,1,0.5181732177734375,
3825887,2016-03-19,11,La Liga,27,male,Granada,Rayo Vallecano,elite,experiment3_pooling_ablation,2,242,B-GNN-positional,0,1,0.5115311145782471,
3825903,2016-03-19,11,La Liga,27,male,Real Betis,Málaga,elite,experiment3_pooling_ablation,2,242,B-GNN-positional,0,0,0.3424012362957001,
3825907,2016-03-19,11,La Liga,27,male,Sporting Gijón,Atlético Madrid,elite,experiment3_pooling_ablation,2,242,B-GNN-positional,1,1,0.658746063709259,
266106,2016-03-20,11,La Liga,27,male,Villarreal,Barcelona,elite,experiment3_pooling_ablation,2,242,B-GNN-positional,0,1,0.6029344201087952,
3825819,2016-03-20,11,La Liga,27,male,Valencia,Celta Vigo,elite,experiment3_pooling_ablation,2,242,B-GNN-positional,0,0,0.3723604381084442,
3825820,2016-03-20,11,La Liga,27,male,Real Madrid,Sevilla,elite,experiment3_pooling_ablation,2,242,B-GNN-positional,1,1,0.9960675239562988,
3825821,2016-03-20,11,La Liga,27,male,Espanyol,Athletic Club,elite,experiment3_pooling_ablation,2,242,B-GNN-positional,1,1,0.5512080788612366,
3825885,2016-04-01,11,La Liga,27,male,Rayo Vallecano,Getafe,elite,experiment3_pooling_ablation,2,242,B-GNN-positional,1,1,0.9754526615142822,
267533,2016-04-02,11,La Liga,27,male,Barcelona,Real Madrid,elite,experiment3_pooling_ablation,2,242,B-GNN-positional,0,1,0.6385726928710938,
3825822,2016-04-02,11,La Liga,27,male,Las Palmas,Valencia,elite,experiment3_pooling_ablation,2,242,B-GNN-positional,1,1,0.5645519495010376,
3825872,2016-04-02,11,La Liga,27,male,Atlético Madrid,Real Betis,elite,experiment3_pooling_ablation,2,242,B-GNN-positional,1,1,0.964163601398468,
3825898,2016-04-02,11,La Liga,27,male,Celta Vigo,RC Deportivo La Coruña,elite,experiment3_pooling_ablation,2,242,B-GNN-positional,0,0,0.371059387922287,
3825823,2016-04-03,11,La Liga,27,male,Sevilla,Real Sociedad,elite,experiment3_pooling_ablation,2,242,B-GNN-positional,0,1,0.7540772557258606,
3825824,2016-04-03,11,La Liga,27,male,Eibar,Villarreal,elite,experiment3_pooling_ablation,2,242,B-GNN-positional,0,0,0.1756837218999862,
3825877,2016-04-03,11,La Liga,27,male,Athletic Club,Granada,elite,experiment3_pooling_ablation,2,242,B-GNN-positional,0,1,0.8804018497467041,
3825905,2016-04-03,11,La Liga,27,male,Málaga,Espanyol,elite,experiment3_pooling_ablation,2,242,B-GNN-positional,0,1,0.526628851890564,
3825825,2016-04-04,11,La Liga,27,male,Levante UD,Sporting Gijón,elite,experiment3_pooling_ablation,2,242,B-GNN-positional,0,0,0.3617070913314819,
3825826,2016-04-08,11,La Liga,27,male,Granada,Málaga,elite,experiment3_pooling_ablation,2,242,B-GNN-positional,0,0,0.2364260405302047,
266664,2016-04-09,11,La Liga,27,male,Real Sociedad,Barcelona,elite,experiment3_pooling_ablation,2,242,B-GNN-positional,1,0,0.1912947297096252,
3825827,2016-04-09,11,La Liga,27,male,Real Betis,Levante UD,elite,experiment3_pooling_ablation,2,242,B-GNN-positional,1,0,0.2478522360324859,
3825828,2016-04-09,11,La Liga,27,male,Espanyol,Atlético Madrid,elite,experiment3_pooling_ablation,2,242,B-GNN-positional,0,0,0.2340813428163528,
3825856,2016-04-09,11,La Liga,27,male,Real Madrid,Eibar,elite,experiment3_pooling_ablation,2,242,B-GNN-positional,1,1,0.9610010385513306,
3825829,2016-04-10,11,La Liga,27,male,Athletic Club,Rayo Vallecano,elite,experiment3_pooling_ablation,2,242,B-GNN-positional,1,0,0.2115458399057388,
3825830,2016-04-10,11,La Liga,27,male,Villarreal,Getafe,elite,experiment3_pooling_ablation,2,242,B-GNN-positional,1,0,0.415844976902008,
3825831,2016-04-10,11,La Liga,27,male,Valencia,Sevilla,elite,experiment3_pooling_ablation,2,242,B-GNN-positional,1,0,0.4361136555671692,
3825832,2016-04-10,11,La Liga,27,male,Sporting Gijón,Celta Vigo,elite,experiment3_pooling_ablation,2,242,B-GNN-positional,0,0,0.1451407074928283,
3825863,2016-04-11,11,La Liga,27,male,RC Deportivo La Coruña,Las Palmas,elite,experiment3_pooling_ablation,2,242,B-GNN-positional,0,0,0.2711496949195862,
3825857,2016-04-15,11,La Liga,27,male,Levante UD,Espanyol,elite,experiment3_pooling_ablation,2,242,B-GNN-positional,1,0,0.2706591188907623,
3825833,2016-04-16,11,La Liga,27,male,Getafe,Real Madrid,elite,experiment3_pooling_ablation,2,242,B-GNN-positional,0,0,0.2468321025371551,
3825852,2016-04-16,11,La Liga,27,male,Las Palmas,Sporting Gijón,elite,experiment3_pooling_ablation,2,242,B-GNN-positional,0,0,0.3673878908157348,
3825889,2016-04-16,11,La Liga,27,male,Celta Vigo,Real Betis,elite,experiment3_pooling_ablation,2,242,B-GNN-positional,0,1,0.5520607829093933,
3825897,2016-04-16,11,La Liga,27,male,Eibar,Real Sociedad,elite,experiment3_pooling_ablation,2,242,B-GNN-positional,1,0,0.3853804171085357,
266557,2016-04-17,11,La Liga,27,male,Barcelona,Valencia,elite,experiment3_pooling_ablation,2,242,B-GNN-positional,0,1,0.8160128593444824,
3825834,2016-04-17,11,La Liga,27,male,Atlético Madrid,Granada,elite,experiment3_pooling_ablation,2,242,B-GNN-positional,1,1,0.5407386422157288,
3825835,2016-04-17,11,La Liga,27,male,Málaga,Athletic Club,elite,experiment3_pooling_ablation,2,242,B-GNN-positional,0,0,0.2817219495773315,
3825836,2016-04-17,11,La Liga,27,male,Rayo Vallecano,Villarreal,elite,experiment3_pooling_ablation,2,242,B-GNN-positional,1,1,0.7504141330718994,
3825906,2016-04-17,11,La Liga,27,male,Sevilla,RC Deportivo La Coruña,elite,experiment3_pooling_ablation,2,242,B-GNN-positional,0,1,0.50066077709198,
3825837,2016-04-19,11,La Liga,27,male,Real Betis,Las Palmas,elite,experiment3_pooling_ablation,2,242,B-GNN-positional,1,0,0.3400823473930359,
3825862,2016-04-19,11,La Liga,27,male,Espanyol,Celta Vigo,elite,experiment3_pooling_ablation,2,242,B-GNN-positional,0,0,0.28410205245018,
266310,2016-04-20,11,La Liga,27,male,RC Deportivo La Coruña,Barcelona,elite,experiment3_pooling_ablation,2,242,B-GNN-positional,0,1,0.5174638628959656,
3825838,2016-04-20,11,La Liga,27,male,Athletic Club,Atlético Madrid,elite,experiment3_pooling_ablation,2,242,B-GNN-positional,0,0,0.2888906896114349,
3825839,2016-04-20,11,La Liga,27,male,Sporting Gijón,Sevilla,elite,experiment3_pooling_ablation,2,242,B-GNN-positional,1,0,0.3125814199447632,
3825840,2016-04-20,11,La Liga,27,male,Valencia,Eibar,elite,experiment3_pooling_ablation,2,242,B-GNN-positional,1,1,0.9905956983566284,
3825843,2016-04-20,11,La Liga,27,male,Málaga,Rayo Vallecano,elite,experiment3_pooling_ablation,2,242,B-GNN-positional,0,0,0.3497234284877777,
3825893,2016-04-20,11,La Liga,27,male,Real Madrid,Villarreal,elite,experiment3_pooling_ablation,2,242,B-GNN-positional,1,1,0.844380795955658,
3825841,2016-04-21,11,La Liga,27,male,Real Sociedad,Getafe,elite,experiment3_pooling_ablation,2,242,B-GNN-positional,0,0,0.4101165533065796,
3825896,2016-04-21,11,La Liga,27,male,Granada,Levante UD,elite,experiment3_pooling_ablation,2,242,B-GNN-positional,1,1,0.995940089225769,
3825871,2016-04-22,11,La Liga,27,male,Las Palmas,Espanyol,elite,experiment3_pooling_ablation,2,242,B-GNN-positional,1,1,0.5540891885757446,
265944,2016-04-23,11,La Liga,27,male,Barcelona,Sporting Gijón,elite,experiment3_pooling_ablation,2,242,B-GNN-positional,1,1,0.9986041188240052,
3825847,2016-04-23,11,La Liga,27,male,Eibar,RC Deportivo La Coruña,elite,experiment3_pooling_ablation,2,242,B-GNN-positional,0,0,0.3305230736732483,
3825886,2016-04-23,11,La Liga,27,male,Rayo Vallecano,Real Madrid,elite,experiment3_pooling_ablation,2,242,B-GNN-positional,0,0,0.3955255448818207,
3825890,2016-04-23,11,La Liga,27,male,Atlético Madrid,Málaga,elite,experiment3_pooling_ablation,2,242,B-GNN-positional,1,0,0.2204625159502029,
3825842,2016-04-24,11,La Liga,27,male,Levante UD,Athletic Club,elite,experiment3_pooling_ablation,2,242,B-GNN-positional,0,0,0.1887276023626327,
3825875,2016-04-24,11,La Liga,27,male,Villarreal,Real Sociedad,elite,experiment3_pooling_ablation,2,242,B-GNN-positional,0,0,0.1944841891527176,
3825884,2016-04-24,11,La Liga,27,male,Sevilla,Real Betis,elite,experiment3_pooling_ablation,2,242,B-GNN-positional,1,0,0.3319487273693084,
3825899,2016-04-24,11,La Liga,27,male,Getafe,Valencia,elite,experiment3_pooling_ablation,2,242,B-GNN-positional,0,0,0.3550574779510498,
3825868,2016-04-25,11,La Liga,27,male,Celta Vigo,Granada,elite,experiment3_pooling_ablation,2,242,B-GNN-positional,1,1,0.9373725652694702,
3825854,2016-04-29,11,La Liga,27,male,Sporting Gijón,Eibar,elite,experiment3_pooling_ablation,2,242,B-GNN-positional,1,0,0.2049393057823181,
266986,2016-04-30,11,La Liga,27,male,Real Betis,Barcelona,elite,experiment3_pooling_ablation,2,242,B-GNN-positional,0,0,0.0980987027287483,
3825859,2016-04-30,11,La Liga,27,male,Granada,Las Palmas,elite,experiment3_pooling_ablation,2,242,B-GNN-positional,1,0,0.4775177836418152,
3825864,2016-04-30,11,La Liga,27,male,Real Sociedad,Real Madrid,elite,experiment3_pooling_ablation,2,242,B-GNN-positional,0,0,0.2684248089790344,
3825878,2016-04-30,11,La Liga,27,male,Atlético Madrid,Rayo Vallecano,elite,experiment3_pooling_ablation,2,242,B-GNN-positional,1,0,0.1723512709140777,
3825845,2016-05-01,11,La Liga,27,male,Espanyol,Sevilla,elite,experiment3_pooling_ablation,2,242,B-GNN-positional,1,0,0.3309035897254944,
3825870,2016-05-01,11,La Liga,27,male,Athletic Club,Celta Vigo,elite,experiment3_pooling_ablation,2,242,B-GNN-positional,1,1,0.5222330093383789,
3825873,2016-05-01,11,La Liga,27,male,Valencia,Villarreal,elite,experiment3_pooling_ablation,2,242,B-GNN-positional,0,0,0.3756978511810303,
3825894,2016-05-01,11,La Liga,27,male,RC Deportivo La Coruña,Getafe,elite,experiment3_pooling_ablation,2,242,B-GNN-positional,0,0,0.1799169331789016,
3825855,2016-05-02,11,La Liga,27,male,Málaga,Levante UD,elite,experiment3_pooling_ablation,2,242,B-GNN-positional,1,0,0.4927381575107574,
265958,2016-05-08,11,La Liga,27,male,Barcelona,Espanyol,elite,experiment3_pooling_ablation,2,242,B-GNN-positional,1,1,0.7491093873977661,
3825850,2016-05-08,11,La Liga,27,male,Celta Vigo,Málaga,elite,experiment3_pooling_ablation,2,242,B-GNN-positional,1,1,0.7332245707511902,
3825851,2016-05-08,11,La Liga,27,male,Villarreal,RC Deportivo La Coruña,elite,experiment3_pooling_ablation,2,242,B-GNN-positional,0,1,0.582687497138977,
3825853,2016-05-08,11,La Liga,27,male,Sevilla,Granada,elite,experiment3_pooling_ablation,2,242,B-GNN-positional,0,0,0.2590923607349396,
3825860,2016-05-08,11,La Liga,27,male,Levante UD,Atlético Madrid,elite,experiment3_pooling_ablation,2,242,B-GNN-positional,1,0,0.4283841848373413,
3825861,2016-05-08,11,La Liga,27,male,Real Sociedad,Rayo Vallecano,elite,experiment3_pooling_ablation,2,242,B-GNN-positional,1,0,0.3665991723537445,
3825865,2016-05-08,11,La Liga,27,male,Getafe,Sporting Gijón,elite,experiment3_pooling_ablation,2,242,B-GNN-positional,0,0,0.2280732691287994,
3825866,2016-05-08,11,La Liga,27,male,Las Palmas,Athletic Club,elite,experiment3_pooling_ablation,2,242,B-GNN-positional,0,0,0.3411650657653808,
3825901,2016-05-08,11,La Liga,27,male,Real Madrid,Valencia,elite,experiment3_pooling_ablation,2,242,B-GNN-positional,1,1,0.9533864259719848,
3825904,2016-05-08,11,La Liga,27,male,Eibar,Real Betis,elite,experiment3_pooling_ablation,2,242,B-GNN-positional,0,0,0.4281438887119293,
3825849,2016-05-13,11,La Liga,27,male,Valencia,Real Sociedad,elite,experiment3_pooling_ablation,2,242,B-GNN-positional,0,0,0.4394745528697967,
267506,2016-05-14,11,La Liga,27,male,Granada,Barcelona,elite,experiment3_pooling_ablation,2,242,B-GNN-positional,0,0,0.1696511507034301,
3825846,2016-05-14,11,La Liga,27,male,RC Deportivo La Coruña,Real Madrid,elite,experiment3_pooling_ablation,2,242,B-GNN-positional,0,0,0.3801452815532684,
3825869,2016-05-14,11,La Liga,27,male,Athletic Club,Sevilla,elite,experiment3_pooling_ablation,2,242,B-GNN-positional,1,1,0.956198513507843,
3825882,2016-05-14,11,La Liga,27,male,Atlético Madrid,Celta Vigo,elite,experiment3_pooling_ablation,2,242,B-GNN-positional,1,0,0.3633630871772766,
3825876,2016-05-15,11,La Liga,27,male,Real Betis,Getafe,elite,experiment3_pooling_ablation,2,242,B-GNN-positional,1,1,0.8570273518562317,
3825883,2016-05-15,11,La Liga,27,male,Málaga,Las Palmas,elite,experiment3_pooling_ablation,2,242,B-GNN-positional,1,1,0.5244459509849548,
3825900,2016-05-15,11,La Liga,27,male,Sporting Gijón,Villarreal,elite,experiment3_pooling_ablation,2,242,B-GNN-positional,1,0,0.4677412509918213,
3825902,2016-05-15,11,La Liga,27,male,Rayo Vallecano,Levante UD,elite,experiment3_pooling_ablation,2,242,B-GNN-positional,1,1,0.8732157945632935,
3825908,2016-05-15,11,La Liga,27,male,Espanyol,Eibar,elite,experiment3_pooling_ablation,2,242,B-GNN-positional,1,1,0.6365983486175537,
267670,2016-08-20,11,La Liga,2,male,Barcelona,Real Betis,elite,experiment3_pooling_ablation,2,242,B-GNN-positional,1,1,0.9933933615684508,
266892,2016-08-28,11,La Liga,2,male,Athletic Club,Barcelona,elite,experiment3_pooling_ablation,2,242,B-GNN-positional,0,0,0.2032373547554016,
267220,2016-09-21,11,La Liga,2,male,Barcelona,Atlético Madrid,elite,experiment3_pooling_ablation,2,242,B-GNN-positional,0,1,0.8037531971931458,
267492,2016-10-15,11,La Liga,2,male,Barcelona,RC Deportivo La Coruña,elite,experiment3_pooling_ablation,2,242,B-GNN-positional,1,1,0.7409353852272034,
266033,2016-10-22,11,La Liga,2,male,Valencia,Barcelona,elite,experiment3_pooling_ablation,2,242,B-GNN-positional,0,0,0.2717945277690887,
267058,2016-10-29,11,La Liga,2,male,Barcelona,Granada,elite,experiment3_pooling_ablation,2,242,B-GNN-positional,1,1,0.801253080368042,
266989,2016-11-06,11,La Liga,2,male,Sevilla,Barcelona,elite,experiment3_pooling_ablation,2,242,B-GNN-positional,0,1,0.5333514213562012,
266191,2016-11-27,11,La Liga,2,male,Real Sociedad,Barcelona,elite,experiment3_pooling_ablation,2,242,B-GNN-positional,0,1,0.6413470506668091,
267076,2016-12-03,11,La Liga,2,male,Barcelona,Real Madrid,elite,experiment3_pooling_ablation,2,242,B-GNN-positional,0,1,0.7231833934783936,
266357,2016-12-10,11,La Liga,2,male,Osasuna,Barcelona,elite,experiment3_pooling_ablation,3,342,B-GNN-positional,0,0,0.0445535294711589,
266528,2016-12-18,11,La Liga,2,male,Barcelona,Espanyol,elite,experiment3_pooling_ablation,3,342,B-GNN-positional,1,1,0.9780616760253906,
266477,2017-01-08,11,La Liga,2,male,Villarreal,Barcelona,elite,experiment3_pooling_ablation,3,342,B-GNN-positional,0,0,0.2643754780292511,
267395,2017-01-14,11,La Liga,2,male,Barcelona,Las Palmas,elite,experiment3_pooling_ablation,3,342,B-GNN-positional,1,1,0.9916862845420836,
266731,2017-01-22,11,La Liga,2,male,Eibar,Barcelona,elite,experiment3_pooling_ablation,3,342,B-GNN-positional,0,0,0.2411036491394043,
266516,2017-01-29,11,La Liga,2,male,Real Betis,Barcelona,elite,experiment3_pooling_ablation,3,342,B-GNN-positional,0,1,0.6277292370796204,
266874,2017-02-04,11,La Liga,2,male,Barcelona,Athletic Club,elite,experiment3_pooling_ablation,3,342,B-GNN-positional,1,0,0.4074591398239136,
267464,2017-02-26,11,La Liga,2,male,Atlético Madrid,Barcelona,elite,experiment3_pooling_ablation,3,342,B-GNN-positional,0,0,0.2063701301813125,
265952,2017-03-01,11,La Liga,2,male,Barcelona,Sporting Gijón,elite,experiment3_pooling_ablation,3,342,B-GNN-positional,1,1,0.9256079196929932,
266299,2017-03-04,11,La Liga,2,male,Barcelona,Celta Vigo,elite,experiment3_pooling_ablation,3,342,B-GNN-positional,1,1,0.842877209186554,
267660,2017-03-12,11,La Liga,2,male,RC Deportivo La Coruña,Barcelona,elite,experiment3_pooling_ablation,3,342,B-GNN-positional,1,1,0.5588765740394592,
266440,2017-03-19,11,La Liga,2,male,Barcelona,Valencia,elite,experiment3_pooling_ablation,3,342,B-GNN-positional,1,1,0.962885320186615,
266280,2017-04-05,11,La Liga,2,male,Barcelona,Sevilla,elite,experiment3_pooling_ablation,3,342,B-GNN-positional,1,1,0.7521046996116638,
267590,2017-04-08,11,La Liga,2,male,Málaga,Barcelona,elite,experiment3_pooling_ablation,3,342,B-GNN-positional,1,0,0.1673815250396728,
267373,2017-04-15,11,La Liga,2,male,Barcelona,Real Sociedad,elite,experiment3_pooling_ablation,3,342,B-GNN-positional,1,1,0.9566285610198976,
267569,2017-04-23,11,La Liga,2,male,Real Madrid,Barcelona,elite,experiment3_pooling_ablation,3,342,B-GNN-positional,0,1,0.7124283313751221,
267101,2017-04-26,11,La Liga,2,male,Barcelona,Osasuna,elite,experiment3_pooling_ablation,3,342,B-GNN-positional,1,1,0.9818434119224548,
267077,2017-04-29,11,La Liga,2,male,Espanyol,Barcelona,elite,experiment3_pooling_ablation,3,342,B-GNN-positional,0,0,0.2553971707820892,
266952,2017-05-06,11,La Liga,2,male,Barcelona,Villarreal,elite,experiment3_pooling_ablation,3,342,B-GNN-positional,1,1,0.995128870010376,
267039,2017-05-14,11,La Liga,2,male,Las Palmas,Barcelona,elite,experiment3_pooling_ablation,3,342,B-GNN-positional,0,0,0.198616623878479,
267432,2017-05-21,11,La Liga,2,male,Barcelona,Eibar,elite,experiment3_pooling_ablation,3,342,B-GNN-positional,1,1,0.9992510676383972,
9575,2017-08-20,11,La Liga,1,male,Barcelona,Real Betis,elite,experiment3_pooling_ablation,3,342,B-GNN-positional,1,1,0.7770883440971375,
9581,2017-08-26,11,La Liga,1,male,Deportivo Alavés,Barcelona,elite,experiment3_pooling_ablation,3,342,B-GNN-positional,0,0,0.1587040722370147,
9592,2017-09-09,11,La Liga,1,male,Barcelona,Espanyol,elite,experiment3_pooling_ablation,3,342,B-GNN-positional,1,1,0.9980756044387816,
9602,2017-09-16,11,La Liga,1,male,Getafe,Barcelona,elite,experiment3_pooling_ablation,3,342,B-GNN-positional,0,0,0.1811138540506363,
9609,2017-09-19,11,La Liga,1,male,Barcelona,Eibar,elite,experiment3_pooling_ablation,3,342,B-GNN-positional,1,1,0.9626457691192628,
9636,2017-10-01,11,La Liga,1,male,Barcelona,Las Palmas,elite,experiment3_pooling_ablation,3,342,B-GNN-positional,1,1,0.99989914894104,
9642,2017-10-14,11,La Liga,1,male,Atlético Madrid,Barcelona,elite,experiment3_pooling_ablation,3,342,B-GNN-positional,0,0,0.4379688203334808,
9650,2017-10-21,11,La Liga,1,male,Barcelona,Málaga,elite,experiment3_pooling_ablation,3,342,B-GNN-positional,1,1,0.9864932894706726,
9661,2017-10-28,11,La Liga,1,male,Athletic Club,Barcelona,elite,experiment3_pooling_ablation,3,342,B-GNN-positional,0,0,0.3731172978878021,
9673,2017-11-04,11,La Liga,1,male,Barcelona,Sevilla,elite,experiment3_pooling_ablation,3,342,B-GNN-positional,1,1,0.7737689018249512,
9695,2017-11-26,11,La Liga,1,male,Valencia,Barcelona,elite,experiment3_pooling_ablation,3,342,B-GNN-positional,0,1,0.5553115010261536,
9700,2017-12-02,11,La Liga,1,male,Barcelona,Celta Vigo,elite,experiment3_pooling_ablation,3,342,B-GNN-positional,0,1,0.9992755055427552,
9717,2017-12-10,11,La Liga,1,male,Villarreal,Barcelona,elite,experiment3_pooling_ablation,3,342,B-GNN-positional,0,1,0.549042820930481,
9726,2017-12-17,11,La Liga,1,male,Barcelona,RC Deportivo La Coruña,elite,experiment3_pooling_ablation,3,342,B-GNN-positional,1,1,0.999975323677063,
9736,2017-12-23,11,La Liga,1,male,Real Madrid,Barcelona,elite,experiment3_pooling_ablation,3,342,B-GNN-positional,0,0,0.4976173639297485,
9742,2018-01-07,11,La Liga,1,male,Barcelona,Levante UD,elite,experiment3_pooling_ablation,3,342,B-GNN-positional,1,1,0.9947482943534852,
9754,2018-01-14,11,La Liga,1,male,Real Sociedad,Barcelona,elite,experiment3_pooling_ablation,3,342,B-GNN-positional,0,1,0.5531499981880188,
9765,2018-01-21,11,La Liga,1,male,Real Betis,Barcelona,elite,experiment3_pooling_ablation,3,342,B-GNN-positional,0,1,0.609146773815155,
9774,2018-01-28,11,La Liga,1,male,Barcelona,Deportivo Alavés,elite,experiment3_pooling_ablation,3,342,B-GNN-positional,1,1,0.9767439365386964,
9783,2018-02-04,11,La Liga,1,male,Espanyol,Barcelona,elite,experiment3_pooling_ablation,3,342,B-GNN-positional,0,0,0.1958959251642227,
9794,2018-02-11,11,La Liga,1,male,Barcelona,Getafe,elite,experiment3_pooling_ablation,3,342,B-GNN-positional,0,1,0.8614838123321533,
9799,2018-02-17,11,La Liga,1,male,Eibar,Barcelona,elite,experiment3_pooling_ablation,3,342,B-GNN-positional,0,0,0.2943113446235657,
9827,2018-03-01,11,La Liga,1,male,Las Palmas,Barcelona,elite,experiment3_pooling_ablation,3,342,B-GNN-positional,0,0,0.2677539885044098,
9837,2018-03-04,11,La Liga,1,male,Barcelona,Atlético Madrid,elite,experiment3_pooling_ablation,3,342,B-GNN-positional,1,1,0.5770329236984253,
9855,2018-03-18,11,La Liga,1,male,Barcelona,Athletic Club,elite,experiment3_pooling_ablation,3,342,B-GNN-positional,1,1,0.7200859189033508,
9860,2018-03-31,11,La Liga,1,male,Sevilla,Barcelona,elite,experiment3_pooling_ablation,3,342,B-GNN-positional,0,1,0.945641279220581,
9870,2018-04-07,11,La Liga,1,male,Barcelona,Leganés,elite,experiment3_pooling_ablation,3,342,B-GNN-positional,1,1,0.9895793795585632,
9880,2018-04-14,11,La Liga,1,male,Barcelona,Valencia,elite,experiment3_pooling_ablation,3,342,B-GNN-positional,1,1,0.9514091610908508,
9889,2018-04-17,11,La Liga,1,male,Celta Vigo,Barcelona,elite,experiment3_pooling_ablation,3,342,B-GNN-positional,0,1,0.8853530883789062,
9912,2018-04-29,11,La Liga,1,male,RC Deportivo La Coruña,Barcelona,elite,experiment3_pooling_ablation,4,442,B-GNN-positional,0,1,0.6127128005027771,
9924,2018-05-06,11,La Liga,1,male,Barcelona,Real Madrid,elite,experiment3_pooling_ablation,4,442,B-GNN-positional,0,1,0.6531310081481934,
9928,2018-05-09,11,La Liga,1,male,Barcelona,Villarreal,elite,experiment3_pooling_ablation,4,442,B-GNN-positional,1,1,0.9272429943084716,
9948,2018-05-20,11,La Liga,1,male,Barcelona,Real Sociedad,elite,experiment3_pooling_ablation,4,442,B-GNN-positional,1,1,0.5320984125137329,
15946,2018-08-18,11,La Liga,4,male,Barcelona,Deportivo Alavés,elite,experiment3_pooling_ablation,4,442,B-GNN-positional,1,1,0.8628221750259399,
15956,2018-08-25,11,La Liga,4,male,Real Valladolid,Barcelona,elite,experiment3_pooling_ablation,4,442,B-GNN-positional,0,0,0.2355097830295562,
15978,2018-09-15,11,La Liga,4,male,Real Sociedad,Barcelona,elite,experiment3_pooling_ablation,4,442,B-GNN-positional,0,0,0.4297532141208648,
15998,2018-09-26,11,La Liga,4,male,Leganés,Barcelona,elite,experiment3_pooling_ablation,4,442,B-GNN-positional,1,0,0.3697003722190857,
16010,2018-09-29,11,La Liga,4,male,Barcelona,Athletic Club,elite,experiment3_pooling_ablation,4,442,B-GNN-positional,0,1,0.8813173770904541,
16023,2018-10-07,11,La Liga,4,male,Valencia,Barcelona,elite,experiment3_pooling_ablation,4,442,B-GNN-positional,0,0,0.3700399398803711,
16029,2018-10-20,11,La Liga,4,male,Barcelona,Sevilla,elite,experiment3_pooling_ablation,4,442,B-GNN-positional,1,1,0.8569564819335938,
16056,2018-11-11,11,La Liga,4,male,Barcelona,Real Betis,elite,experiment3_pooling_ablation,4,442,B-GNN-positional,0,1,0.9802912473678588,
16073,2018-11-24,11,La Liga,4,male,Atlético Madrid,Barcelona,elite,experiment3_pooling_ablation,4,442,B-GNN-positional,0,0,0.3019421100616455,
16079,2018-12-02,11,La Liga,4,male,Barcelona,Villarreal,elite,experiment3_pooling_ablation,4,442,B-GNN-positional,1,1,0.7343578934669495,
16086,2018-12-08,11,La Liga,4,male,Espanyol,Barcelona,elite,experiment3_pooling_ablation,4,442,B-GNN-positional,0,0,0.4471990168094635,
16095,2018-12-16,11,La Liga,4,male,Levante UD,Barcelona,elite,experiment3_pooling_ablation,4,442,B-GNN-positional,0,0,0.3426003754138946,
16109,2018-12-22,11,La Liga,4,male,Barcelona,Celta Vigo,elite,experiment3_pooling_ablation,4,442,B-GNN-positional,1,1,0.640998899936676,
16120,2019-01-06,11,La Liga,4,male,Getafe,Barcelona,elite,experiment3_pooling_ablation,4,442,B-GNN-positional,0,0,0.3821230828762054,
16131,2019-01-13,11,La Liga,4,male,Barcelona,Eibar,elite,experiment3_pooling_ablation,4,442,B-GNN-positional,1,1,0.7321543097496033,
16136,2019-01-20,11,La Liga,4,male,Barcelona,Leganés,elite,experiment3_pooling_ablation,4,442,B-GNN-positional,1,1,0.9272555112838744,
16149,2019-01-27,11,La Liga,4,male,Girona,Barcelona,elite,experiment3_pooling_ablation,4,442,B-GNN-positional,0,0,0.3423249423503876,
16157,2019-02-02,11,La Liga,4,male,Barcelona,Valencia,elite,experiment3_pooling_ablation,4,442,B-GNN-positional,0,1,0.9350398182868958,
16173,2019-02-10,11,La Liga,4,male,Athletic Club,Barcelona,elite,experiment3_pooling_ablation,4,442,B-GNN-positional,0,0,0.3910567462444305,
16182,2019-02-16,11,La Liga,4,male,Barcelona,Real Valladolid,elite,experiment3_pooling_ablation,4,442,B-GNN-positional,1,1,0.9902864098548888,
16190,2019-02-23,11,La Liga,4,male,Sevilla,Barcelona,elite,experiment3_pooling_ablation,4,442,B-GNN-positional,0,0,0.3302301168441772,
16196,2019-03-02,11,La Liga,4,male,Real Madrid,Barcelona,elite,experiment3_pooling_ablation,4,442,B-GNN-positional,0,0,0.400080919265747,
16205,2019-03-09,11,La Liga,4,male,Barcelona,Rayo Vallecano,elite,experiment3_pooling_ablation,4,442,B-GNN-positional,1,1,0.9354106187820436,
16215,2019-03-17,11,La Liga,4,male,Real Betis,Barcelona,elite,experiment3_pooling_ablation,4,442,B-GNN-positional,0,1,0.624310314655304,
16231,2019-03-30,11,La Liga,4,male,Barcelona,Espanyol,elite,experiment3_pooling_ablation,4,442,B-GNN-positional,1,1,0.7468085289001465,
16240,2019-04-02,11,La Liga,4,male,Villarreal,Barcelona,elite,experiment3_pooling_ablation,4,442,B-GNN-positional,0,1,0.6613243222236633,
16248,2019-04-06,11,La Liga,4,male,Barcelona,Atlético Madrid,elite,experiment3_pooling_ablation,4,442,B-GNN-positional,1,1,0.7779251337051392,
16265,2019-04-20,11,La Liga,4,male,Barcelona,Real Sociedad,elite,experiment3_pooling_ablation,4,442,B-GNN-positional,1,1,0.5781183242797852,
16275,2019-04-23,11,La Liga,4,male,Deportivo Alavés,Barcelona,elite,experiment3_pooling_ablation,4,442,B-GNN-positional,0,0,0.2574281990528106,
16289,2019-04-27,11,La Liga,4,male,Barcelona,Levante UD,elite,experiment3_pooling_ablation,4,442,B-GNN-positional,1,1,0.7215843796730042,
16306,2019-05-12,11,La Liga,4,male,Barcelona,Getafe,elite,experiment3_pooling_ablation,4,442,B-GNN-positional,1,1,0.8757039308547974,
16317,2019-05-19,11,La Liga,4,male,Eibar,Barcelona,elite,experiment3_pooling_ablation,4,442,B-GNN-positional,0,0,0.4213273823261261,
303666,2019-09-21,11,La Liga,42,male,Granada,Barcelona,elite,experiment3_pooling_ablation,4,442,B-GNN-positional,1,0,0.2542122304439544,
303430,2019-09-24,11,La Liga,42,male,Barcelona,Villarreal,elite,experiment3_pooling_ablation,4,442,B-GNN-positional,1,1,0.5944216847419739,
303473,2019-10-06,11,La Liga,42,male,Barcelona,Sevilla,elite,experiment3_pooling_ablation,4,442,B-GNN-positional,1,1,0.7182289361953735,
303700,2019-10-19,11,La Liga,42,male,Eibar,Barcelona,elite,experiment3_pooling_ablation,4,442,B-GNN-positional,0,0,0.3057059049606323,
303600,2019-10-29,11,La Liga,42,male,Barcelona,Real Valladolid,elite,experiment3_pooling_ablation,4,442,B-GNN-positional,1,1,0.8260082602500916,
303504,2019-11-02,11,La Liga,42,male,Levante UD,Barcelona,elite,experiment3_pooling_ablation,4,442,B-GNN-positional,1,0,0.3919545412063598,
303487,2019-11-09,11,La Liga,42,male,Barcelona,Celta Vigo,elite,experiment3_pooling_ablation,4,442,B-GNN-positional,1,1,0.881526529788971,
303715,2019-11-23,11,La Liga,42,male,Leganés,Barcelona,elite,experiment3_pooling_ablation,4,442,B-GNN-positional,0,0,0.1985949277877807,
303524,2019-12-01,11,La Liga,42,male,Atlético Madrid,Barcelona,elite,experiment3_pooling_ablation,4,442,B-GNN-positional,0,0,0.3682818114757538,
303451,2019-12-07,11,La Liga,42,male,Barcelona,Mallorca,elite,experiment3_pooling_ablation,4,442,B-GNN-positional,1,1,0.9528849124908448,
303664,2019-12-14,11,La Liga,42,male,Real Sociedad,Barcelona,elite,experiment3_pooling_ablation,4,442,B-GNN-positional,0,1,0.72068190574646,
303596,2019-12-18,11,La Liga,42,male,Barcelona,Real Madrid,elite,experiment3_pooling_ablation,4,442,B-GNN-positional,0,1,0.5340592265129089,
303517,2019-12-21,11,La Liga,42,male,Barcelona,Deportivo Alavés,elite,experiment3_pooling_ablation,4,442,B-GNN-positional,1,1,0.916603147983551,
303652,2020-01-04,11,La Liga,42,male,Espanyol,Barcelona,elite,experiment3_pooling_ablation,4,442,B-GNN-positional,0,0,0.2125125676393509,
303610,2020-01-19,11,La Liga,42,male,Barcelona,Granada,elite,experiment3_pooling_ablation,5,542,B-GNN-positional,1,1,0.9411567449569702,
303400,2020-01-25,11,La Liga,42,male,Valencia,Barcelona,elite,experiment3_pooling_ablation,5,542,B-GNN-positional,1,0,0.3060918748378753,
303682,2020-02-02,11,La Liga,42,male,Barcelona,Levante UD,elite,experiment3_pooling_ablation,5,542,B-GNN-positional,1,1,0.939160943031311,
303707,2020-02-09,11,La Liga,42,male,Real Betis,Barcelona,elite,experiment3_pooling_ablation,5,542,B-GNN-positional,0,1,0.6539089679718018,
303377,2020-02-15,11,La Liga,42,male,Barcelona,Getafe,elite,experiment3_pooling_ablation,5,542,B-GNN-positional,1,1,0.679875910282135,
303731,2020-02-22,11,La Liga,42,male,Barcelona,Eibar,elite,experiment3_pooling_ablation,5,542,B-GNN-positional,1,1,0.9914622902870178,
303470,2020-03-01,11,La Liga,42,male,Real Madrid,Barcelona,elite,experiment3_pooling_ablation,5,542,B-GNN-positional,1,1,0.6097258925437927,
303479,2020-03-07,11,La Liga,42,male,Barcelona,Real Sociedad,elite,experiment3_pooling_ablation,5,542,B-GNN-positional,1,1,0.8947060108184814,
303548,2020-06-13,11,La Liga,42,male,Mallorca,Barcelona,elite,experiment3_pooling_ablation,5,542,B-GNN-positional,0,0,0.2958456575870514,
303532,2020-06-16,11,La Liga,42,male,Barcelona,Leganés,elite,experiment3_pooling_ablation,5,542,B-GNN-positional,1,1,0.9585235714912416,
303674,2020-06-19,11,La Liga,42,male,Sevilla,Barcelona,elite,experiment3_pooling_ablation,5,542,B-GNN-positional,0,0,0.2307512462139129,
303493,2020-06-23,11,La Liga,42,male,Barcelona,Athletic Club,elite,experiment3_pooling_ablation,5,542,B-GNN-positional,1,1,0.7862486839294434,
303516,2020-06-27,11,La Liga,42,male,Celta Vigo,Barcelona,elite,experiment3_pooling_ablation,5,542,B-GNN-positional,0,0,0.2984163165092468,
303696,2020-06-30,11,La Liga,42,male,Barcelona,Atlético Madrid,elite,experiment3_pooling_ablation,5,542,B-GNN-positional,0,1,0.9115859270095824,
303725,2020-07-05,11,La Liga,42,male,Villarreal,Barcelona,elite,experiment3_pooling_ablation,5,542,B-GNN-positional,0,0,0.2068195194005966,
303615,2020-07-08,11,La Liga,42,male,Barcelona,Espanyol,elite,experiment3_pooling_ablation,5,542,B-GNN-positional,1,1,0.935826063156128,
303680,2020-07-11,11,La Liga,42,male,Real Valladolid,Barcelona,elite,experiment3_pooling_ablation,5,542,B-GNN-positional,0,0,0.2538107633590698,
303634,2020-07-16,11,La Liga,42,male,Barcelona,Osasuna,elite,experiment3_pooling_ablation,5,542,B-GNN-positional,0,1,0.8171396851539612,
303421,2020-07-19,11,La Liga,42,male,Deportivo Alavés,Barcelona,elite,experiment3_pooling_ablation,5,542,B-GNN-positional,0,0,0.2074627131223678,
3773593,2020-09-27,11,La Liga,90,male,Barcelona,Villarreal,elite,experiment3_pooling_ablation,5,542,B-GNN-positional,1,1,0.9852051138877868,
3773466,2020-10-01,11,La Liga,90,male,Celta Vigo,Barcelona,elite,experiment3_pooling_ablation,5,542,B-GNN-positional,0,0,0.15771484375,
3773672,2020-10-04,11,La Liga,90,male,Barcelona,Sevilla,elite,experiment3_pooling_ablation,5,542,B-GNN-positional,0,1,0.7192171216011047,
3773587,2020-10-17,11,La Liga,90,male,Getafe,Barcelona,elite,experiment3_pooling_ablation,5,542,B-GNN-positional,1,1,0.5790707468986511,
3773585,2020-10-24,11,La Liga,90,male,Barcelona,Real Madrid,elite,experiment3_pooling_ablation,5,542,B-GNN-positional,0,1,0.7978285551071167,
3773386,2020-10-31,11,La Liga,90,male,Deportivo Alavés,Barcelona,elite,experiment3_pooling_ablation,5,542,B-GNN-positional,0,0,0.3654958307743072,
3773477,2020-11-07,11,La Liga,90,male,Barcelona,Real Betis,elite,experiment3_pooling_ablation,5,542,B-GNN-positional,1,1,0.9914008975028992,
3773656,2020-11-21,11,La Liga,90,male,Atlético Madrid,Barcelona,elite,experiment3_pooling_ablation,5,542,B-GNN-positional,1,0,0.4940961003303528,
3773547,2020-11-29,11,La Liga,90,male,Barcelona,Osasuna,elite,experiment3_pooling_ablation,5,542,B-GNN-positional,1,1,0.9965984225273132,
3773660,2020-12-13,11,La Liga,90,male,Barcelona,Levante UD,elite,experiment3_pooling_ablation,5,542,B-GNN-positional,1,1,0.8767095804214478,
3773523,2020-12-16,11,La Liga,90,male,Barcelona,Real Sociedad,elite,experiment3_pooling_ablation,5,542,B-GNN-positional,1,1,0.9677110314369202,
3773377,2020-12-19,11,La Liga,90,male,Barcelona,Valencia,elite,experiment3_pooling_ablation,5,542,B-GNN-positional,0,1,0.9907575249671936,
3773571,2020-12-22,11,La Liga,90,male,Real Valladolid,Barcelona,elite,experiment3_pooling_ablation,5,542,B-GNN-positional,0,0,0.2296391725540161,
3764661,2021-01-06,11,La Liga,90,male,Athletic Club,Barcelona,elite,experiment3_pooling_ablation,5,542,B-GNN-positional,0,0,0.3715758025646209,
3773565,2021-01-09,11,La Liga,90,male,Granada,Barcelona,elite,experiment3_pooling_ablation,5,542,B-GNN-positional,0,0,0.2589773833751678,
3773403,2021-01-31,11,La Liga,90,male,Barcelona,Athletic Club,elite,experiment3_pooling_ablation,5,542,B-GNN-positional,1,1,0.8612363934516907,
3773631,2021-02-07,11,La Liga,90,male,Real Betis,Barcelona,elite,experiment3_pooling_ablation,5,542,B-GNN-positional,0,1,0.5498889088630676,
3773526,2021-02-13,11,La Liga,90,male,Barcelona,Deportivo Alavés,elite,experiment3_pooling_ablation,5,542,B-GNN-positional,1,1,0.9724256992340088,
3764440,2021-02-24,11,La Liga,90,male,Barcelona,Elche,elite,experiment3_pooling_ablation,5,542,B-GNN-positional,1,1,0.9315483570098876,
3773625,2021-02-27,11,La Liga,90,male,Sevilla,Barcelona,elite,experiment3_pooling_ablation,5,542,B-GNN-positional,0,0,0.2879336476325989,
3773665,2021-03-06,11,La Liga,90,male,Osasuna,Barcelona,elite,experiment3_pooling_ablation,5,542,B-GNN-positional,0,0,0.4046294093132019,
3773597,2021-03-21,11,La Liga,90,male,Real Sociedad,Barcelona,elite,experiment3_pooling_ablation,5,542,B-GNN-positional,0,0,0.2954059839248657,
3773474,2021-04-05,11,La Liga,90,male,Barcelona,Real Valladolid,elite,experiment3_pooling_ablation,5,542,B-GNN-positional,1,1,0.7316139340400696,
3773497,2021-04-10,11,La Liga,90,male,Real Madrid,Barcelona,elite,experiment3_pooling_ablation,5,542,B-GNN-positional,1,0,0.2495772093534469,
3773661,2021-04-22,11,La Liga,90,male,Barcelona,Getafe,elite,experiment3_pooling_ablation,5,542,B-GNN-positional,1,1,0.9241450428962708,
3773689,2021-04-25,11,La Liga,90,male,Villarreal,Barcelona,elite,experiment3_pooling_ablation,5,542,B-GNN-positional,0,1,0.6808276772499084,
3773586,2021-04-29,11,La Liga,90,male,Barcelona,Granada,elite,experiment3_pooling_ablation,5,542,B-GNN-positional,0,1,0.9082267880439758,
3773695,2021-05-02,11,La Liga,90,male,Valencia,Barcelona,elite,experiment3_pooling_ablation,5,542,B-GNN-positional,0,0,0.3744307458400726,
3773372,2021-05-08,11,La Liga,90,male,Barcelona,Atlético Madrid,elite,experiment3_pooling_ablation,5,542,B-GNN-positional,0,1,0.6593117713928223,
3773387,2021-05-11,11,La Liga,90,male,Levante UD,Barcelona,elite,experiment3_pooling_ablation,5,542,B-GNN-positional,0,0,0.3036063909530639,
3773457,2021-05-16,11,La Liga,90,male,Barcelona,Celta Vigo,elite,experiment3_pooling_ablation,5,542,B-GNN-positional,0,1,0.8449411392211914,
3825637,2015-10-25,11,La Liga,27,male,Barcelona,Eibar,elite,experiment3_pooling_ablation,1,142,C-Hybrid-positional,1,1,0.929704248905182,0.4802449643611908
3825638,2015-10-25,11,La Liga,27,male,Atlético Madrid,Valencia,elite,experiment3_pooling_ablation,1,142,C-Hybrid-positional,1,1,0.8344100713729858,0.4802449643611908
3825639,2015-10-25,11,La Liga,27,male,Las Palmas,Villarreal,elite,experiment3_pooling_ablation,1,142,C-Hybrid-positional,0,0,0.2356415688991546,0.4802449643611908
3825640,2015-10-25,11,La Liga,27,male,Levante UD,Real Sociedad,elite,experiment3_pooling_ablation,1,142,C-Hybrid-positional,0,0,0.1691431254148483,0.4802449643611908
3825641,2015-10-26,11,La Liga,27,male,Athletic Club,Sporting Gijón,elite,experiment3_pooling_ablation,1,142,C-Hybrid-positional,1,1,0.7571415305137634,0.4802449643611908
3825642,2015-10-30,11,La Liga,27,male,RC Deportivo La Coruña,Atlético Madrid,elite,experiment3_pooling_ablation,1,142,C-Hybrid-positional,0,1,0.7751288414001465,0.4802449643611908
3825643,2015-10-31,11,La Liga,27,male,Real Madrid,Las Palmas,elite,experiment3_pooling_ablation,1,142,C-Hybrid-positional,1,1,0.7534494400024414,0.4802449643611908
3825644,2015-10-31,11,La Liga,27,male,Real Sociedad,Celta Vigo,elite,experiment3_pooling_ablation,1,142,C-Hybrid-positional,0,0,0.4688886106014251,0.4802449643611908
3825645,2015-10-31,11,La Liga,27,male,Getafe,Barcelona,elite,experiment3_pooling_ablation,1,142,C-Hybrid-positional,0,0,0.0558411516249179,0.4802449643611908
3825646,2015-10-31,11,La Liga,27,male,Villarreal,Sevilla,elite,experiment3_pooling_ablation,1,142,C-Hybrid-positional,1,0,0.4468340873718261,0.4802449643611908
3825647,2015-10-31,11,La Liga,27,male,Valencia,Levante UD,elite,experiment3_pooling_ablation,1,142,C-Hybrid-positional,1,1,0.8757562637329102,0.4802449643611908
3825648,2015-11-01,11,La Liga,27,male,Eibar,Rayo Vallecano,elite,experiment3_pooling_ablation,1,142,C-Hybrid-positional,1,0,0.2015006691217422,0.4802449643611908
3825649,2015-11-01,11,La Liga,27,male,Sporting Gijón,Málaga,elite,experiment3_pooling_ablation,1,142,C-Hybrid-positional,1,0,0.0665885359048843,0.4802449643611908
3825650,2015-11-01,11,La Liga,27,male,Real Betis,Athletic Club,elite,experiment3_pooling_ablation,1,142,C-Hybrid-positional,0,0,0.4595265090465545,0.4802449643611908
3825651,2015-11-01,11,La Liga,27,male,Espanyol,Granada,elite,experiment3_pooling_ablation,1,142,C-Hybrid-positional,0,0,0.4285606443881988,0.4802449643611908
3825652,2015-11-06,11,La Liga,27,male,Las Palmas,Real Sociedad,elite,experiment3_pooling_ablation,1,142,C-Hybrid-positional,1,0,0.1661460697650909,0.4802449643611908
3825653,2015-11-07,11,La Liga,27,male,Eibar,Getafe,elite,experiment3_pooling_ablation,1,142,C-Hybrid-positional,1,1,0.950352132320404,0.4802449643611908
3825654,2015-11-07,11,La Liga,27,male,Celta Vigo,Valencia,elite,experiment3_pooling_ablation,1,142,C-Hybrid-positional,0,0,0.2312069535255432,0.4802449643611908
3825655,2015-11-07,11,La Liga,27,male,Rayo Vallecano,Granada,elite,experiment3_pooling_ablation,1,142,C-Hybrid-positional,1,1,0.8626668453216553,0.4802449643611908
3825656,2015-11-07,11,La Liga,27,male,Levante UD,RC Deportivo La Coruña,elite,experiment3_pooling_ablation,1,142,C-Hybrid-positional,0,0,0.1290136724710464,0.4802449643611908
3825657,2015-11-07,11,La Liga,27,male,Málaga,Real Betis,elite,experiment3_pooling_ablation,1,142,C-Hybrid-positional,0,0,0.3097166121006012,0.4802449643611908
3825658,2015-11-08,11,La Liga,27,male,Atlético Madrid,Sporting Gijón,elite,experiment3_pooling_ablation,1,142,C-Hybrid-positional,1,0,0.3629729151725769,0.4802449643611908
3825659,2015-11-08,11,La Liga,27,male,Athletic Club,Espanyol,elite,experiment3_pooling_ablation,1,142,C-Hybrid-positional,1,0,0.2913950085639953,0.4802449643611908
3825660,2015-11-08,11,La Liga,27,male,Barcelona,Villarreal,elite,experiment3_pooling_ablation,1,142,C-Hybrid-positional,1,1,0.8864529728889465,0.4802449643611908
3825661,2015-11-08,11,La Liga,27,male,Sevilla,Real Madrid,elite,experiment3_pooling_ablation,1,142,C-Hybrid-positional,1,1,0.6746277809143066,0.4802449643611908
266424,2015-11-21,11,La Liga,27,male,Real Madrid,Barcelona,elite,experiment3_pooling_ablation,1,142,C-Hybrid-positional,0,1,0.7424401640892029,0.4802449643611908
3825662,2015-11-21,11,La Liga,27,male,RC Deportivo La Coruña,Celta Vigo,elite,experiment3_pooling_ablation,1,142,C-Hybrid-positional,1,0,0.3000599145889282,0.4802449643611908
3825663,2015-11-21,11,La Liga,27,male,Espanyol,Málaga,elite,experiment3_pooling_ablation,1,142,C-Hybrid-positional,1,0,0.1469542980194091,0.4802449643611908
3825664,2015-11-21,11,La Liga,27,male,Real Sociedad,Sevilla,elite,experiment3_pooling_ablation,1,142,C-Hybrid-positional,1,1,0.5243873596191406,0.4802449643611908
3825888,2015-11-21,11,La Liga,27,male,Valencia,Las Palmas,elite,experiment3_pooling_ablation,1,142,C-Hybrid-positional,0,1,0.9558314085006714,0.4802449643611908
3825665,2015-11-22,11,La Liga,27,male,Granada,Athletic Club,elite,experiment3_pooling_ablation,1,142,C-Hybrid-positional,1,0,0.0590873770415782,0.4802449643611908
3825666,2015-11-22,11,La Liga,27,male,Real Betis,Atlético Madrid,elite,experiment3_pooling_ablation,1,142,C-Hybrid-positional,0,0,0.0586513206362724,0.4802449643611908
3825667,2015-11-22,11,La Liga,27,male,Villarreal,Eibar,elite,experiment3_pooling_ablation,1,142,C-Hybrid-positional,0,0,0.0949043333530426,0.4802449643611908
3825668,2015-11-22,11,La Liga,27,male,Sporting Gijón,Levante UD,elite,experiment3_pooling_ablation,1,142,C-Hybrid-positional,0,1,0.5475441217422485,0.4802449643611908
3825669,2015-11-23,11,La Liga,27,male,Getafe,Rayo Vallecano,elite,experiment3_pooling_ablation,1,142,C-Hybrid-positional,0,0,0.0355640836060047,0.4802449643611908
3825670,2015-11-27,11,La Liga,27,male,Levante UD,Real Betis,elite,experiment3_pooling_ablation,1,142,C-Hybrid-positional,0,0,0.493475079536438,0.4802449643611908
266885,2015-11-28,11,La Liga,27,male,Barcelona,Real Sociedad,elite,experiment3_pooling_ablation,1,142,C-Hybrid-positional,1,1,0.9755022525787354,0.4802449643611908
3825671,2015-11-28,11,La Liga,27,male,Celta Vigo,Sporting Gijón,elite,experiment3_pooling_ablation,1,142,C-Hybrid-positional,1,0,0.2570516765117645,0.4802449643611908
3825672,2015-11-28,11,La Liga,27,male,Málaga,Granada,elite,experiment3_pooling_ablation,1,142,C-Hybrid-positional,0,0,0.4616014361381531,0.4802449643611908
3825673,2015-11-28,11,La Liga,27,male,Las Palmas,RC Deportivo La Coruña,elite,experiment3_pooling_ablation,1,142,C-Hybrid-positional,0,0,0.4755458533763885,0.4802449643611908
3825674,2015-11-28,11,La Liga,27,male,Atlético Madrid,Espanyol,elite,experiment3_pooling_ablation,1,142,C-Hybrid-positional,1,1,0.7483640313148499,0.4802449643611908
3825675,2015-11-29,11,La Liga,27,male,Rayo Vallecano,Athletic Club,elite,experiment3_pooling_ablation,1,142,C-Hybrid-positional,0,0,0.0730521157383918,0.4802449643611908
3825676,2015-11-29,11,La Liga,27,male,Getafe,Villarreal,elite,experiment3_pooling_ablation,1,142,C-Hybrid-positional,1,1,0.9143564701080322,0.4802449643611908
3825677,2015-11-29,11,La Liga,27,male,Sevilla,Valencia,elite,experiment3_pooling_ablation,1,142,C-Hybrid-positional,1,0,0.1299368292093277,0.4802449643611908
3825678,2015-11-29,11,La Liga,27,male,Eibar,Real Madrid,elite,experiment3_pooling_ablation,1,142,C-Hybrid-positional,0,0,0.264280617237091,0.4802449643611908
267274,2015-12-05,11,La Liga,27,male,Valencia,Barcelona,elite,experiment3_pooling_ablation,1,142,C-Hybrid-positional,0,0,0.0774208754301071,0.4802449643611908
3825679,2015-12-05,11,La Liga,27,male,Real Betis,Celta Vigo,elite,experiment3_pooling_ablation,1,142,C-Hybrid-positional,0,0,0.249334305524826,0.4802449643611908
3825680,2015-12-05,11,La Liga,27,male,RC Deportivo La Coruña,Sevilla,elite,experiment3_pooling_ablation,1,142,C-Hybrid-positional,0,0,0.1739843040704727,0.4802449643611908
3825681,2015-12-05,11,La Liga,27,male,Real Madrid,Getafe,elite,experiment3_pooling_ablation,1,142,C-Hybrid-positional,1,1,0.8743326663970947,0.4802449643611908
3825682,2015-12-05,11,La Liga,27,male,Granada,Atlético Madrid,elite,experiment3_pooling_ablation,1,142,C-Hybrid-positional,0,0,0.0909541696310043,0.4802449643611908
3825683,2015-12-06,11,La Liga,27,male,Real Sociedad,Eibar,elite,experiment3_pooling_ablation,1,142,C-Hybrid-positional,1,1,0.9307253360748292,0.4802449643611908
3825684,2015-12-06,11,La Liga,27,male,Villarreal,Rayo Vallecano,elite,experiment3_pooling_ablation,1,142,C-Hybrid-positional,1,1,0.5966988801956177,0.4802449643611908
3825685,2015-12-06,11,La Liga,27,male,Sporting Gijón,Las Palmas,elite,experiment3_pooling_ablation,1,142,C-Hybrid-positional,1,1,0.9158344864845276,0.4802449643611908
3825686,2015-12-06,11,La Liga,27,male,Athletic Club,Málaga,elite,experiment3_pooling_ablation,1,142,C-Hybrid-positional,0,0,0.1543442606925964,0.4802449643611908
3825687,2015-12-07,11,La Liga,27,male,Espanyol,Levante UD,elite,experiment3_pooling_ablation,1,142,C-Hybrid-positional,0,0,0.0241172295063734,0.4802449643611908
3825688,2015-12-11,11,La Liga,27,male,Getafe,Real Sociedad,elite,experiment3_pooling_ablation,1,142,C-Hybrid-positional,0,0,0.1974142789840698,0.4802449643611908
266961,2015-12-12,11,La Liga,27,male,Barcelona,RC Deportivo La Coruña,elite,experiment3_pooling_ablation,1,142,C-Hybrid-positional,0,1,0.7745717763900757,0.4802449643611908
3825689,2015-12-12,11,La Liga,27,male,Celta Vigo,Espanyol,elite,experiment3_pooling_ablation,1,142,C-Hybrid-positional,1,0,0.2435941398143768,0.4802449643611908
3825690,2015-12-12,11,La Liga,27,male,Las Palmas,Real Betis,elite,experiment3_pooling_ablation,1,142,C-Hybrid-positional,1,0,0.1689177453517913,0.4802449643611908
3825691,2015-12-12,11,La Liga,27,male,Levante UD,Granada,elite,experiment3_pooling_ablation,1,142,C-Hybrid-positional,0,0,0.323899358510971,0.4802449643611908
3825692,2015-12-12,11,La Liga,27,male,Sevilla,Sporting Gijón,elite,experiment3_pooling_ablation,1,142,C-Hybrid-positional,1,0,0.2336653620004654,0.4802449643611908
3825693,2015-12-13,11,La Liga,27,male,Atlético Madrid,Athletic Club,elite,experiment3_pooling_ablation,1,142,C-Hybrid-positional,1,0,0.0739416778087616,0.4802449643611908
3825694,2015-12-13,11,La Liga,27,male,Eibar,Valencia,elite,experiment3_pooling_ablation,1,142,C-Hybrid-positional,0,1,0.9512731432914734,0.4802449643611908
3825695,2015-12-13,11,La Liga,27,male,Villarreal,Real Madrid,elite,experiment3_pooling_ablation,1,142,C-Hybrid-positional,1,1,0.6964284777641296,0.4802449643611908
3825696,2015-12-13,11,La Liga,27,male,Rayo Vallecano,Málaga,elite,experiment3_pooling_ablation,1,142,C-Hybrid-positional,0,0,0.1520391106605529,0.4802449643611908
3825697,2015-12-19,11,La Liga,27,male,Valencia,Getafe,elite,experiment3_pooling_ablation,1,142,C-Hybrid-positional,0,0,0.06619593501091,0.4802449643611908
3825698,2015-12-19,11,La Liga,27,male,RC Deportivo La Coruña,Eibar,elite,experiment3_pooling_ablation,1,142,C-Hybrid-positional,1,1,0.8723841905593872,0.4802449643611908
3825699,2015-12-19,11,La Liga,27,male,Real Betis,Sevilla,elite,experiment3_pooling_ablation,1,142,C-Hybrid-positional,0,0,0.0936515629291534,0.4802449643611908
3825891,2015-12-19,11,La Liga,27,male,Espanyol,Las Palmas,elite,experiment3_pooling_ablation,1,142,C-Hybrid-positional,1,0,0.1434050351381302,0.4802449643611908
3825700,2015-12-20,11,La Liga,27,male,Real Madrid,Rayo Vallecano,elite,experiment3_pooling_ablation,1,142,C-Hybrid-positional,1,1,0.9670101404190063,0.4802449643611908
3825701,2015-12-20,11,La Liga,27,male,Málaga,Atlético Madrid,elite,experiment3_pooling_ablation,1,142,C-Hybrid-positional,1,0,0.0839876979589462,0.4802449643611908
3825702,2015-12-20,11,La Liga,27,male,Real Sociedad,Villarreal,elite,experiment3_pooling_ablation,1,142,C-Hybrid-positional,0,0,0.4222181141376495,0.4802449643611908
3825703,2015-12-20,11,La Liga,27,male,Athletic Club,Levante UD,elite,experiment3_pooling_ablation,1,142,C-Hybrid-positional,1,1,0.6087233424186707,0.4802449643611908
3825704,2015-12-20,11,La Liga,27,male,Granada,Celta Vigo,elite,experiment3_pooling_ablation,1,142,C-Hybrid-positional,0,0,0.2148871570825576,0.4802449643611908
267327,2015-12-30,11,La Liga,27,male,Barcelona,Real Betis,elite,experiment3_pooling_ablation,1,142,C-Hybrid-positional,1,1,0.9693039059638976,0.4802449643611908
3825705,2015-12-30,11,La Liga,27,male,Eibar,Sporting Gijón,elite,experiment3_pooling_ablation,1,142,C-Hybrid-positional,1,0,0.488226443529129,0.4802449643611908
3825706,2015-12-30,11,La Liga,27,male,Celta Vigo,Athletic Club,elite,experiment3_pooling_ablation,1,142,C-Hybrid-positional,0,0,0.0811595469713211,0.4802449643611908
3825707,2015-12-30,11,La Liga,27,male,Las Palmas,Granada,elite,experiment3_pooling_ablation,1,142,C-Hybrid-positional,1,1,0.6757078766822815,0.4802449643611908
3825708,2015-12-30,11,La Liga,27,male,Levante UD,Málaga,elite,experiment3_pooling_ablation,1,142,C-Hybrid-positional,0,0,0.1475275158882141,0.4802449643611908
3825709,2015-12-30,11,La Liga,27,male,Sevilla,Espanyol,elite,experiment3_pooling_ablation,1,142,C-Hybrid-positional,1,1,0.8658986687660217,0.4802449643611908
3825710,2015-12-30,11,La Liga,27,male,Real Madrid,Real Sociedad,elite,experiment3_pooling_ablation,1,142,C-Hybrid-positional,1,1,0.9152264595031738,0.4802449643611908
3825711,2015-12-30,11,La Liga,27,male,Rayo Vallecano,Atlético Madrid,elite,experiment3_pooling_ablation,1,142,C-Hybrid-positional,0,0,0.1558894664049148,0.4802449643611908
3825712,2015-12-30,11,La Liga,27,male,Getafe,RC Deportivo La Coruña,elite,experiment3_pooling_ablation,1,142,C-Hybrid-positional,0,0,0.2037276625633239,0.4802449643611908
3825713,2015-12-31,11,La Liga,27,male,Villarreal,Valencia,elite,experiment3_pooling_ablation,1,142,C-Hybrid-positional,1,0,0.2670727372169494,0.4802449643611908
266670,2016-01-02,11,La Liga,27,male,Espanyol,Barcelona,elite,experiment3_pooling_ablation,1,142,C-Hybrid-positional,0,0,0.1047406941652298,0.4802449643611908
3825714,2016-01-02,11,La Liga,27,male,Atlético Madrid,Levante UD,elite,experiment3_pooling_ablation,1,142,C-Hybrid-positional,1,0,0.162459909915924,0.4802449643611908
3825715,2016-01-02,11,La Liga,27,male,Málaga,Celta Vigo,elite,experiment3_pooling_ablation,1,142,C-Hybrid-positional,1,1,0.8714203834533691,0.4802449643611908
3825716,2016-01-03,11,La Liga,27,male,Rayo Vallecano,Real Sociedad,elite,experiment3_pooling_ablation,1,142,C-Hybrid-positional,0,0,0.1107494086027145,0.4802449643611908
3825717,2016-01-03,11,La Liga,27,male,Granada,Sevilla,elite,experiment3_pooling_ablation,1,142,C-Hybrid-positional,1,1,0.6692126393318176,0.4802449643611908
3825718,2016-01-03,11,La Liga,27,male,Valencia,Real Madrid,elite,experiment3_pooling_ablation,1,142,C-Hybrid-positional,0,1,0.6051765084266663,0.4802449643611908
3825719,2016-01-03,11,La Liga,27,male,Athletic Club,Las Palmas,elite,experiment3_pooling_ablation,1,142,C-Hybrid-positional,0,0,0.3107924163341522,0.4802449643611908
3825720,2016-01-03,11,La Liga,27,male,Real Betis,Eibar,elite,experiment3_pooling_ablation,1,142,C-Hybrid-positional,0,1,0.5698918104171753,0.4802449643611908
3825721,2016-01-03,11,La Liga,27,male,RC Deportivo La Coruña,Villarreal,elite,experiment3_pooling_ablation,1,142,C-Hybrid-positional,0,0,0.4707796275615692,0.4802449643611908
3825722,2016-01-04,11,La Liga,27,male,Sporting Gijón,Getafe,elite,experiment3_pooling_ablation,1,142,C-Hybrid-positional,0,1,0.5571452379226685,0.4802449643611908
266620,2016-01-09,11,La Liga,27,male,Barcelona,Granada,elite,experiment3_pooling_ablation,1,142,C-Hybrid-positional,1,1,0.9684536457061768,0.4802449643611908
3825723,2016-01-09,11,La Liga,27,male,Levante UD,Rayo Vallecano,elite,experiment3_pooling_ablation,1,142,C-Hybrid-positional,1,0,0.306546688079834,0.4802449643611908
3825724,2016-01-09,11,La Liga,27,male,Real Madrid,RC Deportivo La Coruña,elite,experiment3_pooling_ablation,1,142,C-Hybrid-positional,1,1,0.6007734537124634,0.4802449643611908
3825725,2016-01-09,11,La Liga,27,male,Getafe,Real Betis,elite,experiment3_pooling_ablation,1,142,C-Hybrid-positional,1,0,0.4956911206245422,0.4802449643611908
3825726,2016-01-09,11,La Liga,27,male,Sevilla,Athletic Club,elite,experiment3_pooling_ablation,1,142,C-Hybrid-positional,1,0,0.4259881377220154,0.4802449643611908
3825727,2016-01-10,11,La Liga,27,male,Eibar,Espanyol,elite,experiment3_pooling_ablation,1,142,C-Hybrid-positional,1,1,0.7124715447425842,0.4802449643611908
3825728,2016-01-10,11,La Liga,27,male,Celta Vigo,Atlético Madrid,elite,experiment3_pooling_ablation,1,142,C-Hybrid-positional,0,0,0.1136826276779174,0.4802449643611908
3825729,2016-01-10,11,La Liga,27,male,Villarreal,Sporting Gijón,elite,experiment3_pooling_ablation,1,142,C-Hybrid-positional,1,0,0.3586231768131256,0.4802449643611908
3825730,2016-01-10,11,La Liga,27,male,Real Sociedad,Valencia,elite,experiment3_pooling_ablation,1,142,C-Hybrid-positional,1,0,0.3103556334972381,0.4802449643611908
3825731,2016-01-10,11,La Liga,27,male,Las Palmas,Málaga,elite,experiment3_pooling_ablation,1,142,C-Hybrid-positional,0,0,0.1824327558279037,0.4802449643611908
3825732,2016-01-16,11,La Liga,27,male,Celta Vigo,Levante UD,elite,experiment3_pooling_ablation,1,142,C-Hybrid-positional,1,1,0.8983510136604309,0.4802449643611908
3825733,2016-01-16,11,La Liga,27,male,Sevilla,Málaga,elite,experiment3_pooling_ablation,1,142,C-Hybrid-positional,1,1,0.5428804755210876,0.4802449643611908
3825734,2016-01-16,11,La Liga,27,male,Real Sociedad,RC Deportivo La Coruña,elite,experiment3_pooling_ablation,1,142,C-Hybrid-positional,0,1,0.99355149269104,0.4802449643611908
3825735,2016-01-16,11,La Liga,27,male,Villarreal,Real Betis,elite,experiment3_pooling_ablation,1,142,C-Hybrid-positional,0,0,0.3399358689785003,0.4802449643611908
266149,2016-01-17,11,La Liga,27,male,Barcelona,Athletic Club,elite,experiment3_pooling_ablation,1,142,C-Hybrid-positional,1,0,0.3753325045108795,0.4802449643611908
3825736,2016-01-17,11,La Liga,27,male,Valencia,Rayo Vallecano,elite,experiment3_pooling_ablation,1,142,C-Hybrid-positional,0,0,0.3012767136096954,0.4802449643611908
3825737,2016-01-17,11,La Liga,27,male,Getafe,Espanyol,elite,experiment3_pooling_ablation,1,142,C-Hybrid-positional,1,1,0.8535164594650269,0.4802449643611908
3825738,2016-01-17,11,La Liga,27,male,Las Palmas,Atlético Madrid,elite,experiment3_pooling_ablation,1,142,C-Hybrid-positional,0,0,0.1078832000494003,0.4802449643611908
3825739,2016-01-17,11,La Liga,27,male,Real Madrid,Sporting Gijón,elite,experiment3_pooling_ablation,1,142,C-Hybrid-positional,1,1,0.7968975305557251,0.4802449643611908
3825740,2016-01-18,11,La Liga,27,male,Eibar,Granada,elite,experiment3_pooling_ablation,1,142,C-Hybrid-positional,1,1,0.8421486616134644,0.4802449643611908
3825741,2016-01-22,11,La Liga,27,male,Sporting Gijón,Real Sociedad,elite,experiment3_pooling_ablation,1,142,C-Hybrid-positional,1,1,0.9995691180229188,0.4802449643611908
265894,2016-01-23,11,La Liga,27,male,Málaga,Barcelona,elite,experiment3_pooling_ablation,1,142,C-Hybrid-positional,0,0,0.1542173027992248,0.4802449643611908
3825742,2016-01-23,11,La Liga,27,male,Granada,Getafe,elite,experiment3_pooling_ablation,1,142,C-Hybrid-positional,1,1,0.7157682776451111,0.4802449643611908
3825743,2016-01-23,11,La Liga,27,male,Rayo Vallecano,Celta Vigo,elite,experiment3_pooling_ablation,1,142,C-Hybrid-positional,1,1,0.8608893156051636,0.4802449643611908
3825744,2016-01-23,11,La Liga,27,male,Espanyol,Villarreal,elite,experiment3_pooling_ablation,1,142,C-Hybrid-positional,0,0,0.3347363471984863,0.4802449643611908
3825745,2016-01-24,11,La Liga,27,male,RC Deportivo La Coruña,Valencia,elite,experiment3_pooling_ablation,1,142,C-Hybrid-positional,0,1,0.963508129119873,0.4802449643611908
3825746,2016-01-24,11,La Liga,27,male,Real Betis,Real Madrid,elite,experiment3_pooling_ablation,1,142,C-Hybrid-positional,0,0,0.0380263030529022,0.4802449643611908
3825747,2016-01-24,11,La Liga,27,male,Athletic Club,Eibar,elite,experiment3_pooling_ablation,1,142,C-Hybrid-positional,1,0,0.1927487105131149,0.4802449643611908
3825748,2016-01-24,11,La Liga,27,male,Atlético Madrid,Sevilla,elite,experiment3_pooling_ablation,1,142,C-Hybrid-positional,0,0,0.2799091637134552,0.4802449643611908
3825749,2016-01-25,11,La Liga,27,male,Levante UD,Las Palmas,elite,experiment3_pooling_ablation,1,142,C-Hybrid-positional,1,0,0.4031243622303009,0.4802449643611908
267576,2016-01-30,11,La Liga,27,male,Barcelona,Atlético Madrid,elite,experiment3_pooling_ablation,1,142,C-Hybrid-positional,1,1,0.596049427986145,0.4802449643611908
3825750,2016-01-30,11,La Liga,27,male,Real Sociedad,Real Betis,elite,experiment3_pooling_ablation,1,142,C-Hybrid-positional,1,0,0.1416559368371963,0.4802449643611908
3825751,2016-01-30,11,La Liga,27,male,Getafe,Athletic Club,elite,experiment3_pooling_ablation,1,142,C-Hybrid-positional,0,0,0.3996676206588745,0.4802449643611908
3825752,2016-01-30,11,La Liga,27,male,Eibar,Málaga,elite,experiment3_pooling_ablation,1,142,C-Hybrid-positional,0,0,0.2378919720649719,0.4802449643611908
3825753,2016-01-30,11,La Liga,27,male,Villarreal,Granada,elite,experiment3_pooling_ablation,1,142,C-Hybrid-positional,1,1,0.7979775667190552,0.4802449643611908
3825754,2016-01-31,11,La Liga,27,male,Las Palmas,Celta Vigo,elite,experiment3_pooling_ablation,1,142,C-Hybrid-positional,1,1,0.5609283447265625,0.4802449643611908
3825755,2016-01-31,11,La Liga,27,male,Valencia,Sporting Gijón,elite,experiment3_pooling_ablation,1,142,C-Hybrid-positional,0,1,0.8413165211677551,0.4802449643611908
3825756,2016-01-31,11,La Liga,27,male,Sevilla,Levante UD,elite,experiment3_pooling_ablation,1,142,C-Hybrid-positional,1,1,0.817198634147644,0.4802449643611908
3825757,2016-01-31,11,La Liga,27,male,Real Madrid,Espanyol,elite,experiment3_pooling_ablation,1,142,C-Hybrid-positional,1,1,0.9985727071762084,0.4802449643611908
3825758,2016-02-01,11,La Liga,27,male,RC Deportivo La Coruña,Rayo Vallecano,elite,experiment3_pooling_ablation,1,142,C-Hybrid-positional,0,0,0.1476167738437652,0.4802449643611908
3825759,2016-02-05,11,La Liga,27,male,Málaga,Getafe,elite,experiment3_pooling_ablation,1,142,C-Hybrid-positional,1,1,0.9055998921394348,0.4802449643611908
3825760,2016-02-06,11,La Liga,27,male,Atlético Madrid,Eibar,elite,experiment3_pooling_ablation,1,142,C-Hybrid-positional,1,0,0.064240276813507,0.4802449643611908
3825761,2016-02-06,11,La Liga,27,male,Athletic Club,Villarreal,elite,experiment3_pooling_ablation,1,142,C-Hybrid-positional,0,0,0.0724061653017997,0.4802449643611908
3825762,2016-02-06,11,La Liga,27,male,Sporting Gijón,RC Deportivo La Coruña,elite,experiment3_pooling_ablation,1,142,C-Hybrid-positional,0,0,0.2957102954387665,0.4802449643611908
3825763,2016-02-06,11,La Liga,27,male,Rayo Vallecano,Las Palmas,elite,experiment3_pooling_ablation,1,142,C-Hybrid-positional,1,1,0.9393069744110109,0.4802449643611908
266160,2016-02-07,11,La Liga,27,male,Levante UD,Barcelona,elite,experiment3_pooling_ablation,1,142,C-Hybrid-positional,0,0,0.2477665096521377,0.4802449643611908
3825764,2016-02-07,11,La Liga,27,male,Granada,Real Madrid,elite,experiment3_pooling_ablation,1,142,C-Hybrid-positional,0,0,0.1720486134290695,0.4802449643611908
3825765,2016-02-07,11,La Liga,27,male,Celta Vigo,Sevilla,elite,experiment3_pooling_ablation,1,142,C-Hybrid-positional,0,0,0.2085479199886322,0.4802449643611908
3825766,2016-02-07,11,La Liga,27,male,Real Betis,Valencia,elite,experiment3_pooling_ablation,1,142,C-Hybrid-positional,1,0,0.1008438318967819,0.4802449643611908
3825767,2016-02-08,11,La Liga,27,male,Espanyol,Real Sociedad,elite,experiment3_pooling_ablation,1,142,C-Hybrid-positional,0,0,0.2175649553537368,0.4802449643611908
3825768,2016-02-12,11,La Liga,27,male,Sporting Gijón,Rayo Vallecano,elite,experiment3_pooling_ablation,1,142,C-Hybrid-positional,0,1,0.6288496851921082,0.4802449643611908
3825769,2016-02-13,11,La Liga,27,male,Villarreal,Málaga,elite,experiment3_pooling_ablation,1,142,C-Hybrid-positional,1,0,0.2753414809703827,0.4802449643611908
3825770,2016-02-13,11,La Liga,27,male,Real Madrid,Athletic Club,elite,experiment3_pooling_ablation,1,142,C-Hybrid-positional,1,1,0.8648008704185486,0.4802449643611908
3825771,2016-02-13,11,La Liga,27,male,RC Deportivo La Coruña,Real Betis,elite,experiment3_pooling_ablation,1,142,C-Hybrid-positional,0,1,0.5841522216796875,0.4802449643611908
3825772,2016-02-13,11,La Liga,27,male,Valencia,Espanyol,elite,experiment3_pooling_ablation,1,142,C-Hybrid-positional,1,0,0.1672800928354263,0.4802449643611908
266254,2016-02-14,11,La Liga,27,male,Barcelona,Celta Vigo,elite,experiment3_pooling_ablation,1,142,C-Hybrid-positional,1,1,0.9874562621116638,0.4802449643611908
3825773,2016-02-14,11,La Liga,27,male,Eibar,Levante UD,elite,experiment3_pooling_ablation,1,142,C-Hybrid-positional,1,1,0.5826583504676819,0.4802449643611908
3825774,2016-02-14,11,La Liga,27,male,Getafe,Atlético Madrid,elite,experiment3_pooling_ablation,1,142,C-Hybrid-positional,0,0,0.099455140531063,0.4802449643611908
3825775,2016-02-14,11,La Liga,27,male,Real Sociedad,Granada,elite,experiment3_pooling_ablation,1,142,C-Hybrid-positional,1,1,0.9390721917152404,0.4802449643611908
3825776,2016-02-14,11,La Liga,27,male,Sevilla,Las Palmas,elite,experiment3_pooling_ablation,1,142,C-Hybrid-positional,1,0,0.275982528924942,0.4802449643611908
266815,2016-02-17,11,La Liga,27,male,Sporting Gijón,Barcelona,elite,experiment3_pooling_ablation,1,142,C-Hybrid-positional,0,0,0.1650327295064926,0.4802449643611908
3825777,2016-02-19,11,La Liga,27,male,Levante UD,Getafe,elite,experiment3_pooling_ablation,1,142,C-Hybrid-positional,1,1,0.8238962292671204,0.4802449643611908
267273,2016-02-20,11,La Liga,27,male,Las Palmas,Barcelona,elite,experiment3_pooling_ablation,1,142,C-Hybrid-positional,0,0,0.4353747963905334,0.4802449643611908
3825778,2016-02-20,11,La Liga,27,male,Real Betis,Sporting Gijón,elite,experiment3_pooling_ablation,1,142,C-Hybrid-positional,0,0,0.2992067337036133,0.4802449643611908
3825779,2016-02-20,11,La Liga,27,male,Celta Vigo,Eibar,elite,experiment3_pooling_ablation,1,142,C-Hybrid-positional,1,1,0.509765088558197,0.4802449643611908
3825780,2016-02-20,11,La Liga,27,male,Espanyol,RC Deportivo La Coruña,elite,experiment3_pooling_ablation,1,142,C-Hybrid-positional,1,0,0.159165620803833,0.4802449643611908
3825781,2016-02-21,11,La Liga,27,male,Rayo Vallecano,Sevilla,elite,experiment3_pooling_ablation,1,142,C-Hybrid-positional,0,0,0.4250028133392334,0.4802449643611908
3825782,2016-02-21,11,La Liga,27,male,Granada,Valencia,elite,experiment3_pooling_ablation,1,142,C-Hybrid-positional,0,0,0.0897198840975761,0.4802449643611908
3825783,2016-02-21,11,La Liga,27,male,Athletic Club,Real Sociedad,elite,experiment3_pooling_ablation,1,142,C-Hybrid-positional,0,0,0.0445737056434154,0.4802449643611908
3825784,2016-02-21,11,La Liga,27,male,Atlético Madrid,Villarreal,elite,experiment3_pooling_ablation,1,142,C-Hybrid-positional,0,0,0.1081430912017822,0.4802449643611908
3825785,2016-02-21,11,La Liga,27,male,Málaga,Real Madrid,elite,experiment3_pooling_ablation,1,142,C-Hybrid-positional,0,1,0.5971218347549438,0.4802449643611908
3825786,2016-02-26,11,La Liga,27,male,Eibar,Las Palmas,elite,experiment3_pooling_ablation,1,142,C-Hybrid-positional,0,0,0.1825086325407028,0.4802449643611908
3825787,2016-02-27,11,La Liga,27,male,Real Madrid,Atlético Madrid,elite,experiment3_pooling_ablation,2,242,C-Hybrid-positional,0,0,0.410937637090683,0.4884176254272461
3825788,2016-02-27,11,La Liga,27,male,Getafe,Celta Vigo,elite,experiment3_pooling_ablation,2,242,C-Hybrid-positional,0,0,0.2695945203304291,0.4884176254272461
3825789,2016-02-27,11,La Liga,27,male,Real Sociedad,Málaga,elite,experiment3_pooling_ablation,2,242,C-Hybrid-positional,0,0,0.4220878183841705,0.4884176254272461
3825790,2016-02-27,11,La Liga,27,male,Sporting Gijón,Espanyol,elite,experiment3_pooling_ablation,2,242,C-Hybrid-positional,0,0,0.3198424279689789,0.4884176254272461
3825791,2016-02-27,11,La Liga,27,male,Real Betis,Rayo Vallecano,elite,experiment3_pooling_ablation,2,242,C-Hybrid-positional,0,0,0.3248451650142669,0.4884176254272461
265839,2016-02-28,11,La Liga,27,male,Barcelona,Sevilla,elite,experiment3_pooling_ablation,2,242,C-Hybrid-positional,1,1,0.6289340853691101,0.4884176254272461
3825792,2016-02-28,11,La Liga,27,male,RC Deportivo La Coruña,Granada,elite,experiment3_pooling_ablation,2,242,C-Hybrid-positional,0,1,0.5786225199699402,0.4884176254272461
3825793,2016-02-28,11,La Liga,27,male,Valencia,Athletic Club,elite,experiment3_pooling_ablation,2,242,C-Hybrid-positional,0,0,0.4124966859817505,0.4884176254272461
3825794,2016-02-28,11,La Liga,27,male,Villarreal,Levante UD,elite,experiment3_pooling_ablation,2,242,C-Hybrid-positional,1,0,0.4632323682308197,0.4884176254272461
3825795,2016-03-01,11,La Liga,27,male,Atlético Madrid,Real Sociedad,elite,experiment3_pooling_ablation,2,242,C-Hybrid-positional,1,1,0.5648154020309448,0.4884176254272461
3825796,2016-03-01,11,La Liga,27,male,Las Palmas,Getafe,elite,experiment3_pooling_ablation,2,242,C-Hybrid-positional,1,0,0.4241326749324798,0.4884176254272461
3825797,2016-03-02,11,La Liga,27,male,Athletic Club,RC Deportivo La Coruña,elite,experiment3_pooling_ablation,2,242,C-Hybrid-positional,1,0,0.4558865129947662,0.4884176254272461
3825798,2016-03-02,11,La Liga,27,male,Levante UD,Real Madrid,elite,experiment3_pooling_ablation,2,242,C-Hybrid-positional,0,0,0.234806939959526,0.4884176254272461
3825799,2016-03-02,11,La Liga,27,male,Málaga,Valencia,elite,experiment3_pooling_ablation,2,242,C-Hybrid-positional,0,0,0.2577036917209625,0.4884176254272461
3825800,2016-03-02,11,La Liga,27,male,Celta Vigo,Villarreal,elite,experiment3_pooling_ablation,2,242,C-Hybrid-positional,0,0,0.4049027264118194,0.4884176254272461
3825801,2016-03-02,11,La Liga,27,male,Sevilla,Eibar,elite,experiment3_pooling_ablation,2,242,C-Hybrid-positional,1,1,0.5225640535354614,0.4884176254272461
266653,2016-03-03,11,La Liga,27,male,Rayo Vallecano,Barcelona,elite,experiment3_pooling_ablation,2,242,C-Hybrid-positional,0,0,0.2263559997081756,0.4884176254272461
3825802,2016-03-03,11,La Liga,27,male,Espanyol,Real Betis,elite,experiment3_pooling_ablation,2,242,C-Hybrid-positional,0,0,0.4339386224746704,0.4884176254272461
3825803,2016-03-03,11,La Liga,27,male,Granada,Sporting Gijón,elite,experiment3_pooling_ablation,2,242,C-Hybrid-positional,1,1,0.5265856981277466,0.4884176254272461
3825804,2016-03-05,11,La Liga,27,male,RC Deportivo La Coruña,Málaga,elite,experiment3_pooling_ablation,2,242,C-Hybrid-positional,0,0,0.4474936127662658,0.4884176254272461
3825805,2016-03-05,11,La Liga,27,male,Villarreal,Las Palmas,elite,experiment3_pooling_ablation,2,242,C-Hybrid-positional,0,0,0.3508718013763428,0.4884176254272461
3825806,2016-03-05,11,La Liga,27,male,Real Madrid,Celta Vigo,elite,experiment3_pooling_ablation,2,242,C-Hybrid-positional,1,0,0.4462815523147583,0.4884176254272461
3825867,2016-03-05,11,La Liga,27,male,Getafe,Sevilla,elite,experiment3_pooling_ablation,2,242,C-Hybrid-positional,0,0,0.2576187252998352,0.4884176254272461
266056,2016-03-06,11,La Liga,27,male,Eibar,Barcelona,elite,experiment3_pooling_ablation,2,242,C-Hybrid-positional,0,0,0.1605627834796905,0.4884176254272461
3825807,2016-03-06,11,La Liga,27,male,Valencia,Atlético Madrid,elite,experiment3_pooling_ablation,2,242,C-Hybrid-positional,0,0,0.1900914460420608,0.4884176254272461
3825808,2016-03-06,11,La Liga,27,male,Sporting Gijón,Athletic Club,elite,experiment3_pooling_ablation,2,242,C-Hybrid-positional,0,0,0.1705857813358307,0.4884176254272461
3825809,2016-03-06,11,La Liga,27,male,Real Betis,Granada,elite,experiment3_pooling_ablation,2,242,C-Hybrid-positional,1,0,0.2886967658996582,0.4884176254272461
3825810,2016-03-06,11,La Liga,27,male,Real Sociedad,Levante UD,elite,experiment3_pooling_ablation,2,242,C-Hybrid-positional,0,0,0.4391883313655853,0.4884176254272461
3825811,2016-03-07,11,La Liga,27,male,Espanyol,Rayo Vallecano,elite,experiment3_pooling_ablation,2,242,C-Hybrid-positional,1,1,0.5047625303268433,0.4884176254272461
3825812,2016-03-11,11,La Liga,27,male,Málaga,Sporting Gijón,elite,experiment3_pooling_ablation,2,242,C-Hybrid-positional,1,0,0.343677818775177,0.4884176254272461
266498,2016-03-12,11,La Liga,27,male,Barcelona,Getafe,elite,experiment3_pooling_ablation,2,242,C-Hybrid-positional,1,1,0.7398630380630493,0.4884176254272461
3825813,2016-03-12,11,La Liga,27,male,Atlético Madrid,RC Deportivo La Coruña,elite,experiment3_pooling_ablation,2,242,C-Hybrid-positional,1,1,0.623563826084137,0.4884176254272461
3825814,2016-03-12,11,La Liga,27,male,Celta Vigo,Real Sociedad,elite,experiment3_pooling_ablation,2,242,C-Hybrid-positional,1,0,0.2409569323062896,0.4884176254272461
3825858,2016-03-12,11,La Liga,27,male,Rayo Vallecano,Eibar,elite,experiment3_pooling_ablation,2,242,C-Hybrid-positional,0,0,0.3148043751716614,0.4884176254272461
3825815,2016-03-13,11,La Liga,27,male,Levante UD,Valencia,elite,experiment3_pooling_ablation,2,242,C-Hybrid-positional,1,0,0.2629472911357879,0.4884176254272461
3825816,2016-03-13,11,La Liga,27,male,Sevilla,Villarreal,elite,experiment3_pooling_ablation,2,242,C-Hybrid-positional,1,0,0.4741190075874328,0.4884176254272461
3825844,2016-03-13,11,La Liga,27,male,Athletic Club,Real Betis,elite,experiment3_pooling_ablation,2,242,C-Hybrid-positional,1,1,0.5369861721992493,0.4884176254272461
3825879,2016-03-13,11,La Liga,27,male,Las Palmas,Real Madrid,elite,experiment3_pooling_ablation,2,242,C-Hybrid-positional,0,0,0.3100295066833496,0.4884176254272461
3825881,2016-03-14,11,La Liga,27,male,Granada,Espanyol,elite,experiment3_pooling_ablation,2,242,C-Hybrid-positional,0,0,0.2764887809753418,0.4884176254272461
3825817,2016-03-18,11,La Liga,27,male,Getafe,Eibar,elite,experiment3_pooling_ablation,2,242,C-Hybrid-positional,0,0,0.277179092168808,0.4884176254272461
3825818,2016-03-19,11,La Liga,27,male,Real Sociedad,Las Palmas,elite,experiment3_pooling_ablation,2,242,C-Hybrid-positional,0,0,0.3270749151706695,0.4884176254272461
3825880,2016-03-19,11,La Liga,27,male,RC Deportivo La Coruña,Levante UD,elite,experiment3_pooling_ablation,2,242,C-Hybrid-positional,1,0,0.3527811169624328,0.4884176254272461
3825887,2016-03-19,11,La Liga,27,male,Granada,Rayo Vallecano,elite,experiment3_pooling_ablation,2,242,C-Hybrid-positional,0,0,0.4805341064929962,0.4884176254272461
3825903,2016-03-19,11,La Liga,27,male,Real Betis,Málaga,elite,experiment3_pooling_ablation,2,242,C-Hybrid-positional,0,0,0.35905322432518,0.4884176254272461
3825907,2016-03-19,11,La Liga,27,male,Sporting Gijón,Atlético Madrid,elite,experiment3_pooling_ablation,2,242,C-Hybrid-positional,1,0,0.1698124557733535,0.4884176254272461
266106,2016-03-20,11,La Liga,27,male,Villarreal,Barcelona,elite,experiment3_pooling_ablation,2,242,C-Hybrid-positional,0,0,0.1854612082242965,0.4884176254272461
3825819,2016-03-20,11,La Liga,27,male,Valencia,Celta Vigo,elite,experiment3_pooling_ablation,2,242,C-Hybrid-positional,0,0,0.397669643163681,0.4884176254272461
3825820,2016-03-20,11,La Liga,27,male,Real Madrid,Sevilla,elite,experiment3_pooling_ablation,2,242,C-Hybrid-positional,1,1,0.798966109752655,0.4884176254272461
3825821,2016-03-20,11,La Liga,27,male,Espanyol,Athletic Club,elite,experiment3_pooling_ablation,2,242,C-Hybrid-positional,1,0,0.3162477016448974,0.4884176254272461
3825885,2016-04-01,11,La Liga,27,male,Rayo Vallecano,Getafe,elite,experiment3_pooling_ablation,2,242,C-Hybrid-positional,1,1,0.6774407625198364,0.4884176254272461
267533,2016-04-02,11,La Liga,27,male,Barcelona,Real Madrid,elite,experiment3_pooling_ablation,2,242,C-Hybrid-positional,0,0,0.3843637406826019,0.4884176254272461
3825822,2016-04-02,11,La Liga,27,male,Las Palmas,Valencia,elite,experiment3_pooling_ablation,2,242,C-Hybrid-positional,1,1,0.539921224117279,0.4884176254272461
3825872,2016-04-02,11,La Liga,27,male,Atlético Madrid,Real Betis,elite,experiment3_pooling_ablation,2,242,C-Hybrid-positional,1,1,0.7913504242897034,0.4884176254272461
3825898,2016-04-02,11,La Liga,27,male,Celta Vigo,RC Deportivo La Coruña,elite,experiment3_pooling_ablation,2,242,C-Hybrid-positional,0,0,0.2774377167224884,0.4884176254272461
3825823,2016-04-03,11,La Liga,27,male,Sevilla,Real Sociedad,elite,experiment3_pooling_ablation,2,242,C-Hybrid-positional,0,0,0.3308798968791961,0.4884176254272461
3825824,2016-04-03,11,La Liga,27,male,Eibar,Villarreal,elite,experiment3_pooling_ablation,2,242,C-Hybrid-positional,0,0,0.2537049055099487,0.4884176254272461
3825877,2016-04-03,11,La Liga,27,male,Athletic Club,Granada,elite,experiment3_pooling_ablation,2,242,C-Hybrid-positional,0,1,0.5547361969947815,0.4884176254272461
3825905,2016-04-03,11,La Liga,27,male,Málaga,Espanyol,elite,experiment3_pooling_ablation,2,242,C-Hybrid-positional,0,0,0.2951326072216034,0.4884176254272461
3825825,2016-04-04,11,La Liga,27,male,Levante UD,Sporting Gijón,elite,experiment3_pooling_ablation,2,242,C-Hybrid-positional,0,0,0.3393949270248413,0.4884176254272461
3825826,2016-04-08,11,La Liga,27,male,Granada,Málaga,elite,experiment3_pooling_ablation,2,242,C-Hybrid-positional,0,0,0.232751116156578,0.4884176254272461
266664,2016-04-09,11,La Liga,27,male,Real Sociedad,Barcelona,elite,experiment3_pooling_ablation,2,242,C-Hybrid-positional,1,0,0.2519920170307159,0.4884176254272461
3825827,2016-04-09,11,La Liga,27,male,Real Betis,Levante UD,elite,experiment3_pooling_ablation,2,242,C-Hybrid-positional,1,0,0.2068689614534378,0.4884176254272461
3825828,2016-04-09,11,La Liga,27,male,Espanyol,Atlético Madrid,elite,experiment3_pooling_ablation,2,242,C-Hybrid-positional,0,0,0.2574961185455322,0.4884176254272461
3825856,2016-04-09,11,La Liga,27,male,Real Madrid,Eibar,elite,experiment3_pooling_ablation,2,242,C-Hybrid-positional,1,1,0.5882654786109924,0.4884176254272461
3825829,2016-04-10,11,La Liga,27,male,Athletic Club,Rayo Vallecano,elite,experiment3_pooling_ablation,2,242,C-Hybrid-positional,1,0,0.2658761143684387,0.4884176254272461
3825830,2016-04-10,11,La Liga,27,male,Villarreal,Getafe,elite,experiment3_pooling_ablation,2,242,C-Hybrid-positional,1,1,0.5182920694351196,0.4884176254272461
3825831,2016-04-10,11,La Liga,27,male,Valencia,Sevilla,elite,experiment3_pooling_ablation,2,242,C-Hybrid-positional,1,0,0.3350388407707214,0.4884176254272461
3825832,2016-04-10,11,La Liga,27,male,Sporting Gijón,Celta Vigo,elite,experiment3_pooling_ablation,2,242,C-Hybrid-positional,0,0,0.3420681059360504,0.4884176254272461
3825863,2016-04-11,11,La Liga,27,male,RC Deportivo La Coruña,Las Palmas,elite,experiment3_pooling_ablation,2,242,C-Hybrid-positional,0,0,0.2310622930526733,0.4884176254272461
3825857,2016-04-15,11,La Liga,27,male,Levante UD,Espanyol,elite,experiment3_pooling_ablation,2,242,C-Hybrid-positional,1,0,0.3451658487319946,0.4884176254272461
3825833,2016-04-16,11,La Liga,27,male,Getafe,Real Madrid,elite,experiment3_pooling_ablation,2,242,C-Hybrid-positional,0,0,0.1759974658489227,0.4884176254272461
3825852,2016-04-16,11,La Liga,27,male,Las Palmas,Sporting Gijón,elite,experiment3_pooling_ablation,2,242,C-Hybrid-positional,0,0,0.4508687853813171,0.4884176254272461
3825889,2016-04-16,11,La Liga,27,male,Celta Vigo,Real Betis,elite,experiment3_pooling_ablation,2,242,C-Hybrid-positional,0,1,0.6367319822311401,0.4884176254272461
3825897,2016-04-16,11,La Liga,27,male,Eibar,Real Sociedad,elite,experiment3_pooling_ablation,2,242,C-Hybrid-positional,1,0,0.4047004580497741,0.4884176254272461
266557,2016-04-17,11,La Liga,27,male,Barcelona,Valencia,elite,experiment3_pooling_ablation,2,242,C-Hybrid-positional,0,1,0.5420951247215271,0.4884176254272461
3825834,2016-04-17,11,La Liga,27,male,Atlético Madrid,Granada,elite,experiment3_pooling_ablation,2,242,C-Hybrid-positional,1,1,0.5185797810554504,0.4884176254272461
3825835,2016-04-17,11,La Liga,27,male,Málaga,Athletic Club,elite,experiment3_pooling_ablation,2,242,C-Hybrid-positional,0,0,0.4499476552009582,0.4884176254272461
3825836,2016-04-17,11,La Liga,27,male,Rayo Vallecano,Villarreal,elite,experiment3_pooling_ablation,2,242,C-Hybrid-positional,1,1,0.5374370813369751,0.4884176254272461
3825906,2016-04-17,11,La Liga,27,male,Sevilla,RC Deportivo La Coruña,elite,experiment3_pooling_ablation,2,242,C-Hybrid-positional,0,0,0.3148244321346283,0.4884176254272461
3825837,2016-04-19,11,La Liga,27,male,Real Betis,Las Palmas,elite,experiment3_pooling_ablation,2,242,C-Hybrid-positional,1,0,0.2909317314624786,0.4884176254272461
3825862,2016-04-19,11,La Liga,27,male,Espanyol,Celta Vigo,elite,experiment3_pooling_ablation,2,242,C-Hybrid-positional,0,0,0.1817812472581863,0.4884176254272461
266310,2016-04-20,11,La Liga,27,male,RC Deportivo La Coruña,Barcelona,elite,experiment3_pooling_ablation,2,242,C-Hybrid-positional,0,0,0.241038516163826,0.4884176254272461
3825838,2016-04-20,11,La Liga,27,male,Athletic Club,Atlético Madrid,elite,experiment3_pooling_ablation,2,242,C-Hybrid-positional,0,0,0.3252985179424286,0.4884176254272461
3825839,2016-04-20,11,La Liga,27,male,Sporting Gijón,Sevilla,elite,experiment3_pooling_ablation,2,242,C-Hybrid-positional,1,0,0.3869231939315796,0.4884176254272461
3825840,2016-04-20,11,La Liga,27,male,Valencia,Eibar,elite,experiment3_pooling_ablation,2,242,C-Hybrid-positional,1,1,0.5309200286865234,0.4884176254272461
3825843,2016-04-20,11,La Liga,27,male,Málaga,Rayo Vallecano,elite,experiment3_pooling_ablation,2,242,C-Hybrid-positional,0,0,0.3883692920207977,0.4884176254272461
3825893,2016-04-20,11,La Liga,27,male,Real Madrid,Villarreal,elite,experiment3_pooling_ablation,2,242,C-Hybrid-positional,1,1,0.6208113431930542,0.4884176254272461
3825841,2016-04-21,11,La Liga,27,male,Real Sociedad,Getafe,elite,experiment3_pooling_ablation,2,242,C-Hybrid-positional,0,0,0.4136048853397369,0.4884176254272461
3825896,2016-04-21,11,La Liga,27,male,Granada,Levante UD,elite,experiment3_pooling_ablation,2,242,C-Hybrid-positional,1,1,0.5143296122550964,0.4884176254272461
3825871,2016-04-22,11,La Liga,27,male,Las Palmas,Espanyol,elite,experiment3_pooling_ablation,2,242,C-Hybrid-positional,1,0,0.3716495037078857,0.4884176254272461
265944,2016-04-23,11,La Liga,27,male,Barcelona,Sporting Gijón,elite,experiment3_pooling_ablation,2,242,C-Hybrid-positional,1,1,0.8182476758956909,0.4884176254272461
3825847,2016-04-23,11,La Liga,27,male,Eibar,RC Deportivo La Coruña,elite,experiment3_pooling_ablation,2,242,C-Hybrid-positional,0,0,0.3490586280822754,0.4884176254272461
3825886,2016-04-23,11,La Liga,27,male,Rayo Vallecano,Real Madrid,elite,experiment3_pooling_ablation,2,242,C-Hybrid-positional,0,0,0.1937081813812255,0.4884176254272461
3825890,2016-04-23,11,La Liga,27,male,Atlético Madrid,Málaga,elite,experiment3_pooling_ablation,2,242,C-Hybrid-positional,1,0,0.26267209649086,0.4884176254272461
3825842,2016-04-24,11,La Liga,27,male,Levante UD,Athletic Club,elite,experiment3_pooling_ablation,2,242,C-Hybrid-positional,0,0,0.2644703388214111,0.4884176254272461
3825875,2016-04-24,11,La Liga,27,male,Villarreal,Real Sociedad,elite,experiment3_pooling_ablation,2,242,C-Hybrid-positional,0,0,0.2682332098484039,0.4884176254272461
3825884,2016-04-24,11,La Liga,27,male,Sevilla,Real Betis,elite,experiment3_pooling_ablation,2,242,C-Hybrid-positional,1,0,0.3128746449947357,0.4884176254272461
3825899,2016-04-24,11,La Liga,27,male,Getafe,Valencia,elite,experiment3_pooling_ablation,2,242,C-Hybrid-positional,0,0,0.2471862882375717,0.4884176254272461
3825868,2016-04-25,11,La Liga,27,male,Celta Vigo,Granada,elite,experiment3_pooling_ablation,2,242,C-Hybrid-positional,1,1,0.5655980706214905,0.4884176254272461
3825854,2016-04-29,11,La Liga,27,male,Sporting Gijón,Eibar,elite,experiment3_pooling_ablation,2,242,C-Hybrid-positional,1,0,0.2542997896671295,0.4884176254272461
266986,2016-04-30,11,La Liga,27,male,Real Betis,Barcelona,elite,experiment3_pooling_ablation,2,242,C-Hybrid-positional,0,0,0.1413560360670089,0.4884176254272461
3825859,2016-04-30,11,La Liga,27,male,Granada,Las Palmas,elite,experiment3_pooling_ablation,2,242,C-Hybrid-positional,1,0,0.3962456881999969,0.4884176254272461
3825864,2016-04-30,11,La Liga,27,male,Real Sociedad,Real Madrid,elite,experiment3_pooling_ablation,2,242,C-Hybrid-positional,0,0,0.190663456916809,0.4884176254272461
3825878,2016-04-30,11,La Liga,27,male,Atlético Madrid,Rayo Vallecano,elite,experiment3_pooling_ablation,2,242,C-Hybrid-positional,1,0,0.3157070577144623,0.4884176254272461
3825845,2016-05-01,11,La Liga,27,male,Espanyol,Sevilla,elite,experiment3_pooling_ablation,2,242,C-Hybrid-positional,1,0,0.2009079605340957,0.4884176254272461
3825870,2016-05-01,11,La Liga,27,male,Athletic Club,Celta Vigo,elite,experiment3_pooling_ablation,2,242,C-Hybrid-positional,1,0,0.4006737768650055,0.4884176254272461
3825873,2016-05-01,11,La Liga,27,male,Valencia,Villarreal,elite,experiment3_pooling_ablation,2,242,C-Hybrid-positional,0,0,0.4386529624462127,0.4884176254272461
3825894,2016-05-01,11,La Liga,27,male,RC Deportivo La Coruña,Getafe,elite,experiment3_pooling_ablation,2,242,C-Hybrid-positional,0,0,0.2678092420101166,0.4884176254272461
3825855,2016-05-02,11,La Liga,27,male,Málaga,Levante UD,elite,experiment3_pooling_ablation,2,242,C-Hybrid-positional,1,1,0.539394199848175,0.4884176254272461
265958,2016-05-08,11,La Liga,27,male,Barcelona,Espanyol,elite,experiment3_pooling_ablation,2,242,C-Hybrid-positional,1,1,0.6390591263771057,0.4884176254272461
3825850,2016-05-08,11,La Liga,27,male,Celta Vigo,Málaga,elite,experiment3_pooling_ablation,2,242,C-Hybrid-positional,1,0,0.3259934782981872,0.4884176254272461
3825851,2016-05-08,11,La Liga,27,male,Villarreal,RC Deportivo La Coruña,elite,experiment3_pooling_ablation,2,242,C-Hybrid-positional,0,0,0.4290539026260376,0.4884176254272461
3825853,2016-05-08,11,La Liga,27,male,Sevilla,Granada,elite,experiment3_pooling_ablation,2,242,C-Hybrid-positional,0,0,0.4053550064563751,0.4884176254272461
3825860,2016-05-08,11,La Liga,27,male,Levante UD,Atlético Madrid,elite,experiment3_pooling_ablation,2,242,C-Hybrid-positional,1,0,0.2685388922691345,0.4884176254272461
3825861,2016-05-08,11,La Liga,27,male,Real Sociedad,Rayo Vallecano,elite,experiment3_pooling_ablation,2,242,C-Hybrid-positional,1,0,0.406050443649292,0.4884176254272461
3825865,2016-05-08,11,La Liga,27,male,Getafe,Sporting Gijón,elite,experiment3_pooling_ablation,2,242,C-Hybrid-positional,0,1,0.5317659974098206,0.4884176254272461
3825866,2016-05-08,11,La Liga,27,male,Las Palmas,Athletic Club,elite,experiment3_pooling_ablation,2,242,C-Hybrid-positional,0,0,0.230572298169136,0.4884176254272461
3825901,2016-05-08,11,La Liga,27,male,Real Madrid,Valencia,elite,experiment3_pooling_ablation,2,242,C-Hybrid-positional,1,1,0.6051265597343445,0.4884176254272461
3825904,2016-05-08,11,La Liga,27,male,Eibar,Real Betis,elite,experiment3_pooling_ablation,2,242,C-Hybrid-positional,0,0,0.4194379448890686,0.4884176254272461
3825849,2016-05-13,11,La Liga,27,male,Valencia,Real Sociedad,elite,experiment3_pooling_ablation,2,242,C-Hybrid-positional,0,0,0.3461463749408722,0.4884176254272461
267506,2016-05-14,11,La Liga,27,male,Granada,Barcelona,elite,experiment3_pooling_ablation,2,242,C-Hybrid-positional,0,0,0.1279766857624054,0.4884176254272461
3825846,2016-05-14,11,La Liga,27,male,RC Deportivo La Coruña,Real Madrid,elite,experiment3_pooling_ablation,2,242,C-Hybrid-positional,0,0,0.3766414821147918,0.4884176254272461
3825869,2016-05-14,11,La Liga,27,male,Athletic Club,Sevilla,elite,experiment3_pooling_ablation,2,242,C-Hybrid-positional,1,1,0.6022487282752991,0.4884176254272461
3825882,2016-05-14,11,La Liga,27,male,Atlético Madrid,Celta Vigo,elite,experiment3_pooling_ablation,2,242,C-Hybrid-positional,1,0,0.4135323166847229,0.4884176254272461
3825876,2016-05-15,11,La Liga,27,male,Real Betis,Getafe,elite,experiment3_pooling_ablation,2,242,C-Hybrid-positional,1,0,0.1991624534130096,0.4884176254272461
3825883,2016-05-15,11,La Liga,27,male,Málaga,Las Palmas,elite,experiment3_pooling_ablation,2,242,C-Hybrid-positional,1,0,0.4143513143062591,0.4884176254272461
3825900,2016-05-15,11,La Liga,27,male,Sporting Gijón,Villarreal,elite,experiment3_pooling_ablation,2,242,C-Hybrid-positional,1,0,0.2018387466669082,0.4884176254272461
3825902,2016-05-15,11,La Liga,27,male,Rayo Vallecano,Levante UD,elite,experiment3_pooling_ablation,2,242,C-Hybrid-positional,1,1,0.5865631699562073,0.4884176254272461
3825908,2016-05-15,11,La Liga,27,male,Espanyol,Eibar,elite,experiment3_pooling_ablation,2,242,C-Hybrid-positional,1,0,0.1810310631990432,0.4884176254272461
267670,2016-08-20,11,La Liga,2,male,Barcelona,Real Betis,elite,experiment3_pooling_ablation,2,242,C-Hybrid-positional,1,1,0.8697776794433594,0.4884176254272461
266892,2016-08-28,11,La Liga,2,male,Athletic Club,Barcelona,elite,experiment3_pooling_ablation,2,242,C-Hybrid-positional,0,0,0.1407754123210907,0.4884176254272461
267220,2016-09-21,11,La Liga,2,male,Barcelona,Atlético Madrid,elite,experiment3_pooling_ablation,2,242,C-Hybrid-positional,0,1,0.5659328103065491,0.4884176254272461
267492,2016-10-15,11,La Liga,2,male,Barcelona,RC Deportivo La Coruña,elite,experiment3_pooling_ablation,2,242,C-Hybrid-positional,1,1,0.6841462850570679,0.4884176254272461
266033,2016-10-22,11,La Liga,2,male,Valencia,Barcelona,elite,experiment3_pooling_ablation,2,242,C-Hybrid-positional,0,0,0.1690563857555389,0.4884176254272461
267058,2016-10-29,11,La Liga,2,male,Barcelona,Granada,elite,experiment3_pooling_ablation,2,242,C-Hybrid-positional,1,1,0.7272288203239441,0.4884176254272461
266989,2016-11-06,11,La Liga,2,male,Sevilla,Barcelona,elite,experiment3_pooling_ablation,2,242,C-Hybrid-positional,0,0,0.1381317377090454,0.4884176254272461
266191,2016-11-27,11,La Liga,2,male,Real Sociedad,Barcelona,elite,experiment3_pooling_ablation,2,242,C-Hybrid-positional,0,0,0.2862476706504822,0.4884176254272461
267076,2016-12-03,11,La Liga,2,male,Barcelona,Real Madrid,elite,experiment3_pooling_ablation,2,242,C-Hybrid-positional,0,0,0.4518691003322601,0.4884176254272461
266357,2016-12-10,11,La Liga,2,male,Osasuna,Barcelona,elite,experiment3_pooling_ablation,3,342,C-Hybrid-positional,0,0,0.1757669001817703,0.4780621528625488
266528,2016-12-18,11,La Liga,2,male,Barcelona,Espanyol,elite,experiment3_pooling_ablation,3,342,C-Hybrid-positional,1,1,0.8716281652450562,0.4780621528625488
266477,2017-01-08,11,La Liga,2,male,Villarreal,Barcelona,elite,experiment3_pooling_ablation,3,342,C-Hybrid-positional,0,0,0.2763826549053192,0.4780621528625488
267395,2017-01-14,11,La Liga,2,male,Barcelona,Las Palmas,elite,experiment3_pooling_ablation,3,342,C-Hybrid-positional,1,1,0.9555311799049376,0.4780621528625488
266731,2017-01-22,11,La Liga,2,male,Eibar,Barcelona,elite,experiment3_pooling_ablation,3,342,C-Hybrid-positional,0,0,0.3351378738880157,0.4780621528625488
266516,2017-01-29,11,La Liga,2,male,Real Betis,Barcelona,elite,experiment3_pooling_ablation,3,342,C-Hybrid-positional,0,0,0.1665899902582168,0.4780621528625488
266874,2017-02-04,11,La Liga,2,male,Barcelona,Athletic Club,elite,experiment3_pooling_ablation,3,342,C-Hybrid-positional,1,1,0.5773530006408691,0.4780621528625488
267464,2017-02-26,11,La Liga,2,male,Atlético Madrid,Barcelona,elite,experiment3_pooling_ablation,3,342,C-Hybrid-positional,0,0,0.1723787039518356,0.4780621528625488
265952,2017-03-01,11,La Liga,2,male,Barcelona,Sporting Gijón,elite,experiment3_pooling_ablation,3,342,C-Hybrid-positional,1,1,0.760848343372345,0.4780621528625488
266299,2017-03-04,11,La Liga,2,male,Barcelona,Celta Vigo,elite,experiment3_pooling_ablation,3,342,C-Hybrid-positional,1,1,0.8271946907043457,0.4780621528625488
267660,2017-03-12,11,La Liga,2,male,RC Deportivo La Coruña,Barcelona,elite,experiment3_pooling_ablation,3,342,C-Hybrid-positional,1,0,0.1206441894173622,0.4780621528625488
266440,2017-03-19,11,La Liga,2,male,Barcelona,Valencia,elite,experiment3_pooling_ablation,3,342,C-Hybrid-positional,1,1,0.9730387330055236,0.4780621528625488
266280,2017-04-05,11,La Liga,2,male,Barcelona,Sevilla,elite,experiment3_pooling_ablation,3,342,C-Hybrid-positional,1,1,0.8851721882820129,0.4780621528625488
267590,2017-04-08,11,La Liga,2,male,Málaga,Barcelona,elite,experiment3_pooling_ablation,3,342,C-Hybrid-positional,1,0,0.4475558996200561,0.4780621528625488
267373,2017-04-15,11,La Liga,2,male,Barcelona,Real Sociedad,elite,experiment3_pooling_ablation,3,342,C-Hybrid-positional,1,1,0.8579282760620117,0.4780621528625488
267569,2017-04-23,11,La Liga,2,male,Real Madrid,Barcelona,elite,experiment3_pooling_ablation,3,342,C-Hybrid-positional,0,1,0.7854712009429932,0.4780621528625488
267101,2017-04-26,11,La Liga,2,male,Barcelona,Osasuna,elite,experiment3_pooling_ablation,3,342,C-Hybrid-positional,1,1,0.8962621688842773,0.4780621528625488
267077,2017-04-29,11,La Liga,2,male,Espanyol,Barcelona,elite,experiment3_pooling_ablation,3,342,C-Hybrid-positional,0,0,0.229850098490715,0.4780621528625488
266952,2017-05-06,11,La Liga,2,male,Barcelona,Villarreal,elite,experiment3_pooling_ablation,3,342,C-Hybrid-positional,1,1,0.9358853697776794,0.4780621528625488
267039,2017-05-14,11,La Liga,2,male,Las Palmas,Barcelona,elite,experiment3_pooling_ablation,3,342,C-Hybrid-positional,0,0,0.079332448542118,0.4780621528625488
267432,2017-05-21,11,La Liga,2,male,Barcelona,Eibar,elite,experiment3_pooling_ablation,3,342,C-Hybrid-positional,1,1,0.9874005913734436,0.4780621528625488
9575,2017-08-20,11,La Liga,1,male,Barcelona,Real Betis,elite,experiment3_pooling_ablation,3,342,C-Hybrid-positional,1,1,0.8477505445480347,0.4780621528625488
9581,2017-08-26,11,La Liga,1,male,Deportivo Alavés,Barcelona,elite,experiment3_pooling_ablation,3,342,C-Hybrid-positional,0,0,0.0682235211133956,0.4780621528625488
9592,2017-09-09,11,La Liga,1,male,Barcelona,Espanyol,elite,experiment3_pooling_ablation,3,342,C-Hybrid-positional,1,1,0.9804759621620178,0.4780621528625488
9602,2017-09-16,11,La Liga,1,male,Getafe,Barcelona,elite,experiment3_pooling_ablation,3,342,C-Hybrid-positional,0,0,0.1430833786725998,0.4780621528625488
9609,2017-09-19,11,La Liga,1,male,Barcelona,Eibar,elite,experiment3_pooling_ablation,3,342,C-Hybrid-positional,1,1,0.977551519870758,0.4780621528625488
9636,2017-10-01,11,La Liga,1,male,Barcelona,Las Palmas,elite,experiment3_pooling_ablation,3,342,C-Hybrid-positional,1,1,0.9933971166610718,0.4780621528625488
9642,2017-10-14,11,La Liga,1,male,Atlético Madrid,Barcelona,elite,experiment3_pooling_ablation,3,342,C-Hybrid-positional,0,0,0.2634325325489044,0.4780621528625488
9650,2017-10-21,11,La Liga,1,male,Barcelona,Málaga,elite,experiment3_pooling_ablation,3,342,C-Hybrid-positional,1,1,0.8756633400917053,0.4780621528625488
9661,2017-10-28,11,La Liga,1,male,Athletic Club,Barcelona,elite,experiment3_pooling_ablation,3,342,C-Hybrid-positional,0,0,0.3610833585262298,0.4780621528625488
9673,2017-11-04,11,La Liga,1,male,Barcelona,Sevilla,elite,experiment3_pooling_ablation,3,342,C-Hybrid-positional,1,1,0.7246043682098389,0.4780621528625488
9695,2017-11-26,11,La Liga,1,male,Valencia,Barcelona,elite,experiment3_pooling_ablation,3,342,C-Hybrid-positional,0,0,0.4371053278446197,0.4780621528625488
9700,2017-12-02,11,La Liga,1,male,Barcelona,Celta Vigo,elite,experiment3_pooling_ablation,3,342,C-Hybrid-positional,0,1,0.9423936009407043,0.4780621528625488
9717,2017-12-10,11,La Liga,1,male,Villarreal,Barcelona,elite,experiment3_pooling_ablation,3,342,C-Hybrid-positional,0,0,0.3344915509223938,0.4780621528625488
9726,2017-12-17,11,La Liga,1,male,Barcelona,RC Deportivo La Coruña,elite,experiment3_pooling_ablation,3,342,C-Hybrid-positional,1,1,0.9944820404052734,0.4780621528625488
9736,2017-12-23,11,La Liga,1,male,Real Madrid,Barcelona,elite,experiment3_pooling_ablation,3,342,C-Hybrid-positional,0,1,0.5423149466514587,0.4780621528625488
9742,2018-01-07,11,La Liga,1,male,Barcelona,Levante UD,elite,experiment3_pooling_ablation,3,342,C-Hybrid-positional,1,1,0.9466087222099304,0.4780621528625488
9754,2018-01-14,11,La Liga,1,male,Real Sociedad,Barcelona,elite,experiment3_pooling_ablation,3,342,C-Hybrid-positional,0,0,0.3633609414100647,0.4780621528625488
9765,2018-01-21,11,La Liga,1,male,Real Betis,Barcelona,elite,experiment3_pooling_ablation,3,342,C-Hybrid-positional,0,0,0.2234821021556854,0.4780621528625488
9774,2018-01-28,11,La Liga,1,male,Barcelona,Deportivo Alavés,elite,experiment3_pooling_ablation,3,342,C-Hybrid-positional,1,1,0.9394554495811462,0.4780621528625488
9783,2018-02-04,11,La Liga,1,male,Espanyol,Barcelona,elite,experiment3_pooling_ablation,3,342,C-Hybrid-positional,0,0,0.0962386354804039,0.4780621528625488
9794,2018-02-11,11,La Liga,1,male,Barcelona,Getafe,elite,experiment3_pooling_ablation,3,342,C-Hybrid-positional,0,1,0.7360872626304626,0.4780621528625488
9799,2018-02-17,11,La Liga,1,male,Eibar,Barcelona,elite,experiment3_pooling_ablation,3,342,C-Hybrid-positional,0,0,0.1273321509361267,0.4780621528625488
9827,2018-03-01,11,La Liga,1,male,Las Palmas,Barcelona,elite,experiment3_pooling_ablation,3,342,C-Hybrid-positional,0,0,0.1502889543771743,0.4780621528625488
9837,2018-03-04,11,La Liga,1,male,Barcelona,Atlético Madrid,elite,experiment3_pooling_ablation,3,342,C-Hybrid-positional,1,1,0.6493721604347229,0.4780621528625488
9855,2018-03-18,11,La Liga,1,male,Barcelona,Athletic Club,elite,experiment3_pooling_ablation,3,342,C-Hybrid-positional,1,1,0.746146559715271,0.4780621528625488
9860,2018-03-31,11,La Liga,1,male,Sevilla,Barcelona,elite,experiment3_pooling_ablation,3,342,C-Hybrid-positional,0,0,0.3836290240287781,0.4780621528625488
9870,2018-04-07,11,La Liga,1,male,Barcelona,Leganés,elite,experiment3_pooling_ablation,3,342,C-Hybrid-positional,1,1,0.9381815791130066,0.4780621528625488
9880,2018-04-14,11,La Liga,1,male,Barcelona,Valencia,elite,experiment3_pooling_ablation,3,342,C-Hybrid-positional,1,1,0.8933708071708679,0.4780621528625488
9889,2018-04-17,11,La Liga,1,male,Celta Vigo,Barcelona,elite,experiment3_pooling_ablation,3,342,C-Hybrid-positional,0,0,0.4668629169464111,0.4780621528625488
9912,2018-04-29,11,La Liga,1,male,RC Deportivo La Coruña,Barcelona,elite,experiment3_pooling_ablation,4,442,C-Hybrid-positional,0,0,0.2645227909088135,0.4863568544387817
9924,2018-05-06,11,La Liga,1,male,Barcelona,Real Madrid,elite,experiment3_pooling_ablation,4,442,C-Hybrid-positional,0,1,0.5635766386985779,0.4863568544387817
9928,2018-05-09,11,La Liga,1,male,Barcelona,Villarreal,elite,experiment3_pooling_ablation,4,442,C-Hybrid-positional,1,1,0.9253353476524352,0.4863568544387817
9948,2018-05-20,11,La Liga,1,male,Barcelona,Real Sociedad,elite,experiment3_pooling_ablation,4,442,C-Hybrid-positional,1,0,0.4274948537349701,0.4863568544387817
15946,2018-08-18,11,La Liga,4,male,Barcelona,Deportivo Alavés,elite,experiment3_pooling_ablation,4,442,C-Hybrid-positional,1,1,0.7973403930664062,0.4863568544387817
15956,2018-08-25,11,La Liga,4,male,Real Valladolid,Barcelona,elite,experiment3_pooling_ablation,4,442,C-Hybrid-positional,0,0,0.0696405172348022,0.4863568544387817
15978,2018-09-15,11,La Liga,4,male,Real Sociedad,Barcelona,elite,experiment3_pooling_ablation,4,442,C-Hybrid-positional,0,0,0.2115055620670318,0.4863568544387817
15998,2018-09-26,11,La Liga,4,male,Leganés,Barcelona,elite,experiment3_pooling_ablation,4,442,C-Hybrid-positional,1,0,0.1882436275482177,0.4863568544387817
16010,2018-09-29,11,La Liga,4,male,Barcelona,Athletic Club,elite,experiment3_pooling_ablation,4,442,C-Hybrid-positional,0,1,0.9085661768913268,0.4863568544387817
16023,2018-10-07,11,La Liga,4,male,Valencia,Barcelona,elite,experiment3_pooling_ablation,4,442,C-Hybrid-positional,0,0,0.2487986385822296,0.4863568544387817
16029,2018-10-20,11,La Liga,4,male,Barcelona,Sevilla,elite,experiment3_pooling_ablation,4,442,C-Hybrid-positional,1,1,0.9195375442504884,0.4863568544387817
16056,2018-11-11,11,La Liga,4,male,Barcelona,Real Betis,elite,experiment3_pooling_ablation,4,442,C-Hybrid-positional,0,1,0.9904773235321044,0.4863568544387817
16073,2018-11-24,11,La Liga,4,male,Atlético Madrid,Barcelona,elite,experiment3_pooling_ablation,4,442,C-Hybrid-positional,0,0,0.1924740821123123,0.4863568544387817
16079,2018-12-02,11,La Liga,4,male,Barcelona,Villarreal,elite,experiment3_pooling_ablation,4,442,C-Hybrid-positional,1,1,0.6254166960716248,0.4863568544387817
16086,2018-12-08,11,La Liga,4,male,Espanyol,Barcelona,elite,experiment3_pooling_ablation,4,442,C-Hybrid-positional,0,0,0.1066555082798004,0.4863568544387817
16095,2018-12-16,11,La Liga,4,male,Levante UD,Barcelona,elite,experiment3_pooling_ablation,4,442,C-Hybrid-positional,0,0,0.0546946600079536,0.4863568544387817
16109,2018-12-22,11,La Liga,4,male,Barcelona,Celta Vigo,elite,experiment3_pooling_ablation,4,442,C-Hybrid-positional,1,1,0.8016036152839661,0.4863568544387817
16120,2019-01-06,11,La Liga,4,male,Getafe,Barcelona,elite,experiment3_pooling_ablation,4,442,C-Hybrid-positional,0,0,0.3693862557411194,0.4863568544387817
16131,2019-01-13,11,La Liga,4,male,Barcelona,Eibar,elite,experiment3_pooling_ablation,4,442,C-Hybrid-positional,1,1,0.8292262554168701,0.4863568544387817
16136,2019-01-20,11,La Liga,4,male,Barcelona,Leganés,elite,experiment3_pooling_ablation,4,442,C-Hybrid-positional,1,1,0.9016616940498352,0.4863568544387817
16149,2019-01-27,11,La Liga,4,male,Girona,Barcelona,elite,experiment3_pooling_ablation,4,442,C-Hybrid-positional,0,0,0.1022849231958389,0.4863568544387817
16157,2019-02-02,11,La Liga,4,male,Barcelona,Valencia,elite,experiment3_pooling_ablation,4,442,C-Hybrid-positional,0,1,0.935075044631958,0.4863568544387817
16173,2019-02-10,11,La Liga,4,male,Athletic Club,Barcelona,elite,experiment3_pooling_ablation,4,442,C-Hybrid-positional,0,0,0.2154150903224945,0.4863568544387817
16182,2019-02-16,11,La Liga,4,male,Barcelona,Real Valladolid,elite,experiment3_pooling_ablation,4,442,C-Hybrid-positional,1,1,0.988820254802704,0.4863568544387817
16190,2019-02-23,11,La Liga,4,male,Sevilla,Barcelona,elite,experiment3_pooling_ablation,4,442,C-Hybrid-positional,0,0,0.2131195366382599,0.4863568544387817
16196,2019-03-02,11,La Liga,4,male,Real Madrid,Barcelona,elite,experiment3_pooling_ablation,4,442,C-Hybrid-positional,0,0,0.327481210231781,0.4863568544387817
16205,2019-03-09,11,La Liga,4,male,Barcelona,Rayo Vallecano,elite,experiment3_pooling_ablation,4,442,C-Hybrid-positional,1,1,0.8469688296318054,0.4863568544387817
16215,2019-03-17,11,La Liga,4,male,Real Betis,Barcelona,elite,experiment3_pooling_ablation,4,442,C-Hybrid-positional,0,0,0.151907667517662,0.4863568544387817
16231,2019-03-30,11,La Liga,4,male,Barcelona,Espanyol,elite,experiment3_pooling_ablation,4,442,C-Hybrid-positional,1,1,0.8017298579216003,0.4863568544387817
16240,2019-04-02,11,La Liga,4,male,Villarreal,Barcelona,elite,experiment3_pooling_ablation,4,442,C-Hybrid-positional,0,0,0.3916278481483459,0.4863568544387817
16248,2019-04-06,11,La Liga,4,male,Barcelona,Atlético Madrid,elite,experiment3_pooling_ablation,4,442,C-Hybrid-positional,1,1,0.6043848395347595,0.4863568544387817
16265,2019-04-20,11,La Liga,4,male,Barcelona,Real Sociedad,elite,experiment3_pooling_ablation,4,442,C-Hybrid-positional,1,1,0.6111540794372559,0.4863568544387817
16275,2019-04-23,11,La Liga,4,male,Deportivo Alavés,Barcelona,elite,experiment3_pooling_ablation,4,442,C-Hybrid-positional,0,0,0.0502973496913909,0.4863568544387817
16289,2019-04-27,11,La Liga,4,male,Barcelona,Levante UD,elite,experiment3_pooling_ablation,4,442,C-Hybrid-positional,1,1,0.7512999176979065,0.4863568544387817
16306,2019-05-12,11,La Liga,4,male,Barcelona,Getafe,elite,experiment3_pooling_ablation,4,442,C-Hybrid-positional,1,1,0.7767370343208313,0.4863568544387817
16317,2019-05-19,11,La Liga,4,male,Eibar,Barcelona,elite,experiment3_pooling_ablation,4,442,C-Hybrid-positional,0,0,0.158841073513031,0.4863568544387817
303666,2019-09-21,11,La Liga,42,male,Granada,Barcelona,elite,experiment3_pooling_ablation,4,442,C-Hybrid-positional,1,0,0.1327769607305526,0.4863568544387817
303430,2019-09-24,11,La Liga,42,male,Barcelona,Villarreal,elite,experiment3_pooling_ablation,4,442,C-Hybrid-positional,1,0,0.4732961654663086,0.4863568544387817
303473,2019-10-06,11,La Liga,42,male,Barcelona,Sevilla,elite,experiment3_pooling_ablation,4,442,C-Hybrid-positional,1,1,0.6002827286720276,0.4863568544387817
303700,2019-10-19,11,La Liga,42,male,Eibar,Barcelona,elite,experiment3_pooling_ablation,4,442,C-Hybrid-positional,0,0,0.2547581791877746,0.4863568544387817
303600,2019-10-29,11,La Liga,42,male,Barcelona,Real Valladolid,elite,experiment3_pooling_ablation,4,442,C-Hybrid-positional,1,1,0.8377325534820557,0.4863568544387817
303504,2019-11-02,11,La Liga,42,male,Levante UD,Barcelona,elite,experiment3_pooling_ablation,4,442,C-Hybrid-positional,1,0,0.1284607946872711,0.4863568544387817
303487,2019-11-09,11,La Liga,42,male,Barcelona,Celta Vigo,elite,experiment3_pooling_ablation,4,442,C-Hybrid-positional,1,1,0.8555619716644287,0.4863568544387817
303715,2019-11-23,11,La Liga,42,male,Leganés,Barcelona,elite,experiment3_pooling_ablation,4,442,C-Hybrid-positional,0,0,0.0909852534532547,0.4863568544387817
303524,2019-12-01,11,La Liga,42,male,Atlético Madrid,Barcelona,elite,experiment3_pooling_ablation,4,442,C-Hybrid-positional,0,0,0.0939949378371238,0.4863568544387817
303451,2019-12-07,11,La Liga,42,male,Barcelona,Mallorca,elite,experiment3_pooling_ablation,4,442,C-Hybrid-positional,1,1,0.9661855101585388,0.4863568544387817
303664,2019-12-14,11,La Liga,42,male,Real Sociedad,Barcelona,elite,experiment3_pooling_ablation,4,442,C-Hybrid-positional,0,0,0.1795325428247451,0.4863568544387817
303596,2019-12-18,11,La Liga,42,male,Barcelona,Real Madrid,elite,experiment3_pooling_ablation,4,442,C-Hybrid-positional,0,1,0.5219205021858215,0.4863568544387817
303517,2019-12-21,11,La Liga,42,male,Barcelona,Deportivo Alavés,elite,experiment3_pooling_ablation,4,442,C-Hybrid-positional,1,1,0.9285733103752136,0.4863568544387817
303652,2020-01-04,11,La Liga,42,male,Espanyol,Barcelona,elite,experiment3_pooling_ablation,4,442,C-Hybrid-positional,0,0,0.1888435631990432,0.4863568544387817
303610,2020-01-19,11,La Liga,42,male,Barcelona,Granada,elite,experiment3_pooling_ablation,5,542,C-Hybrid-positional,1,1,0.8676828145980835,0.4862120747566223
303400,2020-01-25,11,La Liga,42,male,Valencia,Barcelona,elite,experiment3_pooling_ablation,5,542,C-Hybrid-positional,1,0,0.3793268501758575,0.4862120747566223
303682,2020-02-02,11,La Liga,42,male,Barcelona,Levante UD,elite,experiment3_pooling_ablation,5,542,C-Hybrid-positional,1,1,0.9180687665939332,0.4862120747566223
303707,2020-02-09,11,La Liga,42,male,Real Betis,Barcelona,elite,experiment3_pooling_ablation,5,542,C-Hybrid-positional,0,1,0.5369430184364319,0.4862120747566223
303377,2020-02-15,11,La Liga,42,male,Barcelona,Getafe,elite,experiment3_pooling_ablation,5,542,C-Hybrid-positional,1,1,0.7993512153625488,0.4862120747566223
303731,2020-02-22,11,La Liga,42,male,Barcelona,Eibar,elite,experiment3_pooling_ablation,5,542,C-Hybrid-positional,1,1,0.974901795387268,0.4862120747566223
303470,2020-03-01,11,La Liga,42,male,Real Madrid,Barcelona,elite,experiment3_pooling_ablation,5,542,C-Hybrid-positional,1,1,0.526425302028656,0.4862120747566223
303479,2020-03-07,11,La Liga,42,male,Barcelona,Real Sociedad,elite,experiment3_pooling_ablation,5,542,C-Hybrid-positional,1,1,0.934812068939209,0.4862120747566223
303548,2020-06-13,11,La Liga,42,male,Mallorca,Barcelona,elite,experiment3_pooling_ablation,5,542,C-Hybrid-positional,0,0,0.1693579405546188,0.4862120747566223
303532,2020-06-16,11,La Liga,42,male,Barcelona,Leganés,elite,experiment3_pooling_ablation,5,542,C-Hybrid-positional,1,1,0.9100912809371948,0.4862120747566223
303674,2020-06-19,11,La Liga,42,male,Sevilla,Barcelona,elite,experiment3_pooling_ablation,5,542,C-Hybrid-positional,0,0,0.250748723745346,0.4862120747566223
303493,2020-06-23,11,La Liga,42,male,Barcelona,Athletic Club,elite,experiment3_pooling_ablation,5,542,C-Hybrid-positional,1,1,0.7830577492713928,0.4862120747566223
303516,2020-06-27,11,La Liga,42,male,Celta Vigo,Barcelona,elite,experiment3_pooling_ablation,5,542,C-Hybrid-positional,0,0,0.4849921464920044,0.4862120747566223
303696,2020-06-30,11,La Liga,42,male,Barcelona,Atlético Madrid,elite,experiment3_pooling_ablation,5,542,C-Hybrid-positional,0,1,0.8967164158821106,0.4862120747566223
303725,2020-07-05,11,La Liga,42,male,Villarreal,Barcelona,elite,experiment3_pooling_ablation,5,542,C-Hybrid-positional,0,0,0.2728501558303833,0.4862120747566223
303615,2020-07-08,11,La Liga,42,male,Barcelona,Espanyol,elite,experiment3_pooling_ablation,5,542,C-Hybrid-positional,1,1,0.8892976641654968,0.4862120747566223
303680,2020-07-11,11,La Liga,42,male,Real Valladolid,Barcelona,elite,experiment3_pooling_ablation,5,542,C-Hybrid-positional,0,0,0.1256814152002334,0.4862120747566223
303634,2020-07-16,11,La Liga,42,male,Barcelona,Osasuna,elite,experiment3_pooling_ablation,5,542,C-Hybrid-positional,0,1,0.946833610534668,0.4862120747566223
303421,2020-07-19,11,La Liga,42,male,Deportivo Alavés,Barcelona,elite,experiment3_pooling_ablation,5,542,C-Hybrid-positional,0,0,0.2188324332237243,0.4862120747566223
3773593,2020-09-27,11,La Liga,90,male,Barcelona,Villarreal,elite,experiment3_pooling_ablation,5,542,C-Hybrid-positional,1,1,0.9808198809623718,0.4862120747566223
3773466,2020-10-01,11,La Liga,90,male,Celta Vigo,Barcelona,elite,experiment3_pooling_ablation,5,542,C-Hybrid-positional,0,0,0.116759642958641,0.4862120747566223
3773672,2020-10-04,11,La Liga,90,male,Barcelona,Sevilla,elite,experiment3_pooling_ablation,5,542,C-Hybrid-positional,0,1,0.8848987817764282,0.4862120747566223
3773587,2020-10-17,11,La Liga,90,male,Getafe,Barcelona,elite,experiment3_pooling_ablation,5,542,C-Hybrid-positional,1,0,0.4077465236186981,0.4862120747566223
3773585,2020-10-24,11,La Liga,90,male,Barcelona,Real Madrid,elite,experiment3_pooling_ablation,5,542,C-Hybrid-positional,0,1,0.5419193506240845,0.4862120747566223
3773386,2020-10-31,11,La Liga,90,male,Deportivo Alavés,Barcelona,elite,experiment3_pooling_ablation,5,542,C-Hybrid-positional,0,1,0.6425344944000244,0.4862120747566223
3773477,2020-11-07,11,La Liga,90,male,Barcelona,Real Betis,elite,experiment3_pooling_ablation,5,542,C-Hybrid-positional,1,1,0.9805715084075928,0.4862120747566223
3773656,2020-11-21,11,La Liga,90,male,Atlético Madrid,Barcelona,elite,experiment3_pooling_ablation,5,542,C-Hybrid-positional,1,0,0.328177809715271,0.4862120747566223
3773547,2020-11-29,11,La Liga,90,male,Barcelona,Osasuna,elite,experiment3_pooling_ablation,5,542,C-Hybrid-positional,1,1,0.9946696162223816,0.4862120747566223
3773660,2020-12-13,11,La Liga,90,male,Barcelona,Levante UD,elite,experiment3_pooling_ablation,5,542,C-Hybrid-positional,1,1,0.9431793689727784,0.4862120747566223
3773523,2020-12-16,11,La Liga,90,male,Barcelona,Real Sociedad,elite,experiment3_pooling_ablation,5,542,C-Hybrid-positional,1,1,0.9639277458190918,0.4862120747566223
3773377,2020-12-19,11,La Liga,90,male,Barcelona,Valencia,elite,experiment3_pooling_ablation,5,542,C-Hybrid-positional,0,1,0.9870175719261168,0.4862120747566223
3773571,2020-12-22,11,La Liga,90,male,Real Valladolid,Barcelona,elite,experiment3_pooling_ablation,5,542,C-Hybrid-positional,0,0,0.0966743230819702,0.4862120747566223
3764661,2021-01-06,11,La Liga,90,male,Athletic Club,Barcelona,elite,experiment3_pooling_ablation,5,542,C-Hybrid-positional,0,0,0.1437096744775772,0.4862120747566223
3773565,2021-01-09,11,La Liga,90,male,Granada,Barcelona,elite,experiment3_pooling_ablation,5,542,C-Hybrid-positional,0,0,0.0913659855723381,0.4862120747566223
3773403,2021-01-31,11,La Liga,90,male,Barcelona,Athletic Club,elite,experiment3_pooling_ablation,5,542,C-Hybrid-positional,1,1,0.87879878282547,0.4862120747566223
3773631,2021-02-07,11,La Liga,90,male,Real Betis,Barcelona,elite,experiment3_pooling_ablation,5,542,C-Hybrid-positional,0,0,0.3201853334903717,0.4862120747566223
3773526,2021-02-13,11,La Liga,90,male,Barcelona,Deportivo Alavés,elite,experiment3_pooling_ablation,5,542,C-Hybrid-positional,1,1,0.95640367269516,0.4862120747566223
3764440,2021-02-24,11,La Liga,90,male,Barcelona,Elche,elite,experiment3_pooling_ablation,5,542,C-Hybrid-positional,1,1,0.9618736505508424,0.4862120747566223
3773625,2021-02-27,11,La Liga,90,male,Sevilla,Barcelona,elite,experiment3_pooling_ablation,5,542,C-Hybrid-positional,0,0,0.1383878886699676,0.4862120747566223
3773665,2021-03-06,11,La Liga,90,male,Osasuna,Barcelona,elite,experiment3_pooling_ablation,5,542,C-Hybrid-positional,0,0,0.2238952070474624,0.4862120747566223
3773597,2021-03-21,11,La Liga,90,male,Real Sociedad,Barcelona,elite,experiment3_pooling_ablation,5,542,C-Hybrid-positional,0,0,0.4112839996814728,0.4862120747566223
3773474,2021-04-05,11,La Liga,90,male,Barcelona,Real Valladolid,elite,experiment3_pooling_ablation,5,542,C-Hybrid-positional,1,1,0.8929747939109802,0.4862120747566223
3773497,2021-04-10,11,La Liga,90,male,Real Madrid,Barcelona,elite,experiment3_pooling_ablation,5,542,C-Hybrid-positional,1,0,0.4162526428699493,0.4862120747566223
3773661,2021-04-22,11,La Liga,90,male,Barcelona,Getafe,elite,experiment3_pooling_ablation,5,542,C-Hybrid-positional,1,1,0.8646382689476013,0.4862120747566223
3773689,2021-04-25,11,La Liga,90,male,Villarreal,Barcelona,elite,experiment3_pooling_ablation,5,542,C-Hybrid-positional,0,0,0.2411727607250213,0.4862120747566223
3773586,2021-04-29,11,La Liga,90,male,Barcelona,Granada,elite,experiment3_pooling_ablation,5,542,C-Hybrid-positional,0,1,0.8306352496147156,0.4862120747566223
3773695,2021-05-02,11,La Liga,90,male,Valencia,Barcelona,elite,experiment3_pooling_ablation,5,542,C-Hybrid-positional,0,0,0.3931531012058258,0.4862120747566223
3773372,2021-05-08,11,La Liga,90,male,Barcelona,Atlético Madrid,elite,experiment3_pooling_ablation,5,542,C-Hybrid-positional,0,1,0.6494070291519165,0.4862120747566223
3773387,2021-05-11,11,La Liga,90,male,Levante UD,Barcelona,elite,experiment3_pooling_ablation,5,542,C-Hybrid-positional,0,0,0.2120658457279205,0.4862120747566223
3773457,2021-05-16,11,La Liga,90,male,Barcelona,Celta Vigo,elite,experiment3_pooling_ablation,5,542,C-Hybrid-positional,0,1,0.8383553624153137,0.4862120747566223
3825637,2015-10-25,11,La Liga,27,male,Barcelona,Eibar,elite,experiment3_pooling_ablation,1,142,B-GNN-globalmean,1,0,0.47263723611831665,
3825638,2015-10-25,11,La Liga,27,male,Atlético Madrid,Valencia,elite,experiment3_pooling_ablation,1,142,B-GNN-globalmean,1,0,0.45716091990470886,
3825639,2015-10-25,11,La Liga,27,male,Las Palmas,Villarreal,elite,experiment3_pooling_ablation,1,142,B-GNN-globalmean,0,0,0.4658750593662262,
3825640,2015-10-25,11,La Liga,27,male,Levante UD,Real Sociedad,elite,experiment3_pooling_ablation,1,142,B-GNN-globalmean,0,0,0.4426824748516083,
3825641,2015-10-26,11,La Liga,27,male,Athletic Club,Sporting Gijón,elite,experiment3_pooling_ablation,1,142,B-GNN-globalmean,1,0,0.4567995071411133,
3825642,2015-10-30,11,La Liga,27,male,RC Deportivo La Coruña,Atlético Madrid,elite,experiment3_pooling_ablation,1,142,B-GNN-globalmean,0,0,0.45345473289489746,
3825643,2015-10-31,11,La Liga,27,male,Real Madrid,Las Palmas,elite,experiment3_pooling_ablation,1,142,B-GNN-globalmean,1,0,0.4820104241371155,
3825644,2015-10-31,11,La Liga,27,male,Real Sociedad,Celta Vigo,elite,experiment3_pooling_ablation,1,142,B-GNN-globalmean,0,0,0.44124922156333923,
3825645,2015-10-31,11,La Liga,27,male,Getafe,Barcelona,elite,experiment3_pooling_ablation,1,142,B-GNN-globalmean,0,0,0.4290587902069092,
3825646,2015-10-31,11,La Liga,27,male,Villarreal,Sevilla,elite,experiment3_pooling_ablation,1,142,B-GNN-globalmean,1,0,0.45170149207115173,
3825647,2015-10-31,11,La Liga,27,male,Valencia,Levante UD,elite,experiment3_pooling_ablation,1,142,B-GNN-globalmean,1,0,0.4546031951904297,
3825648,2015-11-01,11,La Liga,27,male,Eibar,Rayo Vallecano,elite,experiment3_pooling_ablation,1,142,B-GNN-globalmean,1,0,0.42997267842292786,
3825649,2015-11-01,11,La Liga,27,male,Sporting Gijón,Málaga,elite,experiment3_pooling_ablation,1,142,B-GNN-globalmean,1,0,0.43272823095321655,
3825650,2015-11-01,11,La Liga,27,male,Real Betis,Athletic Club,elite,experiment3_pooling_ablation,1,142,B-GNN-globalmean,0,0,0.44961729645729065,
3825651,2015-11-01,11,La Liga,27,male,Espanyol,Granada,elite,experiment3_pooling_ablation,1,142,B-GNN-globalmean,0,0,0.4379563331604004,
3825652,2015-11-06,11,La Liga,27,male,Las Palmas,Real Sociedad,elite,experiment3_pooling_ablation,1,142,B-GNN-globalmean,1,0,0.4454798698425293,
3825653,2015-11-07,11,La Liga,27,male,Eibar,Getafe,elite,experiment3_pooling_ablation,1,142,B-GNN-globalmean,1,0,0.44147416949272156,
3825654,2015-11-07,11,La Liga,27,male,Celta Vigo,Valencia,elite,experiment3_pooling_ablation,1,142,B-GNN-globalmean,0,0,0.4531884491443634,
3825655,2015-11-07,11,La Liga,27,male,Rayo Vallecano,Granada,elite,experiment3_pooling_ablation,1,142,B-GNN-globalmean,1,0,0.43554043769836426,
3825656,2015-11-07,11,La Liga,27,male,Levante UD,RC Deportivo La Coruña,elite,experiment3_pooling_ablation,1,142,B-GNN-globalmean,0,0,0.450956255197525,
3825657,2015-11-07,11,La Liga,27,male,Málaga,Real Betis,elite,experiment3_pooling_ablation,1,142,B-GNN-globalmean,0,0,0.4460299015045166,
3825658,2015-11-08,11,La Liga,27,male,Atlético Madrid,Sporting Gijón,elite,experiment3_pooling_ablation,1,142,B-GNN-globalmean,1,0,0.4762607216835022,
3825659,2015-11-08,11,La Liga,27,male,Athletic Club,Espanyol,elite,experiment3_pooling_ablation,1,142,B-GNN-globalmean,1,0,0.4306999742984772,
3825660,2015-11-08,11,La Liga,27,male,Barcelona,Villarreal,elite,experiment3_pooling_ablation,1,142,B-GNN-globalmean,1,0,0.49082300066947937,
3825661,2015-11-08,11,La Liga,27,male,Sevilla,Real Madrid,elite,experiment3_pooling_ablation,1,142,B-GNN-globalmean,1,0,0.45732808113098145,
266424,2015-11-21,11,La Liga,27,male,Real Madrid,Barcelona,elite,experiment3_pooling_ablation,1,142,B-GNN-globalmean,0,0,0.4555365741252899,
3825662,2015-11-21,11,La Liga,27,male,RC Deportivo La Coruña,Celta Vigo,elite,experiment3_pooling_ablation,1,142,B-GNN-globalmean,1,0,0.4308468997478485,
3825663,2015-11-21,11,La Liga,27,male,Espanyol,Málaga,elite,experiment3_pooling_ablation,1,142,B-GNN-globalmean,1,0,0.43482843041419983,
3825664,2015-11-21,11,La Liga,27,male,Real Sociedad,Sevilla,elite,experiment3_pooling_ablation,1,142,B-GNN-globalmean,1,0,0.46078476309776306,
3825888,2015-11-21,11,La Liga,27,male,Valencia,Las Palmas,elite,experiment3_pooling_ablation,1,142,B-GNN-globalmean,0,0,0.4409398138523102,
3825665,2015-11-22,11,La Liga,27,male,Granada,Athletic Club,elite,experiment3_pooling_ablation,1,142,B-GNN-globalmean,1,0,0.4247211813926697,
3825666,2015-11-22,11,La Liga,27,male,Real Betis,Atlético Madrid,elite,experiment3_pooling_ablation,1,142,B-GNN-globalmean,0,0,0.4508236348628998,
3825667,2015-11-22,11,La Liga,27,male,Villarreal,Eibar,elite,experiment3_pooling_ablation,1,142,B-GNN-globalmean,0,0,0.4633456766605377,
3825668,2015-11-22,11,La Liga,27,male,Sporting Gijón,Levante UD,elite,experiment3_pooling_ablation,1,142,B-GNN-globalmean,0,0,0.4493405222892761,
3825669,2015-11-23,11,La Liga,27,male,Getafe,Rayo Vallecano,elite,experiment3_pooling_ablation,1,142,B-GNN-globalmean,0,0,0.43192991614341736,
3825670,2015-11-27,11,La Liga,27,male,Levante UD,Real Betis,elite,experiment3_pooling_ablation,1,142,B-GNN-globalmean,0,0,0.45853736996650696,
266885,2015-11-28,11,La Liga,27,male,Barcelona,Real Sociedad,elite,experiment3_pooling_ablation,1,142,B-GNN-globalmean,1,0,0.4626862704753876,
3825671,2015-11-28,11,La Liga,27,male,Celta Vigo,Sporting Gijón,elite,experiment3_pooling_ablation,1,142,B-GNN-globalmean,1,0,0.4713452458381653,
3825672,2015-11-28,11,La Liga,27,male,Málaga,Granada,elite,experiment3_pooling_ablation,1,142,B-GNN-globalmean,0,0,0.4323112368583679,
3825673,2015-11-28,11,La Liga,27,male,Las Palmas,RC Deportivo La Coruña,elite,experiment3_pooling_ablation,1,142,B-GNN-globalmean,0,0,0.4767073392868042,
3825674,2015-11-28,11,La Liga,27,male,Atlético Madrid,Espanyol,elite,experiment3_pooling_ablation,1,142,B-GNN-globalmean,1,0,0.4653818607330322,
3825675,2015-11-29,11,La Liga,27,male,Rayo Vallecano,Athletic Club,elite,experiment3_pooling_ablation,1,142,B-GNN-globalmean,0,0,0.46208450198173523,
3825676,2015-11-29,11,La Liga,27,male,Getafe,Villarreal,elite,experiment3_pooling_ablation,1,142,B-GNN-globalmean,1,0,0.4342018961906433,
3825677,2015-11-29,11,La Liga,27,male,Sevilla,Valencia,elite,experiment3_pooling_ablation,1,142,B-GNN-globalmean,1,0,0.46901100873947144,
3825678,2015-11-29,11,La Liga,27,male,Eibar,Real Madrid,elite,experiment3_pooling_ablation,1,142,B-GNN-globalmean,0,0,0.4360906481742859,
267274,2015-12-05,11,La Liga,27,male,Valencia,Barcelona,elite,experiment3_pooling_ablation,1,142,B-GNN-globalmean,0,0,0.4332621097564697,
3825679,2015-12-05,11,La Liga,27,male,Real Betis,Celta Vigo,elite,experiment3_pooling_ablation,1,142,B-GNN-globalmean,0,0,0.45925503969192505,
3825680,2015-12-05,11,La Liga,27,male,RC Deportivo La Coruña,Sevilla,elite,experiment3_pooling_ablation,1,142,B-GNN-globalmean,0,0,0.4338790476322174,
3825681,2015-12-05,11,La Liga,27,male,Real Madrid,Getafe,elite,experiment3_pooling_ablation,1,142,B-GNN-globalmean,1,0,0.49251866340637207,
3825682,2015-12-05,11,La Liga,27,male,Granada,Atlético Madrid,elite,experiment3_pooling_ablation,1,142,B-GNN-globalmean,0,0,0.4552976191043854,
3825683,2015-12-06,11,La Liga,27,male,Real Sociedad,Eibar,elite,experiment3_pooling_ablation,1,142,B-GNN-globalmean,1,0,0.45966029167175293,
3825684,2015-12-06,11,La Liga,27,male,Villarreal,Rayo Vallecano,elite,experiment3_pooling_ablation,1,142,B-GNN-globalmean,1,0,0.4424612522125244,
3825685,2015-12-06,11,La Liga,27,male,Sporting Gijón,Las Palmas,elite,experiment3_pooling_ablation,1,142,B-GNN-globalmean,1,0,0.43847349286079407,
3825686,2015-12-06,11,La Liga,27,male,Athletic Club,Málaga,elite,experiment3_pooling_ablation,1,142,B-GNN-globalmean,0,0,0.44158557057380676,
3825687,2015-12-07,11,La Liga,27,male,Espanyol,Levante UD,elite,experiment3_pooling_ablation,1,142,B-GNN-globalmean,0,0,0.4485335648059845,
3825688,2015-12-11,11,La Liga,27,male,Getafe,Real Sociedad,elite,experiment3_pooling_ablation,1,142,B-GNN-globalmean,0,0,0.43353474140167236,
266961,2015-12-12,11,La Liga,27,male,Barcelona,RC Deportivo La Coruña,elite,experiment3_pooling_ablation,1,142,B-GNN-globalmean,0,0,0.496095210313797,
3825689,2015-12-12,11,La Liga,27,male,Celta Vigo,Espanyol,elite,experiment3_pooling_ablation,1,142,B-GNN-globalmean,1,0,0.4491424560546875,
3825690,2015-12-12,11,La Liga,27,male,Las Palmas,Real Betis,elite,experiment3_pooling_ablation,1,142,B-GNN-globalmean,1,0,0.4706501364707947,
3825691,2015-12-12,11,La Liga,27,male,Levante UD,Granada,elite,experiment3_pooling_ablation,1,142,B-GNN-globalmean,0,0,0.44121453166007996,
3825692,2015-12-12,11,La Liga,27,male,Sevilla,Sporting Gijón,elite,experiment3_pooling_ablation,1,142,B-GNN-globalmean,1,0,0.4777434170246124,
3825693,2015-12-13,11,La Liga,27,male,Atlético Madrid,Athletic Club,elite,experiment3_pooling_ablation,1,142,B-GNN-globalmean,1,0,0.4496915936470032,
3825694,2015-12-13,11,La Liga,27,male,Eibar,Valencia,elite,experiment3_pooling_ablation,1,142,B-GNN-globalmean,0,0,0.44402050971984863,
3825695,2015-12-13,11,La Liga,27,male,Villarreal,Real Madrid,elite,experiment3_pooling_ablation,1,142,B-GNN-globalmean,1,0,0.4378507137298584,
3825696,2015-12-13,11,La Liga,27,male,Rayo Vallecano,Málaga,elite,experiment3_pooling_ablation,1,142,B-GNN-globalmean,0,0,0.4398423731327057,
3825697,2015-12-19,11,La Liga,27,male,Valencia,Getafe,elite,experiment3_pooling_ablation,1,142,B-GNN-globalmean,0,0,0.46766573190689087,
3825698,2015-12-19,11,La Liga,27,male,RC Deportivo La Coruña,Eibar,elite,experiment3_pooling_ablation,1,142,B-GNN-globalmean,1,0,0.4472959339618683,
3825699,2015-12-19,11,La Liga,27,male,Real Betis,Sevilla,elite,experiment3_pooling_ablation,1,142,B-GNN-globalmean,0,0,0.4344958961009979,
3825891,2015-12-19,11,La Liga,27,male,Espanyol,Las Palmas,elite,experiment3_pooling_ablation,1,142,B-GNN-globalmean,1,0,0.44413912296295166,
3825700,2015-12-20,11,La Liga,27,male,Real Madrid,Rayo Vallecano,elite,experiment3_pooling_ablation,1,142,B-GNN-globalmean,1,0,0.4676252007484436,
3825701,2015-12-20,11,La Liga,27,male,Málaga,Atlético Madrid,elite,experiment3_pooling_ablation,1,142,B-GNN-globalmean,1,0,0.46207860112190247,
3825702,2015-12-20,11,La Liga,27,male,Real Sociedad,Villarreal,elite,experiment3_pooling_ablation,1,142,B-GNN-globalmean,0,0,0.4797312319278717,
3825703,2015-12-20,11,La Liga,27,male,Athletic Club,Levante UD,elite,experiment3_pooling_ablation,1,142,B-GNN-globalmean,1,0,0.4530065357685089,
3825704,2015-12-20,11,La Liga,27,male,Granada,Celta Vigo,elite,experiment3_pooling_ablation,1,142,B-GNN-globalmean,0,0,0.4424459636211395,
267327,2015-12-30,11,La Liga,27,male,Barcelona,Real Betis,elite,experiment3_pooling_ablation,1,142,B-GNN-globalmean,1,0,0.47046318650245667,
3825705,2015-12-30,11,La Liga,27,male,Eibar,Sporting Gijón,elite,experiment3_pooling_ablation,1,142,B-GNN-globalmean,1,0,0.4374443292617798,
3825706,2015-12-30,11,La Liga,27,male,Celta Vigo,Athletic Club,elite,experiment3_pooling_ablation,1,142,B-GNN-globalmean,0,0,0.4672239124774933,
3825707,2015-12-30,11,La Liga,27,male,Las Palmas,Granada,elite,experiment3_pooling_ablation,1,142,B-GNN-globalmean,1,0,0.4609440565109253,
3825708,2015-12-30,11,La Liga,27,male,Levante UD,Málaga,elite,experiment3_pooling_ablation,1,142,B-GNN-globalmean,0,0,0.4343157112598419,
3825709,2015-12-30,11,La Liga,27,male,Sevilla,Espanyol,elite,experiment3_pooling_ablation,1,142,B-GNN-globalmean,1,0,0.44669777154922485,
3825710,2015-12-30,11,La Liga,27,male,Real Madrid,Real Sociedad,elite,experiment3_pooling_ablation,1,142,B-GNN-globalmean,1,0,0.4658668339252472,
3825711,2015-12-30,11,La Liga,27,male,Rayo Vallecano,Atlético Madrid,elite,experiment3_pooling_ablation,1,142,B-GNN-globalmean,0,0,0.45098209381103516,
3825712,2015-12-30,11,La Liga,27,male,Getafe,RC Deportivo La Coruña,elite,experiment3_pooling_ablation,1,142,B-GNN-globalmean,0,0,0.4467361271381378,
3825713,2015-12-31,11,La Liga,27,male,Villarreal,Valencia,elite,experiment3_pooling_ablation,1,142,B-GNN-globalmean,1,0,0.44720950722694397,
266670,2016-01-02,11,La Liga,27,male,Espanyol,Barcelona,elite,experiment3_pooling_ablation,1,142,B-GNN-globalmean,0,0,0.4251865744590759,
3825714,2016-01-02,11,La Liga,27,male,Atlético Madrid,Levante UD,elite,experiment3_pooling_ablation,1,142,B-GNN-globalmean,1,0,0.4588344395160675,
3825715,2016-01-02,11,La Liga,27,male,Málaga,Celta Vigo,elite,experiment3_pooling_ablation,1,142,B-GNN-globalmean,1,0,0.44432273507118225,
3825716,2016-01-03,11,La Liga,27,male,Rayo Vallecano,Real Sociedad,elite,experiment3_pooling_ablation,1,142,B-GNN-globalmean,0,0,0.42986956238746643,
3825717,2016-01-03,11,La Liga,27,male,Granada,Sevilla,elite,experiment3_pooling_ablation,1,142,B-GNN-globalmean,1,0,0.4348236322402954,
3825718,2016-01-03,11,La Liga,27,male,Valencia,Real Madrid,elite,experiment3_pooling_ablation,1,142,B-GNN-globalmean,0,0,0.4639713168144226,
3825719,2016-01-03,11,La Liga,27,male,Athletic Club,Las Palmas,elite,experiment3_pooling_ablation,1,142,B-GNN-globalmean,0,0,0.4386906027793884,
3825720,2016-01-03,11,La Liga,27,male,Real Betis,Eibar,elite,experiment3_pooling_ablation,1,142,B-GNN-globalmean,0,0,0.4566466510295868,
3825721,2016-01-03,11,La Liga,27,male,RC Deportivo La Coruña,Villarreal,elite,experiment3_pooling_ablation,1,142,B-GNN-globalmean,0,0,0.4550643265247345,
3825722,2016-01-04,11,La Liga,27,male,Sporting Gijón,Getafe,elite,experiment3_pooling_ablation,1,142,B-GNN-globalmean,0,0,0.441234827041626,
266620,2016-01-09,11,La Liga,27,male,Barcelona,Granada,elite,experiment3_pooling_ablation,1,142,B-GNN-globalmean,1,0,0.48584771156311035,
3825723,2016-01-09,11,La Liga,27,male,Levante UD,Rayo Vallecano,elite,experiment3_pooling_ablation,1,142,B-GNN-globalmean,1,0,0.4307021498680115,
3825724,2016-01-09,11,La Liga,27,male,Real Madrid,RC Deportivo La Coruña,elite,experiment3_pooling_ablation,1,142,B-GNN-globalmean,1,0,0.47315987944602966,
3825725,2016-01-09,11,La Liga,27,male,Getafe,Real Betis,elite,experiment3_pooling_ablation,1,142,B-GNN-globalmean,1,0,0.4471288025379181,
3825726,2016-01-09,11,La Liga,27,male,Sevilla,Athletic Club,elite,experiment3_pooling_ablation,1,142,B-GNN-globalmean,1,0,0.44563233852386475,
3825727,2016-01-10,11,La Liga,27,male,Eibar,Espanyol,elite,experiment3_pooling_ablation,1,142,B-GNN-globalmean,1,0,0.44990700483322144,
3825728,2016-01-10,11,La Liga,27,male,Celta Vigo,Atlético Madrid,elite,experiment3_pooling_ablation,1,142,B-GNN-globalmean,0,0,0.46594205498695374,
3825729,2016-01-10,11,La Liga,27,male,Villarreal,Sporting Gijón,elite,experiment3_pooling_ablation,1,142,B-GNN-globalmean,1,0,0.4517327547073364,
3825730,2016-01-10,11,La Liga,27,male,Real Sociedad,Valencia,elite,experiment3_pooling_ablation,1,142,B-GNN-globalmean,1,0,0.457300066947937,
3825731,2016-01-10,11,La Liga,27,male,Las Palmas,Málaga,elite,experiment3_pooling_ablation,1,142,B-GNN-globalmean,0,0,0.4640348255634308,
3825732,2016-01-16,11,La Liga,27,male,Celta Vigo,Levante UD,elite,experiment3_pooling_ablation,1,142,B-GNN-globalmean,1,0,0.47023653984069824,
3825733,2016-01-16,11,La Liga,27,male,Sevilla,Málaga,elite,experiment3_pooling_ablation,1,142,B-GNN-globalmean,1,0,0.4468393325805664,
3825734,2016-01-16,11,La Liga,27,male,Real Sociedad,RC Deportivo La Coruña,elite,experiment3_pooling_ablation,1,142,B-GNN-globalmean,0,0,0.47956985235214233,
3825735,2016-01-16,11,La Liga,27,male,Villarreal,Real Betis,elite,experiment3_pooling_ablation,1,142,B-GNN-globalmean,0,0,0.4628126323223114,
266149,2016-01-17,11,La Liga,27,male,Barcelona,Athletic Club,elite,experiment3_pooling_ablation,1,142,B-GNN-globalmean,1,0,0.4900215268135071,
3825736,2016-01-17,11,La Liga,27,male,Valencia,Rayo Vallecano,elite,experiment3_pooling_ablation,1,142,B-GNN-globalmean,0,0,0.4465092420578003,
3825737,2016-01-17,11,La Liga,27,male,Getafe,Espanyol,elite,experiment3_pooling_ablation,1,142,B-GNN-globalmean,1,0,0.4445882737636566,
3825738,2016-01-17,11,La Liga,27,male,Las Palmas,Atlético Madrid,elite,experiment3_pooling_ablation,1,142,B-GNN-globalmean,0,0,0.48338502645492554,
3825739,2016-01-17,11,La Liga,27,male,Real Madrid,Sporting Gijón,elite,experiment3_pooling_ablation,1,142,B-GNN-globalmean,1,1,0.5099411010742188,
3825740,2016-01-18,11,La Liga,27,male,Eibar,Granada,elite,experiment3_pooling_ablation,1,142,B-GNN-globalmean,1,0,0.44127246737480164,
3825741,2016-01-22,11,La Liga,27,male,Sporting Gijón,Real Sociedad,elite,experiment3_pooling_ablation,1,142,B-GNN-globalmean,1,0,0.44751426577568054,
265894,2016-01-23,11,La Liga,27,male,Málaga,Barcelona,elite,experiment3_pooling_ablation,1,142,B-GNN-globalmean,0,0,0.43097999691963196,
3825742,2016-01-23,11,La Liga,27,male,Granada,Getafe,elite,experiment3_pooling_ablation,1,142,B-GNN-globalmean,1,0,0.45399704575538635,
3825743,2016-01-23,11,La Liga,27,male,Rayo Vallecano,Celta Vigo,elite,experiment3_pooling_ablation,1,142,B-GNN-globalmean,1,0,0.44517722725868225,
3825744,2016-01-23,11,La Liga,27,male,Espanyol,Villarreal,elite,experiment3_pooling_ablation,1,142,B-GNN-globalmean,0,0,0.446494996547699,
3825745,2016-01-24,11,La Liga,27,male,RC Deportivo La Coruña,Valencia,elite,experiment3_pooling_ablation,1,142,B-GNN-globalmean,0,0,0.4456155598163605,
3825746,2016-01-24,11,La Liga,27,male,Real Betis,Real Madrid,elite,experiment3_pooling_ablation,1,142,B-GNN-globalmean,0,0,0.4342970550060272,
3825747,2016-01-24,11,La Liga,27,male,Athletic Club,Eibar,elite,experiment3_pooling_ablation,1,142,B-GNN-globalmean,1,0,0.4451499879360199,
3825748,2016-01-24,11,La Liga,27,male,Atlético Madrid,Sevilla,elite,experiment3_pooling_ablation,1,142,B-GNN-globalmean,0,0,0.47222110629081726,
3825749,2016-01-25,11,La Liga,27,male,Levante UD,Las Palmas,elite,experiment3_pooling_ablation,1,142,B-GNN-globalmean,1,0,0.4307114779949188,
267576,2016-01-30,11,La Liga,27,male,Barcelona,Atlético Madrid,elite,experiment3_pooling_ablation,1,142,B-GNN-globalmean,1,0,0.4911767244338989,
3825750,2016-01-30,11,La Liga,27,male,Real Sociedad,Real Betis,elite,experiment3_pooling_ablation,1,142,B-GNN-globalmean,1,0,0.4477579593658447,
3825751,2016-01-30,11,La Liga,27,male,Getafe,Athletic Club,elite,experiment3_pooling_ablation,1,142,B-GNN-globalmean,0,0,0.4453374743461609,
3825752,2016-01-30,11,La Liga,27,male,Eibar,Málaga,elite,experiment3_pooling_ablation,1,142,B-GNN-globalmean,0,0,0.44443434476852417,
3825753,2016-01-30,11,La Liga,27,male,Villarreal,Granada,elite,experiment3_pooling_ablation,1,142,B-GNN-globalmean,1,0,0.460569828748703,
3825754,2016-01-31,11,La Liga,27,male,Las Palmas,Celta Vigo,elite,experiment3_pooling_ablation,1,142,B-GNN-globalmean,1,0,0.4563474655151367,
3825755,2016-01-31,11,La Liga,27,male,Valencia,Sporting Gijón,elite,experiment3_pooling_ablation,1,142,B-GNN-globalmean,0,0,0.4611528515815735,
3825756,2016-01-31,11,La Liga,27,male,Sevilla,Levante UD,elite,experiment3_pooling_ablation,1,142,B-GNN-globalmean,1,0,0.4521421492099762,
3825757,2016-01-31,11,La Liga,27,male,Real Madrid,Espanyol,elite,experiment3_pooling_ablation,1,142,B-GNN-globalmean,1,0,0.48914965987205505,
3825758,2016-02-01,11,La Liga,27,male,RC Deportivo La Coruña,Rayo Vallecano,elite,experiment3_pooling_ablation,1,142,B-GNN-globalmean,0,0,0.4487300515174866,
3825759,2016-02-05,11,La Liga,27,male,Málaga,Getafe,elite,experiment3_pooling_ablation,1,142,B-GNN-globalmean,1,0,0.44557714462280273,
3825760,2016-02-06,11,La Liga,27,male,Atlético Madrid,Eibar,elite,experiment3_pooling_ablation,1,142,B-GNN-globalmean,1,0,0.4431081712245941,
3825761,2016-02-06,11,La Liga,27,male,Athletic Club,Villarreal,elite,experiment3_pooling_ablation,1,142,B-GNN-globalmean,0,0,0.46465709805488586,
3825762,2016-02-06,11,La Liga,27,male,Sporting Gijón,RC Deportivo La Coruña,elite,experiment3_pooling_ablation,1,142,B-GNN-globalmean,0,0,0.44151389598846436,
3825763,2016-02-06,11,La Liga,27,male,Rayo Vallecano,Las Palmas,elite,experiment3_pooling_ablation,1,142,B-GNN-globalmean,1,0,0.4504668712615967,
266160,2016-02-07,11,La Liga,27,male,Levante UD,Barcelona,elite,experiment3_pooling_ablation,1,142,B-GNN-globalmean,0,0,0.43494242429733276,
3825764,2016-02-07,11,La Liga,27,male,Granada,Real Madrid,elite,experiment3_pooling_ablation,1,142,B-GNN-globalmean,0,0,0.4455510973930359,
3825765,2016-02-07,11,La Liga,27,male,Celta Vigo,Sevilla,elite,experiment3_pooling_ablation,1,142,B-GNN-globalmean,0,0,0.4908140301704407,
3825766,2016-02-07,11,La Liga,27,male,Real Betis,Valencia,elite,experiment3_pooling_ablation,1,142,B-GNN-globalmean,1,0,0.4342408776283264,
3825767,2016-02-08,11,La Liga,27,male,Espanyol,Real Sociedad,elite,experiment3_pooling_ablation,1,142,B-GNN-globalmean,0,0,0.45908036828041077,
3825768,2016-02-12,11,La Liga,27,male,Sporting Gijón,Rayo Vallecano,elite,experiment3_pooling_ablation,1,142,B-GNN-globalmean,0,0,0.43682539463043213,
3825769,2016-02-13,11,La Liga,27,male,Villarreal,Málaga,elite,experiment3_pooling_ablation,1,142,B-GNN-globalmean,1,0,0.4525073170661926,
3825770,2016-02-13,11,La Liga,27,male,Real Madrid,Athletic Club,elite,experiment3_pooling_ablation,1,142,B-GNN-globalmean,1,0,0.47722071409225464,
3825771,2016-02-13,11,La Liga,27,male,RC Deportivo La Coruña,Real Betis,elite,experiment3_pooling_ablation,1,142,B-GNN-globalmean,0,0,0.4474413990974426,
3825772,2016-02-13,11,La Liga,27,male,Valencia,Espanyol,elite,experiment3_pooling_ablation,1,142,B-GNN-globalmean,1,0,0.45561912655830383,
266254,2016-02-14,11,La Liga,27,male,Barcelona,Celta Vigo,elite,experiment3_pooling_ablation,1,142,B-GNN-globalmean,1,0,0.46965792775154114,
3825773,2016-02-14,11,La Liga,27,male,Eibar,Levante UD,elite,experiment3_pooling_ablation,1,142,B-GNN-globalmean,1,0,0.4526643455028534,
3825774,2016-02-14,11,La Liga,27,male,Getafe,Atlético Madrid,elite,experiment3_pooling_ablation,1,142,B-GNN-globalmean,0,0,0.48179498314857483,
3825775,2016-02-14,11,La Liga,27,male,Real Sociedad,Granada,elite,experiment3_pooling_ablation,1,142,B-GNN-globalmean,1,0,0.4442042410373688,
3825776,2016-02-14,11,La Liga,27,male,Sevilla,Las Palmas,elite,experiment3_pooling_ablation,1,142,B-GNN-globalmean,1,0,0.4575294554233551,
266815,2016-02-17,11,La Liga,27,male,Sporting Gijón,Barcelona,elite,experiment3_pooling_ablation,1,142,B-GNN-globalmean,0,0,0.425413578748703,
3825777,2016-02-19,11,La Liga,27,male,Levante UD,Getafe,elite,experiment3_pooling_ablation,1,142,B-GNN-globalmean,1,0,0.44245830178260803,
267273,2016-02-20,11,La Liga,27,male,Las Palmas,Barcelona,elite,experiment3_pooling_ablation,1,142,B-GNN-globalmean,0,0,0.46116435527801514,
3825778,2016-02-20,11,La Liga,27,male,Real Betis,Sporting Gijón,elite,experiment3_pooling_ablation,1,142,B-GNN-globalmean,0,0,0.4552208483219147,
3825779,2016-02-20,11,La Liga,27,male,Celta Vigo,Eibar,elite,experiment3_pooling_ablation,1,142,B-GNN-globalmean,1,0,0.4709455966949463,
3825780,2016-02-20,11,La Liga,27,male,Espanyol,RC Deportivo La Coruña,elite,experiment3_pooling_ablation,1,142,B-GNN-globalmean,1,0,0.4394893944263458,
3825781,2016-02-21,11,La Liga,27,male,Rayo Vallecano,Sevilla,elite,experiment3_pooling_ablation,1,142,B-GNN-globalmean,0,0,0.45025700330734253,
3825782,2016-02-21,11,La Liga,27,male,Granada,Valencia,elite,experiment3_pooling_ablation,1,142,B-GNN-globalmean,0,0,0.460002064704895,
3825783,2016-02-21,11,La Liga,27,male,Athletic Club,Real Sociedad,elite,experiment3_pooling_ablation,1,142,B-GNN-globalmean,0,0,0.44873395562171936,
3825784,2016-02-21,11,La Liga,27,male,Atlético Madrid,Villarreal,elite,experiment3_pooling_ablation,1,142,B-GNN-globalmean,0,0,0.4665825068950653,
3825785,2016-02-21,11,La Liga,27,male,Málaga,Real Madrid,elite,experiment3_pooling_ablation,1,142,B-GNN-globalmean,0,0,0.4340188205242157,
3825786,2016-02-26,11,La Liga,27,male,Eibar,Las Palmas,elite,experiment3_pooling_ablation,1,142,B-GNN-globalmean,0,0,0.44544467329978943,
3825637,2015-10-25,11,La Liga,27,male,Barcelona,Eibar,elite,experiment3_pooling_ablation,1,142,C-Hybrid-globalmean,1,0,0.41724681854248047,0.4980800151824951
3825638,2015-10-25,11,La Liga,27,male,Atlético Madrid,Valencia,elite,experiment3_pooling_ablation,1,142,C-Hybrid-globalmean,1,0,0.43980497121810913,0.4980800151824951
3825639,2015-10-25,11,La Liga,27,male,Las Palmas,Villarreal,elite,experiment3_pooling_ablation,1,142,C-Hybrid-globalmean,0,0,0.35073912143707275,0.4980800151824951
3825640,2015-10-25,11,La Liga,27,male,Levante UD,Real Sociedad,elite,experiment3_pooling_ablation,1,142,C-Hybrid-globalmean,0,0,0.2959042191505432,0.4980800151824951
3825641,2015-10-26,11,La Liga,27,male,Athletic Club,Sporting Gijón,elite,experiment3_pooling_ablation,1,142,C-Hybrid-globalmean,1,0,0.4420830309391022,0.4980800151824951
3825642,2015-10-30,11,La Liga,27,male,RC Deportivo La Coruña,Atlético Madrid,elite,experiment3_pooling_ablation,1,142,C-Hybrid-globalmean,0,0,0.26971158385276794,0.4980800151824951
3825643,2015-10-31,11,La Liga,27,male,Real Madrid,Las Palmas,elite,experiment3_pooling_ablation,1,142,C-Hybrid-globalmean,1,0,0.4712795913219452,0.4980800151824951
3825644,2015-10-31,11,La Liga,27,male,Real Sociedad,Celta Vigo,elite,experiment3_pooling_ablation,1,142,C-Hybrid-globalmean,0,0,0.30945780873298645,0.4980800151824951
3825645,2015-10-31,11,La Liga,27,male,Getafe,Barcelona,elite,experiment3_pooling_ablation,1,142,C-Hybrid-globalmean,0,0,0.1738092303276062,0.4980800151824951
3825646,2015-10-31,11,La Liga,27,male,Villarreal,Sevilla,elite,experiment3_pooling_ablation,1,142,C-Hybrid-globalmean,1,0,0.27991336584091187,0.4980800151824951
3825647,2015-10-31,11,La Liga,27,male,Valencia,Levante UD,elite,experiment3_pooling_ablation,1,142,C-Hybrid-globalmean,1,0,0.31081199645996094,0.4980800151824951
3825648,2015-11-01,11,La Liga,27,male,Eibar,Rayo Vallecano,elite,experiment3_pooling_ablation,1,142,C-Hybrid-globalmean,1,0,0.23233060538768768,0.4980800151824951
3825649,2015-11-01,11,La Liga,27,male,Sporting Gijón,Málaga,elite,experiment3_pooling_ablation,1,142,C-Hybrid-globalmean,1,0,0.2290191799402237,0.4980800151824951
3825650,2015-11-01,11,La Liga,27,male,Real Betis,Athletic Club,elite,experiment3_pooling_ablation,1,142,C-Hybrid-globalmean,0,0,0.2518216371536255,0.4980800151824951
3825651,2015-11-01,11,La Liga,27,male,Espanyol,Granada,elite,experiment3_pooling_ablation,1,142,C-Hybrid-globalmean,0,0,0.30554407835006714,0.4980800151824951
3825652,2015-11-06,11,La Liga,27,male,Las Palmas,Real Sociedad,elite,experiment3_pooling_ablation,1,142,C-Hybrid-globalmean,1,0,0.2658361792564392,0.4980800151824951
3825653,2015-11-07,11,La Liga,27,male,Eibar,Getafe,elite,experiment3_pooling_ablation,1,142,C-Hybrid-globalmean,1,1,0.5008328557014465,0.4980800151824951
3825654,2015-11-07,11,La Liga,27,male,Celta Vigo,Valencia,elite,experiment3_pooling_ablation,1,142,C-Hybrid-globalmean,0,0,0.33356398344039917,0.4980800151824951
3825655,2015-11-07,11,La Liga,27,male,Rayo Vallecano,Granada,elite,experiment3_pooling_ablation,1,142,C-Hybrid-globalmean,1,0,0.3075549602508545,0.4980800151824951
3825656,2015-11-07,11,La Liga,27,male,Levante UD,RC Deportivo La Coruña,elite,experiment3_pooling_ablation,1,142,C-Hybrid-globalmean,0,0,0.2939014434814453,0.4980800151824951
3825657,2015-11-07,11,La Liga,27,male,Málaga,Real Betis,elite,experiment3_pooling_ablation,1,142,C-Hybrid-globalmean,0,0,0.43508127331733704,0.4980800151824951
3825658,2015-11-08,11,La Liga,27,male,Atlético Madrid,Sporting Gijón,elite,experiment3_pooling_ablation,1,142,C-Hybrid-globalmean,1,1,0.5665371417999268,0.4980800151824951
3825659,2015-11-08,11,La Liga,27,male,Athletic Club,Espanyol,elite,experiment3_pooling_ablation,1,142,C-Hybrid-globalmean,1,0,0.46652111411094666,0.4980800151824951
3825660,2015-11-08,11,La Liga,27,male,Barcelona,Villarreal,elite,experiment3_pooling_ablation,1,142,C-Hybrid-globalmean,1,1,0.5287631154060364,0.4980800151824951
3825661,2015-11-08,11,La Liga,27,male,Sevilla,Real Madrid,elite,experiment3_pooling_ablation,1,142,C-Hybrid-globalmean,1,0,0.33564919233322144,0.4980800151824951
266424,2015-11-21,11,La Liga,27,male,Real Madrid,Barcelona,elite,experiment3_pooling_ablation,1,142,C-Hybrid-globalmean,0,0,0.25037670135498047,0.4980800151824951
3825662,2015-11-21,11,La Liga,27,male,RC Deportivo La Coruña,Celta Vigo,elite,experiment3_pooling_ablation,1,142,C-Hybrid-globalmean,1,0,0.26789289712905884,0.4980800151824951
3825663,2015-11-21,11,La Liga,27,male,Espanyol,Málaga,elite,experiment3_pooling_ablation,1,142,C-Hybrid-globalmean,1,0,0.24766215682029724,0.4980800151824951
3825664,2015-11-21,11,La Liga,27,male,Real Sociedad,Sevilla,elite,experiment3_pooling_ablation,1,142,C-Hybrid-globalmean,1,0,0.329046368598938,0.4980800151824951
3825888,2015-11-21,11,La Liga,27,male,Valencia,Las Palmas,elite,experiment3_pooling_ablation,1,142,C-Hybrid-globalmean,0,0,0.39451920986175537,0.4980800151824951
3825665,2015-11-22,11,La Liga,27,male,Granada,Athletic Club,elite,experiment3_pooling_ablation,1,142,C-Hybrid-globalmean,1,0,0.20888987183570862,0.4980800151824951
3825666,2015-11-22,11,La Liga,27,male,Real Betis,Atlético Madrid,elite,experiment3_pooling_ablation,1,142,C-Hybrid-globalmean,0,0,0.18629732728004456,0.4980800151824951
3825667,2015-11-22,11,La Liga,27,male,Villarreal,Eibar,elite,experiment3_pooling_ablation,1,142,C-Hybrid-globalmean,0,0,0.36124205589294434,0.4980800151824951
3825668,2015-11-22,11,La Liga,27,male,Sporting Gijón,Levante UD,elite,experiment3_pooling_ablation,1,142,C-Hybrid-globalmean,0,0,0.32984235882759094,0.4980800151824951
3825669,2015-11-23,11,La Liga,27,male,Getafe,Rayo Vallecano,elite,experiment3_pooling_ablation,1,142,C-Hybrid-globalmean,0,0,0.16948279738426208,0.4980800151824951
3825670,2015-11-27,11,La Liga,27,male,Levante UD,Real Betis,elite,experiment3_pooling_ablation,1,142,C-Hybrid-globalmean,0,1,0.5002681612968445,0.4980800151824951
266885,2015-11-28,11,La Liga,27,male,Barcelona,Real Sociedad,elite,experiment3_pooling_ablation,1,142,C-Hybrid-globalmean,1,1,0.5072578191757202,0.4980800151824951
3825671,2015-11-28,11,La Liga,27,male,Celta Vigo,Sporting Gijón,elite,experiment3_pooling_ablation,1,142,C-Hybrid-globalmean,1,0,0.4259271025657654,0.4980800151824951
3825672,2015-11-28,11,La Liga,27,male,Málaga,Granada,elite,experiment3_pooling_ablation,1,142,C-Hybrid-globalmean,0,0,0.35232236981391907,0.4980800151824951
3825673,2015-11-28,11,La Liga,27,male,Las Palmas,RC Deportivo La Coruña,elite,experiment3_pooling_ablation,1,142,C-Hybrid-globalmean,0,0,0.4440073072910309,0.4980800151824951
3825674,2015-11-28,11,La Liga,27,male,Atlético Madrid,Espanyol,elite,experiment3_pooling_ablation,1,142,C-Hybrid-globalmean,1,1,0.5031803250312805,0.4980800151824951
3825675,2015-11-29,11,La Liga,27,male,Rayo Vallecano,Athletic Club,elite,experiment3_pooling_ablation,1,142,C-Hybrid-globalmean,0,0,0.3179435729980469,0.4980800151824951
3825676,2015-11-29,11,La Liga,27,male,Getafe,Villarreal,elite,experiment3_pooling_ablation,1,142,C-Hybrid-globalmean,1,0,0.32204532623291016,0.4980800151824951
3825677,2015-11-29,11,La Liga,27,male,Sevilla,Valencia,elite,experiment3_pooling_ablation,1,142,C-Hybrid-globalmean,1,0,0.34240275621414185,0.4980800151824951
3825678,2015-11-29,11,La Liga,27,male,Eibar,Real Madrid,elite,experiment3_pooling_ablation,1,142,C-Hybrid-globalmean,0,0,0.28140774369239807,0.4980800151824951
267274,2015-12-05,11,La Liga,27,male,Valencia,Barcelona,elite,experiment3_pooling_ablation,1,142,C-Hybrid-globalmean,0,0,0.16811609268188477,0.4980800151824951
3825679,2015-12-05,11,La Liga,27,male,Real Betis,Celta Vigo,elite,experiment3_pooling_ablation,1,142,C-Hybrid-globalmean,0,0,0.36116018891334534,0.4980800151824951
3825680,2015-12-05,11,La Liga,27,male,RC Deportivo La Coruña,Sevilla,elite,experiment3_pooling_ablation,1,142,C-Hybrid-globalmean,0,0,0.26402100920677185,0.4980800151824951
3825681,2015-12-05,11,La Liga,27,male,Real Madrid,Getafe,elite,experiment3_pooling_ablation,1,142,C-Hybrid-globalmean,1,0,0.43912819027900696,0.4980800151824951
3825682,2015-12-05,11,La Liga,27,male,Granada,Atlético Madrid,elite,experiment3_pooling_ablation,1,142,C-Hybrid-globalmean,0,0,0.25997570157051086,0.4980800151824951
3825683,2015-12-06,11,La Liga,27,male,Real Sociedad,Eibar,elite,experiment3_pooling_ablation,1,142,C-Hybrid-globalmean,1,0,0.3508010506629944,0.4980800151824951
3825684,2015-12-06,11,La Liga,27,male,Villarreal,Rayo Vallecano,elite,experiment3_pooling_ablation,1,142,C-Hybrid-globalmean,1,0,0.28338921070098877,0.4980800151824951
3825685,2015-12-06,11,La Liga,27,male,Sporting Gijón,Las Palmas,elite,experiment3_pooling_ablation,1,142,C-Hybrid-globalmean,1,0,0.32691720128059387,0.4980800151824951
3825686,2015-12-06,11,La Liga,27,male,Athletic Club,Málaga,elite,experiment3_pooling_ablation,1,142,C-Hybrid-globalmean,0,0,0.31284046173095703,0.4980800151824951
3825687,2015-12-07,11,La Liga,27,male,Espanyol,Levante UD,elite,experiment3_pooling_ablation,1,142,C-Hybrid-globalmean,0,0,0.24895794689655304,0.4980800151824951
3825688,2015-12-11,11,La Liga,27,male,Getafe,Real Sociedad,elite,experiment3_pooling_ablation,1,142,C-Hybrid-globalmean,0,0,0.3031906485557556,0.4980800151824951
266961,2015-12-12,11,La Liga,27,male,Barcelona,RC Deportivo La Coruña,elite,experiment3_pooling_ablation,1,142,C-Hybrid-globalmean,0,1,0.6056248545646667,0.4980800151824951
3825689,2015-12-12,11,La Liga,27,male,Celta Vigo,Espanyol,elite,experiment3_pooling_ablation,1,142,C-Hybrid-globalmean,1,0,0.4506356716156006,0.4980800151824951
3825690,2015-12-12,11,La Liga,27,male,Las Palmas,Real Betis,elite,experiment3_pooling_ablation,1,142,C-Hybrid-globalmean,1,0,0.32209378480911255,0.4980800151824951
3825691,2015-12-12,11,La Liga,27,male,Levante UD,Granada,elite,experiment3_pooling_ablation,1,142,C-Hybrid-globalmean,0,0,0.4205518662929535,0.4980800151824951
3825692,2015-12-12,11,La Liga,27,male,Sevilla,Sporting Gijón,elite,experiment3_pooling_ablation,1,142,C-Hybrid-globalmean,1,0,0.4555155336856842,0.4980800151824951
3825693,2015-12-13,11,La Liga,27,male,Atlético Madrid,Athletic Club,elite,experiment3_pooling_ablation,1,142,C-Hybrid-globalmean,1,0,0.33079734444618225,0.4980800151824951
3825694,2015-12-13,11,La Liga,27,male,Eibar,Valencia,elite,experiment3_pooling_ablation,1,142,C-Hybrid-globalmean,0,1,0.526515007019043,0.4980800151824951
3825695,2015-12-13,11,La Liga,27,male,Villarreal,Real Madrid,elite,experiment3_pooling_ablation,1,142,C-Hybrid-globalmean,1,0,0.24635253846645355,0.4980800151824951
3825696,2015-12-13,11,La Liga,27,male,Rayo Vallecano,Málaga,elite,experiment3_pooling_ablation,1,142,C-Hybrid-globalmean,0,0,0.26101893186569214,0.4980800151824951
3825697,2015-12-19,11,La Liga,27,male,Valencia,Getafe,elite,experiment3_pooling_ablation,1,142,C-Hybrid-globalmean,0,0,0.3079141080379486,0.4980800151824951
3825698,2015-12-19,11,La Liga,27,male,RC Deportivo La Coruña,Eibar,elite,experiment3_pooling_ablation,1,142,C-Hybrid-globalmean,1,0,0.3632862865924835,0.4980800151824951
3825699,2015-12-19,11,La Liga,27,male,Real Betis,Sevilla,elite,experiment3_pooling_ablation,1,142,C-Hybrid-globalmean,0,0,0.22203896939754486,0.4980800151824951
3825891,2015-12-19,11,La Liga,27,male,Espanyol,Las Palmas,elite,experiment3_pooling_ablation,1,142,C-Hybrid-globalmean,1,0,0.3226568400859833,0.4980800151824951
3825700,2015-12-20,11,La Liga,27,male,Real Madrid,Rayo Vallecano,elite,experiment3_pooling_ablation,1,142,C-Hybrid-globalmean,1,1,0.7127751708030701,0.4980800151824951
3825701,2015-12-20,11,La Liga,27,male,Málaga,Atlético Madrid,elite,experiment3_pooling_ablation,1,142,C-Hybrid-globalmean,1,0,0.3281264901161194,0.4980800151824951
3825702,2015-12-20,11,La Liga,27,male,Real Sociedad,Villarreal,elite,experiment3_pooling_ablation,1,142,C-Hybrid-globalmean,0,0,0.4521617293357849,0.4980800151824951
3825703,2015-12-20,11,La Liga,27,male,Athletic Club,Levante UD,elite,experiment3_pooling_ablation,1,142,C-Hybrid-globalmean,1,0,0.38053810596466064,0.4980800151824951
3825704,2015-12-20,11,La Liga,27,male,Granada,Celta Vigo,elite,experiment3_pooling_ablation,1,142,C-Hybrid-globalmean,0,0,0.32939842343330383,0.4980800151824951
267327,2015-12-30,11,La Liga,27,male,Barcelona,Real Betis,elite,experiment3_pooling_ablation,1,142,C-Hybrid-globalmean,1,1,0.5200806260108948,0.4980800151824951
3825705,2015-12-30,11,La Liga,27,male,Eibar,Sporting Gijón,elite,experiment3_pooling_ablation,1,142,C-Hybrid-globalmean,1,0,0.3504715859889984,0.4980800151824951
3825706,2015-12-30,11,La Liga,27,male,Celta Vigo,Athletic Club,elite,experiment3_pooling_ablation,1,142,C-Hybrid-globalmean,0,0,0.26178646087646484,0.4980800151824951
3825707,2015-12-30,11,La Liga,27,male,Las Palmas,Granada,elite,experiment3_pooling_ablation,1,142,C-Hybrid-globalmean,1,0,0.37187299132347107,0.4980800151824951
3825708,2015-12-30,11,La Liga,27,male,Levante UD,Málaga,elite,experiment3_pooling_ablation,1,142,C-Hybrid-globalmean,0,0,0.24447079002857208,0.4980800151824951
3825709,2015-12-30,11,La Liga,27,male,Sevilla,Espanyol,elite,experiment3_pooling_ablation,1,142,C-Hybrid-globalmean,1,0,0.4521627128124237,0.4980800151824951
3825710,2015-12-30,11,La Liga,27,male,Real Madrid,Real Sociedad,elite,experiment3_pooling_ablation,1,142,C-Hybrid-globalmean,1,1,0.578774094581604,0.4980800151824951
3825711,2015-12-30,11,La Liga,27,male,Rayo Vallecano,Atlético Madrid,elite,experiment3_pooling_ablation,1,142,C-Hybrid-globalmean,0,0,0.20531997084617615,0.4980800151824951
3825712,2015-12-30,11,La Liga,27,male,Getafe,RC Deportivo La Coruña,elite,experiment3_pooling_ablation,1,142,C-Hybrid-globalmean,0,0,0.27630218863487244,0.4980800151824951
3825713,2015-12-31,11,La Liga,27,male,Villarreal,Valencia,elite,experiment3_pooling_ablation,1,142,C-Hybrid-globalmean,1,0,0.4151391386985779,0.4980800151824951
266670,2016-01-02,11,La Liga,27,male,Espanyol,Barcelona,elite,experiment3_pooling_ablation,1,142,C-Hybrid-globalmean,0,0,0.18524542450904846,0.4980800151824951
3825714,2016-01-02,11,La Liga,27,male,Atlético Madrid,Levante UD,elite,experiment3_pooling_ablation,1,142,C-Hybrid-globalmean,1,0,0.4887140393257141,0.4980800151824951
3825715,2016-01-02,11,La Liga,27,male,Málaga,Celta Vigo,elite,experiment3_pooling_ablation,1,142,C-Hybrid-globalmean,1,0,0.45473572611808777,0.4980800151824951
3825716,2016-01-03,11,La Liga,27,male,Rayo Vallecano,Real Sociedad,elite,experiment3_pooling_ablation,1,142,C-Hybrid-globalmean,0,0,0.20968233048915863,0.4980800151824951
3825717,2016-01-03,11,La Liga,27,male,Granada,Sevilla,elite,experiment3_pooling_ablation,1,142,C-Hybrid-globalmean,1,0,0.23710142076015472,0.4980800151824951
3825718,2016-01-03,11,La Liga,27,male,Valencia,Real Madrid,elite,experiment3_pooling_ablation,1,142,C-Hybrid-globalmean,0,0,0.27037253975868225,0.4980800151824951
3825719,2016-01-03,11,La Liga,27,male,Athletic Club,Las Palmas,elite,experiment3_pooling_ablation,1,142,C-Hybrid-globalmean,0,0,0.39022332429885864,0.4980800151824951
3825720,2016-01-03,11,La Liga,27,male,Real Betis,Eibar,elite,experiment3_pooling_ablation,1,142,C-Hybrid-globalmean,0,0,0.28010278940200806,0.4980800151824951
3825721,2016-01-03,11,La Liga,27,male,RC Deportivo La Coruña,Villarreal,elite,experiment3_pooling_ablation,1,142,C-Hybrid-globalmean,0,0,0.3340766131877899,0.4980800151824951
3825722,2016-01-04,11,La Liga,27,male,Sporting Gijón,Getafe,elite,experiment3_pooling_ablation,1,142,C-Hybrid-globalmean,0,0,0.29843348264694214,0.4980800151824951
266620,2016-01-09,11,La Liga,27,male,Barcelona,Granada,elite,experiment3_pooling_ablation,1,142,C-Hybrid-globalmean,1,1,0.6816744804382324,0.4980800151824951
3825723,2016-01-09,11,La Liga,27,male,Levante UD,Rayo Vallecano,elite,experiment3_pooling_ablation,1,142,C-Hybrid-globalmean,1,0,0.4554206132888794,0.4980800151824951
3825724,2016-01-09,11,La Liga,27,male,Real Madrid,RC Deportivo La Coruña,elite,experiment3_pooling_ablation,1,142,C-Hybrid-globalmean,1,1,0.593787670135498,0.4980800151824951
3825725,2016-01-09,11,La Liga,27,male,Getafe,Real Betis,elite,experiment3_pooling_ablation,1,142,C-Hybrid-globalmean,1,0,0.36674556136131287,0.4980800151824951
3825726,2016-01-09,11,La Liga,27,male,Sevilla,Athletic Club,elite,experiment3_pooling_ablation,1,142,C-Hybrid-globalmean,1,0,0.2641841471195221,0.4980800151824951
3825727,2016-01-10,11,La Liga,27,male,Eibar,Espanyol,elite,experiment3_pooling_ablation,1,142,C-Hybrid-globalmean,1,0,0.4782777726650238,0.4980800151824951
3825728,2016-01-10,11,La Liga,27,male,Celta Vigo,Atlético Madrid,elite,experiment3_pooling_ablation,1,142,C-Hybrid-globalmean,0,0,0.2782263159751892,0.4980800151824951
3825729,2016-01-10,11,La Liga,27,male,Villarreal,Sporting Gijón,elite,experiment3_pooling_ablation,1,142,C-Hybrid-globalmean,1,0,0.45824742317199707,0.4980800151824951
3825730,2016-01-10,11,La Liga,27,male,Real Sociedad,Valencia,elite,experiment3_pooling_ablation,1,142,C-Hybrid-globalmean,1,0,0.30464968085289,0.4980800151824951
3825731,2016-01-10,11,La Liga,27,male,Las Palmas,Málaga,elite,experiment3_pooling_ablation,1,142,C-Hybrid-globalmean,0,0,0.26384273171424866,0.4980800151824951
3825732,2016-01-16,11,La Liga,27,male,Celta Vigo,Levante UD,elite,experiment3_pooling_ablation,1,142,C-Hybrid-globalmean,1,0,0.4615037739276886,0.4980800151824951
3825733,2016-01-16,11,La Liga,27,male,Sevilla,Málaga,elite,experiment3_pooling_ablation,1,142,C-Hybrid-globalmean,1,0,0.2797147333621979,0.4980800151824951
3825734,2016-01-16,11,La Liga,27,male,Real Sociedad,RC Deportivo La Coruña,elite,experiment3_pooling_ablation,1,142,C-Hybrid-globalmean,0,0,0.46916308999061584,0.4980800151824951
3825735,2016-01-16,11,La Liga,27,male,Villarreal,Real Betis,elite,experiment3_pooling_ablation,1,142,C-Hybrid-globalmean,0,0,0.47186949849128723,0.4980800151824951
266149,2016-01-17,11,La Liga,27,male,Barcelona,Athletic Club,elite,experiment3_pooling_ablation,1,142,C-Hybrid-globalmean,1,1,0.5783091187477112,0.4980800151824951
3825736,2016-01-17,11,La Liga,27,male,Valencia,Rayo Vallecano,elite,experiment3_pooling_ablation,1,142,C-Hybrid-globalmean,0,0,0.354886531829834,0.4980800151824951
3825737,2016-01-17,11,La Liga,27,male,Getafe,Espanyol,elite,experiment3_pooling_ablation,1,142,C-Hybrid-globalmean,1,1,0.5337749719619751,0.4980800151824951
3825738,2016-01-17,11,La Liga,27,male,Las Palmas,Atlético Madrid,elite,experiment3_pooling_ablation,1,142,C-Hybrid-globalmean,0,0,0.3123601973056793,0.4980800151824951
3825739,2016-01-17,11,La Liga,27,male,Real Madrid,Sporting Gijón,elite,experiment3_pooling_ablation,1,142,C-Hybrid-globalmean,1,1,0.6395131349563599,0.4980800151824951
3825740,2016-01-18,11,La Liga,27,male,Eibar,Granada,elite,experiment3_pooling_ablation,1,142,C-Hybrid-globalmean,1,1,0.5708630681037903,0.4980800151824951
3825741,2016-01-22,11,La Liga,27,male,Sporting Gijón,Real Sociedad,elite,experiment3_pooling_ablation,1,142,C-Hybrid-globalmean,1,0,0.43655818700790405,0.4980800151824951
265894,2016-01-23,11,La Liga,27,male,Málaga,Barcelona,elite,experiment3_pooling_ablation,1,142,C-Hybrid-globalmean,0,0,0.24264904856681824,0.4980800151824951
3825742,2016-01-23,11,La Liga,27,male,Granada,Getafe,elite,experiment3_pooling_ablation,1,142,C-Hybrid-globalmean,1,0,0.2766208350658417,0.4980800151824951
3825743,2016-01-23,11,La Liga,27,male,Rayo Vallecano,Celta Vigo,elite,experiment3_pooling_ablation,1,142,C-Hybrid-globalmean,1,0,0.48946577310562134,0.4980800151824951
3825744,2016-01-23,11,La Liga,27,male,Espanyol,Villarreal,elite,experiment3_pooling_ablation,1,142,C-Hybrid-globalmean,0,0,0.2978040277957916,0.4980800151824951
3825745,2016-01-24,11,La Liga,27,male,RC Deportivo La Coruña,Valencia,elite,experiment3_pooling_ablation,1,142,C-Hybrid-globalmean,0,0,0.36166897416114807,0.4980800151824951
3825746,2016-01-24,11,La Liga,27,male,Real Betis,Real Madrid,elite,experiment3_pooling_ablation,1,142,C-Hybrid-globalmean,0,0,0.22103139758110046,0.4980800151824951
3825747,2016-01-24,11,La Liga,27,male,Athletic Club,Eibar,elite,experiment3_pooling_ablation,1,142,C-Hybrid-globalmean,1,0,0.21000105142593384,0.4980800151824951
3825748,2016-01-24,11,La Liga,27,male,Atlético Madrid,Sevilla,elite,experiment3_pooling_ablation,1,142,C-Hybrid-globalmean,0,0,0.48856326937675476,0.4980800151824951
3825749,2016-01-25,11,La Liga,27,male,Levante UD,Las Palmas,elite,experiment3_pooling_ablation,1,142,C-Hybrid-globalmean,1,0,0.33049672842025757,0.4980800151824951
267576,2016-01-30,11,La Liga,27,male,Barcelona,Atlético Madrid,elite,experiment3_pooling_ablation,1,142,C-Hybrid-globalmean,1,0,0.44001784920692444,0.4980800151824951
3825750,2016-01-30,11,La Liga,27,male,Real Sociedad,Real Betis,elite,experiment3_pooling_ablation,1,142,C-Hybrid-globalmean,1,0,0.3902933597564697,0.4980800151824951
3825751,2016-01-30,11,La Liga,27,male,Getafe,Athletic Club,elite,experiment3_pooling_ablation,1,142,C-Hybrid-globalmean,0,0,0.3338196277618408,0.4980800151824951
3825752,2016-01-30,11,La Liga,27,male,Eibar,Málaga,elite,experiment3_pooling_ablation,1,142,C-Hybrid-globalmean,0,0,0.3571881353855133,0.4980800151824951
3825753,2016-01-30,11,La Liga,27,male,Villarreal,Granada,elite,experiment3_pooling_ablation,1,142,C-Hybrid-globalmean,1,1,0.5617197751998901,0.4980800151824951
3825754,2016-01-31,11,La Liga,27,male,Las Palmas,Celta Vigo,elite,experiment3_pooling_ablation,1,142,C-Hybrid-globalmean,1,0,0.4904267191886902,0.4980800151824951
3825755,2016-01-31,11,La Liga,27,male,Valencia,Sporting Gijón,elite,experiment3_pooling_ablation,1,142,C-Hybrid-globalmean,0,0,0.3606380820274353,0.4980800151824951
3825756,2016-01-31,11,La Liga,27,male,Sevilla,Levante UD,elite,experiment3_pooling_ablation,1,142,C-Hybrid-globalmean,1,0,0.37384551763534546,0.4980800151824951
3825757,2016-01-31,11,La Liga,27,male,Real Madrid,Espanyol,elite,experiment3_pooling_ablation,1,142,C-Hybrid-globalmean,1,1,0.7403170466423035,0.4980800151824951
3825758,2016-02-01,11,La Liga,27,male,RC Deportivo La Coruña,Rayo Vallecano,elite,experiment3_pooling_ablation,1,142,C-Hybrid-globalmean,0,0,0.22387154400348663,0.4980800151824951
3825759,2016-02-05,11,La Liga,27,male,Málaga,Getafe,elite,experiment3_pooling_ablation,1,142,C-Hybrid-globalmean,1,0,0.42690524458885193,0.4980800151824951
3825760,2016-02-06,11,La Liga,27,male,Atlético Madrid,Eibar,elite,experiment3_pooling_ablation,1,142,C-Hybrid-globalmean,1,0,0.35487931966781616,0.4980800151824951
3825761,2016-02-06,11,La Liga,27,male,Athletic Club,Villarreal,elite,experiment3_pooling_ablation,1,142,C-Hybrid-globalmean,0,0,0.2853180170059204,0.4980800151824951
3825762,2016-02-06,11,La Liga,27,male,Sporting Gijón,RC Deportivo La Coruña,elite,experiment3_pooling_ablation,1,142,C-Hybrid-globalmean,0,0,0.2996774911880493,0.4980800151824951
3825763,2016-02-06,11,La Liga,27,male,Rayo Vallecano,Las Palmas,elite,experiment3_pooling_ablation,1,142,C-Hybrid-globalmean,1,1,0.5053308010101318,0.4980800151824951
266160,2016-02-07,11,La Liga,27,male,Levante UD,Barcelona,elite,experiment3_pooling_ablation,1,142,C-Hybrid-globalmean,0,0,0.20655854046344757,0.4980800151824951
3825764,2016-02-07,11,La Liga,27,male,Granada,Real Madrid,elite,experiment3_pooling_ablation,1,142,C-Hybrid-globalmean,0,0,0.19742560386657715,0.4980800151824951
3825765,2016-02-07,11,La Liga,27,male,Celta Vigo,Sevilla,elite,experiment3_pooling_ablation,1,142,C-Hybrid-globalmean,0,0,0.37157559394836426,0.4980800151824951
3825766,2016-02-07,11,La Liga,27,male,Real Betis,Valencia,elite,experiment3_pooling_ablation,1,142,C-Hybrid-globalmean,1,0,0.27056610584259033,0.4980800151824951
3825767,2016-02-08,11,La Liga,27,male,Espanyol,Real Sociedad,elite,experiment3_pooling_ablation,1,142,C-Hybrid-globalmean,0,0,0.26382264494895935,0.4980800151824951
3825768,2016-02-12,11,La Liga,27,male,Sporting Gijón,Rayo Vallecano,elite,experiment3_pooling_ablation,1,142,C-Hybrid-globalmean,0,0,0.2510554790496826,0.4980800151824951
3825769,2016-02-13,11,La Liga,27,male,Villarreal,Málaga,elite,experiment3_pooling_ablation,1,142,C-Hybrid-globalmean,1,0,0.3361169099807739,0.4980800151824951
3825770,2016-02-13,11,La Liga,27,male,Real Madrid,Athletic Club,elite,experiment3_pooling_ablation,1,142,C-Hybrid-globalmean,1,0,0.4763936698436737,0.4980800151824951
3825771,2016-02-13,11,La Liga,27,male,RC Deportivo La Coruña,Real Betis,elite,experiment3_pooling_ablation,1,142,C-Hybrid-globalmean,0,0,0.4999602735042572,0.4980800151824951
3825772,2016-02-13,11,La Liga,27,male,Valencia,Espanyol,elite,experiment3_pooling_ablation,1,142,C-Hybrid-globalmean,1,1,0.5843783020973206,0.4980800151824951
266254,2016-02-14,11,La Liga,27,male,Barcelona,Celta Vigo,elite,experiment3_pooling_ablation,1,142,C-Hybrid-globalmean,1,1,0.6081300973892212,0.4980800151824951
3825773,2016-02-14,11,La Liga,27,male,Eibar,Levante UD,elite,experiment3_pooling_ablation,1,142,C-Hybrid-globalmean,1,0,0.3621619939804077,0.4980800151824951
3825774,2016-02-14,11,La Liga,27,male,Getafe,Atlético Madrid,elite,experiment3_pooling_ablation,1,142,C-Hybrid-globalmean,0,0,0.321779727935791,0.4980800151824951
3825775,2016-02-14,11,La Liga,27,male,Real Sociedad,Granada,elite,experiment3_pooling_ablation,1,142,C-Hybrid-globalmean,1,0,0.3856894373893738,0.4980800151824951
3825776,2016-02-14,11,La Liga,27,male,Sevilla,Las Palmas,elite,experiment3_pooling_ablation,1,142,C-Hybrid-globalmean,1,0,0.3334936797618866,0.4980800151824951
266815,2016-02-17,11,La Liga,27,male,Sporting Gijón,Barcelona,elite,experiment3_pooling_ablation,1,142,C-Hybrid-globalmean,0,0,0.19641660153865814,0.4980800151824951
3825777,2016-02-19,11,La Liga,27,male,Levante UD,Getafe,elite,experiment3_pooling_ablation,1,142,C-Hybrid-globalmean,1,0,0.2755051553249359,0.4980800151824951
267273,2016-02-20,11,La Liga,27,male,Las Palmas,Barcelona,elite,experiment3_pooling_ablation,1,142,C-Hybrid-globalmean,0,0,0.2464839518070221,0.4980800151824951
3825778,2016-02-20,11,La Liga,27,male,Real Betis,Sporting Gijón,elite,experiment3_pooling_ablation,1,142,C-Hybrid-globalmean,0,0,0.40412038564682007,0.4980800151824951
3825779,2016-02-20,11,La Liga,27,male,Celta Vigo,Eibar,elite,experiment3_pooling_ablation,1,142,C-Hybrid-globalmean,1,0,0.3247004747390747,0.4980800151824951
3825780,2016-02-20,11,La Liga,27,male,Espanyol,RC Deportivo La Coruña,elite,experiment3_pooling_ablation,1,142,C-Hybrid-globalmean,1,0,0.2389659583568573,0.4980800151824951
3825781,2016-02-21,11,La Liga,27,male,Rayo Vallecano,Sevilla,elite,experiment3_pooling_ablation,1,142,C-Hybrid-globalmean,0,0,0.3738102316856384,0.4980800151824951
3825782,2016-02-21,11,La Liga,27,male,Granada,Valencia,elite,experiment3_pooling_ablation,1,142,C-Hybrid-globalmean,0,0,0.28351891040802,0.4980800151824951
3825783,2016-02-21,11,La Liga,27,male,Athletic Club,Real Sociedad,elite,experiment3_pooling_ablation,1,142,C-Hybrid-globalmean,0,0,0.2610286772251129,0.4980800151824951
3825784,2016-02-21,11,La Liga,27,male,Atlético Madrid,Villarreal,elite,experiment3_pooling_ablation,1,142,C-Hybrid-globalmean,0,0,0.3244272768497467,0.4980800151824951
3825785,2016-02-21,11,La Liga,27,male,Málaga,Real Madrid,elite,experiment3_pooling_ablation,1,142,C-Hybrid-globalmean,0,0,0.24631856381893158,0.4980800151824951
3825786,2016-02-26,11,La Liga,27,male,Eibar,Las Palmas,elite,experiment3_pooling_ablation,1,142,C-Hybrid-globalmean,0,0,0.4096171259880066,0.4980800151824951
3825787,2016-02-27,11,La Liga,27,male,Real Madrid,Atlético Madrid,elite,experiment3_pooling_ablation,2,242,B-GNN-globalmean,0,1,0.6531537771224976,
3825788,2016-02-27,11,La Liga,27,male,Getafe,Celta Vigo,elite,experiment3_pooling_ablation,2,242,B-GNN-globalmean,0,0,0.189479798078537,
3825789,2016-02-27,11,La Liga,27,male,Real Sociedad,Málaga,elite,experiment3_pooling_ablation,2,242,B-GNN-globalmean,0,0,0.32432088255882263,
3825790,2016-02-27,11,La Liga,27,male,Sporting Gijón,Espanyol,elite,experiment3_pooling_ablation,2,242,B-GNN-globalmean,0,1,0.605014979839325,
3825791,2016-02-27,11,La Liga,27,male,Real Betis,Rayo Vallecano,elite,experiment3_pooling_ablation,2,242,B-GNN-globalmean,0,0,0.3709278106689453,
265839,2016-02-28,11,La Liga,27,male,Barcelona,Sevilla,elite,experiment3_pooling_ablation,2,242,B-GNN-globalmean,1,1,0.6581212282180786,
3825792,2016-02-28,11,La Liga,27,male,RC Deportivo La Coruña,Granada,elite,experiment3_pooling_ablation,2,242,B-GNN-globalmean,0,1,0.6811041235923767,
3825793,2016-02-28,11,La Liga,27,male,Valencia,Athletic Club,elite,experiment3_pooling_ablation,2,242,B-GNN-globalmean,0,0,0.33045628666877747,
3825794,2016-02-28,11,La Liga,27,male,Villarreal,Levante UD,elite,experiment3_pooling_ablation,2,242,B-GNN-globalmean,1,1,0.6196921467781067,
3825795,2016-03-01,11,La Liga,27,male,Atlético Madrid,Real Sociedad,elite,experiment3_pooling_ablation,2,242,B-GNN-globalmean,1,1,0.8863351345062256,
3825796,2016-03-01,11,La Liga,27,male,Las Palmas,Getafe,elite,experiment3_pooling_ablation,2,242,B-GNN-globalmean,1,1,0.7516143321990967,
3825797,2016-03-02,11,La Liga,27,male,Athletic Club,RC Deportivo La Coruña,elite,experiment3_pooling_ablation,2,242,B-GNN-globalmean,1,1,0.9199561476707458,
3825798,2016-03-02,11,La Liga,27,male,Levante UD,Real Madrid,elite,experiment3_pooling_ablation,2,242,B-GNN-globalmean,0,0,0.30266520380973816,
3825799,2016-03-02,11,La Liga,27,male,Málaga,Valencia,elite,experiment3_pooling_ablation,2,242,B-GNN-globalmean,0,0,0.1345217525959015,
3825800,2016-03-02,11,La Liga,27,male,Celta Vigo,Villarreal,elite,experiment3_pooling_ablation,2,242,B-GNN-globalmean,0,1,0.6557389497756958,
3825801,2016-03-02,11,La Liga,27,male,Sevilla,Eibar,elite,experiment3_pooling_ablation,2,242,B-GNN-globalmean,1,1,0.6291466355323792,
266653,2016-03-03,11,La Liga,27,male,Rayo Vallecano,Barcelona,elite,experiment3_pooling_ablation,2,242,B-GNN-globalmean,0,0,0.24795661866664886,
3825802,2016-03-03,11,La Liga,27,male,Espanyol,Real Betis,elite,experiment3_pooling_ablation,2,242,B-GNN-globalmean,0,0,0.26105207204818726,
3825803,2016-03-03,11,La Liga,27,male,Granada,Sporting Gijón,elite,experiment3_pooling_ablation,2,242,B-GNN-globalmean,1,1,0.6764691472053528,
3825804,2016-03-05,11,La Liga,27,male,RC Deportivo La Coruña,Málaga,elite,experiment3_pooling_ablation,2,242,B-GNN-globalmean,0,1,0.781939685344696,
3825805,2016-03-05,11,La Liga,27,male,Villarreal,Las Palmas,elite,experiment3_pooling_ablation,2,242,B-GNN-globalmean,0,0,0.34231895208358765,
3825806,2016-03-05,11,La Liga,27,male,Real Madrid,Celta Vigo,elite,experiment3_pooling_ablation,2,242,B-GNN-globalmean,1,1,0.8728236556053162,
3825867,2016-03-05,11,La Liga,27,male,Getafe,Sevilla,elite,experiment3_pooling_ablation,2,242,B-GNN-globalmean,0,0,0.21732309460639954,
266056,2016-03-06,11,La Liga,27,male,Eibar,Barcelona,elite,experiment3_pooling_ablation,2,242,B-GNN-globalmean,0,0,0.2004157155752182,
3825807,2016-03-06,11,La Liga,27,male,Valencia,Atlético Madrid,elite,experiment3_pooling_ablation,2,242,B-GNN-globalmean,0,0,0.16535475850105286,
3825808,2016-03-06,11,La Liga,27,male,Sporting Gijón,Athletic Club,elite,experiment3_pooling_ablation,2,242,B-GNN-globalmean,0,0,0.12175758183002472,
3825809,2016-03-06,11,La Liga,27,male,Real Betis,Granada,elite,experiment3_pooling_ablation,2,242,B-GNN-globalmean,1,0,0.13877932727336884,
3825810,2016-03-06,11,La Liga,27,male,Real Sociedad,Levante UD,elite,experiment3_pooling_ablation,2,242,B-GNN-globalmean,0,0,0.3341972529888153,
3825811,2016-03-07,11,La Liga,27,male,Espanyol,Rayo Vallecano,elite,experiment3_pooling_ablation,2,242,B-GNN-globalmean,1,0,0.4399140775203705,
3825812,2016-03-11,11,La Liga,27,male,Málaga,Sporting Gijón,elite,experiment3_pooling_ablation,2,242,B-GNN-globalmean,1,0,0.19191111624240875,
266498,2016-03-12,11,La Liga,27,male,Barcelona,Getafe,elite,experiment3_pooling_ablation,2,242,B-GNN-globalmean,1,1,0.9466081857681274,
3825813,2016-03-12,11,La Liga,27,male,Atlético Madrid,RC Deportivo La Coruña,elite,experiment3_pooling_ablation,2,242,B-GNN-globalmean,1,1,0.8636913895606995,
3825814,2016-03-12,11,La Liga,27,male,Celta Vigo,Real Sociedad,elite,experiment3_pooling_ablation,2,242,B-GNN-globalmean,1,0,0.10283316671848297,
3825858,2016-03-12,11,La Liga,27,male,Rayo Vallecano,Eibar,elite,experiment3_pooling_ablation,2,242,B-GNN-globalmean,0,0,0.3580792248249054,
3825815,2016-03-13,11,La Liga,27,male,Levante UD,Valencia,elite,experiment3_pooling_ablation,2,242,B-GNN-globalmean,1,0,0.17397655546665192,
3825816,2016-03-13,11,La Liga,27,male,Sevilla,Villarreal,elite,experiment3_pooling_ablation,2,242,B-GNN-globalmean,1,1,0.9253929257392883,
3825844,2016-03-13,11,La Liga,27,male,Athletic Club,Real Betis,elite,experiment3_pooling_ablation,2,242,B-GNN-globalmean,1,1,0.7455493211746216,
3825879,2016-03-13,11,La Liga,27,male,Las Palmas,Real Madrid,elite,experiment3_pooling_ablation,2,242,B-GNN-globalmean,0,1,0.7013831734657288,
3825881,2016-03-14,11,La Liga,27,male,Granada,Espanyol,elite,experiment3_pooling_ablation,2,242,B-GNN-globalmean,0,0,0.11557760089635849,
3825817,2016-03-18,11,La Liga,27,male,Getafe,Eibar,elite,experiment3_pooling_ablation,2,242,B-GNN-globalmean,0,0,0.1523061841726303,
3825818,2016-03-19,11,La Liga,27,male,Real Sociedad,Las Palmas,elite,experiment3_pooling_ablation,2,242,B-GNN-globalmean,0,0,0.19151179492473602,
3825880,2016-03-19,11,La Liga,27,male,RC Deportivo La Coruña,Levante UD,elite,experiment3_pooling_ablation,2,242,B-GNN-globalmean,1,0,0.4636823832988739,
3825887,2016-03-19,11,La Liga,27,male,Granada,Rayo Vallecano,elite,experiment3_pooling_ablation,2,242,B-GNN-globalmean,0,0,0.43758469820022583,
3825903,2016-03-19,11,La Liga,27,male,Real Betis,Málaga,elite,experiment3_pooling_ablation,2,242,B-GNN-globalmean,0,0,0.24964596331119537,
3825907,2016-03-19,11,La Liga,27,male,Sporting Gijón,Atlético Madrid,elite,experiment3_pooling_ablation,2,242,B-GNN-globalmean,1,1,0.6362461447715759,
266106,2016-03-20,11,La Liga,27,male,Villarreal,Barcelona,elite,experiment3_pooling_ablation,2,242,B-GNN-globalmean,0,1,0.5585769414901733,
3825819,2016-03-20,11,La Liga,27,male,Valencia,Celta Vigo,elite,experiment3_pooling_ablation,2,242,B-GNN-globalmean,0,0,0.3123129606246948,
3825820,2016-03-20,11,La Liga,27,male,Real Madrid,Sevilla,elite,experiment3_pooling_ablation,2,242,B-GNN-globalmean,1,1,0.9822685718536377,
3825821,2016-03-20,11,La Liga,27,male,Espanyol,Athletic Club,elite,experiment3_pooling_ablation,2,242,B-GNN-globalmean,1,1,0.6025609970092773,
3825885,2016-04-01,11,La Liga,27,male,Rayo Vallecano,Getafe,elite,experiment3_pooling_ablation,2,242,B-GNN-globalmean,1,1,0.9320352673530579,
267533,2016-04-02,11,La Liga,27,male,Barcelona,Real Madrid,elite,experiment3_pooling_ablation,2,242,B-GNN-globalmean,0,1,0.6231734752655029,
3825822,2016-04-02,11,La Liga,27,male,Las Palmas,Valencia,elite,experiment3_pooling_ablation,2,242,B-GNN-globalmean,1,1,0.5394049882888794,
3825872,2016-04-02,11,La Liga,27,male,Atlético Madrid,Real Betis,elite,experiment3_pooling_ablation,2,242,B-GNN-globalmean,1,1,0.9223888516426086,
3825898,2016-04-02,11,La Liga,27,male,Celta Vigo,RC Deportivo La Coruña,elite,experiment3_pooling_ablation,2,242,B-GNN-globalmean,0,0,0.32555249333381653,
3825823,2016-04-03,11,La Liga,27,male,Sevilla,Real Sociedad,elite,experiment3_pooling_ablation,2,242,B-GNN-globalmean,0,1,0.6963849067687988,
3825824,2016-04-03,11,La Liga,27,male,Eibar,Villarreal,elite,experiment3_pooling_ablation,2,242,B-GNN-globalmean,0,0,0.14144444465637207,
3825877,2016-04-03,11,La Liga,27,male,Athletic Club,Granada,elite,experiment3_pooling_ablation,2,242,B-GNN-globalmean,0,1,0.8333482146263123,
3825905,2016-04-03,11,La Liga,27,male,Málaga,Espanyol,elite,experiment3_pooling_ablation,2,242,B-GNN-globalmean,0,1,0.5768218040466309,
3825825,2016-04-04,11,La Liga,27,male,Levante UD,Sporting Gijón,elite,experiment3_pooling_ablation,2,242,B-GNN-globalmean,0,0,0.30291029810905457,
3825826,2016-04-08,11,La Liga,27,male,Granada,Málaga,elite,experiment3_pooling_ablation,2,242,B-GNN-globalmean,0,0,0.2175302803516388,
266664,2016-04-09,11,La Liga,27,male,Real Sociedad,Barcelona,elite,experiment3_pooling_ablation,2,242,B-GNN-globalmean,1,0,0.15451131761074066,
3825827,2016-04-09,11,La Liga,27,male,Real Betis,Levante UD,elite,experiment3_pooling_ablation,2,242,B-GNN-globalmean,1,0,0.21187593042850494,
3825828,2016-04-09,11,La Liga,27,male,Espanyol,Atlético Madrid,elite,experiment3_pooling_ablation,2,242,B-GNN-globalmean,0,0,0.19894766807556152,
3825856,2016-04-09,11,La Liga,27,male,Real Madrid,Eibar,elite,experiment3_pooling_ablation,2,242,B-GNN-globalmean,1,1,0.9261717796325684,
3825829,2016-04-10,11,La Liga,27,male,Athletic Club,Rayo Vallecano,elite,experiment3_pooling_ablation,2,242,B-GNN-globalmean,1,0,0.19249576330184937,
3825830,2016-04-10,11,La Liga,27,male,Villarreal,Getafe,elite,experiment3_pooling_ablation,2,242,B-GNN-globalmean,1,0,0.3264308571815491,
3825831,2016-04-10,11,La Liga,27,male,Valencia,Sevilla,elite,experiment3_pooling_ablation,2,242,B-GNN-globalmean,1,0,0.356880784034729,
3825832,2016-04-10,11,La Liga,27,male,Sporting Gijón,Celta Vigo,elite,experiment3_pooling_ablation,2,242,B-GNN-globalmean,0,0,0.1256750226020813,
3825863,2016-04-11,11,La Liga,27,male,RC Deportivo La Coruña,Las Palmas,elite,experiment3_pooling_ablation,2,242,B-GNN-globalmean,0,0,0.28805097937583923,
3825857,2016-04-15,11,La Liga,27,male,Levante UD,Espanyol,elite,experiment3_pooling_ablation,2,242,B-GNN-globalmean,1,0,0.23226742446422577,
3825833,2016-04-16,11,La Liga,27,male,Getafe,Real Madrid,elite,experiment3_pooling_ablation,2,242,B-GNN-globalmean,0,0,0.2314809262752533,
3825852,2016-04-16,11,La Liga,27,male,Las Palmas,Sporting Gijón,elite,experiment3_pooling_ablation,2,242,B-GNN-globalmean,0,0,0.30058103799819946,
3825889,2016-04-16,11,La Liga,27,male,Celta Vigo,Real Betis,elite,experiment3_pooling_ablation,2,242,B-GNN-globalmean,0,1,0.5154568552970886,
3825897,2016-04-16,11,La Liga,27,male,Eibar,Real Sociedad,elite,experiment3_pooling_ablation,2,242,B-GNN-globalmean,1,0,0.28696486353874207,
266557,2016-04-17,11,La Liga,27,male,Barcelona,Valencia,elite,experiment3_pooling_ablation,2,242,B-GNN-globalmean,0,1,0.786442220211029,
3825834,2016-04-17,11,La Liga,27,male,Atlético Madrid,Granada,elite,experiment3_pooling_ablation,2,242,B-GNN-globalmean,1,1,0.5613943934440613,
3825835,2016-04-17,11,La Liga,27,male,Málaga,Athletic Club,elite,experiment3_pooling_ablation,2,242,B-GNN-globalmean,0,0,0.23528791964054108,
3825836,2016-04-17,11,La Liga,27,male,Rayo Vallecano,Villarreal,elite,experiment3_pooling_ablation,2,242,B-GNN-globalmean,1,1,0.7550464272499084,
3825906,2016-04-17,11,La Liga,27,male,Sevilla,RC Deportivo La Coruña,elite,experiment3_pooling_ablation,2,242,B-GNN-globalmean,0,0,0.40298518538475037,
3825837,2016-04-19,11,La Liga,27,male,Real Betis,Las Palmas,elite,experiment3_pooling_ablation,2,242,B-GNN-globalmean,1,0,0.3456920385360718,
3825862,2016-04-19,11,La Liga,27,male,Espanyol,Celta Vigo,elite,experiment3_pooling_ablation,2,242,B-GNN-globalmean,0,0,0.24118544161319733,
266310,2016-04-20,11,La Liga,27,male,RC Deportivo La Coruña,Barcelona,elite,experiment3_pooling_ablation,2,242,B-GNN-globalmean,0,1,0.573027491569519,
3825838,2016-04-20,11,La Liga,27,male,Athletic Club,Atlético Madrid,elite,experiment3_pooling_ablation,2,242,B-GNN-globalmean,0,0,0.25939080119132996,
3825839,2016-04-20,11,La Liga,27,male,Sporting Gijón,Sevilla,elite,experiment3_pooling_ablation,2,242,B-GNN-globalmean,1,0,0.2403266578912735,
3825840,2016-04-20,11,La Liga,27,male,Valencia,Eibar,elite,experiment3_pooling_ablation,2,242,B-GNN-globalmean,1,1,0.9570336937904358,
3825843,2016-04-20,11,La Liga,27,male,Málaga,Rayo Vallecano,elite,experiment3_pooling_ablation,2,242,B-GNN-globalmean,0,0,0.28043511509895325,
3825893,2016-04-20,11,La Liga,27,male,Real Madrid,Villarreal,elite,experiment3_pooling_ablation,2,242,B-GNN-globalmean,1,1,0.8154174089431763,
3825841,2016-04-21,11,La Liga,27,male,Real Sociedad,Getafe,elite,experiment3_pooling_ablation,2,242,B-GNN-globalmean,0,0,0.36804404854774475,
3825896,2016-04-21,11,La Liga,27,male,Granada,Levante UD,elite,experiment3_pooling_ablation,2,242,B-GNN-globalmean,1,1,0.9816486835479736,
3825871,2016-04-22,11,La Liga,27,male,Las Palmas,Espanyol,elite,experiment3_pooling_ablation,2,242,B-GNN-globalmean,1,1,0.5814812779426575,
265944,2016-04-23,11,La Liga,27,male,Barcelona,Sporting Gijón,elite,experiment3_pooling_ablation,2,242,B-GNN-globalmean,1,1,0.9899449944496155,
3825847,2016-04-23,11,La Liga,27,male,Eibar,RC Deportivo La Coruña,elite,experiment3_pooling_ablation,2,242,B-GNN-globalmean,0,0,0.2599896490573883,
3825886,2016-04-23,11,La Liga,27,male,Rayo Vallecano,Real Madrid,elite,experiment3_pooling_ablation,2,242,B-GNN-globalmean,0,0,0.3492514193058014,
3825890,2016-04-23,11,La Liga,27,male,Atlético Madrid,Málaga,elite,experiment3_pooling_ablation,2,242,B-GNN-globalmean,1,0,0.18914015591144562,
3825842,2016-04-24,11,La Liga,27,male,Levante UD,Athletic Club,elite,experiment3_pooling_ablation,2,242,B-GNN-globalmean,0,0,0.15927061438560486,
3825875,2016-04-24,11,La Liga,27,male,Villarreal,Real Sociedad,elite,experiment3_pooling_ablation,2,242,B-GNN-globalmean,0,0,0.1892586648464203,
3825884,2016-04-24,11,La Liga,27,male,Sevilla,Real Betis,elite,experiment3_pooling_ablation,2,242,B-GNN-globalmean,1,0,0.2826691269874573,
3825899,2016-04-24,11,La Liga,27,male,Getafe,Valencia,elite,experiment3_pooling_ablation,2,242,B-GNN-globalmean,0,0,0.30891600251197815,
3825868,2016-04-25,11,La Liga,27,male,Celta Vigo,Granada,elite,experiment3_pooling_ablation,2,242,B-GNN-globalmean,1,1,0.9069453477859497,
3825854,2016-04-29,11,La Liga,27,male,Sporting Gijón,Eibar,elite,experiment3_pooling_ablation,2,242,B-GNN-globalmean,1,0,0.17349858582019806,
266986,2016-04-30,11,La Liga,27,male,Real Betis,Barcelona,elite,experiment3_pooling_ablation,2,242,B-GNN-globalmean,0,0,0.09899351000785828,
3825859,2016-04-30,11,La Liga,27,male,Granada,Las Palmas,elite,experiment3_pooling_ablation,2,242,B-GNN-globalmean,1,0,0.43388283252716064,
3825864,2016-04-30,11,La Liga,27,male,Real Sociedad,Real Madrid,elite,experiment3_pooling_ablation,2,242,B-GNN-globalmean,0,0,0.23173017799854279,
3825878,2016-04-30,11,La Liga,27,male,Atlético Madrid,Rayo Vallecano,elite,experiment3_pooling_ablation,2,242,B-GNN-globalmean,1,0,0.16499246656894684,
3825845,2016-05-01,11,La Liga,27,male,Espanyol,Sevilla,elite,experiment3_pooling_ablation,2,242,B-GNN-globalmean,1,0,0.2980881333351135,
3825870,2016-05-01,11,La Liga,27,male,Athletic Club,Celta Vigo,elite,experiment3_pooling_ablation,2,242,B-GNN-globalmean,1,1,0.5953740477561951,
3825873,2016-05-01,11,La Liga,27,male,Valencia,Villarreal,elite,experiment3_pooling_ablation,2,242,B-GNN-globalmean,0,0,0.3418938219547272,
3825894,2016-05-01,11,La Liga,27,male,RC Deportivo La Coruña,Getafe,elite,experiment3_pooling_ablation,2,242,B-GNN-globalmean,0,0,0.18319517374038696,
3825855,2016-05-02,11,La Liga,27,male,Málaga,Levante UD,elite,experiment3_pooling_ablation,2,242,B-GNN-globalmean,1,1,0.5403458476066589,
265958,2016-05-08,11,La Liga,27,male,Barcelona,Espanyol,elite,experiment3_pooling_ablation,2,242,B-GNN-globalmean,1,1,0.7242146134376526,
3825850,2016-05-08,11,La Liga,27,male,Celta Vigo,Málaga,elite,experiment3_pooling_ablation,2,242,B-GNN-globalmean,1,1,0.6657910943031311,
3825851,2016-05-08,11,La Liga,27,male,Villarreal,RC Deportivo La Coruña,elite,experiment3_pooling_ablation,2,242,B-GNN-globalmean,0,1,0.5435758233070374,
3825853,2016-05-08,11,La Liga,27,male,Sevilla,Granada,elite,experiment3_pooling_ablation,2,242,B-GNN-globalmean,0,0,0.2220262736082077,
3825860,2016-05-08,11,La Liga,27,male,Levante UD,Atlético Madrid,elite,experiment3_pooling_ablation,2,242,B-GNN-globalmean,1,0,0.3773059844970703,
3825861,2016-05-08,11,La Liga,27,male,Real Sociedad,Rayo Vallecano,elite,experiment3_pooling_ablation,2,242,B-GNN-globalmean,1,0,0.2783505916595459,
3825865,2016-05-08,11,La Liga,27,male,Getafe,Sporting Gijón,elite,experiment3_pooling_ablation,2,242,B-GNN-globalmean,0,0,0.2557210326194763,
3825866,2016-05-08,11,La Liga,27,male,Las Palmas,Athletic Club,elite,experiment3_pooling_ablation,2,242,B-GNN-globalmean,0,0,0.2933579385280609,
3825901,2016-05-08,11,La Liga,27,male,Real Madrid,Valencia,elite,experiment3_pooling_ablation,2,242,B-GNN-globalmean,1,1,0.9000821113586426,
3825904,2016-05-08,11,La Liga,27,male,Eibar,Real Betis,elite,experiment3_pooling_ablation,2,242,B-GNN-globalmean,0,0,0.3805811405181885,
3825849,2016-05-13,11,La Liga,27,male,Valencia,Real Sociedad,elite,experiment3_pooling_ablation,2,242,B-GNN-globalmean,0,0,0.35480356216430664,
267506,2016-05-14,11,La Liga,27,male,Granada,Barcelona,elite,experiment3_pooling_ablation,2,242,B-GNN-globalmean,0,0,0.14158108830451965,
3825846,2016-05-14,11,La Liga,27,male,RC Deportivo La Coruña,Real Madrid,elite,experiment3_pooling_ablation,2,242,B-GNN-globalmean,0,0,0.34122079610824585,
3825869,2016-05-14,11,La Liga,27,male,Athletic Club,Sevilla,elite,experiment3_pooling_ablation,2,242,B-GNN-globalmean,1,1,0.912897527217865,
3825882,2016-05-14,11,La Liga,27,male,Atlético Madrid,Celta Vigo,elite,experiment3_pooling_ablation,2,242,B-GNN-globalmean,1,0,0.2840602397918701,
3825876,2016-05-15,11,La Liga,27,male,Real Betis,Getafe,elite,experiment3_pooling_ablation,2,242,B-GNN-globalmean,1,1,0.811265766620636,
3825883,2016-05-15,11,La Liga,27,male,Málaga,Las Palmas,elite,experiment3_pooling_ablation,2,242,B-GNN-globalmean,1,1,0.5730819702148438,
3825900,2016-05-15,11,La Liga,27,male,Sporting Gijón,Villarreal,elite,experiment3_pooling_ablation,2,242,B-GNN-globalmean,1,0,0.4277290105819702,
3825902,2016-05-15,11,La Liga,27,male,Rayo Vallecano,Levante UD,elite,experiment3_pooling_ablation,2,242,B-GNN-globalmean,1,1,0.8268950581550598,
3825908,2016-05-15,11,La Liga,27,male,Espanyol,Eibar,elite,experiment3_pooling_ablation,2,242,B-GNN-globalmean,1,1,0.6579753756523132,
267670,2016-08-20,11,La Liga,2,male,Barcelona,Real Betis,elite,experiment3_pooling_ablation,2,242,B-GNN-globalmean,1,1,0.9726505279541016,
266892,2016-08-28,11,La Liga,2,male,Athletic Club,Barcelona,elite,experiment3_pooling_ablation,2,242,B-GNN-globalmean,0,0,0.18959176540374756,
267220,2016-09-21,11,La Liga,2,male,Barcelona,Atlético Madrid,elite,experiment3_pooling_ablation,2,242,B-GNN-globalmean,0,1,0.8073229789733887,
267492,2016-10-15,11,La Liga,2,male,Barcelona,RC Deportivo La Coruña,elite,experiment3_pooling_ablation,2,242,B-GNN-globalmean,1,1,0.6874158978462219,
266033,2016-10-22,11,La Liga,2,male,Valencia,Barcelona,elite,experiment3_pooling_ablation,2,242,B-GNN-globalmean,0,0,0.23507541418075562,
267058,2016-10-29,11,La Liga,2,male,Barcelona,Granada,elite,experiment3_pooling_ablation,2,242,B-GNN-globalmean,1,1,0.7564488649368286,
266989,2016-11-06,11,La Liga,2,male,Sevilla,Barcelona,elite,experiment3_pooling_ablation,2,242,B-GNN-globalmean,0,0,0.4730294346809387,
266191,2016-11-27,11,La Liga,2,male,Real Sociedad,Barcelona,elite,experiment3_pooling_ablation,2,242,B-GNN-globalmean,0,1,0.6002064943313599,
267076,2016-12-03,11,La Liga,2,male,Barcelona,Real Madrid,elite,experiment3_pooling_ablation,2,242,B-GNN-globalmean,0,1,0.7087429761886597,
3825787,2016-02-27,11,La Liga,27,male,Real Madrid,Atlético Madrid,elite,experiment3_pooling_ablation,2,242,C-Hybrid-globalmean,0,0,0.39650437235832214,0.4787571132183075
3825788,2016-02-27,11,La Liga,27,male,Getafe,Celta Vigo,elite,experiment3_pooling_ablation,2,242,C-Hybrid-globalmean,0,0,0.37530240416526794,0.4787571132183075
3825789,2016-02-27,11,La Liga,27,male,Real Sociedad,Málaga,elite,experiment3_pooling_ablation,2,242,C-Hybrid-globalmean,0,1,0.6012474298477173,0.4787571132183075
3825790,2016-02-27,11,La Liga,27,male,Sporting Gijón,Espanyol,elite,experiment3_pooling_ablation,2,242,C-Hybrid-globalmean,0,1,0.5649819374084473,0.4787571132183075
3825791,2016-02-27,11,La Liga,27,male,Real Betis,Rayo Vallecano,elite,experiment3_pooling_ablation,2,242,C-Hybrid-globalmean,0,1,0.6757998466491699,0.4787571132183075
265839,2016-02-28,11,La Liga,27,male,Barcelona,Sevilla,elite,experiment3_pooling_ablation,2,242,C-Hybrid-globalmean,1,1,0.7457883954048157,0.4787571132183075
3825792,2016-02-28,11,La Liga,27,male,RC Deportivo La Coruña,Granada,elite,experiment3_pooling_ablation,2,242,C-Hybrid-globalmean,0,1,0.7592576742172241,0.4787571132183075
3825793,2016-02-28,11,La Liga,27,male,Valencia,Athletic Club,elite,experiment3_pooling_ablation,2,242,C-Hybrid-globalmean,0,0,0.48764610290527344,0.4787571132183075
3825794,2016-02-28,11,La Liga,27,male,Villarreal,Levante UD,elite,experiment3_pooling_ablation,2,242,C-Hybrid-globalmean,1,1,0.5695962309837341,0.4787571132183075
3825795,2016-03-01,11,La Liga,27,male,Atlético Madrid,Real Sociedad,elite,experiment3_pooling_ablation,2,242,C-Hybrid-globalmean,1,1,0.677335798740387,0.4787571132183075
3825796,2016-03-01,11,La Liga,27,male,Las Palmas,Getafe,elite,experiment3_pooling_ablation,2,242,C-Hybrid-globalmean,1,1,0.6724077463150024,0.4787571132183075
3825797,2016-03-02,11,La Liga,27,male,Athletic Club,RC Deportivo La Coruña,elite,experiment3_pooling_ablation,2,242,C-Hybrid-globalmean,1,1,0.8880157470703125,0.4787571132183075
3825798,2016-03-02,11,La Liga,27,male,Levante UD,Real Madrid,elite,experiment3_pooling_ablation,2,242,C-Hybrid-globalmean,0,0,0.38292500376701355,0.4787571132183075
3825799,2016-03-02,11,La Liga,27,male,Málaga,Valencia,elite,experiment3_pooling_ablation,2,242,C-Hybrid-globalmean,0,0,0.26816070079803467,0.4787571132183075
3825800,2016-03-02,11,La Liga,27,male,Celta Vigo,Villarreal,elite,experiment3_pooling_ablation,2,242,C-Hybrid-globalmean,0,0,0.35121721029281616,0.4787571132183075
3825801,2016-03-02,11,La Liga,27,male,Sevilla,Eibar,elite,experiment3_pooling_ablation,2,242,C-Hybrid-globalmean,1,1,0.7071477174758911,0.4787571132183075
266653,2016-03-03,11,La Liga,27,male,Rayo Vallecano,Barcelona,elite,experiment3_pooling_ablation,2,242,C-Hybrid-globalmean,0,0,0.41191816329956055,0.4787571132183075
3825802,2016-03-03,11,La Liga,27,male,Espanyol,Real Betis,elite,experiment3_pooling_ablation,2,242,C-Hybrid-globalmean,0,1,0.6229665875434875,0.4787571132183075
3825803,2016-03-03,11,La Liga,27,male,Granada,Sporting Gijón,elite,experiment3_pooling_ablation,2,242,C-Hybrid-globalmean,1,1,0.7987555861473083,0.4787571132183075
3825804,2016-03-05,11,La Liga,27,male,RC Deportivo La Coruña,Málaga,elite,experiment3_pooling_ablation,2,242,C-Hybrid-globalmean,0,1,0.7995021939277649,0.4787571132183075
3825805,2016-03-05,11,La Liga,27,male,Villarreal,Las Palmas,elite,experiment3_pooling_ablation,2,242,C-Hybrid-globalmean,0,0,0.1791902631521225,0.4787571132183075
3825806,2016-03-05,11,La Liga,27,male,Real Madrid,Celta Vigo,elite,experiment3_pooling_ablation,2,242,C-Hybrid-globalmean,1,1,0.7327949404716492,0.4787571132183075
3825867,2016-03-05,11,La Liga,27,male,Getafe,Sevilla,elite,experiment3_pooling_ablation,2,242,C-Hybrid-globalmean,0,0,0.3675420582294464,0.4787571132183075
266056,2016-03-06,11,La Liga,27,male,Eibar,Barcelona,elite,experiment3_pooling_ablation,2,242,C-Hybrid-globalmean,0,0,0.18819712102413177,0.4787571132183075
3825807,2016-03-06,11,La Liga,27,male,Valencia,Atlético Madrid,elite,experiment3_pooling_ablation,2,242,C-Hybrid-globalmean,0,0,0.19312332570552826,0.4787571132183075
3825808,2016-03-06,11,La Liga,27,male,Sporting Gijón,Athletic Club,elite,experiment3_pooling_ablation,2,242,C-Hybrid-globalmean,0,0,0.11480123549699783,0.4787571132183075
3825809,2016-03-06,11,La Liga,27,male,Real Betis,Granada,elite,experiment3_pooling_ablation,2,242,C-Hybrid-globalmean,1,0,0.4314950704574585,0.4787571132183075
3825810,2016-03-06,11,La Liga,27,male,Real Sociedad,Levante UD,elite,experiment3_pooling_ablation,2,242,C-Hybrid-globalmean,0,1,0.5089572072029114,0.4787571132183075
3825811,2016-03-07,11,La Liga,27,male,Espanyol,Rayo Vallecano,elite,experiment3_pooling_ablation,2,242,C-Hybrid-globalmean,1,1,0.8468501567840576,0.4787571132183075
3825812,2016-03-11,11,La Liga,27,male,Málaga,Sporting Gijón,elite,experiment3_pooling_ablation,2,242,C-Hybrid-globalmean,1,0,0.44044139981269836,0.4787571132183075
266498,2016-03-12,11,La Liga,27,male,Barcelona,Getafe,elite,experiment3_pooling_ablation,2,242,C-Hybrid-globalmean,1,1,0.9150798320770264,0.4787571132183075
3825813,2016-03-12,11,La Liga,27,male,Atlético Madrid,RC Deportivo La Coruña,elite,experiment3_pooling_ablation,2,242,C-Hybrid-globalmean,1,1,0.7444977164268494,0.4787571132183075
3825814,2016-03-12,11,La Liga,27,male,Celta Vigo,Real Sociedad,elite,experiment3_pooling_ablation,2,242,C-Hybrid-globalmean,1,0,0.2854868173599243,0.4787571132183075
3825858,2016-03-12,11,La Liga,27,male,Rayo Vallecano,Eibar,elite,experiment3_pooling_ablation,2,242,C-Hybrid-globalmean,0,0,0.42721304297447205,0.4787571132183075
3825815,2016-03-13,11,La Liga,27,male,Levante UD,Valencia,elite,experiment3_pooling_ablation,2,242,C-Hybrid-globalmean,1,0,0.3075455129146576,0.4787571132183075
3825816,2016-03-13,11,La Liga,27,male,Sevilla,Villarreal,elite,experiment3_pooling_ablation,2,242,C-Hybrid-globalmean,1,1,0.8435640931129456,0.4787571132183075
3825844,2016-03-13,11,La Liga,27,male,Athletic Club,Real Betis,elite,experiment3_pooling_ablation,2,242,C-Hybrid-globalmean,1,1,0.8474646210670471,0.4787571132183075
3825879,2016-03-13,11,La Liga,27,male,Las Palmas,Real Madrid,elite,experiment3_pooling_ablation,2,242,C-Hybrid-globalmean,0,0,0.47531387209892273,0.4787571132183075
3825881,2016-03-14,11,La Liga,27,male,Granada,Espanyol,elite,experiment3_pooling_ablation,2,242,C-Hybrid-globalmean,0,0,0.4035428762435913,0.4787571132183075
3825817,2016-03-18,11,La Liga,27,male,Getafe,Eibar,elite,experiment3_pooling_ablation,2,242,C-Hybrid-globalmean,0,0,0.3720996081829071,0.4787571132183075
3825818,2016-03-19,11,La Liga,27,male,Real Sociedad,Las Palmas,elite,experiment3_pooling_ablation,2,242,C-Hybrid-globalmean,0,0,0.23641550540924072,0.4787571132183075
3825880,2016-03-19,11,La Liga,27,male,RC Deportivo La Coruña,Levante UD,elite,experiment3_pooling_ablation,2,242,C-Hybrid-globalmean,1,1,0.55828857421875,0.4787571132183075
3825887,2016-03-19,11,La Liga,27,male,Granada,Rayo Vallecano,elite,experiment3_pooling_ablation,2,242,C-Hybrid-globalmean,0,1,0.857711672782898,0.4787571132183075
3825903,2016-03-19,11,La Liga,27,male,Real Betis,Málaga,elite,experiment3_pooling_ablation,2,242,C-Hybrid-globalmean,0,0,0.3268524408340454,0.4787571132183075
3825907,2016-03-19,11,La Liga,27,male,Sporting Gijón,Atlético Madrid,elite,experiment3_pooling_ablation,2,242,C-Hybrid-globalmean,1,0,0.13590316474437714,0.4787571132183075
266106,2016-03-20,11,La Liga,27,male,Villarreal,Barcelona,elite,experiment3_pooling_ablation,2,242,C-Hybrid-globalmean,0,0,0.24737364053726196,0.4787571132183075
3825819,2016-03-20,11,La Liga,27,male,Valencia,Celta Vigo,elite,experiment3_pooling_ablation,2,242,C-Hybrid-globalmean,0,1,0.5465142130851746,0.4787571132183075
3825820,2016-03-20,11,La Liga,27,male,Real Madrid,Sevilla,elite,experiment3_pooling_ablation,2,242,C-Hybrid-globalmean,1,1,0.9607334136962891,0.4787571132183075
3825821,2016-03-20,11,La Liga,27,male,Espanyol,Athletic Club,elite,experiment3_pooling_ablation,2,242,C-Hybrid-globalmean,1,1,0.5648080110549927,0.4787571132183075
3825885,2016-04-01,11,La Liga,27,male,Rayo Vallecano,Getafe,elite,experiment3_pooling_ablation,2,242,C-Hybrid-globalmean,1,1,0.9642781019210815,0.4787571132183075
267533,2016-04-02,11,La Liga,27,male,Barcelona,Real Madrid,elite,experiment3_pooling_ablation,2,242,C-Hybrid-globalmean,0,0,0.4216049909591675,0.4787571132183075
3825822,2016-04-02,11,La Liga,27,male,Las Palmas,Valencia,elite,experiment3_pooling_ablation,2,242,C-Hybrid-globalmean,1,1,0.7010006904602051,0.4787571132183075
3825872,2016-04-02,11,La Liga,27,male,Atlético Madrid,Real Betis,elite,experiment3_pooling_ablation,2,242,C-Hybrid-globalmean,1,1,0.9624360203742981,0.4787571132183075
3825898,2016-04-02,11,La Liga,27,male,Celta Vigo,RC Deportivo La Coruña,elite,experiment3_pooling_ablation,2,242,C-Hybrid-globalmean,0,0,0.2409358024597168,0.4787571132183075
3825823,2016-04-03,11,La Liga,27,male,Sevilla,Real Sociedad,elite,experiment3_pooling_ablation,2,242,C-Hybrid-globalmean,0,1,0.5785401463508606,0.4787571132183075
3825824,2016-04-03,11,La Liga,27,male,Eibar,Villarreal,elite,experiment3_pooling_ablation,2,242,C-Hybrid-globalmean,0,0,0.285362184047699,0.4787571132183075
3825877,2016-04-03,11,La Liga,27,male,Athletic Club,Granada,elite,experiment3_pooling_ablation,2,242,C-Hybrid-globalmean,0,1,0.8755158185958862,0.4787571132183075
3825905,2016-04-03,11,La Liga,27,male,Málaga,Espanyol,elite,experiment3_pooling_ablation,2,242,C-Hybrid-globalmean,0,0,0.3810947835445404,0.4787571132183075
3825825,2016-04-04,11,La Liga,27,male,Levante UD,Sporting Gijón,elite,experiment3_pooling_ablation,2,242,C-Hybrid-globalmean,0,0,0.4869880974292755,0.4787571132183075
3825826,2016-04-08,11,La Liga,27,male,Granada,Málaga,elite,experiment3_pooling_ablation,2,242,C-Hybrid-globalmean,0,0,0.21428392827510834,0.4787571132183075
266664,2016-04-09,11,La Liga,27,male,Real Sociedad,Barcelona,elite,experiment3_pooling_ablation,2,242,C-Hybrid-globalmean,1,0,0.35346317291259766,0.4787571132183075
3825827,2016-04-09,11,La Liga,27,male,Real Betis,Levante UD,elite,experiment3_pooling_ablation,2,242,C-Hybrid-globalmean,1,0,0.21846970915794373,0.4787571132183075
3825828,2016-04-09,11,La Liga,27,male,Espanyol,Atlético Madrid,elite,experiment3_pooling_ablation,2,242,C-Hybrid-globalmean,0,0,0.22530771791934967,0.4787571132183075
3825856,2016-04-09,11,La Liga,27,male,Real Madrid,Eibar,elite,experiment3_pooling_ablation,2,242,C-Hybrid-globalmean,1,1,0.9035344123840332,0.4787571132183075
3825829,2016-04-10,11,La Liga,27,male,Athletic Club,Rayo Vallecano,elite,experiment3_pooling_ablation,2,242,C-Hybrid-globalmean,1,0,0.3303839862346649,0.4787571132183075
3825830,2016-04-10,11,La Liga,27,male,Villarreal,Getafe,elite,experiment3_pooling_ablation,2,242,C-Hybrid-globalmean,1,1,0.7249101400375366,0.4787571132183075
3825831,2016-04-10,11,La Liga,27,male,Valencia,Sevilla,elite,experiment3_pooling_ablation,2,242,C-Hybrid-globalmean,1,0,0.41606417298316956,0.4787571132183075
3825832,2016-04-10,11,La Liga,27,male,Sporting Gijón,Celta Vigo,elite,experiment3_pooling_ablation,2,242,C-Hybrid-globalmean,0,0,0.2959150969982147,0.4787571132183075
3825863,2016-04-11,11,La Liga,27,male,RC Deportivo La Coruña,Las Palmas,elite,experiment3_pooling_ablation,2,242,C-Hybrid-globalmean,0,0,0.36814871430397034,0.4787571132183075
3825857,2016-04-15,11,La Liga,27,male,Levante UD,Espanyol,elite,experiment3_pooling_ablation,2,242,C-Hybrid-globalmean,1,0,0.4418475329875946,0.4787571132183075
3825833,2016-04-16,11,La Liga,27,male,Getafe,Real Madrid,elite,experiment3_pooling_ablation,2,242,C-Hybrid-globalmean,0,0,0.18743926286697388,0.4787571132183075
3825852,2016-04-16,11,La Liga,27,male,Las Palmas,Sporting Gijón,elite,experiment3_pooling_ablation,2,242,C-Hybrid-globalmean,0,0,0.4424000382423401,0.4787571132183075
3825889,2016-04-16,11,La Liga,27,male,Celta Vigo,Real Betis,elite,experiment3_pooling_ablation,2,242,C-Hybrid-globalmean,0,1,0.6778177618980408,0.4787571132183075
3825897,2016-04-16,11,La Liga,27,male,Eibar,Real Sociedad,elite,experiment3_pooling_ablation,2,242,C-Hybrid-globalmean,1,1,0.6615161299705505,0.4787571132183075
266557,2016-04-17,11,La Liga,27,male,Barcelona,Valencia,elite,experiment3_pooling_ablation,2,242,C-Hybrid-globalmean,0,1,0.6229327321052551,0.4787571132183075
3825834,2016-04-17,11,La Liga,27,male,Atlético Madrid,Granada,elite,experiment3_pooling_ablation,2,242,C-Hybrid-globalmean,1,1,0.6595675349235535,0.4787571132183075
3825835,2016-04-17,11,La Liga,27,male,Málaga,Athletic Club,elite,experiment3_pooling_ablation,2,242,C-Hybrid-globalmean,0,1,0.5193344354629517,0.4787571132183075
3825836,2016-04-17,11,La Liga,27,male,Rayo Vallecano,Villarreal,elite,experiment3_pooling_ablation,2,242,C-Hybrid-globalmean,1,1,0.7127066850662231,0.4787571132183075
3825906,2016-04-17,11,La Liga,27,male,Sevilla,RC Deportivo La Coruña,elite,experiment3_pooling_ablation,2,242,C-Hybrid-globalmean,0,0,0.3300212323665619,0.4787571132183075
3825837,2016-04-19,11,La Liga,27,male,Real Betis,Las Palmas,elite,experiment3_pooling_ablation,2,242,C-Hybrid-globalmean,1,0,0.27456948161125183,0.4787571132183075
3825862,2016-04-19,11,La Liga,27,male,Espanyol,Celta Vigo,elite,experiment3_pooling_ablation,2,242,C-Hybrid-globalmean,0,0,0.2004130780696869,0.4787571132183075
266310,2016-04-20,11,La Liga,27,male,RC Deportivo La Coruña,Barcelona,elite,experiment3_pooling_ablation,2,242,C-Hybrid-globalmean,0,1,0.5032572746276855,0.4787571132183075
3825838,2016-04-20,11,La Liga,27,male,Athletic Club,Atlético Madrid,elite,experiment3_pooling_ablation,2,242,C-Hybrid-globalmean,0,0,0.15330180525779724,0.4787571132183075
3825839,2016-04-20,11,La Liga,27,male,Sporting Gijón,Sevilla,elite,experiment3_pooling_ablation,2,242,C-Hybrid-globalmean,1,0,0.36629417538642883,0.4787571132183075
3825840,2016-04-20,11,La Liga,27,male,Valencia,Eibar,elite,experiment3_pooling_ablation,2,242,C-Hybrid-globalmean,1,1,0.9303976893424988,0.4787571132183075
3825843,2016-04-20,11,La Liga,27,male,Málaga,Rayo Vallecano,elite,experiment3_pooling_ablation,2,242,C-Hybrid-globalmean,0,0,0.4535634219646454,0.4787571132183075
3825893,2016-04-20,11,La Liga,27,male,Real Madrid,Villarreal,elite,experiment3_pooling_ablation,2,242,C-Hybrid-globalmean,1,1,0.7090582847595215,0.4787571132183075
3825841,2016-04-21,11,La Liga,27,male,Real Sociedad,Getafe,elite,experiment3_pooling_ablation,2,242,C-Hybrid-globalmean,0,1,0.514534592628479,0.4787571132183075
3825896,2016-04-21,11,La Liga,27,male,Granada,Levante UD,elite,experiment3_pooling_ablation,2,242,C-Hybrid-globalmean,1,1,0.9541495442390442,0.4787571132183075
3825871,2016-04-22,11,La Liga,27,male,Las Palmas,Espanyol,elite,experiment3_pooling_ablation,2,242,C-Hybrid-globalmean,1,0,0.3313055634498596,0.4787571132183075
265944,2016-04-23,11,La Liga,27,male,Barcelona,Sporting Gijón,elite,experiment3_pooling_ablation,2,242,C-Hybrid-globalmean,1,1,0.984775960445404,0.4787571132183075
3825847,2016-04-23,11,La Liga,27,male,Eibar,RC Deportivo La Coruña,elite,experiment3_pooling_ablation,2,242,C-Hybrid-globalmean,0,1,0.5550715923309326,0.4787571132183075
3825886,2016-04-23,11,La Liga,27,male,Rayo Vallecano,Real Madrid,elite,experiment3_pooling_ablation,2,242,C-Hybrid-globalmean,0,0,0.3892644941806793,0.4787571132183075
3825890,2016-04-23,11,La Liga,27,male,Atlético Madrid,Málaga,elite,experiment3_pooling_ablation,2,242,C-Hybrid-globalmean,1,0,0.2755591869354248,0.4787571132183075
3825842,2016-04-24,11,La Liga,27,male,Levante UD,Athletic Club,elite,experiment3_pooling_ablation,2,242,C-Hybrid-globalmean,0,0,0.43691620230674744,0.4787571132183075
3825875,2016-04-24,11,La Liga,27,male,Villarreal,Real Sociedad,elite,experiment3_pooling_ablation,2,242,C-Hybrid-globalmean,0,0,0.2798987030982971,0.4787571132183075
3825884,2016-04-24,11,La Liga,27,male,Sevilla,Real Betis,elite,experiment3_pooling_ablation,2,242,C-Hybrid-globalmean,1,0,0.46748459339141846,0.4787571132183075
3825899,2016-04-24,11,La Liga,27,male,Getafe,Valencia,elite,experiment3_pooling_ablation,2,242,C-Hybrid-globalmean,0,0,0.3161519169807434,0.4787571132183075
3825868,2016-04-25,11,La Liga,27,male,Celta Vigo,Granada,elite,experiment3_pooling_ablation,2,242,C-Hybrid-globalmean,1,1,0.8771502375602722,0.4787571132183075
3825854,2016-04-29,11,La Liga,27,male,Sporting Gijón,Eibar,elite,experiment3_pooling_ablation,2,242,C-Hybrid-globalmean,1,0,0.2039516419172287,0.4787571132183075
266986,2016-04-30,11,La Liga,27,male,Real Betis,Barcelona,elite,experiment3_pooling_ablation,2,242,C-Hybrid-globalmean,0,0,0.13483774662017822,0.4787571132183075
3825859,2016-04-30,11,La Liga,27,male,Granada,Las Palmas,elite,experiment3_pooling_ablation,2,242,C-Hybrid-globalmean,1,1,0.6303322315216064,0.4787571132183075
3825864,2016-04-30,11,La Liga,27,male,Real Sociedad,Real Madrid,elite,experiment3_pooling_ablation,2,242,C-Hybrid-globalmean,0,0,0.19567954540252686,0.4787571132183075
3825878,2016-04-30,11,La Liga,27,male,Atlético Madrid,Rayo Vallecano,elite,experiment3_pooling_ablation,2,242,C-Hybrid-globalmean,1,0,0.46684709191322327,0.4787571132183075
3825845,2016-05-01,11,La Liga,27,male,Espanyol,Sevilla,elite,experiment3_pooling_ablation,2,242,C-Hybrid-globalmean,1,0,0.36336466670036316,0.4787571132183075
3825870,2016-05-01,11,La Liga,27,male,Athletic Club,Celta Vigo,elite,experiment3_pooling_ablation,2,242,C-Hybrid-globalmean,1,1,0.6287615299224854,0.4787571132183075
3825873,2016-05-01,11,La Liga,27,male,Valencia,Villarreal,elite,experiment3_pooling_ablation,2,242,C-Hybrid-globalmean,0,0,0.3412797749042511,0.4787571132183075
3825894,2016-05-01,11,La Liga,27,male,RC Deportivo La Coruña,Getafe,elite,experiment3_pooling_ablation,2,242,C-Hybrid-globalmean,0,0,0.38124775886535645,0.4787571132183075
3825855,2016-05-02,11,La Liga,27,male,Málaga,Levante UD,elite,experiment3_pooling_ablation,2,242,C-Hybrid-globalmean,1,1,0.7347120046615601,0.4787571132183075
265958,2016-05-08,11,La Liga,27,male,Barcelona,Espanyol,elite,experiment3_pooling_ablation,2,242,C-Hybrid-globalmean,1,1,0.8451294898986816,0.4787571132183075
3825850,2016-05-08,11,La Liga,27,male,Celta Vigo,Málaga,elite,experiment3_pooling_ablation,2,242,C-Hybrid-globalmean,1,0,0.4236493408679962,0.4787571132183075
3825851,2016-05-08,11,La Liga,27,male,Villarreal,RC Deportivo La Coruña,elite,experiment3_pooling_ablation,2,242,C-Hybrid-globalmean,0,0,0.4034331142902374,0.4787571132183075
3825853,2016-05-08,11,La Liga,27,male,Sevilla,Granada,elite,experiment3_pooling_ablation,2,242,C-Hybrid-globalmean,0,0,0.4107189178466797,0.4787571132183075
3825860,2016-05-08,11,La Liga,27,male,Levante UD,Atlético Madrid,elite,experiment3_pooling_ablation,2,242,C-Hybrid-globalmean,1,0,0.19886799156665802,0.4787571132183075
3825861,2016-05-08,11,La Liga,27,male,Real Sociedad,Rayo Vallecano,elite,experiment3_pooling_ablation,2,242,C-Hybrid-globalmean,1,1,0.6114252805709839,0.4787571132183075
3825865,2016-05-08,11,La Liga,27,male,Getafe,Sporting Gijón,elite,experiment3_pooling_ablation,2,242,C-Hybrid-globalmean,0,1,0.6287486553192139,0.4787571132183075
3825866,2016-05-08,11,La Liga,27,male,Las Palmas,Athletic Club,elite,experiment3_pooling_ablation,2,242,C-Hybrid-globalmean,0,0,0.19650690257549286,0.4787571132183075
3825901,2016-05-08,11,La Liga,27,male,Real Madrid,Valencia,elite,experiment3_pooling_ablation,2,242,C-Hybrid-globalmean,1,1,0.8806366324424744,0.4787571132183075
3825904,2016-05-08,11,La Liga,27,male,Eibar,Real Betis,elite,experiment3_pooling_ablation,2,242,C-Hybrid-globalmean,0,0,0.47169095277786255,0.4787571132183075
3825849,2016-05-13,11,La Liga,27,male,Valencia,Real Sociedad,elite,experiment3_pooling_ablation,2,242,C-Hybrid-globalmean,0,0,0.3964983820915222,0.4787571132183075
267506,2016-05-14,11,La Liga,27,male,Granada,Barcelona,elite,experiment3_pooling_ablation,2,242,C-Hybrid-globalmean,0,0,0.15009722113609314,0.4787571132183075
3825846,2016-05-14,11,La Liga,27,male,RC Deportivo La Coruña,Real Madrid,elite,experiment3_pooling_ablation,2,242,C-Hybrid-globalmean,0,0,0.4924735724925995,0.4787571132183075
3825869,2016-05-14,11,La Liga,27,male,Athletic Club,Sevilla,elite,experiment3_pooling_ablation,2,242,C-Hybrid-globalmean,1,1,0.8955404758453369,0.4787571132183075
3825882,2016-05-14,11,La Liga,27,male,Atlético Madrid,Celta Vigo,elite,experiment3_pooling_ablation,2,242,C-Hybrid-globalmean,1,0,0.43869975209236145,0.4787571132183075
3825876,2016-05-15,11,La Liga,27,male,Real Betis,Getafe,elite,experiment3_pooling_ablation,2,242,C-Hybrid-globalmean,1,0,0.22491510212421417,0.4787571132183075
3825883,2016-05-15,11,La Liga,27,male,Málaga,Las Palmas,elite,experiment3_pooling_ablation,2,242,C-Hybrid-globalmean,1,1,0.8301057815551758,0.4787571132183075
3825900,2016-05-15,11,La Liga,27,male,Sporting Gijón,Villarreal,elite,experiment3_pooling_ablation,2,242,C-Hybrid-globalmean,1,0,0.11992005258798599,0.4787571132183075
3825902,2016-05-15,11,La Liga,27,male,Rayo Vallecano,Levante UD,elite,experiment3_pooling_ablation,2,242,C-Hybrid-globalmean,1,1,0.7396677136421204,0.4787571132183075
3825908,2016-05-15,11,La Liga,27,male,Espanyol,Eibar,elite,experiment3_pooling_ablation,2,242,C-Hybrid-globalmean,1,0,0.45349499583244324,0.4787571132183075
267670,2016-08-20,11,La Liga,2,male,Barcelona,Real Betis,elite,experiment3_pooling_ablation,2,242,C-Hybrid-globalmean,1,1,0.932540237903595,0.4787571132183075
266892,2016-08-28,11,La Liga,2,male,Athletic Club,Barcelona,elite,experiment3_pooling_ablation,2,242,C-Hybrid-globalmean,0,0,0.15452371537685394,0.4787571132183075
267220,2016-09-21,11,La Liga,2,male,Barcelona,Atlético Madrid,elite,experiment3_pooling_ablation,2,242,C-Hybrid-globalmean,0,1,0.5296598672866821,0.4787571132183075
267492,2016-10-15,11,La Liga,2,male,Barcelona,RC Deportivo La Coruña,elite,experiment3_pooling_ablation,2,242,C-Hybrid-globalmean,1,1,0.64935702085495,0.4787571132183075
266033,2016-10-22,11,La Liga,2,male,Valencia,Barcelona,elite,experiment3_pooling_ablation,2,242,C-Hybrid-globalmean,0,0,0.27532047033309937,0.4787571132183075
267058,2016-10-29,11,La Liga,2,male,Barcelona,Granada,elite,experiment3_pooling_ablation,2,242,C-Hybrid-globalmean,1,1,0.6907992959022522,0.4787571132183075
266989,2016-11-06,11,La Liga,2,male,Sevilla,Barcelona,elite,experiment3_pooling_ablation,2,242,C-Hybrid-globalmean,0,0,0.16474765539169312,0.4787571132183075
266191,2016-11-27,11,La Liga,2,male,Real Sociedad,Barcelona,elite,experiment3_pooling_ablation,2,242,C-Hybrid-globalmean,0,0,0.49454382061958313,0.4787571132183075
267076,2016-12-03,11,La Liga,2,male,Barcelona,Real Madrid,elite,experiment3_pooling_ablation,2,242,C-Hybrid-globalmean,0,1,0.5923796892166138,0.4787571132183075
266357,2016-12-10,11,La Liga,2,male,Osasuna,Barcelona,elite,experiment3_pooling_ablation,3,342,B-GNN-globalmean,0,0,0.0671931654214859,
266528,2016-12-18,11,La Liga,2,male,Barcelona,Espanyol,elite,experiment3_pooling_ablation,3,342,B-GNN-globalmean,1,1,0.9331163763999939,
266477,2017-01-08,11,La Liga,2,male,Villarreal,Barcelona,elite,experiment3_pooling_ablation,3,342,B-GNN-globalmean,0,0,0.25777530670166016,
267395,2017-01-14,11,La Liga,2,male,Barcelona,Las Palmas,elite,experiment3_pooling_ablation,3,342,B-GNN-globalmean,1,1,0.964210033416748,
266731,2017-01-22,11,La Liga,2,male,Eibar,Barcelona,elite,experiment3_pooling_ablation,3,342,B-GNN-globalmean,0,0,0.21131493151187897,
266516,2017-01-29,11,La Liga,2,male,Real Betis,Barcelona,elite,experiment3_pooling_ablation,3,342,B-GNN-globalmean,0,0,0.2915725111961365,
266874,2017-02-04,11,La Liga,2,male,Barcelona,Athletic Club,elite,experiment3_pooling_ablation,3,342,B-GNN-globalmean,1,0,0.27625781297683716,
267464,2017-02-26,11,La Liga,2,male,Atlético Madrid,Barcelona,elite,experiment3_pooling_ablation,3,342,B-GNN-globalmean,0,0,0.14711986482143402,
265952,2017-03-01,11,La Liga,2,male,Barcelona,Sporting Gijón,elite,experiment3_pooling_ablation,3,342,B-GNN-globalmean,1,1,0.735481858253479,
266299,2017-03-04,11,La Liga,2,male,Barcelona,Celta Vigo,elite,experiment3_pooling_ablation,3,342,B-GNN-globalmean,1,1,0.6593860387802124,
267660,2017-03-12,11,La Liga,2,male,RC Deportivo La Coruña,Barcelona,elite,experiment3_pooling_ablation,3,342,B-GNN-globalmean,1,0,0.3958357870578766,
266440,2017-03-19,11,La Liga,2,male,Barcelona,Valencia,elite,experiment3_pooling_ablation,3,342,B-GNN-globalmean,1,1,0.8178127408027649,
266280,2017-04-05,11,La Liga,2,male,Barcelona,Sevilla,elite,experiment3_pooling_ablation,3,342,B-GNN-globalmean,1,1,0.701607882976532,
267590,2017-04-08,11,La Liga,2,male,Málaga,Barcelona,elite,experiment3_pooling_ablation,3,342,B-GNN-globalmean,1,0,0.18626393377780914,
267373,2017-04-15,11,La Liga,2,male,Barcelona,Real Sociedad,elite,experiment3_pooling_ablation,3,342,B-GNN-globalmean,1,1,0.8109081387519836,
267569,2017-04-23,11,La Liga,2,male,Real Madrid,Barcelona,elite,experiment3_pooling_ablation,3,342,B-GNN-globalmean,0,1,0.5164943337440491,
267101,2017-04-26,11,La Liga,2,male,Barcelona,Osasuna,elite,experiment3_pooling_ablation,3,342,B-GNN-globalmean,1,1,0.8933340907096863,
267077,2017-04-29,11,La Liga,2,male,Espanyol,Barcelona,elite,experiment3_pooling_ablation,3,342,B-GNN-globalmean,0,0,0.23910190165042877,
266952,2017-05-06,11,La Liga,2,male,Barcelona,Villarreal,elite,experiment3_pooling_ablation,3,342,B-GNN-globalmean,1,1,0.9806267619132996,
267039,2017-05-14,11,La Liga,2,male,Las Palmas,Barcelona,elite,experiment3_pooling_ablation,3,342,B-GNN-globalmean,0,0,0.18551792204380035,
267432,2017-05-21,11,La Liga,2,male,Barcelona,Eibar,elite,experiment3_pooling_ablation,3,342,B-GNN-globalmean,1,1,0.9933736324310303,
9575,2017-08-20,11,La Liga,1,male,Barcelona,Real Betis,elite,experiment3_pooling_ablation,3,342,B-GNN-globalmean,1,0,0.47856032848358154,
9581,2017-08-26,11,La Liga,1,male,Deportivo Alavés,Barcelona,elite,experiment3_pooling_ablation,3,342,B-GNN-globalmean,0,0,0.1804288923740387,
9592,2017-09-09,11,La Liga,1,male,Barcelona,Espanyol,elite,experiment3_pooling_ablation,3,342,B-GNN-globalmean,1,1,0.9895099401473999,
9602,2017-09-16,11,La Liga,1,male,Getafe,Barcelona,elite,experiment3_pooling_ablation,3,342,B-GNN-globalmean,0,0,0.17880463600158691,
9609,2017-09-19,11,La Liga,1,male,Barcelona,Eibar,elite,experiment3_pooling_ablation,3,342,B-GNN-globalmean,1,1,0.7694451808929443,
9636,2017-10-01,11,La Liga,1,male,Barcelona,Las Palmas,elite,experiment3_pooling_ablation,3,342,B-GNN-globalmean,1,1,0.9989019632339478,
9642,2017-10-14,11,La Liga,1,male,Atlético Madrid,Barcelona,elite,experiment3_pooling_ablation,3,342,B-GNN-globalmean,0,0,0.3595944941043854,
9650,2017-10-21,11,La Liga,1,male,Barcelona,Málaga,elite,experiment3_pooling_ablation,3,342,B-GNN-globalmean,1,1,0.9713725447654724,
9661,2017-10-28,11,La Liga,1,male,Athletic Club,Barcelona,elite,experiment3_pooling_ablation,3,342,B-GNN-globalmean,0,0,0.2899760603904724,
9673,2017-11-04,11,La Liga,1,male,Barcelona,Sevilla,elite,experiment3_pooling_ablation,3,342,B-GNN-globalmean,1,1,0.638343334197998,
9695,2017-11-26,11,La Liga,1,male,Valencia,Barcelona,elite,experiment3_pooling_ablation,3,342,B-GNN-globalmean,0,0,0.3595287501811981,
9700,2017-12-02,11,La Liga,1,male,Barcelona,Celta Vigo,elite,experiment3_pooling_ablation,3,342,B-GNN-globalmean,0,1,0.9854924082756042,
9717,2017-12-10,11,La Liga,1,male,Villarreal,Barcelona,elite,experiment3_pooling_ablation,3,342,B-GNN-globalmean,0,0,0.408587783575058,
9726,2017-12-17,11,La Liga,1,male,Barcelona,RC Deportivo La Coruña,elite,experiment3_pooling_ablation,3,342,B-GNN-globalmean,1,1,0.9992788434028625,
9736,2017-12-23,11,La Liga,1,male,Real Madrid,Barcelona,elite,experiment3_pooling_ablation,3,342,B-GNN-globalmean,0,0,0.3553236424922943,
9742,2018-01-07,11,La Liga,1,male,Barcelona,Levante UD,elite,experiment3_pooling_ablation,3,342,B-GNN-globalmean,1,1,0.9793633818626404,
9754,2018-01-14,11,La Liga,1,male,Real Sociedad,Barcelona,elite,experiment3_pooling_ablation,3,342,B-GNN-globalmean,0,0,0.37515294551849365,
9765,2018-01-21,11,La Liga,1,male,Real Betis,Barcelona,elite,experiment3_pooling_ablation,3,342,B-GNN-globalmean,0,1,0.5528004169464111,
9774,2018-01-28,11,La Liga,1,male,Barcelona,Deportivo Alavés,elite,experiment3_pooling_ablation,3,342,B-GNN-globalmean,1,1,0.9380348324775696,
9783,2018-02-04,11,La Liga,1,male,Espanyol,Barcelona,elite,experiment3_pooling_ablation,3,342,B-GNN-globalmean,0,0,0.18254275619983673,
9794,2018-02-11,11,La Liga,1,male,Barcelona,Getafe,elite,experiment3_pooling_ablation,3,342,B-GNN-globalmean,0,1,0.7612870335578918,
9799,2018-02-17,11,La Liga,1,male,Eibar,Barcelona,elite,experiment3_pooling_ablation,3,342,B-GNN-globalmean,0,0,0.23482587933540344,
9827,2018-03-01,11,La Liga,1,male,Las Palmas,Barcelona,elite,experiment3_pooling_ablation,3,342,B-GNN-globalmean,0,0,0.1687500774860382,
9837,2018-03-04,11,La Liga,1,male,Barcelona,Atlético Madrid,elite,experiment3_pooling_ablation,3,342,B-GNN-globalmean,1,0,0.355975866317749,
9855,2018-03-18,11,La Liga,1,male,Barcelona,Athletic Club,elite,experiment3_pooling_ablation,3,342,B-GNN-globalmean,1,0,0.3641068637371063,
9860,2018-03-31,11,La Liga,1,male,Sevilla,Barcelona,elite,experiment3_pooling_ablation,3,342,B-GNN-globalmean,0,1,0.7935603260993958,
9870,2018-04-07,11,La Liga,1,male,Barcelona,Leganés,elite,experiment3_pooling_ablation,3,342,B-GNN-globalmean,1,1,0.970913827419281,
9880,2018-04-14,11,La Liga,1,male,Barcelona,Valencia,elite,experiment3_pooling_ablation,3,342,B-GNN-globalmean,1,1,0.8937830328941345,
9889,2018-04-17,11,La Liga,1,male,Celta Vigo,Barcelona,elite,experiment3_pooling_ablation,3,342,B-GNN-globalmean,0,1,0.8282501101493835,
266357,2016-12-10,11,La Liga,2,male,Osasuna,Barcelona,elite,experiment3_pooling_ablation,3,342,C-Hybrid-globalmean,0,0,0.1101151704788208,0.4884839653968811
266528,2016-12-18,11,La Liga,2,male,Barcelona,Espanyol,elite,experiment3_pooling_ablation,3,342,C-Hybrid-globalmean,1,1,0.8497219681739807,0.4884839653968811
266477,2017-01-08,11,La Liga,2,male,Villarreal,Barcelona,elite,experiment3_pooling_ablation,3,342,C-Hybrid-globalmean,0,0,0.21371950209140778,0.4884839653968811
267395,2017-01-14,11,La Liga,2,male,Barcelona,Las Palmas,elite,experiment3_pooling_ablation,3,342,C-Hybrid-globalmean,1,1,0.9267715811729431,0.4884839653968811
266731,2017-01-22,11,La Liga,2,male,Eibar,Barcelona,elite,experiment3_pooling_ablation,3,342,C-Hybrid-globalmean,0,0,0.2523719072341919,0.4884839653968811
266516,2017-01-29,11,La Liga,2,male,Real Betis,Barcelona,elite,experiment3_pooling_ablation,3,342,C-Hybrid-globalmean,0,0,0.16376212239265442,0.4884839653968811
266874,2017-02-04,11,La Liga,2,male,Barcelona,Athletic Club,elite,experiment3_pooling_ablation,3,342,C-Hybrid-globalmean,1,1,0.5289036631584167,0.4884839653968811
267464,2017-02-26,11,La Liga,2,male,Atlético Madrid,Barcelona,elite,experiment3_pooling_ablation,3,342,C-Hybrid-globalmean,0,0,0.1310831755399704,0.4884839653968811
265952,2017-03-01,11,La Liga,2,male,Barcelona,Sporting Gijón,elite,experiment3_pooling_ablation,3,342,C-Hybrid-globalmean,1,1,0.7465355396270752,0.4884839653968811
266299,2017-03-04,11,La Liga,2,male,Barcelona,Celta Vigo,elite,experiment3_pooling_ablation,3,342,C-Hybrid-globalmean,1,1,0.817579448223114,0.4884839653968811
267660,2017-03-12,11,La Liga,2,male,RC Deportivo La Coruña,Barcelona,elite,experiment3_pooling_ablation,3,342,C-Hybrid-globalmean,1,0,0.15240710973739624,0.4884839653968811
266440,2017-03-19,11,La Liga,2,male,Barcelona,Valencia,elite,experiment3_pooling_ablation,3,342,C-Hybrid-globalmean,1,1,0.9531952142715454,0.4884839653968811
266280,2017-04-05,11,La Liga,2,male,Barcelona,Sevilla,elite,experiment3_pooling_ablation,3,342,C-Hybrid-globalmean,1,1,0.7928628325462341,0.4884839653968811
267590,2017-04-08,11,La Liga,2,male,Málaga,Barcelona,elite,experiment3_pooling_ablation,3,342,C-Hybrid-globalmean,1,0,0.31938260793685913,0.4884839653968811
267373,2017-04-15,11,La Liga,2,male,Barcelona,Real Sociedad,elite,experiment3_pooling_ablation,3,342,C-Hybrid-globalmean,1,1,0.8425057530403137,0.4884839653968811
267569,2017-04-23,11,La Liga,2,male,Real Madrid,Barcelona,elite,experiment3_pooling_ablation,3,342,C-Hybrid-globalmean,0,1,0.73811936378479,0.4884839653968811
267101,2017-04-26,11,La Liga,2,male,Barcelona,Osasuna,elite,experiment3_pooling_ablation,3,342,C-Hybrid-globalmean,1,1,0.8809046149253845,0.4884839653968811
267077,2017-04-29,11,La Liga,2,male,Espanyol,Barcelona,elite,experiment3_pooling_ablation,3,342,C-Hybrid-globalmean,0,0,0.17206797003746033,0.4884839653968811
266952,2017-05-06,11,La Liga,2,male,Barcelona,Villarreal,elite,experiment3_pooling_ablation,3,342,C-Hybrid-globalmean,1,1,0.886940598487854,0.4884839653968811
267039,2017-05-14,11,La Liga,2,male,Las Palmas,Barcelona,elite,experiment3_pooling_ablation,3,342,C-Hybrid-globalmean,0,0,0.06863997131586075,0.4884839653968811
267432,2017-05-21,11,La Liga,2,male,Barcelona,Eibar,elite,experiment3_pooling_ablation,3,342,C-Hybrid-globalmean,1,1,0.9483641386032104,0.4884839653968811
9575,2017-08-20,11,La Liga,1,male,Barcelona,Real Betis,elite,experiment3_pooling_ablation,3,342,C-Hybrid-globalmean,1,1,0.8123224973678589,0.4884839653968811
9581,2017-08-26,11,La Liga,1,male,Deportivo Alavés,Barcelona,elite,experiment3_pooling_ablation,3,342,C-Hybrid-globalmean,0,0,0.04202669486403465,0.4884839653968811
9592,2017-09-09,11,La Liga,1,male,Barcelona,Espanyol,elite,experiment3_pooling_ablation,3,342,C-Hybrid-globalmean,1,1,0.9646742939949036,0.4884839653968811
9602,2017-09-16,11,La Liga,1,male,Getafe,Barcelona,elite,experiment3_pooling_ablation,3,342,C-Hybrid-globalmean,0,0,0.13819271326065063,0.4884839653968811
9609,2017-09-19,11,La Liga,1,male,Barcelona,Eibar,elite,experiment3_pooling_ablation,3,342,C-Hybrid-globalmean,1,1,0.9436786770820618,0.4884839653968811
9636,2017-10-01,11,La Liga,1,male,Barcelona,Las Palmas,elite,experiment3_pooling_ablation,3,342,C-Hybrid-globalmean,1,1,0.9799278974533081,0.4884839653968811
9642,2017-10-14,11,La Liga,1,male,Atlético Madrid,Barcelona,elite,experiment3_pooling_ablation,3,342,C-Hybrid-globalmean,0,0,0.2698221504688263,0.4884839653968811
9650,2017-10-21,11,La Liga,1,male,Barcelona,Málaga,elite,experiment3_pooling_ablation,3,342,C-Hybrid-globalmean,1,1,0.82976895570755,0.4884839653968811
9661,2017-10-28,11,La Liga,1,male,Athletic Club,Barcelona,elite,experiment3_pooling_ablation,3,342,C-Hybrid-globalmean,0,0,0.28781062364578247,0.4884839653968811
9673,2017-11-04,11,La Liga,1,male,Barcelona,Sevilla,elite,experiment3_pooling_ablation,3,342,C-Hybrid-globalmean,1,1,0.7254105806350708,0.4884839653968811
9695,2017-11-26,11,La Liga,1,male,Valencia,Barcelona,elite,experiment3_pooling_ablation,3,342,C-Hybrid-globalmean,0,0,0.36025771498680115,0.4884839653968811
9700,2017-12-02,11,La Liga,1,male,Barcelona,Celta Vigo,elite,experiment3_pooling_ablation,3,342,C-Hybrid-globalmean,0,1,0.9419533610343933,0.4884839653968811
9717,2017-12-10,11,La Liga,1,male,Villarreal,Barcelona,elite,experiment3_pooling_ablation,3,342,C-Hybrid-globalmean,0,0,0.28250226378440857,0.4884839653968811
9726,2017-12-17,11,La Liga,1,male,Barcelona,RC Deportivo La Coruña,elite,experiment3_pooling_ablation,3,342,C-Hybrid-globalmean,1,1,0.9792465567588806,0.4884839653968811
9736,2017-12-23,11,La Liga,1,male,Real Madrid,Barcelona,elite,experiment3_pooling_ablation,3,342,C-Hybrid-globalmean,0,0,0.4472390413284302,0.4884839653968811
9742,2018-01-07,11,La Liga,1,male,Barcelona,Levante UD,elite,experiment3_pooling_ablation,3,342,C-Hybrid-globalmean,1,1,0.9065113663673401,0.4884839653968811
9754,2018-01-14,11,La Liga,1,male,Real Sociedad,Barcelona,elite,experiment3_pooling_ablation,3,342,C-Hybrid-globalmean,0,0,0.42653974890708923,0.4884839653968811
9765,2018-01-21,11,La Liga,1,male,Real Betis,Barcelona,elite,experiment3_pooling_ablation,3,342,C-Hybrid-globalmean,0,0,0.2187063992023468,0.4884839653968811
9774,2018-01-28,11,La Liga,1,male,Barcelona,Deportivo Alavés,elite,experiment3_pooling_ablation,3,342,C-Hybrid-globalmean,1,1,0.9389240741729736,0.4884839653968811
9783,2018-02-04,11,La Liga,1,male,Espanyol,Barcelona,elite,experiment3_pooling_ablation,3,342,C-Hybrid-globalmean,0,0,0.08492168039083481,0.4884839653968811
9794,2018-02-11,11,La Liga,1,male,Barcelona,Getafe,elite,experiment3_pooling_ablation,3,342,C-Hybrid-globalmean,0,1,0.6858293414115906,0.4884839653968811
9799,2018-02-17,11,La Liga,1,male,Eibar,Barcelona,elite,experiment3_pooling_ablation,3,342,C-Hybrid-globalmean,0,0,0.0986301526427269,0.4884839653968811
9827,2018-03-01,11,La Liga,1,male,Las Palmas,Barcelona,elite,experiment3_pooling_ablation,3,342,C-Hybrid-globalmean,0,0,0.1863342523574829,0.4884839653968811
9837,2018-03-04,11,La Liga,1,male,Barcelona,Atlético Madrid,elite,experiment3_pooling_ablation,3,342,C-Hybrid-globalmean,1,1,0.6131958961486816,0.4884839653968811
9855,2018-03-18,11,La Liga,1,male,Barcelona,Athletic Club,elite,experiment3_pooling_ablation,3,342,C-Hybrid-globalmean,1,1,0.7723122835159302,0.4884839653968811
9860,2018-03-31,11,La Liga,1,male,Sevilla,Barcelona,elite,experiment3_pooling_ablation,3,342,C-Hybrid-globalmean,0,0,0.4113711416721344,0.4884839653968811
9870,2018-04-07,11,La Liga,1,male,Barcelona,Leganés,elite,experiment3_pooling_ablation,3,342,C-Hybrid-globalmean,1,1,0.8900609612464905,0.4884839653968811
9880,2018-04-14,11,La Liga,1,male,Barcelona,Valencia,elite,experiment3_pooling_ablation,3,342,C-Hybrid-globalmean,1,1,0.8606722354888916,0.4884839653968811
9889,2018-04-17,11,La Liga,1,male,Celta Vigo,Barcelona,elite,experiment3_pooling_ablation,3,342,C-Hybrid-globalmean,0,0,0.3919098377227783,0.4884839653968811
9912,2018-04-29,11,La Liga,1,male,RC Deportivo La Coruña,Barcelona,elite,experiment3_pooling_ablation,4,442,B-GNN-globalmean,0,1,0.7946872115135193,
9924,2018-05-06,11,La Liga,1,male,Barcelona,Real Madrid,elite,experiment3_pooling_ablation,4,442,B-GNN-globalmean,0,0,0.45674797892570496,
9928,2018-05-09,11,La Liga,1,male,Barcelona,Villarreal,elite,experiment3_pooling_ablation,4,442,B-GNN-globalmean,1,1,0.9970075488090515,
9948,2018-05-20,11,La Liga,1,male,Barcelona,Real Sociedad,elite,experiment3_pooling_ablation,4,442,B-GNN-globalmean,1,0,0.4067641794681549,
15946,2018-08-18,11,La Liga,4,male,Barcelona,Deportivo Alavés,elite,experiment3_pooling_ablation,4,442,B-GNN-globalmean,1,1,0.8860554099082947,
15956,2018-08-25,11,La Liga,4,male,Real Valladolid,Barcelona,elite,experiment3_pooling_ablation,4,442,B-GNN-globalmean,0,0,0.18525207042694092,
15978,2018-09-15,11,La Liga,4,male,Real Sociedad,Barcelona,elite,experiment3_pooling_ablation,4,442,B-GNN-globalmean,0,0,0.358730286359787,
15998,2018-09-26,11,La Liga,4,male,Leganés,Barcelona,elite,experiment3_pooling_ablation,4,442,B-GNN-globalmean,1,0,0.3560360372066498,
16010,2018-09-29,11,La Liga,4,male,Barcelona,Athletic Club,elite,experiment3_pooling_ablation,4,442,B-GNN-globalmean,0,1,0.975895881652832,
16023,2018-10-07,11,La Liga,4,male,Valencia,Barcelona,elite,experiment3_pooling_ablation,4,442,B-GNN-globalmean,0,0,0.4169783592224121,
16029,2018-10-20,11,La Liga,4,male,Barcelona,Sevilla,elite,experiment3_pooling_ablation,4,442,B-GNN-globalmean,1,1,0.9473406672477722,
16056,2018-11-11,11,La Liga,4,male,Barcelona,Real Betis,elite,experiment3_pooling_ablation,4,442,B-GNN-globalmean,0,1,0.9987859129905701,
16073,2018-11-24,11,La Liga,4,male,Atlético Madrid,Barcelona,elite,experiment3_pooling_ablation,4,442,B-GNN-globalmean,0,0,0.2450861930847168,
16079,2018-12-02,11,La Liga,4,male,Barcelona,Villarreal,elite,experiment3_pooling_ablation,4,442,B-GNN-globalmean,1,0,0.3480702340602875,
16086,2018-12-08,11,La Liga,4,male,Espanyol,Barcelona,elite,experiment3_pooling_ablation,4,442,B-GNN-globalmean,0,0,0.42449235916137695,
16095,2018-12-16,11,La Liga,4,male,Levante UD,Barcelona,elite,experiment3_pooling_ablation,4,442,B-GNN-globalmean,0,0,0.21924525499343872,
16109,2018-12-22,11,La Liga,4,male,Barcelona,Celta Vigo,elite,experiment3_pooling_ablation,4,442,B-GNN-globalmean,1,1,0.7305057644844055,
16120,2019-01-06,11,La Liga,4,male,Getafe,Barcelona,elite,experiment3_pooling_ablation,4,442,B-GNN-globalmean,0,0,0.3751406967639923,
16131,2019-01-13,11,La Liga,4,male,Barcelona,Eibar,elite,experiment3_pooling_ablation,4,442,B-GNN-globalmean,1,1,0.7258346080780029,
16136,2019-01-20,11,La Liga,4,male,Barcelona,Leganés,elite,experiment3_pooling_ablation,4,442,B-GNN-globalmean,1,1,0.997936487197876,
16149,2019-01-27,11,La Liga,4,male,Girona,Barcelona,elite,experiment3_pooling_ablation,4,442,B-GNN-globalmean,0,0,0.30579403042793274,
16157,2019-02-02,11,La Liga,4,male,Barcelona,Valencia,elite,experiment3_pooling_ablation,4,442,B-GNN-globalmean,0,1,0.9152364730834961,
16173,2019-02-10,11,La Liga,4,male,Athletic Club,Barcelona,elite,experiment3_pooling_ablation,4,442,B-GNN-globalmean,0,0,0.34074804186820984,
16182,2019-02-16,11,La Liga,4,male,Barcelona,Real Valladolid,elite,experiment3_pooling_ablation,4,442,B-GNN-globalmean,1,1,0.9997827410697937,
16190,2019-02-23,11,La Liga,4,male,Sevilla,Barcelona,elite,experiment3_pooling_ablation,4,442,B-GNN-globalmean,0,0,0.2710454761981964,
16196,2019-03-02,11,La Liga,4,male,Real Madrid,Barcelona,elite,experiment3_pooling_ablation,4,442,B-GNN-globalmean,0,0,0.3059420883655548,
16205,2019-03-09,11,La Liga,4,male,Barcelona,Rayo Vallecano,elite,experiment3_pooling_ablation,4,442,B-GNN-globalmean,1,1,0.8080753087997437,
16215,2019-03-17,11,La Liga,4,male,Real Betis,Barcelona,elite,experiment3_pooling_ablation,4,442,B-GNN-globalmean,0,1,0.6265034675598145,
16231,2019-03-30,11,La Liga,4,male,Barcelona,Espanyol,elite,experiment3_pooling_ablation,4,442,B-GNN-globalmean,1,1,0.5151195526123047,
16240,2019-04-02,11,La Liga,4,male,Villarreal,Barcelona,elite,experiment3_pooling_ablation,4,442,B-GNN-globalmean,0,1,0.8354184031486511,
16248,2019-04-06,11,La Liga,4,male,Barcelona,Atlético Madrid,elite,experiment3_pooling_ablation,4,442,B-GNN-globalmean,1,0,0.36338305473327637,
16265,2019-04-20,11,La Liga,4,male,Barcelona,Real Sociedad,elite,experiment3_pooling_ablation,4,442,B-GNN-globalmean,1,0,0.34623247385025024,
16275,2019-04-23,11,La Liga,4,male,Deportivo Alavés,Barcelona,elite,experiment3_pooling_ablation,4,442,B-GNN-globalmean,0,0,0.22826096415519714,
16289,2019-04-27,11,La Liga,4,male,Barcelona,Levante UD,elite,experiment3_pooling_ablation,4,442,B-GNN-globalmean,1,1,0.8408377766609192,
16306,2019-05-12,11,La Liga,4,male,Barcelona,Getafe,elite,experiment3_pooling_ablation,4,442,B-GNN-globalmean,1,1,0.931238055229187,
16317,2019-05-19,11,La Liga,4,male,Eibar,Barcelona,elite,experiment3_pooling_ablation,4,442,B-GNN-globalmean,0,0,0.49776750802993774,
303666,2019-09-21,11,La Liga,42,male,Granada,Barcelona,elite,experiment3_pooling_ablation,4,442,B-GNN-globalmean,1,0,0.24507276713848114,
303430,2019-09-24,11,La Liga,42,male,Barcelona,Villarreal,elite,experiment3_pooling_ablation,4,442,B-GNN-globalmean,1,0,0.47108548879623413,
303473,2019-10-06,11,La Liga,42,male,Barcelona,Sevilla,elite,experiment3_pooling_ablation,4,442,B-GNN-globalmean,1,1,0.8792065382003784,
303700,2019-10-19,11,La Liga,42,male,Eibar,Barcelona,elite,experiment3_pooling_ablation,4,442,B-GNN-globalmean,0,0,0.2563377618789673,
303600,2019-10-29,11,La Liga,42,male,Barcelona,Real Valladolid,elite,experiment3_pooling_ablation,4,442,B-GNN-globalmean,1,1,0.9543517827987671,
303504,2019-11-02,11,La Liga,42,male,Levante UD,Barcelona,elite,experiment3_pooling_ablation,4,442,B-GNN-globalmean,1,0,0.3390130400657654,
303487,2019-11-09,11,La Liga,42,male,Barcelona,Celta Vigo,elite,experiment3_pooling_ablation,4,442,B-GNN-globalmean,1,1,0.9002162218093872,
303715,2019-11-23,11,La Liga,42,male,Leganés,Barcelona,elite,experiment3_pooling_ablation,4,442,B-GNN-globalmean,0,0,0.17179042100906372,
303524,2019-12-01,11,La Liga,42,male,Atlético Madrid,Barcelona,elite,experiment3_pooling_ablation,4,442,B-GNN-globalmean,0,0,0.29911941289901733,
303451,2019-12-07,11,La Liga,42,male,Barcelona,Mallorca,elite,experiment3_pooling_ablation,4,442,B-GNN-globalmean,1,1,0.9867708683013916,
303664,2019-12-14,11,La Liga,42,male,Real Sociedad,Barcelona,elite,experiment3_pooling_ablation,4,442,B-GNN-globalmean,0,1,0.8727785348892212,
303596,2019-12-18,11,La Liga,42,male,Barcelona,Real Madrid,elite,experiment3_pooling_ablation,4,442,B-GNN-globalmean,0,0,0.3634353578090668,
303517,2019-12-21,11,La Liga,42,male,Barcelona,Deportivo Alavés,elite,experiment3_pooling_ablation,4,442,B-GNN-globalmean,1,1,0.9743869304656982,
303652,2020-01-04,11,La Liga,42,male,Espanyol,Barcelona,elite,experiment3_pooling_ablation,4,442,B-GNN-globalmean,0,0,0.16225863993167877,
9912,2018-04-29,11,La Liga,1,male,RC Deportivo La Coruña,Barcelona,elite,experiment3_pooling_ablation,4,442,C-Hybrid-globalmean,0,0,0.4555855095386505,0.4862903654575348
9924,2018-05-06,11,La Liga,1,male,Barcelona,Real Madrid,elite,experiment3_pooling_ablation,4,442,C-Hybrid-globalmean,0,1,0.6865985989570618,0.4862903654575348
9928,2018-05-09,11,La Liga,1,male,Barcelona,Villarreal,elite,experiment3_pooling_ablation,4,442,C-Hybrid-globalmean,1,1,0.9442333579063416,0.4862903654575348
9948,2018-05-20,11,La Liga,1,male,Barcelona,Real Sociedad,elite,experiment3_pooling_ablation,4,442,C-Hybrid-globalmean,1,1,0.5193852782249451,0.4862903654575348
15946,2018-08-18,11,La Liga,4,male,Barcelona,Deportivo Alavés,elite,experiment3_pooling_ablation,4,442,C-Hybrid-globalmean,1,1,0.8982254266738892,0.4862903654575348
15956,2018-08-25,11,La Liga,4,male,Real Valladolid,Barcelona,elite,experiment3_pooling_ablation,4,442,C-Hybrid-globalmean,0,0,0.07804571837186813,0.4862903654575348
15978,2018-09-15,11,La Liga,4,male,Real Sociedad,Barcelona,elite,experiment3_pooling_ablation,4,442,C-Hybrid-globalmean,0,0,0.2707469165325165,0.4862903654575348
15998,2018-09-26,11,La Liga,4,male,Leganés,Barcelona,elite,experiment3_pooling_ablation,4,442,C-Hybrid-globalmean,1,0,0.2240106761455536,0.4862903654575348
16010,2018-09-29,11,La Liga,4,male,Barcelona,Athletic Club,elite,experiment3_pooling_ablation,4,442,C-Hybrid-globalmean,0,1,0.9609739780426025,0.4862903654575348
16023,2018-10-07,11,La Liga,4,male,Valencia,Barcelona,elite,experiment3_pooling_ablation,4,442,C-Hybrid-globalmean,0,0,0.42081835865974426,0.4862903654575348
16029,2018-10-20,11,La Liga,4,male,Barcelona,Sevilla,elite,experiment3_pooling_ablation,4,442,C-Hybrid-globalmean,1,1,0.9532158970832825,0.4862903654575348
16056,2018-11-11,11,La Liga,4,male,Barcelona,Real Betis,elite,experiment3_pooling_ablation,4,442,C-Hybrid-globalmean,0,1,0.9920622110366821,0.4862903654575348
16073,2018-11-24,11,La Liga,4,male,Atlético Madrid,Barcelona,elite,experiment3_pooling_ablation,4,442,C-Hybrid-globalmean,0,0,0.22748823463916779,0.4862903654575348
16079,2018-12-02,11,La Liga,4,male,Barcelona,Villarreal,elite,experiment3_pooling_ablation,4,442,C-Hybrid-globalmean,1,1,0.7388368844985962,0.4862903654575348
16086,2018-12-08,11,La Liga,4,male,Espanyol,Barcelona,elite,experiment3_pooling_ablation,4,442,C-Hybrid-globalmean,0,0,0.15816284716129303,0.4862903654575348
16095,2018-12-16,11,La Liga,4,male,Levante UD,Barcelona,elite,experiment3_pooling_ablation,4,442,C-Hybrid-globalmean,0,0,0.07315951585769653,0.4862903654575348
16109,2018-12-22,11,La Liga,4,male,Barcelona,Celta Vigo,elite,experiment3_pooling_ablation,4,442,C-Hybrid-globalmean,1,1,0.859779417514801,0.4862903654575348
16120,2019-01-06,11,La Liga,4,male,Getafe,Barcelona,elite,experiment3_pooling_ablation,4,442,C-Hybrid-globalmean,0,0,0.4595264792442322,0.4862903654575348
16131,2019-01-13,11,La Liga,4,male,Barcelona,Eibar,elite,experiment3_pooling_ablation,4,442,C-Hybrid-globalmean,1,1,0.9030123353004456,0.4862903654575348
16136,2019-01-20,11,La Liga,4,male,Barcelona,Leganés,elite,experiment3_pooling_ablation,4,442,C-Hybrid-globalmean,1,1,0.9497064352035522,0.4862903654575348
16149,2019-01-27,11,La Liga,4,male,Girona,Barcelona,elite,experiment3_pooling_ablation,4,442,C-Hybrid-globalmean,0,0,0.1925700455904007,0.4862903654575348
16157,2019-02-02,11,La Liga,4,male,Barcelona,Valencia,elite,experiment3_pooling_ablation,4,442,C-Hybrid-globalmean,0,1,0.9679960012435913,0.4862903654575348
16173,2019-02-10,11,La Liga,4,male,Athletic Club,Barcelona,elite,experiment3_pooling_ablation,4,442,C-Hybrid-globalmean,0,0,0.3556942343711853,0.4862903654575348
16182,2019-02-16,11,La Liga,4,male,Barcelona,Real Valladolid,elite,experiment3_pooling_ablation,4,442,C-Hybrid-globalmean,1,1,0.9879192113876343,0.4862903654575348
16190,2019-02-23,11,La Liga,4,male,Sevilla,Barcelona,elite,experiment3_pooling_ablation,4,442,C-Hybrid-globalmean,0,0,0.3979669213294983,0.4862903654575348
16196,2019-03-02,11,La Liga,4,male,Real Madrid,Barcelona,elite,experiment3_pooling_ablation,4,442,C-Hybrid-globalmean,0,0,0.45307621359825134,0.4862903654575348
16205,2019-03-09,11,La Liga,4,male,Barcelona,Rayo Vallecano,elite,experiment3_pooling_ablation,4,442,C-Hybrid-globalmean,1,1,0.9122821092605591,0.4862903654575348
16215,2019-03-17,11,La Liga,4,male,Real Betis,Barcelona,elite,experiment3_pooling_ablation,4,442,C-Hybrid-globalmean,0,0,0.21568232774734497,0.4862903654575348
16231,2019-03-30,11,La Liga,4,male,Barcelona,Espanyol,elite,experiment3_pooling_ablation,4,442,C-Hybrid-globalmean,1,1,0.8847917318344116,0.4862903654575348
16240,2019-04-02,11,La Liga,4,male,Villarreal,Barcelona,elite,experiment3_pooling_ablation,4,442,C-Hybrid-globalmean,0,0,0.46618539094924927,0.4862903654575348
16248,2019-04-06,11,La Liga,4,male,Barcelona,Atlético Madrid,elite,experiment3_pooling_ablation,4,442,C-Hybrid-globalmean,1,1,0.6295812726020813,0.4862903654575348
16265,2019-04-20,11,La Liga,4,male,Barcelona,Real Sociedad,elite,experiment3_pooling_ablation,4,442,C-Hybrid-globalmean,1,1,0.754607081413269,0.4862903654575348
16275,2019-04-23,11,La Liga,4,male,Deportivo Alavés,Barcelona,elite,experiment3_pooling_ablation,4,442,C-Hybrid-globalmean,0,0,0.08224508166313171,0.4862903654575348
16289,2019-04-27,11,La Liga,4,male,Barcelona,Levante UD,elite,experiment3_pooling_ablation,4,442,C-Hybrid-globalmean,1,1,0.8840654492378235,0.4862903654575348
16306,2019-05-12,11,La Liga,4,male,Barcelona,Getafe,elite,experiment3_pooling_ablation,4,442,C-Hybrid-globalmean,1,1,0.8826408386230469,0.4862903654575348
16317,2019-05-19,11,La Liga,4,male,Eibar,Barcelona,elite,experiment3_pooling_ablation,4,442,C-Hybrid-globalmean,0,0,0.19428414106369019,0.4862903654575348
303666,2019-09-21,11,La Liga,42,male,Granada,Barcelona,elite,experiment3_pooling_ablation,4,442,C-Hybrid-globalmean,1,0,0.1812017261981964,0.4862903654575348
303430,2019-09-24,11,La Liga,42,male,Barcelona,Villarreal,elite,experiment3_pooling_ablation,4,442,C-Hybrid-globalmean,1,1,0.6275057792663574,0.4862903654575348
303473,2019-10-06,11,La Liga,42,male,Barcelona,Sevilla,elite,experiment3_pooling_ablation,4,442,C-Hybrid-globalmean,1,1,0.7385695576667786,0.4862903654575348
303700,2019-10-19,11,La Liga,42,male,Eibar,Barcelona,elite,experiment3_pooling_ablation,4,442,C-Hybrid-globalmean,0,0,0.267192542552948,0.4862903654575348
303600,2019-10-29,11,La Liga,42,male,Barcelona,Real Valladolid,elite,experiment3_pooling_ablation,4,442,C-Hybrid-globalmean,1,1,0.8569673895835876,0.4862903654575348
303504,2019-11-02,11,La Liga,42,male,Levante UD,Barcelona,elite,experiment3_pooling_ablation,4,442,C-Hybrid-globalmean,1,0,0.23337635397911072,0.4862903654575348
303487,2019-11-09,11,La Liga,42,male,Barcelona,Celta Vigo,elite,experiment3_pooling_ablation,4,442,C-Hybrid-globalmean,1,1,0.9214483499526978,0.4862903654575348
303715,2019-11-23,11,La Liga,42,male,Leganés,Barcelona,elite,experiment3_pooling_ablation,4,442,C-Hybrid-globalmean,0,0,0.10349453240633011,0.4862903654575348
303524,2019-12-01,11,La Liga,42,male,Atlético Madrid,Barcelona,elite,experiment3_pooling_ablation,4,442,C-Hybrid-globalmean,0,0,0.09592966735363007,0.4862903654575348
303451,2019-12-07,11,La Liga,42,male,Barcelona,Mallorca,elite,experiment3_pooling_ablation,4,442,C-Hybrid-globalmean,1,1,0.9851707816123962,0.4862903654575348
303664,2019-12-14,11,La Liga,42,male,Real Sociedad,Barcelona,elite,experiment3_pooling_ablation,4,442,C-Hybrid-globalmean,0,0,0.22412094473838806,0.4862903654575348
303596,2019-12-18,11,La Liga,42,male,Barcelona,Real Madrid,elite,experiment3_pooling_ablation,4,442,C-Hybrid-globalmean,0,1,0.5774208903312683,0.4862903654575348
303517,2019-12-21,11,La Liga,42,male,Barcelona,Deportivo Alavés,elite,experiment3_pooling_ablation,4,442,C-Hybrid-globalmean,1,1,0.947677493095398,0.4862903654575348
303652,2020-01-04,11,La Liga,42,male,Espanyol,Barcelona,elite,experiment3_pooling_ablation,4,442,C-Hybrid-globalmean,0,0,0.2074825018644333,0.4862903654575348
303610,2020-01-19,11,La Liga,42,male,Barcelona,Granada,elite,experiment3_pooling_ablation,5,542,B-GNN-globalmean,1,1,0.8887893557548523,
303400,2020-01-25,11,La Liga,42,male,Valencia,Barcelona,elite,experiment3_pooling_ablation,5,542,B-GNN-globalmean,1,0,0.3005560636520386,
303682,2020-02-02,11,La Liga,42,male,Barcelona,Levante UD,elite,experiment3_pooling_ablation,5,542,B-GNN-globalmean,1,1,0.8778213858604431,
303707,2020-02-09,11,La Liga,42,male,Real Betis,Barcelona,elite,experiment3_pooling_ablation,5,542,B-GNN-globalmean,0,1,0.51589435338974,
303377,2020-02-15,11,La Liga,42,male,Barcelona,Getafe,elite,experiment3_pooling_ablation,5,542,B-GNN-globalmean,1,1,0.6524555683135986,
303731,2020-02-22,11,La Liga,42,male,Barcelona,Eibar,elite,experiment3_pooling_ablation,5,542,B-GNN-globalmean,1,1,0.9272931218147278,
303470,2020-03-01,11,La Liga,42,male,Real Madrid,Barcelona,elite,experiment3_pooling_ablation,5,542,B-GNN-globalmean,1,1,0.5306458473205566,
303479,2020-03-07,11,La Liga,42,male,Barcelona,Real Sociedad,elite,experiment3_pooling_ablation,5,542,B-GNN-globalmean,1,1,0.8671352863311768,
303548,2020-06-13,11,La Liga,42,male,Mallorca,Barcelona,elite,experiment3_pooling_ablation,5,542,B-GNN-globalmean,0,0,0.29448366165161133,
303532,2020-06-16,11,La Liga,42,male,Barcelona,Leganés,elite,experiment3_pooling_ablation,5,542,B-GNN-globalmean,1,1,0.8264753818511963,
303674,2020-06-19,11,La Liga,42,male,Sevilla,Barcelona,elite,experiment3_pooling_ablation,5,542,B-GNN-globalmean,0,0,0.27657458186149597,
303493,2020-06-23,11,La Liga,42,male,Barcelona,Athletic Club,elite,experiment3_pooling_ablation,5,542,B-GNN-globalmean,1,1,0.6328274607658386,
303516,2020-06-27,11,La Liga,42,male,Celta Vigo,Barcelona,elite,experiment3_pooling_ablation,5,542,B-GNN-globalmean,0,0,0.29304203391075134,
303696,2020-06-30,11,La Liga,42,male,Barcelona,Atlético Madrid,elite,experiment3_pooling_ablation,5,542,B-GNN-globalmean,0,1,0.8248721361160278,
303725,2020-07-05,11,La Liga,42,male,Villarreal,Barcelona,elite,experiment3_pooling_ablation,5,542,B-GNN-globalmean,0,0,0.2622441053390503,
303615,2020-07-08,11,La Liga,42,male,Barcelona,Espanyol,elite,experiment3_pooling_ablation,5,542,B-GNN-globalmean,1,1,0.755591630935669,
303680,2020-07-11,11,La Liga,42,male,Real Valladolid,Barcelona,elite,experiment3_pooling_ablation,5,542,B-GNN-globalmean,0,0,0.287824809551239,
303634,2020-07-16,11,La Liga,42,male,Barcelona,Osasuna,elite,experiment3_pooling_ablation,5,542,B-GNN-globalmean,0,1,0.7659592628479004,
303421,2020-07-19,11,La Liga,42,male,Deportivo Alavés,Barcelona,elite,experiment3_pooling_ablation,5,542,B-GNN-globalmean,0,0,0.25154343247413635,
3773593,2020-09-27,11,La Liga,90,male,Barcelona,Villarreal,elite,experiment3_pooling_ablation,5,542,B-GNN-globalmean,1,1,0.9457341432571411,
3773466,2020-10-01,11,La Liga,90,male,Celta Vigo,Barcelona,elite,experiment3_pooling_ablation,5,542,B-GNN-globalmean,0,0,0.24020127952098846,
3773672,2020-10-04,11,La Liga,90,male,Barcelona,Sevilla,elite,experiment3_pooling_ablation,5,542,B-GNN-globalmean,0,1,0.5631276369094849,
3773587,2020-10-17,11,La Liga,90,male,Getafe,Barcelona,elite,experiment3_pooling_ablation,5,542,B-GNN-globalmean,1,0,0.3860432803630829,
3773585,2020-10-24,11,La Liga,90,male,Barcelona,Real Madrid,elite,experiment3_pooling_ablation,5,542,B-GNN-globalmean,0,1,0.6506364345550537,
3773386,2020-10-31,11,La Liga,90,male,Deportivo Alavés,Barcelona,elite,experiment3_pooling_ablation,5,542,B-GNN-globalmean,0,0,0.2876848876476288,
3773477,2020-11-07,11,La Liga,90,male,Barcelona,Real Betis,elite,experiment3_pooling_ablation,5,542,B-GNN-globalmean,1,1,0.9455400109291077,
3773656,2020-11-21,11,La Liga,90,male,Atlético Madrid,Barcelona,elite,experiment3_pooling_ablation,5,542,B-GNN-globalmean,1,0,0.40921613574028015,
3773547,2020-11-29,11,La Liga,90,male,Barcelona,Osasuna,elite,experiment3_pooling_ablation,5,542,B-GNN-globalmean,1,1,0.9707090854644775,
3773660,2020-12-13,11,La Liga,90,male,Barcelona,Levante UD,elite,experiment3_pooling_ablation,5,542,B-GNN-globalmean,1,1,0.8981388807296753,
3773523,2020-12-16,11,La Liga,90,male,Barcelona,Real Sociedad,elite,experiment3_pooling_ablation,5,542,B-GNN-globalmean,1,1,0.8290786743164062,
3773377,2020-12-19,11,La Liga,90,male,Barcelona,Valencia,elite,experiment3_pooling_ablation,5,542,B-GNN-globalmean,0,1,0.9758105278015137,
3773571,2020-12-22,11,La Liga,90,male,Real Valladolid,Barcelona,elite,experiment3_pooling_ablation,5,542,B-GNN-globalmean,0,0,0.28701162338256836,
3764661,2021-01-06,11,La Liga,90,male,Athletic Club,Barcelona,elite,experiment3_pooling_ablation,5,542,B-GNN-globalmean,0,0,0.3266160488128662,
3773565,2021-01-09,11,La Liga,90,male,Granada,Barcelona,elite,experiment3_pooling_ablation,5,542,B-GNN-globalmean,0,0,0.2656055688858032,
3773403,2021-01-31,11,La Liga,90,male,Barcelona,Athletic Club,elite,experiment3_pooling_ablation,5,542,B-GNN-globalmean,1,1,0.6905032992362976,
3773631,2021-02-07,11,La Liga,90,male,Real Betis,Barcelona,elite,experiment3_pooling_ablation,5,542,B-GNN-globalmean,0,0,0.3625633120536804,
3773526,2021-02-13,11,La Liga,90,male,Barcelona,Deportivo Alavés,elite,experiment3_pooling_ablation,5,542,B-GNN-globalmean,1,1,0.8698866367340088,
3764440,2021-02-24,11,La Liga,90,male,Barcelona,Elche,elite,experiment3_pooling_ablation,5,542,B-GNN-globalmean,1,1,0.8451623916625977,
3773625,2021-02-27,11,La Liga,90,male,Sevilla,Barcelona,elite,experiment3_pooling_ablation,5,542,B-GNN-globalmean,0,0,0.292232483625412,
3773665,2021-03-06,11,La Liga,90,male,Osasuna,Barcelona,elite,experiment3_pooling_ablation,5,542,B-GNN-globalmean,0,0,0.33235302567481995,
3773597,2021-03-21,11,La Liga,90,male,Real Sociedad,Barcelona,elite,experiment3_pooling_ablation,5,542,B-GNN-globalmean,0,0,0.27372995018959045,
3773474,2021-04-05,11,La Liga,90,male,Barcelona,Real Valladolid,elite,experiment3_pooling_ablation,5,542,B-GNN-globalmean,1,1,0.7131557464599609,
3773497,2021-04-10,11,La Liga,90,male,Real Madrid,Barcelona,elite,experiment3_pooling_ablation,5,542,B-GNN-globalmean,1,0,0.3153880536556244,
3773661,2021-04-22,11,La Liga,90,male,Barcelona,Getafe,elite,experiment3_pooling_ablation,5,542,B-GNN-globalmean,1,1,0.7699873447418213,
3773689,2021-04-25,11,La Liga,90,male,Villarreal,Barcelona,elite,experiment3_pooling_ablation,5,542,B-GNN-globalmean,0,0,0.4982984960079193,
3773586,2021-04-29,11,La Liga,90,male,Barcelona,Granada,elite,experiment3_pooling_ablation,5,542,B-GNN-globalmean,0,1,0.8188417553901672,
3773695,2021-05-02,11,La Liga,90,male,Valencia,Barcelona,elite,experiment3_pooling_ablation,5,542,B-GNN-globalmean,0,0,0.33145734667778015,
3773372,2021-05-08,11,La Liga,90,male,Barcelona,Atlético Madrid,elite,experiment3_pooling_ablation,5,542,B-GNN-globalmean,0,1,0.528813898563385,
3773387,2021-05-11,11,La Liga,90,male,Levante UD,Barcelona,elite,experiment3_pooling_ablation,5,542,B-GNN-globalmean,0,0,0.30998677015304565,
3773457,2021-05-16,11,La Liga,90,male,Barcelona,Celta Vigo,elite,experiment3_pooling_ablation,5,542,B-GNN-globalmean,0,1,0.7968244552612305,
303610,2020-01-19,11,La Liga,42,male,Barcelona,Granada,elite,experiment3_pooling_ablation,5,542,C-Hybrid-globalmean,1,0,0.4204084277153015,0.47013407945632935
303400,2020-01-25,11,La Liga,42,male,Valencia,Barcelona,elite,experiment3_pooling_ablation,5,542,C-Hybrid-globalmean,1,0,0.3152117133140564,0.47013407945632935
303682,2020-02-02,11,La Liga,42,male,Barcelona,Levante UD,elite,experiment3_pooling_ablation,5,542,C-Hybrid-globalmean,1,1,0.8328456282615662,0.47013407945632935
303707,2020-02-09,11,La Liga,42,male,Real Betis,Barcelona,elite,experiment3_pooling_ablation,5,542,C-Hybrid-globalmean,0,1,0.85468989610672,0.47013407945632935
303377,2020-02-15,11,La Liga,42,male,Barcelona,Getafe,elite,experiment3_pooling_ablation,5,542,C-Hybrid-globalmean,1,1,0.574774980545044,0.47013407945632935
303731,2020-02-22,11,La Liga,42,male,Barcelona,Eibar,elite,experiment3_pooling_ablation,5,542,C-Hybrid-globalmean,1,1,0.9956483244895935,0.47013407945632935
303470,2020-03-01,11,La Liga,42,male,Real Madrid,Barcelona,elite,experiment3_pooling_ablation,5,542,C-Hybrid-globalmean,1,1,0.5693192481994629,0.47013407945632935
303479,2020-03-07,11,La Liga,42,male,Barcelona,Real Sociedad,elite,experiment3_pooling_ablation,5,542,C-Hybrid-globalmean,1,1,0.952181875705719,0.47013407945632935
303548,2020-06-13,11,La Liga,42,male,Mallorca,Barcelona,elite,experiment3_pooling_ablation,5,542,C-Hybrid-globalmean,0,0,0.21244049072265625,0.47013407945632935
303532,2020-06-16,11,La Liga,42,male,Barcelona,Leganés,elite,experiment3_pooling_ablation,5,542,C-Hybrid-globalmean,1,1,0.9800025224685669,0.47013407945632935
303674,2020-06-19,11,La Liga,42,male,Sevilla,Barcelona,elite,experiment3_pooling_ablation,5,542,C-Hybrid-globalmean,0,0,0.16225062310695648,0.47013407945632935
303493,2020-06-23,11,La Liga,42,male,Barcelona,Athletic Club,elite,experiment3_pooling_ablation,5,542,C-Hybrid-globalmean,1,1,0.6069834232330322,0.47013407945632935
303516,2020-06-27,11,La Liga,42,male,Celta Vigo,Barcelona,elite,experiment3_pooling_ablation,5,542,C-Hybrid-globalmean,0,0,0.46041229367256165,0.47013407945632935
303696,2020-06-30,11,La Liga,42,male,Barcelona,Atlético Madrid,elite,experiment3_pooling_ablation,5,542,C-Hybrid-globalmean,0,1,0.8878380060195923,0.47013407945632935
303725,2020-07-05,11,La Liga,42,male,Villarreal,Barcelona,elite,experiment3_pooling_ablation,5,542,C-Hybrid-globalmean,0,0,0.27986371517181396,0.47013407945632935
303615,2020-07-08,11,La Liga,42,male,Barcelona,Espanyol,elite,experiment3_pooling_ablation,5,542,C-Hybrid-globalmean,1,1,0.9550178050994873,0.47013407945632935
303680,2020-07-11,11,La Liga,42,male,Real Valladolid,Barcelona,elite,experiment3_pooling_ablation,5,542,C-Hybrid-globalmean,0,0,0.09746788442134857,0.47013407945632935
303634,2020-07-16,11,La Liga,42,male,Barcelona,Osasuna,elite,experiment3_pooling_ablation,5,542,C-Hybrid-globalmean,0,1,0.9359191656112671,0.47013407945632935
303421,2020-07-19,11,La Liga,42,male,Deportivo Alavés,Barcelona,elite,experiment3_pooling_ablation,5,542,C-Hybrid-globalmean,0,0,0.17845281958580017,0.47013407945632935
3773593,2020-09-27,11,La Liga,90,male,Barcelona,Villarreal,elite,experiment3_pooling_ablation,5,542,C-Hybrid-globalmean,1,1,0.9955539107322693,0.47013407945632935
3773466,2020-10-01,11,La Liga,90,male,Celta Vigo,Barcelona,elite,experiment3_pooling_ablation,5,542,C-Hybrid-globalmean,0,0,0.05868806317448616,0.47013407945632935
3773672,2020-10-04,11,La Liga,90,male,Barcelona,Sevilla,elite,experiment3_pooling_ablation,5,542,C-Hybrid-globalmean,0,1,0.8072884678840637,0.47013407945632935
3773587,2020-10-17,11,La Liga,90,male,Getafe,Barcelona,elite,experiment3_pooling_ablation,5,542,C-Hybrid-globalmean,1,1,0.5425222516059875,0.47013407945632935
3773585,2020-10-24,11,La Liga,90,male,Barcelona,Real Madrid,elite,experiment3_pooling_ablation,5,542,C-Hybrid-globalmean,0,1,0.6225404143333435,0.47013407945632935
3773386,2020-10-31,11,La Liga,90,male,Deportivo Alavés,Barcelona,elite,experiment3_pooling_ablation,5,542,C-Hybrid-globalmean,0,1,0.6981827020645142,0.47013407945632935
3773477,2020-11-07,11,La Liga,90,male,Barcelona,Real Betis,elite,experiment3_pooling_ablation,5,542,C-Hybrid-globalmean,1,1,0.9895542860031128,0.47013407945632935
3773656,2020-11-21,11,La Liga,90,male,Atlético Madrid,Barcelona,elite,experiment3_pooling_ablation,5,542,C-Hybrid-globalmean,1,0,0.12341960519552231,0.47013407945632935
3773547,2020-11-29,11,La Liga,90,male,Barcelona,Osasuna,elite,experiment3_pooling_ablation,5,542,C-Hybrid-globalmean,1,1,0.9982709884643555,0.47013407945632935
3773660,2020-12-13,11,La Liga,90,male,Barcelona,Levante UD,elite,experiment3_pooling_ablation,5,542,C-Hybrid-globalmean,1,1,0.736134946346283,0.47013407945632935
3773523,2020-12-16,11,La Liga,90,male,Barcelona,Real Sociedad,elite,experiment3_pooling_ablation,5,542,C-Hybrid-globalmean,1,1,0.9924404621124268,0.47013407945632935
3773377,2020-12-19,11,La Liga,90,male,Barcelona,Valencia,elite,experiment3_pooling_ablation,5,542,C-Hybrid-globalmean,0,1,0.9819965362548828,0.47013407945632935
3773571,2020-12-22,11,La Liga,90,male,Real Valladolid,Barcelona,elite,experiment3_pooling_ablation,5,542,C-Hybrid-globalmean,0,0,0.05951357260346413,0.47013407945632935
3764661,2021-01-06,11,La Liga,90,male,Athletic Club,Barcelona,elite,experiment3_pooling_ablation,5,542,C-Hybrid-globalmean,0,0,0.1289801001548767,0.47013407945632935
3773565,2021-01-09,11,La Liga,90,male,Granada,Barcelona,elite,experiment3_pooling_ablation,5,542,C-Hybrid-globalmean,0,0,0.07504184544086456,0.47013407945632935
3773403,2021-01-31,11,La Liga,90,male,Barcelona,Athletic Club,elite,experiment3_pooling_ablation,5,542,C-Hybrid-globalmean,1,1,0.9470177888870239,0.47013407945632935
3773631,2021-02-07,11,La Liga,90,male,Real Betis,Barcelona,elite,experiment3_pooling_ablation,5,542,C-Hybrid-globalmean,0,0,0.4013741612434387,0.47013407945632935
3773526,2021-02-13,11,La Liga,90,male,Barcelona,Deportivo Alavés,elite,experiment3_pooling_ablation,5,542,C-Hybrid-globalmean,1,1,0.9699582457542419,0.47013407945632935
3764440,2021-02-24,11,La Liga,90,male,Barcelona,Elche,elite,experiment3_pooling_ablation,5,542,C-Hybrid-globalmean,1,1,0.847603976726532,0.47013407945632935
3773625,2021-02-27,11,La Liga,90,male,Sevilla,Barcelona,elite,experiment3_pooling_ablation,5,542,C-Hybrid-globalmean,0,0,0.0722554549574852,0.47013407945632935
3773665,2021-03-06,11,La Liga,90,male,Osasuna,Barcelona,elite,experiment3_pooling_ablation,5,542,C-Hybrid-globalmean,0,0,0.15462176501750946,0.47013407945632935
3773597,2021-03-21,11,La Liga,90,male,Real Sociedad,Barcelona,elite,experiment3_pooling_ablation,5,542,C-Hybrid-globalmean,0,0,0.39550402760505676,0.47013407945632935
3773474,2021-04-05,11,La Liga,90,male,Barcelona,Real Valladolid,elite,experiment3_pooling_ablation,5,542,C-Hybrid-globalmean,1,1,0.7834978699684143,0.47013407945632935
3773497,2021-04-10,11,La Liga,90,male,Real Madrid,Barcelona,elite,experiment3_pooling_ablation,5,542,C-Hybrid-globalmean,1,0,0.30341216921806335,0.47013407945632935
3773661,2021-04-22,11,La Liga,90,male,Barcelona,Getafe,elite,experiment3_pooling_ablation,5,542,C-Hybrid-globalmean,1,1,0.8865421414375305,0.47013407945632935
3773689,2021-04-25,11,La Liga,90,male,Villarreal,Barcelona,elite,experiment3_pooling_ablation,5,542,C-Hybrid-globalmean,0,0,0.40767917037010193,0.47013407945632935
3773586,2021-04-29,11,La Liga,90,male,Barcelona,Granada,elite,experiment3_pooling_ablation,5,542,C-Hybrid-globalmean,0,0,0.4859794080257416,0.47013407945632935
3773695,2021-05-02,11,La Liga,90,male,Valencia,Barcelona,elite,experiment3_pooling_ablation,5,542,C-Hybrid-globalmean,0,0,0.4895033836364746,0.47013407945632935
3773372,2021-05-08,11,La Liga,90,male,Barcelona,Atlético Madrid,elite,experiment3_pooling_ablation,5,542,C-Hybrid-globalmean,0,0,0.39612969756126404,0.47013407945632935
3773387,2021-05-11,11,La Liga,90,male,Levante UD,Barcelona,elite,experiment3_pooling_ablation,5,542,C-Hybrid-globalmean,0,0,0.12893082201480865,0.47013407945632935
3773457,2021-05-16,11,La Liga,90,male,Barcelona,Celta Vigo,elite,experiment3_pooling_ablation,5,542,C-Hybrid-globalmean,0,1,0.7321024537086487,0.47013407945632935
