match_id,date,competition_id,competition_name,season_id,season_name,category,home_team,away_team,home_score,away_score,label,home_shots,away_shots,home_shots_on_target,away_shots_on_target,home_corners,away_corners,home_history_available,home_history_source_match_ids,home_roll_goals_for,home_roll_goals_against,home_roll_shots_for,home_roll_shots_against,home_roll_shots_on_target_for,home_roll_shots_on_target_against,home_roll_corners_for,home_roll_corners_against,away_history_available,away_history_source_match_ids,away_roll_goals_for,away_roll_goals_against,away_roll_shots_for,away_roll_shots_against,away_roll_shots_on_target_for,away_roll_shots_on_target_against,away_roll_corners_for,away_roll_corners_against,history_available
68335,2007-03-10,11,La Liga,39,2006/2007,male,Barcelona,Real Madrid,3,3,0,19,14,9,8,2,3,True,68332|68333|68334,1.6666666666666667,1.3333333333333333,12.333333333333334,9.0,5.0,3.6666666666666665,5.666666666666667,2.333333333333333,True,3888713|68319|68330,0.6666666666666666,2.6666666666666665,9.666666666666666,18.666666666666668,3.333333333333333,6.0,3.0,4.666666666666667,True
69179,2007-04-07,11,La Liga,39,2006/2007,male,Real Zaragoza,Barcelona,1,0,1,14,8,5,4,2,5,True,68317|68351|68331,1.0,2.333333333333333,8.333333333333334,14.333333333333334,3.0,4.666666666666667,3.333333333333333,3.0,True,68335|68341|69175,3.0,1.3333333333333333,16.333333333333332,14.0,7.0,5.666666666666667,2.6666666666666665,4.0,True
69180,2007-08-26,11,La Liga,40,2007/2008,male,Racing Santander,Barcelona,0,0,0,14,14,4,2,4,8,True,68354|68340|69154,0.3333333333333333,3.0,5.333333333333333,19.33333333333333,1.6666666666666667,7.333333333333333,1.6666666666666667,4.666666666666667,True,69157|69165|68336,2.6666666666666665,1.0,20.33333333333333,10.333333333333334,7.0,3.6666666666666665,7.0,2.0,True
69169,2007-09-02,11,La Liga,40,2007/2008,male,Barcelona,Athletic Club,3,1,1,16,9,6,5,4,4,True,69165|68336|69180,2.333333333333333,1.0,21.0,11.666666666666666,6.333333333333333,4.0,8.333333333333334,2.333333333333333,True,68342|68347|68333,0.6666666666666666,2.6666666666666665,6.666666666666667,16.666666666666668,1.6666666666666667,6.666666666666667,2.6666666666666665,6.333333333333333,True
69148,2007-09-22,11,La Liga,40,2007/2008,male,Barcelona,Sevilla,2,1,1,13,6,5,1,6,1,True,68336|69180|69169,2.6666666666666665,0.6666666666666666,17.666666666666668,11.333333333333334,6.333333333333333,4.0,6.0,3.333333333333333,True,68321|68329|68334,1.3333333333333333,2.0,11.0,12.333333333333334,4.333333333333333,4.333333333333333,3.0,4.0,True
69178,2007-11-10,11,La Liga,40,2007/2008,male,Getafe,Barcelona,2,0,1,14,10,5,2,3,4,True,68352|68339|69157,0.3333333333333333,2.0,7.333333333333333,13.333333333333334,2.333333333333333,5.666666666666667,4.0,7.0,True,69158|68363|69166,2.0,0.3333333333333333,16.666666666666668,9.0,6.0,4.333333333333333,9.333333333333334,2.6666666666666665,True
68356,2007-12-01,11,La Liga,40,2007/2008,male,Espanyol,Barcelona,1,1,0,11,16,3,7,4,7,True,68353|68348|69165,1.0,1.6666666666666667,10.0,19.666666666666668,3.333333333333333,5.666666666666667,3.6666666666666665,7.333333333333333,True,69166|69178|69184,2.0,0.6666666666666666,16.333333333333332,7.666666666666667,5.333333333333333,2.333333333333333,7.666666666666667,3.0,True
69173,2008-01-20,11,La Liga,40,2007/2008,male,Barcelona,Racing Santander,1,0,1,12,9,2,1,5,2,True,68356|69170|69145,2.0,0.6666666666666666,16.666666666666668,10.333333333333334,8.666666666666666,3.6666666666666665,7.666666666666667,2.333333333333333,True,68340|69154|69180,0.0,1.6666666666666667,9.333333333333334,15.666666666666666,2.6666666666666665,5.666666666666667,3.0,4.666666666666667,True
69181,2008-01-27,11,La Liga,40,2007/2008,male,Athletic Club,Barcelona,1,1,0,16,8,6,2,3,3,True,68347|68333|69169,0.6666666666666666,3.0,6.666666666666667,16.333333333333332,2.6666666666666665,6.0,2.333333333333333,5.333333333333333,True,69170|69145|69173,2.0,0.3333333333333333,15.333333333333334,9.666666666666666,7.0,3.0,7.0,1.6666666666666667,True
69187,2008-02-03,11,La Liga,40,2007/2008,male,Barcelona,Osasuna,1,0,1,17,9,6,2,10,1,True,69145|69173|69181,1.6666666666666667,0.3333333333333333,11.666666666666666,12.0,4.333333333333333,3.0,4.666666666666667,2.6666666666666665,True,68313|68318|68327,0.0,3.0,7.0,20.0,1.6666666666666667,7.0,2.333333333333333,8.0,True
69146,2008-02-09,11,La Liga,40,2007/2008,male,Sevilla,Barcelona,1,1,0,18,15,5,6,2,2,True,68329|68334|69148,1.3333333333333333,2.0,10.666666666666666,11.0,4.0,5.0,3.0,4.0,True,69173|69181|69187,1.0,0.3333333333333333,12.333333333333334,11.333333333333334,3.333333333333333,3.0,6.0,2.0,True
69182,2008-02-16,11,La Liga,40,2007/2008,male,Real Zaragoza,Barcelona,1,2,0,15,11,3,5,2,3,True,68351|68331|69179,0.6666666666666666,1.6666666666666667,10.666666666666666,10.0,3.6666666666666665,3.6666666666666665,3.333333333333333,4.333333333333333,True,69181|69187|69146,1.0,0.6666666666666666,13.333333333333334,14.333333333333334,4.666666666666667,4.333333333333333,5.0,2.0,True
68360,2008-02-24,11,La Liga,40,2007/2008,male,Barcelona,Levante UD,5,1,1,18,9,8,4,8,4,True,69187|69146|69182,1.3333333333333333,0.6666666666666666,14.333333333333334,14.0,5.666666666666667,3.333333333333333,5.0,1.6666666666666667,True,68315|69156|69151,0.6666666666666666,2.333333333333333,7.333333333333333,14.333333333333334,2.333333333333333,7.0,2.333333333333333,3.333333333333333,True
68365,2008-03-01,11,La Liga,40,2007/2008,male,Atlético Madrid,Barcelona,4,2,1,8,17,5,4,0,5,True,68350|69176|69144,1.0,3.333333333333333,13.0,16.666666666666668,5.0,8.333333333333334,5.666666666666667,5.666666666666667,True,69146|69182|68360,2.6666666666666665,1.0,14.666666666666666,14.0,6.333333333333333,4.0,4.333333333333333,2.6666666666666665,True
68359,2008-04-19,11,La Liga,40,2007/2008,male,Barcelona,Espanyol,0,0,0,19,7,6,1,7,2,True,68360|68365|68358,3.0,2.333333333333333,15.333333333333334,10.333333333333334,5.0,4.666666666666667,6.0,3.0,True,68348|69165|68356,1.3333333333333333,1.6666666666666667,10.333333333333334,20.0,3.6666666666666665,6.666666666666667,3.333333333333333,8.0,True
69141,2008-05-04,11,La Liga,40,2007/2008,male,Barcelona,Valencia,6,0,1,17,6,12,2,7,5,True,68365|68358|68359,1.3333333333333333,2.0,15.666666666666666,9.666666666666666,4.333333333333333,3.6666666666666665,5.666666666666667,2.333333333333333,True,68328|68332|69145,1.0,1.6666666666666667,7.666666666666667,17.0,2.333333333333333,6.0,2.6666666666666665,6.0,True
68361,2008-05-07,11,La Liga,40,2007/2008,male,Real Madrid,Barcelona,4,1,1,20,15,11,5,5,3,True,68319|68330|68335,1.6666666666666667,2.0,12.0,18.0,5.333333333333333,6.333333333333333,2.6666666666666665,3.6666666666666665,True,68358|68359|69141,2.6666666666666665,0.6666666666666666,15.666666666666666,9.0,7.0,2.6666666666666665,6.333333333333333,4.0,True
69215,2008-09-13,11,La Liga,41,2008/2009,male,Barcelona,Racing Santander,1,1,0,16,2,6,1,9,1,True,68366|69186|69147,2.333333333333333,2.333333333333333,17.333333333333332,15.333333333333334,6.0,6.666666666666667,6.333333333333333,7.0,True,69154|69180|69173,0.0,1.0,9.666666666666666,14.0,2.333333333333333,3.6666666666666665,3.0,5.0,True
69207,2008-09-24,11,La Liga,41,2008/2009,male,Barcelona,Real Betis,3,2,1,20,8,8,3,6,5,True,69147|69215|69138,2.333333333333333,1.0,20.666666666666668,4.333333333333333,6.333333333333333,2.0,10.0,2.0,True,69172|69162|69166,0.6666666666666666,3.0,7.0,18.33333333333333,4.333333333333333,5.666666666666667,5.0,5.666666666666667,True
69211,2008-09-27,11,La Liga,41,2008/2009,male,Espanyol,Barcelona,1,2,0,3,31,2,8,0,12,True,69165|68356|68359,1.0,1.0,9.333333333333334,20.33333333333333,3.0,6.333333333333333,2.333333333333333,8.333333333333334,True,69215|69138|69207,3.333333333333333,1.3333333333333333,19.33333333333333,5.0,7.333333333333333,2.0,9.666666666666666,3.0,True
69212,2008-10-04,11,La Liga,41,2008/2009,male,Barcelona,Atlético Madrid,6,1,1,18,7,8,2,5,1,True,69138|69207|69211,3.6666666666666665,1.3333333333333333,24.33333333333333,5.333333333333333,8.0,2.333333333333333,10.666666666666666,2.6666666666666665,True,69176|69144|68365,1.3333333333333333,3.6666666666666665,11.333333333333334,17.333333333333332,5.0,7.666666666666667,5.0,5.333333333333333,True
69285,2008-11-16,11,La Liga,41,2008/2009,male,Recreativo Huelva,Barcelona,0,2,0,7,21,2,7,5,5,True,68341|69184|68358,0.6666666666666666,3.0,10.0,13.666666666666666,3.6666666666666665,5.333333333333333,3.333333333333333,6.666666666666667,True,69232|69235|69279,5.0,0.3333333333333333,15.666666666666666,4.666666666666667,8.666666666666666,2.0,6.333333333333333,4.0,True
69171,2008-11-29,11,La Liga,41,2008/2009,male,Sevilla,Barcelona,0,3,0,10,21,2,9,1,2,True,68334|69148|69146,1.3333333333333333,1.3333333333333333,13.333333333333334,12.333333333333334,4.333333333333333,5.333333333333333,2.6666666666666665,3.333333333333333,True,69235|69279|69285,4.0,0.3333333333333333,18.33333333333333,5.0,8.0,2.0,6.0,3.6666666666666665,True
69149,2008-12-06,11,La Liga,41,2008/2009,male,Barcelona,Valencia,4,0,1,17,4,8,2,3,3,True,69279|69285|69171,3.6666666666666665,0.0,21.0,6.666666666666667,9.666666666666666,2.0,5.333333333333333,3.6666666666666665,True,68332|69145|69141,0.6666666666666666,3.333333333333333,7.666666666666667,15.0,2.333333333333333,8.0,3.333333333333333,6.333333333333333,True
69225,2008-12-13,11,La Liga,41,2008/2009,male,Barcelona,Real Madrid,2,0,1,21,6,9,3,11,4,True,69285|69171|69149,3.0,0.0,19.666666666666668,7.0,8.0,2.0,3.333333333333333,3.0,True,68330|68335|68361,3.0,1.3333333333333333,17.0,16.0,8.333333333333334,5.666666666666667,3.333333333333333,3.0,True
69228,2008-12-21,11,La Liga,41,2008/2009,male,Villarreal,Barcelona,1,2,0,8,16,1,6,4,7,True,68320|69155|68364,1.6666666666666667,1.0,7.666666666666667,13.333333333333334,3.333333333333333,5.333333333333333,3.0,7.333333333333333,True,69171|69149|69225,3.0,0.0,19.666666666666668,6.666666666666667,8.666666666666666,2.333333333333333,5.333333333333333,2.6666666666666665,True
69230,2009-01-11,11,La Liga,41,2008/2009,male,Osasuna,Barcelona,2,3,0,5,17,5,9,2,7,True,68318|68327|69187,0.0,2.333333333333333,7.333333333333333,19.33333333333333,1.3333333333333333,7.333333333333333,1.6666666666666667,7.666666666666667,True,69149|69225|69228,2.6666666666666665,0.3333333333333333,18.0,6.0,7.666666666666667,2.0,7.0,3.6666666666666665,True
69183,2009-01-17,11,La Liga,41,2008/2009,male,Barcelona,RC Deportivo La Coruña,5,0,1,21,1,10,1,9,4,True,69225|69228|69230,2.333333333333333,1.0,18.0,6.333333333333333,8.0,3.0,8.333333333333334,3.333333333333333,True,69174|69175|69170,1.0,1.6666666666666667,15.0,16.333333333333332,4.666666666666667,5.666666666666667,3.6666666666666665,5.333333333333333,True
69209,2009-02-01,11,La Liga,41,2008/2009,male,Racing Santander,Barcelona,1,2,0,7,8,4,2,2,3,True,69180|69173|69215,0.3333333333333333,0.6666666666666666,8.333333333333334,14.0,2.0,3.333333333333333,2.333333333333333,7.333333333333333,True,69230|69183|69189,4.0,1.0,19.666666666666668,3.333333333333333,8.666666666666666,2.6666666666666665,6.333333333333333,2.6666666666666665,True
69195,2009-02-14,11,La Liga,41,2008/2009,male,Real Betis,Barcelona,2,2,0,6,23,5,12,1,7,True,69162|69166|69207,1.0,2.333333333333333,6.0,19.33333333333333,2.6666666666666665,6.0,4.666666666666667,6.333333333333333,True,69189|69209|69231,3.0,1.0,15.666666666666666,5.333333333333333,5.333333333333333,2.6666666666666665,4.333333333333333,2.0,True
69139,2009-02-21,11,La Liga,41,2008/2009,male,Barcelona,Espanyol,1,2,0,16,2,2,2,4,2,True,69209|69231|69195,2.333333333333333,1.3333333333333333,16.333333333333332,6.0,7.0,3.6666666666666665,5.666666666666667,1.6666666666666667,True,68356|68359|69211,0.6666666666666666,1.0,7.0,22.0,2.0,7.0,2.0,8.666666666666666,True
69185,2009-03-01,11,La Liga,41,2008/2009,male,Atlético Madrid,Barcelona,4,3,1,23,14,9,6,6,3,True,69144|68365|69212,1.6666666666666667,3.6666666666666665,8.0,17.0,3.333333333333333,7.333333333333333,2.0,5.0,True,69231|69195|69139,2.0,1.6666666666666667,19.0,4.333333333333333,7.0,3.0,6.0,1.6666666666666667,True
69216,2009-03-07,11,La Liga,41,2008/2009,male,Barcelona,Athletic Club,2,0,1,28,6,8,0,5,1,True,69195|69139|69185,2.0,2.6666666666666665,17.666666666666668,10.333333333333334,6.666666666666667,5.333333333333333,4.666666666666667,3.0,True,68333|69169|69181,0.6666666666666666,2.333333333333333,10.0,13.0,4.0,5.0,2.333333333333333,5.333333333333333,True
69142,2009-03-22,11,La Liga,41,2008/2009,male,Barcelona,Málaga,6,0,1,25,9,14,3,10,7,True,69185|69216|69177,2.333333333333333,1.3333333333333333,19.666666666666668,11.333333333333334,7.0,3.333333333333333,4.333333333333333,4.0,True,68314|69164|69235,0.3333333333333333,3.333333333333333,4.0,22.0,0.6666666666666666,10.666666666666666,1.6666666666666667,7.666666666666667,True
69222,2009-04-11,11,La Liga,41,2008/2009,male,Barcelona,Recreativo Huelva,2,0,1,16,6,5,3,15,4,True,69177|69142|69273,3.0,0.0,18.33333333333333,6.666666666666667,8.666666666666666,1.6666666666666667,6.333333333333333,5.333333333333333,True,69184|68358|69285,0.6666666666666666,2.333333333333333,8.0,17.0,2.333333333333333,5.666666666666667,4.0,7.666666666666667,True
69223,2009-04-18,11,La Liga,41,2008/2009,male,Getafe,Barcelona,0,1,0,3,19,0,8,1,5,True,68339|69157|69178,1.0,1.3333333333333333,10.333333333333334,10.666666666666666,3.6666666666666665,4.333333333333333,3.6666666666666665,4.0,True,69142|69273|69222,3.0,0.0,18.0,7.0,8.0,2.333333333333333,9.666666666666666,5.0,True
69251,2009-04-25,11,La Liga,41,2008/2009,male,Valencia,Barcelona,2,2,0,10,13,5,7,5,9,True,69145|69141|69149,0.0,4.333333333333333,7.0,16.333333333333332,2.0,9.666666666666666,3.6666666666666665,5.333333333333333,True,69273|69222|69223,1.3333333333333333,0.0,16.0,5.0,6.0,1.3333333333333333,8.0,3.0,True
69249,2009-05-02,11,La Liga,41,2008/2009,male,Real Madrid,Barcelona,2,6,0,5,17,4,13,3,2,True,68335|68361|69225,2.333333333333333,2.0,13.333333333333334,18.33333333333333,7.333333333333333,7.666666666666667,4.0,5.333333333333333,True,69222|69223|69251,1.6666666666666667,0.6666666666666666,16.0,6.333333333333333,6.666666666666667,2.6666666666666665,9.666666666666666,3.333333333333333,True
69217,2009-05-10,11,La Liga,41,2008/2009,male,Barcelona,Villarreal,3,3,0,16,6,4,4,4,0,True,69223|69251|69249,3.0,1.3333333333333333,16.333333333333332,6.0,9.333333333333334,3.0,5.333333333333333,3.0,True,69155|68364|69228,2.0,1.0,8.333333333333334,15.0,3.333333333333333,6.0,2.6666666666666665,8.0,True
69229,2009-09-12,11,La Liga,21,2009/2010,male,Getafe,Barcelona,0,2,0,19,14,3,9,2,5,True,69157|69178|69223,0.6666666666666666,0.6666666666666666,9.0,13.666666666666666,2.6666666666666665,4.666666666666667,2.333333333333333,4.333333333333333,True,69251|69249|69217,3.6666666666666665,2.333333333333333,15.333333333333334,7.0,8.0,4.333333333333333,5.0,2.6666666666666665,True
69292,2009-09-19,11,La Liga,21,2009/2010,male,Barcelona,Atlético Madrid,5,2,1,8,13,6,4,7,8,True,69249|69217|69229,3.6666666666666665,1.6666666666666667,15.666666666666666,10.0,8.666666666666666,3.6666666666666665,3.6666666666666665,1.6666666666666667,True,68365|69212|69185,3.0,3.6666666666666665,12.666666666666666,16.333333333333332,5.333333333333333,6.0,2.333333333333333,4.333333333333333,True
69254,2009-09-22,11,La Liga,21,2009/2010,male,Racing Santander,Barcelona,1,4,0,5,21,2,6,2,3,True,69173|69215|69209,0.6666666666666666,1.3333333333333333,6.0,12.0,2.0,3.333333333333333,1.6666666666666667,5.666666666666667,True,69217|69229|69292,3.333333333333333,1.6666666666666667,12.666666666666666,12.666666666666666,6.333333333333333,3.6666666666666665,5.333333333333333,3.333333333333333,True
69255,2009-09-26,11,La Liga,21,2009/2010,male,Málaga,Barcelona,0,2,0,3,11,0,6,3,1,True,69164|69235|69142,0.3333333333333333,4.0,6.333333333333333,24.666666666666668,1.6666666666666667,12.333333333333334,3.333333333333333,8.666666666666666,True,69229|69292|69254,3.6666666666666665,1.0,14.333333333333334,12.333333333333334,7.0,3.0,5.0,4.0,True
69256,2009-10-03,11,La Liga,21,2009/2010,male,Barcelona,Almería,1,0,1,16,1,7,0,10,3,True,69292|69254|69255,3.6666666666666665,1.0,13.333333333333334,7.0,6.0,2.0,3.6666666666666665,4.333333333333333,True,69158|69232|69177,0.0,3.0,5.666666666666667,16.0,2.0,8.333333333333334,3.6666666666666665,7.333333333333333,True
69252,2009-10-17,11,La Liga,21,2009/2010,male,Valencia,Barcelona,0,0,0,12,13,3,3,5,6,True,69141|69149|69251,0.6666666666666666,4.0,6.666666666666667,15.666666666666666,3.0,9.0,4.333333333333333,6.333333333333333,True,69254|69255|69256,2.333333333333333,0.3333333333333333,16.0,3.0,6.333333333333333,0.6666666666666666,4.666666666666667,2.6666666666666665,True
69253,2009-10-25,11,La Liga,21,2009/2010,male,Barcelona,Real Zaragoza,6,1,1,17,7,13,6,6,1,True,69255|69256|69252,1.0,0.0,13.333333333333334,5.333333333333333,5.333333333333333,1.0,5.666666666666667,3.6666666666666665,True,68331|69179|69182,1.0,1.6666666666666667,13.666666666666666,10.666666666666666,4.0,4.666666666666667,3.0,5.0,True
69277,2009-10-31,11,La Liga,21,2009/2010,male,Osasuna,Barcelona,1,1,0,8,15,3,7,4,7,True,68327|69187|69230,0.6666666666666666,2.333333333333333,7.333333333333333,16.666666666666668,2.6666666666666665,7.0,1.6666666666666667,7.666666666666667,True,69256|69252|69253,2.333333333333333,0.3333333333333333,15.333333333333334,6.666666666666667,7.666666666666667,3.0,7.333333333333333,3.0,True
69250,2009-11-07,11,La Liga,21,2009/2010,male,Barcelona,Mallorca,4,2,1,16,10,9,5,2,4,True,69252|69253|69277,2.333333333333333,0.6666666666666666,15.0,9.0,7.666666666666667,4.0,6.333333333333333,3.333333333333333,True,68325|69159|68366,1.0,2.0,9.333333333333334,16.0,4.0,4.333333333333333,3.6666666666666665,6.333333333333333,True
69288,2009-11-21,11,La Liga,21,2009/2010,male,Athletic Club,Barcelona,1,1,0,8,13,1,4,5,7,True,69169|69181|69216,0.6666666666666666,2.0,10.333333333333334,17.333333333333332,3.6666666666666665,5.333333333333333,2.6666666666666665,4.0,True,69253|69277|69250,3.6666666666666665,1.3333333333333333,16.0,8.333333333333334,9.666666666666666,4.666666666666667,5.0,3.0,True
69262,2009-11-29,11,La Liga,21,2009/2010,male,Barcelona,Real Madrid,1,0,1,8,16,3,2,6,6,True,69277|69250|69288,2.0,1.3333333333333333,14.666666666666666,8.666666666666666,6.666666666666667,3.0,5.333333333333333,4.333333333333333,True,68361|69225|69249,2.0,3.0,10.333333333333334,17.666666666666668,6.0,9.0,4.0,5.333333333333333,True
69218,2009-12-05,11,La Liga,21,2009/2010,male,RC Deportivo La Coruña,Barcelona,1,3,0,4,19,1,10,1,9,True,69175|69170|69183,0.6666666666666666,3.0,8.333333333333334,19.666666666666668,3.333333333333333,8.666666666666666,3.333333333333333,7.666666666666667,True,69288|69262|69267,1.3333333333333333,0.3333333333333333,11.0,10.333333333333334,3.333333333333333,2.333333333333333,7.333333333333333,4.666666666666667,True
69243,2010-01-16,11,La Liga,21,2009/2010,male,Barcelona,Sevilla,4,0,1,26,5,12,1,11,2,True,69267|69218|69219,3.333333333333333,0.3333333333333333,16.0,8.0,6.0,2.6666666666666665,6.333333333333333,2.333333333333333,True,69148|69146|69171,0.6666666666666666,2.0,11.333333333333334,16.333333333333332,2.6666666666666665,6.666666666666667,1.3333333333333333,3.333333333333333,True
69210,2010-01-23,11,La Liga,21,2009/2010,male,Real Valladolid,Barcelona,0,3,0,12,14,5,8,5,5,True,68363|69279|69273,0.3333333333333333,2.6666666666666665,8.0,15.333333333333334,3.6666666666666665,6.666666666666667,4.333333333333333,8.0,True,69218|69219|69243,4.0,0.3333333333333333,20.666666666666668,7.333333333333333,9.0,1.6666666666666667,7.0,2.0,True
69240,2010-02-06,11,La Liga,21,2009/2010,male,Barcelona,Getafe,2,1,1,16,15,6,6,5,2,True,69243|69210|69220,2.6666666666666665,0.0,20.33333333333333,7.333333333333333,8.333333333333334,2.6666666666666665,8.666666666666666,3.0,True,69178|69223|69229,0.6666666666666666,1.0,12.0,14.333333333333334,2.6666666666666665,6.333333333333333,2.0,4.666666666666667,True
69237,2010-02-14,11,La Liga,21,2009/2010,male,Atlético Madrid,Barcelona,2,1,1,13,13,7,7,5,7,True,69212|69185|69292,2.333333333333333,4.666666666666667,14.333333333333334,13.333333333333334,5.0,6.666666666666667,5.0,5.0,True,69210|69220|69240,2.0,0.3333333333333333,17.0,10.666666666666666,6.333333333333333,4.333333333333333,6.666666666666667,3.0,True
69233,2010-02-20,11,La Liga,21,2009/2010,male,Barcelona,Racing Santander,4,0,1,16,5,9,0,6,0,True,69220|69240|69237,1.3333333333333333,1.0,16.666666666666668,11.0,6.0,5.0,7.333333333333333,3.0,True,69215|69209|69254,1.0,2.333333333333333,4.666666666666667,15.0,2.333333333333333,4.666666666666667,1.6666666666666667,5.0,True
69238,2010-02-27,11,La Liga,21,2009/2010,male,Barcelona,Málaga,2,1,1,22,5,7,2,13,3,True,69240|69237|69233,2.333333333333333,1.0,15.0,11.0,7.333333333333333,4.333333333333333,6.0,2.333333333333333,True,69235|69142|69255,0.3333333333333333,4.0,5.666666666666667,16.333333333333332,1.6666666666666667,8.0,3.6666666666666665,5.0,True
69226,2010-03-06,11,La Liga,21,2009/2010,male,Almería,Barcelona,2,2,0,7,22,2,8,5,5,True,69232|69177|69256,0.0,2.6666666666666665,4.0,15.333333333333334,1.0,7.666666666666667,4.666666666666667,7.0,True,69237|69233|69238,2.333333333333333,1.0,17.0,7.666666666666667,7.666666666666667,3.0,8.666666666666666,2.6666666666666665,True
69224,2010-03-14,11,La Liga,21,2009/2010,male,Barcelona,Valencia,3,0,1,21,7,9,4,7,3,True,69233|69238|69226,2.6666666666666665,1.0,20.0,5.666666666666667,8.0,1.3333333333333333,8.0,2.6666666666666665,True,69149|69251|69252,0.6666666666666666,2.0,8.666666666666666,14.333333333333334,3.333333333333333,6.0,4.333333333333333,6.0,True
69227,2010-03-21,11,La Liga,21,2009/2010,male,Real Zaragoza,Barcelona,2,4,0,11,17,2,6,7,6,True,69179|69182|69253,1.0,2.6666666666666665,12.0,12.0,4.666666666666667,7.333333333333333,1.6666666666666667,4.666666666666667,True,69238|69226|69224,2.333333333333333,1.0,21.666666666666668,6.333333333333333,8.0,2.6666666666666665,8.333333333333334,3.6666666666666665,True
69257,2010-03-24,11,La Liga,21,2009/2010,male,Barcelona,Osasuna,2,0,1,15,3,5,1,8,3,True,69226|69224|69227,3.0,1.3333333333333333,20.0,8.333333333333334,7.666666666666667,2.6666666666666665,6.0,5.0,True,69187|69230|69277,1.0,1.6666666666666667,7.333333333333333,16.333333333333332,3.333333333333333,7.333333333333333,2.333333333333333,8.0,True
69298,2010-03-27,11,La Liga,21,2009/2010,male,Mallorca,Barcelona,0,1,0,11,7,2,5,4,8,True,69159|68366|69250,1.6666666666666667,2.333333333333333,11.0,17.333333333333332,5.0,5.666666666666667,4.333333333333333,5.0,True,69224|69227|69257,3.0,0.6666666666666666,17.666666666666668,7.0,6.666666666666667,2.333333333333333,7.0,4.333333333333333,True
69247,2010-04-03,11,La Liga,21,2009/2010,male,Barcelona,Athletic Club,4,1,1,16,15,7,6,7,10,True,69227|69257|69298,2.333333333333333,0.6666666666666666,13.0,8.333333333333334,5.333333333333333,1.6666666666666667,7.333333333333333,4.666666666666667,True,69181|69216|69288,0.6666666666666666,1.3333333333333333,10.0,16.333333333333332,2.333333333333333,4.666666666666667,3.0,5.0,True
69259,2010-04-10,11,La Liga,21,2009/2010,male,Real Madrid,Barcelona,0,2,0,17,7,7,4,4,7,True,69225|69249|69262,0.6666666666666666,3.0,9.0,15.333333333333334,3.0,8.333333333333334,4.333333333333333,6.333333333333333,True,69257|69298|69247,2.333333333333333,0.3333333333333333,12.666666666666666,9.666666666666666,5.666666666666667,3.0,7.666666666666667,5.666666666666667,True
69221,2010-04-14,11,La Liga,21,2009/2010,male,Barcelona,RC Deportivo La Coruña,3,0,1,22,5,10,3,14,2,True,69298|69247|69259,2.333333333333333,0.3333333333333333,10.0,14.333333333333334,5.333333333333333,5.0,7.333333333333333,6.0,True,69170|69183|69218,0.6666666666666666,3.333333333333333,4.666666666666667,19.666666666666668,2.6666666666666665,10.0,1.6666666666666667,9.333333333333334,True
69213,2010-04-17,11,La Liga,21,2009/2010,male,Espanyol,Barcelona,0,0,0,10,4,4,1,3,3,True,68359|69211|69139,1.0,1.0,4.0,22.0,1.6666666666666667,5.333333333333333,1.3333333333333333,7.666666666666667,True,69247|69259|69221,3.0,0.3333333333333333,15.0,12.333333333333334,7.0,5.333333333333333,9.333333333333334,5.333333333333333,True
69244,2010-05-01,11,La Liga,21,2009/2010,male,Villarreal,Barcelona,1,4,0,7,13,2,6,4,4,True,68364|69228|69217,2.333333333333333,2.0,7.333333333333333,15.0,3.0,5.333333333333333,1.3333333333333333,6.666666666666667,True,69221|69213|69214,2.0,0.3333333333333333,13.0,7.666666666666667,6.333333333333333,3.6666666666666665,6.666666666666667,3.6666666666666665,True
69239,2010-05-08,11,La Liga,21,2009/2010,male,Sevilla,Barcelona,2,3,0,7,18,5,7,2,4,True,69146|69171|69243,0.3333333333333333,2.6666666666666665,11.0,20.666666666666668,2.6666666666666665,9.0,1.6666666666666667,5.0,True,69214|69244|69241,3.6666666666666665,1.0,15.333333333333334,6.333333333333333,7.333333333333333,2.6666666666666665,5.333333333333333,4.0,True
69242,2010-05-16,11,La Liga,21,2009/2010,male,Barcelona,Real Valladolid,4,0,1,14,8,7,3,7,5,True,69244|69241|69239,3.6666666666666665,1.3333333333333333,17.0,6.0,7.0,3.0,5.666666666666667,2.6666666666666665,True,69279|69273|69210,0.0,3.333333333333333,7.0,16.0,2.6666666666666665,8.666666666666666,4.666666666666667,6.0,True
69286,2010-08-29,11,La Liga,22,2010/2011,male,Racing Santander,Barcelona,0,3,0,11,9,7,5,6,5,True,69209|69254|69233,0.6666666666666666,3.333333333333333,5.666666666666667,15.0,2.0,5.666666666666667,1.3333333333333333,4.0,True,69241|69239|69242,3.6666666666666665,1.0,17.333333333333332,6.333333333333333,7.333333333333333,3.333333333333333,6.666666666666667,3.0,True
69269,2010-09-19,11,La Liga,22,2010/2011,male,Atlético Madrid,Barcelona,1,2,0,7,17,4,9,6,6,True,69185|69292|69237,2.6666666666666665,3.0,16.333333333333332,11.666666666666666,6.666666666666667,6.333333333333333,6.333333333333333,5.666666666666667,True,69242|69286|69287,2.333333333333333,0.6666666666666666,13.0,9.333333333333334,6.666666666666667,5.666666666666667,8.666666666666666,4.333333333333333,True
69236,2010-10-03,11,La Liga,22,2010/2011,male,Barcelona,Mallorca,1,1,0,25,10,10,4,13,6,True,69286|69287|69269,1.6666666666666667,1.0,14.0,9.0,7.333333333333333,6.0,8.333333333333334,4.666666666666667,True,68366|69250|69298,1.6666666666666667,2.333333333333333,13.333333333333334,11.666666666666666,5.0,6.0,5.666666666666667,5.333333333333333,True
69260,2010-10-16,11,La Liga,22,2010/2011,male,Barcelona,Valencia,2,1,1,13,6,7,3,7,6,True,69287|69269|69236,1.0,1.3333333333333333,19.33333333333333,8.666666666666666,9.0,5.0,11.0,4.666666666666667,True,69251|69252|69224,0.6666666666666666,1.6666666666666667,9.666666666666666,15.666666666666666,4.0,6.333333333333333,4.333333333333333,7.333333333333333,True
69263,2010-10-23,11,La Liga,22,2010/2011,male,Real Zaragoza,Barcelona,0,2,0,5,18,3,9,5,3,True,69182|69253|69227,1.3333333333333333,4.0,11.0,15.0,3.6666666666666665,8.0,3.333333333333333,5.0,True,69269|69236|69260,1.6666666666666667,1.0,18.33333333333333,7.666666666666667,8.666666666666666,3.6666666666666665,8.666666666666666,6.0,True
69289,2010-10-30,11,La Liga,22,2010/2011,male,Barcelona,Sevilla,5,0,1,17,3,8,1,11,1,True,69236|69260|69263,1.6666666666666667,0.6666666666666666,18.666666666666668,7.0,8.666666666666666,3.333333333333333,7.666666666666667,5.666666666666667,True,69171|69243|69239,0.6666666666666666,3.333333333333333,7.333333333333333,21.666666666666668,2.6666666666666665,9.333333333333334,1.6666666666666667,5.666666666666667,True
69270,2010-11-07,11,La Liga,22,2010/2011,male,Getafe,Barcelona,1,3,0,12,15,4,8,5,3,True,69223|69229|69240,0.3333333333333333,1.6666666666666667,12.333333333333334,16.333333333333332,3.0,7.666666666666667,1.6666666666666667,5.0,True,69260|69263|69289,3.0,0.3333333333333333,16.0,4.666666666666667,8.0,2.333333333333333,7.0,4.0,True
69308,2010-11-13,11,La Liga,22,2010/2011,male,Barcelona,Villarreal,3,1,1,14,9,4,2,4,4,True,69263|69289|69270,3.333333333333333,0.3333333333333333,16.666666666666668,6.666666666666667,8.333333333333334,2.6666666666666665,5.666666666666667,3.6666666666666665,True,69228|69217|69244,1.6666666666666667,3.0,7.0,15.0,2.333333333333333,5.333333333333333,2.6666666666666665,5.0,True
69306,2010-11-20,11,La Liga,22,2010/2011,male,Almería,Barcelona,0,8,0,9,20,2,13,6,5,True,69177|69256|69226,0.6666666666666666,1.6666666666666667,4.333333333333333,18.33333333333333,1.0,7.333333333333333,4.333333333333333,6.666666666666667,True,69289|69270|69308,3.6666666666666665,0.6666666666666666,15.333333333333334,8.0,6.666666666666667,2.333333333333333,6.0,3.333333333333333,True
69299,2010-11-29,11,La Liga,22,2010/2011,male,Barcelona,Real Madrid,5,0,1,14,5,6,2,3,6,True,69270|69308|69306,4.666666666666667,0.6666666666666666,16.333333333333332,10.0,8.333333333333334,2.6666666666666665,4.0,5.0,True,69249|69262|69259,0.6666666666666666,3.0,12.666666666666666,10.666666666666666,4.333333333333333,6.666666666666667,4.333333333333333,5.0,True
69307,2010-12-04,11,La Liga,22,2010/2011,male,Osasuna,Barcelona,0,3,0,4,14,2,9,3,5,True,69230|69277|69257,1.0,2.0,5.333333333333333,15.666666666666666,3.0,7.0,3.0,7.333333333333333,True,69308|69306|69299,5.333333333333333,0.3333333333333333,16.0,7.666666666666667,7.666666666666667,2.0,4.0,5.333333333333333,True
69275,2010-12-18,11,La Liga,22,2010/2011,male,Espanyol,Barcelona,1,5,0,7,21,5,11,2,6,True,69211|69139|69213,1.0,1.0,5.0,17.0,2.6666666666666665,3.6666666666666665,1.6666666666666667,6.333333333333333,True,69299|69307|69302,4.333333333333333,0.0,16.666666666666668,3.6666666666666665,7.666666666666667,1.3333333333333333,6.0,3.6666666666666665,True
69280,2011-01-08,11,La Liga,22,2010/2011,male,RC Deportivo La Coruña,Barcelona,0,4,0,7,7,1,5,4,7,True,69183|69218|69221,0.3333333333333333,3.6666666666666665,3.333333333333333,20.666666666666668,1.6666666666666667,10.0,2.333333333333333,10.666666666666666,True,69307|69302|69275,4.333333333333333,0.3333333333333333,19.0,4.333333333333333,9.333333333333334,2.333333333333333,7.0,2.333333333333333,True
69278,2011-01-16,11,La Liga,22,2010/2011,male,Barcelona,Málaga,4,1,1,12,4,9,2,8,1,True,69302|69275|69280,4.666666666666667,0.3333333333333333,16.666666666666668,5.333333333333333,8.0,2.0,7.666666666666667,2.6666666666666665,True,69142|69255|69238,0.3333333333333333,3.333333333333333,5.666666666666667,19.33333333333333,1.6666666666666667,9.0,4.333333333333333,8.0,True
69295,2011-01-22,11,La Liga,22,2010/2011,male,Barcelona,Racing Santander,3,0,1,13,8,10,3,8,1,True,69275|69280|69278,4.333333333333333,0.6666666666666666,13.333333333333334,6.0,8.333333333333334,2.6666666666666665,7.0,2.333333333333333,True,69254|69233|69286,0.3333333333333333,3.6666666666666665,7.0,15.333333333333334,3.0,6.666666666666667,2.6666666666666665,4.666666666666667,True
69276,2011-02-05,11,La Liga,22,2010/2011,male,Barcelona,Atlético Madrid,3,0,1,16,8,8,3,5,5,True,69278|69295|69296,3.333333333333333,0.3333333333333333,14.666666666666666,5.333333333333333,9.0,2.0,8.333333333333334,1.3333333333333333,True,69292|69237|69269,1.6666666666666667,2.6666666666666665,11.0,12.666666666666666,5.0,7.333333333333333,6.333333333333333,6.666666666666667,True
69248,2011-02-12,11,La Liga,22,2010/2011,male,Sporting Gijón,Barcelona,1,1,0,7,15,1,6,4,10,True,69138|69231|69220,0.6666666666666666,3.333333333333333,5.0,20.33333333333333,2.0,6.666666666666667,2.333333333333333,10.333333333333334,True,69295|69296|69276,3.0,0.0,16.0,6.666666666666667,8.666666666666666,2.333333333333333,7.333333333333333,2.6666666666666665,True
69282,2011-02-20,11,La Liga,22,2010/2011,male,Barcelona,Athletic Club,2,1,1,21,4,5,3,11,1,True,69296|69276|69248,2.333333333333333,0.3333333333333333,16.666666666666668,6.333333333333333,7.333333333333333,1.6666666666666667,8.0,3.6666666666666665,True,69216|69288|69247,0.6666666666666666,2.333333333333333,9.666666666666666,19.0,2.333333333333333,6.333333333333333,5.333333333333333,6.333333333333333,True
69283,2011-02-26,11,La Liga,22,2010/2011,male,Mallorca,Barcelona,0,3,0,8,8,3,4,5,2,True,69250|69298|69236,1.0,2.0,10.333333333333334,16.0,3.6666666666666665,8.0,4.666666666666667,7.666666666666667,True,69276|69248|69282,2.0,0.6666666666666666,17.333333333333332,6.333333333333333,6.333333333333333,2.333333333333333,8.666666666666666,3.333333333333333,True
69274,2011-03-02,11,La Liga,22,2010/2011,male,Valencia,Barcelona,0,1,0,7,18,1,7,8,4,True,69252|69224|69260,0.3333333333333333,1.6666666666666667,8.333333333333334,15.666666666666666,3.333333333333333,6.333333333333333,4.666666666666667,6.666666666666667,True,69248|69282|69283,2.0,0.6666666666666666,14.666666666666666,6.333333333333333,5.0,2.333333333333333,7.666666666666667,3.333333333333333,True
69300,2011-03-05,11,La Liga,22,2010/2011,male,Barcelona,Real Zaragoza,1,0,1,25,3,12,1,13,2,True,69282|69283|69274,2.0,0.3333333333333333,15.666666666666666,6.333333333333333,5.333333333333333,2.333333333333333,5.666666666666667,4.666666666666667,True,69253|69227|69263,1.0,4.0,7.666666666666667,17.333333333333332,3.6666666666666665,9.333333333333334,4.333333333333333,5.0,True
69291,2011-03-13,11,La Liga,22,2010/2011,male,Sevilla,Barcelona,1,1,0,12,13,4,5,0,4,True,69243|69239|69289,0.6666666666666666,4.0,5.0,20.33333333333333,2.333333333333333,9.0,1.6666666666666667,8.666666666666666,True,69283|69274|69300,1.6666666666666667,0.0,17.0,6.0,7.666666666666667,1.6666666666666667,6.333333333333333,5.0,True
69303,2011-03-19,11,La Liga,22,2010/2011,male,Barcelona,Getafe,2,1,1,14,8,5,3,5,3,True,69274|69300|69291,1.0,0.3333333333333333,18.666666666666668,7.333333333333333,8.0,2.0,7.0,3.333333333333333,True,69229|69240|69270,0.6666666666666666,2.333333333333333,15.333333333333334,15.0,4.333333333333333,7.666666666666667,3.0,4.333333333333333,True
69304,2011-04-02,11,La Liga,22,2010/2011,male,Villarreal,Barcelona,0,1,0,7,10,3,6,3,8,True,69217|69244|69308,1.6666666666666667,3.333333333333333,7.333333333333333,14.333333333333334,2.6666666666666665,4.666666666666667,2.6666666666666665,4.0,True,69300|69291|69303,1.3333333333333333,0.6666666666666666,17.333333333333332,7.666666666666667,7.333333333333333,2.6666666666666665,7.333333333333333,1.6666666666666667,True
69305,2011-04-09,11,La Liga,22,2010/2011,male,Barcelona,Almería,3,1,1,19,4,7,2,9,4,True,69291|69303|69304,1.3333333333333333,0.6666666666666666,12.333333333333334,9.0,5.333333333333333,3.333333333333333,5.666666666666667,2.0,True,69256|69226|69306,0.6666666666666666,3.6666666666666665,5.666666666666667,19.33333333333333,1.3333333333333333,9.333333333333334,4.666666666666667,6.666666666666667,True
69245,2011-04-16,11,La Liga,22,2010/2011,male,Real Madrid,Barcelona,1,1,0,13,10,5,5,8,0,True,69262|69259|69299,0.0,2.6666666666666665,12.666666666666666,9.666666666666666,3.6666666666666665,4.333333333333333,5.333333333333333,5.333333333333333,True,69303|69304|69305,2.0,0.6666666666666666,14.333333333333334,6.333333333333333,6.0,2.6666666666666665,7.333333333333333,3.333333333333333,True
69271,2011-04-23,11,La Liga,22,2010/2011,male,Barcelona,Osasuna,2,0,1,11,12,2,4,7,5,True,69304|69305|69245,1.6666666666666667,0.6666666666666666,13.0,8.0,6.0,3.333333333333333,5.666666666666667,5.0,True,69277|69257|69307,0.3333333333333333,2.0,5.0,14.666666666666666,2.0,7.0,3.333333333333333,6.666666666666667,True
69234,2011-05-08,11,La Liga,22,2010/2011,male,Barcelona,Espanyol,2,0,1,14,7,6,2,8,3,True,69245|69271|69246,1.3333333333333333,1.0,10.666666666666666,11.0,4.666666666666667,4.0,4.0,5.666666666666667,True,69139|69213|69275,1.0,2.0,6.333333333333333,13.666666666666666,3.6666666666666665,4.666666666666667,2.333333333333333,4.333333333333333,True
69272,2011-05-11,11,La Liga,22,2010/2011,male,Levante UD,Barcelona,1,1,0,8,10,2,2,2,3,True,69156|69151|68360,0.6666666666666666,3.333333333333333,8.333333333333334,15.0,3.333333333333333,7.666666666666667,2.333333333333333,4.666666666666667,True,69271|69246|69234,1.6666666666666667,0.6666666666666666,12.0,9.0,5.0,3.0,6.666666666666667,4.0,True
69268,2011-08-29,11,La Liga,23,2011/2012,male,Barcelona,Villarreal,5,0,1,18,4,10,1,12,0,True,69246|69234|69272,1.3333333333333333,1.0,11.666666666666666,7.666666666666667,5.0,2.333333333333333,5.333333333333333,3.0,True,69244|69308|69304,0.6666666666666666,2.6666666666666665,7.666666666666667,12.333333333333334,2.333333333333333,5.333333333333333,3.6666666666666665,5.333333333333333,True
69264,2011-09-10,11,La Liga,23,2011/2012,male,Real Sociedad,Barcelona,2,2,0,10,13,3,6,5,4,True,69160|69302|69246,0.6666666666666666,2.6666666666666665,6.333333333333333,15.333333333333334,1.3333333333333333,7.0,3.333333333333333,8.0,True,69234|69272|69268,2.6666666666666665,0.3333333333333333,14.0,6.333333333333333,6.0,1.6666666666666667,7.666666666666667,1.6666666666666667,True
70220,2011-09-17,11,La Liga,23,2011/2012,male,Barcelona,Osasuna,8,0,1,18,6,14,1,8,3,True,69272|69268|69264,2.6666666666666665,1.0,13.666666666666666,7.333333333333333,6.0,2.0,6.333333333333333,2.333333333333333,True,69257|69307|69271,0.0,2.333333333333333,6.333333333333333,13.333333333333334,2.333333333333333,5.333333333333333,3.6666666666666665,6.666666666666667,True
70223,2011-09-21,11,La Liga,23,2011/2012,male,Valencia,Barcelona,2,2,0,8,10,1,7,4,3,True,69224|69260|69274,0.3333333333333333,2.0,6.666666666666667,17.333333333333332,2.6666666666666665,7.666666666666667,5.666666666666667,6.0,True,69268|69264|70220,5.0,0.6666666666666666,16.333333333333332,6.666666666666667,10.0,1.6666666666666667,8.0,2.6666666666666665,True
69297,2011-09-24,11,La Liga,23,2011/2012,male,Barcelona,Atlético Madrid,5,0,1,17,6,8,2,8,1,True,69264|70220|70223,4.0,1.3333333333333333,13.666666666666666,8.0,9.0,1.6666666666666667,5.0,4.0,True,69237|69269|69276,1.0,2.0,9.333333333333334,15.333333333333334,4.666666666666667,8.0,5.333333333333333,6.0,True
69265,2011-10-02,11,La Liga,23,2011/2012,male,Sporting Gijón,Barcelona,0,1,0,6,13,2,5,4,5,True,69231|69220|69248,0.6666666666666666,1.6666666666666667,5.666666666666667,18.0,1.6666666666666667,6.0,2.6666666666666665,9.0,True,70220|70223|69297,5.0,0.6666666666666666,15.0,6.666666666666667,9.666666666666666,1.3333333333333333,6.333333333333333,2.6666666666666665,True
69293,2011-10-15,11,La Liga,23,2011/2012,male,Barcelona,Racing Santander,3,0,1,18,3,6,3,6,0,True,70223|69297|69265,2.6666666666666665,0.6666666666666666,13.333333333333334,6.666666666666667,6.666666666666667,1.6666666666666667,5.333333333333333,3.0,True,69233|69286|69295,0.0,3.333333333333333,8.0,12.666666666666666,3.333333333333333,8.0,2.333333333333333,6.333333333333333,True
69329,2011-10-22,11,La Liga,23,2011/2012,male,Barcelona,Sevilla,0,0,0,20,5,6,3,13,3,True,69297|69265|69293,3.0,0.0,16.0,5.0,6.333333333333333,2.333333333333333,6.333333333333333,1.6666666666666667,True,69239|69289|69291,1.0,3.0,7.333333333333333,16.0,3.333333333333333,6.666666666666667,1.0,6.333333333333333,True
69314,2011-10-29,11,La Liga,23,2011/2012,male,Barcelona,Mallorca,5,0,1,20,3,8,0,9,1,True,69293|69329|69318,1.3333333333333333,0.0,18.33333333333333,3.333333333333333,6.0,2.0,9.666666666666666,1.6666666666666667,True,69298|69236|69283,0.3333333333333333,1.6666666666666667,9.666666666666666,13.333333333333334,3.0,6.333333333333333,5.0,7.666666666666667,True
69330,2011-11-06,11,La Liga,23,2011/2012,male,Athletic Club,Barcelona,2,2,0,3,16,3,9,3,5,True,69288|69247|69282,1.0,2.333333333333333,9.0,16.666666666666668,3.333333333333333,5.333333333333333,5.333333333333333,8.333333333333334,True,69329|69318|69314,2.0,0.0,19.0,3.333333333333333,6.666666666666667,1.0,10.666666666666666,2.0,True
69331,2011-11-19,11,La Liga,23,2011/2012,male,Barcelona,Real Zaragoza,4,0,1,27,3,11,0,6,1,True,69318|69314|69330,2.6666666666666665,0.6666666666666666,17.666666666666668,2.6666666666666665,7.666666666666667,1.0,8.0,2.0,True,69227|69263|69300,0.6666666666666666,2.333333333333333,6.333333333333333,20.0,2.0,9.0,4.666666666666667,7.333333333333333,True
69315,2011-11-26,11,La Liga,23,2011/2012,male,Getafe,Barcelona,1,0,1,7,20,1,6,2,13,True,69240|69270|69303,1.0,2.333333333333333,11.666666666666666,15.0,4.333333333333333,6.333333333333333,3.333333333333333,4.333333333333333,True,69314|69330|69331,3.6666666666666665,0.6666666666666666,21.0,3.0,9.333333333333334,1.0,6.666666666666667,1.6666666666666667,True
69333,2011-12-03,11,La Liga,23,2011/2012,male,Barcelona,Levante UD,5,0,1,18,5,9,3,10,4,True,69331|69315|69332,2.6666666666666665,0.3333333333333333,20.0,6.333333333333333,7.666666666666667,1.3333333333333333,8.0,1.6666666666666667,True,69151|68360|69272,1.0,3.333333333333333,8.0,13.333333333333334,3.333333333333333,6.0,2.6666666666666665,4.666666666666667,True
69334,2011-12-10,11,La Liga,23,2011/2012,male,Real Madrid,Barcelona,1,3,0,17,11,5,7,3,5,True,69259|69299|69245,0.3333333333333333,2.6666666666666665,11.666666666666666,10.333333333333334,4.666666666666667,5.0,6.0,3.333333333333333,True,69315|69332|69333,3.0,0.3333333333333333,17.0,7.0,7.0,2.333333333333333,9.333333333333334,2.6666666666666665,True
69312,2012-01-08,11,La Liga,23,2011/2012,male,Espanyol,Barcelona,1,1,0,15,10,3,3,4,4,True,69213|69275|69234,0.3333333333333333,2.333333333333333,8.0,13.0,3.6666666666666665,6.0,2.6666666666666665,5.666666666666667,True,69332|69333|69334,4.0,0.3333333333333333,14.0,10.333333333333334,7.333333333333333,3.6666666666666665,6.666666666666667,3.0,True
69327,2012-01-15,11,La Liga,23,2011/2012,male,Barcelona,Real Betis,4,2,1,15,10,8,5,5,3,True,69333|69334|69312,3.0,0.6666666666666666,13.0,12.333333333333334,6.333333333333333,3.6666666666666665,6.333333333333333,3.6666666666666665,True,69166|69207|69195,1.3333333333333333,2.6666666666666665,6.666666666666667,21.0,3.333333333333333,9.0,3.333333333333333,6.333333333333333,True
69335,2012-01-22,11,La Liga,23,2011/2012,male,Málaga,Barcelona,1,4,0,9,15,6,10,5,2,True,69255|69238|69278,0.6666666666666666,2.6666666666666665,4.0,15.0,1.3333333333333333,7.333333333333333,2.333333333333333,7.333333333333333,True,69334|69312|69327,2.6666666666666665,1.3333333333333333,12.0,14.0,6.0,4.333333333333333,4.666666666666667,3.333333333333333,True
69338,2012-01-28,11,La Liga,23,2011/2012,male,Villarreal,Barcelona,0,0,0,5,11,2,5,1,6,True,69308|69304|69268,0.3333333333333333,3.0,6.666666666666667,14.0,2.0,6.666666666666667,2.333333333333333,8.0,True,69312|69327|69335,3.0,1.3333333333333333,13.333333333333334,11.333333333333334,7.0,4.666666666666667,3.6666666666666665,4.0,True
69316,2012-02-04,11,La Liga,23,2011/2012,male,Barcelona,Real Sociedad,2,1,1,19,8,8,5,6,3,True,69327|69335|69338,2.6666666666666665,1.0,13.666666666666666,8.0,7.666666666666667,4.333333333333333,4.333333333333333,3.0,True,69302|69246|69264,1.3333333333333333,2.6666666666666665,6.666666666666667,15.333333333333334,2.0,7.0,3.6666666666666665,6.333333333333333,True
69336,2012-02-11,11,La Liga,23,2011/2012,male,Osasuna,Barcelona,3,2,1,7,19,4,8,3,12,True,69307|69271|70220,0.0,4.333333333333333,7.333333333333333,14.333333333333334,2.333333333333333,8.333333333333334,3.6666666666666665,6.666666666666667,True,69335|69338|69316,2.0,0.6666666666666666,15.0,7.333333333333333,7.666666666666667,4.333333333333333,4.666666666666667,3.0,True
69328,2012-02-19,11,La Liga,23,2011/2012,male,Barcelona,Valencia,5,1,1,30,3,14,3,11,1,True,69338|69316|69336,1.3333333333333333,1.3333333333333333,16.333333333333332,6.666666666666667,7.0,3.6666666666666665,8.0,2.333333333333333,True,69260|69274|70223,1.0,1.6666666666666667,7.0,13.666666666666666,1.6666666666666667,7.0,6.0,4.666666666666667,True
69337,2012-02-26,11,La Liga,23,2011/2012,male,Atlético Madrid,Barcelona,1,2,0,13,8,5,3,6,2,True,69269|69276|69297,0.3333333333333333,3.333333333333333,7.0,16.666666666666668,3.0,8.333333333333334,4.0,6.333333333333333,True,69316|69336|69328,3.0,1.6666666666666667,22.666666666666668,6.0,10.0,4.0,9.666666666666666,2.333333333333333,True
69322,2012-03-11,11,La Liga,23,2011/2012,male,Racing Santander,Barcelona,0,2,0,1,22,0,8,3,6,True,69286|69295|69293,0.0,3.0,7.333333333333333,13.333333333333334,4.333333333333333,7.0,2.333333333333333,6.333333333333333,True,69336|69328|69337,3.0,1.6666666666666667,19.0,7.666666666666667,8.333333333333334,4.0,8.333333333333334,3.333333333333333,True
69326,2012-03-17,11,La Liga,23,2011/2012,male,Sevilla,Barcelona,0,2,0,10,17,3,9,7,4,True,69289|69291|69329,0.3333333333333333,2.0,6.666666666666667,16.666666666666668,2.6666666666666665,6.333333333333333,1.3333333333333333,9.333333333333334,True,69328|69337|69322,3.0,0.6666666666666666,20.0,5.666666666666667,8.333333333333334,2.6666666666666665,6.333333333333333,3.333333333333333,True
69325,2012-03-24,11,La Liga,23,2011/2012,male,Mallorca,Barcelona,0,2,0,9,16,2,5,5,7,True,69236|69283|69314,0.3333333333333333,3.0,7.0,17.666666666666668,2.333333333333333,7.333333333333333,4.0,8.0,True,69322|69326|70225,3.0,1.0,19.0,5.666666666666667,8.333333333333334,2.0,4.666666666666667,4.0,True
69323,2012-03-31,11,La Liga,23,2011/2012,male,Barcelona,Athletic Club,2,0,1,20,5,13,0,10,4,True,69326|70225|69325,3.0,1.0,17.0,8.333333333333334,7.333333333333333,2.6666666666666665,5.0,4.666666666666667,True,69247|69282|69330,1.3333333333333333,2.6666666666666665,7.333333333333333,17.666666666666668,4.0,7.0,4.666666666666667,7.666666666666667,True
70219,2012-04-07,11,La Liga,23,2011/2012,male,Real Zaragoza,Barcelona,1,4,0,12,15,6,8,2,8,True,69263|69300|69331,0.0,2.333333333333333,3.6666666666666665,23.33333333333333,1.3333333333333333,10.666666666666666,2.6666666666666665,7.333333333333333,True,70225|69325|69323,3.0,1.0,18.0,6.666666666666667,8.666666666666666,1.6666666666666667,7.0,3.6666666666666665,True
69343,2012-04-10,11,La Liga,23,2011/2012,male,Barcelona,Getafe,4,0,1,15,3,7,0,13,5,True,69325|69323|70219,2.6666666666666665,0.3333333333333333,17.0,8.666666666666666,8.666666666666666,2.6666666666666665,8.333333333333334,3.6666666666666665,True,69270|69303|69315,1.0,1.6666666666666667,9.0,16.333333333333332,2.6666666666666665,6.333333333333333,3.333333333333333,7.0,True
70221,2012-04-14,11,La Liga,23,2011/2012,male,Levante UD,Barcelona,1,2,0,6,17,2,8,1,6,True,68360|69272|69333,0.6666666666666666,3.6666666666666665,7.333333333333333,15.333333333333334,3.0,6.333333333333333,3.333333333333333,7.0,True,69323|70219|69343,3.333333333333333,0.3333333333333333,16.666666666666668,6.666666666666667,9.333333333333334,2.0,10.333333333333334,3.6666666666666665,True
69324,2012-04-21,11,La Liga,23,2011/2012,male,Barcelona,Real Madrid,1,2,0,14,14,4,6,4,7,True,70219|69343|70221,3.333333333333333,0.6666666666666666,15.666666666666666,7.0,7.666666666666667,2.6666666666666665,9.0,2.6666666666666665,True,69299|69245|69334,0.6666666666666666,3.0,11.666666666666666,11.666666666666666,4.0,6.0,5.666666666666667,2.6666666666666665,True
69340,2012-05-02,11,La Liga,23,2011/2012,male,Barcelona,Málaga,4,1,1,11,11,6,3,4,1,True,70221|69324|70224,3.333333333333333,1.0,16.333333333333332,10.0,6.666666666666667,4.0,6.333333333333333,5.0,True,69238|69278|69335,1.0,3.333333333333333,6.0,16.333333333333332,3.333333333333333,8.666666666666666,3.0,7.666666666666667,True
69320,2012-05-05,11,La Liga,23,2011/2012,male,Barcelona,Espanyol,4,0,1,14,10,6,2,5,3,True,69324|70224|69340,4.0,1.0,14.333333333333334,11.666666666666666,6.0,4.333333333333333,5.666666666666667,5.0,True,69275|69234|69312,0.6666666666666666,2.6666666666666665,9.666666666666666,15.0,3.333333333333333,6.666666666666667,3.0,6.0,True
69319,2012-05-12,11,La Liga,23,2011/2012,male,Real Betis,Barcelona,2,2,0,5,11,2,6,2,7,True,69207|69195|69327,2.0,3.0,8.0,19.33333333333333,4.333333333333333,9.333333333333334,3.0,6.0,True,70224|69340|69320,5.0,0.3333333333333333,14.333333333333334,10.333333333333334,6.666666666666667,3.0,6.0,3.6666666666666665,True
70259,2012-08-19,11,La Liga,24,2012/2013,male,Barcelona,Real Sociedad,5,1,1,18,6,10,2,9,1,True,69340|69320|69319,3.333333333333333,1.0,12.0,8.666666666666666,6.0,2.333333333333333,5.333333333333333,2.0,True,69246|69264|69316,1.6666666666666667,1.6666666666666667,8.666666666666666,14.333333333333334,3.6666666666666665,7.0,4.0,5.0,True
70262,2012-08-26,11,La Liga,24,2012/2013,male,Osasuna,Barcelona,1,2,0,15,15,5,10,4,7,True,69271|70220|69336,1.0,4.0,8.333333333333334,16.0,3.0,8.0,3.6666666666666665,9.0,True,69320|69319|70259,3.6666666666666665,1.0,14.333333333333334,7.0,7.333333333333333,2.0,7.0,2.0,True
70286,2012-09-02,11,La Liga,24,2012/2013,male,Barcelona,Valencia,1,0,1,17,8,6,2,4,5,True,69319|70259|70262,3.0,1.3333333333333333,14.666666666666666,8.666666666666666,8.666666666666666,3.0,7.666666666666667,2.333333333333333,True,69274|70223|69328,1.0,2.6666666666666665,6.0,19.33333333333333,1.6666666666666667,9.333333333333334,4.333333333333333,6.0,True
70292,2012-09-15,11,La Liga,24,2012/2013,male,Getafe,Barcelona,1,4,0,5,14,1,9,1,7,True,69303|69315|69343,0.6666666666666666,2.0,6.0,16.333333333333332,1.3333333333333333,6.0,3.333333333333333,10.333333333333334,True,70259|70262|70286,2.6666666666666665,0.6666666666666666,16.666666666666668,9.666666666666666,8.666666666666666,3.0,6.666666666666667,3.333333333333333,True
70275,2012-09-29,11,La Liga,24,2012/2013,male,Sevilla,Barcelona,2,3,0,8,15,3,6,2,7,True,69291|69329|69326,0.3333333333333333,1.0,9.0,16.666666666666668,3.333333333333333,6.666666666666667,3.333333333333333,7.0,True,70286|70292|70270,2.333333333333333,0.3333333333333333,16.666666666666668,6.666666666666667,8.666666666666666,2.0,8.333333333333334,3.6666666666666665,True
70300,2012-10-07,11,La Liga,24,2012/2013,male,Barcelona,Real Madrid,2,2,0,10,9,2,3,7,2,True,70292|70270|70275,3.0,1.0,16.0,6.666666666666667,8.666666666666666,2.333333333333333,9.333333333333334,2.6666666666666665,True,69245|69334|69324,1.3333333333333333,1.6666666666666667,14.666666666666666,11.666666666666666,5.333333333333333,5.333333333333333,6.0,3.0,True
70304,2012-10-20,11,La Liga,24,2012/2013,male,RC Deportivo La Coruña,Barcelona,4,5,0,12,10,7,6,5,1,True,69218|69221|69280,0.3333333333333333,3.333333333333333,5.333333333333333,16.0,1.6666666666666667,8.333333333333334,2.333333333333333,10.0,True,70270|70275|70300,2.333333333333333,1.3333333333333333,14.666666666666666,8.0,6.333333333333333,3.0,9.333333333333334,3.0,True
266724,2012-11-11,11,La Liga,24,2012/2013,male,Mallorca,Barcelona,2,4,0,6,12,3,6,5,6,True,69283|69314|69325,0.0,3.333333333333333,6.666666666666667,14.666666666666666,1.6666666666666667,5.666666666666667,3.6666666666666665,6.0,True,70304|70276|70308,4.333333333333333,1.6666666666666667,12.666666666666666,13.666666666666666,7.333333333333333,4.666666666666667,3.0,5.666666666666667,True
70309,2012-11-17,11,La Liga,24,2012/2013,male,Barcelona,Real Zaragoza,3,1,1,8,12,3,2,6,7,True,70276|70308|266724,4.0,1.0,13.333333333333334,11.666666666666666,7.333333333333333,3.333333333333333,4.666666666666667,5.666666666666667,True,69300|69331|70219,0.3333333333333333,3.0,6.0,22.33333333333333,2.333333333333333,10.333333333333334,1.6666666666666667,9.0,True
70280,2012-11-25,11,La Liga,24,2012/2013,male,Levante UD,Barcelona,0,4,0,13,13,4,7,4,8,True,69272|69333|70221,0.6666666666666666,2.6666666666666665,6.333333333333333,15.0,2.333333333333333,6.333333333333333,2.333333333333333,6.333333333333333,True,70308|266724|70309,3.333333333333333,1.3333333333333333,10.666666666666666,9.666666666666666,5.0,3.0,5.333333333333333,5.666666666666667,True
70263,2012-12-01,11,La Liga,24,2012/2013,male,Barcelona,Athletic Club,5,1,1,16,6,10,2,3,1,True,266724|70309|70280,3.6666666666666665,1.0,11.0,10.333333333333334,5.333333333333333,3.0,6.666666666666667,5.333333333333333,True,69282|69330|69323,1.0,2.0,4.0,19.0,2.0,9.0,2.6666666666666665,8.666666666666666,True
70295,2012-12-09,11,La Liga,24,2012/2013,male,Real Betis,Barcelona,1,2,0,10,13,3,8,4,5,True,69195|69327|69319,2.0,2.6666666666666665,7.0,16.333333333333332,4.0,8.666666666666666,2.0,6.333333333333333,True,70309|70280|70263,4.0,0.6666666666666666,12.333333333333334,10.333333333333334,6.666666666666667,2.6666666666666665,5.666666666666667,4.0,True
70296,2012-12-16,11,La Liga,24,2012/2013,male,Barcelona,Atlético Madrid,4,1,1,9,8,5,1,9,5,True,70280|70263|70295,3.6666666666666665,0.6666666666666666,14.0,9.666666666666666,8.333333333333334,3.0,5.333333333333333,3.0,True,69276|69297|69337,0.3333333333333333,3.333333333333333,9.0,13.666666666666666,3.333333333333333,6.333333333333333,4.0,5.0,True
266015,2012-12-22,11,La Liga,24,2012/2013,male,Real Valladolid,Barcelona,1,3,0,4,11,2,5,2,4,True,69273|69210|69242,0.0,2.6666666666666665,8.666666666666666,13.666666666666666,3.0,6.666666666666667,4.666666666666667,5.333333333333333,True,70263|70295|70296,3.6666666666666665,1.0,12.666666666666666,8.0,7.666666666666667,2.0,5.666666666666667,3.333333333333333,True
266433,2013-01-06,11,La Liga,24,2012/2013,male,Barcelona,Espanyol,4,0,1,19,5,8,1,7,1,True,70295|70296|266015,3.0,1.0,11.0,7.333333333333333,6.0,2.0,6.0,3.6666666666666665,True,69234|69312|69320,0.3333333333333333,2.333333333333333,10.666666666666666,12.666666666666666,2.333333333333333,5.0,3.333333333333333,5.666666666666667,True
266827,2013-01-13,11,La Liga,24,2012/2013,male,Málaga,Barcelona,1,3,0,7,12,2,4,2,5,True,69278|69335|69340,1.0,4.0,8.0,12.666666666666666,3.6666666666666665,8.333333333333334,2.333333333333333,4.666666666666667,True,70296|266015|266433,3.6666666666666665,0.6666666666666666,13.0,5.666666666666667,6.0,1.3333333333333333,6.666666666666667,2.6666666666666665,True
70287,2013-01-19,11,La Liga,24,2012/2013,male,Real Sociedad,Barcelona,3,2,1,14,8,6,3,3,6,True,69264|69316|70259,1.3333333333333333,3.0,8.0,16.666666666666668,3.333333333333333,8.0,3.0,6.333333333333333,True,266015|266433|266827,3.333333333333333,0.6666666666666666,14.0,5.333333333333333,5.666666666666667,1.6666666666666667,5.333333333333333,1.6666666666666667,True
70260,2013-01-27,11,La Liga,24,2012/2013,male,Barcelona,Osasuna,5,1,1,19,3,9,1,8,2,True,266433|266827|70287,3.0,1.3333333333333333,13.0,8.666666666666666,5.0,3.0,6.0,2.0,True,70220|69336|70262,1.3333333333333333,4.0,9.333333333333334,17.333333333333332,3.333333333333333,10.666666666666666,3.333333333333333,9.0,True
70282,2013-02-03,11,La Liga,24,2012/2013,male,Valencia,Barcelona,1,1,0,17,10,5,2,6,5,True,70223|69328|70286,1.0,2.6666666666666665,6.333333333333333,19.0,2.0,9.0,3.333333333333333,6.0,True,266827|70287|70260,3.333333333333333,1.6666666666666667,13.0,8.0,5.333333333333333,3.0,6.333333333333333,2.333333333333333,True
70297,2013-02-10,11,La Liga,24,2012/2013,male,Barcelona,Getafe,6,1,1,16,6,8,2,4,0,True,70287|70260|70282,2.6666666666666665,1.6666666666666667,12.333333333333334,11.333333333333334,4.666666666666667,4.0,6.333333333333333,3.6666666666666665,True,69315|69343|70292,0.6666666666666666,2.6666666666666665,5.0,16.333333333333332,0.6666666666666666,7.333333333333333,2.6666666666666665,11.0,True
70294,2013-02-16,11,La Liga,24,2012/2013,male,Granada,Barcelona,1,2,0,7,18,6,6,1,1,True,69318|70225|70270,1.0,2.6666666666666665,5.0,18.0,2.0,8.333333333333334,3.0,9.333333333333334,True,70260|70282|70297,4.0,1.0,15.0,8.666666666666666,6.333333333333333,2.6666666666666665,5.666666666666667,2.6666666666666665,True
70271,2013-02-23,11,La Liga,24,2012/2013,male,Barcelona,Sevilla,2,1,1,17,6,4,3,10,1,True,70282|70297|70294,3.0,1.0,14.666666666666666,10.0,5.333333333333333,4.333333333333333,3.333333333333333,2.333333333333333,True,69329|69326|70275,0.6666666666666666,1.6666666666666667,7.666666666666667,17.333333333333332,3.0,7.0,4.0,8.0,True
70272,2013-03-02,11,La Liga,24,2012/2013,male,Real Madrid,Barcelona,2,1,1,14,5,6,2,4,1,True,69334|69324|70300,1.6666666666666667,2.0,13.333333333333334,11.666666666666666,4.666666666666667,4.333333333333333,4.0,5.333333333333333,True,70297|70294|70271,3.333333333333333,1.0,17.0,6.333333333333333,6.0,3.6666666666666665,5.0,0.6666666666666666,True
70305,2013-03-09,11,La Liga,24,2012/2013,male,Barcelona,RC Deportivo La Coruña,2,0,1,12,4,7,0,2,0,True,70294|70271|70272,1.6666666666666667,1.3333333333333333,13.333333333333334,9.0,4.0,5.0,4.0,2.0,True,69221|69280|70304,1.3333333333333333,4.0,8.0,13.0,3.6666666666666665,7.0,3.6666666666666665,7.333333333333333,True
70307,2013-03-17,11,La Liga,24,2012/2013,male,Barcelona,Rayo Vallecano,3,1,1,19,16,7,8,6,10,True,70271|70272|70305,1.6666666666666667,1.0,11.333333333333334,8.0,4.333333333333333,3.0,4.333333333333333,1.6666666666666667,True,69332|70224|70276,0.0,5.333333333333333,12.333333333333334,15.666666666666666,3.333333333333333,8.0,5.333333333333333,6.0,True
70256,2013-03-30,11,La Liga,24,2012/2013,male,Celta Vigo,Barcelona,2,2,0,7,6,3,3,5,9,True,68323|68326|70308,1.0,2.6666666666666665,8.666666666666666,12.333333333333334,3.0,6.333333333333333,3.333333333333333,5.333333333333333,True,70272|70305|70307,2.0,1.0,12.0,11.333333333333334,5.333333333333333,4.666666666666667,3.0,4.666666666666667,True
267502,2013-04-27,11,La Liga,24,2012/2013,male,Athletic Club,Barcelona,2,2,0,7,15,3,6,2,1,True,69330|69323|70263,1.0,3.0,4.666666666666667,17.333333333333332,1.6666666666666667,10.666666666666666,2.6666666666666665,6.0,True,70305|70307|70256,2.333333333333333,1.0,12.333333333333334,9.0,5.666666666666667,3.6666666666666665,5.666666666666667,5.0,True
70281,2013-05-05,11,La Liga,24,2012/2013,male,Barcelona,Real Betis,4,2,1,18,5,11,4,7,0,True,70307|70256|267502,2.333333333333333,1.6666666666666667,13.333333333333334,10.0,5.333333333333333,4.666666666666667,5.333333333333333,5.666666666666667,True,69327|69319|70295,1.6666666666666667,2.6666666666666665,8.333333333333334,13.0,3.333333333333333,7.333333333333333,3.0,5.666666666666667,True
70284,2013-05-12,11,La Liga,24,2012/2013,male,Atlético Madrid,Barcelona,1,2,0,12,11,3,3,3,2,True,69297|69337|70296,0.6666666666666666,3.6666666666666665,9.0,11.333333333333334,2.6666666666666665,5.333333333333333,4.0,6.333333333333333,True,70256|267502|70281,2.6666666666666665,2.0,13.0,6.333333333333333,6.666666666666667,3.333333333333333,5.666666666666667,2.333333333333333,True
70277,2013-08-18,11,La Liga,25,2013/2014,male,Barcelona,Levante UD,7,0,1,23,4,14,1,9,3,True,267502|70281|70284,2.6666666666666665,1.6666666666666667,14.666666666666666,8.0,6.666666666666667,3.333333333333333,3.333333333333333,1.6666666666666667,True,69333|70221|70280,0.3333333333333333,3.6666666666666665,8.0,16.0,3.0,8.0,3.0,8.0,True
70298,2013-09-01,11,La Liga,25,2013/2014,male,Valencia,Barcelona,2,3,0,16,19,9,9,5,7,True,69328|70286|70282,0.6666666666666666,2.333333333333333,9.333333333333334,19.0,3.333333333333333,7.333333333333333,4.0,6.666666666666667,True,70281|70284|70277,4.333333333333333,1.0,17.333333333333332,7.0,9.333333333333334,2.6666666666666665,6.0,2.0,True
70301,2013-09-14,11,La Liga,25,2013/2014,male,Barcelona,Sevilla,3,2,1,18,7,9,2,6,9,True,70284|70277|70298,4.0,1.0,17.666666666666668,10.666666666666666,8.666666666666666,4.333333333333333,6.0,3.6666666666666665,True,69326|70275|70271,1.0,2.333333333333333,8.0,16.333333333333332,3.0,6.333333333333333,3.333333333333333,7.0,True
70302,2013-09-21,11,La Liga,25,2013/2014,male,Rayo Vallecano,Barcelona,0,4,0,16,13,9,7,6,14,True,70224|70276|70307,0.3333333333333333,5.0,14.666666666666666,17.666666666666668,5.0,8.333333333333334,8.0,6.333333333333333,True,70277|70298|70301,4.333333333333333,1.3333333333333333,20.0,9.0,10.666666666666666,4.0,7.333333333333333,5.666666666666667,True
267520,2013-09-24,11,La Liga,25,2013/2014,male,Barcelona,Real Sociedad,4,1,1,24,9,10,5,6,1,True,70298|70301|70302,3.333333333333333,1.3333333333333333,16.666666666666668,13.0,8.333333333333334,6.666666666666667,9.0,6.666666666666667,True,69316|70259|70287,1.6666666666666667,3.0,9.333333333333334,15.0,4.333333333333333,7.0,2.333333333333333,7.0,True
266420,2013-09-28,11,La Liga,25,2013/2014,male,Almería,Barcelona,0,2,0,5,16,1,4,2,3,True,69226|69306|69305,1.0,4.333333333333333,6.666666666666667,20.33333333333333,2.0,9.333333333333334,5.0,6.333333333333333,True,70301|70302|267520,3.6666666666666665,1.0,18.33333333333333,10.666666666666666,8.666666666666666,5.333333333333333,8.666666666666666,5.333333333333333,True
266462,2013-10-19,11,La Liga,25,2013/2014,male,Osasuna,Barcelona,0,0,0,4,12,1,3,2,5,True,69336|70262|70260,1.6666666666666667,3.0,8.333333333333334,17.666666666666668,3.333333333333333,9.0,3.0,9.0,True,70302|267520|266420,3.333333333333333,0.3333333333333333,17.666666666666668,10.0,7.0,5.0,7.666666666666667,3.0,True
70293,2013-10-26,11,La Liga,25,2013/2014,male,Barcelona,Real Madrid,2,1,1,13,11,5,6,4,3,True,267520|266420|266462,2.0,0.3333333333333333,17.333333333333332,6.0,5.666666666666667,2.333333333333333,4.666666666666667,1.6666666666666667,True,69324|70300|70272,2.0,1.3333333333333333,12.333333333333334,9.666666666666666,5.0,2.6666666666666665,4.333333333333333,4.0,True
267192,2013-10-29,11,La Liga,25,2013/2014,male,Celta Vigo,Barcelona,0,3,0,11,21,4,9,5,7,True,68326|70308|70256,1.6666666666666667,2.6666666666666665,9.666666666666666,9.666666666666666,3.333333333333333,5.0,4.666666666666667,6.666666666666667,True,266420|266462|70293,1.3333333333333333,0.3333333333333333,13.666666666666666,6.666666666666667,4.0,2.6666666666666665,4.0,2.333333333333333,True
70283,2013-11-01,11,La Liga,25,2013/2014,male,Barcelona,Espanyol,1,0,1,19,8,5,2,9,2,True,266462|70293|267192,1.6666666666666667,0.3333333333333333,15.333333333333334,8.666666666666666,5.666666666666667,3.6666666666666665,5.333333333333333,3.333333333333333,True,69312|69320|266433,0.3333333333333333,3.0,10.0,14.333333333333334,2.0,5.666666666666667,2.6666666666666665,5.333333333333333,True
266883,2013-11-10,11,La Liga,25,2013/2014,male,Real Betis,Barcelona,1,4,0,16,11,5,8,9,0,True,69319|70295|70281,1.6666666666666667,2.6666666666666665,6.666666666666667,14.0,3.0,8.333333333333334,2.0,6.333333333333333,True,70293|267192|70283,2.0,0.3333333333333333,17.666666666666668,10.0,6.333333333333333,4.0,6.666666666666667,3.333333333333333,True
265830,2014-01-11,11,La Liga,25,2013/2014,male,Atlético Madrid,Barcelona,0,0,0,8,8,2,3,7,6,True,69337|70296|70284,1.0,2.6666666666666665,11.0,9.333333333333334,3.0,3.6666666666666665,4.666666666666667,4.333333333333333,True,267192|70283|266883,2.6666666666666665,0.3333333333333333,17.0,11.666666666666666,7.333333333333333,3.6666666666666665,5.333333333333333,5.333333333333333,True
70288,2014-01-19,11,La Liga,25,2013/2014,male,Levante UD,Barcelona,1,1,0,7,16,4,5,2,8,True,70221|70280|70277,0.3333333333333333,4.333333333333333,7.666666666666667,17.666666666666668,2.333333333333333,9.666666666666666,2.6666666666666665,7.666666666666667,True,70283|266883|265830,1.6666666666666667,0.3333333333333333,12.666666666666666,10.666666666666666,5.333333333333333,3.0,5.0,6.0,True
70291,2014-01-26,11,La Liga,25,2013/2014,male,Barcelona,Málaga,3,0,1,23,3,9,2,15,2,True,266883|265830|70288,1.6666666666666667,0.6666666666666666,11.666666666666666,10.333333333333334,5.333333333333333,3.6666666666666665,4.666666666666667,6.0,True,69335|69340|266827,1.0,3.6666666666666665,9.0,12.666666666666666,3.6666666666666665,6.666666666666667,2.6666666666666665,3.6666666666666665,True
266613,2014-02-01,11,La Liga,25,2013/2014,male,Barcelona,Valencia,2,3,0,20,8,5,4,9,5,True,265830|70288|70291,1.3333333333333333,0.3333333333333333,15.666666666666666,6.0,5.666666666666667,2.6666666666666665,9.666666666666666,3.6666666666666665,True,70286|70282|70298,1.0,1.6666666666666667,13.666666666666666,15.333333333333334,5.333333333333333,5.666666666666667,5.333333333333333,5.333333333333333,True
267675,2014-02-09,11,La Liga,25,2013/2014,male,Sevilla,Barcelona,1,4,0,14,8,4,5,6,0,True,70275|70271|70301,1.6666666666666667,2.6666666666666665,7.0,16.666666666666668,2.6666666666666665,6.333333333333333,4.0,7.666666666666667,True,70288|70291|266613,2.0,1.3333333333333333,19.666666666666668,6.0,6.333333333333333,3.333333333333333,10.666666666666666,3.0,True
265918,2014-02-15,11,La Liga,25,2013/2014,male,Barcelona,Rayo Vallecano,6,0,1,20,9,8,5,12,5,True,70291|266613|267675,3.0,1.3333333333333333,17.0,8.333333333333334,6.333333333333333,3.333333333333333,8.0,4.333333333333333,True,70276|70307|70302,0.3333333333333333,4.0,16.666666666666668,16.0,6.666666666666667,8.0,7.666666666666667,8.0,True
265837,2014-02-22,11,La Liga,25,2013/2014,male,Real Sociedad,Barcelona,3,1,1,13,10,3,3,2,13,True,70259|70287|267520,1.6666666666666667,3.6666666666666665,9.666666666666666,16.666666666666668,4.333333333333333,7.666666666666667,1.6666666666666667,7.0,True,266613|267675|265918,4.0,1.3333333333333333,16.0,10.333333333333334,6.0,4.333333333333333,7.0,5.333333333333333,True
266066,2014-03-02,11,La Liga,25,2013/2014,male,Barcelona,Almería,4,1,1,29,6,12,2,13,4,True,267675|265918|265837,3.6666666666666665,1.3333333333333333,12.666666666666666,12.0,5.333333333333333,4.0,8.333333333333334,4.333333333333333,True,69306|69305|266420,0.3333333333333333,4.333333333333333,6.0,18.33333333333333,1.6666666666666667,8.0,4.0,5.666666666666667,True
266603,2014-03-08,11,La Liga,25,2013/2014,male,Real Valladolid,Barcelona,1,0,1,7,12,2,6,4,3,True,69210|69242|266015,0.3333333333333333,3.333333333333333,8.0,13.0,3.333333333333333,6.666666666666667,4.0,5.333333333333333,True,265918|265837|266066,3.6666666666666665,1.3333333333333333,19.666666666666668,9.333333333333334,7.666666666666667,3.333333333333333,12.666666666666666,3.6666666666666665,True
266074,2014-03-16,11,La Liga,25,2013/2014,male,Barcelona,Osasuna,7,0,1,20,6,11,3,3,4,True,265837|266066|266603,1.6666666666666667,1.6666666666666667,17.0,8.666666666666666,7.0,2.333333333333333,9.666666666666666,3.333333333333333,True,70262|70260|266462,0.6666666666666666,2.333333333333333,7.333333333333333,15.333333333333334,2.333333333333333,7.333333333333333,2.6666666666666665,6.666666666666667,True
265857,2014-03-23,11,La Liga,25,2013/2014,male,Real Madrid,Barcelona,3,4,0,13,18,7,6,1,5,True,70300|70272|70293,1.6666666666666667,1.6666666666666667,11.333333333333334,9.333333333333334,5.0,3.0,3.0,4.0,True,266066|266603|266074,3.6666666666666665,0.6666666666666666,20.33333333333333,6.333333333333333,9.666666666666666,2.333333333333333,6.333333333333333,4.0,True
266274,2014-03-26,11,La Liga,25,2013/2014,male,Barcelona,Celta Vigo,3,0,1,14,8,6,6,4,6,True,266603|266074|265857,3.6666666666666665,1.3333333333333333,16.666666666666668,8.666666666666666,7.666666666666667,4.0,3.6666666666666665,3.0,True,70308|70256|267192,1.0,2.6666666666666665,9.666666666666666,13.0,3.6666666666666665,6.0,5.0,6.666666666666667,True
70306,2014-03-29,11,La Liga,25,2013/2014,male,Espanyol,Barcelona,0,1,0,8,22,1,10,3,11,True,69320|266433|70283,0.0,3.0,7.666666666666667,17.333333333333332,1.6666666666666667,6.333333333333333,2.0,7.0,True,266074|265857|266274,4.666666666666667,1.0,17.333333333333332,9.0,7.666666666666667,5.333333333333333,4.0,3.6666666666666665,True
267368,2014-04-05,11,La Liga,25,2013/2014,male,Barcelona,Real Betis,3,1,1,12,12,4,3,4,4,True,265857|266274|70306,2.6666666666666665,1.0,18.0,9.666666666666666,7.333333333333333,4.666666666666667,6.666666666666667,3.333333333333333,True,70295|70281|266883,1.3333333333333333,3.333333333333333,10.333333333333334,14.0,4.0,9.0,4.333333333333333,4.0,True
267138,2014-04-12,11,La Liga,25,2013/2014,male,Granada,Barcelona,1,0,1,5,27,4,8,1,13,True,70225|70270|70294,1.3333333333333333,3.0,6.666666666666667,18.33333333333333,4.0,8.333333333333334,2.6666666666666665,6.333333333333333,True,266274|70306|267368,2.333333333333333,0.3333333333333333,16.0,9.333333333333334,6.666666666666667,3.333333333333333,6.333333333333333,4.333333333333333,True
267567,2014-04-20,11,La Liga,25,2013/2014,male,Barcelona,Athletic Club,2,1,1,18,10,7,4,9,4,True,70306|267368|267138,1.3333333333333333,0.6666666666666666,20.33333333333333,8.333333333333334,7.333333333333333,2.6666666666666665,9.333333333333334,2.6666666666666665,True,69323|70263|267502,1.0,3.0,6.0,17.0,1.6666666666666667,9.666666666666666,2.333333333333333,4.666666666666667,True
70289,2014-04-27,11,La Liga,25,2013/2014,male,Villarreal,Barcelona,2,3,0,5,19,2,7,2,9,True,69304|69268|69338,0.0,2.0,5.333333333333333,13.0,2.0,7.0,1.3333333333333333,8.666666666666666,True,267368|267138|267567,1.6666666666666667,1.0,19.0,9.0,6.333333333333333,3.6666666666666665,8.666666666666666,3.0,True
266491,2014-05-03,11,La Liga,25,2013/2014,male,Barcelona,Getafe,2,2,0,19,7,8,4,11,3,True,267138|267567|70289,1.6666666666666667,1.3333333333333333,21.33333333333333,6.666666666666667,7.333333333333333,3.333333333333333,10.333333333333334,2.333333333333333,True,69343|70292|70297,0.6666666666666666,4.666666666666667,4.666666666666667,15.0,1.0,8.0,2.0,8.0,True
266256,2014-05-17,11,La Liga,25,2013/2014,male,Barcelona,Atlético Madrid,1,1,0,10,9,4,1,4,8,True,70289|266491|266201,1.6666666666666667,1.3333333333333333,20.33333333333333,6.666666666666667,7.333333333333333,2.333333333333333,10.333333333333334,2.333333333333333,True,70296|70284|265830,0.6666666666666666,2.0,9.333333333333334,9.333333333333334,2.0,3.6666666666666665,5.0,5.666666666666667,True
266406,2014-08-31,11,La Liga,26,2014/2015,male,Villarreal,Barcelona,0,1,0,10,22,0,7,3,10,True,69268|69338|70289,0.6666666666666666,2.6666666666666665,4.666666666666667,16.0,1.6666666666666667,7.333333333333333,1.0,9.0,True,266201|266256|266921,1.3333333333333333,0.3333333333333333,15.0,6.666666666666667,5.666666666666667,0.6666666666666666,6.0,3.6666666666666665,True
70273,2014-09-13,11,La Liga,26,2014/2015,male,Barcelona,Athletic Club,2,0,1,15,4,8,3,5,1,True,266256|266921|266406,1.6666666666666667,0.3333333333333333,14.666666666666666,7.333333333333333,5.666666666666667,0.3333333333333333,5.666666666666667,4.0,True,70263|267502|267567,1.3333333333333333,3.0,7.666666666666667,16.333333333333332,3.0,7.666666666666667,2.333333333333333,4.333333333333333,True
266770,2014-09-21,11,La Liga,26,2014/2015,male,Levante UD,Barcelona,0,5,0,9,17,2,8,3,6,True,70280|70277|70288,0.3333333333333333,4.0,8.0,17.333333333333332,3.0,8.666666666666666,3.0,8.333333333333334,True,266921|266406|70273,2.0,0.0,16.333333333333332,5.666666666666667,7.0,1.0,6.0,1.6666666666666667,True
266838,2014-09-24,11,La Liga,26,2014/2015,male,Málaga,Barcelona,0,0,0,6,10,2,0,2,8,True,69340|266827|70291,0.6666666666666666,3.333333333333333,7.0,15.333333333333334,2.333333333333333,6.333333333333333,1.6666666666666667,8.0,True,266406|70273|266770,2.6666666666666665,0.0,18.0,7.666666666666667,7.666666666666667,1.6666666666666667,7.0,2.333333333333333,True
266117,2014-09-27,11,La Liga,26,2014/2015,male,Barcelona,Granada,6,0,1,19,9,12,1,8,1,True,70273|266770|266838,2.333333333333333,0.0,14.0,6.333333333333333,5.333333333333333,2.333333333333333,6.333333333333333,2.0,True,70270|70294|267138,0.6666666666666666,1.3333333333333333,6.333333333333333,21.33333333333333,4.333333333333333,8.333333333333334,2.333333333333333,9.333333333333334,True
267561,2014-10-04,11,La Liga,26,2014/2015,male,Rayo Vallecano,Barcelona,0,2,0,11,17,5,6,6,7,True,70307|70302|265918,0.3333333333333333,4.333333333333333,13.666666666666666,17.333333333333332,7.333333333333333,7.333333333333333,7.0,10.666666666666666,True,266770|266838|266117,3.6666666666666665,0.0,15.333333333333334,8.0,6.666666666666667,1.6666666666666667,7.333333333333333,2.0,True
267085,2014-10-25,11,La Liga,26,2014/2015,male,Real Madrid,Barcelona,3,1,1,18,14,6,4,3,9,True,70272|70293|265857,2.0,2.333333333333333,12.666666666666666,12.0,6.333333333333333,4.333333333333333,2.6666666666666665,3.333333333333333,True,266117|267561|265896,3.6666666666666665,0.0,21.33333333333333,8.0,10.0,2.6666666666666665,9.0,3.333333333333333,True
267301,2014-11-01,11,La Liga,26,2014/2015,male,Barcelona,Celta Vigo,0,1,0,19,10,8,4,9,5,True,267561|265896|267085,2.0,1.0,19.666666666666668,11.0,7.333333333333333,4.333333333333333,9.333333333333334,4.0,True,70256|267192|266274,0.6666666666666666,2.6666666666666665,8.666666666666666,13.666666666666666,4.333333333333333,6.0,5.333333333333333,6.666666666666667,True
267499,2014-11-08,11,La Liga,26,2014/2015,male,Almería,Barcelona,1,2,0,6,19,2,7,4,5,True,69305|266420|266066,0.6666666666666666,3.0,5.0,21.33333333333333,1.6666666666666667,7.666666666666667,3.333333333333333,8.333333333333334,True,265896|267085|267301,1.3333333333333333,1.3333333333333333,20.33333333333333,10.666666666666666,8.0,4.0,10.0,3.6666666666666665,True
265835,2014-11-22,11,La Liga,26,2014/2015,male,Barcelona,Sevilla,5,1,1,15,2,9,0,5,4,True,267085|267301|267499,1.0,1.6666666666666667,17.333333333333332,11.333333333333334,6.333333333333333,4.0,7.666666666666667,4.0,True,70271|70301|267675,1.3333333333333333,3.0,9.0,14.333333333333334,3.0,6.0,5.333333333333333,5.333333333333333,True
266560,2014-11-30,11,La Liga,26,2014/2015,male,Valencia,Barcelona,0,1,0,12,14,4,3,5,8,True,70282|70298|266613,2.0,2.0,13.666666666666666,16.333333333333332,6.0,5.333333333333333,5.333333333333333,7.0,True,267301|267499|265835,2.333333333333333,1.0,17.666666666666668,6.0,8.0,2.0,6.333333333333333,4.333333333333333,True
266320,2014-12-07,11,La Liga,26,2014/2015,male,Barcelona,Espanyol,5,1,1,15,3,7,2,5,2,True,267499|265835|266560,2.6666666666666665,0.6666666666666666,16.0,6.666666666666667,6.333333333333333,2.0,6.0,4.333333333333333,True,266433|70283|70306,0.0,2.0,7.0,20.0,1.3333333333333333,7.666666666666667,2.0,9.0,True
70264,2014-12-13,11,La Liga,26,2014/2015,male,Getafe,Barcelona,0,0,0,4,23,3,3,4,5,True,70292|70297|266491,1.3333333333333333,4.0,6.0,16.333333333333332,2.333333333333333,8.333333333333334,1.3333333333333333,7.333333333333333,True,265835|266560|266320,3.6666666666666665,0.6666666666666666,14.666666666666666,5.666666666666667,6.333333333333333,2.0,6.0,3.6666666666666665,True
266240,2015-01-04,11,La Liga,26,2014/2015,male,Real Sociedad,Barcelona,1,0,1,7,16,1,4,6,8,True,70287|267520|265837,2.333333333333333,2.333333333333333,12.0,14.0,4.666666666666667,5.333333333333333,2.0,8.333333333333334,True,266320|70264|266846,3.333333333333333,0.3333333333333333,18.0,4.666666666666667,6.333333333333333,2.0,6.0,2.0,True
70303,2015-01-11,11,La Liga,26,2014/2015,male,Barcelona,Atlético Madrid,3,1,1,17,4,7,2,1,3,True,70264|266846|266240,1.6666666666666667,0.3333333333333333,18.33333333333333,6.0,5.333333333333333,1.6666666666666667,7.0,3.333333333333333,True,70284|265830|266256,0.6666666666666666,1.0,9.666666666666666,9.666666666666666,2.0,3.333333333333333,6.0,4.0,True
266230,2015-01-18,11,La Liga,26,2014/2015,male,RC Deportivo La Coruña,Barcelona,0,4,0,6,15,1,7,2,4,True,69280|70304|70305,1.3333333333333333,3.6666666666666665,7.666666666666667,9.666666666666666,2.6666666666666665,6.0,3.0,3.333333333333333,True,266846|266240|70303,2.6666666666666665,0.6666666666666666,16.333333333333332,6.0,6.666666666666667,1.3333333333333333,5.666666666666667,3.0,True
267597,2015-02-01,11,La Liga,26,2014/2015,male,Barcelona,Villarreal,3,2,1,18,10,5,3,8,2,True,70303|266230|266794,4.333333333333333,0.3333333333333333,14.333333333333334,5.333333333333333,7.333333333333333,2.0,2.6666666666666665,2.333333333333333,True,69338|70289|266406,0.6666666666666666,1.3333333333333333,6.666666666666667,17.333333333333332,1.3333333333333333,6.333333333333333,2.0,8.333333333333334,True
266871,2015-02-08,11,La Liga,26,2014/2015,male,Athletic Club,Barcelona,2,5,0,15,20,6,10,4,5,True,267502|267567|70273,1.0,2.0,7.0,16.0,3.333333333333333,7.0,2.333333333333333,5.0,True,266230|266794|267597,4.333333333333333,0.6666666666666666,14.666666666666666,7.333333333333333,6.666666666666667,2.333333333333333,5.0,2.0,True
266741,2015-02-15,11,La Liga,26,2014/2015,male,Barcelona,Levante UD,5,0,1,19,5,10,1,3,4,True,266794|267597|266871,4.666666666666667,1.3333333333333333,16.333333333333332,10.333333333333334,7.666666666666667,4.0,5.333333333333333,2.6666666666666665,True,70277|70288|266770,0.3333333333333333,4.333333333333333,6.666666666666667,18.666666666666668,2.333333333333333,9.0,2.6666666666666665,7.666666666666667,True
266148,2015-02-21,11,La Liga,26,2014/2015,male,Barcelona,Málaga,0,1,0,10,11,3,3,11,3,True,267597|266871|266741,4.333333333333333,1.3333333333333333,19.0,10.0,8.333333333333334,3.333333333333333,5.333333333333333,3.333333333333333,True,266827|70291|266838,0.3333333333333333,2.0,5.333333333333333,15.0,2.0,4.333333333333333,2.0,9.333333333333334,True
267343,2015-02-28,11,La Liga,26,2014/2015,male,Granada,Barcelona,1,3,0,10,16,4,9,4,5,True,70294|267138|266117,0.6666666666666666,2.6666666666666665,7.0,21.33333333333333,3.6666666666666665,8.666666666666666,1.0,7.333333333333333,True,266871|266741|266148,3.333333333333333,1.0,16.333333333333332,10.333333333333334,7.666666666666667,3.333333333333333,6.333333333333333,3.6666666666666665,True
266916,2015-03-08,11,La Liga,26,2014/2015,male,Barcelona,Rayo Vallecano,6,1,1,19,9,13,3,4,1,True,266741|266148|267343,2.6666666666666665,0.6666666666666666,15.0,8.666666666666666,7.333333333333333,2.6666666666666665,6.333333333333333,3.6666666666666665,True,70302|265918|267561,0.0,4.0,12.0,16.666666666666668,6.333333333333333,7.0,5.666666666666667,11.0,True
267183,2015-03-22,11,La Liga,26,2014/2015,male,Barcelona,Real Madrid,2,1,1,17,13,5,4,7,11,True,267343|266916|266967,3.6666666666666665,0.6666666666666666,15.333333333333334,10.333333333333334,8.666666666666666,3.0,4.0,3.333333333333333,True,70293|265857|267085,2.333333333333333,2.333333333333333,14.0,15.0,6.333333333333333,5.0,2.333333333333333,6.0,True
266929,2015-04-05,11,La Liga,26,2014/2015,male,Celta Vigo,Barcelona,0,1,0,7,11,1,3,4,3,True,267192|266274|267301,0.3333333333333333,2.0,9.666666666666666,18.0,4.666666666666667,7.666666666666667,5.333333333333333,6.666666666666667,True,266916|266967|267183,3.333333333333333,0.6666666666666666,15.666666666666666,11.333333333333334,7.333333333333333,3.0,4.666666666666667,5.666666666666667,True
267400,2015-04-08,11,La Liga,26,2014/2015,male,Barcelona,Almería,4,0,1,17,6,12,3,14,5,True,266967|267183|266929,1.6666666666666667,0.3333333333333333,13.0,10.666666666666666,4.0,2.333333333333333,4.333333333333333,6.666666666666667,True,266420|266066|267499,0.6666666666666666,2.6666666666666665,5.666666666666667,21.33333333333333,1.6666666666666667,7.666666666666667,3.333333333333333,7.0,True
266142,2015-04-11,11,La Liga,26,2014/2015,male,Sevilla,Barcelona,2,2,0,11,17,2,6,2,4,True,70301|267675|265835,1.3333333333333333,4.0,7.666666666666667,13.666666666666666,2.0,7.666666666666667,6.333333333333333,3.6666666666666665,True,267183|266929|267400,2.333333333333333,0.3333333333333333,15.0,8.666666666666666,6.666666666666667,2.6666666666666665,8.0,6.666666666666667,True
266525,2015-04-18,11,La Liga,26,2014/2015,male,Barcelona,Valencia,2,0,1,11,12,5,2,6,3,True,266929|267400|266142,2.333333333333333,0.6666666666666666,15.0,8.0,7.0,2.0,7.0,3.6666666666666665,True,70298|266613|266560,1.6666666666666667,2.0,12.0,17.666666666666668,5.666666666666667,5.666666666666667,5.0,8.0,True
266531,2015-04-25,11,La Liga,26,2014/2015,male,Espanyol,Barcelona,0,2,0,7,13,2,5,5,3,True,70283|70306|266320,0.3333333333333333,2.333333333333333,6.333333333333333,18.666666666666668,1.6666666666666667,7.333333333333333,2.333333333333333,8.333333333333334,True,267400|266142|266525,2.6666666666666665,0.6666666666666666,15.0,9.666666666666666,7.666666666666667,2.333333333333333,8.0,3.333333333333333,True
265963,2015-04-28,11,La Liga,26,2014/2015,male,Barcelona,Getafe,6,0,1,20,7,12,3,5,5,True,266142|266525|266531,2.0,0.6666666666666666,13.666666666666666,10.0,5.333333333333333,2.0,4.333333333333333,3.333333333333333,True,70297|266491|70264,1.0,2.6666666666666665,5.666666666666667,19.33333333333333,3.0,6.333333333333333,2.333333333333333,6.666666666666667,True
266045,2015-05-09,11,La Liga,26,2014/2015,male,Barcelona,Real Sociedad,2,0,1,15,5,8,1,10,3,True,266531|265963|265866,5.333333333333333,0.0,20.0,6.666666666666667,9.333333333333334,2.0,5.333333333333333,5.0,True,267520|265837|266240,1.6666666666666667,1.6666666666666667,9.666666666666666,16.666666666666668,3.0,5.666666666666667,3.0,9.0,True
266631,2015-05-17,11,La Liga,26,2014/2015,male,Atlético Madrid,Barcelona,0,1,0,9,14,3,5,6,5,True,265830|266256|70303,0.6666666666666666,1.3333333333333333,7.0,11.666666666666666,1.6666666666666667,4.666666666666667,6.0,3.6666666666666665,True,265963|265866|266045,5.333333333333333,0.0,20.666666666666668,6.0,10.333333333333334,1.6666666666666667,7.666666666666667,4.333333333333333,True
267197,2015-05-23,11,La Liga,26,2014/2015,male,Barcelona,RC Deportivo La Coruña,2,2,0,16,10,7,2,4,4,True,265866|266045|266631,3.6666666666666665,0.0,18.666666666666668,6.666666666666667,8.0,1.6666666666666667,7.666666666666667,4.666666666666667,True,70304|70305|266230,1.3333333333333333,3.6666666666666665,7.333333333333333,12.333333333333334,2.6666666666666665,6.666666666666667,2.333333333333333,2.333333333333333,True
3825562,2015-08-21,11,La Liga,27,2015/2016,male,Málaga,Sevilla,0,0,0,26,10,4,2,7,2,True,70291|266838|266148,0.3333333333333333,1.0,6.666666666666667,14.333333333333334,2.333333333333333,4.0,2.333333333333333,11.333333333333334,True,267675|265835|266142,1.3333333333333333,3.6666666666666665,9.0,13.333333333333334,2.0,6.666666666666667,4.0,3.0,True
3825564,2015-08-22,11,La Liga,27,2015/2016,male,RC Deportivo La Coruña,Real Sociedad,0,0,0,16,10,5,3,5,4,True,70305|266230|267197,0.6666666666666666,2.6666666666666665,6.666666666666667,14.333333333333334,1.0,7.0,2.0,3.333333333333333,True,265837|266240|266045,1.3333333333333333,1.0,8.333333333333334,13.666666666666666,1.6666666666666667,5.0,3.6666666666666665,10.333333333333334,True
3825565,2015-08-22,11,La Liga,27,2015/2016,male,Espanyol,Getafe,1,0,1,5,13,2,2,4,6,True,70306|266320|266531,0.3333333333333333,2.6666666666666665,6.0,16.666666666666668,1.6666666666666667,7.333333333333333,3.333333333333333,6.333333333333333,True,266491|70264|265963,0.6666666666666666,2.6666666666666665,6.0,20.666666666666668,3.333333333333333,7.666666666666667,4.0,7.0,True
3825566,2015-08-22,11,La Liga,27,2015/2016,male,Rayo Vallecano,Valencia,0,0,0,8,10,3,4,3,3,True,265918|267561|266916,0.3333333333333333,4.666666666666667,9.666666666666666,18.666666666666668,4.333333333333333,9.0,4.0,7.666666666666667,True,266613|266560|266525,1.0,1.6666666666666667,10.666666666666666,15.0,3.333333333333333,4.333333333333333,4.333333333333333,7.666666666666667,True
266236,2015-08-23,11,La Liga,27,2015/2016,male,Athletic Club,Barcelona,0,1,0,6,10,2,4,2,4,True,267567|70273|266871,1.0,3.0,9.666666666666666,17.666666666666668,4.333333333333333,8.333333333333334,3.0,6.333333333333333,True,266045|266631|267197,1.6666666666666667,0.6666666666666666,15.0,8.0,6.666666666666667,2.0,6.333333333333333,4.333333333333333,True
3825567,2015-08-23,11,La Liga,27,2015/2016,male,Sporting Gijón,Real Madrid,0,0,0,6,27,0,8,2,5,True,69220|69248|69265,0.3333333333333333,1.0,6.0,16.333333333333332,1.6666666666666667,5.333333333333333,3.333333333333333,8.333333333333334,True,265857|267085|267183,2.333333333333333,2.333333333333333,14.666666666666666,16.333333333333332,5.666666666666667,5.0,5.0,7.0,True
3825568,2015-08-23,11,La Liga,27,2015/2016,male,Real Betis,Villarreal,1,1,0,22,8,6,3,7,5,True,70281|266883|267368,1.3333333333333333,3.6666666666666665,11.0,13.666666666666666,4.0,7.666666666666667,4.333333333333333,3.6666666666666665,True,70289|266406|267597,1.3333333333333333,2.333333333333333,8.333333333333334,19.666666666666668,1.6666666666666667,6.333333333333333,2.333333333333333,9.0,True
3825569,2015-08-23,11,La Liga,27,2015/2016,male,Levante UD,Celta Vigo,1,2,0,11,14,2,6,4,6,True,70288|266770|266741,0.3333333333333333,3.6666666666666665,7.0,17.333333333333332,2.333333333333333,7.666666666666667,3.0,5.666666666666667,True,266274|267301|266929,0.3333333333333333,1.3333333333333333,8.333333333333334,14.666666666666666,3.6666666666666665,5.666666666666667,5.0,5.333333333333333,True
3825571,2015-08-28,11,La Liga,27,2015/2016,male,Villarreal,Espanyol,3,1,1,15,5,5,3,2,3,True,266406|267597|3825568,1.0,1.6666666666666667,9.333333333333334,20.666666666666668,2.0,6.0,3.333333333333333,8.333333333333334,True,266320|266531|3825565,0.6666666666666666,2.333333333333333,5.0,13.666666666666666,2.0,4.666666666666667,3.6666666666666665,4.666666666666667,True
267422,2015-08-29,11,La Liga,27,2015/2016,male,Barcelona,Málaga,1,0,1,23,4,13,1,15,2,True,266631|267197|266236,1.3333333333333333,0.6666666666666666,13.333333333333334,8.333333333333334,5.333333333333333,2.333333333333333,4.333333333333333,4.0,True,266838|266148|3825562,0.3333333333333333,0.0,14.333333333333334,10.0,3.0,1.6666666666666667,4.0,7.0,True
3825572,2015-08-29,11,La Liga,27,2015/2016,male,Real Madrid,Real Betis,5,0,1,21,7,10,1,11,4,True,267085|267183|3825567,1.3333333333333333,1.0,19.33333333333333,12.333333333333334,6.0,3.0,6.333333333333333,6.0,True,266883|267368|3825568,1.0,2.6666666666666665,16.666666666666668,10.333333333333334,4.666666666666667,5.0,6.666666666666667,3.0,True
3825573,2015-08-29,11,La Liga,27,2015/2016,male,Real Sociedad,Sporting Gijón,0,0,0,14,7,1,2,6,4,True,266240|266045|3825564,0.3333333333333333,0.6666666666666666,7.333333333333333,15.666666666666666,1.6666666666666667,5.666666666666667,4.333333333333333,7.666666666666667,True,69248|69265|3825567,0.3333333333333333,0.6666666666666666,6.333333333333333,18.33333333333333,1.0,6.333333333333333,3.333333333333333,6.666666666666667,True
3825574,2015-08-29,11,La Liga,27,2015/2016,male,Celta Vigo,Rayo Vallecano,3,0,1,13,3,8,0,5,4,True,267301|266929|3825569,1.0,0.6666666666666666,10.333333333333334,13.666666666666666,3.6666666666666665,4.333333333333333,5.0,5.333333333333333,True,267561|266916|3825566,0.3333333333333333,2.6666666666666665,9.333333333333334,15.333333333333334,3.6666666666666665,7.666666666666667,3.333333333333333,4.666666666666667,True
3825576,2015-08-30,11,La Liga,27,2015/2016,male,Valencia,RC Deportivo La Coruña,1,1,0,13,12,5,3,5,7,True,266560|266525|3825566,0.0,1.0,11.333333333333334,11.0,3.333333333333333,3.6666666666666665,3.6666666666666665,5.666666666666667,True,266230|267197|3825564,0.6666666666666666,2.0,10.666666666666666,13.666666666666666,2.6666666666666665,5.666666666666667,3.6666666666666665,4.0,True
3825577,2015-08-30,11,La Liga,27,2015/2016,male,Getafe,Granada,1,2,0,15,9,4,4,6,6,True,70264|265963|3825565,0.0,2.333333333333333,8.0,16.0,2.6666666666666665,5.666666666666667,5.0,4.666666666666667,True,266117|267343|3825570,0.6666666666666666,4.0,10.666666666666666,15.0,3.6666666666666665,8.333333333333334,3.6666666666666665,6.0,True
3825578,2015-08-30,11,La Liga,27,2015/2016,male,Eibar,Athletic Club,2,0,1,9,9,7,1,11,4,True,265896|266967|3825570,1.0,2.0,8.666666666666666,17.333333333333332,2.6666666666666665,7.333333333333333,4.333333333333333,7.0,True,70273|266871|266236,0.6666666666666666,2.6666666666666665,8.333333333333334,15.0,3.6666666666666665,7.333333333333333,2.333333333333333,4.666666666666667,True
3825579,2015-08-30,11,La Liga,27,2015/2016,male,Sevilla,Atlético Madrid,0,3,0,25,17,7,7,11,1,True,265835|266142|3825562,1.0,2.333333333333333,7.666666666666667,19.33333333333333,1.3333333333333333,6.333333333333333,2.6666666666666665,5.333333333333333,True,70303|266631|3825563,0.6666666666666666,1.3333333333333333,8.333333333333334,12.666666666666666,2.6666666666666665,4.0,4.333333333333333,3.333333333333333,True
3825580,2015-09-11,11,La Liga,27,2015/2016,male,Levante UD,Sevilla,1,1,0,14,8,4,3,5,4,True,266741|3825569|3825575,0.3333333333333333,2.333333333333333,6.333333333333333,16.333333333333332,1.6666666666666667,6.0,2.6666666666666665,4.0,True,266142|3825562|3825579,0.6666666666666666,1.6666666666666667,15.333333333333334,20.0,3.6666666666666665,5.666666666666667,5.0,4.0,True
266166,2015-09-12,11,La Liga,27,2015/2016,male,Atlético Madrid,Barcelona,1,2,0,11,14,3,4,1,10,True,266631|3825563|3825579,1.3333333333333333,0.3333333333333333,12.666666666666666,15.333333333333334,4.333333333333333,4.0,3.6666666666666665,6.666666666666667,True,267197|266236|267422,1.3333333333333333,0.6666666666666666,16.333333333333332,6.666666666666667,8.0,1.6666666666666667,7.666666666666667,2.6666666666666665,True
3825581,2015-09-12,11,La Liga,27,2015/2016,male,Espanyol,Real Madrid,0,6,0,15,15,3,7,5,6,True,266531|3825565|3825571,0.6666666666666666,1.6666666666666667,5.666666666666667,13.666666666666666,2.333333333333333,4.0,4.0,3.6666666666666665,True,267183|3825567|3825572,2.0,0.6666666666666666,20.33333333333333,10.0,7.333333333333333,2.0,9.0,4.333333333333333,True
3825582,2015-09-12,11,La Liga,27,2015/2016,male,Real Betis,Real Sociedad,1,0,1,9,15,2,3,2,3,True,267368|3825568|3825572,0.6666666666666666,3.0,13.666666666666666,13.666666666666666,3.333333333333333,5.666666666666667,5.0,6.666666666666667,True,266045|3825564|3825573,0.0,0.6666666666666666,9.666666666666666,12.666666666666666,1.6666666666666667,5.0,4.333333333333333,6.333333333333333,True
3825583,2015-09-12,11,La Liga,27,2015/2016,male,Sporting Gijón,Valencia,0,1,0,15,17,8,3,4,6,True,69265|3825567|3825573,0.0,0.3333333333333333,6.333333333333333,18.0,1.3333333333333333,4.666666666666667,3.333333333333333,5.333333333333333,True,266525|3825566|3825576,0.3333333333333333,1.0,11.666666666666666,10.333333333333334,3.6666666666666665,3.6666666666666665,3.6666666666666665,5.333333333333333,True
3825584,2015-09-13,11,La Liga,27,2015/2016,male,Granada,Villarreal,1,3,0,14,9,3,5,8,6,True,267343|3825570|3825577,1.3333333333333333,2.333333333333333,10.666666666666666,13.666666666666666,4.666666666666667,5.666666666666667,5.333333333333333,5.333333333333333,True,267597|3825568|3825571,2.0,1.6666666666666667,11.0,15.0,3.6666666666666665,4.666666666666667,3.0,6.0,True
3825586,2015-09-13,11,La Liga,27,2015/2016,male,Málaga,Eibar,0,0,0,10,7,4,0,7,3,True,266148|3825562|267422,0.3333333333333333,0.3333333333333333,13.666666666666666,14.333333333333334,2.6666666666666665,6.0,4.0,9.333333333333334,True,266967|3825570|3825578,1.6666666666666667,1.0,10.333333333333334,11.0,4.333333333333333,3.6666666666666665,7.0,4.333333333333333,True
3825587,2015-09-13,11,La Liga,27,2015/2016,male,Athletic Club,Getafe,3,1,1,14,13,6,3,12,5,True,266871|266236|3825578,0.6666666666666666,2.6666666666666665,10.0,13.0,3.0,7.0,3.333333333333333,6.666666666666667,True,265963|3825565|3825577,0.3333333333333333,3.0,11.666666666666666,11.333333333333334,3.0,6.0,5.666666666666667,5.0,True
3825588,2015-09-14,11,La Liga,27,2015/2016,male,Rayo Vallecano,RC Deportivo La Coruña,1,3,0,8,14,2,8,5,4,True,266916|3825566|3825574,0.3333333333333333,3.0,6.666666666666667,14.0,2.0,8.333333333333334,2.6666666666666665,4.0,True,267197|3825564|3825576,1.0,1.0,12.666666666666666,13.0,3.333333333333333,5.0,5.333333333333333,4.333333333333333,True
3825589,2015-09-18,11,La Liga,27,2015/2016,male,Getafe,Málaga,1,0,1,10,13,4,4,4,6,True,3825565|3825577|3825587,0.6666666666666666,2.0,13.666666666666666,9.333333333333334,3.0,4.0,5.666666666666667,7.333333333333333,True,3825562|267422|3825586,0.0,0.3333333333333333,13.333333333333334,13.333333333333334,3.0,5.0,5.333333333333333,6.666666666666667,True
3825590,2015-09-19,11,La Liga,27,2015/2016,male,Real Madrid,Granada,1,0,1,20,12,10,3,10,1,True,3825567|3825572|3825581,3.6666666666666665,0.0,21.0,9.333333333333334,8.333333333333334,1.3333333333333333,7.333333333333333,3.6666666666666665,True,3825570|3825577|3825584,1.3333333333333333,2.333333333333333,12.0,11.333333333333334,4.333333333333333,4.333333333333333,6.666666666666667,5.666666666666667,True
3825591,2015-09-19,11,La Liga,27,2015/2016,male,Valencia,Real Betis,0,0,0,24,3,5,1,7,1,True,3825566|3825576|3825583,0.6666666666666666,0.3333333333333333,13.333333333333334,11.666666666666666,4.0,4.666666666666667,4.666666666666667,4.666666666666667,True,3825568|3825572|3825582,0.6666666666666666,2.0,12.666666666666666,14.666666666666666,3.0,5.333333333333333,4.333333333333333,6.333333333333333,True
3825592,2015-09-19,11,La Liga,27,2015/2016,male,Real Sociedad,Espanyol,2,3,0,10,18,4,6,7,6,True,3825564|3825573|3825582,0.0,0.3333333333333333,13.0,10.666666666666666,2.333333333333333,3.0,4.333333333333333,3.6666666666666665,True,3825565|3825571|3825581,0.6666666666666666,3.0,8.333333333333334,14.333333333333334,2.6666666666666665,4.666666666666667,4.0,4.666666666666667,True
3825593,2015-09-19,11,La Liga,27,2015/2016,male,Eibar,Atlético Madrid,0,2,0,9,14,3,6,1,4,True,3825570|3825578|3825586,1.6666666666666667,0.3333333333333333,8.666666666666666,10.666666666666666,3.6666666666666665,3.6666666666666665,6.333333333333333,5.666666666666667,True,3825563|3825579|266166,1.6666666666666667,0.6666666666666666,13.333333333333334,15.333333333333334,4.333333333333333,3.6666666666666665,2.0,8.333333333333334,True
266490,2015-09-20,11,La Liga,27,2015/2016,male,Barcelona,Levante UD,4,1,1,20,11,7,4,4,4,True,266236|267422|266166,1.3333333333333333,0.3333333333333333,15.666666666666666,7.0,7.0,2.0,9.666666666666666,1.6666666666666667,True,3825569|3825575|3825580,0.6666666666666666,1.0,9.333333333333334,12.666666666666666,2.6666666666666665,3.6666666666666665,3.0,4.333333333333333,True
3825594,2015-09-20,11,La Liga,27,2015/2016,male,Sevilla,Celta Vigo,1,2,0,13,15,6,5,5,5,True,3825562|3825579|3825580,0.3333333333333333,1.3333333333333333,14.333333333333334,19.0,4.0,5.0,5.666666666666667,4.333333333333333,True,3825569|3825574|3825585,2.6666666666666665,1.3333333333333333,17.666666666666668,7.666666666666667,8.666666666666666,2.333333333333333,6.0,3.333333333333333,True
3825595,2015-09-20,11,La Liga,27,2015/2016,male,Villarreal,Athletic Club,3,1,1,14,10,7,2,9,4,True,3825568|3825571|3825584,2.333333333333333,1.0,10.666666666666666,13.666666666666666,4.333333333333333,4.0,4.333333333333333,6.0,True,266236|3825578|3825587,1.0,1.3333333333333333,9.666666666666666,10.666666666666666,3.0,4.666666666666667,6.0,6.666666666666667,True
3825596,2015-09-20,11,La Liga,27,2015/2016,male,RC Deportivo La Coruña,Sporting Gijón,2,3,0,20,5,9,4,8,3,True,3825564|3825576|3825588,1.3333333333333333,0.6666666666666666,14.0,10.333333333333334,5.333333333333333,3.333333333333333,5.333333333333333,4.666666666666667,True,3825567|3825573|3825583,0.0,0.3333333333333333,9.333333333333334,19.33333333333333,3.333333333333333,4.0,3.333333333333333,5.666666666666667,True
3825597,2015-09-20,11,La Liga,27,2015/2016,male,Las Palmas,Rayo Vallecano,0,1,0,8,17,2,7,3,5,True,3825563|3825575|3825585,1.0,1.3333333333333333,10.666666666666666,13.666666666666666,2.333333333333333,5.666666666666667,3.0,3.6666666666666665,True,3825566|3825574|3825588,0.3333333333333333,2.0,6.333333333333333,12.333333333333334,1.6666666666666667,6.666666666666667,4.0,4.0,True
3825598,2015-09-22,11,La Liga,27,2015/2016,male,Atlético Madrid,Getafe,2,0,1,11,6,3,2,6,1,True,3825579|266166|3825593,2.0,0.6666666666666666,14.0,16.0,5.333333333333333,4.666666666666667,2.0,7.333333333333333,True,3825577|3825587|3825589,1.0,1.6666666666666667,12.666666666666666,12.0,3.6666666666666665,4.666666666666667,5.0,8.0,True
3825599,2015-09-22,11,La Liga,27,2015/2016,male,Espanyol,Valencia,1,0,1,19,10,5,4,7,6,True,3825571|3825581|3825592,1.3333333333333333,3.6666666666666665,12.666666666666666,13.333333333333334,4.0,5.333333333333333,4.666666666666667,5.0,True,3825576|3825583|3825591,0.6666666666666666,0.3333333333333333,18.0,10.0,4.333333333333333,4.0,6.0,4.0,True
3825892,2015-09-22,11,La Liga,27,2015/2016,male,Granada,Real Sociedad,0,3,0,11,8,1,5,4,3,True,3825577|3825584|3825590,1.0,1.6666666666666667,11.666666666666666,14.666666666666666,3.333333333333333,6.333333333333333,5.0,7.333333333333333,True,3825573|3825582|3825592,0.6666666666666666,1.3333333333333333,13.0,11.333333333333334,2.6666666666666665,3.333333333333333,5.333333333333333,4.0,True
266467,2015-09-23,11,La Liga,27,2015/2016,male,Celta Vigo,Barcelona,4,1,1,19,18,5,7,5,10,True,3825574|3825585|3825594,2.6666666666666665,1.3333333333333333,18.0,8.333333333333334,8.333333333333334,3.6666666666666665,5.666666666666667,3.6666666666666665,True,267422|266166|266490,2.333333333333333,0.6666666666666666,19.0,8.666666666666666,8.0,2.6666666666666665,9.666666666666666,2.333333333333333,True
3825600,2015-09-23,11,La Liga,27,2015/2016,male,Málaga,Villarreal,0,1,0,15,9,4,3,8,5,True,267422|3825586|3825589,0.0,0.6666666666666666,9.0,13.333333333333334,3.0,5.666666666666667,5.0,7.333333333333333,True,3825571|3825584|3825595,3.0,1.0,12.666666666666666,9.666666666666666,5.666666666666667,2.6666666666666665,5.666666666666667,5.0,True
3825601,2015-09-23,11,La Liga,27,2015/2016,male,Rayo Vallecano,Sporting Gijón,2,1,1,18,6,6,2,4,4,True,3825574|3825588|3825597,0.6666666666666666,2.0,9.333333333333334,11.666666666666666,3.0,6.0,4.666666666666667,4.0,True,3825573|3825583|3825596,1.0,1.0,9.0,17.0,4.666666666666667,4.333333333333333,3.6666666666666665,6.666666666666667,True
3825602,2015-09-23,11,La Liga,27,2015/2016,male,Athletic Club,Real Madrid,1,2,0,13,22,5,6,6,8,True,3825578|3825587|3825595,1.3333333333333333,2.0,11.0,12.0,3.0,5.666666666666667,6.666666666666667,8.333333333333334,True,3825572|3825581|3825590,4.0,0.0,18.666666666666668,11.333333333333334,9.0,2.333333333333333,9.0,3.333333333333333,True
3825848,2015-09-23,11,La Liga,27,2015/2016,male,Levante UD,Eibar,2,2,0,12,10,2,4,4,7,True,3825575|3825580|266490,0.6666666666666666,1.6666666666666667,9.333333333333334,14.666666666666666,3.333333333333333,4.0,3.0,3.6666666666666665,True,3825578|3825586|3825593,0.6666666666666666,0.6666666666666666,8.333333333333334,11.0,3.333333333333333,3.6666666666666665,5.0,5.0,True
3825895,2015-09-23,11,La Liga,27,2015/2016,male,Las Palmas,Sevilla,2,0,1,12,16,4,3,4,5,True,3825575|3825585|3825597,1.0,1.3333333333333333,11.0,15.333333333333334,3.0,7.0,2.6666666666666665,4.0,True,3825579|3825580|3825594,0.6666666666666666,2.0,15.333333333333334,15.333333333333334,5.333333333333333,5.333333333333333,6.666666666666667,3.6666666666666665,True
3825603,2015-09-24,11,La Liga,27,2015/2016,male,Real Betis,RC Deportivo La Coruña,1,2,0,9,9,3,3,3,4,True,3825572|3825582|3825591,0.3333333333333333,1.6666666666666667,6.333333333333333,20.0,1.3333333333333333,6.0,2.333333333333333,7.0,True,3825576|3825588|3825596,2.0,1.6666666666666667,15.333333333333334,8.666666666666666,6.666666666666667,3.6666666666666665,6.333333333333333,4.333333333333333,True
3825604,2015-09-25,11,La Liga,27,2015/2016,male,Valencia,Granada,1,0,1,12,18,4,3,11,3,True,3825583|3825591|3825599,0.3333333333333333,0.3333333333333333,17.0,12.333333333333334,4.0,4.666666666666667,6.333333333333333,4.0,True,3825584|3825590|3825892,0.3333333333333333,2.333333333333333,12.333333333333334,12.333333333333334,2.333333333333333,6.666666666666667,4.333333333333333,6.333333333333333,True
267611,2015-09-26,11,La Liga,27,2015/2016,male,Barcelona,Las Palmas,2,1,1,16,10,6,6,3,4,True,266166|266490|266467,2.333333333333333,2.0,17.333333333333332,13.666666666666666,6.0,4.0,8.0,3.333333333333333,True,3825585|3825597|3825895,1.6666666666666667,1.3333333333333333,9.666666666666666,19.666666666666668,3.6666666666666665,7.333333333333333,3.0,5.666666666666667,True
3825605,2015-09-26,11,La Liga,27,2015/2016,male,Sevilla,Rayo Vallecano,3,2,1,18,18,9,5,6,5,True,3825580|3825594|3825895,0.6666666666666666,1.6666666666666667,12.333333333333334,13.666666666666666,4.0,4.333333333333333,4.666666666666667,4.666666666666667,True,3825588|3825597|3825601,1.3333333333333333,1.3333333333333333,14.333333333333334,9.333333333333334,5.0,4.0,4.666666666666667,3.6666666666666665,True
3825606,2015-09-26,11,La Liga,27,2015/2016,male,Real Madrid,Málaga,0,0,0,31,12,8,3,12,6,True,3825581|3825590|3825602,3.0,0.3333333333333333,19.0,13.333333333333334,7.666666666666667,3.6666666666666665,8.0,4.0,True,3825586|3825589|3825600,0.0,0.6666666666666666,12.666666666666666,8.666666666666666,4.0,2.333333333333333,7.0,4.0,True
3825607,2015-09-26,11,La Liga,27,2015/2016,male,Villarreal,Atlético Madrid,1,0,1,5,10,2,4,1,5,True,3825584|3825595|3825600,2.333333333333333,0.6666666666666666,10.666666666666666,13.0,5.0,3.0,6.666666666666667,6.666666666666667,True,266166|3825593|3825598,1.6666666666666667,0.6666666666666666,12.0,9.666666666666666,4.0,3.0,3.6666666666666665,4.0,True
3825608,2015-09-26,11,La Liga,27,2015/2016,male,Eibar,Celta Vigo,1,1,0,11,9,3,2,4,4,True,3825586|3825593|3825848,0.6666666666666666,1.3333333333333333,8.666666666666666,12.0,2.333333333333333,4.0,3.6666666666666665,5.0,True,3825585|3825594|266467,3.0,1.6666666666666667,20.0,13.333333333333334,7.333333333333333,6.0,5.666666666666667,5.666666666666667,True
3825609,2015-09-27,11,La Liga,27,2015/2016,male,Real Sociedad,Athletic Club,0,0,0,15,10,4,2,4,2,True,3825582|3825592|3825892,1.6666666666666667,1.3333333333333333,11.0,12.666666666666666,4.0,3.0,4.333333333333333,4.0,True,3825587|3825595|3825602,1.6666666666666667,2.0,12.333333333333334,16.333333333333332,4.333333333333333,5.333333333333333,7.333333333333333,7.333333333333333,True
3825610,2015-09-27,11,La Liga,27,2015/2016,male,Sporting Gijón,Real Betis,1,2,0,19,13,9,5,10,4,True,3825583|3825596|3825601,1.3333333333333333,1.6666666666666667,8.666666666666666,18.33333333333333,4.666666666666667,6.0,3.6666666666666665,6.0,True,3825582|3825591|3825603,0.6666666666666666,0.6666666666666666,7.0,16.0,2.0,3.6666666666666665,2.0,4.666666666666667,True
3825611,2015-09-27,11,La Liga,27,2015/2016,male,RC Deportivo La Coruña,Espanyol,3,0,1,14,7,5,3,7,5,True,3825588|3825596|3825603,2.333333333333333,1.6666666666666667,14.333333333333334,7.333333333333333,6.666666666666667,3.0,5.333333333333333,3.6666666666666665,True,3825581|3825592|3825599,1.3333333333333333,2.6666666666666665,17.333333333333332,11.666666666666666,4.666666666666667,5.0,6.0,6.333333333333333,True
3825612,2015-09-27,11,La Liga,27,2015/2016,male,Getafe,Levante UD,3,0,1,15,10,8,3,4,4,True,3825587|3825589|3825598,0.6666666666666666,1.6666666666666667,9.666666666666666,12.666666666666666,3.0,4.333333333333333,3.333333333333333,8.0,True,3825580|266490|3825848,1.3333333333333333,2.333333333333333,12.333333333333334,12.666666666666666,3.333333333333333,4.666666666666667,4.333333333333333,5.0,True
3825613,2015-10-02,11,La Liga,27,2015/2016,male,Celta Vigo,Getafe,0,0,0,18,9,7,3,9,1,True,3825594|266467|3825608,2.333333333333333,1.0,14.333333333333334,14.0,4.0,5.333333333333333,4.666666666666667,6.333333333333333,True,3825589|3825598|3825612,1.3333333333333333,0.6666666666666666,10.333333333333334,11.333333333333334,4.666666666666667,3.333333333333333,3.0,5.333333333333333,True
3825614,2015-10-03,11,La Liga,27,2015/2016,male,Granada,RC Deportivo La Coruña,1,1,0,10,14,3,3,2,5,True,3825590|3825892|3825604,0.0,1.6666666666666667,13.666666666666666,13.333333333333334,2.333333333333333,6.333333333333333,2.6666666666666665,8.0,True,3825596|3825603|3825611,2.333333333333333,1.3333333333333333,14.333333333333334,7.0,5.666666666666667,3.333333333333333,6.333333333333333,3.6666666666666665,True
3825615,2015-10-03,11,La Liga,27,2015/2016,male,Espanyol,Sporting Gijón,1,2,0,12,12,9,2,9,1,True,3825592|3825599|3825611,1.3333333333333333,1.6666666666666667,14.666666666666666,11.333333333333334,4.666666666666667,4.333333333333333,6.0,6.666666666666667,True,3825596|3825601|3825610,1.6666666666666667,2.0,10.0,17.0,5.0,6.666666666666667,5.666666666666667,5.333333333333333,True
3825616,2015-10-03,11,La Liga,27,2015/2016,male,Málaga,Real Sociedad,3,1,1,11,13,7,5,2,4,True,3825589|3825600|3825606,0.0,0.6666666666666666,13.333333333333334,16.666666666666668,3.6666666666666665,5.0,6.666666666666667,7.0,True,3825592|3825892|3825609,1.6666666666666667,1.0,11.0,13.0,4.333333333333333,3.0,4.666666666666667,4.0,True
3825617,2015-10-03,11,La Liga,27,2015/2016,male,Sevilla,Barcelona,2,1,1,12,28,5,8,7,9,True,3825594|3825895|3825605,1.3333333333333333,2.0,15.666666666666666,15.0,6.0,4.666666666666667,5.333333333333333,4.666666666666667,True,266490|266467|267611,2.333333333333333,2.0,18.0,13.333333333333334,6.666666666666667,5.0,5.666666666666667,4.333333333333333,True
3825618,2015-10-03,11,La Liga,27,2015/2016,male,Las Palmas,Eibar,0,2,0,18,9,4,4,3,1,True,3825597|3825895|267611,1.0,1.0,10.0,16.333333333333332,4.0,5.333333333333333,3.6666666666666665,4.333333333333333,True,3825593|3825848|3825608,1.0,1.6666666666666667,10.0,11.666666666666666,3.333333333333333,3.333333333333333,4.0,4.0,True
3825619,2015-10-04,11,La Liga,27,2015/2016,male,Levante UD,Villarreal,1,0,1,14,3,4,2,8,2,True,266490|3825848|3825612,1.0,3.0,11.0,15.0,3.0,6.333333333333333,4.0,5.0,True,3825595|3825600|3825607,1.6666666666666667,0.3333333333333333,9.333333333333334,11.666666666666666,4.0,3.333333333333333,5.0,5.666666666666667,True
3825620,2015-10-04,11,La Liga,27,2015/2016,male,Rayo Vallecano,Real Betis,0,2,0,23,9,8,6,8,3,True,3825597|3825601|3825605,1.6666666666666667,1.3333333333333333,17.666666666666668,10.666666666666666,6.0,4.333333333333333,4.666666666666667,4.333333333333333,True,3825591|3825603|3825610,1.0,1.0,8.333333333333334,17.333333333333332,3.0,5.666666666666667,2.6666666666666665,7.0,True
3825621,2015-10-04,11,La Liga,27,2015/2016,male,Atlético Madrid,Real Madrid,1,1,0,18,9,4,2,5,1,True,3825593|3825598|3825607,1.3333333333333333,0.3333333333333333,11.666666666666666,6.666666666666667,4.333333333333333,2.333333333333333,5.0,1.0,True,3825590|3825602|3825606,1.0,0.3333333333333333,24.33333333333333,12.333333333333334,8.0,3.6666666666666665,10.0,4.333333333333333,True
3825622,2015-10-04,11,La Liga,27,2015/2016,male,Athletic Club,Valencia,3,1,1,16,10,8,4,10,4,True,3825595|3825602|3825609,0.6666666666666666,1.6666666666666667,11.0,17.0,3.0,5.666666666666667,4.0,7.0,True,3825591|3825599|3825604,0.3333333333333333,0.3333333333333333,15.333333333333334,13.333333333333334,4.333333333333333,3.0,8.0,3.6666666666666665,True
3825623,2015-10-17,11,La Liga,27,2015/2016,male,Valencia,Málaga,3,0,1,7,10,3,3,6,8,True,3825599|3825604|3825622,0.6666666666666666,1.3333333333333333,10.666666666666666,17.666666666666668,4.0,5.333333333333333,7.0,6.666666666666667,True,3825600|3825606|3825616,1.0,0.6666666666666666,12.666666666666666,17.666666666666668,4.666666666666667,5.333333333333333,5.333333333333333,7.0,True
3825624,2015-10-17,11,La Liga,27,2015/2016,male,Eibar,Sevilla,1,1,0,14,15,4,5,2,5,True,3825848|3825608|3825618,1.6666666666666667,1.0,10.0,13.0,3.6666666666666665,2.6666666666666665,4.0,3.6666666666666665,True,3825895|3825605|3825617,1.6666666666666667,1.6666666666666667,15.333333333333334,19.33333333333333,5.666666666666667,5.666666666666667,6.0,6.0,True
3825625,2015-10-17,11,La Liga,27,2015/2016,male,Real Madrid,Levante UD,3,0,1,21,17,6,6,4,4,True,3825602|3825606|3825621,1.0,0.6666666666666666,20.666666666666668,14.333333333333334,5.333333333333333,4.0,7.0,5.666666666666667,True,3825848|3825612|3825619,1.0,1.6666666666666667,12.0,9.333333333333334,3.0,4.666666666666667,5.333333333333333,4.333333333333333,True
3825626,2015-10-17,11,La Liga,27,2015/2016,male,Real Betis,Espanyol,1,3,0,21,12,7,4,4,3,True,3825603|3825610|3825620,1.6666666666666667,1.0,10.333333333333334,17.0,4.666666666666667,6.666666666666667,3.333333333333333,7.333333333333333,True,3825599|3825611|3825615,0.6666666666666666,1.6666666666666667,12.666666666666666,12.0,5.666666666666667,3.6666666666666665,7.0,4.666666666666667,True
3825627,2015-10-17,11,La Liga,27,2015/2016,male,Barcelona,Rayo Vallecano,5,2,1,14,22,9,8,7,10,True,266467|267611|3825617,1.3333333333333333,2.333333333333333,20.666666666666668,13.666666666666666,7.0,5.333333333333333,7.333333333333333,5.333333333333333,True,3825601|3825605|3825620,1.3333333333333333,2.0,19.666666666666668,11.0,6.333333333333333,5.666666666666667,5.666666666666667,4.333333333333333,True
3825628,2015-10-18,11,La Liga,27,2015/2016,male,Getafe,Las Palmas,4,0,1,14,16,7,3,5,1,True,3825598|3825612|3825613,1.0,0.6666666666666666,10.0,13.0,4.333333333333333,4.333333333333333,2.0,6.333333333333333,True,3825895|267611|3825618,1.0,1.3333333333333333,13.333333333333334,13.666666666666666,4.666666666666667,4.333333333333333,3.6666666666666665,3.0,True
3825629,2015-10-18,11,La Liga,27,2015/2016,male,Villarreal,Celta Vigo,1,2,0,12,13,3,2,7,4,True,3825600|3825607|3825619,0.6666666666666666,0.3333333333333333,5.666666666666667,13.0,2.333333333333333,4.0,2.6666666666666665,7.0,True,266467|3825608|3825613,1.6666666666666667,0.6666666666666666,15.333333333333334,12.666666666666666,4.666666666666667,4.333333333333333,6.0,5.0,True
3825630,2015-10-18,11,La Liga,27,2015/2016,male,RC Deportivo La Coruña,Athletic Club,2,2,0,17,7,3,2,4,6,True,3825603|3825611|3825614,2.0,0.6666666666666666,12.333333333333334,8.666666666666666,3.6666666666666665,3.0,5.333333333333333,3.333333333333333,True,3825602|3825609|3825622,1.3333333333333333,1.0,13.0,15.666666666666666,5.0,4.666666666666667,6.0,5.333333333333333,True
3825631,2015-10-18,11,La Liga,27,2015/2016,male,Real Sociedad,Atlético Madrid,0,2,0,11,7,1,3,5,2,True,3825892|3825609|3825616,1.3333333333333333,1.0,12.0,10.666666666666666,4.666666666666667,3.333333333333333,3.6666666666666665,2.6666666666666665,True,3825598|3825607|3825621,1.0,0.6666666666666666,13.0,6.666666666666667,3.6666666666666665,2.0,5.333333333333333,1.0,True
3825632,2015-10-19,11,La Liga,27,2015/2016,male,Sporting Gijón,Granada,3,3,0,15,14,6,6,7,1,True,3825601|3825610|3825615,1.3333333333333333,1.6666666666666667,12.333333333333334,14.333333333333334,4.333333333333333,6.666666666666667,5.0,5.666666666666667,True,3825892|3825604|3825614,0.3333333333333333,1.6666666666666667,13.0,11.333333333333334,2.333333333333333,4.0,3.0,6.333333333333333,True
3825633,2015-10-23,11,La Liga,27,2015/2016,male,Rayo Vallecano,Espanyol,3,0,1,13,9,6,3,6,5,True,3825605|3825620|3825627,1.3333333333333333,3.333333333333333,21.0,13.666666666666666,7.0,8.0,7.666666666666667,5.333333333333333,True,3825611|3825615|3825626,1.3333333333333333,2.0,10.333333333333334,15.666666666666666,5.333333333333333,4.666666666666667,5.666666666666667,4.0,True
3825634,2015-10-24,11,La Liga,27,2015/2016,male,Granada,Real Betis,1,1,0,17,8,6,2,3,3,True,3825604|3825614|3825632,1.3333333333333333,1.6666666666666667,14.0,13.666666666666666,4.0,4.333333333333333,2.0,7.666666666666667,True,3825610|3825620|3825626,1.6666666666666667,1.3333333333333333,14.333333333333334,18.0,6.0,7.0,3.6666666666666665,7.0,True
3825635,2015-10-24,11,La Liga,27,2015/2016,male,Celta Vigo,Real Madrid,1,3,0,17,14,7,8,5,7,True,3825608|3825613|3825629,1.0,0.6666666666666666,13.333333333333334,10.666666666666666,3.6666666666666665,3.0,5.666666666666667,4.0,True,3825606|3825621|3825625,1.3333333333333333,0.3333333333333333,20.33333333333333,15.666666666666666,5.333333333333333,4.333333333333333,5.666666666666667,5.0,True
3825636,2015-10-24,11,La Liga,27,2015/2016,male,Málaga,RC Deportivo La Coruña,2,0,1,9,10,4,1,3,5,True,3825606|3825616|3825623,1.0,1.3333333333333333,11.0,17.0,4.333333333333333,5.333333333333333,5.333333333333333,7.333333333333333,True,3825611|3825614|3825630,2.0,1.0,15.0,8.0,3.6666666666666665,2.6666666666666665,5.333333333333333,4.333333333333333,True
3825874,2015-10-24,11,La Liga,27,2015/2016,male,Sevilla,Getafe,5,0,1,22,6,14,0,7,3,True,3825605|3825617|3825624,2.0,1.3333333333333333,15.0,20.0,6.333333333333333,5.666666666666667,6.0,5.333333333333333,True,3825612|3825613|3825628,2.333333333333333,0.0,12.666666666666666,14.666666666666666,6.0,4.333333333333333,3.333333333333333,4.666666666666667,True
3825637,2015-10-25,11,La Liga,27,2015/2016,male,Barcelona,Eibar,3,1,1,14,7,5,4,6,2,True,267611|3825617|3825627,2.6666666666666665,1.6666666666666667,19.33333333333333,14.666666666666666,7.666666666666667,6.333333333333333,6.333333333333333,7.0,True,3825608|3825618|3825624,1.3333333333333333,0.6666666666666666,11.333333333333334,14.0,3.6666666666666665,3.6666666666666665,2.333333333333333,4.0,True
3825638,2015-10-25,11,La Liga,27,2015/2016,male,Atlético Madrid,Valencia,2,1,1,16,7,7,2,9,2,True,3825607|3825621|3825631,1.0,0.6666666666666666,11.666666666666666,8.333333333333334,3.6666666666666665,1.6666666666666667,4.0,2.333333333333333,True,3825604|3825622|3825623,1.6666666666666667,1.0,9.666666666666666,14.666666666666666,3.6666666666666665,4.666666666666667,7.0,7.0,True
3825639,2015-10-25,11,La Liga,27,2015/2016,male,Las Palmas,Villarreal,0,0,0,7,5,2,0,6,6,True,267611|3825618|3825628,0.3333333333333333,2.6666666666666665,14.666666666666666,13.0,4.333333333333333,5.666666666666667,2.6666666666666665,3.0,True,3825607|3825619|3825629,0.6666666666666666,1.0,6.666666666666667,12.333333333333334,2.333333333333333,3.333333333333333,3.333333333333333,5.666666666666667,True
3825640,2015-10-25,11,La Liga,27,2015/2016,male,Levante UD,Real Sociedad,0,4,0,13,13,3,7,10,3,True,3825612|3825619|3825625,0.3333333333333333,2.0,13.666666666666666,13.0,4.333333333333333,5.333333333333333,5.333333333333333,3.333333333333333,True,3825609|3825616|3825631,0.3333333333333333,1.6666666666666667,13.0,9.333333333333334,3.333333333333333,4.0,4.333333333333333,2.0,True
3825641,2015-10-26,11,La Liga,27,2015/2016,male,Athletic Club,Sporting Gijón,3,0,1,20,6,6,0,9,3,True,3825609|3825622|3825630,1.6666666666666667,1.0,11.0,14.0,4.0,3.6666666666666665,6.0,4.0,True,3825610|3825615|3825632,2.0,2.0,15.333333333333334,13.0,5.666666666666667,6.666666666666667,6.0,4.666666666666667,True
3825642,2015-10-30,11,La Liga,27,2015/2016,male,RC Deportivo La Coruña,Atlético Madrid,1,1,0,7,12,3,3,1,6,True,3825614|3825630|3825636,1.0,1.6666666666666667,13.666666666666666,8.666666666666666,2.333333333333333,3.0,4.666666666666667,3.6666666666666665,True,3825621|3825631|3825638,1.6666666666666667,0.6666666666666666,13.666666666666666,9.0,4.666666666666667,1.6666666666666667,5.333333333333333,2.6666666666666665,True
3825643,2015-10-31,11,La Liga,27,2015/2016,male,Real Madrid,Las Palmas,3,1,1,17,8,11,5,6,3,True,3825621|3825625|3825635,2.333333333333333,0.6666666666666666,14.666666666666666,17.333333333333332,5.333333333333333,5.666666666666667,4.0,4.666666666666667,True,3825618|3825628|3825639,0.0,2.0,13.666666666666666,9.333333333333334,3.0,3.6666666666666665,3.333333333333333,4.0,True
3825644,2015-10-31,11,La Liga,27,2015/2016,male,Real Sociedad,Celta Vigo,2,3,0,21,16,6,8,9,7,True,3825616|3825631|3825640,1.6666666666666667,1.6666666666666667,12.333333333333334,10.333333333333334,4.333333333333333,4.333333333333333,4.0,4.666666666666667,True,3825613|3825629|3825635,1.0,1.3333333333333333,16.0,11.666666666666666,5.333333333333333,4.666666666666667,6.0,5.0,True
3825645,2015-10-31,11,La Liga,27,2015/2016,male,Getafe,Barcelona,0,2,0,6,15,1,6,3,5,True,3825613|3825628|3825874,1.3333333333333333,1.6666666666666667,9.666666666666666,18.666666666666668,3.333333333333333,8.0,3.0,5.666666666666667,True,3825617|3825627|3825637,3.0,1.6666666666666667,18.666666666666668,13.666666666666666,7.333333333333333,5.666666666666667,7.333333333333333,6.333333333333333,True
3825646,2015-10-31,11,La Liga,27,2015/2016,male,Villarreal,Sevilla,2,1,1,12,6,4,3,7,5,True,3825619|3825629|3825639,0.3333333333333333,1.0,6.666666666666667,11.333333333333334,1.6666666666666667,2.6666666666666665,5.0,6.0,True,3825617|3825624|3825874,2.6666666666666665,0.6666666666666666,16.333333333333332,16.0,8.0,4.0,6.333333333333333,4.666666666666667,True
3825647,2015-10-31,11,La Liga,27,2015/2016,male,Valencia,Levante UD,3,0,1,14,10,7,5,5,5,True,3825622|3825623|3825638,1.6666666666666667,1.6666666666666667,8.0,14.0,3.0,6.0,4.0,9.0,True,3825619|3825625|3825640,0.3333333333333333,2.333333333333333,14.666666666666666,12.333333333333334,4.333333333333333,5.0,7.333333333333333,3.0,True
3825648,2015-11-01,11,La Liga,27,2015/2016,male,Eibar,Rayo Vallecano,1,0,1,11,6,1,2,2,6,True,3825618|3825624|3825637,1.3333333333333333,1.3333333333333333,10.0,15.666666666666666,4.0,4.666666666666667,1.6666666666666667,4.666666666666667,True,3825620|3825627|3825633,1.6666666666666667,2.333333333333333,19.33333333333333,10.666666666666666,7.333333333333333,6.0,8.0,5.0,True
3825649,2015-11-01,11,La Liga,27,2015/2016,male,Sporting Gijón,Málaga,1,0,1,9,13,5,5,7,5,True,3825615|3825632|3825641,1.6666666666666667,2.333333333333333,11.0,15.333333333333334,2.6666666666666665,7.0,3.6666666666666665,6.333333333333333,True,3825616|3825623|3825636,1.6666666666666667,1.3333333333333333,10.0,10.0,4.666666666666667,3.0,4.333333333333333,5.0,True
3825650,2015-11-01,11,La Liga,27,2015/2016,male,Real Betis,Athletic Club,1,3,0,11,23,3,9,7,9,True,3825620|3825626|3825634,1.3333333333333333,1.3333333333333333,12.666666666666666,17.333333333333332,5.0,6.0,3.333333333333333,4.666666666666667,True,3825622|3825630|3825641,2.6666666666666665,1.0,14.333333333333334,11.0,5.333333333333333,2.333333333333333,8.333333333333334,3.6666666666666665,True
3825651,2015-11-01,11,La Liga,27,2015/2016,male,Espanyol,Granada,1,1,0,9,10,4,6,5,6,True,3825615|3825626|3825633,1.3333333333333333,2.0,11.0,15.333333333333334,5.333333333333333,5.0,5.666666666666667,3.6666666666666665,True,3825614|3825632|3825634,1.6666666666666667,1.6666666666666667,13.666666666666666,12.333333333333334,5.0,3.6666666666666665,2.0,5.0,True
3825652,2015-11-06,11,La Liga,27,2015/2016,male,Las Palmas,Real Sociedad,2,0,1,9,11,4,6,0,8,True,3825628|3825639|3825643,0.3333333333333333,2.333333333333333,10.333333333333334,12.0,3.333333333333333,6.0,3.333333333333333,5.666666666666667,True,3825631|3825640|3825644,2.0,1.6666666666666667,15.0,12.0,4.666666666666667,4.666666666666667,5.666666666666667,6.333333333333333,True
3825653,2015-11-07,11,La Liga,27,2015/2016,male,Eibar,Getafe,3,1,1,16,9,7,4,5,7,True,3825624|3825637|3825648,1.0,1.3333333333333333,10.666666666666666,11.666666666666666,3.0,4.0,2.0,5.666666666666667,True,3825628|3825874|3825645,1.3333333333333333,2.333333333333333,8.666666666666666,17.666666666666668,2.6666666666666665,7.666666666666667,3.6666666666666665,4.333333333333333,True
3825654,2015-11-07,11,La Liga,27,2015/2016,male,Celta Vigo,Valencia,1,5,0,17,9,3,5,15,5,True,3825629|3825635|3825644,2.0,2.0,15.333333333333334,15.666666666666666,5.666666666666667,5.666666666666667,5.333333333333333,7.666666666666667,True,3825623|3825638|3825647,2.333333333333333,0.6666666666666666,9.333333333333334,12.0,4.0,5.0,4.333333333333333,7.333333333333333,True
3825655,2015-11-07,11,La Liga,27,2015/2016,male,Rayo Vallecano,Granada,2,1,1,7,8,2,2,4,1,True,3825627|3825633|3825648,1.6666666666666667,2.0,13.666666666666666,11.333333333333334,5.333333333333333,4.333333333333333,7.333333333333333,4.666666666666667,True,3825632|3825634|3825651,1.6666666666666667,1.6666666666666667,13.666666666666666,10.666666666666666,6.0,4.0,3.333333333333333,5.0,True
3825656,2015-11-07,11,La Liga,27,2015/2016,male,Levante UD,RC Deportivo La Coruña,1,1,0,17,9,7,5,9,5,True,3825625|3825640|3825647,0.0,3.333333333333333,13.333333333333334,16.0,4.666666666666667,6.666666666666667,6.333333333333333,4.0,True,3825630|3825636|3825642,1.0,1.6666666666666667,11.333333333333334,9.333333333333334,2.333333333333333,3.0,3.333333333333333,5.0,True
3825657,2015-11-07,11,La Liga,27,2015/2016,male,Málaga,Real Betis,0,1,0,12,7,5,2,6,3,True,3825623|3825636|3825649,0.6666666666666666,1.3333333333333333,10.666666666666666,8.666666666666666,4.0,3.0,5.333333333333333,6.0,True,3825626|3825634|3825650,1.0,2.333333333333333,13.333333333333334,17.333333333333332,4.0,6.333333333333333,4.666666666666667,5.0,True
3825658,2015-11-08,11,La Liga,27,2015/2016,male,Atlético Madrid,Sporting Gijón,1,0,1,15,9,3,2,5,1,True,3825631|3825638|3825642,1.6666666666666667,0.6666666666666666,11.666666666666666,8.333333333333334,4.333333333333333,2.0,5.666666666666667,2.6666666666666665,True,3825632|3825641|3825649,1.3333333333333333,2.0,10.0,15.666666666666666,3.6666666666666665,5.666666666666667,5.666666666666667,5.0,True
3825659,2015-11-08,11,La Liga,27,2015/2016,male,Athletic Club,Espanyol,2,1,1,8,5,2,1,4,5,True,3825630|3825641|3825650,2.6666666666666665,1.0,16.666666666666668,11.333333333333334,5.666666666666667,2.0,8.0,4.666666666666667,True,3825626|3825633|3825651,1.3333333333333333,1.6666666666666667,10.0,14.666666666666666,3.6666666666666665,6.333333333333333,4.333333333333333,5.333333333333333,True
3825660,2015-11-08,11,La Liga,27,2015/2016,male,Barcelona,Villarreal,3,0,1,20,5,9,2,7,2,True,3825627|3825637|3825645,3.333333333333333,1.0,14.333333333333334,11.666666666666666,6.666666666666667,4.333333333333333,6.0,5.0,True,3825629|3825639|3825646,1.0,1.0,9.666666666666666,8.666666666666666,2.333333333333333,2.333333333333333,6.666666666666667,5.0,True
3825661,2015-11-08,11,La Liga,27,2015/2016,male,Sevilla,Real Madrid,3,2,1,15,28,5,11,4,6,True,3825624|3825874|3825646,2.333333333333333,1.0,14.333333333333334,10.666666666666666,7.333333333333333,2.6666666666666665,5.666666666666667,4.0,True,3825625|3825635|3825643,3.0,0.6666666666666666,17.333333333333332,14.0,8.333333333333334,6.0,5.666666666666667,4.0,True
266424,2015-11-21,11,La Liga,27,2015/2016,male,Real Madrid,Barcelona,0,4,0,13,18,7,6,10,3,True,3825635|3825643|3825661,2.6666666666666665,1.6666666666666667,19.666666666666668,13.333333333333334,10.0,5.666666666666667,6.333333333333333,4.0,True,3825637|3825645|3825660,2.6666666666666665,0.3333333333333333,16.333333333333332,6.0,6.666666666666667,2.333333333333333,6.0,2.333333333333333,True
3825662,2015-11-21,11,La Liga,27,2015/2016,male,RC Deportivo La Coruña,Celta Vigo,2,0,1,5,7,2,4,2,10,True,3825636|3825642|3825656,0.6666666666666666,1.3333333333333333,8.666666666666666,12.666666666666666,3.0,4.666666666666667,3.6666666666666665,6.0,True,3825635|3825644|3825654,1.6666666666666667,3.333333333333333,16.666666666666668,14.666666666666666,6.0,6.333333333333333,9.0,7.0,True
3825663,2015-11-21,11,La Liga,27,2015/2016,male,Espanyol,Málaga,2,0,1,8,15,3,5,3,8,True,3825633|3825651|3825659,0.6666666666666666,2.0,7.666666666666667,10.333333333333334,2.6666666666666665,4.666666666666667,5.0,5.333333333333333,True,3825636|3825649|3825657,0.6666666666666666,0.6666666666666666,11.333333333333334,8.666666666666666,4.666666666666667,2.6666666666666665,4.666666666666667,5.0,True
3825664,2015-11-21,11,La Liga,27,2015/2016,male,Real Sociedad,Sevilla,2,0,1,14,13,7,5,7,5,True,3825640|3825644|3825652,2.0,1.6666666666666667,15.0,12.666666666666666,6.333333333333333,5.0,6.666666666666667,5.666666666666667,True,3825874|3825646|3825661,3.0,1.3333333333333333,14.333333333333334,15.333333333333334,7.333333333333333,5.0,5.333333333333333,5.333333333333333,True
3825888,2015-11-21,11,La Liga,27,2015/2016,male,Valencia,Las Palmas,1,1,0,9,18,3,7,1,7,True,3825638|3825647|3825654,3.0,1.0,10.0,14.333333333333334,4.666666666666667,5.0,4.0,9.666666666666666,True,3825639|3825643|3825652,1.0,1.0,8.0,11.0,3.6666666666666665,5.666666666666667,3.0,6.666666666666667,True
3825665,2015-11-22,11,La Liga,27,2015/2016,male,Granada,Athletic Club,2,0,1,8,12,1,6,2,7,True,3825634|3825651|3825655,1.0,1.3333333333333333,11.666666666666666,8.0,4.666666666666667,2.6666666666666665,3.333333333333333,4.0,True,3825641|3825650|3825659,2.6666666666666665,0.6666666666666666,17.0,7.333333333333333,5.666666666666667,1.3333333333333333,7.333333333333333,5.0,True
3825666,2015-11-22,11,La Liga,27,2015/2016,male,Real Betis,Atlético Madrid,0,1,0,7,11,3,4,2,6,True,3825634|3825650|3825657,1.0,1.3333333333333333,8.666666666666666,17.333333333333332,2.333333333333333,6.666666666666667,4.333333333333333,6.0,True,3825638|3825642|3825658,1.3333333333333333,0.6666666666666666,14.333333333333334,7.666666666666667,4.333333333333333,2.333333333333333,6.666666666666667,1.3333333333333333,True
3825667,2015-11-22,11,La Liga,27,2015/2016,male,Villarreal,Eibar,1,1,0,12,17,4,7,12,6,True,3825639|3825646|3825660,0.6666666666666666,1.3333333333333333,7.333333333333333,11.0,2.0,4.666666666666667,5.0,6.0,True,3825637|3825648|3825653,1.6666666666666667,1.3333333333333333,11.333333333333334,9.666666666666666,4.0,3.6666666666666665,3.0,6.333333333333333,True
3825668,2015-11-22,11,La Liga,27,2015/2016,male,Sporting Gijón,Levante UD,0,3,0,14,13,3,6,5,3,True,3825641|3825649|3825658,0.3333333333333333,1.3333333333333333,8.0,16.0,2.333333333333333,4.666666666666667,3.6666666666666665,6.333333333333333,True,3825640|3825647|3825656,0.3333333333333333,2.6666666666666665,13.333333333333334,12.0,5.0,6.333333333333333,8.0,4.333333333333333,True
3825669,2015-11-23,11,La Liga,27,2015/2016,male,Getafe,Rayo Vallecano,1,1,0,15,8,9,4,5,7,True,3825874|3825645|3825653,0.3333333333333333,3.333333333333333,7.0,17.666666666666668,1.6666666666666667,9.0,4.333333333333333,5.666666666666667,True,3825633|3825648|3825655,1.6666666666666667,0.6666666666666666,8.666666666666666,9.333333333333334,3.333333333333333,2.0,5.333333333333333,2.6666666666666665,True
3825670,2015-11-27,11,La Liga,27,2015/2016,male,Levante UD,Real Betis,0,1,0,14,11,1,5,7,4,True,3825647|3825656|3825668,1.3333333333333333,1.3333333333333333,13.333333333333334,12.333333333333334,6.0,5.0,5.666666666666667,5.0,True,3825650|3825657|3825666,0.6666666666666666,1.3333333333333333,8.333333333333334,15.333333333333334,2.6666666666666665,6.0,4.0,7.0,True
266885,2015-11-28,11,La Liga,27,2015/2016,male,Barcelona,Real Sociedad,4,0,1,12,10,7,2,6,4,True,3825645|3825660|266424,3.0,0.0,17.666666666666668,8.0,7.0,3.333333333333333,5.0,5.0,True,3825644|3825652|3825664,1.3333333333333333,1.6666666666666667,15.333333333333334,12.666666666666666,6.333333333333333,5.666666666666667,8.0,4.0,True
3825671,2015-11-28,11,La Liga,27,2015/2016,male,Celta Vigo,Sporting Gijón,2,1,1,6,8,4,2,3,4,True,3825644|3825654|3825662,1.3333333333333333,3.0,13.333333333333334,11.666666666666666,5.0,4.333333333333333,10.666666666666666,5.333333333333333,True,3825649|3825658|3825668,0.3333333333333333,1.3333333333333333,10.666666666666666,13.666666666666666,3.333333333333333,4.666666666666667,4.333333333333333,4.333333333333333,True
3825672,2015-11-28,11,La Liga,27,2015/2016,male,Málaga,Granada,2,2,0,12,11,7,4,7,4,True,3825649|3825657|3825663,0.0,1.3333333333333333,13.333333333333334,8.0,5.0,3.333333333333333,6.333333333333333,4.333333333333333,True,3825651|3825655|3825665,1.3333333333333333,1.0,8.666666666666666,9.333333333333334,3.0,4.0,3.0,5.333333333333333,True
3825673,2015-11-28,11,La Liga,27,2015/2016,male,Las Palmas,RC Deportivo La Coruña,0,2,0,8,10,5,5,6,4,True,3825643|3825652|3825888,1.3333333333333333,1.3333333333333333,11.666666666666666,12.333333333333334,5.333333333333333,6.666666666666667,3.333333333333333,5.0,True,3825642|3825656|3825662,1.3333333333333333,0.6666666666666666,7.0,12.0,3.333333333333333,4.666666666666667,2.6666666666666665,8.333333333333334,True
3825674,2015-11-28,11,La Liga,27,2015/2016,male,Atlético Madrid,Espanyol,1,0,1,21,4,6,0,6,2,True,3825642|3825658|3825666,1.0,0.3333333333333333,12.666666666666666,7.666666666666667,3.333333333333333,2.6666666666666665,5.666666666666667,1.3333333333333333,True,3825651|3825659|3825663,1.3333333333333333,1.0,7.333333333333333,11.0,2.6666666666666665,4.333333333333333,4.333333333333333,6.0,True
3825675,2015-11-29,11,La Liga,27,2015/2016,male,Rayo Vallecano,Athletic Club,0,3,0,15,10,3,5,6,2,True,3825648|3825655|3825669,1.0,1.0,7.0,11.333333333333334,2.6666666666666665,4.0,5.666666666666667,2.6666666666666665,True,3825650|3825659|3825665,1.6666666666666667,1.3333333333333333,14.333333333333334,8.0,5.666666666666667,1.6666666666666667,6.666666666666667,4.666666666666667,True
3825676,2015-11-29,11,La Liga,27,2015/2016,male,Getafe,Villarreal,2,0,1,12,7,5,0,6,6,True,3825645|3825653|3825669,0.6666666666666666,2.0,10.0,13.0,4.666666666666667,5.666666666666667,5.0,5.666666666666667,True,3825646|3825660|3825667,1.0,1.6666666666666667,9.666666666666666,14.333333333333334,3.333333333333333,6.333333333333333,7.0,6.0,True
3825677,2015-11-29,11,La Liga,27,2015/2016,male,Sevilla,Valencia,1,0,1,16,0,5,0,17,0,True,3825646|3825661|3825664,1.3333333333333333,2.0,11.333333333333334,18.0,4.333333333333333,7.333333333333333,4.666666666666667,6.666666666666667,True,3825647|3825654|3825888,3.0,0.6666666666666666,10.666666666666666,15.0,5.0,5.0,3.6666666666666665,9.0,True
3825678,2015-11-29,11,La Liga,27,2015/2016,male,Eibar,Real Madrid,0,2,0,8,17,3,6,6,5,True,3825648|3825653|3825667,1.6666666666666667,0.6666666666666666,14.666666666666666,9.0,5.0,3.333333333333333,4.333333333333333,8.333333333333334,True,3825643|3825661|266424,1.6666666666666667,2.6666666666666665,19.33333333333333,13.666666666666666,9.666666666666666,5.333333333333333,7.333333333333333,3.333333333333333,True
267274,2015-12-05,11,La Liga,27,2015/2016,male,Valencia,Barcelona,1,1,0,10,16,3,6,0,6,True,3825654|3825888|3825677,2.0,1.0,6.0,17.0,2.6666666666666665,5.0,2.0,13.0,True,3825660|266424|266885,3.6666666666666665,0.0,16.666666666666668,9.333333333333334,7.333333333333333,3.6666666666666665,5.333333333333333,5.333333333333333,True
3825679,2015-12-05,11,La Liga,27,2015/2016,male,Real Betis,Celta Vigo,1,1,0,28,5,5,1,8,0,True,3825657|3825666|3825670,0.6666666666666666,0.3333333333333333,8.333333333333334,12.333333333333334,3.333333333333333,3.333333333333333,3.0,6.333333333333333,True,3825654|3825662|3825671,1.0,2.6666666666666665,10.0,7.333333333333333,3.6666666666666665,3.0,9.333333333333334,3.6666666666666665,True
3825680,2015-12-05,11,La Liga,27,2015/2016,male,RC Deportivo La Coruña,Sevilla,1,1,0,8,9,4,2,6,2,True,3825656|3825662|3825673,1.6666666666666667,0.3333333333333333,8.0,10.666666666666666,4.0,5.333333333333333,3.6666666666666665,8.333333333333334,True,3825661|3825664|3825677,1.3333333333333333,1.3333333333333333,14.666666666666666,14.0,5.0,6.0,8.666666666666666,4.333333333333333,True
3825681,2015-12-05,11,La Liga,27,2015/2016,male,Real Madrid,Getafe,4,1,1,16,7,8,3,3,4,True,3825661|266424|3825678,1.3333333333333333,2.333333333333333,19.33333333333333,13.666666666666666,8.0,4.666666666666667,7.0,4.333333333333333,True,3825653|3825669|3825676,1.3333333333333333,1.3333333333333333,12.0,10.333333333333334,6.0,3.6666666666666665,6.0,6.0,True
3825682,2015-12-05,11,La Liga,27,2015/2016,male,Granada,Atlético Madrid,0,2,0,18,13,3,5,6,8,True,3825655|3825665|3825672,1.6666666666666667,1.3333333333333333,9.0,10.333333333333334,2.333333333333333,5.0,2.333333333333333,6.0,True,3825658|3825666|3825674,1.0,0.0,15.666666666666666,6.666666666666667,4.333333333333333,1.6666666666666667,5.666666666666667,1.6666666666666667,True
3825683,2015-12-06,11,La Liga,27,2015/2016,male,Real Sociedad,Eibar,2,1,1,10,6,7,2,4,3,True,3825652|3825664|266885,0.6666666666666666,2.0,11.666666666666666,11.333333333333334,5.0,5.333333333333333,6.333333333333333,3.6666666666666665,True,3825653|3825667|3825678,1.3333333333333333,1.3333333333333333,13.666666666666666,12.666666666666666,5.666666666666667,4.666666666666667,5.666666666666667,8.0,True
3825684,2015-12-06,11,La Liga,27,2015/2016,male,Villarreal,Rayo Vallecano,2,1,1,14,8,5,4,5,4,True,3825660|3825667|3825676,0.3333333333333333,2.0,8.0,16.333333333333332,2.0,7.0,6.666666666666667,6.333333333333333,True,3825655|3825669|3825675,1.0,1.6666666666666667,10.0,11.0,3.0,5.333333333333333,5.666666666666667,2.6666666666666665,True
3825685,2015-12-06,11,La Liga,27,2015/2016,male,Sporting Gijón,Las Palmas,3,1,1,22,12,10,7,8,4,True,3825658|3825668|3825671,0.3333333333333333,2.0,10.333333333333334,11.333333333333334,2.333333333333333,4.333333333333333,3.333333333333333,3.6666666666666665,True,3825652|3825888|3825673,1.0,1.0,11.666666666666666,10.0,5.333333333333333,4.666666666666667,4.333333333333333,4.333333333333333,True
3825686,2015-12-06,11,La Liga,27,2015/2016,male,Athletic Club,Málaga,0,0,0,11,7,2,2,6,1,True,3825659|3825665|3825675,1.6666666666666667,1.0,10.0,9.333333333333334,4.333333333333333,1.6666666666666667,4.333333333333333,4.333333333333333,True,3825657|3825663|3825672,0.6666666666666666,1.6666666666666667,13.0,8.666666666666666,5.666666666666667,3.0,7.0,3.333333333333333,True
3825687,2015-12-07,11,La Liga,27,2015/2016,male,Espanyol,Levante UD,1,1,0,9,12,1,6,3,6,True,3825659|3825663|3825674,1.0,1.0,5.666666666666667,14.666666666666666,1.3333333333333333,4.333333333333333,3.333333333333333,6.0,True,3825656|3825668|3825670,1.3333333333333333,0.6666666666666666,14.666666666666666,11.333333333333334,4.666666666666667,4.333333333333333,6.333333333333333,4.666666666666667,True
3825688,2015-12-11,11,La Liga,27,2015/2016,male,Getafe,Real Sociedad,1,1,0,9,10,5,6,5,5,True,3825669|3825676|3825681,1.3333333333333333,1.6666666666666667,11.333333333333334,10.333333333333334,5.666666666666667,4.0,5.0,5.333333333333333,True,3825664|266885|3825683,1.3333333333333333,1.6666666666666667,11.333333333333334,10.333333333333334,5.333333333333333,4.666666666666667,5.0,4.666666666666667,True
266961,2015-12-12,11,La Liga,27,2015/2016,male,Barcelona,RC Deportivo La Coruña,2,2,0,19,12,8,4,6,2,True,266424|266885|267274,3.0,0.3333333333333333,15.333333333333334,11.0,6.333333333333333,4.0,5.0,4.666666666666667,True,3825662|3825673|3825680,1.6666666666666667,0.3333333333333333,7.666666666666667,8.0,3.6666666666666665,3.6666666666666665,4.0,6.0,True
3825689,2015-12-12,11,La Liga,27,2015/2016,male,Celta Vigo,Espanyol,1,0,1,15,6,3,2,4,9,True,3825662|3825671|3825679,1.0,1.3333333333333333,6.0,13.666666666666666,3.0,3.0,4.333333333333333,4.666666666666667,True,3825663|3825674|3825687,1.0,0.6666666666666666,7.0,16.0,1.3333333333333333,5.666666666666667,2.6666666666666665,6.666666666666667,True
3825690,2015-12-12,11,La Liga,27,2015/2016,male,Las Palmas,Real Betis,1,0,1,16,8,5,2,2,2,True,3825888|3825673|3825685,0.6666666666666666,2.0,12.666666666666666,13.666666666666666,6.333333333333333,6.0,5.666666666666667,4.333333333333333,True,3825666|3825670|3825679,0.6666666666666666,0.6666666666666666,15.333333333333334,10.0,4.333333333333333,2.0,4.666666666666667,4.333333333333333,True
3825691,2015-12-12,11,La Liga,27,2015/2016,male,Levante UD,Granada,1,2,0,7,8,4,3,2,1,True,3825668|3825670|3825687,1.3333333333333333,0.6666666666666666,13.0,11.333333333333334,4.333333333333333,3.0,5.333333333333333,4.0,True,3825665|3825672|3825682,1.3333333333333333,1.3333333333333333,12.333333333333334,12.333333333333334,2.6666666666666665,6.0,4.0,7.333333333333333,True
3825692,2015-12-12,11,La Liga,27,2015/2016,male,Sevilla,Sporting Gijón,2,0,1,18,4,7,1,3,1,True,3825664|3825677|3825680,0.6666666666666666,1.0,12.666666666666666,7.333333333333333,4.0,3.6666666666666665,8.0,4.333333333333333,True,3825668|3825671|3825685,1.3333333333333333,2.0,14.666666666666666,10.333333333333334,5.0,5.666666666666667,5.666666666666667,3.333333333333333,True
3825693,2015-12-13,11,La Liga,27,2015/2016,male,Atlético Madrid,Athletic Club,2,1,1,8,10,4,5,3,6,True,3825666|3825674|3825682,1.3333333333333333,0.0,15.0,9.666666666666666,5.0,2.0,6.666666666666667,3.333333333333333,True,3825665|3825675|3825686,1.0,0.6666666666666666,11.0,10.0,4.333333333333333,2.0,5.0,3.0,True
3825694,2015-12-13,11,La Liga,27,2015/2016,male,Eibar,Valencia,1,1,0,14,6,5,1,9,2,True,3825667|3825678|3825683,0.6666666666666666,1.6666666666666667,10.333333333333334,13.0,4.0,5.666666666666667,5.0,7.0,True,3825888|3825677|267274,0.6666666666666666,1.0,6.333333333333333,16.666666666666668,2.0,6.0,0.3333333333333333,10.0,True
3825695,2015-12-13,11,La Liga,27,2015/2016,male,Villarreal,Real Madrid,1,0,1,7,20,3,1,3,9,True,3825667|3825676|3825684,1.0,1.3333333333333333,11.0,12.333333333333334,3.0,5.333333333333333,7.666666666666667,5.333333333333333,True,266424|3825678|3825681,2.0,1.6666666666666667,15.333333333333334,11.0,7.0,4.0,6.0,4.333333333333333,True
3825696,2015-12-13,11,La Liga,27,2015/2016,male,Rayo Vallecano,Málaga,1,2,0,13,15,2,5,6,7,True,3825669|3825675|3825684,0.6666666666666666,2.0,10.333333333333334,13.0,3.6666666666666665,6.333333333333333,5.666666666666667,4.0,True,3825663|3825672|3825686,0.6666666666666666,1.3333333333333333,11.333333333333334,10.0,4.666666666666667,3.0,5.333333333333333,4.333333333333333,True
3825697,2015-12-19,11,La Liga,27,2015/2016,male,Valencia,Getafe,2,2,0,12,9,7,3,5,1,True,3825677|267274|3825694,0.6666666666666666,1.0,5.333333333333333,15.333333333333334,1.3333333333333333,5.333333333333333,0.6666666666666666,10.666666666666666,True,3825676|3825681|3825688,1.3333333333333333,1.6666666666666667,9.333333333333334,11.0,4.333333333333333,4.666666666666667,5.0,4.666666666666667,True
3825698,2015-12-19,11,La Liga,27,2015/2016,male,RC Deportivo La Coruña,Eibar,2,0,1,14,13,3,1,9,8,True,3825673|3825680|266961,1.6666666666666667,1.0,10.0,12.0,4.333333333333333,5.0,4.0,4.666666666666667,True,3825678|3825683|3825694,0.6666666666666666,1.6666666666666667,9.333333333333334,11.0,3.333333333333333,4.666666666666667,6.0,3.6666666666666665,True
3825699,2015-12-19,11,La Liga,27,2015/2016,male,Real Betis,Sevilla,0,0,0,13,9,0,2,8,8,True,3825670|3825679|3825690,0.6666666666666666,0.6666666666666666,15.666666666666666,11.666666666666666,4.0,2.333333333333333,4.666666666666667,3.0,True,3825677|3825680|3825692,1.3333333333333333,0.3333333333333333,14.333333333333334,4.0,4.666666666666667,1.6666666666666667,7.333333333333333,2.333333333333333,True
3825891,2015-12-19,11,La Liga,27,2015/2016,male,Espanyol,Las Palmas,1,0,1,13,9,3,4,7,4,True,3825674|3825687|3825689,0.3333333333333333,1.0,6.333333333333333,16.0,1.0,5.0,4.666666666666667,5.333333333333333,True,3825673|3825685|3825690,0.6666666666666666,1.6666666666666667,12.0,13.333333333333334,5.666666666666667,5.666666666666667,4.0,4.666666666666667,True
3825700,2015-12-20,11,La Liga,27,2015/2016,male,Real Madrid,Rayo Vallecano,10,2,1,30,9,15,4,10,4,True,3825678|3825681|3825695,2.0,0.6666666666666666,17.666666666666668,7.333333333333333,5.0,3.0,5.666666666666667,4.333333333333333,True,3825675|3825684|3825696,0.6666666666666666,2.333333333333333,12.0,13.0,3.0,5.0,5.333333333333333,4.666666666666667,True
3825701,2015-12-20,11,La Liga,27,2015/2016,male,Málaga,Atlético Madrid,1,0,1,17,6,4,3,4,1,True,3825672|3825686|3825696,1.3333333333333333,1.0,11.333333333333334,11.666666666666666,4.666666666666667,2.6666666666666665,5.0,5.333333333333333,True,3825674|3825682|3825693,1.6666666666666667,0.3333333333333333,14.0,10.666666666666666,5.0,2.6666666666666665,5.666666666666667,4.666666666666667,True
3825702,2015-12-20,11,La Liga,27,2015/2016,male,Real Sociedad,Villarreal,0,2,0,17,7,2,5,9,1,True,266885|3825683|3825688,1.0,2.0,10.0,9.0,5.0,4.666666666666667,4.333333333333333,4.666666666666667,True,3825676|3825684|3825695,1.0,1.0,9.333333333333334,13.333333333333334,2.6666666666666665,3.333333333333333,4.666666666666667,6.333333333333333,True
3825703,2015-12-20,11,La Liga,27,2015/2016,male,Athletic Club,Levante UD,2,0,1,19,6,7,1,10,3,True,3825675|3825686|3825693,1.3333333333333333,0.6666666666666666,10.333333333333334,10.0,4.0,3.0,4.666666666666667,3.333333333333333,True,3825670|3825687|3825691,0.6666666666666666,1.3333333333333333,11.0,9.333333333333334,3.6666666666666665,3.0,5.0,2.6666666666666665,True
3825704,2015-12-20,11,La Liga,27,2015/2016,male,Granada,Celta Vigo,0,2,0,11,10,1,3,9,3,True,3825672|3825682|3825691,1.3333333333333333,1.6666666666666667,12.333333333333334,10.666666666666666,3.333333333333333,5.333333333333333,3.6666666666666665,5.666666666666667,True,3825671|3825679|3825689,1.3333333333333333,0.6666666666666666,8.666666666666666,14.0,2.6666666666666665,3.0,2.333333333333333,7.0,True
267327,2015-12-30,11,La Liga,27,2015/2016,male,Barcelona,Real Betis,4,0,1,16,13,7,4,2,3,True,266885|267274|266961,2.333333333333333,1.0,15.666666666666666,10.666666666666666,7.0,3.0,6.0,2.0,True,3825679|3825690|3825699,0.3333333333333333,0.6666666666666666,16.333333333333332,10.0,2.333333333333333,2.6666666666666665,6.0,3.333333333333333,True
3825705,2015-12-30,11,La Liga,27,2015/2016,male,Eibar,Sporting Gijón,2,0,1,15,6,4,0,5,7,True,3825683|3825694|3825698,0.6666666666666666,1.6666666666666667,11.0,10.0,2.6666666666666665,3.6666666666666665,6.666666666666667,5.0,True,3825671|3825685|3825692,1.3333333333333333,1.6666666666666667,11.333333333333334,12.0,4.333333333333333,6.0,4.333333333333333,3.333333333333333,True
3825706,2015-12-30,11,La Liga,27,2015/2016,male,Celta Vigo,Athletic Club,0,1,0,7,13,2,5,3,3,True,3825679|3825689|3825704,1.3333333333333333,0.3333333333333333,10.0,15.0,2.333333333333333,2.6666666666666665,2.333333333333333,8.666666666666666,True,3825686|3825693|3825703,1.0,0.6666666666666666,13.333333333333334,7.0,4.666666666666667,2.333333333333333,7.333333333333333,2.333333333333333,True
3825707,2015-12-30,11,La Liga,27,2015/2016,male,Las Palmas,Granada,4,1,1,7,12,4,5,4,4,True,3825685|3825690|3825891,0.6666666666666666,1.3333333333333333,12.333333333333334,14.333333333333334,5.333333333333333,5.0,3.333333333333333,5.666666666666667,True,3825682|3825691|3825704,0.6666666666666666,1.6666666666666667,12.333333333333334,10.0,2.333333333333333,4.0,5.333333333333333,4.333333333333333,True
3825708,2015-12-30,11,La Liga,27,2015/2016,male,Levante UD,Málaga,0,1,0,7,10,1,6,6,5,True,3825687|3825691|3825703,0.6666666666666666,1.6666666666666667,8.333333333333334,12.0,3.6666666666666665,3.6666666666666665,3.6666666666666665,4.666666666666667,True,3825686|3825696|3825701,1.0,0.3333333333333333,13.0,10.0,3.6666666666666665,2.333333333333333,4.0,4.333333333333333,True
3825709,2015-12-30,11,La Liga,27,2015/2016,male,Sevilla,Espanyol,2,0,1,16,12,10,1,5,6,True,3825680|3825692|3825699,1.0,0.3333333333333333,12.0,8.333333333333334,3.6666666666666665,1.6666666666666667,4.333333333333333,5.0,True,3825687|3825689|3825891,0.6666666666666666,0.6666666666666666,9.333333333333334,12.0,2.0,4.333333333333333,6.333333333333333,4.666666666666667,True
3825710,2015-12-30,11,La Liga,27,2015/2016,male,Real Madrid,Real Sociedad,3,1,1,23,13,13,2,13,2,True,3825681|3825695|3825700,4.666666666666667,1.3333333333333333,22.0,7.666666666666667,8.0,3.333333333333333,7.333333333333333,3.6666666666666665,True,3825683|3825688|3825702,1.0,1.3333333333333333,12.333333333333334,7.333333333333333,5.0,4.0,6.0,3.0,True
3825711,2015-12-30,11,La Liga,27,2015/2016,male,Rayo Vallecano,Atlético Madrid,0,2,0,10,19,3,6,3,8,True,3825684|3825696|3825700,1.3333333333333333,4.666666666666667,10.0,19.666666666666668,3.333333333333333,8.333333333333334,4.666666666666667,7.333333333333333,True,3825682|3825693|3825701,1.3333333333333333,0.6666666666666666,9.0,15.0,4.0,4.0,4.0,5.333333333333333,True
3825712,2015-12-30,11,La Liga,27,2015/2016,male,Getafe,RC Deportivo La Coruña,0,0,0,14,10,5,3,9,2,True,3825681|3825688|3825697,1.3333333333333333,2.333333333333333,8.333333333333334,12.666666666666666,3.6666666666666665,7.0,3.333333333333333,4.333333333333333,True,3825680|266961|3825698,1.6666666666666667,1.0,11.333333333333334,13.666666666666666,3.6666666666666665,3.6666666666666665,5.666666666666667,5.333333333333333,True
3825713,2015-12-31,11,La Liga,27,2015/2016,male,Villarreal,Valencia,1,0,1,9,6,3,2,3,6,True,3825684|3825695|3825702,1.6666666666666667,0.3333333333333333,9.333333333333334,15.0,4.333333333333333,2.333333333333333,3.0,7.333333333333333,True,267274|3825694|3825697,1.3333333333333333,1.3333333333333333,9.333333333333334,13.0,3.6666666666666665,4.666666666666667,2.333333333333333,5.333333333333333,True
266670,2016-01-02,11,La Liga,27,2015/2016,male,Espanyol,Barcelona,0,0,0,4,10,1,2,6,10,True,3825689|3825891|3825709,0.3333333333333333,1.0,10.333333333333334,13.333333333333334,2.0,5.666666666666667,7.333333333333333,4.333333333333333,True,267274|266961|267327,2.333333333333333,1.0,17.0,11.666666666666666,7.0,3.6666666666666665,4.666666666666667,1.6666666666666667,True
3825714,2016-01-02,11,La Liga,27,2015/2016,male,Atlético Madrid,Levante UD,1,0,1,16,9,2,1,13,1,True,3825693|3825701|3825711,1.3333333333333333,0.6666666666666666,11.0,12.333333333333334,4.333333333333333,4.0,4.0,4.333333333333333,True,3825691|3825703|3825708,0.3333333333333333,1.6666666666666667,6.666666666666667,12.333333333333334,2.0,5.333333333333333,3.6666666666666665,5.333333333333333,True
3825715,2016-01-02,11,La Liga,27,2015/2016,male,Málaga,Celta Vigo,2,0,1,14,8,4,1,5,2,True,3825696|3825701|3825708,1.3333333333333333,0.3333333333333333,14.0,8.666666666666666,5.0,2.0,5.333333333333333,4.333333333333333,True,3825689|3825704|3825706,1.0,0.3333333333333333,10.666666666666666,10.0,2.6666666666666665,2.6666666666666665,3.333333333333333,7.0,True
3825716,2016-01-03,11,La Liga,27,2015/2016,male,Rayo Vallecano,Real Sociedad,2,2,0,13,15,5,7,7,7,True,3825696|3825700|3825711,1.0,4.666666666666667,10.666666666666666,21.33333333333333,3.0,8.666666666666666,4.333333333333333,8.333333333333334,True,3825688|3825702|3825710,0.6666666666666666,2.0,13.333333333333334,13.0,3.333333333333333,7.666666666666667,5.333333333333333,6.333333333333333,True
3825717,2016-01-03,11,La Liga,27,2015/2016,male,Granada,Sevilla,2,1,1,9,16,4,6,2,9,True,3825691|3825704|3825707,1.0,2.333333333333333,10.333333333333334,8.0,3.0,3.6666666666666665,4.666666666666667,3.0,True,3825692|3825699|3825709,1.3333333333333333,0.0,14.333333333333334,9.666666666666666,6.333333333333333,0.6666666666666666,5.333333333333333,5.0,True
3825718,2016-01-03,11,La Liga,27,2015/2016,male,Valencia,Real Madrid,2,2,0,12,17,4,5,4,7,True,3825694|3825697|3825713,1.0,1.3333333333333333,8.0,10.666666666666666,3.333333333333333,3.6666666666666665,4.333333333333333,4.333333333333333,True,3825695|3825700|3825710,4.333333333333333,1.3333333333333333,24.33333333333333,9.666666666666666,9.666666666666666,3.0,10.666666666666666,3.0,True
3825719,2016-01-03,11,La Liga,27,2015/2016,male,Athletic Club,Las Palmas,2,2,0,15,12,4,5,5,5,True,3825693|3825703|3825706,1.3333333333333333,0.6666666666666666,14.0,7.0,5.666666666666667,2.333333333333333,6.333333333333333,3.0,True,3825690|3825891|3825707,1.6666666666666667,0.6666666666666666,10.666666666666666,11.0,4.333333333333333,3.333333333333333,3.333333333333333,4.333333333333333,True
3825720,2016-01-03,11,La Liga,27,2015/2016,male,Real Betis,Eibar,0,4,0,11,6,6,5,6,2,True,3825690|3825699|267327,0.0,1.6666666666666667,11.333333333333334,13.666666666666666,2.0,4.666666666666667,4.333333333333333,4.0,True,3825694|3825698|3825705,1.0,1.0,14.0,8.666666666666666,3.333333333333333,1.3333333333333333,7.333333333333333,6.0,True
3825721,2016-01-03,11,La Liga,27,2015/2016,male,RC Deportivo La Coruña,Villarreal,1,2,0,11,6,5,4,9,3,True,266961|3825698|3825712,1.3333333333333333,0.6666666666666666,12.0,15.333333333333334,3.333333333333333,4.666666666666667,4.333333333333333,7.666666666666667,True,3825695|3825702|3825713,1.3333333333333333,0.0,7.666666666666667,14.333333333333334,3.6666666666666665,1.6666666666666667,2.333333333333333,8.0,True
3825722,2016-01-04,11,La Liga,27,2015/2016,male,Sporting Gijón,Getafe,1,2,0,17,11,3,2,4,2,True,3825685|3825692|3825705,1.0,1.6666666666666667,10.666666666666666,15.0,3.6666666666666665,6.0,5.333333333333333,4.0,True,3825688|3825697|3825712,1.0,1.0,10.666666666666666,10.666666666666666,4.333333333333333,5.333333333333333,5.0,4.0,True
266620,2016-01-09,11,La Liga,27,2015/2016,male,Barcelona,Granada,4,0,1,17,8,8,4,7,0,True,266961|267327|266670,2.0,0.6666666666666666,15.0,9.666666666666666,5.666666666666667,3.0,6.0,3.6666666666666665,True,3825704|3825707|3825717,1.0,2.333333333333333,10.666666666666666,11.0,3.333333333333333,4.333333333333333,5.0,5.333333333333333,True
3825723,2016-01-09,11,La Liga,27,2015/2016,male,Levante UD,Rayo Vallecano,2,1,1,10,10,5,4,5,5,True,3825703|3825708|3825714,0.0,1.3333333333333333,7.333333333333333,15.0,1.0,5.0,3.333333333333333,9.333333333333334,True,3825700|3825711|3825716,1.3333333333333333,4.666666666666667,10.666666666666666,21.33333333333333,4.0,9.333333333333334,4.666666666666667,8.333333333333334,True
3825724,2016-01-09,11,La Liga,27,2015/2016,male,Real Madrid,RC Deportivo La Coruña,5,0,1,23,18,9,5,5,9,True,3825700|3825710|3825718,5.0,1.6666666666666667,23.33333333333333,11.333333333333334,11.0,3.333333333333333,10.0,3.333333333333333,True,3825698|3825712|3825721,1.0,0.6666666666666666,11.666666666666666,11.0,3.6666666666666665,3.333333333333333,6.666666666666667,6.666666666666667,True
3825725,2016-01-09,11,La Liga,27,2015/2016,male,Getafe,Real Betis,1,0,1,9,11,3,2,8,4,True,3825697|3825712|3825722,1.3333333333333333,1.0,11.333333333333334,13.0,3.333333333333333,4.333333333333333,4.0,3.6666666666666665,True,3825699|267327|3825720,0.0,2.6666666666666665,12.333333333333334,10.333333333333334,3.333333333333333,4.666666666666667,5.666666666666667,4.0,True
3825726,2016-01-09,11,La Liga,27,2015/2016,male,Sevilla,Athletic Club,2,0,1,4,12,4,4,6,8,True,3825699|3825709|3825717,1.0,0.6666666666666666,13.666666666666666,11.333333333333334,6.0,1.6666666666666667,7.333333333333333,5.333333333333333,True,3825703|3825706|3825719,1.6666666666666667,0.6666666666666666,15.666666666666666,8.333333333333334,5.333333333333333,2.6666666666666665,6.0,3.6666666666666665,True
3825727,2016-01-10,11,La Liga,27,2015/2016,male,Eibar,Espanyol,2,1,1,20,7,7,4,8,2,True,3825698|3825705|3825720,2.0,0.6666666666666666,11.333333333333334,10.333333333333334,3.333333333333333,3.0,5.0,7.333333333333333,True,3825891|3825709|266670,0.3333333333333333,0.6666666666666666,9.666666666666666,11.666666666666666,1.6666666666666667,5.333333333333333,6.333333333333333,6.333333333333333,True
3825728,2016-01-10,11,La Liga,27,2015/2016,male,Celta Vigo,Atlético Madrid,0,2,0,6,10,1,3,4,4,True,3825704|3825706|3825715,0.6666666666666666,1.0,8.333333333333334,12.666666666666666,2.0,3.333333333333333,2.6666666666666665,5.666666666666667,True,3825701|3825711|3825714,1.0,0.3333333333333333,13.666666666666666,12.0,3.6666666666666665,2.6666666666666665,7.333333333333333,2.6666666666666665,True
3825729,2016-01-10,11,La Liga,27,2015/2016,male,Villarreal,Sporting Gijón,2,0,1,7,12,3,2,3,9,True,3825702|3825713|3825721,1.6666666666666667,0.3333333333333333,7.333333333333333,11.333333333333334,4.0,3.0,2.333333333333333,8.0,True,3825692|3825705|3825722,0.3333333333333333,2.0,9.0,14.666666666666666,1.3333333333333333,4.333333333333333,4.0,3.333333333333333,True
3825730,2016-01-10,11,La Liga,27,2015/2016,male,Real Sociedad,Valencia,2,0,1,24,10,7,3,5,6,True,3825702|3825710|3825716,1.0,2.333333333333333,15.0,14.333333333333334,3.6666666666666665,7.666666666666667,6.0,7.0,True,3825697|3825713|3825718,1.3333333333333333,1.6666666666666667,10.0,11.666666666666666,4.333333333333333,3.6666666666666665,5.0,3.6666666666666665,True
3825731,2016-01-10,11,La Liga,27,2015/2016,male,Las Palmas,Málaga,1,1,0,5,11,3,3,2,5,True,3825891|3825707|3825719,2.0,1.3333333333333333,9.333333333333334,13.333333333333334,4.333333333333333,4.0,4.333333333333333,5.333333333333333,True,3825701|3825708|3825715,1.3333333333333333,0.0,13.666666666666666,7.0,4.666666666666667,1.6666666666666667,4.666666666666667,3.0,True
3825732,2016-01-16,11,La Liga,27,2015/2016,male,Celta Vigo,Levante UD,4,3,1,13,16,6,8,7,2,True,3825706|3825715|3825728,0.0,1.6666666666666667,7.0,12.333333333333334,1.3333333333333333,4.0,3.0,4.0,True,3825708|3825714|3825723,0.6666666666666666,1.0,8.666666666666666,12.0,2.333333333333333,4.0,4.0,7.666666666666667,True
3825733,2016-01-16,11,La Liga,27,2015/2016,male,Sevilla,Málaga,2,1,1,8,14,3,4,6,4,True,3825709|3825717|3825726,1.6666666666666667,0.6666666666666666,12.0,11.0,6.666666666666667,3.0,6.666666666666667,5.333333333333333,True,3825708|3825715|3825731,1.3333333333333333,0.3333333333333333,11.666666666666666,6.666666666666667,4.333333333333333,1.6666666666666667,5.0,3.333333333333333,True
3825734,2016-01-16,11,La Liga,27,2015/2016,male,Real Sociedad,RC Deportivo La Coruña,1,1,0,16,7,6,4,9,4,True,3825710|3825716|3825730,1.6666666666666667,1.6666666666666667,17.333333333333332,15.333333333333334,5.333333333333333,7.0,4.666666666666667,8.666666666666666,True,3825712|3825721|3825724,0.3333333333333333,2.333333333333333,13.0,14.333333333333334,4.333333333333333,6.0,6.666666666666667,5.666666666666667,True
3825735,2016-01-16,11,La Liga,27,2015/2016,male,Villarreal,Real Betis,0,0,0,9,15,2,2,7,11,True,3825713|3825721|3825729,1.6666666666666667,0.3333333333333333,7.333333333333333,9.666666666666666,3.333333333333333,3.0,3.0,8.0,True,267327|3825720|3825725,0.0,3.0,11.666666666666666,10.333333333333334,4.0,5.0,4.333333333333333,4.0,True
266149,2016-01-17,11,La Liga,27,2015/2016,male,Barcelona,Athletic Club,6,0,1,20,9,8,3,6,2,True,267327|266670|266620,2.6666666666666665,0.0,14.333333333333334,8.333333333333334,5.666666666666667,3.0,6.333333333333333,3.0,True,3825706|3825719|3825726,1.0,1.3333333333333333,13.333333333333334,7.666666666666667,4.333333333333333,3.6666666666666665,5.333333333333333,4.666666666666667,True
3825736,2016-01-17,11,La Liga,27,2015/2016,male,Valencia,Rayo Vallecano,2,2,0,13,18,5,8,7,9,True,3825713|3825718|3825730,0.6666666666666666,1.6666666666666667,9.333333333333334,16.666666666666668,3.0,5.0,5.333333333333333,5.0,True,3825711|3825716|3825723,1.0,2.0,11.0,14.666666666666666,4.0,6.0,5.0,6.666666666666667,True
3825737,2016-01-17,11,La Liga,27,2015/2016,male,Getafe,Espanyol,3,1,1,19,13,5,5,3,7,True,3825712|3825722|3825725,1.0,0.3333333333333333,11.333333333333334,12.666666666666666,3.333333333333333,2.6666666666666665,6.333333333333333,3.333333333333333,True,3825709|266670|3825727,0.3333333333333333,1.3333333333333333,7.666666666666667,15.333333333333334,2.0,6.333333333333333,4.666666666666667,7.666666666666667,True
3825738,2016-01-17,11,La Liga,27,2015/2016,male,Las Palmas,Atlético Madrid,0,3,0,11,11,3,5,3,4,True,3825707|3825719|3825731,2.333333333333333,1.3333333333333333,8.0,12.666666666666666,4.0,4.0,3.6666666666666665,4.666666666666667,True,3825711|3825714|3825728,1.6666666666666667,0.0,15.0,8.333333333333334,3.6666666666666665,1.6666666666666667,8.333333333333334,2.6666666666666665,True
3825739,2016-01-17,11,La Liga,27,2015/2016,male,Real Madrid,Sporting Gijón,5,1,1,17,9,9,2,4,4,True,3825710|3825718|3825724,3.333333333333333,1.0,21.0,14.333333333333334,9.0,3.6666666666666665,8.333333333333334,5.0,True,3825705|3825722|3825729,0.3333333333333333,2.0,11.666666666666666,11.0,1.6666666666666667,3.0,6.666666666666667,3.333333333333333,True
3825740,2016-01-18,11,La Liga,27,2015/2016,male,Eibar,Granada,5,1,1,12,4,7,1,3,2,True,3825705|3825720|3825727,2.6666666666666665,0.3333333333333333,13.666666666666666,8.0,5.333333333333333,3.333333333333333,5.0,5.0,True,3825707|3825717|266620,1.0,3.0,9.666666666666666,13.333333333333334,4.333333333333333,6.0,2.0,6.666666666666667,True
3825741,2016-01-22,11,La Liga,27,2015/2016,male,Sporting Gijón,Real Sociedad,5,1,1,13,9,7,3,6,2,True,3825722|3825729|3825739,0.6666666666666666,3.0,12.666666666666666,11.666666666666666,2.333333333333333,4.666666666666667,5.666666666666667,3.0,True,3825716|3825730|3825734,1.6666666666666667,1.0,18.33333333333333,10.0,6.666666666666667,4.0,7.0,5.666666666666667,True
265894,2016-01-23,11,La Liga,27,2015/2016,male,Málaga,Barcelona,1,2,0,14,11,8,5,4,3,True,3825715|3825731|3825733,1.3333333333333333,1.0,13.0,7.0,3.6666666666666665,2.333333333333333,4.666666666666667,3.333333333333333,True,266670|266620|266149,3.333333333333333,0.0,15.666666666666666,7.0,6.0,2.6666666666666665,7.666666666666667,2.6666666666666665,True
3825742,2016-01-23,11,La Liga,27,2015/2016,male,Granada,Getafe,3,2,1,20,9,9,2,5,3,True,3825717|266620|3825740,1.0,3.333333333333333,7.0,15.0,3.0,7.0,1.3333333333333333,6.333333333333333,True,3825722|3825725|3825737,2.0,0.6666666666666666,13.0,13.666666666666666,3.333333333333333,3.333333333333333,4.333333333333333,5.0,True
3825743,2016-01-23,11,La Liga,27,2015/2016,male,Rayo Vallecano,Celta Vigo,3,0,1,26,3,10,1,8,1,True,3825716|3825723|3825736,1.6666666666666667,2.0,13.666666666666666,12.666666666666666,5.666666666666667,5.666666666666667,7.0,6.333333333333333,True,3825715|3825728|3825732,1.3333333333333333,2.333333333333333,9.0,13.333333333333334,2.6666666666666665,5.0,4.333333333333333,3.6666666666666665,True
3825744,2016-01-23,11,La Liga,27,2015/2016,male,Espanyol,Villarreal,2,2,0,11,14,5,5,3,8,True,266670|3825727|3825737,0.6666666666666666,1.6666666666666667,8.0,16.333333333333332,3.333333333333333,4.666666666666667,5.0,7.0,True,3825721|3825729|3825735,1.3333333333333333,0.3333333333333333,7.333333333333333,12.666666666666666,3.0,3.0,4.333333333333333,9.666666666666666,True
3825745,2016-01-24,11,La Liga,27,2015/2016,male,RC Deportivo La Coruña,Valencia,1,1,0,8,10,2,3,8,6,True,3825721|3825724|3825734,0.6666666666666666,2.6666666666666665,12.0,15.0,4.666666666666667,6.333333333333333,7.333333333333333,5.666666666666667,True,3825718|3825730|3825736,1.3333333333333333,2.0,11.666666666666666,19.666666666666668,4.0,6.666666666666667,5.666666666666667,7.0,True
3825746,2016-01-24,11,La Liga,27,2015/2016,male,Real Betis,Real Madrid,1,1,0,5,20,2,8,1,9,True,3825720|3825725|3825735,0.0,1.6666666666666667,12.333333333333334,8.0,3.333333333333333,3.333333333333333,7.0,5.666666666666667,True,3825718|3825724|3825739,4.0,1.0,19.0,13.0,7.666666666666667,3.6666666666666665,5.333333333333333,5.666666666666667,True
3825747,2016-01-24,11,La Liga,27,2015/2016,male,Athletic Club,Eibar,5,2,1,10,9,5,2,7,2,True,3825719|3825726|266149,0.6666666666666666,3.333333333333333,12.0,12.0,3.6666666666666665,5.666666666666667,5.0,5.666666666666667,True,3825720|3825727|3825740,3.6666666666666665,0.6666666666666666,12.666666666666666,7.333333333333333,6.333333333333333,3.6666666666666665,4.333333333333333,3.333333333333333,True
3825748,2016-01-24,11,La Liga,27,2015/2016,male,Atlético Madrid,Sevilla,0,0,0,21,7,3,2,8,5,True,3825714|3825728|3825738,2.0,0.0,12.333333333333334,8.666666666666666,3.333333333333333,1.6666666666666667,7.0,2.6666666666666665,True,3825717|3825726|3825733,1.6666666666666667,1.0,9.333333333333334,11.666666666666666,4.333333333333333,4.0,7.0,4.666666666666667,True
3825749,2016-01-25,11,La Liga,27,2015/2016,male,Levante UD,Las Palmas,3,2,1,12,13,8,4,2,4,True,3825714|3825723|3825732,1.6666666666666667,2.0,11.666666666666666,13.0,4.666666666666667,4.0,2.6666666666666665,8.333333333333334,True,3825719|3825731|3825738,1.0,2.0,9.333333333333334,12.333333333333334,3.6666666666666665,4.0,3.333333333333333,4.666666666666667,True
267576,2016-01-30,11,La Liga,27,2015/2016,male,Barcelona,Atlético Madrid,2,1,1,10,7,4,3,8,6,True,266620|266149|265894,4.0,0.3333333333333333,16.0,10.333333333333334,7.0,5.0,5.333333333333333,2.0,True,3825728|3825738|3825748,1.6666666666666667,0.0,14.0,8.0,3.6666666666666665,2.0,5.333333333333333,4.0,True
3825750,2016-01-30,11,La Liga,27,2015/2016,male,Real Sociedad,Real Betis,2,1,1,11,8,4,1,2,4,True,3825730|3825734|3825741,1.3333333333333333,2.0,16.333333333333332,10.0,5.333333333333333,4.666666666666667,5.333333333333333,5.333333333333333,True,3825725|3825735|3825746,0.3333333333333333,0.6666666666666666,10.333333333333334,12.666666666666666,2.0,4.333333333333333,5.333333333333333,8.0,True
3825751,2016-01-30,11,La Liga,27,2015/2016,male,Getafe,Athletic Club,0,1,0,11,14,3,3,7,5,True,3825725|3825737|3825742,2.0,1.3333333333333333,12.333333333333334,14.666666666666666,3.333333333333333,5.333333333333333,4.666666666666667,5.333333333333333,True,3825726|266149|3825747,1.6666666666666667,3.333333333333333,10.333333333333334,11.0,4.0,4.666666666666667,5.666666666666667,4.666666666666667,True
3825752,2016-01-30,11,La Liga,27,2015/2016,male,Eibar,Málaga,1,2,0,11,7,3,4,1,2,True,3825727|3825740|3825747,3.0,2.333333333333333,13.666666666666666,7.0,5.333333333333333,3.333333333333333,4.333333333333333,3.6666666666666665,True,3825731|3825733|265894,1.0,1.6666666666666667,13.0,8.0,5.0,3.6666666666666665,4.333333333333333,3.6666666666666665,True
3825753,2016-01-30,11,La Liga,27,2015/2016,male,Villarreal,Granada,1,0,1,13,8,7,3,8,0,True,3825729|3825735|3825744,1.3333333333333333,0.6666666666666666,10.0,12.666666666666666,3.333333333333333,3.0,6.0,7.666666666666667,True,266620|3825740|3825742,1.3333333333333333,3.6666666666666665,10.666666666666666,12.666666666666666,4.666666666666667,5.666666666666667,2.333333333333333,4.333333333333333,True
3825754,2016-01-31,11,La Liga,27,2015/2016,male,Las Palmas,Celta Vigo,2,1,1,13,5,6,2,7,3,True,3825731|3825738|3825749,1.0,2.333333333333333,9.666666666666666,11.333333333333334,3.333333333333333,5.333333333333333,3.0,3.6666666666666665,True,3825728|3825732|3825743,1.3333333333333333,2.6666666666666665,7.333333333333333,17.333333333333332,2.6666666666666665,7.0,4.0,4.666666666666667,True
3825755,2016-01-31,11,La Liga,27,2015/2016,male,Valencia,Sporting Gijón,0,1,0,18,9,3,3,6,3,True,3825730|3825736|3825745,1.0,1.6666666666666667,11.0,16.666666666666668,3.6666666666666665,5.666666666666667,6.333333333333333,7.333333333333333,True,3825729|3825739|3825741,2.0,2.6666666666666665,11.333333333333334,11.0,3.6666666666666665,5.0,6.333333333333333,3.0,True
3825756,2016-01-31,11,La Liga,27,2015/2016,male,Sevilla,Levante UD,3,1,1,14,22,8,5,5,9,True,3825726|3825733|3825748,1.3333333333333333,0.3333333333333333,6.333333333333333,15.666666666666666,3.0,3.6666666666666665,5.666666666666667,6.666666666666667,True,3825723|3825732|3825749,2.6666666666666665,2.333333333333333,12.666666666666666,12.0,7.0,4.666666666666667,3.0,5.333333333333333,True
3825757,2016-01-31,11,La Liga,27,2015/2016,male,Real Madrid,Espanyol,6,0,1,18,15,7,7,3,1,True,3825724|3825739|3825746,3.6666666666666665,0.6666666666666666,20.0,10.666666666666666,8.666666666666666,3.0,6.0,4.666666666666667,True,3825727|3825737|3825744,1.3333333333333333,2.333333333333333,10.333333333333334,17.666666666666668,4.666666666666667,5.666666666666667,4.0,6.333333333333333,True
3825758,2016-02-01,11,La Liga,27,2015/2016,male,RC Deportivo La Coruña,Rayo Vallecano,2,2,0,17,7,4,3,5,4,True,3825724|3825734|3825745,0.6666666666666666,2.333333333333333,11.0,16.333333333333332,3.6666666666666665,6.0,7.0,6.666666666666667,True,3825723|3825736|3825743,2.0,1.3333333333333333,18.0,8.666666666666666,7.333333333333333,3.6666666666666665,7.333333333333333,4.333333333333333,True
3825759,2016-02-05,11,La Liga,27,2015/2016,male,Málaga,Getafe,3,0,1,9,5,5,2,4,6,True,3825733|265894|3825752,1.3333333333333333,1.6666666666666667,11.666666666666666,10.0,5.333333333333333,3.6666666666666665,3.333333333333333,3.333333333333333,True,3825737|3825742|3825751,1.6666666666666667,1.6666666666666667,13.0,15.666666666666666,3.333333333333333,5.666666666666667,4.333333333333333,5.666666666666667,True
3825760,2016-02-06,11,La Liga,27,2015/2016,male,Atlético Madrid,Eibar,3,1,1,13,6,4,2,5,2,True,3825738|3825748|267576,1.3333333333333333,0.6666666666666666,13.0,9.333333333333334,3.6666666666666665,3.0,6.0,5.333333333333333,True,3825740|3825747|3825752,2.6666666666666665,2.6666666666666665,10.666666666666666,7.0,4.0,3.333333333333333,2.0,3.6666666666666665,True
3825761,2016-02-06,11,La Liga,27,2015/2016,male,Athletic Club,Villarreal,0,0,0,10,2,1,2,5,3,True,266149|3825747|3825751,2.0,2.6666666666666665,11.0,13.333333333333334,3.6666666666666665,4.333333333333333,4.666666666666667,5.0,True,3825735|3825744|3825753,1.0,0.6666666666666666,12.0,11.333333333333334,4.666666666666667,3.333333333333333,7.666666666666667,4.666666666666667,True
3825762,2016-02-06,11,La Liga,27,2015/2016,male,Sporting Gijón,RC Deportivo La Coruña,1,1,0,11,5,3,5,4,3,True,3825739|3825741|3825755,2.333333333333333,2.0,10.333333333333334,14.666666666666666,4.0,5.0,4.333333333333333,4.0,True,3825734|3825745|3825758,1.3333333333333333,1.3333333333333333,10.666666666666666,11.0,3.333333333333333,4.0,5.666666666666667,6.333333333333333,True
3825763,2016-02-06,11,La Liga,27,2015/2016,male,Rayo Vallecano,Las Palmas,2,0,1,19,9,10,4,5,5,True,3825736|3825743|3825758,2.333333333333333,1.3333333333333333,17.0,11.0,7.0,3.333333333333333,7.0,4.333333333333333,True,3825738|3825749|3825754,1.3333333333333333,2.333333333333333,12.333333333333334,9.333333333333334,4.333333333333333,5.0,4.666666666666667,3.0,True
266160,2016-02-07,11,La Liga,27,2015/2016,male,Levante UD,Barcelona,0,2,0,14,11,3,4,2,5,True,3825732|3825749|3825756,2.333333333333333,3.0,16.666666666666668,13.333333333333334,7.0,6.0,4.333333333333333,5.333333333333333,True,266149|265894|267576,3.333333333333333,0.6666666666666666,13.666666666666666,10.0,5.666666666666667,4.666666666666667,5.666666666666667,4.0,True
3825764,2016-02-07,11,La Liga,27,2015/2016,male,Granada,Real Madrid,1,2,0,14,14,2,4,3,6,True,3825740|3825742|3825753,1.3333333333333333,2.6666666666666665,10.666666666666666,11.333333333333334,4.333333333333333,5.333333333333333,2.333333333333333,4.666666666666667,True,3825739|3825746|3825757,4.0,0.6666666666666666,18.33333333333333,9.666666666666666,8.0,3.6666666666666665,5.333333333333333,2.0,True
3825765,2016-02-07,11,La Liga,27,2015/2016,male,Celta Vigo,Sevilla,1,1,0,25,9,5,2,10,5,True,3825732|3825743|3825754,1.6666666666666667,2.6666666666666665,7.0,18.33333333333333,3.0,8.0,3.6666666666666665,5.666666666666667,True,3825733|3825748|3825756,1.6666666666666667,0.6666666666666666,9.666666666666666,19.0,4.333333333333333,4.0,5.333333333333333,7.0,True
3825766,2016-02-07,11,La Liga,27,2015/2016,male,Real Betis,Valencia,1,0,1,6,7,2,1,4,5,True,3825735|3825746|3825750,0.6666666666666666,1.0,9.333333333333334,13.333333333333334,1.6666666666666667,4.666666666666667,5.333333333333333,6.0,True,3825736|3825745|3825755,1.0,1.3333333333333333,13.666666666666666,11.666666666666666,3.6666666666666665,4.333333333333333,6.333333333333333,6.666666666666667,True
3825767,2016-02-08,11,La Liga,27,2015/2016,male,Espanyol,Real Sociedad,0,5,0,5,12,1,6,4,5,True,3825737|3825744|3825757,1.0,3.6666666666666665,13.0,17.0,5.666666666666667,5.666666666666667,3.6666666666666665,4.666666666666667,True,3825734|3825741|3825750,1.3333333333333333,2.333333333333333,12.0,9.333333333333334,4.333333333333333,4.0,4.333333333333333,4.666666666666667,True
3825768,2016-02-12,11,La Liga,27,2015/2016,male,Sporting Gijón,Rayo Vallecano,2,2,0,11,16,5,4,3,7,True,3825741|3825755|3825762,2.333333333333333,0.6666666666666666,11.0,10.666666666666666,4.333333333333333,3.6666666666666665,4.333333333333333,3.6666666666666665,True,3825743|3825758|3825763,2.333333333333333,0.6666666666666666,17.333333333333332,9.666666666666666,7.666666666666667,3.0,5.666666666666667,3.6666666666666665,True
3825769,2016-02-13,11,La Liga,27,2015/2016,male,Villarreal,Málaga,1,0,1,12,7,5,2,5,1,True,3825744|3825753|3825761,1.0,0.6666666666666666,9.666666666666666,9.666666666666666,4.666666666666667,3.0,6.333333333333333,2.6666666666666665,True,265894|3825752|3825759,2.0,1.0,10.0,9.0,5.666666666666667,3.333333333333333,3.333333333333333,3.333333333333333,True
3825770,2016-02-13,11,La Liga,27,2015/2016,male,Real Madrid,Athletic Club,4,2,1,19,11,10,5,5,2,True,3825746|3825757|3825764,3.0,0.6666666666666666,17.333333333333332,11.333333333333334,6.333333333333333,3.6666666666666665,6.0,1.6666666666666667,True,3825747|3825751|3825761,2.0,0.6666666666666666,11.333333333333334,7.333333333333333,3.0,2.333333333333333,5.666666666666667,4.0,True
3825771,2016-02-13,11,La Liga,27,2015/2016,male,RC Deportivo La Coruña,Real Betis,2,2,0,26,4,9,2,11,0,True,3825745|3825758|3825762,1.3333333333333333,1.3333333333333333,10.0,9.333333333333334,3.6666666666666665,3.0,5.333333333333333,4.666666666666667,True,3825746|3825750|3825766,1.0,1.0,6.333333333333333,12.666666666666666,1.6666666666666667,4.333333333333333,3.0,5.333333333333333,True
3825772,2016-02-13,11,La Liga,27,2015/2016,male,Valencia,Espanyol,2,1,1,18,20,5,7,9,9,True,3825745|3825755|3825766,0.3333333333333333,1.0,11.666666666666666,7.666666666666667,2.333333333333333,2.333333333333333,5.666666666666667,5.0,True,3825744|3825757|3825767,0.6666666666666666,4.333333333333333,10.333333333333334,14.666666666666666,4.333333333333333,6.0,2.6666666666666665,5.333333333333333,True
266254,2016-02-14,11,La Liga,27,2015/2016,male,Barcelona,Celta Vigo,6,1,1,20,10,10,5,1,1,True,265894|267576|266160,2.0,0.6666666666666666,10.666666666666666,11.666666666666666,4.333333333333333,4.666666666666667,5.333333333333333,4.0,True,3825743|3825754|3825765,0.6666666666666666,2.0,11.0,16.0,2.6666666666666665,6.0,4.666666666666667,6.666666666666667,True
3825773,2016-02-14,11,La Liga,27,2015/2016,male,Eibar,Levante UD,2,0,1,17,8,8,4,8,2,True,3825747|3825752|3825760,1.3333333333333333,3.333333333333333,8.666666666666666,10.0,2.333333333333333,4.333333333333333,1.6666666666666667,4.666666666666667,True,3825749|3825756|266160,1.3333333333333333,2.333333333333333,16.0,12.666666666666666,5.333333333333333,5.333333333333333,4.333333333333333,4.666666666666667,True
3825774,2016-02-14,11,La Liga,27,2015/2016,male,Getafe,Atlético Madrid,0,1,0,12,6,1,3,5,5,True,3825742|3825751|3825759,0.6666666666666666,2.333333333333333,8.333333333333334,14.333333333333334,2.333333333333333,5.666666666666667,5.333333333333333,4.666666666666667,True,3825748|267576|3825760,1.3333333333333333,1.0,13.666666666666666,7.666666666666667,3.333333333333333,2.6666666666666665,6.333333333333333,5.0,True
3825775,2016-02-14,11,La Liga,27,2015/2016,male,Real Sociedad,Granada,3,0,1,12,14,6,2,7,13,True,3825741|3825750|3825767,2.6666666666666665,2.0,10.666666666666666,8.666666666666666,4.333333333333333,3.0,3.0,4.666666666666667,True,3825742|3825753|3825764,1.3333333333333333,1.6666666666666667,14.0,12.0,4.666666666666667,4.333333333333333,2.6666666666666665,5.666666666666667,True
3825776,2016-02-14,11,La Liga,27,2015/2016,male,Sevilla,Las Palmas,2,0,1,9,11,5,4,8,3,True,3825748|3825756|3825765,1.3333333333333333,0.6666666666666666,10.0,22.666666666666668,4.0,4.333333333333333,5.0,9.0,True,3825749|3825754|3825763,1.3333333333333333,2.0,11.666666666666666,12.0,4.666666666666667,6.666666666666667,5.333333333333333,3.333333333333333,True
266815,2016-02-17,11,La Liga,27,2015/2016,male,Sporting Gijón,Barcelona,1,3,0,6,17,2,9,1,4,True,3825755|3825762|3825768,1.3333333333333333,1.0,10.333333333333334,13.0,3.6666666666666665,4.0,3.333333333333333,5.333333333333333,True,267576|266160|266254,3.333333333333333,0.6666666666666666,13.666666666666666,10.333333333333334,6.0,3.6666666666666665,4.666666666666667,3.0,True
3825777,2016-02-19,11,La Liga,27,2015/2016,male,Levante UD,Getafe,3,0,1,12,14,6,6,6,8,True,3825756|266160|3825773,0.3333333333333333,2.333333333333333,14.666666666666666,14.0,4.0,6.666666666666667,4.333333333333333,6.0,True,3825751|3825759|3825774,0.0,1.6666666666666667,9.333333333333334,9.666666666666666,2.0,3.6666666666666665,6.0,4.666666666666667,True
267273,2016-02-20,11,La Liga,27,2015/2016,male,Las Palmas,Barcelona,1,2,0,16,12,4,8,3,6,True,3825754|3825763|3825776,0.6666666666666666,1.6666666666666667,11.0,11.0,4.666666666666667,5.666666666666667,5.0,5.333333333333333,True,266160|266254|266815,3.6666666666666665,0.6666666666666666,16.0,10.0,7.666666666666667,3.333333333333333,3.333333333333333,1.3333333333333333,True
3825778,2016-02-20,11,La Liga,27,2015/2016,male,Real Betis,Sporting Gijón,1,1,0,18,5,5,3,10,4,True,3825750|3825766|3825771,1.3333333333333333,1.3333333333333333,6.0,14.666666666666666,1.6666666666666667,4.666666666666667,2.6666666666666665,6.0,True,3825762|3825768|266815,1.3333333333333333,2.0,9.333333333333334,12.666666666666666,3.333333333333333,6.0,2.6666666666666665,4.666666666666667,True
3825779,2016-02-20,11,La Liga,27,2015/2016,male,Celta Vigo,Eibar,3,2,1,14,7,9,3,6,1,True,3825754|3825765|266254,1.0,3.0,13.333333333333334,14.0,4.0,6.0,4.666666666666667,4.333333333333333,True,3825752|3825760|3825773,1.3333333333333333,1.6666666666666667,11.333333333333334,9.333333333333334,4.333333333333333,4.0,3.6666666666666665,3.0,True
3825780,2016-02-20,11,La Liga,27,2015/2016,male,Espanyol,RC Deportivo La Coruña,1,0,1,16,17,9,5,7,4,True,3825757|3825767|3825772,0.3333333333333333,4.333333333333333,13.333333333333334,16.0,5.0,6.0,4.666666666666667,5.666666666666667,True,3825758|3825762|3825771,1.6666666666666667,1.6666666666666667,16.0,7.333333333333333,6.0,2.6666666666666665,6.333333333333333,2.6666666666666665,True
3825781,2016-02-21,11,La Liga,27,2015/2016,male,Rayo Vallecano,Sevilla,2,2,0,14,16,4,7,3,17,True,3825758|3825763|3825768,2.0,1.3333333333333333,14.0,12.333333333333334,5.666666666666667,4.333333333333333,5.333333333333333,4.333333333333333,True,3825756|3825765|3825776,2.0,0.6666666666666666,10.666666666666666,19.33333333333333,5.0,4.666666666666667,6.0,7.333333333333333,True
3825782,2016-02-21,11,La Liga,27,2015/2016,male,Granada,Valencia,1,2,0,15,11,4,7,6,3,True,3825753|3825764|3825775,0.3333333333333333,2.0,12.0,13.0,2.333333333333333,5.666666666666667,5.333333333333333,7.0,True,3825755|3825766|3825772,0.6666666666666666,1.0,14.333333333333334,11.666666666666666,3.0,4.0,6.666666666666667,5.333333333333333,True
3825783,2016-02-21,11,La Liga,27,2015/2016,male,Athletic Club,Real Sociedad,0,1,0,10,9,2,4,9,3,True,3825751|3825761|3825770,1.0,1.3333333333333333,11.666666666666666,10.666666666666666,3.0,5.0,4.0,5.0,True,3825750|3825767|3825775,3.333333333333333,0.3333333333333333,11.666666666666666,9.0,5.333333333333333,1.3333333333333333,4.666666666666667,7.0,True
3825784,2016-02-21,11,La Liga,27,2015/2016,male,Atlético Madrid,Villarreal,0,0,0,12,5,5,0,10,2,True,267576|3825760|3825774,1.6666666666666667,1.0,8.666666666666666,9.333333333333334,3.333333333333333,2.333333333333333,5.333333333333333,5.0,True,3825753|3825761|3825769,0.6666666666666666,0.0,9.0,8.333333333333334,4.666666666666667,2.0,5.333333333333333,2.0,True
3825785,2016-02-21,11,La Liga,27,2015/2016,male,Málaga,Real Madrid,1,1,0,11,14,5,7,6,6,True,3825752|3825759|3825769,1.6666666666666667,0.6666666666666666,7.666666666666667,9.333333333333334,3.6666666666666665,3.333333333333333,2.333333333333333,4.0,True,3825757|3825764|3825770,4.0,1.0,17.0,13.333333333333334,7.0,4.666666666666667,4.666666666666667,2.0,True
3825786,2016-02-26,11,La Liga,27,2015/2016,male,Eibar,Las Palmas,0,1,0,10,12,4,4,6,6,True,3825760|3825773|3825779,1.6666666666666667,2.0,10.0,11.666666666666666,4.333333333333333,5.666666666666667,3.6666666666666665,4.333333333333333,True,3825763|3825776|267273,0.3333333333333333,2.0,12.0,13.333333333333334,4.0,7.666666666666667,3.6666666666666665,6.333333333333333,True
3825787,2016-02-27,11,La Liga,27,2015/2016,male,Real Madrid,Atlético Madrid,0,1,0,15,10,4,5,2,5,True,3825764|3825770|3825785,2.333333333333333,1.3333333333333333,15.666666666666666,12.0,7.0,4.0,5.666666666666667,3.6666666666666665,True,3825760|3825774|3825784,1.3333333333333333,0.3333333333333333,10.333333333333334,7.666666666666667,4.0,1.0,6.666666666666667,3.0,True
3825788,2016-02-27,11,La Liga,27,2015/2016,male,Getafe,Celta Vigo,0,1,0,14,9,2,2,4,5,True,3825759|3825774|3825777,0.0,2.333333333333333,10.333333333333334,9.0,3.0,4.666666666666667,6.333333333333333,5.0,True,3825765|266254|3825779,1.6666666666666667,3.0,16.333333333333332,12.0,6.333333333333333,5.0,5.666666666666667,2.333333333333333,True
3825789,2016-02-27,11,La Liga,27,2015/2016,male,Real Sociedad,Málaga,1,1,0,11,8,3,3,8,3,True,3825767|3825775|3825783,3.0,0.0,11.0,9.666666666666666,5.333333333333333,1.6666666666666667,5.0,8.666666666666666,True,3825759|3825769|3825785,1.3333333333333333,0.6666666666666666,9.0,10.333333333333334,4.0,4.666666666666667,3.6666666666666665,5.666666666666667,True
3825790,2016-02-27,11,La Liga,27,2015/2016,male,Sporting Gijón,Espanyol,2,4,0,14,12,5,7,5,2,True,3825768|266815|3825778,1.3333333333333333,2.0,7.333333333333333,17.0,3.333333333333333,6.0,2.6666666666666665,7.0,True,3825767|3825772|3825780,0.6666666666666666,2.333333333333333,13.666666666666666,15.666666666666666,5.666666666666667,5.333333333333333,6.666666666666667,6.0,True
3825791,2016-02-27,11,La Liga,27,2015/2016,male,Real Betis,Rayo Vallecano,2,2,0,20,11,4,4,8,8,True,3825766|3825771|3825778,1.3333333333333333,1.0,9.333333333333334,12.666666666666666,3.0,4.333333333333333,4.666666666666667,6.666666666666667,True,3825763|3825768|3825781,2.0,1.3333333333333333,16.333333333333332,12.0,6.0,5.333333333333333,5.0,8.333333333333334,True
265839,2016-02-28,11,La Liga,27,2015/2016,male,Barcelona,Sevilla,2,1,1,15,12,8,3,6,7,True,266254|266815|267273,3.6666666666666665,1.0,16.333333333333332,10.666666666666666,9.0,3.6666666666666665,3.6666666666666665,1.6666666666666667,True,3825765|3825776|3825781,1.6666666666666667,1.0,11.333333333333334,16.666666666666668,4.666666666666667,4.333333333333333,10.0,5.333333333333333,True
3825792,2016-02-28,11,La Liga,27,2015/2016,male,RC Deportivo La Coruña,Granada,0,1,0,14,10,2,3,6,6,True,3825762|3825771|3825780,1.0,1.3333333333333333,16.0,10.333333333333334,6.333333333333333,4.666666666666667,6.0,3.6666666666666665,True,3825764|3825775|3825782,0.6666666666666666,2.333333333333333,14.333333333333334,12.333333333333334,2.6666666666666665,5.666666666666667,7.333333333333333,5.333333333333333,True
3825793,2016-02-28,11,La Liga,27,2015/2016,male,Valencia,Athletic Club,0,3,0,9,13,3,4,7,7,True,3825766|3825772|3825782,1.3333333333333333,1.0,12.0,13.666666666666666,4.333333333333333,4.333333333333333,5.666666666666667,6.333333333333333,True,3825761|3825770|3825783,0.6666666666666666,1.6666666666666667,10.333333333333334,10.0,2.6666666666666665,5.333333333333333,5.333333333333333,3.6666666666666665,True
3825794,2016-02-28,11,La Liga,27,2015/2016,male,Villarreal,Levante UD,3,0,1,9,8,3,1,3,4,True,3825761|3825769|3825784,0.3333333333333333,0.0,6.333333333333333,9.666666666666666,2.333333333333333,2.6666666666666665,3.333333333333333,5.333333333333333,True,266160|3825773|3825777,1.0,1.3333333333333333,11.333333333333334,14.0,4.333333333333333,6.0,3.333333333333333,7.0,True
3825795,2016-03-01,11,La Liga,27,2015/2016,male,Atlético Madrid,Real Sociedad,3,0,1,14,7,5,1,8,1,True,3825774|3825784|3825787,0.6666666666666666,0.0,9.333333333333334,10.666666666666666,4.333333333333333,1.6666666666666667,6.666666666666667,3.0,True,3825775|3825783|3825789,1.6666666666666667,0.3333333333333333,10.666666666666666,10.666666666666666,4.333333333333333,2.333333333333333,6.0,8.333333333333334,True
3825796,2016-03-01,11,La Liga,27,2015/2016,male,Las Palmas,Getafe,4,0,1,12,10,5,2,2,6,True,3825776|267273|3825786,0.6666666666666666,1.3333333333333333,13.0,10.333333333333334,4.0,5.666666666666667,4.0,6.666666666666667,True,3825774|3825777|3825788,0.0,1.6666666666666667,13.333333333333334,9.0,3.0,3.6666666666666665,5.666666666666667,5.333333333333333,True
3825797,2016-03-02,11,La Liga,27,2015/2016,male,Athletic Club,RC Deportivo La Coruña,4,1,1,13,8,6,4,1,2,True,3825770|3825783|3825793,1.6666666666666667,1.6666666666666667,11.333333333333334,12.333333333333334,3.6666666666666665,5.666666666666667,6.0,5.0,True,3825771|3825780|3825792,0.6666666666666666,1.3333333333333333,19.0,10.0,5.333333333333333,4.666666666666667,7.0,4.333333333333333,True
3825798,2016-03-02,11,La Liga,27,2015/2016,male,Levante UD,Real Madrid,1,3,0,12,21,4,9,3,10,True,3825773|3825777|3825794,1.0,1.6666666666666667,9.333333333333334,13.333333333333334,3.6666666666666665,5.666666666666667,4.0,6.333333333333333,True,3825770|3825785|3825787,1.6666666666666667,1.3333333333333333,16.0,10.666666666666666,7.0,5.0,4.333333333333333,4.333333333333333,True
3825799,2016-03-02,11,La Liga,27,2015/2016,male,Málaga,Valencia,1,2,0,10,12,1,3,4,5,True,3825769|3825785|3825789,0.6666666666666666,1.0,8.666666666666666,12.333333333333334,3.333333333333333,5.0,3.333333333333333,6.333333333333333,True,3825772|3825782|3825793,1.3333333333333333,1.6666666666666667,12.666666666666666,16.0,5.0,5.0,6.333333333333333,7.333333333333333,True
3825800,2016-03-02,11,La Liga,27,2015/2016,male,Celta Vigo,Villarreal,0,0,0,11,6,4,3,9,2,True,266254|3825779|3825788,1.6666666666666667,2.6666666666666665,11.0,13.666666666666666,5.333333333333333,5.0,4.0,2.0,True,3825769|3825784|3825794,1.3333333333333333,0.0,8.666666666666666,9.0,2.6666666666666665,2.6666666666666665,3.333333333333333,5.0,True
3825801,2016-03-02,11,La Liga,27,2015/2016,male,Sevilla,Eibar,1,0,1,15,12,4,6,12,6,True,3825776|3825781|265839,1.6666666666666667,1.3333333333333333,12.333333333333334,13.333333333333334,5.0,5.333333333333333,10.666666666666666,4.0,True,3825773|3825779|3825786,1.3333333333333333,1.3333333333333333,11.333333333333334,11.333333333333334,5.0,5.666666666666667,5.0,4.666666666666667,True
266653,2016-03-03,11,La Liga,27,2015/2016,male,Rayo Vallecano,Barcelona,1,5,0,8,21,4,9,3,5,True,3825768|3825781|3825791,2.0,2.0,13.666666666666666,15.666666666666666,4.0,5.333333333333333,6.0,9.333333333333334,True,266815|267273|265839,2.333333333333333,1.0,14.666666666666666,11.333333333333334,8.333333333333334,3.0,5.333333333333333,3.6666666666666665,True
3825802,2016-03-03,11,La Liga,27,2015/2016,male,Espanyol,Real Betis,0,3,0,19,9,3,6,5,0,True,3825772|3825780|3825790,2.0,1.3333333333333333,16.0,16.333333333333332,7.666666666666667,5.0,6.0,6.0,True,3825771|3825778|3825791,1.6666666666666667,1.6666666666666667,14.0,14.0,3.6666666666666665,5.333333333333333,6.0,7.666666666666667,True
3825803,2016-03-03,11,La Liga,27,2015/2016,male,Granada,Sporting Gijón,2,0,1,14,4,8,0,4,1,True,3825775|3825782|3825792,0.6666666666666666,1.6666666666666667,13.0,12.333333333333334,3.0,5.0,8.333333333333334,5.333333333333333,True,266815|3825778|3825790,1.3333333333333333,2.6666666666666665,8.333333333333334,15.666666666666666,3.333333333333333,7.0,3.333333333333333,5.333333333333333,True
3825804,2016-03-05,11,La Liga,27,2015/2016,male,RC Deportivo La Coruña,Málaga,3,3,0,15,5,6,2,10,4,True,3825780|3825792|3825797,0.3333333333333333,2.0,13.0,13.0,3.6666666666666665,6.0,4.0,4.666666666666667,True,3825785|3825789|3825799,1.0,1.3333333333333333,9.666666666666666,12.333333333333334,3.0,4.333333333333333,4.333333333333333,6.333333333333333,True
3825805,2016-03-05,11,La Liga,27,2015/2016,male,Villarreal,Las Palmas,0,1,0,12,10,2,3,6,2,True,3825784|3825794|3825800,1.0,0.0,6.666666666666667,10.333333333333334,2.0,3.333333333333333,2.333333333333333,7.666666666666667,True,267273|3825786|3825796,2.0,0.6666666666666666,13.333333333333334,10.666666666666666,4.333333333333333,4.666666666666667,3.6666666666666665,6.0,True
3825806,2016-03-05,11,La Liga,27,2015/2016,male,Real Madrid,Celta Vigo,7,1,1,20,8,12,3,10,5,True,3825785|3825787|3825798,1.3333333333333333,1.0,16.666666666666668,11.0,6.666666666666667,4.666666666666667,6.0,4.666666666666667,True,3825779|3825788|3825800,1.3333333333333333,0.6666666666666666,11.333333333333334,9.0,5.0,2.6666666666666665,6.666666666666667,2.333333333333333,True
3825867,2016-03-05,11,La Liga,27,2015/2016,male,Getafe,Sevilla,1,1,0,14,7,4,4,10,9,True,3825777|3825788|3825796,0.0,2.6666666666666665,12.666666666666666,11.0,3.333333333333333,4.333333333333333,6.0,4.333333333333333,True,3825781|265839|3825801,1.3333333333333333,1.3333333333333333,14.333333333333334,13.666666666666666,4.666666666666667,6.0,12.0,5.0,True
266056,2016-03-06,11,La Liga,27,2015/2016,male,Eibar,Barcelona,0,4,0,7,10,0,7,6,2,True,3825779|3825786|3825801,0.6666666666666666,1.6666666666666667,9.666666666666666,13.666666666666666,4.333333333333333,5.666666666666667,4.333333333333333,8.0,True,267273|265839|266653,3.0,1.0,16.0,12.0,8.333333333333334,3.6666666666666665,5.666666666666667,4.333333333333333,True
3825807,2016-03-06,11,La Liga,27,2015/2016,male,Valencia,Atlético Madrid,1,3,0,10,21,3,5,6,7,True,3825782|3825793|3825799,1.3333333333333333,1.6666666666666667,10.666666666666666,12.666666666666666,4.333333333333333,3.0,5.0,5.666666666666667,True,3825784|3825787|3825795,1.3333333333333333,0.0,12.0,9.0,5.0,1.6666666666666667,7.666666666666667,1.6666666666666667,True
3825808,2016-03-06,11,La Liga,27,2015/2016,male,Sporting Gijón,Athletic Club,0,2,0,5,11,1,6,3,0,True,3825778|3825790|3825803,1.0,2.333333333333333,7.666666666666667,14.666666666666666,2.6666666666666665,6.666666666666667,3.333333333333333,5.333333333333333,True,3825783|3825793|3825797,2.333333333333333,0.6666666666666666,12.0,8.666666666666666,4.0,3.6666666666666665,5.666666666666667,4.0,True
3825809,2016-03-06,11,La Liga,27,2015/2016,male,Real Betis,Granada,2,0,1,11,10,4,4,6,4,True,3825778|3825791|3825802,2.0,1.0,15.666666666666666,11.666666666666666,5.0,3.333333333333333,6.0,5.666666666666667,True,3825782|3825792|3825803,1.3333333333333333,0.6666666666666666,13.0,9.666666666666666,5.0,3.0,5.333333333333333,3.333333333333333,True
3825810,2016-03-06,11,La Liga,27,2015/2016,male,Real Sociedad,Levante UD,1,1,0,15,10,3,3,10,3,True,3825783|3825789|3825795,0.6666666666666666,1.3333333333333333,9.0,10.666666666666666,2.6666666666666665,3.333333333333333,4.0,6.666666666666667,True,3825777|3825794|3825798,1.3333333333333333,2.0,10.666666666666666,14.666666666666666,3.6666666666666665,6.0,4.333333333333333,7.0,True
3825811,2016-03-07,11,La Liga,27,2015/2016,male,Espanyol,Rayo Vallecano,2,1,1,9,7,7,1,8,3,True,3825780|3825790|3825802,1.6666666666666667,1.6666666666666667,15.666666666666666,13.333333333333334,6.333333333333333,5.333333333333333,4.666666666666667,3.0,True,3825781|3825791|266653,1.6666666666666667,3.0,11.0,19.0,4.0,6.666666666666667,4.666666666666667,10.0,True
3825812,2016-03-11,11,La Liga,27,2015/2016,male,Málaga,Sporting Gijón,1,0,1,13,9,2,4,3,4,True,3825789|3825799|3825804,1.6666666666666667,2.0,7.666666666666667,12.666666666666666,2.0,4.0,3.6666666666666665,7.666666666666667,True,3825790|3825803|3825808,0.6666666666666666,2.6666666666666665,7.666666666666667,12.333333333333334,2.0,7.0,3.0,2.0,True
266498,2016-03-12,11,La Liga,27,2015/2016,male,Barcelona,Getafe,6,0,1,15,6,9,1,5,3,True,265839|266653|266056,3.6666666666666665,0.6666666666666666,15.333333333333334,9.0,8.0,2.333333333333333,4.333333333333333,5.333333333333333,True,3825788|3825796|3825867,0.3333333333333333,2.0,12.666666666666666,9.333333333333334,2.6666666666666665,3.6666666666666665,6.666666666666667,5.333333333333333,True
3825813,2016-03-12,11,La Liga,27,2015/2016,male,Atlético Madrid,RC Deportivo La Coruña,3,0,1,16,6,7,1,10,1,True,3825787|3825795|3825807,2.333333333333333,0.3333333333333333,15.0,10.666666666666666,5.0,2.6666666666666665,6.666666666666667,3.0,True,3825792|3825797|3825804,1.3333333333333333,2.6666666666666665,12.333333333333334,9.333333333333334,4.0,3.6666666666666665,6.0,3.6666666666666665,True
3825814,2016-03-12,11,La Liga,27,2015/2016,male,Celta Vigo,Real Sociedad,1,0,1,7,15,1,6,5,3,True,3825788|3825800|3825806,0.6666666666666666,2.333333333333333,9.333333333333334,13.333333333333334,3.0,5.666666666666667,6.333333333333333,5.333333333333333,True,3825789|3825795|3825810,0.6666666666666666,1.6666666666666667,11.0,10.666666666666666,2.333333333333333,3.6666666666666665,6.333333333333333,4.666666666666667,True
3825858,2016-03-12,11,La Liga,27,2015/2016,male,Rayo Vallecano,Eibar,1,1,0,12,7,3,1,8,0,True,3825791|266653|3825811,1.3333333333333333,3.0,8.666666666666666,16.666666666666668,3.0,6.666666666666667,4.666666666666667,7.0,True,3825786|3825801|266056,0.0,2.0,9.666666666666666,12.333333333333334,3.333333333333333,5.0,6.0,6.666666666666667,True
3825815,2016-03-13,11,La Liga,27,2015/2016,male,Levante UD,Valencia,1,0,1,14,6,6,1,8,0,True,3825794|3825798|3825810,0.6666666666666666,2.333333333333333,10.0,15.0,2.6666666666666665,5.0,3.333333333333333,7.666666666666667,True,3825793|3825799|3825807,1.0,2.333333333333333,10.333333333333334,14.666666666666666,3.0,3.333333333333333,6.0,6.0,True
3825816,2016-03-13,11,La Liga,27,2015/2016,male,Sevilla,Villarreal,4,2,1,14,13,4,5,5,8,True,265839|3825801|3825867,1.0,1.0,11.333333333333334,13.666666666666666,3.6666666666666665,6.0,9.333333333333334,7.333333333333333,True,3825794|3825800|3825805,1.0,0.3333333333333333,9.0,9.666666666666666,2.6666666666666665,2.6666666666666665,3.6666666666666665,5.0,True
3825844,2016-03-13,11,La Liga,27,2015/2016,male,Athletic Club,Real Betis,3,1,1,19,3,9,1,5,6,True,3825793|3825797|3825808,3.0,0.3333333333333333,12.333333333333334,7.333333333333333,5.333333333333333,2.6666666666666665,2.6666666666666665,4.0,True,3825791|3825802|3825809,2.333333333333333,0.6666666666666666,13.333333333333334,13.333333333333334,4.666666666666667,3.6666666666666665,4.666666666666667,5.666666666666667,True
3825879,2016-03-13,11,La Liga,27,2015/2016,male,Las Palmas,Real Madrid,1,2,0,15,12,5,4,6,5,True,3825786|3825796|3825805,2.0,0.0,11.333333333333334,10.666666666666666,4.0,2.6666666666666665,3.333333333333333,6.0,True,3825787|3825798|3825806,3.333333333333333,1.0,18.666666666666668,10.0,8.333333333333334,4.0,7.333333333333333,4.333333333333333,True
3825881,2016-03-14,11,La Liga,27,2015/2016,male,Granada,Espanyol,1,1,0,8,10,1,2,2,8,True,3825792|3825803|3825809,1.0,0.6666666666666666,11.333333333333334,9.666666666666666,5.0,2.0,4.666666666666667,4.333333333333333,True,3825790|3825802|3825811,2.0,2.0,13.333333333333334,10.0,5.666666666666667,4.0,5.0,2.6666666666666665,True
3825817,2016-03-18,11,La Liga,27,2015/2016,male,Getafe,Eibar,1,1,0,8,20,4,6,3,3,True,3825796|3825867|266498,0.3333333333333333,3.6666666666666665,10.0,11.333333333333334,2.333333333333333,6.0,6.333333333333333,5.333333333333333,True,3825801|266056|3825858,0.3333333333333333,2.0,8.666666666666666,12.333333333333334,2.333333333333333,4.666666666666667,4.0,7.333333333333333,True
3825818,2016-03-19,11,La Liga,27,2015/2016,male,Real Sociedad,Las Palmas,0,1,0,15,13,3,7,11,5,True,3825795|3825810|3825814,0.3333333333333333,1.6666666666666667,12.333333333333334,10.333333333333334,3.333333333333333,3.0,4.666666666666667,5.333333333333333,True,3825796|3825805|3825879,2.0,0.6666666666666666,12.333333333333334,11.333333333333334,4.333333333333333,2.6666666666666665,3.333333333333333,5.666666666666667,True
3825880,2016-03-19,11,La Liga,27,2015/2016,male,RC Deportivo La Coruña,Levante UD,2,1,1,14,7,7,1,2,1,True,3825797|3825804|3825813,1.3333333333333333,3.333333333333333,9.666666666666666,11.333333333333334,3.6666666666666665,5.0,4.333333333333333,5.0,True,3825798|3825810|3825815,1.0,1.3333333333333333,12.0,14.0,4.333333333333333,4.333333333333333,4.666666666666667,6.666666666666667,True
3825887,2016-03-19,11,La Liga,27,2015/2016,male,Granada,Rayo Vallecano,2,2,0,11,22,2,6,6,12,True,3825803|3825809|3825881,1.0,1.0,10.666666666666666,8.333333333333334,4.333333333333333,2.0,3.333333333333333,5.0,True,266653|3825811|3825858,1.0,2.6666666666666665,9.0,12.333333333333334,2.6666666666666665,5.666666666666667,4.666666666666667,4.333333333333333,True
3825903,2016-03-19,11,La Liga,27,2015/2016,male,Real Betis,Málaga,0,1,0,16,14,5,5,5,7,True,3825802|3825809|3825844,2.0,1.0,7.666666666666667,16.0,3.6666666666666665,5.333333333333333,4.0,4.666666666666667,True,3825799|3825804|3825812,1.6666666666666667,1.6666666666666667,9.333333333333334,12.0,1.6666666666666667,4.333333333333333,3.6666666666666665,6.333333333333333,True
3825907,2016-03-19,11,La Liga,27,2015/2016,male,Sporting Gijón,Atlético Madrid,2,1,1,12,4,3,1,7,2,True,3825803|3825808|3825812,0.0,1.6666666666666667,6.0,12.666666666666666,1.6666666666666667,5.333333333333333,2.6666666666666665,2.333333333333333,True,3825795|3825807|3825813,3.0,0.3333333333333333,17.0,7.666666666666667,5.666666666666667,1.6666666666666667,8.333333333333334,2.6666666666666665,True
266106,2016-03-20,11,La Liga,27,2015/2016,male,Villarreal,Barcelona,2,2,0,15,15,6,6,4,4,True,3825800|3825805|3825816,0.6666666666666666,1.6666666666666667,10.333333333333334,11.666666666666666,3.333333333333333,3.6666666666666665,5.333333333333333,5.333333333333333,True,266653|266056|266498,5.0,0.3333333333333333,15.333333333333334,7.0,8.333333333333334,1.6666666666666667,4.0,4.0,True
3825819,2016-03-20,11,La Liga,27,2015/2016,male,Valencia,Celta Vigo,0,2,0,14,13,4,6,4,5,True,3825799|3825807|3825815,1.0,1.6666666666666667,9.333333333333334,15.0,2.333333333333333,4.0,3.6666666666666665,6.333333333333333,True,3825800|3825806|3825814,0.6666666666666666,2.333333333333333,8.666666666666666,13.666666666666666,2.6666666666666665,7.0,6.333333333333333,5.0,True
3825820,2016-03-20,11,La Liga,27,2015/2016,male,Real Madrid,Sevilla,4,0,1,26,8,11,4,8,8,True,3825798|3825806|3825879,4.0,1.0,17.666666666666668,11.666666666666666,8.333333333333334,4.0,8.333333333333334,4.666666666666667,True,3825801|3825867|3825816,2.0,1.0,12.0,13.0,4.0,5.0,8.666666666666666,8.0,True
3825821,2016-03-20,11,La Liga,27,2015/2016,male,Espanyol,Athletic Club,2,1,1,17,13,7,4,6,2,True,3825802|3825811|3825881,1.0,1.6666666666666667,12.666666666666666,8.0,4.0,2.6666666666666665,7.0,1.6666666666666667,True,3825797|3825808|3825844,3.0,0.6666666666666666,14.333333333333334,5.333333333333333,7.0,2.0,2.0,3.6666666666666665,True
3825885,2016-04-01,11,La Liga,27,2015/2016,male,Rayo Vallecano,Getafe,2,0,1,15,15,8,3,9,6,True,3825811|3825858|3825887,1.3333333333333333,1.6666666666666667,13.666666666666666,9.0,3.333333333333333,3.333333333333333,7.666666666666667,4.666666666666667,True,3825867|266498|3825817,0.6666666666666666,2.6666666666666665,9.333333333333334,14.0,3.0,6.333333333333333,5.333333333333333,5.666666666666667,True
267533,2016-04-02,11,La Liga,27,2015/2016,male,Barcelona,Real Madrid,1,2,0,14,15,3,6,4,3,True,266056|266498|266106,4.0,0.6666666666666666,13.333333333333334,9.333333333333334,7.333333333333333,2.333333333333333,3.6666666666666665,4.333333333333333,True,3825806|3825879|3825820,4.333333333333333,0.6666666666666666,19.33333333333333,10.333333333333334,9.0,4.0,7.666666666666667,6.333333333333333,True
3825822,2016-04-02,11,La Liga,27,2015/2016,male,Las Palmas,Valencia,2,1,1,13,8,6,3,8,2,True,3825805|3825879|3825818,1.0,0.6666666666666666,12.666666666666666,13.0,5.0,3.0,4.333333333333333,7.333333333333333,True,3825807|3825815|3825819,0.3333333333333333,2.0,10.0,16.0,2.6666666666666665,5.666666666666667,3.333333333333333,6.666666666666667,True
3825872,2016-04-02,11,La Liga,27,2015/2016,male,Atlético Madrid,Real Betis,5,1,1,17,8,11,5,5,5,True,3825807|3825813|3825907,2.333333333333333,1.0,13.666666666666666,9.333333333333334,4.333333333333333,2.333333333333333,6.333333333333333,4.666666666666667,True,3825809|3825844|3825903,1.0,1.3333333333333333,10.0,14.333333333333334,3.333333333333333,6.0,5.666666666666667,5.333333333333333,True
3825898,2016-04-02,11,La Liga,27,2015/2016,male,Celta Vigo,RC Deportivo La Coruña,1,1,0,9,7,2,3,11,0,True,3825806|3825814|3825819,1.3333333333333333,2.333333333333333,9.333333333333334,16.333333333333332,3.333333333333333,7.333333333333333,5.0,5.666666666666667,True,3825804|3825813|3825880,1.6666666666666667,2.333333333333333,11.666666666666666,9.333333333333334,4.666666666666667,3.333333333333333,4.333333333333333,5.0,True
3825823,2016-04-03,11,La Liga,27,2015/2016,male,Sevilla,Real Sociedad,1,2,0,15,8,6,2,8,3,True,3825867|3825816|3825820,1.6666666666666667,2.333333333333333,9.666666666666666,17.666666666666668,4.0,6.666666666666667,7.333333333333333,8.666666666666666,True,3825810|3825814|3825818,0.3333333333333333,1.0,15.0,10.0,4.0,3.6666666666666665,8.0,4.333333333333333,True
3825824,2016-04-03,11,La Liga,27,2015/2016,male,Eibar,Villarreal,1,2,0,12,8,3,4,4,3,True,266056|3825858|3825817,0.6666666666666666,2.0,11.333333333333334,10.0,2.333333333333333,4.666666666666667,3.0,4.333333333333333,True,3825805|3825816|266106,1.3333333333333333,2.333333333333333,13.333333333333334,13.0,4.333333333333333,4.333333333333333,6.0,3.6666666666666665,True
3825877,2016-04-03,11,La Liga,27,2015/2016,male,Athletic Club,Granada,1,1,0,8,9,1,3,13,1,True,3825808|3825844|3825821,2.0,1.0,14.333333333333334,8.333333333333334,6.333333333333333,3.0,2.333333333333333,5.0,True,3825809|3825881|3825887,1.0,1.6666666666666667,9.666666666666666,14.333333333333334,2.333333333333333,4.0,4.0,8.666666666666666,True
3825905,2016-04-03,11,La Liga,27,2015/2016,male,Málaga,Espanyol,1,1,0,11,6,5,1,5,1,True,3825804|3825812|3825903,1.6666666666666667,1.0,10.666666666666666,13.333333333333334,3.0,5.0,4.666666666666667,6.333333333333333,True,3825811|3825881|3825821,1.6666666666666667,1.0,12.0,9.333333333333334,5.333333333333333,2.0,7.333333333333333,2.333333333333333,True
3825825,2016-04-04,11,La Liga,27,2015/2016,male,Levante UD,Sporting Gijón,0,0,0,17,11,4,1,4,6,True,3825810|3825815|3825880,1.0,1.0,10.333333333333334,11.666666666666666,3.333333333333333,3.6666666666666665,4.0,4.0,True,3825808|3825812|3825907,0.6666666666666666,1.3333333333333333,8.666666666666666,9.333333333333334,2.6666666666666665,3.0,4.666666666666667,1.6666666666666667,True
3825826,2016-04-08,11,La Liga,27,2015/2016,male,Granada,Málaga,0,0,0,8,9,1,3,5,5,True,3825881|3825887|3825877,1.3333333333333333,1.3333333333333333,9.333333333333334,13.333333333333334,2.0,3.0,3.0,11.0,True,3825812|3825903|3825905,1.0,0.3333333333333333,12.666666666666666,10.333333333333334,4.0,3.333333333333333,5.0,3.333333333333333,True
266664,2016-04-09,11,La Liga,27,2015/2016,male,Real Sociedad,Barcelona,1,0,1,5,13,1,6,5,9,True,3825814|3825818|3825823,0.6666666666666666,1.0,12.666666666666666,11.666666666666666,3.6666666666666665,4.666666666666667,5.666666666666667,6.0,True,266498|266106|267533,3.0,1.3333333333333333,14.666666666666666,12.0,6.0,4.333333333333333,4.333333333333333,3.333333333333333,True
3825827,2016-04-09,11,La Liga,27,2015/2016,male,Real Betis,Levante UD,1,0,1,7,12,2,3,4,3,True,3825844|3825903|3825872,0.6666666666666666,3.0,9.0,16.666666666666668,3.6666666666666665,8.333333333333334,5.333333333333333,5.666666666666667,True,3825815|3825880|3825825,0.6666666666666666,0.6666666666666666,12.666666666666666,10.333333333333334,3.6666666666666665,3.0,4.333333333333333,2.6666666666666665,True
3825828,2016-04-09,11,La Liga,27,2015/2016,male,Espanyol,Atlético Madrid,1,3,0,10,14,4,5,3,5,True,3825881|3825821|3825905,1.3333333333333333,1.0,11.0,10.666666666666666,3.333333333333333,3.333333333333333,5.0,3.0,True,3825813|3825907|3825872,3.0,1.0,12.333333333333334,8.666666666666666,6.333333333333333,3.0,5.666666666666667,4.333333333333333,True
3825856,2016-04-09,11,La Liga,27,2015/2016,male,Real Madrid,Eibar,4,0,1,15,9,6,2,6,7,True,3825879|3825820|267533,2.6666666666666665,0.6666666666666666,17.666666666666668,12.333333333333334,7.0,4.0,5.333333333333333,6.0,True,3825858|3825817|3825824,1.0,1.3333333333333333,13.0,9.333333333333334,3.333333333333333,3.6666666666666665,2.333333333333333,4.666666666666667,True
3825829,2016-04-10,11,La Liga,27,2015/2016,male,Athletic Club,Rayo Vallecano,1,0,1,14,12,7,4,0,5,True,3825844|3825821|3825877,1.6666666666666667,1.3333333333333333,13.333333333333334,9.666666666666666,4.666666666666667,3.6666666666666665,6.666666666666667,4.333333333333333,True,3825858|3825887|3825885,1.6666666666666667,1.0,16.333333333333332,11.0,5.666666666666667,2.0,9.666666666666666,4.0,True
3825830,2016-04-10,11,La Liga,27,2015/2016,male,Villarreal,Getafe,2,0,1,13,17,3,3,8,5,True,3825816|266106|3825824,2.0,2.333333333333333,12.0,13.666666666666666,5.0,4.333333333333333,5.0,4.333333333333333,True,266498|3825817|3825885,0.3333333333333333,3.0,9.666666666666666,16.666666666666668,2.6666666666666665,7.666666666666667,4.0,5.666666666666667,True
3825831,2016-04-10,11,La Liga,27,2015/2016,male,Valencia,Sevilla,2,1,1,23,7,8,4,10,3,True,3825815|3825819|3825822,0.3333333333333333,1.6666666666666667,9.333333333333334,13.333333333333334,2.6666666666666665,6.0,2.0,7.0,True,3825816|3825820|3825823,1.6666666666666667,2.6666666666666665,12.333333333333334,15.666666666666666,4.666666666666667,6.0,7.0,6.333333333333333,True
3825832,2016-04-10,11,La Liga,27,2015/2016,male,Sporting Gijón,Celta Vigo,0,1,0,11,17,3,5,7,7,True,3825812|3825907|3825825,0.6666666666666666,0.6666666666666666,10.666666666666666,11.333333333333334,2.6666666666666665,2.333333333333333,5.666666666666667,3.0,True,3825814|3825819|3825898,1.3333333333333333,0.3333333333333333,9.666666666666666,12.0,3.0,4.333333333333333,7.0,2.333333333333333,True
3825863,2016-04-11,11,La Liga,27,2015/2016,male,RC Deportivo La Coruña,Las Palmas,1,3,0,19,13,6,6,7,4,True,3825813|3825880|3825898,1.0,1.6666666666666667,9.0,10.666666666666666,3.6666666666666665,3.333333333333333,1.0,7.333333333333333,True,3825879|3825818|3825822,1.3333333333333333,1.0,13.666666666666666,11.666666666666666,6.0,3.333333333333333,6.333333333333333,6.0,True
3825857,2016-04-15,11,La Liga,27,2015/2016,male,Levante UD,Espanyol,2,1,1,12,10,4,2,4,6,True,3825880|3825825|3825827,0.3333333333333333,1.0,12.0,10.666666666666666,2.6666666666666665,3.333333333333333,2.6666666666666665,4.0,True,3825821|3825905|3825828,1.3333333333333333,1.6666666666666667,11.0,12.666666666666666,4.0,4.666666666666667,3.333333333333333,4.0,True
3825833,2016-04-16,11,La Liga,27,2015/2016,male,Getafe,Real Madrid,1,5,0,13,22,4,11,5,6,True,3825817|3825885|3825830,0.3333333333333333,1.6666666666666667,13.333333333333334,16.0,3.333333333333333,5.666666666666667,4.666666666666667,6.666666666666667,True,3825820|267533|3825856,3.333333333333333,0.3333333333333333,18.666666666666668,10.333333333333334,7.666666666666667,3.0,5.666666666666667,6.333333333333333,True
3825852,2016-04-16,11,La Liga,27,2015/2016,male,Las Palmas,Sporting Gijón,1,1,0,10,12,4,2,3,10,True,3825818|3825822|3825863,2.0,0.6666666666666666,13.0,14.0,6.333333333333333,4.0,5.666666666666667,6.666666666666667,True,3825907|3825825|3825832,0.6666666666666666,0.6666666666666666,11.333333333333334,12.666666666666666,2.333333333333333,3.333333333333333,6.666666666666667,4.333333333333333,True
3825889,2016-04-16,11,La Liga,27,2015/2016,male,Celta Vigo,Real Betis,1,1,0,18,10,5,4,12,3,True,3825819|3825898|3825832,1.3333333333333333,0.3333333333333333,13.0,10.666666666666666,4.333333333333333,3.333333333333333,7.666666666666667,3.6666666666666665,True,3825903|3825872|3825827,0.6666666666666666,2.0,10.333333333333334,14.333333333333334,4.0,6.333333333333333,4.666666666666667,5.0,True
3825897,2016-04-16,11,La Liga,27,2015/2016,male,Eibar,Real Sociedad,2,1,1,8,7,4,3,2,0,True,3825817|3825824|3825856,0.6666666666666666,2.333333333333333,13.666666666666666,10.333333333333334,3.6666666666666665,4.666666666666667,4.666666666666667,4.0,True,3825818|3825823|266664,1.0,0.6666666666666666,9.333333333333334,13.666666666666666,2.0,6.333333333333333,6.333333333333333,7.333333333333333,True
266557,2016-04-17,11,La Liga,27,2015/2016,male,Barcelona,Valencia,1,2,0,22,7,7,2,7,2,True,266106|267533|266664,1.0,1.6666666666666667,14.0,11.666666666666666,5.0,4.333333333333333,5.666666666666667,4.0,True,3825819|3825822|3825831,1.0,1.6666666666666667,15.0,11.0,5.0,5.333333333333333,5.333333333333333,5.333333333333333,True
3825834,2016-04-17,11,La Liga,27,2015/2016,male,Atlético Madrid,Granada,3,0,1,8,11,3,1,4,2,True,3825907|3825872|3825828,3.0,1.3333333333333333,11.666666666666666,10.0,5.666666666666667,4.0,4.0,5.0,True,3825887|3825877|3825826,1.0,1.0,9.333333333333334,13.0,2.0,3.333333333333333,4.0,10.0,True
3825835,2016-04-17,11,La Liga,27,2015/2016,male,Málaga,Athletic Club,0,1,0,18,6,7,3,8,2,True,3825903|3825905|3825826,0.6666666666666666,0.3333333333333333,11.333333333333334,10.0,4.333333333333333,2.333333333333333,5.666666666666667,3.6666666666666665,True,3825821|3825877|3825829,1.0,1.0,11.666666666666666,12.666666666666666,4.0,4.666666666666667,5.0,4.0,True
3825836,2016-04-17,11,La Liga,27,2015/2016,male,Rayo Vallecano,Villarreal,2,1,1,14,7,6,2,4,3,True,3825887|3825885|3825829,1.3333333333333333,1.0,16.333333333333332,13.333333333333334,6.0,4.0,8.666666666666666,4.0,True,266106|3825824|3825830,2.0,1.0,12.0,14.666666666666666,4.333333333333333,4.0,5.0,4.333333333333333,True
3825906,2016-04-17,11,La Liga,27,2015/2016,male,Sevilla,RC Deportivo La Coruña,1,1,0,12,5,4,4,10,0,True,3825820|3825823|3825831,0.6666666666666666,2.6666666666666665,10.0,19.0,4.666666666666667,7.0,6.333333333333333,7.0,True,3825880|3825898|3825863,1.3333333333333333,1.6666666666666667,13.333333333333334,9.666666666666666,5.333333333333333,3.0,3.0,5.333333333333333,True
3825837,2016-04-19,11,La Liga,27,2015/2016,male,Real Betis,Las Palmas,1,0,1,21,3,7,1,6,2,True,3825872|3825827|3825889,1.0,2.0,8.333333333333334,15.666666666666666,3.6666666666666665,6.333333333333333,4.0,6.666666666666667,True,3825822|3825863|3825852,2.0,1.0,12.0,13.0,5.333333333333333,3.6666666666666665,5.0,6.333333333333333,True
3825862,2016-04-19,11,La Liga,27,2015/2016,male,Espanyol,Celta Vigo,1,1,0,9,3,4,1,2,2,True,3825905|3825828|3825857,1.0,2.0,8.666666666666666,12.333333333333334,2.333333333333333,4.666666666666667,3.333333333333333,4.666666666666667,True,3825898|3825832|3825889,1.0,0.6666666666666666,14.666666666666666,9.333333333333334,4.0,3.333333333333333,10.0,3.333333333333333,True
266310,2016-04-20,11,La Liga,27,2015/2016,male,RC Deportivo La Coruña,Barcelona,0,8,0,17,17,5,9,6,2,True,3825898|3825863|3825906,1.0,1.6666666666666667,10.333333333333334,11.333333333333334,4.333333333333333,4.0,2.333333333333333,8.333333333333334,True,267533|266664|266557,0.6666666666666666,1.6666666666666667,16.333333333333332,9.0,5.333333333333333,3.0,6.666666666666667,3.333333333333333,True
3825838,2016-04-20,11,La Liga,27,2015/2016,male,Athletic Club,Atlético Madrid,0,1,0,13,8,6,2,8,4,True,3825877|3825829|3825835,1.0,0.3333333333333333,9.333333333333334,13.0,3.6666666666666665,4.666666666666667,5.0,4.666666666666667,True,3825872|3825828|3825834,3.6666666666666665,0.6666666666666666,13.0,9.666666666666666,6.333333333333333,3.333333333333333,4.666666666666667,3.333333333333333,True
3825839,2016-04-20,11,La Liga,27,2015/2016,male,Sporting Gijón,Sevilla,2,1,1,14,18,2,8,5,7,True,3825825|3825832|3825852,0.3333333333333333,0.6666666666666666,11.333333333333334,14.666666666666666,2.0,4.333333333333333,7.666666666666667,4.666666666666667,True,3825823|3825831|3825906,1.0,1.6666666666666667,11.333333333333334,12.0,4.666666666666667,4.666666666666667,7.0,4.333333333333333,True
3825840,2016-04-20,11,La Liga,27,2015/2016,male,Valencia,Eibar,4,0,1,9,9,6,2,6,3,True,3825822|3825831|266557,1.6666666666666667,1.3333333333333333,12.666666666666666,14.0,4.333333333333333,5.666666666666667,4.666666666666667,6.0,True,3825824|3825856|3825897,1.0,2.333333333333333,9.666666666666666,10.0,3.0,4.333333333333333,4.333333333333333,3.0,True
3825843,2016-04-20,11,La Liga,27,2015/2016,male,Málaga,Rayo Vallecano,1,1,0,12,11,4,4,7,7,True,3825905|3825826|3825835,0.3333333333333333,0.6666666666666666,12.666666666666666,6.666666666666667,5.0,1.6666666666666667,6.0,2.6666666666666665,True,3825885|3825829|3825836,1.3333333333333333,0.6666666666666666,13.666666666666666,12.0,6.0,4.0,6.0,3.0,True
3825893,2016-04-20,11,La Liga,27,2015/2016,male,Real Madrid,Villarreal,3,0,1,20,5,6,2,11,1,True,267533|3825856|3825833,3.6666666666666665,0.6666666666666666,17.333333333333332,12.0,7.666666666666667,3.0,5.0,5.333333333333333,True,3825824|3825830|3825836,1.6666666666666667,1.0,9.333333333333334,14.333333333333334,3.0,4.0,4.666666666666667,4.333333333333333,True
3825841,2016-04-21,11,La Liga,27,2015/2016,male,Real Sociedad,Getafe,1,2,0,15,7,5,3,8,2,True,3825823|266664|3825897,1.3333333333333333,1.0,6.666666666666667,12.0,2.0,5.333333333333333,2.6666666666666665,6.333333333333333,True,3825885|3825830|3825833,0.3333333333333333,3.0,15.0,16.666666666666668,3.333333333333333,7.333333333333333,5.333333333333333,7.666666666666667,True
3825896,2016-04-21,11,La Liga,27,2015/2016,male,Granada,Levante UD,5,1,1,13,14,6,6,3,4,True,3825877|3825826|3825834,0.3333333333333333,1.3333333333333333,9.333333333333334,8.333333333333334,1.6666666666666667,2.333333333333333,2.6666666666666665,7.333333333333333,True,3825825|3825827|3825857,0.6666666666666666,0.6666666666666666,13.666666666666666,9.333333333333334,3.6666666666666665,1.6666666666666667,3.6666666666666665,5.333333333333333,True
3825871,2016-04-22,11,La Liga,27,2015/2016,male,Las Palmas,Espanyol,4,0,1,15,12,9,5,5,5,True,3825863|3825852|3825837,1.3333333333333333,1.0,8.666666666666666,17.333333333333332,3.6666666666666665,5.0,3.0,7.666666666666667,True,3825828|3825857|3825862,1.0,2.0,9.666666666666666,9.666666666666666,3.333333333333333,3.333333333333333,3.6666666666666665,3.6666666666666665,True
265944,2016-04-23,11,La Liga,27,2015/2016,male,Barcelona,Sporting Gijón,6,0,1,23,4,8,1,6,1,True,266664|266557|266310,3.0,1.0,17.333333333333332,9.666666666666666,7.333333333333333,2.6666666666666665,6.0,4.333333333333333,True,3825832|3825852|3825839,1.0,1.0,12.333333333333334,15.0,2.333333333333333,5.666666666666667,7.333333333333333,5.666666666666667,True
3825847,2016-04-23,11,La Liga,27,2015/2016,male,Eibar,RC Deportivo La Coruña,1,1,0,9,9,2,1,11,7,True,3825856|3825897|3825840,0.6666666666666666,3.0,8.666666666666666,10.333333333333334,2.6666666666666665,5.0,4.0,4.0,True,3825863|3825906|266310,0.6666666666666666,4.0,13.666666666666666,14.0,5.0,6.333333333333333,4.333333333333333,5.333333333333333,True
3825886,2016-04-23,11,La Liga,27,2015/2016,male,Rayo Vallecano,Real Madrid,2,3,0,11,16,6,4,4,6,True,3825829|3825836|3825843,1.0,1.0,12.333333333333334,11.0,4.666666666666667,4.333333333333333,5.333333333333333,3.333333333333333,True,3825856|3825833|3825893,4.0,0.3333333333333333,19.0,9.0,7.666666666666667,2.6666666666666665,7.666666666666667,4.333333333333333,True
3825890,2016-04-23,11,La Liga,27,2015/2016,male,Atlético Madrid,Málaga,1,0,1,14,7,4,4,10,4,True,3825828|3825834|3825838,2.333333333333333,0.3333333333333333,10.0,11.333333333333334,3.333333333333333,3.6666666666666665,4.333333333333333,4.333333333333333,True,3825826|3825835|3825843,0.3333333333333333,0.6666666666666666,13.0,8.333333333333334,4.666666666666667,2.6666666666666665,6.666666666666667,4.666666666666667,True
3825842,2016-04-24,11,La Liga,27,2015/2016,male,Levante UD,Athletic Club,2,2,0,10,19,5,8,4,9,True,3825827|3825857|3825896,1.0,2.333333333333333,12.666666666666666,10.0,4.333333333333333,3.333333333333333,3.6666666666666665,4.333333333333333,True,3825829|3825835|3825838,0.6666666666666666,0.3333333333333333,11.0,12.666666666666666,5.333333333333333,4.333333333333333,3.333333333333333,5.666666666666667,True
3825875,2016-04-24,11,La Liga,27,2015/2016,male,Villarreal,Real Sociedad,0,0,0,8,7,3,2,3,5,True,3825830|3825836|3825893,1.0,1.6666666666666667,8.333333333333334,17.0,2.333333333333333,5.0,4.0,6.666666666666667,True,266664|3825897|3825841,1.0,1.3333333333333333,9.0,9.333333333333334,3.0,4.333333333333333,4.333333333333333,4.333333333333333,True
3825884,2016-04-24,11,La Liga,27,2015/2016,male,Sevilla,Real Betis,2,0,1,13,8,3,1,8,5,True,3825831|3825906|3825839,1.0,1.6666666666666667,12.333333333333334,14.0,5.333333333333333,4.666666666666667,6.666666666666667,5.0,True,3825827|3825889|3825837,1.0,0.3333333333333333,12.666666666666666,11.0,4.333333333333333,3.0,4.333333333333333,5.666666666666667,True
3825899,2016-04-24,11,La Liga,27,2015/2016,male,Getafe,Valencia,2,2,0,18,5,10,4,8,2,True,3825830|3825833|3825841,1.0,2.6666666666666665,12.333333333333334,16.666666666666668,3.333333333333333,6.333333333333333,4.0,7.333333333333333,True,3825831|266557|3825840,2.6666666666666665,0.6666666666666666,13.0,12.666666666666666,5.333333333333333,4.333333333333333,6.0,4.333333333333333,True
3825868,2016-04-25,11,La Liga,27,2015/2016,male,Celta Vigo,Granada,2,1,1,16,12,4,3,4,4,True,3825832|3825889|3825862,1.0,0.6666666666666666,12.666666666666666,10.0,3.6666666666666665,3.6666666666666665,7.0,4.0,True,3825826|3825834|3825896,1.6666666666666667,1.3333333333333333,10.666666666666666,10.333333333333334,2.6666666666666665,4.0,3.333333333333333,4.333333333333333,True
3825854,2016-04-29,11,La Liga,27,2015/2016,male,Sporting Gijón,Eibar,2,0,1,3,12,3,6,1,5,True,3825852|3825839|265944,1.0,2.6666666666666665,10.0,17.0,1.6666666666666667,6.666666666666667,5.333333333333333,5.333333333333333,True,3825897|3825840|3825847,1.0,2.0,8.666666666666666,8.333333333333334,2.6666666666666665,3.333333333333333,5.333333333333333,4.333333333333333,True
266986,2016-04-30,11,La Liga,27,2015/2016,male,Real Betis,Barcelona,0,2,0,2,12,1,4,2,4,True,3825889|3825837|3825884,0.6666666666666666,1.0,13.0,11.333333333333334,4.0,3.0,4.666666666666667,7.333333333333333,True,266557|266310|265944,5.0,0.6666666666666666,20.666666666666668,9.333333333333334,8.0,2.6666666666666665,5.0,3.0,True
3825859,2016-04-30,11,La Liga,27,2015/2016,male,Granada,Las Palmas,3,2,1,14,11,5,5,4,3,True,3825834|3825896|3825868,2.0,2.0,12.0,12.666666666666666,3.333333333333333,4.333333333333333,3.0,4.0,True,3825852|3825837|3825871,1.6666666666666667,0.6666666666666666,9.333333333333334,15.0,4.666666666666667,4.666666666666667,3.333333333333333,7.0,True
3825864,2016-04-30,11,La Liga,27,2015/2016,male,Real Sociedad,Real Madrid,0,1,0,11,18,4,6,6,6,True,3825897|3825841|3825875,0.6666666666666666,1.3333333333333333,9.666666666666666,7.666666666666667,3.333333333333333,3.333333333333333,4.333333333333333,2.333333333333333,True,3825833|3825893|3825886,3.6666666666666665,1.0,19.33333333333333,9.666666666666666,7.0,4.0,7.666666666666667,3.333333333333333,True
3825878,2016-04-30,11,La Liga,27,2015/2016,male,Atlético Madrid,Rayo Vallecano,1,0,1,12,13,6,2,5,7,True,3825834|3825838|3825890,1.6666666666666667,0.0,10.0,10.333333333333334,3.0,3.6666666666666665,6.0,4.666666666666667,True,3825836|3825843|3825886,1.6666666666666667,1.6666666666666667,12.0,11.666666666666666,5.333333333333333,3.333333333333333,5.0,5.333333333333333,True
3825845,2016-05-01,11,La Liga,27,2015/2016,male,Espanyol,Sevilla,1,0,1,12,7,7,0,4,2,True,3825857|3825862|3825871,0.6666666666666666,2.333333333333333,10.333333333333334,10.0,3.6666666666666665,4.666666666666667,4.333333333333333,3.6666666666666665,True,3825906|3825839|3825884,1.3333333333333333,1.0,14.333333333333334,9.0,5.0,2.333333333333333,8.333333333333334,3.333333333333333,True
3825870,2016-05-01,11,La Liga,27,2015/2016,male,Athletic Club,Celta Vigo,2,1,1,11,5,3,2,7,2,True,3825835|3825838|3825842,1.0,1.0,12.666666666666666,12.0,5.666666666666667,4.666666666666667,6.333333333333333,5.333333333333333,True,3825889|3825862|3825868,1.3333333333333333,1.0,12.333333333333334,10.333333333333334,3.333333333333333,3.6666666666666665,6.0,3.0,True
3825873,2016-05-01,11,La Liga,27,2015/2016,male,Valencia,Villarreal,0,2,0,7,8,1,3,9,3,True,266557|3825840|3825899,2.6666666666666665,1.0,7.0,16.333333333333332,4.0,6.333333333333333,3.333333333333333,6.0,True,3825836|3825893|3825875,0.3333333333333333,1.6666666666666667,6.666666666666667,13.666666666666666,2.333333333333333,4.666666666666667,2.333333333333333,6.666666666666667,True
3825894,2016-05-01,11,La Liga,27,2015/2016,male,RC Deportivo La Coruña,Getafe,0,2,0,15,9,5,5,8,5,True,3825906|266310|3825847,0.6666666666666666,3.333333333333333,10.333333333333334,12.666666666666666,3.333333333333333,5.0,4.333333333333333,7.666666666666667,True,3825833|3825841|3825899,1.6666666666666667,2.6666666666666665,12.666666666666666,14.0,5.666666666666667,6.666666666666667,5.0,5.333333333333333,True
3825855,2016-05-02,11,La Liga,27,2015/2016,male,Málaga,Levante UD,3,1,1,24,11,9,4,13,7,True,3825835|3825843|3825890,0.3333333333333333,1.0,12.333333333333334,10.333333333333334,5.0,3.6666666666666665,6.333333333333333,6.333333333333333,True,3825857|3825896|3825842,1.6666666666666667,2.6666666666666665,12.0,14.0,5.0,5.333333333333333,4.0,6.0,True
265958,2016-05-08,11,La Liga,27,2015/2016,male,Barcelona,Espanyol,5,0,1,14,4,7,1,8,0,True,266310|265944|266986,5.333333333333333,0.0,17.333333333333332,7.666666666666667,7.0,2.333333333333333,4.0,3.0,True,3825862|3825871|3825845,0.6666666666666666,1.6666666666666667,11.0,8.333333333333334,5.333333333333333,3.333333333333333,3.6666666666666665,3.0,True
3825850,2016-05-08,11,La Liga,27,2015/2016,male,Celta Vigo,Málaga,1,0,1,12,13,3,5,4,3,True,3825862|3825868|3825870,1.3333333333333333,1.3333333333333333,8.0,10.666666666666666,2.333333333333333,3.333333333333333,2.6666666666666665,4.333333333333333,True,3825843|3825890|3825855,1.3333333333333333,1.0,14.333333333333334,12.0,5.666666666666667,4.0,8.0,8.0,True
3825851,2016-05-08,11,La Liga,27,2015/2016,male,Villarreal,RC Deportivo La Coruña,0,2,0,11,8,4,4,8,5,True,3825893|3825875|3825873,0.6666666666666666,1.0,7.0,11.333333333333334,2.6666666666666665,3.0,2.333333333333333,8.333333333333334,True,266310|3825847|3825894,0.3333333333333333,3.6666666666666665,13.666666666666666,11.666666666666666,3.6666666666666665,5.333333333333333,7.0,6.0,True
3825853,2016-05-08,11,La Liga,27,2015/2016,male,Sevilla,Granada,1,4,0,12,11,5,7,5,4,True,3825839|3825884|3825845,1.0,1.0,12.666666666666666,11.333333333333334,3.6666666666666665,3.333333333333333,5.666666666666667,4.666666666666667,True,3825896|3825868|3825859,3.0,1.6666666666666667,13.0,13.666666666666666,4.666666666666667,5.0,3.6666666666666665,3.6666666666666665,True
3825860,2016-05-08,11,La Liga,27,2015/2016,male,Levante UD,Atlético Madrid,2,1,1,11,17,5,5,4,5,True,3825896|3825842|3825855,1.3333333333333333,3.333333333333333,11.666666666666666,18.666666666666668,5.0,7.666666666666667,5.0,8.333333333333334,True,3825838|3825890|3825878,1.0,0.0,11.333333333333334,11.0,4.0,4.0,6.333333333333333,6.333333333333333,True
3825861,2016-05-08,11,La Liga,27,2015/2016,male,Real Sociedad,Rayo Vallecano,2,1,1,12,17,6,5,5,11,True,3825841|3825875|3825864,0.3333333333333333,1.0,11.0,11.0,3.6666666666666665,4.0,6.333333333333333,3.6666666666666665,True,3825843|3825886|3825878,1.0,1.6666666666666667,11.666666666666666,13.333333333333334,4.0,4.666666666666667,6.0,6.0,True
3825865,2016-05-08,11,La Liga,27,2015/2016,male,Getafe,Sporting Gijón,1,1,0,19,9,9,3,7,3,True,3825841|3825899|3825894,2.0,1.0,11.333333333333334,11.666666666666666,6.0,4.666666666666667,5.0,6.0,True,3825839|265944|3825854,1.3333333333333333,2.333333333333333,7.0,17.666666666666668,2.0,7.333333333333333,2.333333333333333,6.0,True
3825866,2016-05-08,11,La Liga,27,2015/2016,male,Las Palmas,Athletic Club,0,0,0,4,9,2,3,2,2,True,3825837|3825871|3825859,2.0,1.3333333333333333,9.666666666666666,15.666666666666666,5.0,5.666666666666667,3.333333333333333,5.0,True,3825838|3825842|3825870,1.3333333333333333,1.3333333333333333,14.333333333333334,7.666666666666667,5.666666666666667,3.0,8.0,3.333333333333333,True
3825901,2016-05-08,11,La Liga,27,2015/2016,male,Real Madrid,Valencia,3,2,1,15,17,8,8,5,8,True,3825893|3825886|3825864,2.333333333333333,0.6666666666666666,18.0,9.0,5.333333333333333,4.0,7.666666666666667,3.6666666666666665,True,3825840|3825899|3825873,2.0,1.3333333333333333,7.0,11.666666666666666,3.6666666666666665,5.0,5.666666666666667,4.666666666666667,True
3825904,2016-05-08,11,La Liga,27,2015/2016,male,Eibar,Real Betis,1,1,0,22,6,9,3,8,2,True,3825840|3825847|3825854,0.3333333333333333,2.333333333333333,10.0,7.0,3.333333333333333,3.333333333333333,6.333333333333333,4.666666666666667,True,3825837|3825884|266986,0.3333333333333333,1.3333333333333333,10.333333333333334,9.333333333333334,3.0,2.6666666666666665,4.333333333333333,4.666666666666667,True
3825849,2016-05-13,11,La Liga,27,2015/2016,male,Valencia,Real Sociedad,0,1,0,8,15,0,6,4,6,True,3825899|3825873|3825901,1.3333333333333333,2.333333333333333,9.666666666666666,13.666666666666666,4.333333333333333,7.0,6.333333333333333,5.333333333333333,True,3825875|3825864|3825861,0.6666666666666666,0.6666666666666666,10.0,14.333333333333334,4.0,4.666666666666667,5.333333333333333,6.666666666666667,True
267506,2016-05-14,11,La Liga,27,2015/2016,male,Granada,Barcelona,0,3,0,7,12,1,10,5,6,True,3825868|3825859|3825853,2.6666666666666665,1.6666666666666667,12.333333333333334,13.0,5.0,4.666666666666667,4.0,4.0,True,265944|266986|265958,4.333333333333333,0.0,16.333333333333332,3.333333333333333,6.333333333333333,1.0,6.0,1.0,True
3825846,2016-05-14,11,La Liga,27,2015/2016,male,RC Deportivo La Coruña,Real Madrid,0,2,0,10,16,2,5,4,8,True,3825847|3825894|3825851,1.0,1.0,10.666666666666666,9.666666666666666,3.333333333333333,3.6666666666666665,6.666666666666667,8.0,True,3825886|3825864|3825901,2.333333333333333,1.3333333333333333,16.333333333333332,13.0,6.0,6.0,5.666666666666667,6.0,True
3825869,2016-05-14,11,La Liga,27,2015/2016,male,Athletic Club,Sevilla,3,1,1,14,8,7,4,7,6,True,3825842|3825870|3825866,1.3333333333333333,1.0,13.0,6.333333333333333,4.666666666666667,3.0,6.0,2.6666666666666665,True,3825884|3825845|3825853,1.0,1.6666666666666667,10.666666666666666,10.333333333333334,2.6666666666666665,5.0,5.0,4.333333333333333,True
3825882,2016-05-14,11,La Liga,27,2015/2016,male,Atlético Madrid,Celta Vigo,2,0,1,11,7,5,4,4,4,True,3825890|3825878|3825860,1.0,0.6666666666666666,14.333333333333334,10.333333333333334,5.0,3.6666666666666665,6.666666666666667,5.0,True,3825868|3825870|3825850,1.3333333333333333,1.0,11.0,12.0,3.0,3.6666666666666665,3.333333333333333,4.666666666666667,True
3825876,2016-05-15,11,La Liga,27,2015/2016,male,Real Betis,Getafe,2,1,1,7,14,5,5,3,2,True,3825884|266986|3825904,0.3333333333333333,1.6666666666666667,5.333333333333333,15.666666666666666,1.6666666666666667,5.333333333333333,3.0,6.666666666666667,True,3825899|3825894|3825865,1.6666666666666667,1.0,15.333333333333334,9.666666666666666,8.0,4.0,6.666666666666667,4.333333333333333,True
3825883,2016-05-15,11,La Liga,27,2015/2016,male,Málaga,Las Palmas,4,1,1,14,12,8,7,3,6,True,3825890|3825855|3825850,1.0,1.0,14.666666666666666,12.333333333333334,6.0,3.6666666666666665,6.666666666666667,7.0,True,3825871|3825859|3825866,2.0,1.0,10.0,11.666666666666666,5.333333333333333,4.333333333333333,3.333333333333333,3.6666666666666665,True
3825900,2016-05-15,11,La Liga,27,2015/2016,male,Sporting Gijón,Villarreal,2,0,1,16,11,6,5,4,1,True,265944|3825854|3825865,1.0,2.333333333333333,5.333333333333333,18.0,2.333333333333333,7.666666666666667,1.6666666666666667,6.0,True,3825875|3825873|3825851,0.6666666666666666,0.6666666666666666,9.0,7.333333333333333,3.333333333333333,2.333333333333333,4.666666666666667,6.333333333333333,True
3825902,2016-05-15,11,La Liga,27,2015/2016,male,Rayo Vallecano,Levante UD,3,1,1,19,11,9,2,9,3,True,3825886|3825878|3825861,1.0,2.0,13.666666666666666,13.333333333333334,4.333333333333333,5.333333333333333,7.333333333333333,5.333333333333333,True,3825842|3825855|3825860,1.6666666666666667,2.0,10.666666666666666,20.0,4.666666666666667,7.333333333333333,5.0,9.0,True
3825908,2016-05-15,11,La Liga,27,2015/2016,male,Espanyol,Eibar,4,2,1,10,13,7,8,3,4,True,3825871|3825845|265958,0.3333333333333333,3.0,9.333333333333334,12.0,4.333333333333333,5.333333333333333,3.0,5.0,True,3825847|3825854|3825904,0.6666666666666666,1.3333333333333333,14.333333333333334,6.0,5.666666666666667,2.333333333333333,8.0,3.333333333333333,True
267670,2016-08-20,11,La Liga,2,2016/2017,male,Barcelona,Real Betis,6,2,1,29,4,12,2,10,2,True,266986|265958|267506,3.333333333333333,0.0,12.666666666666666,4.333333333333333,7.0,1.0,6.0,2.333333333333333,True,266986|3825904|3825876,1.0,1.3333333333333333,5.0,16.0,3.0,6.0,2.333333333333333,4.666666666666667,True
266892,2016-08-28,11,La Liga,2,2016/2017,male,Athletic Club,Barcelona,0,1,0,9,11,4,2,4,4,True,3825870|3825866|3825869,1.6666666666666667,0.6666666666666666,11.333333333333334,5.666666666666667,4.333333333333333,2.6666666666666665,5.333333333333333,3.333333333333333,True,265958|267506|267670,4.666666666666667,0.6666666666666666,18.33333333333333,5.0,9.666666666666666,1.3333333333333333,8.0,2.333333333333333,True
267220,2016-09-21,11,La Liga,2,2016/2017,male,Barcelona,Atlético Madrid,1,1,0,19,9,7,4,8,2,True,266892|266669|267212,2.333333333333333,1.0,12.666666666666666,9.666666666666666,3.6666666666666665,4.333333333333333,7.333333333333333,2.0,True,3825878|3825860|3825882,1.3333333333333333,0.6666666666666666,13.333333333333334,10.333333333333334,5.333333333333333,3.6666666666666665,4.666666666666667,5.0,True
267492,2016-10-15,11,La Liga,2,2016/2017,male,Barcelona,RC Deportivo La Coruña,4,0,1,25,7,9,0,8,2,True,266669|267212|267220,2.333333333333333,1.3333333333333333,15.333333333333334,9.666666666666666,5.333333333333333,4.333333333333333,8.666666666666666,1.3333333333333333,True,3825894|3825851|3825846,0.6666666666666666,1.3333333333333333,11.0,12.0,3.6666666666666665,4.666666666666667,5.666666666666667,7.0,True
266033,2016-10-22,11,La Liga,2,2016/2017,male,Valencia,Barcelona,2,3,0,7,15,4,8,3,1,True,3825873|3825901|3825849,0.6666666666666666,2.0,10.666666666666666,12.666666666666666,3.0,5.666666666666667,7.0,4.666666666666667,True,267212|267220|267492,3.333333333333333,0.6666666666666666,18.0,10.333333333333334,7.666666666666667,3.0,7.0,2.0,True
267058,2016-10-29,11,La Liga,2,2016/2017,male,Barcelona,Granada,1,0,1,15,1,5,0,8,1,True,267220|267492|266033,2.6666666666666665,1.0,19.666666666666668,7.666666666666667,8.0,2.6666666666666665,5.666666666666667,2.333333333333333,True,3825859|3825853|267506,2.333333333333333,2.0,10.666666666666666,11.666666666666666,4.333333333333333,6.666666666666667,4.333333333333333,4.666666666666667,True
266989,2016-11-06,11,La Liga,2,2016/2017,male,Sevilla,Barcelona,1,2,0,15,14,5,7,3,5,True,3825845|3825853|3825869,0.6666666666666666,2.6666666666666665,9.0,12.333333333333334,3.0,7.0,4.333333333333333,5.0,True,267492|266033|267058,2.6666666666666665,0.6666666666666666,18.33333333333333,5.0,7.333333333333333,1.3333333333333333,5.666666666666667,2.0,True
266191,2016-11-27,11,La Liga,2,2016/2017,male,Real Sociedad,Barcelona,1,1,0,18,10,6,2,8,6,True,3825864|3825861|3825849,1.0,0.6666666666666666,12.666666666666666,14.333333333333334,5.333333333333333,3.6666666666666665,5.666666666666667,7.0,True,266033|267058|266989,2.0,1.0,14.666666666666666,7.666666666666667,6.666666666666667,3.0,4.666666666666667,2.333333333333333,True
267076,2016-12-03,11,La Liga,2,2016/2017,male,Barcelona,Real Madrid,1,1,0,12,14,2,5,5,7,True,267058|266989|266191,1.3333333333333333,0.6666666666666666,13.0,11.333333333333334,4.666666666666667,3.6666666666666665,6.333333333333333,4.0,True,3825864|3825901|3825846,2.0,0.6666666666666666,16.333333333333332,12.666666666666666,6.333333333333333,4.666666666666667,6.333333333333333,6.0,True
266357,2016-12-10,11,La Liga,2,2016/2017,male,Osasuna,Barcelona,0,3,0,4,17,1,6,2,5,True,70260|266462|266074,0.3333333333333333,4.0,4.333333333333333,17.0,1.6666666666666667,7.666666666666667,2.6666666666666665,5.333333333333333,True,266989|266191|267076,1.3333333333333333,1.0,12.0,15.666666666666666,3.6666666666666665,5.333333333333333,5.333333333333333,6.0,True
266528,2016-12-18,11,La Liga,2,2016/2017,male,Barcelona,Espanyol,4,1,1,14,3,7,1,5,2,True,266191|267076|266357,1.6666666666666667,0.6666666666666666,13.0,12.0,3.333333333333333,4.0,5.333333333333333,5.666666666666667,True,3825845|265958|3825908,1.6666666666666667,2.333333333333333,8.666666666666666,11.333333333333334,5.0,5.0,2.333333333333333,4.666666666666667,True
266477,2017-01-08,11,La Liga,2,2016/2017,male,Villarreal,Barcelona,1,1,0,5,20,3,8,2,4,True,3825873|3825851|3825900,0.6666666666666666,1.3333333333333333,10.0,10.333333333333334,4.0,3.6666666666666665,4.0,6.0,True,267076|266357|266528,2.6666666666666665,0.6666666666666666,14.333333333333334,7.0,5.0,2.333333333333333,5.0,3.6666666666666665,True
267395,2017-01-14,11,La Liga,2,2016/2017,male,Barcelona,Las Palmas,5,0,1,23,7,10,1,5,1,True,266357|266528|266477,2.6666666666666665,0.6666666666666666,17.0,4.0,7.0,1.6666666666666667,4.666666666666667,2.0,True,3825859|3825866|3825883,1.0,2.333333333333333,9.0,12.333333333333334,4.666666666666667,5.333333333333333,3.6666666666666665,3.0,True
266731,2017-01-22,11,La Liga,2,2016/2017,male,Eibar,Barcelona,0,4,0,14,14,6,7,8,5,True,3825854|3825904|3825908,1.0,2.333333333333333,15.666666666666666,6.333333333333333,7.666666666666667,4.333333333333333,5.666666666666667,2.0,True,266528|266477|267395,3.333333333333333,0.6666666666666666,19.0,5.0,8.333333333333334,1.6666666666666667,4.666666666666667,1.6666666666666667,True
266516,2017-01-29,11,La Liga,2,2016/2017,male,Real Betis,Barcelona,1,1,0,17,10,7,4,8,2,True,3825904|3825876|267670,1.6666666666666667,2.6666666666666665,5.666666666666667,21.666666666666668,3.333333333333333,8.666666666666666,2.333333333333333,6.666666666666667,True,266477|267395|266731,3.333333333333333,0.3333333333333333,19.0,8.666666666666666,8.333333333333334,3.333333333333333,4.666666666666667,3.6666666666666665,True
266874,2017-02-04,11,La Liga,2,2016/2017,male,Barcelona,Athletic Club,3,0,1,16,10,6,3,7,2,True,267395|266731|266516,3.333333333333333,0.3333333333333333,15.666666666666666,12.666666666666666,7.0,4.666666666666667,4.0,5.666666666666667,True,3825866|3825869|266892,1.0,0.6666666666666666,10.666666666666666,7.666666666666667,4.666666666666667,2.6666666666666665,4.333333333333333,4.0,True
267464,2017-02-26,11,La Liga,2,2016/2017,male,Atlético Madrid,Barcelona,1,2,0,13,15,5,6,6,5,True,3825860|3825882|267220,1.3333333333333333,1.0,12.333333333333334,12.333333333333334,4.666666666666667,5.333333333333333,3.6666666666666665,5.333333333333333,True,266874|266273|267596,3.6666666666666665,0.3333333333333333,17.0,10.333333333333334,7.0,4.333333333333333,6.666666666666667,3.0,True
265952,2017-03-01,11,La Liga,2,2016/2017,male,Barcelona,Sporting Gijón,6,1,1,22,5,10,2,10,3,True,266273|267596|267464,3.333333333333333,0.6666666666666666,16.666666666666668,11.333333333333334,7.0,5.0,6.0,4.333333333333333,True,3825854|3825865|3825900,1.6666666666666667,0.3333333333333333,9.333333333333334,14.0,4.0,6.666666666666667,2.6666666666666665,4.333333333333333,True
266299,2017-03-04,11,La Liga,2,2016/2017,male,Barcelona,Celta Vigo,5,0,1,19,7,9,2,10,1,True,267596|267464|265952,3.333333333333333,1.0,16.666666666666668,10.0,7.333333333333333,4.333333333333333,6.333333333333333,4.333333333333333,True,3825870|3825850|3825882,0.6666666666666666,1.3333333333333333,8.0,11.666666666666666,3.0,4.333333333333333,3.333333333333333,4.666666666666667,True
267660,2017-03-12,11,La Liga,2,2016/2017,male,RC Deportivo La Coruña,Barcelona,2,1,1,14,15,8,5,4,8,True,3825851|3825846|267492,0.6666666666666666,2.0,8.333333333333334,17.333333333333332,2.0,6.0,3.6666666666666665,8.0,True,267464|265952|266299,4.333333333333333,0.6666666666666666,18.666666666666668,8.333333333333334,8.333333333333334,3.0,8.333333333333334,3.333333333333333,True
266440,2017-03-19,11,La Liga,2,2016/2017,male,Barcelona,Valencia,4,2,1,28,6,11,6,7,3,True,265952|266299|267660,4.0,1.0,18.666666666666668,8.666666666666666,8.0,4.0,9.333333333333334,2.6666666666666665,True,3825901|3825849|266033,1.3333333333333333,2.333333333333333,10.666666666666666,15.0,4.0,7.333333333333333,5.0,4.0,True
266280,2017-04-05,11,La Liga,2,2016/2017,male,Barcelona,Sevilla,3,0,1,13,7,7,3,4,4,True,266299|267660|266440,3.333333333333333,1.3333333333333333,20.666666666666668,9.0,8.333333333333334,5.333333333333333,8.333333333333334,2.6666666666666665,True,3825853|3825869|266989,1.0,3.0,11.666666666666666,13.0,4.666666666666667,7.0,4.666666666666667,5.333333333333333,True
267590,2017-04-08,11,La Liga,2,2016/2017,male,Málaga,Barcelona,2,0,1,8,12,4,3,2,3,True,3825855|3825850|3825883,2.333333333333333,1.0,17.0,11.666666666666666,7.333333333333333,4.666666666666667,6.333333333333333,5.666666666666667,True,267660|266440|266280,2.6666666666666665,1.3333333333333333,18.666666666666668,9.0,7.666666666666667,5.666666666666667,6.333333333333333,3.6666666666666665,True
267373,2017-04-15,11,La Liga,2,2016/2017,male,Barcelona,Real Sociedad,3,2,1,15,14,9,7,5,4,True,266440|266280|267590,2.333333333333333,1.3333333333333333,17.666666666666668,7.0,7.0,4.333333333333333,4.666666666666667,3.0,True,3825861|3825849|266191,1.3333333333333333,0.6666666666666666,15.0,11.666666666666666,6.0,2.333333333333333,6.333333333333333,7.0,True
267569,2017-04-23,11,La Liga,2,2016/2017,male,Real Madrid,Barcelona,2,3,0,22,16,14,9,7,4,True,3825901|3825846|267076,2.0,1.0,15.0,13.0,6.0,4.0,6.666666666666667,5.666666666666667,True,266280|267590|267373,2.0,1.3333333333333333,13.333333333333334,9.666666666666666,6.333333333333333,4.666666666666667,4.0,3.333333333333333,True
267101,2017-04-26,11,La Liga,2,2016/2017,male,Barcelona,Osasuna,7,1,1,19,3,10,3,10,1,True,267590|267373|267569,2.0,2.0,14.333333333333334,14.666666666666666,7.0,8.333333333333334,4.0,4.333333333333333,True,266462|266074|266357,0.0,3.333333333333333,4.666666666666667,16.333333333333332,1.6666666666666667,6.666666666666667,2.6666666666666665,4.333333333333333,True
267077,2017-04-29,11,La Liga,2,2016/2017,male,Espanyol,Barcelona,0,3,0,6,16,2,10,4,5,True,265958|3825908|266528,1.6666666666666667,3.6666666666666665,5.666666666666667,13.666666666666666,3.0,7.333333333333333,1.6666666666666667,5.666666666666667,True,267373|267569|267101,4.333333333333333,1.6666666666666667,16.666666666666668,13.0,9.333333333333334,8.0,6.333333333333333,4.0,True
266952,2017-05-06,11,La Liga,2,2016/2017,male,Barcelona,Villarreal,4,1,1,20,8,8,4,4,3,True,267569|267101|267077,4.333333333333333,1.0,17.0,10.333333333333334,9.666666666666666,6.333333333333333,6.333333333333333,4.0,True,3825851|3825900|266477,0.3333333333333333,1.6666666666666667,9.0,14.666666666666666,4.0,6.0,3.6666666666666665,4.333333333333333,True
267039,2017-05-14,11,La Liga,2,2016/2017,male,Las Palmas,Barcelona,1,4,0,11,11,5,5,3,6,True,3825866|3825883|267395,0.3333333333333333,3.0,7.666666666666667,15.333333333333334,3.333333333333333,7.0,3.0,3.333333333333333,True,267101|267077|266952,4.666666666666667,0.6666666666666666,18.33333333333333,5.666666666666667,9.333333333333334,3.0,6.333333333333333,2.6666666666666665,True
267432,2017-05-21,11,La Liga,2,2016/2017,male,Barcelona,Eibar,4,2,1,17,9,10,4,10,4,True,267077|266952|267039,3.6666666666666665,0.6666666666666666,15.666666666666666,8.333333333333334,7.666666666666667,3.6666666666666665,5.0,3.333333333333333,True,3825904|3825908|266731,1.0,3.0,16.333333333333332,10.0,7.666666666666667,5.666666666666667,6.666666666666667,3.333333333333333,True
9575,2017-08-20,11,La Liga,1,2017/2018,male,Barcelona,Real Betis,2,0,1,15,3,2,0,8,0,True,266952|267039|267432,4.0,1.3333333333333333,16.0,9.333333333333334,7.666666666666667,4.333333333333333,6.666666666666667,3.333333333333333,True,3825876|267670|266516,1.6666666666666667,2.6666666666666665,9.333333333333334,17.666666666666668,4.666666666666667,7.0,4.333333333333333,4.666666666666667,True
9581,2017-08-26,11,La Liga,1,2017/2018,male,Deportivo Alavés,Barcelona,0,2,0,11,23,2,12,1,14,True,68324|266669|266273,0.6666666666666666,3.0,5.666666666666667,22.0,3.0,6.0,2.0,9.666666666666666,True,267039|267432|9575,3.333333333333333,1.0,14.333333333333334,7.666666666666667,5.666666666666667,3.0,8.0,2.333333333333333,True
9592,2017-09-09,11,La Liga,1,2017/2018,male,Barcelona,Espanyol,5,0,1,20,9,9,1,8,7,True,267432|9575|9581,2.6666666666666665,0.6666666666666666,18.33333333333333,7.666666666666667,8.0,2.0,10.666666666666666,1.6666666666666667,True,3825908|266528|267077,1.6666666666666667,3.0,6.333333333333333,14.333333333333334,3.333333333333333,8.333333333333334,3.0,4.666666666666667,True
9602,2017-09-16,11,La Liga,1,2017/2018,male,Getafe,Barcelona,1,2,0,13,7,4,5,3,4,True,3825894|3825865|3825876,1.3333333333333333,1.0,14.0,10.333333333333334,6.333333333333333,4.333333333333333,4.666666666666667,4.666666666666667,True,9575|9581|9592,3.0,0.0,19.33333333333333,7.666666666666667,7.666666666666667,1.0,10.0,2.6666666666666665,True
9609,2017-09-19,11,La Liga,1,2017/2018,male,Barcelona,Eibar,6,1,1,11,13,10,5,7,7,True,9581|9592|9602,3.0,0.3333333333333333,16.666666666666668,11.0,8.666666666666666,2.333333333333333,8.666666666666666,3.6666666666666665,True,3825908|266731|267432,1.3333333333333333,4.0,12.0,13.666666666666666,6.0,8.0,5.333333333333333,6.0,True
9636,2017-10-01,11,La Liga,1,2017/2018,male,Barcelona,Las Palmas,3,0,1,22,11,10,1,8,3,True,9602|9609|9620,3.6666666666666665,0.6666666666666666,9.333333333333334,13.333333333333334,7.0,3.6666666666666665,4.666666666666667,6.333333333333333,True,3825883|267395|267039,0.6666666666666666,4.333333333333333,10.0,16.0,4.333333333333333,7.666666666666667,3.333333333333333,4.666666666666667,True
9642,2017-10-14,11,La Liga,1,2017/2018,male,Atlético Madrid,Barcelona,1,1,0,5,15,4,7,2,1,True,3825882|267220|267464,1.3333333333333333,1.0,11.0,13.666666666666666,4.666666666666667,5.666666666666667,4.0,5.666666666666667,True,9609|9620|9636,4.0,0.3333333333333333,14.333333333333334,12.666666666666666,8.666666666666666,2.6666666666666665,6.0,6.333333333333333,True
9650,2017-10-21,11,La Liga,1,2017/2018,male,Barcelona,Málaga,2,0,1,12,13,4,5,4,3,True,9620|9636|9642,2.333333333333333,0.3333333333333333,15.666666666666666,10.0,7.666666666666667,2.333333333333333,4.0,4.666666666666667,True,3825850|3825883|267590,2.0,0.6666666666666666,11.666666666666666,12.0,5.666666666666667,4.333333333333333,2.6666666666666665,4.333333333333333,True
9661,2017-10-28,11,La Liga,1,2017/2018,male,Athletic Club,Barcelona,0,2,0,17,17,5,5,6,4,True,3825869|266892|266874,1.0,1.6666666666666667,11.0,11.666666666666666,4.666666666666667,4.0,4.333333333333333,5.666666666666667,True,9636|9642|9650,2.0,0.3333333333333333,16.333333333333332,9.666666666666666,7.0,3.333333333333333,4.333333333333333,2.6666666666666665,True
9673,2017-11-04,11,La Liga,1,2017/2018,male,Barcelona,Sevilla,2,1,1,18,8,5,3,3,3,True,9642|9650|9661,1.6666666666666667,0.3333333333333333,14.666666666666666,11.666666666666666,5.333333333333333,4.666666666666667,3.0,3.6666666666666665,True,3825869|266989|266280,0.6666666666666666,2.6666666666666665,10.0,13.666666666666666,4.0,7.0,4.333333333333333,5.333333333333333,True
9695,2017-11-26,11,La Liga,1,2017/2018,male,Valencia,Barcelona,1,1,0,9,12,1,8,3,9,True,3825849|266033|266440,1.3333333333333333,2.6666666666666665,7.0,19.33333333333333,3.333333333333333,8.333333333333334,3.333333333333333,4.666666666666667,True,9661|9673|9682,2.333333333333333,0.3333333333333333,15.333333333333334,14.333333333333334,5.333333333333333,5.0,3.333333333333333,5.0,True
9700,2017-12-02,11,La Liga,1,2017/2018,male,Barcelona,Celta Vigo,2,2,0,22,10,7,5,4,1,True,9673|9682|9695,2.0,0.6666666666666666,13.666666666666666,11.666666666666666,6.333333333333333,3.6666666666666665,5.0,4.0,True,3825850|3825882|266299,0.3333333333333333,2.333333333333333,8.666666666666666,14.333333333333334,3.0,6.333333333333333,3.0,5.666666666666667,True
9717,2017-12-10,11,La Liga,1,2017/2018,male,Villarreal,Barcelona,0,2,0,9,16,5,6,2,4,True,3825900|266477|266952,0.6666666666666666,2.333333333333333,8.0,18.666666666666668,4.0,7.333333333333333,2.0,4.0,True,9682|9695|9700,2.0,1.0,15.0,12.333333333333334,7.0,4.333333333333333,5.333333333333333,3.333333333333333,True
9726,2017-12-17,11,La Liga,1,2017/2018,male,Barcelona,RC Deportivo La Coruña,4,0,1,23,10,11,3,6,3,True,9695|9700|9717,1.6666666666666667,1.0,16.666666666666668,9.333333333333334,7.0,3.6666666666666665,5.666666666666667,2.0,True,3825846|267492|267660,0.6666666666666666,2.333333333333333,10.333333333333334,18.666666666666668,3.333333333333333,6.333333333333333,3.333333333333333,8.0,True
9736,2017-12-23,11,La Liga,1,2017/2018,male,Real Madrid,Barcelona,0,3,0,13,18,5,11,7,7,True,3825846|267076|267569,1.6666666666666667,1.3333333333333333,17.333333333333332,12.666666666666666,8.0,4.333333333333333,7.333333333333333,4.333333333333333,True,9700|9717|9726,2.6666666666666665,0.6666666666666666,20.33333333333333,9.666666666666666,8.0,4.333333333333333,4.666666666666667,2.0,True
9742,2018-01-07,11,La Liga,1,2017/2018,male,Barcelona,Levante UD,3,0,1,16,9,8,2,3,6,True,9717|9726|9736,3.0,0.0,19.0,10.666666666666666,9.333333333333334,4.333333333333333,5.666666666666667,4.0,True,3825855|3825860|3825902,1.3333333333333333,2.333333333333333,11.0,20.0,3.6666666666666665,7.666666666666667,4.666666666666667,9.0,True
9754,2018-01-14,11,La Liga,1,2017/2018,male,Real Sociedad,Barcelona,2,4,0,13,11,6,5,7,3,True,3825849|266191|267373,1.3333333333333333,1.3333333333333333,15.666666666666666,11.0,6.333333333333333,3.6666666666666665,6.0,5.0,True,9726|9736|9742,3.333333333333333,0.0,19.0,10.666666666666666,10.0,3.333333333333333,5.333333333333333,5.333333333333333,True
9765,2018-01-21,11,La Liga,1,2017/2018,male,Real Betis,Barcelona,0,5,0,7,14,2,9,4,2,True,267670|266516|9575,1.0,3.0,8.0,18.0,3.0,6.0,3.333333333333333,6.666666666666667,True,9736|9742|9754,3.333333333333333,0.6666666666666666,15.0,11.666666666666666,8.0,4.333333333333333,4.333333333333333,6.666666666666667,True
9774,2018-01-28,11,La Liga,1,2017/2018,male,Barcelona,Deportivo Alavés,2,1,1,18,7,12,4,8,1,True,9742|9754|9765,4.0,0.6666666666666666,13.666666666666666,9.666666666666666,7.333333333333333,3.333333333333333,2.6666666666666665,5.666666666666667,True,266669|266273|9581,0.6666666666666666,3.0,8.333333333333334,20.666666666666668,3.333333333333333,7.666666666666667,1.3333333333333333,12.0,True
9783,2018-02-04,11,La Liga,1,2017/2018,male,Espanyol,Barcelona,1,1,0,7,13,2,3,0,7,True,266528|267077|9592,0.3333333333333333,4.0,6.0,16.666666666666668,1.3333333333333333,8.666666666666666,4.333333333333333,6.0,True,9754|9765|9774,3.6666666666666665,1.0,14.333333333333334,9.0,8.666666666666666,4.0,4.333333333333333,4.0,True
9794,2018-02-11,11,La Liga,1,2017/2018,male,Barcelona,Getafe,0,0,0,13,10,6,2,9,3,True,9765|9774|9783,2.6666666666666665,0.6666666666666666,15.0,7.0,8.0,2.6666666666666665,5.666666666666667,1.6666666666666667,True,3825865|3825876|9602,1.0,1.6666666666666667,15.333333333333334,7.666666666666667,6.0,4.333333333333333,4.0,3.333333333333333,True
9799,2018-02-17,11,La Liga,1,2017/2018,male,Eibar,Barcelona,0,2,0,14,10,3,6,6,0,True,266731|267432|9609,1.0,4.666666666666667,12.0,14.0,5.0,9.0,6.333333333333333,7.333333333333333,True,9774|9783|9794,1.0,0.6666666666666666,14.666666666666666,8.0,7.0,2.6666666666666665,8.0,1.3333333333333333,True
9827,2018-03-01,11,La Liga,1,2017/2018,male,Las Palmas,Barcelona,1,1,0,12,10,1,4,6,6,True,267395|267039|9636,0.3333333333333333,4.0,9.666666666666666,18.666666666666668,2.333333333333333,8.333333333333334,2.333333333333333,6.333333333333333,True,9794|9799|9811,2.6666666666666665,0.3333333333333333,14.666666666666666,11.333333333333334,8.333333333333334,3.0,4.666666666666667,4.0,True
9837,2018-03-04,11,La Liga,1,2017/2018,male,Barcelona,Atlético Madrid,1,0,1,17,5,5,1,12,1,True,9799|9811|9827,3.0,0.6666666666666666,13.666666666666666,12.0,7.666666666666667,2.6666666666666665,3.6666666666666665,5.0,True,267220|267464|9642,1.0,1.3333333333333333,9.0,16.333333333333332,4.333333333333333,6.666666666666667,3.333333333333333,4.666666666666667,True
9855,2018-03-18,11,La Liga,1,2017/2018,male,Barcelona,Athletic Club,2,0,1,17,10,9,3,6,5,True,9811|9827|9837,2.6666666666666665,0.6666666666666666,16.0,9.0,7.333333333333333,2.0,7.666666666666667,3.333333333333333,True,266892|266874|9661,0.0,2.0,12.0,14.666666666666666,4.0,4.333333333333333,4.0,5.0,True
9860,2018-03-31,11,La Liga,1,2017/2018,male,Sevilla,Barcelona,2,2,0,21,20,5,9,5,9,True,266989|266280|9673,0.6666666666666666,2.333333333333333,10.0,15.0,3.6666666666666665,6.333333333333333,3.333333333333333,4.0,True,9827|9837|9855,1.3333333333333333,0.3333333333333333,14.666666666666666,9.0,6.0,1.6666666666666667,8.0,4.0,True
9870,2018-04-07,11,La Liga,1,2017/2018,male,Barcelona,Leganés,3,1,1,12,11,6,1,5,3,True,9837|9855|9860,1.6666666666666667,0.6666666666666666,18.0,12.0,7.666666666666667,3.0,9.0,3.6666666666666665,True,267212|267596|9682,0.6666666666666666,3.333333333333333,15.0,11.333333333333334,6.0,6.333333333333333,4.0,4.0,True
9880,2018-04-14,11,La Liga,1,2017/2018,male,Barcelona,Valencia,2,1,1,12,17,7,6,6,5,True,9855|9860|9870,2.333333333333333,1.0,16.333333333333332,14.0,8.0,3.0,6.666666666666667,4.333333333333333,True,266033|266440|9695,1.6666666666666667,2.6666666666666665,7.333333333333333,18.33333333333333,3.6666666666666665,9.0,3.0,5.666666666666667,True
9889,2018-04-17,11,La Liga,1,2017/2018,male,Celta Vigo,Barcelona,2,2,0,18,14,7,6,6,3,True,3825882|266299|9700,0.6666666666666666,3.0,8.0,17.333333333333332,3.6666666666666665,7.0,2.0,6.0,True,9860|9870|9880,2.333333333333333,1.3333333333333333,14.666666666666666,16.333333333333332,7.333333333333333,4.0,6.666666666666667,4.333333333333333,True
9912,2018-04-29,11,La Liga,1,2017/2018,male,RC Deportivo La Coruña,Barcelona,2,4,0,17,21,5,9,6,7,True,267492|267660|9726,0.6666666666666666,3.0,10.333333333333334,21.0,3.6666666666666665,8.333333333333334,3.0,7.333333333333333,True,9870|9880|9889,2.333333333333333,1.3333333333333333,12.666666666666666,15.333333333333334,6.333333333333333,4.666666666666667,4.666666666666667,4.666666666666667,True
9924,2018-05-06,11,La Liga,1,2017/2018,male,Barcelona,Real Madrid,2,2,0,11,17,4,5,6,5,True,9880|9889|9912,2.6666666666666665,1.6666666666666667,15.666666666666666,17.333333333333332,7.333333333333333,6.0,5.333333333333333,5.666666666666667,True,267076|267569|9736,1.0,2.333333333333333,16.333333333333332,15.333333333333334,8.0,7.333333333333333,7.0,5.333333333333333,True
9928,2018-05-09,11,La Liga,1,2017/2018,male,Barcelona,Villarreal,5,1,1,13,20,6,7,4,4,True,9889|9912|9924,2.6666666666666665,2.0,15.333333333333334,17.333333333333332,6.333333333333333,5.666666666666667,5.333333333333333,5.666666666666667,True,266477|266952|9717,0.6666666666666666,2.333333333333333,7.333333333333333,18.666666666666668,4.0,7.333333333333333,2.333333333333333,4.0,True
9948,2018-05-20,11,La Liga,1,2017/2018,male,Barcelona,Real Sociedad,1,0,1,12,13,4,2,3,8,True,9912|9924|9928,3.6666666666666665,1.6666666666666667,15.0,18.0,6.333333333333333,5.666666666666667,5.666666666666667,5.0,True,266191|267373|9754,1.6666666666666667,2.6666666666666665,15.0,12.0,6.333333333333333,5.333333333333333,6.333333333333333,4.666666666666667,True
15946,2018-08-18,11,La Liga,4,2018/2019,male,Barcelona,Deportivo Alavés,3,0,1,25,3,9,0,7,1,True,9924|9928|9948,2.6666666666666665,1.0,12.0,16.666666666666668,4.666666666666667,4.666666666666667,4.333333333333333,5.666666666666667,True,266273|9581|9774,0.3333333333333333,3.333333333333333,9.0,21.0,3.333333333333333,11.0,1.6666666666666667,10.333333333333334,True
15956,2018-08-25,11,La Liga,4,2018/2019,male,Real Valladolid,Barcelona,0,1,0,7,11,4,5,6,10,True,69242|266015|266603,0.6666666666666666,2.333333333333333,6.333333333333333,12.333333333333334,2.333333333333333,6.0,3.6666666666666665,4.666666666666667,True,9928|9948|15946,3.0,0.3333333333333333,16.666666666666668,12.0,6.333333333333333,3.0,4.666666666666667,4.333333333333333,True
15978,2018-09-15,11,La Liga,4,2018/2019,male,Real Sociedad,Barcelona,1,2,0,8,12,4,6,1,6,True,267373|9754|9948,1.3333333333333333,2.6666666666666665,13.333333333333334,12.666666666666666,5.0,6.0,6.333333333333333,3.6666666666666665,True,15946|15956|15973,4.0,0.6666666666666666,22.0,5.666666666666667,10.0,2.6666666666666665,8.666666666666666,3.6666666666666665,True
15998,2018-09-26,11,La Liga,4,2018/2019,male,Leganés,Barcelona,2,1,1,9,9,6,5,4,5,True,267596|9682|9870,0.6666666666666666,2.6666666666666665,13.666666666666666,12.0,4.666666666666667,6.0,4.333333333333333,4.0,True,15973|15978|15986,4.0,1.6666666666666667,21.0,7.333333333333333,11.0,4.333333333333333,7.666666666666667,2.333333333333333,True
16010,2018-09-29,11,La Liga,4,2018/2019,male,Barcelona,Athletic Club,1,1,0,20,8,7,2,4,3,True,15978|15986|15998,1.6666666666666667,1.6666666666666667,14.0,8.0,7.333333333333333,5.0,6.333333333333333,2.333333333333333,True,266874|9661|9855,0.0,2.333333333333333,12.333333333333334,16.666666666666668,3.6666666666666665,6.666666666666667,4.333333333333333,5.666666666666667,True
16023,2018-10-07,11,La Liga,4,2018/2019,male,Valencia,Barcelona,1,1,0,10,10,3,5,5,2,True,266440|9695|9880,1.3333333333333333,2.333333333333333,10.666666666666666,17.333333333333332,4.333333333333333,8.666666666666666,3.6666666666666665,7.333333333333333,True,15986|15998|16010,1.3333333333333333,1.6666666666666667,16.666666666666668,8.0,7.666666666666667,4.333333333333333,5.666666666666667,3.0,True
16029,2018-10-20,11,La Liga,4,2018/2019,male,Barcelona,Sevilla,4,2,1,23,19,9,6,5,7,True,15998|16010|16023,1.0,1.3333333333333333,13.0,9.0,5.666666666666667,3.6666666666666665,3.6666666666666665,4.0,True,266280|9673|9860,1.0,2.333333333333333,12.0,17.0,3.6666666666666665,7.0,4.0,5.333333333333333,True
16056,2018-11-11,11,La Liga,4,2018/2019,male,Barcelona,Real Betis,3,4,0,20,15,5,8,10,5,True,16010|16023|16029,2.0,1.3333333333333333,17.666666666666668,12.333333333333334,7.0,3.6666666666666665,3.6666666666666665,5.0,True,266516|9575|9765,0.3333333333333333,2.6666666666666665,9.0,13.0,3.0,5.0,4.0,4.0,True
16073,2018-11-24,11,La Liga,4,2018/2019,male,Atlético Madrid,Barcelona,1,1,0,3,7,1,2,2,8,True,267464|9642|9837,0.6666666666666666,1.3333333333333333,7.666666666666667,15.666666666666666,3.333333333333333,6.0,3.0,6.0,True,16023|16029|16056,2.6666666666666665,2.333333333333333,17.666666666666668,14.666666666666666,6.333333333333333,5.666666666666667,5.666666666666667,5.666666666666667,True
16079,2018-12-02,11,La Liga,4,2018/2019,male,Barcelona,Villarreal,2,0,1,15,12,7,2,11,1,True,16029|16056|16073,2.6666666666666665,2.333333333333333,16.666666666666668,12.333333333333334,5.333333333333333,5.0,7.666666666666667,4.666666666666667,True,266952|9717|9928,0.6666666666666666,3.6666666666666665,12.333333333333334,16.333333333333332,5.333333333333333,6.666666666666667,3.0,4.0,True
16086,2018-12-08,11,La Liga,4,2018/2019,male,Espanyol,Barcelona,0,4,0,15,17,3,9,11,4,True,267077|9592|9783,0.3333333333333333,3.0,7.333333333333333,16.333333333333332,1.6666666666666667,7.333333333333333,3.6666666666666665,6.666666666666667,True,16056|16073|16079,2.0,1.6666666666666667,14.0,10.0,4.666666666666667,3.6666666666666665,9.666666666666666,2.6666666666666665,True
16095,2018-12-16,11,La Liga,4,2018/2019,male,Levante UD,Barcelona,0,5,0,20,16,6,9,15,3,True,3825860|3825902|9742,1.0,2.333333333333333,10.333333333333334,17.333333333333332,3.0,7.333333333333333,4.333333333333333,5.666666666666667,True,16073|16079|16086,2.333333333333333,0.3333333333333333,13.0,10.0,6.0,2.0,7.666666666666667,4.666666666666667,True
16109,2018-12-22,11,La Liga,4,2018/2019,male,Barcelona,Celta Vigo,2,0,1,9,11,4,3,4,6,True,16079|16086|16095,3.6666666666666665,0.0,16.0,15.666666666666666,8.333333333333334,3.6666666666666665,6.0,9.0,True,266299|9700|9889,1.3333333333333333,3.0,11.666666666666666,18.33333333333333,4.666666666666667,7.333333333333333,2.6666666666666665,5.666666666666667,True
16120,2019-01-06,11,La Liga,4,2018/2019,male,Getafe,Barcelona,1,2,0,10,13,2,8,4,4,True,3825876|9602|9794,0.6666666666666666,1.3333333333333333,12.333333333333334,9.0,3.6666666666666665,5.333333333333333,2.6666666666666665,5.333333333333333,True,16086|16095|16109,3.6666666666666665,0.0,14.0,15.333333333333334,7.333333333333333,4.0,3.6666666666666665,10.666666666666666,True
16131,2019-01-13,11,La Liga,4,2018/2019,male,Barcelona,Eibar,3,0,1,7,16,6,2,2,3,True,16095|16109|16120,3.0,0.3333333333333333,12.666666666666666,13.666666666666666,7.0,3.6666666666666665,3.6666666666666665,8.333333333333334,True,267432|9609|9799,1.0,4.0,12.0,12.666666666666666,4.0,8.666666666666666,5.666666666666667,5.666666666666667,True
16136,2019-01-20,11,La Liga,4,2018/2019,male,Barcelona,Leganés,3,1,1,15,5,7,2,5,1,True,16109|16120|16131,2.333333333333333,0.3333333333333333,9.666666666666666,12.333333333333334,6.0,2.333333333333333,3.333333333333333,4.333333333333333,True,9682|9870|15998,1.0,2.333333333333333,12.666666666666666,10.666666666666666,4.666666666666667,5.666666666666667,4.333333333333333,4.333333333333333,True
16149,2019-01-27,11,La Liga,4,2018/2019,male,Girona,Barcelona,0,2,0,13,15,4,6,3,8,True,9620|9811|15986,1.0,3.6666666666666665,10.333333333333334,17.333333333333332,3.6666666666666665,10.0,4.666666666666667,5.333333333333333,True,16120|16131|16136,2.6666666666666665,0.6666666666666666,11.666666666666666,10.333333333333334,7.0,2.0,3.6666666666666665,2.6666666666666665,True
16157,2019-02-02,11,La Liga,4,2018/2019,male,Barcelona,Valencia,2,2,0,20,13,8,7,9,1,True,16131|16136|16149,2.6666666666666665,0.3333333333333333,12.333333333333334,11.333333333333334,6.333333333333333,2.6666666666666665,5.0,2.333333333333333,True,9695|9880|16023,1.0,1.3333333333333333,12.0,11.333333333333334,3.333333333333333,6.666666666666667,4.333333333333333,5.666666666666667,True
16173,2019-02-10,11,La Liga,4,2018/2019,male,Athletic Club,Barcelona,0,0,0,14,10,5,2,6,4,True,9661|9855|16010,0.3333333333333333,1.6666666666666667,11.666666666666666,18.0,3.333333333333333,7.0,4.666666666666667,4.666666666666667,True,16136|16149|16157,2.333333333333333,1.0,16.666666666666668,10.333333333333334,7.0,4.333333333333333,7.333333333333333,1.6666666666666667,True
16182,2019-02-16,11,La Liga,4,2018/2019,male,Barcelona,Real Valladolid,1,0,1,20,11,8,0,3,5,True,16149|16157|16173,1.3333333333333333,0.6666666666666666,15.0,13.333333333333334,5.333333333333333,5.333333333333333,7.0,3.333333333333333,True,266015|266603|15956,0.6666666666666666,1.3333333333333333,6.0,11.333333333333334,2.6666666666666665,5.333333333333333,4.0,5.666666666666667,True
16190,2019-02-23,11,La Liga,4,2018/2019,male,Sevilla,Barcelona,2,4,0,14,17,4,7,3,8,True,9673|9860|16029,1.6666666666666667,2.6666666666666665,16.0,20.33333333333333,4.666666666666667,7.666666666666667,5.0,5.666666666666667,True,16157|16173|16182,1.0,0.6666666666666666,16.666666666666668,12.666666666666666,6.0,4.0,5.333333333333333,4.0,True
16196,2019-03-02,11,La Liga,4,2018/2019,male,Real Madrid,Barcelona,0,1,0,18,10,3,4,8,6,True,267569|9736|9924,1.3333333333333333,2.6666666666666665,17.333333333333332,15.0,8.0,8.0,6.333333333333333,5.666666666666667,True,16173|16182|16190,1.6666666666666667,0.6666666666666666,15.666666666666666,13.0,5.666666666666667,3.0,5.0,4.666666666666667,True
16205,2019-03-09,11,La Liga,4,2018/2019,male,Barcelona,Rayo Vallecano,3,1,1,12,8,6,1,10,4,True,16182|16190|16196,2.0,0.6666666666666666,15.666666666666666,14.333333333333334,6.333333333333333,2.333333333333333,5.666666666666667,5.333333333333333,True,3825878|3825861|3825902,1.3333333333333333,1.3333333333333333,16.333333333333332,11.666666666666666,5.333333333333333,4.666666666666667,9.0,4.333333333333333,True
16215,2019-03-17,11,La Liga,4,2018/2019,male,Real Betis,Barcelona,1,4,0,13,16,4,9,3,7,True,9575|9765|16056,1.3333333333333333,3.333333333333333,8.333333333333334,16.333333333333332,3.333333333333333,5.333333333333333,3.0,6.666666666666667,True,16190|16196|16205,2.6666666666666665,1.0,13.0,13.333333333333334,5.666666666666667,2.6666666666666665,8.0,5.0,True
16231,2019-03-30,11,La Liga,4,2018/2019,male,Barcelona,Espanyol,2,0,1,13,3,3,2,5,2,True,16196|16205|16215,2.6666666666666665,0.6666666666666666,12.666666666666666,13.0,6.333333333333333,2.6666666666666665,7.666666666666667,5.0,True,9592|9783|16086,0.3333333333333333,3.333333333333333,10.333333333333334,16.666666666666668,2.0,7.0,6.0,6.333333333333333,True
16240,2019-04-02,11,La Liga,4,2018/2019,male,Villarreal,Barcelona,4,4,0,16,15,9,9,5,3,True,9717|9928|16079,0.3333333333333333,3.0,13.666666666666666,14.666666666666666,4.666666666666667,6.333333333333333,2.333333333333333,6.333333333333333,True,16205|16215|16231,3.0,0.6666666666666666,13.666666666666666,8.0,6.0,2.333333333333333,7.333333333333333,3.0,True
16248,2019-04-06,11,La Liga,4,2018/2019,male,Barcelona,Atlético Madrid,2,0,1,20,9,11,2,5,1,True,16215|16231|16240,3.333333333333333,1.6666666666666667,14.666666666666666,10.666666666666666,7.0,5.0,5.0,3.333333333333333,True,9642|9837|16073,0.6666666666666666,1.0,4.333333333333333,13.0,2.0,4.666666666666667,1.6666666666666667,7.0,True
16265,2019-04-20,11,La Liga,4,2018/2019,male,Barcelona,Real Sociedad,2,1,1,11,9,4,3,4,2,True,16231|16240|16248,2.6666666666666665,1.3333333333333333,16.0,9.333333333333334,7.666666666666667,4.333333333333333,4.333333333333333,2.6666666666666665,True,9754|9948|15978,1.0,2.333333333333333,11.333333333333334,11.666666666666666,4.0,5.0,5.333333333333333,4.0,True
16275,2019-04-23,11,La Liga,4,2018/2019,male,Deportivo Alavés,Barcelona,0,2,0,6,16,1,6,1,4,True,9581|9774|15946,0.3333333333333333,2.333333333333333,7.0,22.0,2.0,11.0,1.0,9.666666666666666,True,16240|16248|16265,2.6666666666666665,1.6666666666666667,15.333333333333334,11.333333333333334,8.0,4.666666666666667,4.0,2.6666666666666665,True
16289,2019-04-27,11,La Liga,4,2018/2019,male,Barcelona,Levante UD,1,0,1,23,7,12,2,6,3,True,16248|16265|16275,2.0,0.3333333333333333,15.666666666666666,8.0,7.0,2.0,4.333333333333333,1.3333333333333333,True,3825902|9742|16095,0.3333333333333333,3.6666666666666665,13.333333333333334,17.0,3.333333333333333,8.666666666666666,8.0,5.0,True
16306,2019-05-12,11,La Liga,4,2018/2019,male,Barcelona,Getafe,2,0,1,13,11,8,0,4,3,True,16265|16275|16289,1.6666666666666667,0.3333333333333333,16.666666666666668,7.333333333333333,7.333333333333333,2.0,4.666666666666667,2.0,True,9602|9794|16120,0.6666666666666666,1.3333333333333333,11.0,11.0,2.6666666666666665,6.333333333333333,3.333333333333333,5.666666666666667,True
16317,2019-05-19,11,La Liga,4,2018/2019,male,Eibar,Barcelona,2,2,0,18,8,8,3,5,2,True,9609|9799|16131,0.3333333333333333,3.6666666666666665,14.333333333333334,9.333333333333334,3.333333333333333,7.333333333333333,5.333333333333333,3.0,True,16275|16289|16306,1.6666666666666667,0.0,17.333333333333332,8.0,8.666666666666666,1.0,4.666666666666667,2.333333333333333,True
303666,2019-09-21,11,La Liga,42,2019/2020,male,Granada,Barcelona,2,0,1,9,8,4,1,4,5,True,3825853|267506|267058,1.3333333333333333,1.6666666666666667,6.333333333333333,13.0,2.6666666666666665,6.666666666666667,3.333333333333333,6.333333333333333,True,16289|16306|16317,1.6666666666666667,0.6666666666666666,14.666666666666666,12.0,7.666666666666667,3.333333333333333,4.0,3.6666666666666665,True
303430,2019-09-24,11,La Liga,42,2019/2020,male,Barcelona,Villarreal,2,1,1,9,11,4,3,6,5,True,16306|16317|303666,1.3333333333333333,1.3333333333333333,9.666666666666666,12.666666666666666,4.0,4.0,3.6666666666666665,4.0,True,9928|16079|16240,1.6666666666666667,3.6666666666666665,16.0,14.333333333333334,6.0,7.333333333333333,3.333333333333333,6.0,True
303473,2019-10-06,11,La Liga,42,2019/2020,male,Barcelona,Sevilla,4,0,1,15,16,8,4,7,11,True,16317|303666|303430,1.3333333333333333,1.6666666666666667,8.333333333333334,12.666666666666666,2.6666666666666665,5.0,4.333333333333333,4.666666666666667,True,9860|16029|16190,2.0,3.333333333333333,18.0,20.0,5.0,8.333333333333334,5.0,7.333333333333333,True
303700,2019-10-19,11,La Liga,42,2019/2020,male,Eibar,Barcelona,0,3,0,6,9,1,4,2,2,True,9799|16131|16317,0.6666666666666666,2.333333333333333,16.0,8.333333333333334,4.333333333333333,5.0,4.666666666666667,1.3333333333333333,True,303666|303430|303473,2.0,1.0,10.666666666666666,12.0,4.333333333333333,3.6666666666666665,6.0,6.666666666666667,True
303600,2019-10-29,11,La Liga,42,2019/2020,male,Barcelona,Real Valladolid,5,1,1,18,9,9,1,6,3,True,303430|303473|303700,3.0,0.3333333333333333,11.0,11.0,5.333333333333333,2.6666666666666665,5.0,6.0,True,266603|15956|16182,0.3333333333333333,0.6666666666666666,8.333333333333334,14.333333333333334,2.0,6.333333333333333,5.0,5.333333333333333,True
303504,2019-11-02,11,La Liga,42,2019/2020,male,Levante UD,Barcelona,3,1,1,9,10,3,6,2,3,True,9742|16095|16289,0.0,3.0,12.0,18.33333333333333,3.333333333333333,9.666666666666666,8.0,4.0,True,303473|303700|303600,4.0,0.3333333333333333,14.0,10.333333333333334,7.0,2.0,5.0,5.333333333333333,True
303487,2019-11-09,11,La Liga,42,2019/2020,male,Barcelona,Celta Vigo,4,1,1,9,6,7,5,2,2,True,303700|303600|303504,3.0,1.3333333333333333,12.333333333333334,8.0,6.333333333333333,1.6666666666666667,3.6666666666666665,2.333333333333333,True,9700|9889|16109,1.3333333333333333,2.0,13.0,15.0,5.0,5.666666666666667,4.333333333333333,3.6666666666666665,True
303715,2019-11-23,11,La Liga,42,2019/2020,male,Leganés,Barcelona,1,2,0,9,11,4,6,0,6,True,9870|15998|16136,1.3333333333333333,2.333333333333333,8.333333333333334,12.0,3.0,6.0,2.6666666666666665,5.0,True,303600|303504|303487,3.333333333333333,1.6666666666666667,12.333333333333334,8.0,7.333333333333333,3.0,3.6666666666666665,2.333333333333333,True
303524,2019-12-01,11,La Liga,42,2019/2020,male,Atlético Madrid,Barcelona,0,1,0,16,13,2,5,9,5,True,9837|16073|16248,0.3333333333333333,1.3333333333333333,5.666666666666667,14.666666666666666,1.3333333333333333,6.0,1.3333333333333333,8.333333333333334,True,303504|303487|303715,2.333333333333333,1.6666666666666667,10.0,8.0,6.333333333333333,4.0,3.6666666666666665,1.3333333333333333,True
303451,2019-12-07,11,La Liga,42,2019/2020,male,Barcelona,Mallorca,5,2,1,25,9,17,3,8,4,True,303487|303715|303524,2.333333333333333,0.6666666666666666,11.0,10.333333333333334,6.0,3.6666666666666665,4.333333333333333,3.6666666666666665,True,69314|69325|266724,0.6666666666666666,3.6666666666666665,6.0,16.0,1.6666666666666667,6.333333333333333,3.6666666666666665,7.333333333333333,True
303664,2019-12-14,11,La Liga,42,2019/2020,male,Real Sociedad,Barcelona,2,2,0,19,9,5,4,8,5,True,9948|15978|16265,0.6666666666666666,1.6666666666666667,10.0,11.666666666666666,3.0,4.666666666666667,3.6666666666666665,4.333333333333333,True,303715|303524|303451,2.6666666666666665,1.0,16.333333333333332,11.333333333333334,9.333333333333334,3.0,6.333333333333333,4.333333333333333,True
303596,2019-12-18,11,La Liga,42,2019/2020,male,Barcelona,Real Madrid,0,0,0,9,17,1,3,2,6,True,303524|303451|303664,2.6666666666666665,1.3333333333333333,15.666666666666666,14.666666666666666,8.666666666666666,3.333333333333333,6.0,7.0,True,9736|9924|16196,0.6666666666666666,2.0,16.0,13.0,4.333333333333333,6.333333333333333,6.666666666666667,6.333333333333333,True
303517,2019-12-21,11,La Liga,42,2019/2020,male,Barcelona,Deportivo Alavés,4,1,1,8,5,4,3,3,4,True,303451|303664|303596,2.333333333333333,1.3333333333333333,14.333333333333334,15.0,7.333333333333333,3.6666666666666665,5.0,6.0,True,9774|15946|16275,0.3333333333333333,2.333333333333333,5.333333333333333,19.666666666666668,1.6666666666666667,9.0,1.0,6.333333333333333,True
303652,2020-01-04,11,La Liga,42,2019/2020,male,Espanyol,Barcelona,2,2,0,8,14,4,7,3,5,True,9783|16086|16231,0.3333333333333333,2.333333333333333,8.333333333333334,14.333333333333334,2.333333333333333,5.0,4.333333333333333,5.333333333333333,True,303664|303596|303517,2.0,1.0,8.666666666666666,13.666666666666666,3.0,3.6666666666666665,3.333333333333333,6.0,True
303610,2020-01-19,11,La Liga,42,2019/2020,male,Barcelona,Granada,1,0,1,18,5,6,1,7,0,True,303596|303517|303652,2.0,1.0,10.333333333333334,10.0,4.0,3.333333333333333,3.333333333333333,4.333333333333333,True,267506|267058|303666,0.6666666666666666,1.3333333333333333,5.666666666666667,11.666666666666666,1.6666666666666667,5.333333333333333,3.333333333333333,6.333333333333333,True
303400,2020-01-25,11,La Liga,42,2019/2020,male,Valencia,Barcelona,2,0,1,8,14,6,5,2,0,True,9880|16023|16157,1.3333333333333333,1.6666666666666667,13.333333333333334,14.0,5.333333333333333,6.666666666666667,3.6666666666666665,5.666666666666667,True,303517|303652|303610,2.333333333333333,1.0,13.333333333333334,6.0,5.666666666666667,2.6666666666666665,5.0,2.333333333333333,True
303682,2020-02-02,11,La Liga,42,2019/2020,male,Barcelona,Levante UD,2,1,1,23,9,8,5,8,3,True,303652|303610|303400,1.0,1.3333333333333333,15.333333333333334,7.0,6.0,3.6666666666666665,4.0,1.6666666666666667,True,16095|16289|303504,1.0,2.333333333333333,12.0,16.333333333333332,3.6666666666666665,9.0,6.666666666666667,4.0,True
303707,2020-02-09,11,La Liga,42,2019/2020,male,Real Betis,Barcelona,2,3,0,7,10,4,6,0,8,True,9765|16056|16215,1.6666666666666667,4.0,11.666666666666666,16.666666666666668,4.666666666666667,7.666666666666667,4.0,6.333333333333333,True,303610|303400|303682,1.0,1.0,18.33333333333333,7.333333333333333,6.333333333333333,4.0,5.0,1.6666666666666667,True
303377,2020-02-15,11,La Liga,42,2019/2020,male,Barcelona,Getafe,2,1,1,12,6,5,2,2,3,True,303400|303682|303707,1.6666666666666667,1.6666666666666667,15.666666666666666,8.0,6.333333333333333,5.0,5.333333333333333,1.6666666666666667,True,9794|16120|16306,0.3333333333333333,1.3333333333333333,10.333333333333334,13.0,1.3333333333333333,7.333333333333333,3.333333333333333,5.666666666666667,True
303731,2020-02-22,11,La Liga,42,2019/2020,male,Barcelona,Eibar,5,0,1,13,12,11,5,5,5,True,303682|303707|303377,2.333333333333333,1.3333333333333333,15.0,7.333333333333333,6.333333333333333,3.6666666666666665,6.0,2.0,True,16131|16317|303700,0.6666666666666666,2.6666666666666665,13.333333333333334,8.0,3.6666666666666665,4.333333333333333,3.333333333333333,2.0,True
303470,2020-03-01,11,La Liga,42,2019/2020,male,Real Madrid,Barcelona,2,0,1,13,9,4,4,8,2,True,9924|16196|303596,0.6666666666666666,1.0,17.333333333333332,10.0,3.6666666666666665,3.0,6.333333333333333,4.666666666666667,True,303707|303377|303731,3.333333333333333,1.0,11.666666666666666,8.333333333333334,7.333333333333333,3.6666666666666665,5.0,2.6666666666666665,True
303479,2020-03-07,11,La Liga,42,2019/2020,male,Barcelona,Real Sociedad,1,0,1,13,10,6,1,4,4,True,303377|303731|303470,2.333333333333333,1.0,11.333333333333334,10.333333333333334,6.666666666666667,3.6666666666666665,3.0,5.333333333333333,True,15978|16265|303664,1.3333333333333333,2.0,12.0,10.666666666666666,4.0,4.666666666666667,3.6666666666666665,5.0,True
303548,2020-06-13,11,La Liga,42,2019/2020,male,Mallorca,Barcelona,0,4,0,12,12,3,7,9,3,True,69325|266724|303451,1.3333333333333333,3.6666666666666665,8.0,17.666666666666668,2.6666666666666665,9.333333333333334,4.666666666666667,7.0,True,303731|303470|303479,2.0,0.6666666666666666,11.666666666666666,11.666666666666666,7.0,3.333333333333333,3.6666666666666665,5.666666666666667,True
303532,2020-06-16,11,La Liga,42,2019/2020,male,Barcelona,Leganés,2,0,1,10,6,5,1,3,2,True,303470|303479|303548,1.6666666666666667,0.6666666666666666,11.333333333333334,11.666666666666666,5.666666666666667,2.6666666666666665,3.0,7.0,True,15998|16136|303715,1.3333333333333333,2.0,7.666666666666667,11.666666666666666,4.0,6.0,1.6666666666666667,5.333333333333333,True
303674,2020-06-19,11,La Liga,42,2019/2020,male,Sevilla,Barcelona,0,0,0,8,10,4,3,2,9,True,16029|16190|303473,1.3333333333333333,4.0,16.333333333333332,18.33333333333333,4.666666666666667,8.0,7.0,6.666666666666667,True,303479|303548|303532,2.333333333333333,0.0,11.666666666666666,9.333333333333334,6.0,1.6666666666666667,3.333333333333333,5.0,True
303493,2020-06-23,11,La Liga,42,2019/2020,male,Barcelona,Athletic Club,1,0,1,18,7,5,0,6,2,True,303548|303532|303674,2.0,0.0,10.666666666666666,8.666666666666666,5.0,2.6666666666666665,5.0,4.333333333333333,True,9855|16010|16173,0.3333333333333333,1.0,10.666666666666666,15.666666666666666,3.333333333333333,6.0,4.666666666666667,4.666666666666667,True
303516,2020-06-27,11,La Liga,42,2019/2020,male,Celta Vigo,Barcelona,2,2,0,10,18,6,2,3,8,True,9889|16109|303487,1.0,2.6666666666666665,11.666666666666666,10.666666666666666,5.0,5.666666666666667,4.666666666666667,3.0,True,303532|303674|303493,1.0,0.0,12.666666666666666,7.0,4.333333333333333,1.6666666666666667,6.0,2.0,True
303696,2020-06-30,11,La Liga,42,2019/2020,male,Barcelona,Atlético Madrid,2,2,0,12,10,5,3,3,1,True,303674|303493|303516,1.0,0.6666666666666666,15.333333333333334,8.333333333333334,3.333333333333333,3.333333333333333,7.666666666666667,2.333333333333333,True,16073|16248|303524,0.3333333333333333,1.3333333333333333,9.333333333333334,13.333333333333334,1.6666666666666667,6.0,4.0,6.0,True
303725,2020-07-05,11,La Liga,42,2019/2020,male,Villarreal,Barcelona,1,4,0,10,18,4,13,2,6,True,16079|16240|303430,1.6666666666666667,2.6666666666666665,13.0,13.0,4.666666666666667,6.666666666666667,3.6666666666666665,6.666666666666667,True,303493|303516|303696,1.6666666666666667,1.3333333333333333,16.0,9.0,4.0,3.0,5.666666666666667,2.0,True
303615,2020-07-08,11,La Liga,42,2019/2020,male,Barcelona,Espanyol,1,0,1,9,11,3,2,6,5,True,303516|303696|303725,2.6666666666666665,1.6666666666666667,16.0,10.0,6.666666666666667,4.333333333333333,5.666666666666667,2.0,True,16086|16231|303652,0.6666666666666666,2.6666666666666665,8.666666666666666,14.666666666666666,3.0,6.333333333333333,5.333333333333333,4.666666666666667,True
303680,2020-07-11,11,La Liga,42,2019/2020,male,Real Valladolid,Barcelona,0,1,0,13,10,5,6,4,5,True,15956|16182|303600,0.3333333333333333,2.333333333333333,9.0,16.333333333333332,1.6666666666666667,7.333333333333333,4.666666666666667,6.333333333333333,True,303696|303725|303615,2.333333333333333,1.0,13.0,10.333333333333334,7.0,3.0,5.0,2.6666666666666665,True
303634,2020-07-16,11,La Liga,42,2019/2020,male,Barcelona,Osasuna,1,2,0,18,9,2,5,10,2,True,303725|303615|303680,2.0,0.3333333333333333,12.333333333333334,11.333333333333334,7.333333333333333,3.6666666666666665,5.666666666666667,3.6666666666666665,True,266074|266357|267101,0.3333333333333333,5.666666666666667,4.333333333333333,18.666666666666668,2.333333333333333,9.0,2.333333333333333,6.0,True
303421,2020-07-19,11,La Liga,42,2019/2020,male,Deportivo Alavés,Barcelona,0,5,0,7,16,0,8,2,1,True,15946|16275|303517,0.3333333333333333,3.0,4.666666666666667,16.333333333333332,1.3333333333333333,6.333333333333333,2.0,4.666666666666667,True,303615|303680|303634,1.0,0.6666666666666666,12.333333333333334,11.0,3.6666666666666665,4.0,7.0,3.6666666666666665,True
3773593,2020-09-27,11,La Liga,90,2020/2021,male,Barcelona,Villarreal,4,0,1,17,5,9,1,8,4,True,303680|303634|303421,2.333333333333333,0.6666666666666666,14.666666666666666,9.666666666666666,5.333333333333333,3.333333333333333,5.333333333333333,2.6666666666666665,True,16240|303430|303725,2.0,3.333333333333333,12.333333333333334,14.0,5.333333333333333,8.666666666666666,4.0,5.0,True
3773466,2020-10-01,11,La Liga,90,2020/2021,male,Celta Vigo,Barcelona,0,3,0,10,7,3,4,3,7,True,16109|303487|303516,1.0,2.6666666666666665,9.0,12.0,4.666666666666667,4.333333333333333,3.6666666666666665,4.666666666666667,True,303634|303421|3773593,3.333333333333333,0.6666666666666666,17.0,7.0,6.333333333333333,2.0,6.333333333333333,2.6666666666666665,True
3773672,2020-10-04,11,La Liga,90,2020/2021,male,Barcelona,Sevilla,1,1,0,11,10,5,1,6,5,True,303421|3773593|3773466,4.0,0.0,13.333333333333334,7.333333333333333,7.0,1.3333333333333333,5.333333333333333,3.0,True,16190|303473|303674,0.6666666666666666,2.6666666666666665,12.666666666666666,14.0,4.0,6.0,5.333333333333333,8.0,True
3773587,2020-10-17,11,La Liga,90,2020/2021,male,Getafe,Barcelona,1,0,1,9,7,5,1,7,2,True,16120|16306|303377,0.6666666666666666,2.0,9.0,12.666666666666666,1.3333333333333333,7.0,3.333333333333333,3.333333333333333,True,3773593|3773466|3773672,2.6666666666666665,0.3333333333333333,11.666666666666666,8.333333333333334,6.0,1.6666666666666667,7.0,4.0,True
3773585,2020-10-24,11,La Liga,90,2020/2021,male,Barcelona,Real Madrid,1,3,0,10,16,4,9,7,7,True,3773466|3773672|3773587,1.3333333333333333,0.6666666666666666,8.333333333333334,9.666666666666666,3.333333333333333,3.0,5.0,5.0,True,16196|303596|303470,0.6666666666666666,0.3333333333333333,16.0,9.333333333333334,3.333333333333333,3.0,7.333333333333333,3.333333333333333,True
3773386,2020-10-31,11,La Liga,90,2020/2021,male,Deportivo Alavés,Barcelona,1,1,0,4,25,3,8,2,14,True,16275|303517|303421,0.3333333333333333,3.6666666666666665,6.0,13.333333333333334,1.3333333333333333,6.0,2.333333333333333,2.6666666666666665,True,3773672|3773587|3773585,0.6666666666666666,1.6666666666666667,9.333333333333334,11.666666666666666,3.333333333333333,5.0,5.0,6.333333333333333,True
3773477,2020-11-07,11,La Liga,90,2020/2021,male,Barcelona,Real Betis,5,2,1,17,12,9,6,9,5,True,3773587|3773585|3773386,0.6666666666666666,1.6666666666666667,14.0,9.666666666666666,4.333333333333333,5.666666666666667,7.666666666666667,5.333333333333333,True,16056|16215|303707,2.333333333333333,3.333333333333333,11.666666666666666,15.333333333333334,5.333333333333333,6.666666666666667,2.6666666666666665,8.333333333333334,True
3773656,2020-11-21,11,La Liga,90,2020/2021,male,Atlético Madrid,Barcelona,1,0,1,10,13,2,4,8,8,True,16248|303524|303696,0.6666666666666666,1.6666666666666667,11.666666666666666,15.0,2.333333333333333,7.0,3.6666666666666665,4.333333333333333,True,3773585|3773386|3773477,2.333333333333333,2.0,17.333333333333332,10.666666666666666,7.0,6.0,10.0,4.666666666666667,True
3773547,2020-11-29,11,La Liga,90,2020/2021,male,Barcelona,Osasuna,4,0,1,20,10,10,5,5,3,True,3773386|3773477|3773656,2.0,1.3333333333333333,18.33333333333333,8.666666666666666,7.0,3.6666666666666665,10.333333333333334,5.0,True,266357|267101|303634,1.0,3.6666666666666665,5.333333333333333,18.0,3.0,6.0,1.6666666666666667,8.333333333333334,True
3773660,2020-12-13,11,La Liga,90,2020/2021,male,Barcelona,Levante UD,1,0,1,24,6,13,3,12,4,True,3773656|3773547|3773428,1.6666666666666667,1.0,18.0,9.333333333333334,7.333333333333333,3.333333333333333,8.666666666666666,5.333333333333333,True,16289|303504|303682,1.3333333333333333,1.3333333333333333,8.333333333333334,18.666666666666668,3.333333333333333,8.666666666666666,2.6666666666666665,5.666666666666667,True
3773523,2020-12-16,11,La Liga,90,2020/2021,male,Barcelona,Real Sociedad,2,1,1,14,12,5,5,2,3,True,3773547|3773428|3773660,2.0,0.6666666666666666,21.666666666666668,8.0,10.333333333333334,3.6666666666666665,10.0,4.0,True,16265|303664|303479,1.0,1.6666666666666667,12.666666666666666,11.0,3.0,4.666666666666667,4.666666666666667,4.333333333333333,True
3773377,2020-12-19,11,La Liga,90,2020/2021,male,Barcelona,Valencia,2,2,0,24,11,9,4,8,3,True,3773428|3773660|3773523,1.3333333333333333,1.0,19.666666666666668,8.666666666666666,8.666666666666666,3.6666666666666665,9.0,4.0,True,16023|16157|303400,1.6666666666666667,1.0,10.333333333333334,14.666666666666666,5.333333333333333,6.0,2.6666666666666665,3.6666666666666665,True
3773571,2020-12-22,11,La Liga,90,2020/2021,male,Real Valladolid,Barcelona,0,3,0,12,21,5,10,4,5,True,16182|303600|303680,0.3333333333333333,2.333333333333333,11.0,16.0,2.0,7.666666666666667,4.0,4.666666666666667,True,3773660|3773523|3773377,1.6666666666666667,1.0,20.666666666666668,9.666666666666666,9.0,4.0,7.333333333333333,3.333333333333333,True
3764661,2021-01-06,11,La Liga,90,2020/2021,male,Athletic Club,Barcelona,2,3,0,8,13,4,9,3,4,True,16010|16173|303493,0.3333333333333333,0.6666666666666666,9.666666666666666,16.0,2.333333333333333,4.666666666666667,3.6666666666666665,4.666666666666667,True,3773377|3773571|3773552,2.0,0.6666666666666666,21.666666666666668,9.0,8.333333333333334,4.333333333333333,6.333333333333333,3.0,True
3773565,2021-01-09,11,La Liga,90,2020/2021,male,Granada,Barcelona,0,4,0,8,14,4,4,4,1,True,267058|303666|303610,0.6666666666666666,0.6666666666666666,5.0,13.666666666666666,1.6666666666666667,4.0,1.6666666666666667,6.666666666666667,True,3773571|3773552|3764661,2.333333333333333,0.6666666666666666,18.0,8.0,8.333333333333334,4.333333333333333,5.0,3.0,True
3773403,2021-01-31,11,La Liga,90,2020/2021,male,Barcelona,Athletic Club,2,1,1,12,7,6,2,7,3,True,3773552|3764661|3773565,2.6666666666666665,0.6666666666666666,15.666666666666666,6.666666666666667,6.333333333333333,4.0,3.6666666666666665,3.0,True,16173|303493|3764661,0.6666666666666666,1.3333333333333333,9.666666666666666,13.666666666666666,3.0,5.333333333333333,3.6666666666666665,4.666666666666667,True
3773631,2021-02-07,11,La Liga,90,2020/2021,male,Real Betis,Barcelona,2,3,0,8,12,5,3,3,5,True,16215|303707|3773477,1.6666666666666667,4.0,10.666666666666666,14.333333333333334,4.666666666666667,8.0,2.6666666666666665,8.0,True,3764661|3773565|3773403,3.0,1.0,13.0,7.666666666666667,6.333333333333333,3.333333333333333,4.0,3.333333333333333,True
3773526,2021-02-13,11,La Liga,90,2020/2021,male,Barcelona,Deportivo Alavés,5,1,1,17,6,9,2,5,4,True,3773565|3773403|3773631,3.0,1.0,12.666666666666666,7.666666666666667,4.333333333333333,3.6666666666666665,4.333333333333333,3.333333333333333,True,303517|303421|3773386,0.6666666666666666,3.333333333333333,5.333333333333333,16.333333333333332,2.0,6.666666666666667,2.6666666666666665,6.0,True
3764440,2021-02-24,11,La Liga,90,2020/2021,male,Barcelona,Elche,3,0,1,9,6,5,1,6,3,True,3773631|3773526|3773415,3.0,1.3333333333333333,16.333333333333332,5.666666666666667,5.333333333333333,2.6666666666666665,6.0,2.333333333333333,True,266201|266921|266794,0.0,3.0,5.666666666666667,15.333333333333334,1.3333333333333333,7.0,1.6666666666666667,5.666666666666667,True
3773625,2021-02-27,11,La Liga,90,2020/2021,male,Sevilla,Barcelona,0,2,0,3,9,1,5,3,3,True,303473|303674|3773672,0.3333333333333333,1.6666666666666667,11.333333333333334,12.0,3.0,5.333333333333333,6.0,7.333333333333333,True,3773526|3773415|3764440,3.0,0.6666666666666666,15.333333333333334,5.0,6.0,1.3333333333333333,6.333333333333333,2.333333333333333,True
3773665,2021-03-06,11,La Liga,90,2020/2021,male,Osasuna,Barcelona,0,2,0,10,13,3,6,3,4,True,267101|303634|3773547,1.0,4.0,7.333333333333333,19.0,4.333333333333333,7.333333333333333,2.0,8.333333333333334,True,3773415|3764440|3773625,2.0,0.3333333333333333,12.666666666666666,4.0,4.666666666666667,1.0,5.666666666666667,2.0,True
3773597,2021-03-21,11,La Liga,90,2020/2021,male,Real Sociedad,Barcelona,1,6,0,10,14,5,10,1,1,True,303664|303479|3773523,1.0,1.6666666666666667,13.666666666666666,12.0,3.6666666666666665,5.0,5.0,3.6666666666666665,True,3773625|3773665|3773369,2.6666666666666665,0.3333333333333333,11.333333333333334,7.0,5.333333333333333,2.6666666666666665,4.666666666666667,3.0,True
3773474,2021-04-05,11,La Liga,90,2020/2021,male,Barcelona,Real Valladolid,1,0,1,25,7,10,2,4,1,True,3773665|3773369|3773597,4.0,0.6666666666666666,13.0,9.333333333333334,7.0,4.0,4.0,2.333333333333333,True,303600|303680|3773571,0.3333333333333333,3.0,11.333333333333334,16.333333333333332,3.6666666666666665,8.333333333333334,3.6666666666666665,5.333333333333333,True
3773497,2021-04-10,11,La Liga,90,2020/2021,male,Real Madrid,Barcelona,2,1,1,14,18,3,4,5,6,True,303596|303470|3773585,1.6666666666666667,0.3333333333333333,15.333333333333334,9.333333333333334,5.333333333333333,3.0,7.0,3.6666666666666665,True,3773369|3773597|3773474,3.6666666666666665,0.6666666666666666,17.0,8.333333333333334,8.333333333333334,3.6666666666666665,4.0,1.6666666666666667,True
3773661,2021-04-22,11,La Liga,90,2020/2021,male,Barcelona,Getafe,5,2,1,9,5,6,1,3,1,True,3773597|3773474|3773497,2.6666666666666665,1.0,19.0,10.333333333333334,8.0,3.333333333333333,3.6666666666666665,2.333333333333333,True,16306|303377|3773587,0.6666666666666666,1.3333333333333333,8.666666666666666,10.666666666666666,2.333333333333333,4.666666666666667,4.333333333333333,2.6666666666666665,True
3773689,2021-04-25,11,La Liga,90,2020/2021,male,Villarreal,Barcelona,1,2,0,10,15,5,5,6,1,True,303430|303725|3773593,0.6666666666666666,3.333333333333333,8.666666666666666,14.666666666666666,2.6666666666666665,8.666666666666666,3.6666666666666665,6.666666666666667,True,3773474|3773497|3773661,2.333333333333333,1.3333333333333333,17.333333333333332,8.666666666666666,6.666666666666667,2.0,4.333333333333333,2.333333333333333,True
3773586,2021-04-29,11,La Liga,90,2020/2021,male,Barcelona,Granada,1,2,0,16,5,4,2,6,1,True,3773497|3773661|3773689,2.6666666666666665,1.6666666666666667,14.0,9.666666666666666,5.0,3.0,3.333333333333333,4.0,True,303666|303610|3773565,0.6666666666666666,1.6666666666666667,7.333333333333333,13.333333333333334,3.0,3.6666666666666665,2.6666666666666665,4.333333333333333,True
3773695,2021-05-02,11,La Liga,90,2020/2021,male,Valencia,Barcelona,2,3,0,9,14,4,6,2,1,True,16157|303400|3773377,2.0,1.3333333333333333,10.666666666666666,19.33333333333333,5.666666666666667,7.333333333333333,2.0,5.666666666666667,True,3773661|3773689|3773586,2.6666666666666665,1.6666666666666667,13.333333333333334,6.666666666666667,5.0,2.6666666666666665,3.333333333333333,2.6666666666666665,True
3773372,2021-05-08,11,La Liga,90,2020/2021,male,Barcelona,Atlético Madrid,0,0,0,12,10,7,5,5,7,True,3773689|3773586|3773695,2.0,1.6666666666666667,15.0,8.0,5.0,3.6666666666666665,2.6666666666666665,3.0,True,303524|303696|3773656,1.0,1.0,12.0,12.666666666666666,2.333333333333333,4.666666666666667,6.0,5.333333333333333,True
3773387,2021-05-11,11,La Liga,90,2020/2021,male,Levante UD,Barcelona,3,3,0,16,17,6,5,8,6,True,303504|303682|3773660,1.3333333333333333,1.3333333333333333,8.0,19.0,3.6666666666666665,9.0,3.0,7.666666666666667,True,3773586|3773695|3773372,1.3333333333333333,1.3333333333333333,14.0,8.0,5.666666666666667,3.6666666666666665,4.0,3.333333333333333,True
3773457,2021-05-16,11,La Liga,90,2020/2021,male,Barcelona,Celta Vigo,1,2,0,21,4,4,4,7,1,True,3773695|3773372|3773387,2.0,1.6666666666666667,14.333333333333334,11.666666666666666,6.0,5.0,4.0,5.666666666666667,True,303487|303516|3773466,1.0,3.0,8.666666666666666,11.333333333333334,4.666666666666667,4.333333333333333,2.6666666666666665,5.666666666666667,True
