fold,level,role,match_id,strategy
1,outer,train,68335,rolling_origin_40pct_initial_train
1,outer,train,69179,rolling_origin_40pct_initial_train
1,outer,train,69180,rolling_origin_40pct_initial_train
1,outer,train,69169,rolling_origin_40pct_initial_train
1,outer,train,69148,rolling_origin_40pct_initial_train
1,outer,train,69178,rolling_origin_40pct_initial_train
1,outer,train,68356,rolling_origin_40pct_initial_train
1,outer,train,69173,rolling_origin_40pct_initial_train
1,outer,train,69181,rolling_origin_40pct_initial_train
1,outer,train,69187,rolling_origin_40pct_initial_train
1,outer,train,69146,rolling_origin_40pct_initial_train
1,outer,train,69182,rolling_origin_40pct_initial_train
1,outer,train,68360,rolling_origin_40pct_initial_train
1,outer,train,68365,rolling_origin_40pct_initial_train
1,outer,train,68359,rolling_origin_40pct_initial_train
1,outer,train,69141,rolling_origin_40pct_initial_train
1,outer,train,68361,rolling_origin_40pct_initial_train
1,outer,train,69215,rolling_origin_40pct_initial_train
1,outer,train,69207,rolling_origin_40pct_initial_train
1,outer,train,69211,rolling_origin_40pct_initial_train
1,outer,train,69212,rolling_origin_40pct_initial_train
1,outer,train,69171,rolling_origin_40pct_initial_train
1,outer,train,69149,rolling_origin_40pct_initial_train
1,outer,train,69225,rolling_origin_40pct_initial_train
1,outer,train,69228,rolling_origin_40pct_initial_train
1,outer,train,69230,rolling_origin_40pct_initial_train
1,outer,train,69183,rolling_origin_40pct_initial_train
1,outer,train,69209,rolling_origin_40pct_initial_train
1,outer,train,69195,rolling_origin_40pct_initial_train
1,outer,train,69139,rolling_origin_40pct_initial_train
1,outer,train,69185,rolling_origin_40pct_initial_train
1,outer,train,69216,rolling_origin_40pct_initial_train
1,outer,train,69142,rolling_origin_40pct_initial_train
1,outer,train,69223,rolling_origin_40pct_initial_train
1,outer,train,69251,rolling_origin_40pct_initial_train
1,outer,train,69249,rolling_origin_40pct_initial_train
1,outer,train,69217,rolling_origin_40pct_initial_train
1,outer,train,69229,rolling_origin_40pct_initial_train
1,outer,train,69292,rolling_origin_40pct_initial_train
1,outer,train,69254,rolling_origin_40pct_initial_train
1,outer,train,69255,rolling_origin_40pct_initial_train
1,outer,train,69256,rolling_origin_40pct_initial_train
1,outer,train,69252,rolling_origin_40pct_initial_train
1,outer,train,69253,rolling_origin_40pct_initial_train
1,outer,train,69277,rolling_origin_40pct_initial_train
1,outer,train,69250,rolling_origin_40pct_initial_train
1,outer,train,69288,rolling_origin_40pct_initial_train
1,outer,train,69262,rolling_origin_40pct_initial_train
1,outer,train,69218,rolling_origin_40pct_initial_train
1,outer,train,69243,rolling_origin_40pct_initial_train
1,outer,train,69210,rolling_origin_40pct_initial_train
1,outer,train,69240,rolling_origin_40pct_initial_train
1,outer,train,69237,rolling_origin_40pct_initial_train
1,outer,train,69233,rolling_origin_40pct_initial_train
1,outer,train,69238,rolling_origin_40pct_initial_train
1,outer,train,69226,rolling_origin_40pct_initial_train
1,outer,train,69224,rolling_origin_40pct_initial_train
1,outer,train,69227,rolling_origin_40pct_initial_train
1,outer,train,69257,rolling_origin_40pct_initial_train
1,outer,train,69298,rolling_origin_40pct_initial_train
1,outer,train,69247,rolling_origin_40pct_initial_train
1,outer,train,69259,rolling_origin_40pct_initial_train
1,outer,train,69221,rolling_origin_40pct_initial_train
1,outer,train,69213,rolling_origin_40pct_initial_train
1,outer,train,69244,rolling_origin_40pct_initial_train
1,outer,train,69239,rolling_origin_40pct_initial_train
1,outer,train,69286,rolling_origin_40pct_initial_train
1,outer,train,69269,rolling_origin_40pct_initial_train
1,outer,train,69236,rolling_origin_40pct_initial_train
1,outer,train,69260,rolling_origin_40pct_initial_train
1,outer,train,69263,rolling_origin_40pct_initial_train
1,outer,train,69289,rolling_origin_40pct_initial_train
1,outer,train,69270,rolling_origin_40pct_initial_train
1,outer,train,69308,rolling_origin_40pct_initial_train
1,outer,train,69306,rolling_origin_40pct_initial_train
1,outer,train,69299,rolling_origin_40pct_initial_train
1,outer,train,69307,rolling_origin_40pct_initial_train
1,outer,train,69275,rolling_origin_40pct_initial_train
1,outer,train,69280,rolling_origin_40pct_initial_train
1,outer,train,69278,rolling_origin_40pct_initial_train
1,outer,train,69276,rolling_origin_40pct_initial_train
1,outer,train,69248,rolling_origin_40pct_initial_train
1,outer,train,69282,rolling_origin_40pct_initial_train
1,outer,train,69283,rolling_origin_40pct_initial_train
1,outer,train,69274,rolling_origin_40pct_initial_train
1,outer,train,69300,rolling_origin_40pct_initial_train
1,outer,train,69291,rolling_origin_40pct_initial_train
1,outer,train,69303,rolling_origin_40pct_initial_train
1,outer,train,69304,rolling_origin_40pct_initial_train
1,outer,train,69305,rolling_origin_40pct_initial_train
1,outer,train,69245,rolling_origin_40pct_initial_train
1,outer,train,69271,rolling_origin_40pct_initial_train
1,outer,train,69234,rolling_origin_40pct_initial_train
1,outer,train,69272,rolling_origin_40pct_initial_train
1,outer,train,69268,rolling_origin_40pct_initial_train
1,outer,train,69264,rolling_origin_40pct_initial_train
1,outer,train,70220,rolling_origin_40pct_initial_train
1,outer,train,70223,rolling_origin_40pct_initial_train
1,outer,train,69297,rolling_origin_40pct_initial_train
1,outer,train,69265,rolling_origin_40pct_initial_train
1,outer,train,69329,rolling_origin_40pct_initial_train
1,outer,train,69330,rolling_origin_40pct_initial_train
1,outer,train,69315,rolling_origin_40pct_initial_train
1,outer,train,69333,rolling_origin_40pct_initial_train
1,outer,train,69334,rolling_origin_40pct_initial_train
1,outer,train,69312,rolling_origin_40pct_initial_train
1,outer,train,69327,rolling_origin_40pct_initial_train
1,outer,train,69335,rolling_origin_40pct_initial_train
1,outer,train,69338,rolling_origin_40pct_initial_train
1,outer,train,69316,rolling_origin_40pct_initial_train
1,outer,train,69336,rolling_origin_40pct_initial_train
1,outer,train,69328,rolling_origin_40pct_initial_train
1,outer,train,69337,rolling_origin_40pct_initial_train
1,outer,train,69326,rolling_origin_40pct_initial_train
1,outer,train,69323,rolling_origin_40pct_initial_train
1,outer,train,69343,rolling_origin_40pct_initial_train
1,outer,train,70221,rolling_origin_40pct_initial_train
1,outer,train,69324,rolling_origin_40pct_initial_train
1,outer,train,69340,rolling_origin_40pct_initial_train
1,outer,train,69320,rolling_origin_40pct_initial_train
1,outer,train,69319,rolling_origin_40pct_initial_train
1,outer,train,70259,rolling_origin_40pct_initial_train
1,outer,train,70262,rolling_origin_40pct_initial_train
1,outer,train,70286,rolling_origin_40pct_initial_train
1,outer,train,70292,rolling_origin_40pct_initial_train
1,outer,train,70275,rolling_origin_40pct_initial_train
1,outer,train,70300,rolling_origin_40pct_initial_train
1,outer,train,70304,rolling_origin_40pct_initial_train
1,outer,train,70280,rolling_origin_40pct_initial_train
1,outer,train,70263,rolling_origin_40pct_initial_train
1,outer,train,70295,rolling_origin_40pct_initial_train
1,outer,train,70296,rolling_origin_40pct_initial_train
1,outer,train,266433,rolling_origin_40pct_initial_train
1,outer,train,266827,rolling_origin_40pct_initial_train
1,outer,train,70287,rolling_origin_40pct_initial_train
1,outer,train,70282,rolling_origin_40pct_initial_train
1,outer,train,70297,rolling_origin_40pct_initial_train
1,outer,train,70294,rolling_origin_40pct_initial_train
1,outer,train,70271,rolling_origin_40pct_initial_train
1,outer,train,70272,rolling_origin_40pct_initial_train
1,outer,train,70305,rolling_origin_40pct_initial_train
1,outer,train,70307,rolling_origin_40pct_initial_train
1,outer,train,70256,rolling_origin_40pct_initial_train
1,outer,train,267502,rolling_origin_40pct_initial_train
1,outer,train,70281,rolling_origin_40pct_initial_train
1,outer,train,70284,rolling_origin_40pct_initial_train
1,outer,train,70277,rolling_origin_40pct_initial_train
1,outer,train,70298,rolling_origin_40pct_initial_train
1,outer,train,70301,rolling_origin_40pct_initial_train
1,outer,train,70302,rolling_origin_40pct_initial_train
1,outer,train,267520,rolling_origin_40pct_initial_train
1,outer,train,266420,rolling_origin_40pct_initial_train
1,outer,train,70293,rolling_origin_40pct_initial_train
1,outer,train,267192,rolling_origin_40pct_initial_train
1,outer,train,70283,rolling_origin_40pct_initial_train
1,outer,train,266883,rolling_origin_40pct_initial_train
1,outer,train,265830,rolling_origin_40pct_initial_train
1,outer,train,70288,rolling_origin_40pct_initial_train
1,outer,train,70291,rolling_origin_40pct_initial_train
1,outer,train,266613,rolling_origin_40pct_initial_train
1,outer,train,267675,rolling_origin_40pct_initial_train
1,outer,train,265918,rolling_origin_40pct_initial_train
1,outer,train,265837,rolling_origin_40pct_initial_train
1,outer,train,265857,rolling_origin_40pct_initial_train
1,outer,train,266274,rolling_origin_40pct_initial_train
1,outer,train,70306,rolling_origin_40pct_initial_train
1,outer,train,267368,rolling_origin_40pct_initial_train
1,outer,train,267138,rolling_origin_40pct_initial_train
1,outer,train,267567,rolling_origin_40pct_initial_train
1,outer,train,70289,rolling_origin_40pct_initial_train
1,outer,train,266491,rolling_origin_40pct_initial_train
1,outer,train,266256,rolling_origin_40pct_initial_train
1,outer,train,266406,rolling_origin_40pct_initial_train
1,outer,train,70273,rolling_origin_40pct_initial_train
1,outer,train,266770,rolling_origin_40pct_initial_train
1,outer,train,266838,rolling_origin_40pct_initial_train
1,outer,train,266117,rolling_origin_40pct_initial_train
1,outer,train,267561,rolling_origin_40pct_initial_train
1,outer,train,267085,rolling_origin_40pct_initial_train
1,outer,train,267301,rolling_origin_40pct_initial_train
1,outer,train,265835,rolling_origin_40pct_initial_train
1,outer,train,266560,rolling_origin_40pct_initial_train
1,outer,train,266320,rolling_origin_40pct_initial_train
1,outer,train,70264,rolling_origin_40pct_initial_train
1,outer,train,266240,rolling_origin_40pct_initial_train
1,outer,train,70303,rolling_origin_40pct_initial_train
1,outer,train,266230,rolling_origin_40pct_initial_train
1,outer,train,267597,rolling_origin_40pct_initial_train
1,outer,train,266871,rolling_origin_40pct_initial_train
1,outer,train,266741,rolling_origin_40pct_initial_train
1,outer,train,266148,rolling_origin_40pct_initial_train
1,outer,train,267343,rolling_origin_40pct_initial_train
1,outer,train,266916,rolling_origin_40pct_initial_train
1,outer,train,267183,rolling_origin_40pct_initial_train
1,outer,train,266929,rolling_origin_40pct_initial_train
1,outer,train,266142,rolling_origin_40pct_initial_train
1,outer,train,266525,rolling_origin_40pct_initial_train
1,outer,train,266531,rolling_origin_40pct_initial_train
1,outer,train,265963,rolling_origin_40pct_initial_train
1,outer,train,266045,rolling_origin_40pct_initial_train
1,outer,train,266631,rolling_origin_40pct_initial_train
1,outer,train,267197,rolling_origin_40pct_initial_train
1,outer,train,3825562,rolling_origin_40pct_initial_train
1,outer,train,3825564,rolling_origin_40pct_initial_train
1,outer,train,3825565,rolling_origin_40pct_initial_train
1,outer,train,3825566,rolling_origin_40pct_initial_train
1,outer,train,266236,rolling_origin_40pct_initial_train
1,outer,train,3825567,rolling_origin_40pct_initial_train
1,outer,train,3825568,rolling_origin_40pct_initial_train
1,outer,train,3825569,rolling_origin_40pct_initial_train
1,outer,train,3825571,rolling_origin_40pct_initial_train
1,outer,train,267422,rolling_origin_40pct_initial_train
1,outer,train,3825572,rolling_origin_40pct_initial_train
1,outer,train,3825573,rolling_origin_40pct_initial_train
1,outer,train,3825574,rolling_origin_40pct_initial_train
1,outer,train,3825576,rolling_origin_40pct_initial_train
1,outer,train,3825577,rolling_origin_40pct_initial_train
1,outer,train,3825578,rolling_origin_40pct_initial_train
1,outer,train,3825579,rolling_origin_40pct_initial_train
1,outer,train,3825580,rolling_origin_40pct_initial_train
1,outer,train,266166,rolling_origin_40pct_initial_train
1,outer,train,3825581,rolling_origin_40pct_initial_train
1,outer,train,3825582,rolling_origin_40pct_initial_train
1,outer,train,3825583,rolling_origin_40pct_initial_train
1,outer,train,3825584,rolling_origin_40pct_initial_train
1,outer,train,3825586,rolling_origin_40pct_initial_train
1,outer,train,3825587,rolling_origin_40pct_initial_train
1,outer,train,3825588,rolling_origin_40pct_initial_train
1,outer,train,3825589,rolling_origin_40pct_initial_train
1,outer,train,3825590,rolling_origin_40pct_initial_train
1,outer,train,3825591,rolling_origin_40pct_initial_train
1,outer,train,3825592,rolling_origin_40pct_initial_train
1,outer,train,3825593,rolling_origin_40pct_initial_train
1,outer,train,266490,rolling_origin_40pct_initial_train
1,outer,train,3825594,rolling_origin_40pct_initial_train
1,outer,train,3825595,rolling_origin_40pct_initial_train
1,outer,train,3825596,rolling_origin_40pct_initial_train
1,outer,train,3825597,rolling_origin_40pct_initial_train
1,outer,train,3825598,rolling_origin_40pct_initial_train
1,outer,train,3825599,rolling_origin_40pct_initial_train
1,outer,train,3825892,rolling_origin_40pct_initial_train
1,outer,train,266467,rolling_origin_40pct_initial_train
1,outer,train,3825600,rolling_origin_40pct_initial_train
1,outer,train,3825601,rolling_origin_40pct_initial_train
1,outer,train,3825602,rolling_origin_40pct_initial_train
1,outer,train,3825848,rolling_origin_40pct_initial_train
1,outer,train,3825895,rolling_origin_40pct_initial_train
1,outer,train,3825603,rolling_origin_40pct_initial_train
1,outer,train,3825605,rolling_origin_40pct_initial_train
1,outer,train,3825606,rolling_origin_40pct_initial_train
1,outer,train,3825611,rolling_origin_40pct_initial_train
1,outer,test,3825637,rolling_origin_40pct_initial_train
1,outer,test,3825638,rolling_origin_40pct_initial_train
1,outer,test,3825639,rolling_origin_40pct_initial_train
1,outer,test,3825640,rolling_origin_40pct_initial_train
1,outer,test,3825641,rolling_origin_40pct_initial_train
1,outer,test,3825642,rolling_origin_40pct_initial_train
1,outer,test,3825643,rolling_origin_40pct_initial_train
1,outer,test,3825644,rolling_origin_40pct_initial_train
1,outer,test,3825645,rolling_origin_40pct_initial_train
1,outer,test,3825646,rolling_origin_40pct_initial_train
1,outer,test,3825647,rolling_origin_40pct_initial_train
1,outer,test,3825648,rolling_origin_40pct_initial_train
1,outer,test,3825649,rolling_origin_40pct_initial_train
1,outer,test,3825650,rolling_origin_40pct_initial_train
1,outer,test,3825651,rolling_origin_40pct_initial_train
1,outer,test,3825652,rolling_origin_40pct_initial_train
1,outer,test,3825653,rolling_origin_40pct_initial_train
1,outer,test,3825654,rolling_origin_40pct_initial_train
1,outer,test,3825655,rolling_origin_40pct_initial_train
1,outer,test,3825656,rolling_origin_40pct_initial_train
1,outer,test,3825657,rolling_origin_40pct_initial_train
1,outer,test,3825658,rolling_origin_40pct_initial_train
1,outer,test,3825659,rolling_origin_40pct_initial_train
1,outer,test,3825660,rolling_origin_40pct_initial_train
1,outer,test,3825661,rolling_origin_40pct_initial_train
1,outer,test,266424,rolling_origin_40pct_initial_train
1,outer,test,3825662,rolling_origin_40pct_initial_train
1,outer,test,3825663,rolling_origin_40pct_initial_train
1,outer,test,3825664,rolling_origin_40pct_initial_train
1,outer,test,3825888,rolling_origin_40pct_initial_train
1,outer,test,3825665,rolling_origin_40pct_initial_train
1,outer,test,3825666,rolling_origin_40pct_initial_train
1,outer,test,3825667,rolling_origin_40pct_initial_train
1,outer,test,3825668,rolling_origin_40pct_initial_train
1,outer,test,3825669,rolling_origin_40pct_initial_train
1,outer,test,3825670,rolling_origin_40pct_initial_train
1,outer,test,266885,rolling_origin_40pct_initial_train
1,outer,test,3825671,rolling_origin_40pct_initial_train
1,outer,test,3825672,rolling_origin_40pct_initial_train
1,outer,test,3825673,rolling_origin_40pct_initial_train
1,outer,test,3825674,rolling_origin_40pct_initial_train
1,outer,test,3825675,rolling_origin_40pct_initial_train
1,outer,test,3825676,rolling_origin_40pct_initial_train
1,outer,test,3825677,rolling_origin_40pct_initial_train
1,outer,test,3825678,rolling_origin_40pct_initial_train
1,outer,test,267274,rolling_origin_40pct_initial_train
1,outer,test,3825679,rolling_origin_40pct_initial_train
1,outer,test,3825680,rolling_origin_40pct_initial_train
1,outer,test,3825681,rolling_origin_40pct_initial_train
1,outer,test,3825682,rolling_origin_40pct_initial_train
1,outer,test,3825683,rolling_origin_40pct_initial_train
1,outer,test,3825684,rolling_origin_40pct_initial_train
1,outer,test,3825685,rolling_origin_40pct_initial_train
1,outer,test,3825686,rolling_origin_40pct_initial_train
1,outer,test,3825687,rolling_origin_40pct_initial_train
1,outer,test,3825688,rolling_origin_40pct_initial_train
1,outer,test,266961,rolling_origin_40pct_initial_train
1,outer,test,3825689,rolling_origin_40pct_initial_train
1,outer,test,3825690,rolling_origin_40pct_initial_train
1,outer,test,3825691,rolling_origin_40pct_initial_train
1,outer,test,3825692,rolling_origin_40pct_initial_train
1,outer,test,3825693,rolling_origin_40pct_initial_train
1,outer,test,3825694,rolling_origin_40pct_initial_train
1,outer,test,3825695,rolling_origin_40pct_initial_train
1,outer,test,3825696,rolling_origin_40pct_initial_train
1,outer,test,3825697,rolling_origin_40pct_initial_train
1,outer,test,3825698,rolling_origin_40pct_initial_train
1,outer,test,3825699,rolling_origin_40pct_initial_train
1,outer,test,3825891,rolling_origin_40pct_initial_train
1,outer,test,3825700,rolling_origin_40pct_initial_train
1,outer,test,3825701,rolling_origin_40pct_initial_train
1,outer,test,3825702,rolling_origin_40pct_initial_train
1,outer,test,3825703,rolling_origin_40pct_initial_train
1,outer,test,3825704,rolling_origin_40pct_initial_train
1,outer,test,267327,rolling_origin_40pct_initial_train
1,outer,test,3825705,rolling_origin_40pct_initial_train
1,outer,test,3825706,rolling_origin_40pct_initial_train
1,outer,test,3825707,rolling_origin_40pct_initial_train
1,outer,test,3825708,rolling_origin_40pct_initial_train
1,outer,test,3825709,rolling_origin_40pct_initial_train
1,outer,test,3825710,rolling_origin_40pct_initial_train
1,outer,test,3825711,rolling_origin_40pct_initial_train
1,outer,test,3825712,rolling_origin_40pct_initial_train
1,outer,test,3825713,rolling_origin_40pct_initial_train
1,outer,test,266670,rolling_origin_40pct_initial_train
1,outer,test,3825714,rolling_origin_40pct_initial_train
1,outer,test,3825715,rolling_origin_40pct_initial_train
1,outer,test,3825716,rolling_origin_40pct_initial_train
1,outer,test,3825717,rolling_origin_40pct_initial_train
1,outer,test,3825718,rolling_origin_40pct_initial_train
1,outer,test,3825719,rolling_origin_40pct_initial_train
1,outer,test,3825720,rolling_origin_40pct_initial_train
1,outer,test,3825721,rolling_origin_40pct_initial_train
1,outer,test,3825722,rolling_origin_40pct_initial_train
1,outer,test,266620,rolling_origin_40pct_initial_train
1,outer,test,3825723,rolling_origin_40pct_initial_train
1,outer,test,3825724,rolling_origin_40pct_initial_train
1,outer,test,3825725,rolling_origin_40pct_initial_train
1,outer,test,3825726,rolling_origin_40pct_initial_train
1,outer,test,3825727,rolling_origin_40pct_initial_train
1,outer,test,3825728,rolling_origin_40pct_initial_train
1,outer,test,3825729,rolling_origin_40pct_initial_train
1,outer,test,3825730,rolling_origin_40pct_initial_train
1,outer,test,3825731,rolling_origin_40pct_initial_train
1,outer,test,3825732,rolling_origin_40pct_initial_train
1,outer,test,3825733,rolling_origin_40pct_initial_train
1,outer,test,3825734,rolling_origin_40pct_initial_train
1,outer,test,3825735,rolling_origin_40pct_initial_train
1,outer,test,266149,rolling_origin_40pct_initial_train
1,outer,test,3825736,rolling_origin_40pct_initial_train
1,outer,test,3825737,rolling_origin_40pct_initial_train
1,outer,test,3825738,rolling_origin_40pct_initial_train
1,outer,test,3825739,rolling_origin_40pct_initial_train
1,outer,test,3825740,rolling_origin_40pct_initial_train
1,outer,test,3825741,rolling_origin_40pct_initial_train
1,outer,test,265894,rolling_origin_40pct_initial_train
1,outer,test,3825742,rolling_origin_40pct_initial_train
1,outer,test,3825743,rolling_origin_40pct_initial_train
1,outer,test,3825744,rolling_origin_40pct_initial_train
1,outer,test,3825745,rolling_origin_40pct_initial_train
1,outer,test,3825746,rolling_origin_40pct_initial_train
1,outer,test,3825747,rolling_origin_40pct_initial_train
1,outer,test,3825748,rolling_origin_40pct_initial_train
1,outer,test,3825749,rolling_origin_40pct_initial_train
1,outer,test,267576,rolling_origin_40pct_initial_train
1,outer,test,3825750,rolling_origin_40pct_initial_train
1,outer,test,3825751,rolling_origin_40pct_initial_train
1,outer,test,3825752,rolling_origin_40pct_initial_train
1,outer,test,3825753,rolling_origin_40pct_initial_train
1,outer,test,3825754,rolling_origin_40pct_initial_train
1,outer,test,3825755,rolling_origin_40pct_initial_train
1,outer,test,3825756,rolling_origin_40pct_initial_train
1,outer,test,3825757,rolling_origin_40pct_initial_train
1,outer,test,3825758,rolling_origin_40pct_initial_train
1,outer,test,3825759,rolling_origin_40pct_initial_train
1,outer,test,3825760,rolling_origin_40pct_initial_train
1,outer,test,3825761,rolling_origin_40pct_initial_train
1,outer,test,3825762,rolling_origin_40pct_initial_train
1,outer,test,3825763,rolling_origin_40pct_initial_train
1,outer,test,266160,rolling_origin_40pct_initial_train
1,outer,test,3825764,rolling_origin_40pct_initial_train
1,outer,test,3825765,rolling_origin_40pct_initial_train
1,outer,test,3825766,rolling_origin_40pct_initial_train
1,outer,test,3825767,rolling_origin_40pct_initial_train
1,outer,test,3825768,rolling_origin_40pct_initial_train
1,outer,test,3825769,rolling_origin_40pct_initial_train
1,outer,test,3825770,rolling_origin_40pct_initial_train
1,outer,test,3825771,rolling_origin_40pct_initial_train
1,outer,test,3825772,rolling_origin_40pct_initial_train
1,outer,test,266254,rolling_origin_40pct_initial_train
1,outer,test,3825773,rolling_origin_40pct_initial_train
1,outer,test,3825774,rolling_origin_40pct_initial_train
1,outer,test,3825775,rolling_origin_40pct_initial_train
1,outer,test,3825776,rolling_origin_40pct_initial_train
1,outer,test,266815,rolling_origin_40pct_initial_train
1,outer,test,3825777,rolling_origin_40pct_initial_train
1,outer,test,267273,rolling_origin_40pct_initial_train
1,outer,test,3825778,rolling_origin_40pct_initial_train
1,outer,test,3825779,rolling_origin_40pct_initial_train
1,outer,test,3825780,rolling_origin_40pct_initial_train
1,outer,test,3825781,rolling_origin_40pct_initial_train
1,outer,test,3825782,rolling_origin_40pct_initial_train
1,outer,test,3825783,rolling_origin_40pct_initial_train
1,outer,test,3825784,rolling_origin_40pct_initial_train
1,outer,test,3825785,rolling_origin_40pct_initial_train
1,outer,test,3825786,rolling_origin_40pct_initial_train
1,inner,train,68335,date_aware_chronological_inner
1,inner,train,69179,date_aware_chronological_inner
1,inner,train,69180,date_aware_chronological_inner
1,inner,train,69169,date_aware_chronological_inner
1,inner,train,69148,date_aware_chronological_inner
1,inner,train,69178,date_aware_chronological_inner
1,inner,train,68356,date_aware_chronological_inner
1,inner,train,69173,date_aware_chronological_inner
1,inner,train,69181,date_aware_chronological_inner
1,inner,train,69187,date_aware_chronological_inner
1,inner,train,69146,date_aware_chronological_inner
1,inner,train,69182,date_aware_chronological_inner
1,inner,train,68360,date_aware_chronological_inner
1,inner,train,68365,date_aware_chronological_inner
1,inner,train,68359,date_aware_chronological_inner
1,inner,train,69141,date_aware_chronological_inner
1,inner,train,68361,date_aware_chronological_inner
1,inner,train,69215,date_aware_chronological_inner
1,inner,train,69207,date_aware_chronological_inner
1,inner,train,69211,date_aware_chronological_inner
1,inner,train,69212,date_aware_chronological_inner
1,inner,train,69171,date_aware_chronological_inner
1,inner,train,69149,date_aware_chronological_inner
1,inner,train,69225,date_aware_chronological_inner
1,inner,train,69228,date_aware_chronological_inner
1,inner,train,69230,date_aware_chronological_inner
1,inner,train,69183,date_aware_chronological_inner
1,inner,train,69209,date_aware_chronological_inner
1,inner,train,69195,date_aware_chronological_inner
1,inner,train,69139,date_aware_chronological_inner
1,inner,train,69185,date_aware_chronological_inner
1,inner,train,69216,date_aware_chronological_inner
1,inner,train,69142,date_aware_chronological_inner
1,inner,train,69223,date_aware_chronological_inner
1,inner,train,69251,date_aware_chronological_inner
1,inner,train,69249,date_aware_chronological_inner
1,inner,train,69217,date_aware_chronological_inner
1,inner,train,69229,date_aware_chronological_inner
1,inner,train,69292,date_aware_chronological_inner
1,inner,train,69255,date_aware_chronological_inner
1,inner,train,69256,date_aware_chronological_inner
1,inner,train,69252,date_aware_chronological_inner
1,inner,train,69253,date_aware_chronological_inner
1,inner,train,69277,date_aware_chronological_inner
1,inner,train,69250,date_aware_chronological_inner
1,inner,train,69288,date_aware_chronological_inner
1,inner,train,69262,date_aware_chronological_inner
1,inner,train,69218,date_aware_chronological_inner
1,inner,train,69243,date_aware_chronological_inner
1,inner,train,69240,date_aware_chronological_inner
1,inner,train,69237,date_aware_chronological_inner
1,inner,train,69238,date_aware_chronological_inner
1,inner,train,69226,date_aware_chronological_inner
1,inner,train,69224,date_aware_chronological_inner
1,inner,train,69257,date_aware_chronological_inner
1,inner,train,69247,date_aware_chronological_inner
1,inner,train,69259,date_aware_chronological_inner
1,inner,train,69221,date_aware_chronological_inner
1,inner,train,69213,date_aware_chronological_inner
1,inner,train,69244,date_aware_chronological_inner
1,inner,train,69239,date_aware_chronological_inner
1,inner,train,69269,date_aware_chronological_inner
1,inner,train,69260,date_aware_chronological_inner
1,inner,train,69289,date_aware_chronological_inner
1,inner,train,69270,date_aware_chronological_inner
1,inner,train,69308,date_aware_chronological_inner
1,inner,train,69299,date_aware_chronological_inner
1,inner,train,69307,date_aware_chronological_inner
1,inner,train,69275,date_aware_chronological_inner
1,inner,train,69280,date_aware_chronological_inner
1,inner,train,69278,date_aware_chronological_inner
1,inner,train,69276,date_aware_chronological_inner
1,inner,train,69282,date_aware_chronological_inner
1,inner,train,69274,date_aware_chronological_inner
1,inner,train,69291,date_aware_chronological_inner
1,inner,train,69303,date_aware_chronological_inner
1,inner,train,69304,date_aware_chronological_inner
1,inner,train,69245,date_aware_chronological_inner
1,inner,train,69271,date_aware_chronological_inner
1,inner,train,69234,date_aware_chronological_inner
1,inner,train,69272,date_aware_chronological_inner
1,inner,train,69268,date_aware_chronological_inner
1,inner,train,69264,date_aware_chronological_inner
1,inner,train,70223,date_aware_chronological_inner
1,inner,train,69297,date_aware_chronological_inner
1,inner,train,69329,date_aware_chronological_inner
1,inner,train,69330,date_aware_chronological_inner
1,inner,train,69315,date_aware_chronological_inner
1,inner,train,69333,date_aware_chronological_inner
1,inner,train,69334,date_aware_chronological_inner
1,inner,train,69312,date_aware_chronological_inner
1,inner,train,69327,date_aware_chronological_inner
1,inner,train,69335,date_aware_chronological_inner
1,inner,train,69338,date_aware_chronological_inner
1,inner,train,69316,date_aware_chronological_inner
1,inner,train,69328,date_aware_chronological_inner
1,inner,train,69337,date_aware_chronological_inner
1,inner,train,69326,date_aware_chronological_inner
1,inner,train,69323,date_aware_chronological_inner
1,inner,train,69343,date_aware_chronological_inner
1,inner,train,70221,date_aware_chronological_inner
1,inner,train,69324,date_aware_chronological_inner
1,inner,train,69340,date_aware_chronological_inner
1,inner,train,69320,date_aware_chronological_inner
1,inner,train,69319,date_aware_chronological_inner
1,inner,train,70259,date_aware_chronological_inner
1,inner,train,70286,date_aware_chronological_inner
1,inner,train,70292,date_aware_chronological_inner
1,inner,train,70275,date_aware_chronological_inner
1,inner,train,70300,date_aware_chronological_inner
1,inner,train,70280,date_aware_chronological_inner
1,inner,train,70263,date_aware_chronological_inner
1,inner,train,70295,date_aware_chronological_inner
1,inner,train,70296,date_aware_chronological_inner
1,inner,train,266433,date_aware_chronological_inner
1,inner,train,266827,date_aware_chronological_inner
1,inner,train,70287,date_aware_chronological_inner
1,inner,train,70282,date_aware_chronological_inner
1,inner,train,70297,date_aware_chronological_inner
1,inner,train,70294,date_aware_chronological_inner
1,inner,train,70271,date_aware_chronological_inner
1,inner,train,70272,date_aware_chronological_inner
1,inner,train,70307,date_aware_chronological_inner
1,inner,train,70256,date_aware_chronological_inner
1,inner,train,267502,date_aware_chronological_inner
1,inner,train,70284,date_aware_chronological_inner
1,inner,train,70277,date_aware_chronological_inner
1,inner,train,70298,date_aware_chronological_inner
1,inner,train,70301,date_aware_chronological_inner
1,inner,train,70302,date_aware_chronological_inner
1,inner,train,267520,date_aware_chronological_inner
1,inner,train,70293,date_aware_chronological_inner
1,inner,train,267192,date_aware_chronological_inner
1,inner,train,70283,date_aware_chronological_inner
1,inner,validation,266631,date_aware_chronological_inner
1,inner,validation,267197,date_aware_chronological_inner
1,inner,validation,3825562,date_aware_chronological_inner
1,inner,validation,3825564,date_aware_chronological_inner
1,inner,validation,3825565,date_aware_chronological_inner
1,inner,validation,3825566,date_aware_chronological_inner
1,inner,validation,266236,date_aware_chronological_inner
1,inner,validation,3825567,date_aware_chronological_inner
1,inner,validation,3825568,date_aware_chronological_inner
1,inner,validation,3825569,date_aware_chronological_inner
1,inner,validation,3825571,date_aware_chronological_inner
1,inner,validation,267422,date_aware_chronological_inner
1,inner,validation,3825572,date_aware_chronological_inner
1,inner,validation,3825573,date_aware_chronological_inner
1,inner,validation,3825574,date_aware_chronological_inner
1,inner,validation,3825576,date_aware_chronological_inner
1,inner,validation,3825577,date_aware_chronological_inner
1,inner,validation,3825578,date_aware_chronological_inner
1,inner,validation,3825579,date_aware_chronological_inner
1,inner,validation,3825580,date_aware_chronological_inner
1,inner,validation,266166,date_aware_chronological_inner
1,inner,validation,3825581,date_aware_chronological_inner
1,inner,validation,3825582,date_aware_chronological_inner
1,inner,validation,3825583,date_aware_chronological_inner
1,inner,validation,3825584,date_aware_chronological_inner
1,inner,validation,3825586,date_aware_chronological_inner
1,inner,validation,3825587,date_aware_chronological_inner
1,inner,validation,3825588,date_aware_chronological_inner
1,inner,validation,3825589,date_aware_chronological_inner
1,inner,validation,3825590,date_aware_chronological_inner
1,inner,validation,3825591,date_aware_chronological_inner
1,inner,validation,3825592,date_aware_chronological_inner
1,inner,validation,3825593,date_aware_chronological_inner
1,inner,validation,266490,date_aware_chronological_inner
1,inner,validation,3825594,date_aware_chronological_inner
1,inner,validation,3825595,date_aware_chronological_inner
1,inner,validation,3825596,date_aware_chronological_inner
1,inner,validation,3825597,date_aware_chronological_inner
1,inner,validation,3825598,date_aware_chronological_inner
1,inner,validation,3825599,date_aware_chronological_inner
1,inner,validation,3825892,date_aware_chronological_inner
1,inner,validation,266467,date_aware_chronological_inner
1,inner,validation,3825600,date_aware_chronological_inner
1,inner,validation,3825601,date_aware_chronological_inner
1,inner,validation,3825602,date_aware_chronological_inner
1,inner,validation,3825848,date_aware_chronological_inner
1,inner,validation,3825895,date_aware_chronological_inner
1,inner,validation,3825603,date_aware_chronological_inner
1,inner,validation,3825605,date_aware_chronological_inner
1,inner,validation,3825606,date_aware_chronological_inner
1,inner,validation,3825611,date_aware_chronological_inner
2,outer,train,68335,rolling_origin_40pct_initial_train
2,outer,train,69179,rolling_origin_40pct_initial_train
2,outer,train,69180,rolling_origin_40pct_initial_train
2,outer,train,69169,rolling_origin_40pct_initial_train
2,outer,train,69148,rolling_origin_40pct_initial_train
2,outer,train,69178,rolling_origin_40pct_initial_train
2,outer,train,68356,rolling_origin_40pct_initial_train
2,outer,train,69173,rolling_origin_40pct_initial_train
2,outer,train,69181,rolling_origin_40pct_initial_train
2,outer,train,69187,rolling_origin_40pct_initial_train
2,outer,train,69146,rolling_origin_40pct_initial_train
2,outer,train,69182,rolling_origin_40pct_initial_train
2,outer,train,68360,rolling_origin_40pct_initial_train
2,outer,train,68365,rolling_origin_40pct_initial_train
2,outer,train,68359,rolling_origin_40pct_initial_train
2,outer,train,69141,rolling_origin_40pct_initial_train
2,outer,train,68361,rolling_origin_40pct_initial_train
2,outer,train,69215,rolling_origin_40pct_initial_train
2,outer,train,69207,rolling_origin_40pct_initial_train
2,outer,train,69211,rolling_origin_40pct_initial_train
2,outer,train,69212,rolling_origin_40pct_initial_train
2,outer,train,69171,rolling_origin_40pct_initial_train
2,outer,train,69149,rolling_origin_40pct_initial_train
2,outer,train,69225,rolling_origin_40pct_initial_train
2,outer,train,69228,rolling_origin_40pct_initial_train
2,outer,train,69230,rolling_origin_40pct_initial_train
2,outer,train,69183,rolling_origin_40pct_initial_train
2,outer,train,69209,rolling_origin_40pct_initial_train
2,outer,train,69195,rolling_origin_40pct_initial_train
2,outer,train,69139,rolling_origin_40pct_initial_train
2,outer,train,69185,rolling_origin_40pct_initial_train
2,outer,train,69216,rolling_origin_40pct_initial_train
2,outer,train,69142,rolling_origin_40pct_initial_train
2,outer,train,69223,rolling_origin_40pct_initial_train
2,outer,train,69251,rolling_origin_40pct_initial_train
2,outer,train,69249,rolling_origin_40pct_initial_train
2,outer,train,69217,rolling_origin_40pct_initial_train
2,outer,train,69229,rolling_origin_40pct_initial_train
2,outer,train,69292,rolling_origin_40pct_initial_train
2,outer,train,69254,rolling_origin_40pct_initial_train
2,outer,train,69255,rolling_origin_40pct_initial_train
2,outer,train,69256,rolling_origin_40pct_initial_train
2,outer,train,69252,rolling_origin_40pct_initial_train
2,outer,train,69253,rolling_origin_40pct_initial_train
2,outer,train,69277,rolling_origin_40pct_initial_train
2,outer,train,69250,rolling_origin_40pct_initial_train
2,outer,train,69288,rolling_origin_40pct_initial_train
2,outer,train,69262,rolling_origin_40pct_initial_train
2,outer,train,69218,rolling_origin_40pct_initial_train
2,outer,train,69243,rolling_origin_40pct_initial_train
2,outer,train,69210,rolling_origin_40pct_initial_train
2,outer,train,69240,rolling_origin_40pct_initial_train
2,outer,train,69237,rolling_origin_40pct_initial_train
2,outer,train,69233,rolling_origin_40pct_initial_train
2,outer,train,69238,rolling_origin_40pct_initial_train
2,outer,train,69226,rolling_origin_40pct_initial_train
2,outer,train,69224,rolling_origin_40pct_initial_train
2,outer,train,69227,rolling_origin_40pct_initial_train
2,outer,train,69257,rolling_origin_40pct_initial_train
2,outer,train,69298,rolling_origin_40pct_initial_train
2,outer,train,69247,rolling_origin_40pct_initial_train
2,outer,train,69259,rolling_origin_40pct_initial_train
2,outer,train,69221,rolling_origin_40pct_initial_train
2,outer,train,69213,rolling_origin_40pct_initial_train
2,outer,train,69244,rolling_origin_40pct_initial_train
2,outer,train,69239,rolling_origin_40pct_initial_train
2,outer,train,69286,rolling_origin_40pct_initial_train
2,outer,train,69269,rolling_origin_40pct_initial_train
2,outer,train,69236,rolling_origin_40pct_initial_train
2,outer,train,69260,rolling_origin_40pct_initial_train
2,outer,train,69263,rolling_origin_40pct_initial_train
2,outer,train,69289,rolling_origin_40pct_initial_train
2,outer,train,69270,rolling_origin_40pct_initial_train
2,outer,train,69308,rolling_origin_40pct_initial_train
2,outer,train,69306,rolling_origin_40pct_initial_train
2,outer,train,69299,rolling_origin_40pct_initial_train
2,outer,train,69307,rolling_origin_40pct_initial_train
2,outer,train,69275,rolling_origin_40pct_initial_train
2,outer,train,69280,rolling_origin_40pct_initial_train
2,outer,train,69278,rolling_origin_40pct_initial_train
2,outer,train,69276,rolling_origin_40pct_initial_train
2,outer,train,69248,rolling_origin_40pct_initial_train
2,outer,train,69282,rolling_origin_40pct_initial_train
2,outer,train,69283,rolling_origin_40pct_initial_train
2,outer,train,69274,rolling_origin_40pct_initial_train
2,outer,train,69300,rolling_origin_40pct_initial_train
2,outer,train,69291,rolling_origin_40pct_initial_train
2,outer,train,69303,rolling_origin_40pct_initial_train
2,outer,train,69304,rolling_origin_40pct_initial_train
2,outer,train,69305,rolling_origin_40pct_initial_train
2,outer,train,69245,rolling_origin_40pct_initial_train
2,outer,train,69271,rolling_origin_40pct_initial_train
2,outer,train,69234,rolling_origin_40pct_initial_train
2,outer,train,69272,rolling_origin_40pct_initial_train
2,outer,train,69268,rolling_origin_40pct_initial_train
2,outer,train,69264,rolling_origin_40pct_initial_train
2,outer,train,70220,rolling_origin_40pct_initial_train
2,outer,train,70223,rolling_origin_40pct_initial_train
2,outer,train,69297,rolling_origin_40pct_initial_train
2,outer,train,69265,rolling_origin_40pct_initial_train
2,outer,train,69329,rolling_origin_40pct_initial_train
2,outer,train,69330,rolling_origin_40pct_initial_train
2,outer,train,69315,rolling_origin_40pct_initial_train
2,outer,train,69333,rolling_origin_40pct_initial_train
2,outer,train,69334,rolling_origin_40pct_initial_train
2,outer,train,69312,rolling_origin_40pct_initial_train
2,outer,train,69327,rolling_origin_40pct_initial_train
2,outer,train,69335,rolling_origin_40pct_initial_train
2,outer,train,69338,rolling_origin_40pct_initial_train
2,outer,train,69316,rolling_origin_40pct_initial_train
2,outer,train,69336,rolling_origin_40pct_initial_train
2,outer,train,69328,rolling_origin_40pct_initial_train
2,outer,train,69337,rolling_origin_40pct_initial_train
2,outer,train,69326,rolling_origin_40pct_initial_train
2,outer,train,69323,rolling_origin_40pct_initial_train
2,outer,train,69343,rolling_origin_40pct_initial_train
2,outer,train,70221,rolling_origin_40pct_initial_train
2,outer,train,69324,rolling_origin_40pct_initial_train
2,outer,train,69340,rolling_origin_40pct_initial_train
2,outer,train,69320,rolling_origin_40pct_initial_train
2,outer,train,69319,rolling_origin_40pct_initial_train
2,outer,train,70259,rolling_origin_40pct_initial_train
2,outer,train,70262,rolling_origin_40pct_initial_train
2,outer,train,70286,rolling_origin_40pct_initial_train
2,outer,train,70292,rolling_origin_40pct_initial_train
2,outer,train,70275,rolling_origin_40pct_initial_train
2,outer,train,70300,rolling_origin_40pct_initial_train
2,outer,train,70304,rolling_origin_40pct_initial_train
2,outer,train,70280,rolling_origin_40pct_initial_train
2,outer,train,70263,rolling_origin_40pct_initial_train
2,outer,train,70295,rolling_origin_40pct_initial_train
2,outer,train,70296,rolling_origin_40pct_initial_train
2,outer,train,266433,rolling_origin_40pct_initial_train
2,outer,train,266827,rolling_origin_40pct_initial_train
2,outer,train,70287,rolling_origin_40pct_initial_train
2,outer,train,70282,rolling_origin_40pct_initial_train
2,outer,train,70297,rolling_origin_40pct_initial_train
2,outer,train,70294,rolling_origin_40pct_initial_train
2,outer,train,70271,rolling_origin_40pct_initial_train
2,outer,train,70272,rolling_origin_40pct_initial_train
2,outer,train,70305,rolling_origin_40pct_initial_train
2,outer,train,70307,rolling_origin_40pct_initial_train
2,outer,train,70256,rolling_origin_40pct_initial_train
2,outer,train,267502,rolling_origin_40pct_initial_train
2,outer,train,70281,rolling_origin_40pct_initial_train
2,outer,train,70284,rolling_origin_40pct_initial_train
2,outer,train,70277,rolling_origin_40pct_initial_train
2,outer,train,70298,rolling_origin_40pct_initial_train
2,outer,train,70301,rolling_origin_40pct_initial_train
2,outer,train,70302,rolling_origin_40pct_initial_train
2,outer,train,267520,rolling_origin_40pct_initial_train
2,outer,train,266420,rolling_origin_40pct_initial_train
2,outer,train,70293,rolling_origin_40pct_initial_train
2,outer,train,267192,rolling_origin_40pct_initial_train
2,outer,train,70283,rolling_origin_40pct_initial_train
2,outer,train,266883,rolling_origin_40pct_initial_train
2,outer,train,265830,rolling_origin_40pct_initial_train
2,outer,train,70288,rolling_origin_40pct_initial_train
2,outer,train,70291,rolling_origin_40pct_initial_train
2,outer,train,266613,rolling_origin_40pct_initial_train
2,outer,train,267675,rolling_origin_40pct_initial_train
2,outer,train,265918,rolling_origin_40pct_initial_train
2,outer,train,265837,rolling_origin_40pct_initial_train
2,outer,train,265857,rolling_origin_40pct_initial_train
2,outer,train,266274,rolling_origin_40pct_initial_train
2,outer,train,70306,rolling_origin_40pct_initial_train
2,outer,train,267368,rolling_origin_40pct_initial_train
2,outer,train,267138,rolling_origin_40pct_initial_train
2,outer,train,267567,rolling_origin_40pct_initial_train
2,outer,train,70289,rolling_origin_40pct_initial_train
2,outer,train,266491,rolling_origin_40pct_initial_train
2,outer,train,266256,rolling_origin_40pct_initial_train
2,outer,train,266406,rolling_origin_40pct_initial_train
2,outer,train,70273,rolling_origin_40pct_initial_train
2,outer,train,266770,rolling_origin_40pct_initial_train
2,outer,train,266838,rolling_origin_40pct_initial_train
2,outer,train,266117,rolling_origin_40pct_initial_train
2,outer,train,267561,rolling_origin_40pct_initial_train
2,outer,train,267085,rolling_origin_40pct_initial_train
2,outer,train,267301,rolling_origin_40pct_initial_train
2,outer,train,265835,rolling_origin_40pct_initial_train
2,outer,train,266560,rolling_origin_40pct_initial_train
2,outer,train,266320,rolling_origin_40pct_initial_train
2,outer,train,70264,rolling_origin_40pct_initial_train
2,outer,train,266240,rolling_origin_40pct_initial_train
2,outer,train,70303,rolling_origin_40pct_initial_train
2,outer,train,266230,rolling_origin_40pct_initial_train
2,outer,train,267597,rolling_origin_40pct_initial_train
2,outer,train,266871,rolling_origin_40pct_initial_train
2,outer,train,266741,rolling_origin_40pct_initial_train
2,outer,train,266148,rolling_origin_40pct_initial_train
2,outer,train,267343,rolling_origin_40pct_initial_train
2,outer,train,266916,rolling_origin_40pct_initial_train
2,outer,train,267183,rolling_origin_40pct_initial_train
2,outer,train,266929,rolling_origin_40pct_initial_train
2,outer,train,266142,rolling_origin_40pct_initial_train
2,outer,train,266525,rolling_origin_40pct_initial_train
2,outer,train,266531,rolling_origin_40pct_initial_train
2,outer,train,265963,rolling_origin_40pct_initial_train
2,outer,train,266045,rolling_origin_40pct_initial_train
2,outer,train,266631,rolling_origin_40pct_initial_train
2,outer,train,267197,rolling_origin_40pct_initial_train
2,outer,train,3825562,rolling_origin_40pct_initial_train
2,outer,train,3825564,rolling_origin_40pct_initial_train
2,outer,train,3825565,rolling_origin_40pct_initial_train
2,outer,train,3825566,rolling_origin_40pct_initial_train
2,outer,train,266236,rolling_origin_40pct_initial_train
2,outer,train,3825567,rolling_origin_40pct_initial_train
2,outer,train,3825568,rolling_origin_40pct_initial_train
2,outer,train,3825569,rolling_origin_40pct_initial_train
2,outer,train,3825571,rolling_origin_40pct_initial_train
2,outer,train,267422,rolling_origin_40pct_initial_train
2,outer,train,3825572,rolling_origin_40pct_initial_train
2,outer,train,3825573,rolling_origin_40pct_initial_train
2,outer,train,3825574,rolling_origin_40pct_initial_train
2,outer,train,3825576,rolling_origin_40pct_initial_train
2,outer,train,3825577,rolling_origin_40pct_initial_train
2,outer,train,3825578,rolling_origin_40pct_initial_train
2,outer,train,3825579,rolling_origin_40pct_initial_train
2,outer,train,3825580,rolling_origin_40pct_initial_train
2,outer,train,266166,rolling_origin_40pct_initial_train
2,outer,train,3825581,rolling_origin_40pct_initial_train
2,outer,train,3825582,rolling_origin_40pct_initial_train
2,outer,train,3825583,rolling_origin_40pct_initial_train
2,outer,train,3825584,rolling_origin_40pct_initial_train
2,outer,train,3825586,rolling_origin_40pct_initial_train
2,outer,train,3825587,rolling_origin_40pct_initial_train
2,outer,train,3825588,rolling_origin_40pct_initial_train
2,outer,train,3825589,rolling_origin_40pct_initial_train
2,outer,train,3825590,rolling_origin_40pct_initial_train
2,outer,train,3825591,rolling_origin_40pct_initial_train
2,outer,train,3825592,rolling_origin_40pct_initial_train
2,outer,train,3825593,rolling_origin_40pct_initial_train
2,outer,train,266490,rolling_origin_40pct_initial_train
2,outer,train,3825594,rolling_origin_40pct_initial_train
2,outer,train,3825595,rolling_origin_40pct_initial_train
2,outer,train,3825596,rolling_origin_40pct_initial_train
2,outer,train,3825597,rolling_origin_40pct_initial_train
2,outer,train,3825598,rolling_origin_40pct_initial_train
2,outer,train,3825599,rolling_origin_40pct_initial_train
2,outer,train,3825892,rolling_origin_40pct_initial_train
2,outer,train,266467,rolling_origin_40pct_initial_train
2,outer,train,3825600,rolling_origin_40pct_initial_train
2,outer,train,3825601,rolling_origin_40pct_initial_train
2,outer,train,3825602,rolling_origin_40pct_initial_train
2,outer,train,3825848,rolling_origin_40pct_initial_train
2,outer,train,3825895,rolling_origin_40pct_initial_train
2,outer,train,3825603,rolling_origin_40pct_initial_train
2,outer,train,3825604,rolling_origin_40pct_initial_train
2,outer,train,267611,rolling_origin_40pct_initial_train
2,outer,train,3825605,rolling_origin_40pct_initial_train
2,outer,train,3825606,rolling_origin_40pct_initial_train
2,outer,train,3825607,rolling_origin_40pct_initial_train
2,outer,train,3825608,rolling_origin_40pct_initial_train
2,outer,train,3825609,rolling_origin_40pct_initial_train
2,outer,train,3825610,rolling_origin_40pct_initial_train
2,outer,train,3825611,rolling_origin_40pct_initial_train
2,outer,train,3825612,rolling_origin_40pct_initial_train
2,outer,train,3825613,rolling_origin_40pct_initial_train
2,outer,train,3825614,rolling_origin_40pct_initial_train
2,outer,train,3825615,rolling_origin_40pct_initial_train
2,outer,train,3825616,rolling_origin_40pct_initial_train
2,outer,train,3825617,rolling_origin_40pct_initial_train
2,outer,train,3825618,rolling_origin_40pct_initial_train
2,outer,train,3825619,rolling_origin_40pct_initial_train
2,outer,train,3825620,rolling_origin_40pct_initial_train
2,outer,train,3825621,rolling_origin_40pct_initial_train
2,outer,train,3825622,rolling_origin_40pct_initial_train
2,outer,train,3825623,rolling_origin_40pct_initial_train
2,outer,train,3825624,rolling_origin_40pct_initial_train
2,outer,train,3825625,rolling_origin_40pct_initial_train
2,outer,train,3825626,rolling_origin_40pct_initial_train
2,outer,train,3825627,rolling_origin_40pct_initial_train
2,outer,train,3825628,rolling_origin_40pct_initial_train
2,outer,train,3825629,rolling_origin_40pct_initial_train
2,outer,train,3825630,rolling_origin_40pct_initial_train
2,outer,train,3825631,rolling_origin_40pct_initial_train
2,outer,train,3825632,rolling_origin_40pct_initial_train
2,outer,train,3825633,rolling_origin_40pct_initial_train
2,outer,train,3825634,rolling_origin_40pct_initial_train
2,outer,train,3825635,rolling_origin_40pct_initial_train
2,outer,train,3825636,rolling_origin_40pct_initial_train
2,outer,train,3825874,rolling_origin_40pct_initial_train
2,outer,train,3825637,rolling_origin_40pct_initial_train
2,outer,train,3825638,rolling_origin_40pct_initial_train
2,outer,train,3825639,rolling_origin_40pct_initial_train
2,outer,train,3825640,rolling_origin_40pct_initial_train
2,outer,train,3825641,rolling_origin_40pct_initial_train
2,outer,train,3825642,rolling_origin_40pct_initial_train
2,outer,train,3825643,rolling_origin_40pct_initial_train
2,outer,train,3825644,rolling_origin_40pct_initial_train
2,outer,train,3825645,rolling_origin_40pct_initial_train
2,outer,train,3825646,rolling_origin_40pct_initial_train
2,outer,train,3825647,rolling_origin_40pct_initial_train
2,outer,train,3825648,rolling_origin_40pct_initial_train
2,outer,train,3825649,rolling_origin_40pct_initial_train
2,outer,train,3825650,rolling_origin_40pct_initial_train
2,outer,train,3825651,rolling_origin_40pct_initial_train
2,outer,train,3825652,rolling_origin_40pct_initial_train
2,outer,train,3825653,rolling_origin_40pct_initial_train
2,outer,train,3825654,rolling_origin_40pct_initial_train
2,outer,train,3825655,rolling_origin_40pct_initial_train
2,outer,train,3825656,rolling_origin_40pct_initial_train
2,outer,train,3825657,rolling_origin_40pct_initial_train
2,outer,train,3825658,rolling_origin_40pct_initial_train
2,outer,train,3825659,rolling_origin_40pct_initial_train
2,outer,train,3825660,rolling_origin_40pct_initial_train
2,outer,train,3825661,rolling_origin_40pct_initial_train
2,outer,train,266424,rolling_origin_40pct_initial_train
2,outer,train,3825662,rolling_origin_40pct_initial_train
2,outer,train,3825663,rolling_origin_40pct_initial_train
2,outer,train,3825664,rolling_origin_40pct_initial_train
2,outer,train,3825888,rolling_origin_40pct_initial_train
2,outer,train,3825665,rolling_origin_40pct_initial_train
2,outer,train,3825666,rolling_origin_40pct_initial_train
2,outer,train,3825667,rolling_origin_40pct_initial_train
2,outer,train,3825668,rolling_origin_40pct_initial_train
2,outer,train,3825669,rolling_origin_40pct_initial_train
2,outer,train,3825670,rolling_origin_40pct_initial_train
2,outer,train,266885,rolling_origin_40pct_initial_train
2,outer,train,3825671,rolling_origin_40pct_initial_train
2,outer,train,3825672,rolling_origin_40pct_initial_train
2,outer,train,3825673,rolling_origin_40pct_initial_train
2,outer,train,3825674,rolling_origin_40pct_initial_train
2,outer,train,3825675,rolling_origin_40pct_initial_train
2,outer,train,3825676,rolling_origin_40pct_initial_train
2,outer,train,3825677,rolling_origin_40pct_initial_train
2,outer,train,3825678,rolling_origin_40pct_initial_train
2,outer,train,267274,rolling_origin_40pct_initial_train
2,outer,train,3825679,rolling_origin_40pct_initial_train
2,outer,train,3825680,rolling_origin_40pct_initial_train
2,outer,train,3825681,rolling_origin_40pct_initial_train
2,outer,train,3825682,rolling_origin_40pct_initial_train
2,outer,train,3825683,rolling_origin_40pct_initial_train
2,outer,train,3825684,rolling_origin_40pct_initial_train
2,outer,train,3825685,rolling_origin_40pct_initial_train
2,outer,train,3825686,rolling_origin_40pct_initial_train
2,outer,train,3825687,rolling_origin_40pct_initial_train
2,outer,train,3825688,rolling_origin_40pct_initial_train
2,outer,train,266961,rolling_origin_40pct_initial_train
2,outer,train,3825689,rolling_origin_40pct_initial_train
2,outer,train,3825690,rolling_origin_40pct_initial_train
2,outer,train,3825691,rolling_origin_40pct_initial_train
2,outer,train,3825692,rolling_origin_40pct_initial_train
2,outer,train,3825693,rolling_origin_40pct_initial_train
2,outer,train,3825694,rolling_origin_40pct_initial_train
2,outer,train,3825695,rolling_origin_40pct_initial_train
2,outer,train,3825696,rolling_origin_40pct_initial_train
2,outer,train,3825697,rolling_origin_40pct_initial_train
2,outer,train,3825698,rolling_origin_40pct_initial_train
2,outer,train,3825699,rolling_origin_40pct_initial_train
2,outer,train,3825891,rolling_origin_40pct_initial_train
2,outer,train,3825700,rolling_origin_40pct_initial_train
2,outer,train,3825701,rolling_origin_40pct_initial_train
2,outer,train,3825702,rolling_origin_40pct_initial_train
2,outer,train,3825703,rolling_origin_40pct_initial_train
2,outer,train,3825704,rolling_origin_40pct_initial_train
2,outer,train,267327,rolling_origin_40pct_initial_train
2,outer,train,3825705,rolling_origin_40pct_initial_train
2,outer,train,3825706,rolling_origin_40pct_initial_train
2,outer,train,3825707,rolling_origin_40pct_initial_train
2,outer,train,3825708,rolling_origin_40pct_initial_train
2,outer,train,3825709,rolling_origin_40pct_initial_train
2,outer,train,3825710,rolling_origin_40pct_initial_train
2,outer,train,3825711,rolling_origin_40pct_initial_train
2,outer,train,3825712,rolling_origin_40pct_initial_train
2,outer,train,3825713,rolling_origin_40pct_initial_train
2,outer,train,266670,rolling_origin_40pct_initial_train
2,outer,train,3825714,rolling_origin_40pct_initial_train
2,outer,train,3825715,rolling_origin_40pct_initial_train
2,outer,train,3825716,rolling_origin_40pct_initial_train
2,outer,train,3825717,rolling_origin_40pct_initial_train
2,outer,train,3825718,rolling_origin_40pct_initial_train
2,outer,train,3825719,rolling_origin_40pct_initial_train
2,outer,train,3825720,rolling_origin_40pct_initial_train
2,outer,train,3825721,rolling_origin_40pct_initial_train
2,outer,train,3825722,rolling_origin_40pct_initial_train
2,outer,train,266620,rolling_origin_40pct_initial_train
2,outer,train,3825723,rolling_origin_40pct_initial_train
2,outer,train,3825724,rolling_origin_40pct_initial_train
2,outer,train,3825725,rolling_origin_40pct_initial_train
2,outer,train,3825726,rolling_origin_40pct_initial_train
2,outer,train,3825727,rolling_origin_40pct_initial_train
2,outer,train,3825728,rolling_origin_40pct_initial_train
2,outer,train,3825729,rolling_origin_40pct_initial_train
2,outer,train,3825730,rolling_origin_40pct_initial_train
2,outer,train,3825731,rolling_origin_40pct_initial_train
2,outer,train,3825732,rolling_origin_40pct_initial_train
2,outer,train,3825733,rolling_origin_40pct_initial_train
2,outer,train,3825734,rolling_origin_40pct_initial_train
2,outer,train,3825735,rolling_origin_40pct_initial_train
2,outer,train,266149,rolling_origin_40pct_initial_train
2,outer,train,3825736,rolling_origin_40pct_initial_train
2,outer,train,3825737,rolling_origin_40pct_initial_train
2,outer,train,3825738,rolling_origin_40pct_initial_train
2,outer,train,3825739,rolling_origin_40pct_initial_train
2,outer,train,3825740,rolling_origin_40pct_initial_train
2,outer,train,3825741,rolling_origin_40pct_initial_train
2,outer,train,265894,rolling_origin_40pct_initial_train
2,outer,train,3825742,rolling_origin_40pct_initial_train
2,outer,train,3825743,rolling_origin_40pct_initial_train
2,outer,train,3825744,rolling_origin_40pct_initial_train
2,outer,train,3825745,rolling_origin_40pct_initial_train
2,outer,train,3825746,rolling_origin_40pct_initial_train
2,outer,train,3825747,rolling_origin_40pct_initial_train
2,outer,train,3825748,rolling_origin_40pct_initial_train
2,outer,train,3825749,rolling_origin_40pct_initial_train
2,outer,train,267576,rolling_origin_40pct_initial_train
2,outer,train,3825750,rolling_origin_40pct_initial_train
2,outer,train,3825751,rolling_origin_40pct_initial_train
2,outer,train,3825752,rolling_origin_40pct_initial_train
2,outer,train,3825753,rolling_origin_40pct_initial_train
2,outer,train,3825754,rolling_origin_40pct_initial_train
2,outer,train,3825755,rolling_origin_40pct_initial_train
2,outer,train,3825756,rolling_origin_40pct_initial_train
2,outer,train,3825757,rolling_origin_40pct_initial_train
2,outer,train,3825758,rolling_origin_40pct_initial_train
2,outer,test,3825787,rolling_origin_40pct_initial_train
2,outer,test,3825788,rolling_origin_40pct_initial_train
2,outer,test,3825789,rolling_origin_40pct_initial_train
2,outer,test,3825790,rolling_origin_40pct_initial_train
2,outer,test,3825791,rolling_origin_40pct_initial_train
2,outer,test,265839,rolling_origin_40pct_initial_train
2,outer,test,3825792,rolling_origin_40pct_initial_train
2,outer,test,3825793,rolling_origin_40pct_initial_train
2,outer,test,3825794,rolling_origin_40pct_initial_train
2,outer,test,3825795,rolling_origin_40pct_initial_train
2,outer,test,3825796,rolling_origin_40pct_initial_train
2,outer,test,3825797,rolling_origin_40pct_initial_train
2,outer,test,3825798,rolling_origin_40pct_initial_train
2,outer,test,3825799,rolling_origin_40pct_initial_train
2,outer,test,3825800,rolling_origin_40pct_initial_train
2,outer,test,3825801,rolling_origin_40pct_initial_train
2,outer,test,266653,rolling_origin_40pct_initial_train
2,outer,test,3825802,rolling_origin_40pct_initial_train
2,outer,test,3825803,rolling_origin_40pct_initial_train
2,outer,test,3825804,rolling_origin_40pct_initial_train
2,outer,test,3825805,rolling_origin_40pct_initial_train
2,outer,test,3825806,rolling_origin_40pct_initial_train
2,outer,test,3825867,rolling_origin_40pct_initial_train
2,outer,test,266056,rolling_origin_40pct_initial_train
2,outer,test,3825807,rolling_origin_40pct_initial_train
2,outer,test,3825808,rolling_origin_40pct_initial_train
2,outer,test,3825809,rolling_origin_40pct_initial_train
2,outer,test,3825810,rolling_origin_40pct_initial_train
2,outer,test,3825811,rolling_origin_40pct_initial_train
2,outer,test,3825812,rolling_origin_40pct_initial_train
2,outer,test,266498,rolling_origin_40pct_initial_train
2,outer,test,3825813,rolling_origin_40pct_initial_train
2,outer,test,3825814,rolling_origin_40pct_initial_train
2,outer,test,3825858,rolling_origin_40pct_initial_train
2,outer,test,3825815,rolling_origin_40pct_initial_train
2,outer,test,3825816,rolling_origin_40pct_initial_train
2,outer,test,3825844,rolling_origin_40pct_initial_train
2,outer,test,3825879,rolling_origin_40pct_initial_train
2,outer,test,3825881,rolling_origin_40pct_initial_train
2,outer,test,3825817,rolling_origin_40pct_initial_train
2,outer,test,3825818,rolling_origin_40pct_initial_train
2,outer,test,3825880,rolling_origin_40pct_initial_train
2,outer,test,3825887,rolling_origin_40pct_initial_train
2,outer,test,3825903,rolling_origin_40pct_initial_train
2,outer,test,3825907,rolling_origin_40pct_initial_train
2,outer,test,266106,rolling_origin_40pct_initial_train
2,outer,test,3825819,rolling_origin_40pct_initial_train
2,outer,test,3825820,rolling_origin_40pct_initial_train
2,outer,test,3825821,rolling_origin_40pct_initial_train
2,outer,test,3825885,rolling_origin_40pct_initial_train
2,outer,test,267533,rolling_origin_40pct_initial_train
2,outer,test,3825822,rolling_origin_40pct_initial_train
2,outer,test,3825872,rolling_origin_40pct_initial_train
2,outer,test,3825898,rolling_origin_40pct_initial_train
2,outer,test,3825823,rolling_origin_40pct_initial_train
2,outer,test,3825824,rolling_origin_40pct_initial_train
2,outer,test,3825877,rolling_origin_40pct_initial_train
2,outer,test,3825905,rolling_origin_40pct_initial_train
2,outer,test,3825825,rolling_origin_40pct_initial_train
2,outer,test,3825826,rolling_origin_40pct_initial_train
2,outer,test,266664,rolling_origin_40pct_initial_train
2,outer,test,3825827,rolling_origin_40pct_initial_train
2,outer,test,3825828,rolling_origin_40pct_initial_train
2,outer,test,3825856,rolling_origin_40pct_initial_train
2,outer,test,3825829,rolling_origin_40pct_initial_train
2,outer,test,3825830,rolling_origin_40pct_initial_train
2,outer,test,3825831,rolling_origin_40pct_initial_train
2,outer,test,3825832,rolling_origin_40pct_initial_train
2,outer,test,3825863,rolling_origin_40pct_initial_train
2,outer,test,3825857,rolling_origin_40pct_initial_train
2,outer,test,3825833,rolling_origin_40pct_initial_train
2,outer,test,3825852,rolling_origin_40pct_initial_train
2,outer,test,3825889,rolling_origin_40pct_initial_train
2,outer,test,3825897,rolling_origin_40pct_initial_train
2,outer,test,266557,rolling_origin_40pct_initial_train
2,outer,test,3825834,rolling_origin_40pct_initial_train
2,outer,test,3825835,rolling_origin_40pct_initial_train
2,outer,test,3825836,rolling_origin_40pct_initial_train
2,outer,test,3825906,rolling_origin_40pct_initial_train
2,outer,test,3825837,rolling_origin_40pct_initial_train
2,outer,test,3825862,rolling_origin_40pct_initial_train
2,outer,test,266310,rolling_origin_40pct_initial_train
2,outer,test,3825838,rolling_origin_40pct_initial_train
2,outer,test,3825839,rolling_origin_40pct_initial_train
2,outer,test,3825840,rolling_origin_40pct_initial_train
2,outer,test,3825843,rolling_origin_40pct_initial_train
2,outer,test,3825893,rolling_origin_40pct_initial_train
2,outer,test,3825841,rolling_origin_40pct_initial_train
2,outer,test,3825896,rolling_origin_40pct_initial_train
2,outer,test,3825871,rolling_origin_40pct_initial_train
2,outer,test,265944,rolling_origin_40pct_initial_train
2,outer,test,3825847,rolling_origin_40pct_initial_train
2,outer,test,3825886,rolling_origin_40pct_initial_train
2,outer,test,3825890,rolling_origin_40pct_initial_train
2,outer,test,3825842,rolling_origin_40pct_initial_train
2,outer,test,3825875,rolling_origin_40pct_initial_train
2,outer,test,3825884,rolling_origin_40pct_initial_train
2,outer,test,3825899,rolling_origin_40pct_initial_train
2,outer,test,3825868,rolling_origin_40pct_initial_train
2,outer,test,3825854,rolling_origin_40pct_initial_train
2,outer,test,266986,rolling_origin_40pct_initial_train
2,outer,test,3825859,rolling_origin_40pct_initial_train
2,outer,test,3825864,rolling_origin_40pct_initial_train
2,outer,test,3825878,rolling_origin_40pct_initial_train
2,outer,test,3825845,rolling_origin_40pct_initial_train
2,outer,test,3825870,rolling_origin_40pct_initial_train
2,outer,test,3825873,rolling_origin_40pct_initial_train
2,outer,test,3825894,rolling_origin_40pct_initial_train
2,outer,test,3825855,rolling_origin_40pct_initial_train
2,outer,test,265958,rolling_origin_40pct_initial_train
2,outer,test,3825850,rolling_origin_40pct_initial_train
2,outer,test,3825851,rolling_origin_40pct_initial_train
2,outer,test,3825853,rolling_origin_40pct_initial_train
2,outer,test,3825860,rolling_origin_40pct_initial_train
2,outer,test,3825861,rolling_origin_40pct_initial_train
2,outer,test,3825865,rolling_origin_40pct_initial_train
2,outer,test,3825866,rolling_origin_40pct_initial_train
2,outer,test,3825901,rolling_origin_40pct_initial_train
2,outer,test,3825904,rolling_origin_40pct_initial_train
2,outer,test,3825849,rolling_origin_40pct_initial_train
2,outer,test,267506,rolling_origin_40pct_initial_train
2,outer,test,3825846,rolling_origin_40pct_initial_train
2,outer,test,3825869,rolling_origin_40pct_initial_train
2,outer,test,3825882,rolling_origin_40pct_initial_train
2,outer,test,3825876,rolling_origin_40pct_initial_train
2,outer,test,3825883,rolling_origin_40pct_initial_train
2,outer,test,3825900,rolling_origin_40pct_initial_train
2,outer,test,3825902,rolling_origin_40pct_initial_train
2,outer,test,3825908,rolling_origin_40pct_initial_train
2,outer,test,267670,rolling_origin_40pct_initial_train
2,outer,test,266892,rolling_origin_40pct_initial_train
2,outer,test,267220,rolling_origin_40pct_initial_train
2,outer,test,267492,rolling_origin_40pct_initial_train
2,outer,test,266033,rolling_origin_40pct_initial_train
2,outer,test,267058,rolling_origin_40pct_initial_train
2,outer,test,266989,rolling_origin_40pct_initial_train
2,outer,test,266191,rolling_origin_40pct_initial_train
2,outer,test,267076,rolling_origin_40pct_initial_train
2,inner,train,68335,date_aware_chronological_inner
2,inner,train,69179,date_aware_chronological_inner
2,inner,train,69180,date_aware_chronological_inner
2,inner,train,69169,date_aware_chronological_inner
2,inner,train,69148,date_aware_chronological_inner
2,inner,train,69178,date_aware_chronological_inner
2,inner,train,68356,date_aware_chronological_inner
2,inner,train,69173,date_aware_chronological_inner
2,inner,train,69181,date_aware_chronological_inner
2,inner,train,69187,date_aware_chronological_inner
2,inner,train,69146,date_aware_chronological_inner
2,inner,train,69182,date_aware_chronological_inner
2,inner,train,68360,date_aware_chronological_inner
2,inner,train,68365,date_aware_chronological_inner
2,inner,train,68359,date_aware_chronological_inner
2,inner,train,69141,date_aware_chronological_inner
2,inner,train,68361,date_aware_chronological_inner
2,inner,train,69215,date_aware_chronological_inner
2,inner,train,69207,date_aware_chronological_inner
2,inner,train,69211,date_aware_chronological_inner
2,inner,train,69212,date_aware_chronological_inner
2,inner,train,69171,date_aware_chronological_inner
2,inner,train,69149,date_aware_chronological_inner
2,inner,train,69225,date_aware_chronological_inner
2,inner,train,69228,date_aware_chronological_inner
2,inner,train,69230,date_aware_chronological_inner
2,inner,train,69183,date_aware_chronological_inner
2,inner,train,69209,date_aware_chronological_inner
2,inner,train,69195,date_aware_chronological_inner
2,inner,train,69139,date_aware_chronological_inner
2,inner,train,69185,date_aware_chronological_inner
2,inner,train,69216,date_aware_chronological_inner
2,inner,train,69142,date_aware_chronological_inner
2,inner,train,69223,date_aware_chronological_inner
2,inner,train,69251,date_aware_chronological_inner
2,inner,train,69249,date_aware_chronological_inner
2,inner,train,69217,date_aware_chronological_inner
2,inner,train,69229,date_aware_chronological_inner
2,inner,train,69292,date_aware_chronological_inner
2,inner,train,69255,date_aware_chronological_inner
2,inner,train,69256,date_aware_chronological_inner
2,inner,train,69252,date_aware_chronological_inner
2,inner,train,69253,date_aware_chronological_inner
2,inner,train,69277,date_aware_chronological_inner
2,inner,train,69250,date_aware_chronological_inner
2,inner,train,69288,date_aware_chronological_inner
2,inner,train,69262,date_aware_chronological_inner
2,inner,train,69218,date_aware_chronological_inner
2,inner,train,69243,date_aware_chronological_inner
2,inner,train,69240,date_aware_chronological_inner
2,inner,train,69237,date_aware_chronological_inner
2,inner,train,69238,date_aware_chronological_inner
2,inner,train,69226,date_aware_chronological_inner
2,inner,train,69224,date_aware_chronological_inner
2,inner,train,69257,date_aware_chronological_inner
2,inner,train,69247,date_aware_chronological_inner
2,inner,train,69259,date_aware_chronological_inner
2,inner,train,69221,date_aware_chronological_inner
2,inner,train,69213,date_aware_chronological_inner
2,inner,train,69244,date_aware_chronological_inner
2,inner,train,69239,date_aware_chronological_inner
2,inner,train,69269,date_aware_chronological_inner
2,inner,train,69260,date_aware_chronological_inner
2,inner,train,69289,date_aware_chronological_inner
2,inner,train,69270,date_aware_chronological_inner
2,inner,train,69308,date_aware_chronological_inner
2,inner,train,69299,date_aware_chronological_inner
2,inner,train,69307,date_aware_chronological_inner
2,inner,train,69275,date_aware_chronological_inner
2,inner,train,69280,date_aware_chronological_inner
2,inner,train,69278,date_aware_chronological_inner
2,inner,train,69276,date_aware_chronological_inner
2,inner,train,69248,date_aware_chronological_inner
2,inner,train,69282,date_aware_chronological_inner
2,inner,train,69274,date_aware_chronological_inner
2,inner,train,69291,date_aware_chronological_inner
2,inner,train,69303,date_aware_chronological_inner
2,inner,train,69304,date_aware_chronological_inner
2,inner,train,69245,date_aware_chronological_inner
2,inner,train,69271,date_aware_chronological_inner
2,inner,train,69234,date_aware_chronological_inner
2,inner,train,69272,date_aware_chronological_inner
2,inner,train,69268,date_aware_chronological_inner
2,inner,train,69264,date_aware_chronological_inner
2,inner,train,70223,date_aware_chronological_inner
2,inner,train,69297,date_aware_chronological_inner
2,inner,train,69265,date_aware_chronological_inner
2,inner,train,69329,date_aware_chronological_inner
2,inner,train,69330,date_aware_chronological_inner
2,inner,train,69315,date_aware_chronological_inner
2,inner,train,69333,date_aware_chronological_inner
2,inner,train,69334,date_aware_chronological_inner
2,inner,train,69312,date_aware_chronological_inner
2,inner,train,69327,date_aware_chronological_inner
2,inner,train,69335,date_aware_chronological_inner
2,inner,train,69338,date_aware_chronological_inner
2,inner,train,69316,date_aware_chronological_inner
2,inner,train,69328,date_aware_chronological_inner
2,inner,train,69337,date_aware_chronological_inner
2,inner,train,69326,date_aware_chronological_inner
2,inner,train,69323,date_aware_chronological_inner
2,inner,train,69343,date_aware_chronological_inner
2,inner,train,70221,date_aware_chronological_inner
2,inner,train,69324,date_aware_chronological_inner
2,inner,train,69340,date_aware_chronological_inner
2,inner,train,69320,date_aware_chronological_inner
2,inner,train,69319,date_aware_chronological_inner
2,inner,train,70259,date_aware_chronological_inner
2,inner,train,70286,date_aware_chronological_inner
2,inner,train,70292,date_aware_chronological_inner
2,inner,train,70275,date_aware_chronological_inner
2,inner,train,70300,date_aware_chronological_inner
2,inner,train,70304,date_aware_chronological_inner
2,inner,train,70280,date_aware_chronological_inner
2,inner,train,70263,date_aware_chronological_inner
2,inner,train,70295,date_aware_chronological_inner
2,inner,train,70296,date_aware_chronological_inner
2,inner,train,266433,date_aware_chronological_inner
2,inner,train,266827,date_aware_chronological_inner
2,inner,train,70287,date_aware_chronological_inner
2,inner,train,70282,date_aware_chronological_inner
2,inner,train,70297,date_aware_chronological_inner
2,inner,train,70294,date_aware_chronological_inner
2,inner,train,70271,date_aware_chronological_inner
2,inner,train,70272,date_aware_chronological_inner
2,inner,train,70305,date_aware_chronological_inner
2,inner,train,70307,date_aware_chronological_inner
2,inner,train,70256,date_aware_chronological_inner
2,inner,train,267502,date_aware_chronological_inner
2,inner,train,70281,date_aware_chronological_inner
2,inner,train,70284,date_aware_chronological_inner
2,inner,train,70277,date_aware_chronological_inner
2,inner,train,70298,date_aware_chronological_inner
2,inner,train,70301,date_aware_chronological_inner
2,inner,train,70302,date_aware_chronological_inner
2,inner,train,267520,date_aware_chronological_inner
2,inner,train,70293,date_aware_chronological_inner
2,inner,train,267192,date_aware_chronological_inner
2,inner,train,70283,date_aware_chronological_inner
2,inner,train,266883,date_aware_chronological_inner
2,inner,train,265830,date_aware_chronological_inner
2,inner,train,70288,date_aware_chronological_inner
2,inner,train,70291,date_aware_chronological_inner
2,inner,train,266613,date_aware_chronological_inner
2,inner,train,267675,date_aware_chronological_inner
2,inner,train,265918,date_aware_chronological_inner
2,inner,train,265837,date_aware_chronological_inner
2,inner,train,265857,date_aware_chronological_inner
2,inner,train,266274,date_aware_chronological_inner
2,inner,train,70306,date_aware_chronological_inner
2,inner,train,267368,date_aware_chronological_inner
2,inner,train,267138,date_aware_chronological_inner
2,inner,train,267567,date_aware_chronological_inner
2,inner,train,70289,date_aware_chronological_inner
2,inner,train,266491,date_aware_chronological_inner
2,inner,train,266256,date_aware_chronological_inner
2,inner,train,266406,date_aware_chronological_inner
2,inner,train,70273,date_aware_chronological_inner
2,inner,train,266770,date_aware_chronological_inner
2,inner,train,266838,date_aware_chronological_inner
2,inner,train,266117,date_aware_chronological_inner
2,inner,train,267561,date_aware_chronological_inner
2,inner,train,267085,date_aware_chronological_inner
2,inner,train,267301,date_aware_chronological_inner
2,inner,train,265835,date_aware_chronological_inner
2,inner,train,266560,date_aware_chronological_inner
2,inner,train,266320,date_aware_chronological_inner
2,inner,train,70264,date_aware_chronological_inner
2,inner,train,266240,date_aware_chronological_inner
2,inner,train,70303,date_aware_chronological_inner
2,inner,train,266230,date_aware_chronological_inner
2,inner,train,267597,date_aware_chronological_inner
2,inner,train,266871,date_aware_chronological_inner
2,inner,train,266741,date_aware_chronological_inner
2,inner,train,266148,date_aware_chronological_inner
2,inner,train,267343,date_aware_chronological_inner
2,inner,train,266916,date_aware_chronological_inner
2,inner,train,267183,date_aware_chronological_inner
2,inner,train,266929,date_aware_chronological_inner
2,inner,train,266142,date_aware_chronological_inner
2,inner,train,266525,date_aware_chronological_inner
2,inner,train,266531,date_aware_chronological_inner
2,inner,train,265963,date_aware_chronological_inner
2,inner,train,266045,date_aware_chronological_inner
2,inner,train,266631,date_aware_chronological_inner
2,inner,train,267197,date_aware_chronological_inner
2,inner,train,3825562,date_aware_chronological_inner
2,inner,train,3825564,date_aware_chronological_inner
2,inner,train,3825565,date_aware_chronological_inner
2,inner,train,3825566,date_aware_chronological_inner
2,inner,train,266236,date_aware_chronological_inner
2,inner,train,3825567,date_aware_chronological_inner
2,inner,train,3825568,date_aware_chronological_inner
2,inner,train,3825569,date_aware_chronological_inner
2,inner,train,3825571,date_aware_chronological_inner
2,inner,train,267422,date_aware_chronological_inner
2,inner,train,3825572,date_aware_chronological_inner
2,inner,train,3825573,date_aware_chronological_inner
2,inner,train,3825574,date_aware_chronological_inner
2,inner,train,3825576,date_aware_chronological_inner
2,inner,train,3825577,date_aware_chronological_inner
2,inner,train,3825578,date_aware_chronological_inner
2,inner,train,3825579,date_aware_chronological_inner
2,inner,train,3825580,date_aware_chronological_inner
2,inner,train,266166,date_aware_chronological_inner
2,inner,train,3825581,date_aware_chronological_inner
2,inner,train,3825582,date_aware_chronological_inner
2,inner,train,3825583,date_aware_chronological_inner
2,inner,train,3825584,date_aware_chronological_inner
2,inner,train,3825586,date_aware_chronological_inner
2,inner,train,3825587,date_aware_chronological_inner
2,inner,train,3825588,date_aware_chronological_inner
2,inner,train,3825589,date_aware_chronological_inner
2,inner,train,3825590,date_aware_chronological_inner
2,inner,train,3825591,date_aware_chronological_inner
2,inner,train,3825592,date_aware_chronological_inner
2,inner,train,3825593,date_aware_chronological_inner
2,inner,train,266490,date_aware_chronological_inner
2,inner,train,3825594,date_aware_chronological_inner
2,inner,train,3825595,date_aware_chronological_inner
2,inner,train,3825596,date_aware_chronological_inner
2,inner,train,3825597,date_aware_chronological_inner
2,inner,train,3825598,date_aware_chronological_inner
2,inner,train,3825599,date_aware_chronological_inner
2,inner,train,3825892,date_aware_chronological_inner
2,inner,train,266467,date_aware_chronological_inner
2,inner,train,3825600,date_aware_chronological_inner
2,inner,train,3825601,date_aware_chronological_inner
2,inner,train,3825602,date_aware_chronological_inner
2,inner,train,3825848,date_aware_chronological_inner
2,inner,train,3825895,date_aware_chronological_inner
2,inner,train,3825603,date_aware_chronological_inner
2,inner,train,3825604,date_aware_chronological_inner
2,inner,train,267611,date_aware_chronological_inner
2,inner,train,3825605,date_aware_chronological_inner
2,inner,train,3825606,date_aware_chronological_inner
2,inner,train,3825607,date_aware_chronological_inner
2,inner,train,3825608,date_aware_chronological_inner
2,inner,train,3825609,date_aware_chronological_inner
2,inner,train,3825610,date_aware_chronological_inner
2,inner,train,3825611,date_aware_chronological_inner
2,inner,train,3825612,date_aware_chronological_inner
2,inner,train,3825613,date_aware_chronological_inner
2,inner,train,3825614,date_aware_chronological_inner
2,inner,train,3825615,date_aware_chronological_inner
2,inner,train,3825616,date_aware_chronological_inner
2,inner,train,3825617,date_aware_chronological_inner
2,inner,train,3825618,date_aware_chronological_inner
2,inner,train,3825619,date_aware_chronological_inner
2,inner,train,3825620,date_aware_chronological_inner
2,inner,train,3825621,date_aware_chronological_inner
2,inner,train,3825622,date_aware_chronological_inner
2,inner,train,3825623,date_aware_chronological_inner
2,inner,train,3825624,date_aware_chronological_inner
2,inner,train,3825625,date_aware_chronological_inner
2,inner,train,3825626,date_aware_chronological_inner
2,inner,train,3825627,date_aware_chronological_inner
2,inner,train,3825628,date_aware_chronological_inner
2,inner,train,3825629,date_aware_chronological_inner
2,inner,train,3825630,date_aware_chronological_inner
2,inner,train,3825631,date_aware_chronological_inner
2,inner,train,3825632,date_aware_chronological_inner
2,inner,train,3825633,date_aware_chronological_inner
2,inner,train,3825634,date_aware_chronological_inner
2,inner,train,3825635,date_aware_chronological_inner
2,inner,train,3825636,date_aware_chronological_inner
2,inner,train,3825874,date_aware_chronological_inner
2,inner,train,3825637,date_aware_chronological_inner
2,inner,train,3825638,date_aware_chronological_inner
2,inner,train,3825639,date_aware_chronological_inner
2,inner,train,3825640,date_aware_chronological_inner
2,inner,train,3825641,date_aware_chronological_inner
2,inner,train,3825642,date_aware_chronological_inner
2,inner,train,3825643,date_aware_chronological_inner
2,inner,train,3825644,date_aware_chronological_inner
2,inner,train,3825645,date_aware_chronological_inner
2,inner,train,3825646,date_aware_chronological_inner
2,inner,train,3825647,date_aware_chronological_inner
2,inner,train,3825648,date_aware_chronological_inner
2,inner,train,3825649,date_aware_chronological_inner
2,inner,train,3825650,date_aware_chronological_inner
2,inner,train,3825651,date_aware_chronological_inner
2,inner,train,3825654,date_aware_chronological_inner
2,inner,train,3825661,date_aware_chronological_inner
2,inner,validation,3825683,date_aware_chronological_inner
2,inner,validation,3825684,date_aware_chronological_inner
2,inner,validation,3825685,date_aware_chronological_inner
2,inner,validation,3825686,date_aware_chronological_inner
2,inner,validation,3825687,date_aware_chronological_inner
2,inner,validation,3825688,date_aware_chronological_inner
2,inner,validation,266961,date_aware_chronological_inner
2,inner,validation,3825689,date_aware_chronological_inner
2,inner,validation,3825690,date_aware_chronological_inner
2,inner,validation,3825691,date_aware_chronological_inner
2,inner,validation,3825692,date_aware_chronological_inner
2,inner,validation,3825693,date_aware_chronological_inner
2,inner,validation,3825694,date_aware_chronological_inner
2,inner,validation,3825695,date_aware_chronological_inner
2,inner,validation,3825696,date_aware_chronological_inner
2,inner,validation,3825697,date_aware_chronological_inner
2,inner,validation,3825698,date_aware_chronological_inner
2,inner,validation,3825699,date_aware_chronological_inner
2,inner,validation,3825891,date_aware_chronological_inner
2,inner,validation,3825700,date_aware_chronological_inner
2,inner,validation,3825701,date_aware_chronological_inner
2,inner,validation,3825702,date_aware_chronological_inner
2,inner,validation,3825703,date_aware_chronological_inner
2,inner,validation,3825704,date_aware_chronological_inner
2,inner,validation,267327,date_aware_chronological_inner
2,inner,validation,3825705,date_aware_chronological_inner
2,inner,validation,3825706,date_aware_chronological_inner
2,inner,validation,3825707,date_aware_chronological_inner
2,inner,validation,3825708,date_aware_chronological_inner
2,inner,validation,3825709,date_aware_chronological_inner
2,inner,validation,3825710,date_aware_chronological_inner
2,inner,validation,3825711,date_aware_chronological_inner
2,inner,validation,3825712,date_aware_chronological_inner
2,inner,validation,3825713,date_aware_chronological_inner
2,inner,validation,266670,date_aware_chronological_inner
2,inner,validation,3825714,date_aware_chronological_inner
2,inner,validation,3825715,date_aware_chronological_inner
2,inner,validation,3825716,date_aware_chronological_inner
2,inner,validation,3825717,date_aware_chronological_inner
2,inner,validation,3825718,date_aware_chronological_inner
2,inner,validation,3825719,date_aware_chronological_inner
2,inner,validation,3825720,date_aware_chronological_inner
2,inner,validation,3825721,date_aware_chronological_inner
2,inner,validation,3825722,date_aware_chronological_inner
2,inner,validation,266620,date_aware_chronological_inner
2,inner,validation,3825723,date_aware_chronological_inner
2,inner,validation,3825724,date_aware_chronological_inner
2,inner,validation,3825725,date_aware_chronological_inner
2,inner,validation,3825726,date_aware_chronological_inner
2,inner,validation,3825727,date_aware_chronological_inner
2,inner,validation,3825728,date_aware_chronological_inner
2,inner,validation,3825729,date_aware_chronological_inner
2,inner,validation,3825730,date_aware_chronological_inner
2,inner,validation,3825731,date_aware_chronological_inner
2,inner,validation,3825732,date_aware_chronological_inner
2,inner,validation,3825733,date_aware_chronological_inner
2,inner,validation,3825734,date_aware_chronological_inner
2,inner,validation,3825735,date_aware_chronological_inner
2,inner,validation,266149,date_aware_chronological_inner
2,inner,validation,3825736,date_aware_chronological_inner
2,inner,validation,3825737,date_aware_chronological_inner
2,inner,validation,3825738,date_aware_chronological_inner
2,inner,validation,3825739,date_aware_chronological_inner
2,inner,validation,3825740,date_aware_chronological_inner
2,inner,validation,3825741,date_aware_chronological_inner
2,inner,validation,265894,date_aware_chronological_inner
2,inner,validation,3825742,date_aware_chronological_inner
2,inner,validation,3825743,date_aware_chronological_inner
2,inner,validation,3825744,date_aware_chronological_inner
2,inner,validation,3825745,date_aware_chronological_inner
2,inner,validation,3825746,date_aware_chronological_inner
2,inner,validation,3825747,date_aware_chronological_inner
2,inner,validation,3825748,date_aware_chronological_inner
2,inner,validation,3825749,date_aware_chronological_inner
2,inner,validation,267576,date_aware_chronological_inner
2,inner,validation,3825750,date_aware_chronological_inner
2,inner,validation,3825751,date_aware_chronological_inner
2,inner,validation,3825752,date_aware_chronological_inner
2,inner,validation,3825753,date_aware_chronological_inner
2,inner,validation,3825754,date_aware_chronological_inner
2,inner,validation,3825755,date_aware_chronological_inner
2,inner,validation,3825756,date_aware_chronological_inner
2,inner,validation,3825757,date_aware_chronological_inner
2,inner,validation,3825758,date_aware_chronological_inner
3,outer,train,68335,rolling_origin_40pct_initial_train
3,outer,train,69179,rolling_origin_40pct_initial_train
3,outer,train,69180,rolling_origin_40pct_initial_train
3,outer,train,69169,rolling_origin_40pct_initial_train
3,outer,train,69148,rolling_origin_40pct_initial_train
3,outer,train,69178,rolling_origin_40pct_initial_train
3,outer,train,68356,rolling_origin_40pct_initial_train
3,outer,train,69173,rolling_origin_40pct_initial_train
3,outer,train,69181,rolling_origin_40pct_initial_train
3,outer,train,69187,rolling_origin_40pct_initial_train
3,outer,train,69146,rolling_origin_40pct_initial_train
3,outer,train,69182,rolling_origin_40pct_initial_train
3,outer,train,68360,rolling_origin_40pct_initial_train
3,outer,train,68365,rolling_origin_40pct_initial_train
3,outer,train,68359,rolling_origin_40pct_initial_train
3,outer,train,69141,rolling_origin_40pct_initial_train
3,outer,train,68361,rolling_origin_40pct_initial_train
3,outer,train,69215,rolling_origin_40pct_initial_train
3,outer,train,69207,rolling_origin_40pct_initial_train
3,outer,train,69211,rolling_origin_40pct_initial_train
3,outer,train,69212,rolling_origin_40pct_initial_train
3,outer,train,69171,rolling_origin_40pct_initial_train
3,outer,train,69149,rolling_origin_40pct_initial_train
3,outer,train,69225,rolling_origin_40pct_initial_train
3,outer,train,69228,rolling_origin_40pct_initial_train
3,outer,train,69230,rolling_origin_40pct_initial_train
3,outer,train,69183,rolling_origin_40pct_initial_train
3,outer,train,69209,rolling_origin_40pct_initial_train
3,outer,train,69195,rolling_origin_40pct_initial_train
3,outer,train,69139,rolling_origin_40pct_initial_train
3,outer,train,69185,rolling_origin_40pct_initial_train
3,outer,train,69216,rolling_origin_40pct_initial_train
3,outer,train,69142,rolling_origin_40pct_initial_train
3,outer,train,69223,rolling_origin_40pct_initial_train
3,outer,train,69251,rolling_origin_40pct_initial_train
3,outer,train,69249,rolling_origin_40pct_initial_train
3,outer,train,69217,rolling_origin_40pct_initial_train
3,outer,train,69229,rolling_origin_40pct_initial_train
3,outer,train,69292,rolling_origin_40pct_initial_train
3,outer,train,69254,rolling_origin_40pct_initial_train
3,outer,train,69255,rolling_origin_40pct_initial_train
3,outer,train,69256,rolling_origin_40pct_initial_train
3,outer,train,69252,rolling_origin_40pct_initial_train
3,outer,train,69253,rolling_origin_40pct_initial_train
3,outer,train,69277,rolling_origin_40pct_initial_train
3,outer,train,69250,rolling_origin_40pct_initial_train
3,outer,train,69288,rolling_origin_40pct_initial_train
3,outer,train,69262,rolling_origin_40pct_initial_train
3,outer,train,69218,rolling_origin_40pct_initial_train
3,outer,train,69243,rolling_origin_40pct_initial_train
3,outer,train,69210,rolling_origin_40pct_initial_train
3,outer,train,69240,rolling_origin_40pct_initial_train
3,outer,train,69237,rolling_origin_40pct_initial_train
3,outer,train,69233,rolling_origin_40pct_initial_train
3,outer,train,69238,rolling_origin_40pct_initial_train
3,outer,train,69226,rolling_origin_40pct_initial_train
3,outer,train,69224,rolling_origin_40pct_initial_train
3,outer,train,69227,rolling_origin_40pct_initial_train
3,outer,train,69257,rolling_origin_40pct_initial_train
3,outer,train,69298,rolling_origin_40pct_initial_train
3,outer,train,69247,rolling_origin_40pct_initial_train
3,outer,train,69259,rolling_origin_40pct_initial_train
3,outer,train,69221,rolling_origin_40pct_initial_train
3,outer,train,69213,rolling_origin_40pct_initial_train
3,outer,train,69244,rolling_origin_40pct_initial_train
3,outer,train,69239,rolling_origin_40pct_initial_train
3,outer,train,69286,rolling_origin_40pct_initial_train
3,outer,train,69269,rolling_origin_40pct_initial_train
3,outer,train,69236,rolling_origin_40pct_initial_train
3,outer,train,69260,rolling_origin_40pct_initial_train
3,outer,train,69263,rolling_origin_40pct_initial_train
3,outer,train,69289,rolling_origin_40pct_initial_train
3,outer,train,69270,rolling_origin_40pct_initial_train
3,outer,train,69308,rolling_origin_40pct_initial_train
3,outer,train,69306,rolling_origin_40pct_initial_train
3,outer,train,69299,rolling_origin_40pct_initial_train
3,outer,train,69307,rolling_origin_40pct_initial_train
3,outer,train,69275,rolling_origin_40pct_initial_train
3,outer,train,69280,rolling_origin_40pct_initial_train
3,outer,train,69278,rolling_origin_40pct_initial_train
3,outer,train,69276,rolling_origin_40pct_initial_train
3,outer,train,69248,rolling_origin_40pct_initial_train
3,outer,train,69282,rolling_origin_40pct_initial_train
3,outer,train,69283,rolling_origin_40pct_initial_train
3,outer,train,69274,rolling_origin_40pct_initial_train
3,outer,train,69300,rolling_origin_40pct_initial_train
3,outer,train,69291,rolling_origin_40pct_initial_train
3,outer,train,69303,rolling_origin_40pct_initial_train
3,outer,train,69304,rolling_origin_40pct_initial_train
3,outer,train,69305,rolling_origin_40pct_initial_train
3,outer,train,69245,rolling_origin_40pct_initial_train
3,outer,train,69271,rolling_origin_40pct_initial_train
3,outer,train,69234,rolling_origin_40pct_initial_train
3,outer,train,69272,rolling_origin_40pct_initial_train
3,outer,train,69268,rolling_origin_40pct_initial_train
3,outer,train,69264,rolling_origin_40pct_initial_train
3,outer,train,70220,rolling_origin_40pct_initial_train
3,outer,train,70223,rolling_origin_40pct_initial_train
3,outer,train,69297,rolling_origin_40pct_initial_train
3,outer,train,69265,rolling_origin_40pct_initial_train
3,outer,train,69329,rolling_origin_40pct_initial_train
3,outer,train,69330,rolling_origin_40pct_initial_train
3,outer,train,69315,rolling_origin_40pct_initial_train
3,outer,train,69333,rolling_origin_40pct_initial_train
3,outer,train,69334,rolling_origin_40pct_initial_train
3,outer,train,69312,rolling_origin_40pct_initial_train
3,outer,train,69327,rolling_origin_40pct_initial_train
3,outer,train,69335,rolling_origin_40pct_initial_train
3,outer,train,69338,rolling_origin_40pct_initial_train
3,outer,train,69316,rolling_origin_40pct_initial_train
3,outer,train,69336,rolling_origin_40pct_initial_train
3,outer,train,69328,rolling_origin_40pct_initial_train
3,outer,train,69337,rolling_origin_40pct_initial_train
3,outer,train,69326,rolling_origin_40pct_initial_train
3,outer,train,69323,rolling_origin_40pct_initial_train
3,outer,train,69343,rolling_origin_40pct_initial_train
3,outer,train,70221,rolling_origin_40pct_initial_train
3,outer,train,69324,rolling_origin_40pct_initial_train
3,outer,train,69340,rolling_origin_40pct_initial_train
3,outer,train,69320,rolling_origin_40pct_initial_train
3,outer,train,69319,rolling_origin_40pct_initial_train
3,outer,train,70259,rolling_origin_40pct_initial_train
3,outer,train,70262,rolling_origin_40pct_initial_train
3,outer,train,70286,rolling_origin_40pct_initial_train
3,outer,train,70292,rolling_origin_40pct_initial_train
3,outer,train,70275,rolling_origin_40pct_initial_train
3,outer,train,70300,rolling_origin_40pct_initial_train
3,outer,train,70304,rolling_origin_40pct_initial_train
3,outer,train,70280,rolling_origin_40pct_initial_train
3,outer,train,70263,rolling_origin_40pct_initial_train
3,outer,train,70295,rolling_origin_40pct_initial_train
3,outer,train,70296,rolling_origin_40pct_initial_train
3,outer,train,266433,rolling_origin_40pct_initial_train
3,outer,train,266827,rolling_origin_40pct_initial_train
3,outer,train,70287,rolling_origin_40pct_initial_train
3,outer,train,70282,rolling_origin_40pct_initial_train
3,outer,train,70297,rolling_origin_40pct_initial_train
3,outer,train,70294,rolling_origin_40pct_initial_train
3,outer,train,70271,rolling_origin_40pct_initial_train
3,outer,train,70272,rolling_origin_40pct_initial_train
3,outer,train,70305,rolling_origin_40pct_initial_train
3,outer,train,70307,rolling_origin_40pct_initial_train
3,outer,train,70256,rolling_origin_40pct_initial_train
3,outer,train,267502,rolling_origin_40pct_initial_train
3,outer,train,70281,rolling_origin_40pct_initial_train
3,outer,train,70284,rolling_origin_40pct_initial_train
3,outer,train,70277,rolling_origin_40pct_initial_train
3,outer,train,70298,rolling_origin_40pct_initial_train
3,outer,train,70301,rolling_origin_40pct_initial_train
3,outer,train,70302,rolling_origin_40pct_initial_train
3,outer,train,267520,rolling_origin_40pct_initial_train
3,outer,train,266420,rolling_origin_40pct_initial_train
3,outer,train,70293,rolling_origin_40pct_initial_train
3,outer,train,267192,rolling_origin_40pct_initial_train
3,outer,train,70283,rolling_origin_40pct_initial_train
3,outer,train,266883,rolling_origin_40pct_initial_train
3,outer,train,265830,rolling_origin_40pct_initial_train
3,outer,train,70288,rolling_origin_40pct_initial_train
3,outer,train,70291,rolling_origin_40pct_initial_train
3,outer,train,266613,rolling_origin_40pct_initial_train
3,outer,train,267675,rolling_origin_40pct_initial_train
3,outer,train,265918,rolling_origin_40pct_initial_train
3,outer,train,265837,rolling_origin_40pct_initial_train
3,outer,train,265857,rolling_origin_40pct_initial_train
3,outer,train,266274,rolling_origin_40pct_initial_train
3,outer,train,70306,rolling_origin_40pct_initial_train
3,outer,train,267368,rolling_origin_40pct_initial_train
3,outer,train,267138,rolling_origin_40pct_initial_train
3,outer,train,267567,rolling_origin_40pct_initial_train
3,outer,train,70289,rolling_origin_40pct_initial_train
3,outer,train,266491,rolling_origin_40pct_initial_train
3,outer,train,266256,rolling_origin_40pct_initial_train
3,outer,train,266406,rolling_origin_40pct_initial_train
3,outer,train,70273,rolling_origin_40pct_initial_train
3,outer,train,266770,rolling_origin_40pct_initial_train
3,outer,train,266838,rolling_origin_40pct_initial_train
3,outer,train,266117,rolling_origin_40pct_initial_train
3,outer,train,267561,rolling_origin_40pct_initial_train
3,outer,train,267085,rolling_origin_40pct_initial_train
3,outer,train,267301,rolling_origin_40pct_initial_train
3,outer,train,265835,rolling_origin_40pct_initial_train
3,outer,train,266560,rolling_origin_40pct_initial_train
3,outer,train,266320,rolling_origin_40pct_initial_train
3,outer,train,70264,rolling_origin_40pct_initial_train
3,outer,train,266240,rolling_origin_40pct_initial_train
3,outer,train,70303,rolling_origin_40pct_initial_train
3,outer,train,266230,rolling_origin_40pct_initial_train
3,outer,train,267597,rolling_origin_40pct_initial_train
3,outer,train,266871,rolling_origin_40pct_initial_train
3,outer,train,266741,rolling_origin_40pct_initial_train
3,outer,train,266148,rolling_origin_40pct_initial_train
3,outer,train,267343,rolling_origin_40pct_initial_train
3,outer,train,266916,rolling_origin_40pct_initial_train
3,outer,train,267183,rolling_origin_40pct_initial_train
3,outer,train,266929,rolling_origin_40pct_initial_train
3,outer,train,266142,rolling_origin_40pct_initial_train
3,outer,train,266525,rolling_origin_40pct_initial_train
3,outer,train,266531,rolling_origin_40pct_initial_train
3,outer,train,265963,rolling_origin_40pct_initial_train
3,outer,train,266045,rolling_origin_40pct_initial_train
3,outer,train,266631,rolling_origin_40pct_initial_train
3,outer,train,267197,rolling_origin_40pct_initial_train
3,outer,train,3825562,rolling_origin_40pct_initial_train
3,outer,train,3825564,rolling_origin_40pct_initial_train
3,outer,train,3825565,rolling_origin_40pct_initial_train
3,outer,train,3825566,rolling_origin_40pct_initial_train
3,outer,train,266236,rolling_origin_40pct_initial_train
3,outer,train,3825567,rolling_origin_40pct_initial_train
3,outer,train,3825568,rolling_origin_40pct_initial_train
3,outer,train,3825569,rolling_origin_40pct_initial_train
3,outer,train,3825571,rolling_origin_40pct_initial_train
3,outer,train,267422,rolling_origin_40pct_initial_train
3,outer,train,3825572,rolling_origin_40pct_initial_train
3,outer,train,3825573,rolling_origin_40pct_initial_train
3,outer,train,3825574,rolling_origin_40pct_initial_train
3,outer,train,3825576,rolling_origin_40pct_initial_train
3,outer,train,3825577,rolling_origin_40pct_initial_train
3,outer,train,3825578,rolling_origin_40pct_initial_train
3,outer,train,3825579,rolling_origin_40pct_initial_train
3,outer,train,3825580,rolling_origin_40pct_initial_train
3,outer,train,266166,rolling_origin_40pct_initial_train
3,outer,train,3825581,rolling_origin_40pct_initial_train
3,outer,train,3825582,rolling_origin_40pct_initial_train
3,outer,train,3825583,rolling_origin_40pct_initial_train
3,outer,train,3825584,rolling_origin_40pct_initial_train
3,outer,train,3825586,rolling_origin_40pct_initial_train
3,outer,train,3825587,rolling_origin_40pct_initial_train
3,outer,train,3825588,rolling_origin_40pct_initial_train
3,outer,train,3825589,rolling_origin_40pct_initial_train
3,outer,train,3825590,rolling_origin_40pct_initial_train
3,outer,train,3825591,rolling_origin_40pct_initial_train
3,outer,train,3825592,rolling_origin_40pct_initial_train
3,outer,train,3825593,rolling_origin_40pct_initial_train
3,outer,train,266490,rolling_origin_40pct_initial_train
3,outer,train,3825594,rolling_origin_40pct_initial_train
3,outer,train,3825595,rolling_origin_40pct_initial_train
3,outer,train,3825596,rolling_origin_40pct_initial_train
3,outer,train,3825597,rolling_origin_40pct_initial_train
3,outer,train,3825598,rolling_origin_40pct_initial_train
3,outer,train,3825599,rolling_origin_40pct_initial_train
3,outer,train,3825892,rolling_origin_40pct_initial_train
3,outer,train,266467,rolling_origin_40pct_initial_train
3,outer,train,3825600,rolling_origin_40pct_initial_train
3,outer,train,3825601,rolling_origin_40pct_initial_train
3,outer,train,3825602,rolling_origin_40pct_initial_train
3,outer,train,3825848,rolling_origin_40pct_initial_train
3,outer,train,3825895,rolling_origin_40pct_initial_train
3,outer,train,3825603,rolling_origin_40pct_initial_train
3,outer,train,3825604,rolling_origin_40pct_initial_train
3,outer,train,267611,rolling_origin_40pct_initial_train
3,outer,train,3825605,rolling_origin_40pct_initial_train
3,outer,train,3825606,rolling_origin_40pct_initial_train
3,outer,train,3825607,rolling_origin_40pct_initial_train
3,outer,train,3825608,rolling_origin_40pct_initial_train
3,outer,train,3825609,rolling_origin_40pct_initial_train
3,outer,train,3825610,rolling_origin_40pct_initial_train
3,outer,train,3825611,rolling_origin_40pct_initial_train
3,outer,train,3825612,rolling_origin_40pct_initial_train
3,outer,train,3825613,rolling_origin_40pct_initial_train
3,outer,train,3825614,rolling_origin_40pct_initial_train
3,outer,train,3825615,rolling_origin_40pct_initial_train
3,outer,train,3825616,rolling_origin_40pct_initial_train
3,outer,train,3825617,rolling_origin_40pct_initial_train
3,outer,train,3825618,rolling_origin_40pct_initial_train
3,outer,train,3825619,rolling_origin_40pct_initial_train
3,outer,train,3825620,rolling_origin_40pct_initial_train
3,outer,train,3825621,rolling_origin_40pct_initial_train
3,outer,train,3825622,rolling_origin_40pct_initial_train
3,outer,train,3825623,rolling_origin_40pct_initial_train
3,outer,train,3825624,rolling_origin_40pct_initial_train
3,outer,train,3825625,rolling_origin_40pct_initial_train
3,outer,train,3825626,rolling_origin_40pct_initial_train
3,outer,train,3825627,rolling_origin_40pct_initial_train
3,outer,train,3825628,rolling_origin_40pct_initial_train
3,outer,train,3825629,rolling_origin_40pct_initial_train
3,outer,train,3825630,rolling_origin_40pct_initial_train
3,outer,train,3825631,rolling_origin_40pct_initial_train
3,outer,train,3825632,rolling_origin_40pct_initial_train
3,outer,train,3825633,rolling_origin_40pct_initial_train
3,outer,train,3825634,rolling_origin_40pct_initial_train
3,outer,train,3825635,rolling_origin_40pct_initial_train
3,outer,train,3825636,rolling_origin_40pct_initial_train
3,outer,train,3825874,rolling_origin_40pct_initial_train
3,outer,train,3825637,rolling_origin_40pct_initial_train
3,outer,train,3825638,rolling_origin_40pct_initial_train
3,outer,train,3825639,rolling_origin_40pct_initial_train
3,outer,train,3825640,rolling_origin_40pct_initial_train
3,outer,train,3825641,rolling_origin_40pct_initial_train
3,outer,train,3825642,rolling_origin_40pct_initial_train
3,outer,train,3825643,rolling_origin_40pct_initial_train
3,outer,train,3825644,rolling_origin_40pct_initial_train
3,outer,train,3825645,rolling_origin_40pct_initial_train
3,outer,train,3825646,rolling_origin_40pct_initial_train
3,outer,train,3825647,rolling_origin_40pct_initial_train
3,outer,train,3825648,rolling_origin_40pct_initial_train
3,outer,train,3825649,rolling_origin_40pct_initial_train
3,outer,train,3825650,rolling_origin_40pct_initial_train
3,outer,train,3825651,rolling_origin_40pct_initial_train
3,outer,train,3825652,rolling_origin_40pct_initial_train
3,outer,train,3825653,rolling_origin_40pct_initial_train
3,outer,train,3825654,rolling_origin_40pct_initial_train
3,outer,train,3825655,rolling_origin_40pct_initial_train
3,outer,train,3825656,rolling_origin_40pct_initial_train
3,outer,train,3825657,rolling_origin_40pct_initial_train
3,outer,train,3825658,rolling_origin_40pct_initial_train
3,outer,train,3825659,rolling_origin_40pct_initial_train
3,outer,train,3825660,rolling_origin_40pct_initial_train
3,outer,train,3825661,rolling_origin_40pct_initial_train
3,outer,train,266424,rolling_origin_40pct_initial_train
3,outer,train,3825662,rolling_origin_40pct_initial_train
3,outer,train,3825663,rolling_origin_40pct_initial_train
3,outer,train,3825664,rolling_origin_40pct_initial_train
3,outer,train,3825888,rolling_origin_40pct_initial_train
3,outer,train,3825665,rolling_origin_40pct_initial_train
3,outer,train,3825666,rolling_origin_40pct_initial_train
3,outer,train,3825667,rolling_origin_40pct_initial_train
3,outer,train,3825668,rolling_origin_40pct_initial_train
3,outer,train,3825669,rolling_origin_40pct_initial_train
3,outer,train,3825670,rolling_origin_40pct_initial_train
3,outer,train,266885,rolling_origin_40pct_initial_train
3,outer,train,3825671,rolling_origin_40pct_initial_train
3,outer,train,3825672,rolling_origin_40pct_initial_train
3,outer,train,3825673,rolling_origin_40pct_initial_train
3,outer,train,3825674,rolling_origin_40pct_initial_train
3,outer,train,3825675,rolling_origin_40pct_initial_train
3,outer,train,3825676,rolling_origin_40pct_initial_train
3,outer,train,3825677,rolling_origin_40pct_initial_train
3,outer,train,3825678,rolling_origin_40pct_initial_train
3,outer,train,267274,rolling_origin_40pct_initial_train
3,outer,train,3825679,rolling_origin_40pct_initial_train
3,outer,train,3825680,rolling_origin_40pct_initial_train
3,outer,train,3825681,rolling_origin_40pct_initial_train
3,outer,train,3825682,rolling_origin_40pct_initial_train
3,outer,train,3825683,rolling_origin_40pct_initial_train
3,outer,train,3825684,rolling_origin_40pct_initial_train
3,outer,train,3825685,rolling_origin_40pct_initial_train
3,outer,train,3825686,rolling_origin_40pct_initial_train
3,outer,train,3825687,rolling_origin_40pct_initial_train
3,outer,train,3825688,rolling_origin_40pct_initial_train
3,outer,train,266961,rolling_origin_40pct_initial_train
3,outer,train,3825689,rolling_origin_40pct_initial_train
3,outer,train,3825690,rolling_origin_40pct_initial_train
3,outer,train,3825691,rolling_origin_40pct_initial_train
3,outer,train,3825692,rolling_origin_40pct_initial_train
3,outer,train,3825693,rolling_origin_40pct_initial_train
3,outer,train,3825694,rolling_origin_40pct_initial_train
3,outer,train,3825695,rolling_origin_40pct_initial_train
3,outer,train,3825696,rolling_origin_40pct_initial_train
3,outer,train,3825697,rolling_origin_40pct_initial_train
3,outer,train,3825698,rolling_origin_40pct_initial_train
3,outer,train,3825699,rolling_origin_40pct_initial_train
3,outer,train,3825891,rolling_origin_40pct_initial_train
3,outer,train,3825700,rolling_origin_40pct_initial_train
3,outer,train,3825701,rolling_origin_40pct_initial_train
3,outer,train,3825702,rolling_origin_40pct_initial_train
3,outer,train,3825703,rolling_origin_40pct_initial_train
3,outer,train,3825704,rolling_origin_40pct_initial_train
3,outer,train,267327,rolling_origin_40pct_initial_train
3,outer,train,3825705,rolling_origin_40pct_initial_train
3,outer,train,3825706,rolling_origin_40pct_initial_train
3,outer,train,3825707,rolling_origin_40pct_initial_train
3,outer,train,3825708,rolling_origin_40pct_initial_train
3,outer,train,3825709,rolling_origin_40pct_initial_train
3,outer,train,3825710,rolling_origin_40pct_initial_train
3,outer,train,3825711,rolling_origin_40pct_initial_train
3,outer,train,3825712,rolling_origin_40pct_initial_train
3,outer,train,3825713,rolling_origin_40pct_initial_train
3,outer,train,266670,rolling_origin_40pct_initial_train
3,outer,train,3825714,rolling_origin_40pct_initial_train
3,outer,train,3825715,rolling_origin_40pct_initial_train
3,outer,train,3825716,rolling_origin_40pct_initial_train
3,outer,train,3825717,rolling_origin_40pct_initial_train
3,outer,train,3825718,rolling_origin_40pct_initial_train
3,outer,train,3825719,rolling_origin_40pct_initial_train
3,outer,train,3825720,rolling_origin_40pct_initial_train
3,outer,train,3825721,rolling_origin_40pct_initial_train
3,outer,train,3825722,rolling_origin_40pct_initial_train
3,outer,train,266620,rolling_origin_40pct_initial_train
3,outer,train,3825723,rolling_origin_40pct_initial_train
3,outer,train,3825724,rolling_origin_40pct_initial_train
3,outer,train,3825725,rolling_origin_40pct_initial_train
3,outer,train,3825726,rolling_origin_40pct_initial_train
3,outer,train,3825727,rolling_origin_40pct_initial_train
3,outer,train,3825728,rolling_origin_40pct_initial_train
3,outer,train,3825729,rolling_origin_40pct_initial_train
3,outer,train,3825730,rolling_origin_40pct_initial_train
3,outer,train,3825731,rolling_origin_40pct_initial_train
3,outer,train,3825732,rolling_origin_40pct_initial_train
3,outer,train,3825733,rolling_origin_40pct_initial_train
3,outer,train,3825734,rolling_origin_40pct_initial_train
3,outer,train,3825735,rolling_origin_40pct_initial_train
3,outer,train,266149,rolling_origin_40pct_initial_train
3,outer,train,3825736,rolling_origin_40pct_initial_train
3,outer,train,3825737,rolling_origin_40pct_initial_train
3,outer,train,3825738,rolling_origin_40pct_initial_train
3,outer,train,3825739,rolling_origin_40pct_initial_train
3,outer,train,3825740,rolling_origin_40pct_initial_train
3,outer,train,3825741,rolling_origin_40pct_initial_train
3,outer,train,265894,rolling_origin_40pct_initial_train
3,outer,train,3825742,rolling_origin_40pct_initial_train
3,outer,train,3825743,rolling_origin_40pct_initial_train
3,outer,train,3825744,rolling_origin_40pct_initial_train
3,outer,train,3825745,rolling_origin_40pct_initial_train
3,outer,train,3825746,rolling_origin_40pct_initial_train
3,outer,train,3825747,rolling_origin_40pct_initial_train
3,outer,train,3825748,rolling_origin_40pct_initial_train
3,outer,train,3825749,rolling_origin_40pct_initial_train
3,outer,train,267576,rolling_origin_40pct_initial_train
3,outer,train,3825750,rolling_origin_40pct_initial_train
3,outer,train,3825751,rolling_origin_40pct_initial_train
3,outer,train,3825752,rolling_origin_40pct_initial_train
3,outer,train,3825753,rolling_origin_40pct_initial_train
3,outer,train,3825754,rolling_origin_40pct_initial_train
3,outer,train,3825755,rolling_origin_40pct_initial_train
3,outer,train,3825756,rolling_origin_40pct_initial_train
3,outer,train,3825757,rolling_origin_40pct_initial_train
3,outer,train,3825758,rolling_origin_40pct_initial_train
3,outer,train,3825759,rolling_origin_40pct_initial_train
3,outer,train,3825760,rolling_origin_40pct_initial_train
3,outer,train,3825761,rolling_origin_40pct_initial_train
3,outer,train,3825762,rolling_origin_40pct_initial_train
3,outer,train,3825763,rolling_origin_40pct_initial_train
3,outer,train,266160,rolling_origin_40pct_initial_train
3,outer,train,3825764,rolling_origin_40pct_initial_train
3,outer,train,3825765,rolling_origin_40pct_initial_train
3,outer,train,3825766,rolling_origin_40pct_initial_train
3,outer,train,3825767,rolling_origin_40pct_initial_train
3,outer,train,3825768,rolling_origin_40pct_initial_train
3,outer,train,3825769,rolling_origin_40pct_initial_train
3,outer,train,3825770,rolling_origin_40pct_initial_train
3,outer,train,3825771,rolling_origin_40pct_initial_train
3,outer,train,3825772,rolling_origin_40pct_initial_train
3,outer,train,266254,rolling_origin_40pct_initial_train
3,outer,train,3825773,rolling_origin_40pct_initial_train
3,outer,train,3825774,rolling_origin_40pct_initial_train
3,outer,train,3825775,rolling_origin_40pct_initial_train
3,outer,train,3825776,rolling_origin_40pct_initial_train
3,outer,train,266815,rolling_origin_40pct_initial_train
3,outer,train,3825777,rolling_origin_40pct_initial_train
3,outer,train,267273,rolling_origin_40pct_initial_train
3,outer,train,3825778,rolling_origin_40pct_initial_train
3,outer,train,3825779,rolling_origin_40pct_initial_train
3,outer,train,3825780,rolling_origin_40pct_initial_train
3,outer,train,3825781,rolling_origin_40pct_initial_train
3,outer,train,3825782,rolling_origin_40pct_initial_train
3,outer,train,3825783,rolling_origin_40pct_initial_train
3,outer,train,3825784,rolling_origin_40pct_initial_train
3,outer,train,3825785,rolling_origin_40pct_initial_train
3,outer,train,3825786,rolling_origin_40pct_initial_train
3,outer,train,3825787,rolling_origin_40pct_initial_train
3,outer,train,3825788,rolling_origin_40pct_initial_train
3,outer,train,3825789,rolling_origin_40pct_initial_train
3,outer,train,3825790,rolling_origin_40pct_initial_train
3,outer,train,3825791,rolling_origin_40pct_initial_train
3,outer,train,265839,rolling_origin_40pct_initial_train
3,outer,train,3825792,rolling_origin_40pct_initial_train
3,outer,train,3825793,rolling_origin_40pct_initial_train
3,outer,train,3825794,rolling_origin_40pct_initial_train
3,outer,train,3825795,rolling_origin_40pct_initial_train
3,outer,train,3825796,rolling_origin_40pct_initial_train
3,outer,train,3825797,rolling_origin_40pct_initial_train
3,outer,train,3825798,rolling_origin_40pct_initial_train
3,outer,train,3825799,rolling_origin_40pct_initial_train
3,outer,train,3825800,rolling_origin_40pct_initial_train
3,outer,train,3825801,rolling_origin_40pct_initial_train
3,outer,train,266653,rolling_origin_40pct_initial_train
3,outer,train,3825802,rolling_origin_40pct_initial_train
3,outer,train,3825803,rolling_origin_40pct_initial_train
3,outer,train,3825804,rolling_origin_40pct_initial_train
3,outer,train,3825805,rolling_origin_40pct_initial_train
3,outer,train,3825806,rolling_origin_40pct_initial_train
3,outer,train,3825867,rolling_origin_40pct_initial_train
3,outer,train,266056,rolling_origin_40pct_initial_train
3,outer,train,3825807,rolling_origin_40pct_initial_train
3,outer,train,3825808,rolling_origin_40pct_initial_train
3,outer,train,3825809,rolling_origin_40pct_initial_train
3,outer,train,3825810,rolling_origin_40pct_initial_train
3,outer,train,3825811,rolling_origin_40pct_initial_train
3,outer,train,3825812,rolling_origin_40pct_initial_train
3,outer,train,266498,rolling_origin_40pct_initial_train
3,outer,train,3825813,rolling_origin_40pct_initial_train
3,outer,train,3825814,rolling_origin_40pct_initial_train
3,outer,train,3825858,rolling_origin_40pct_initial_train
3,outer,train,3825815,rolling_origin_40pct_initial_train
3,outer,train,3825816,rolling_origin_40pct_initial_train
3,outer,train,3825844,rolling_origin_40pct_initial_train
3,outer,train,3825879,rolling_origin_40pct_initial_train
3,outer,train,3825881,rolling_origin_40pct_initial_train
3,outer,train,3825817,rolling_origin_40pct_initial_train
3,outer,train,3825818,rolling_origin_40pct_initial_train
3,outer,train,3825880,rolling_origin_40pct_initial_train
3,outer,train,3825887,rolling_origin_40pct_initial_train
3,outer,train,3825903,rolling_origin_40pct_initial_train
3,outer,train,3825907,rolling_origin_40pct_initial_train
3,outer,train,266106,rolling_origin_40pct_initial_train
3,outer,train,3825819,rolling_origin_40pct_initial_train
3,outer,train,3825820,rolling_origin_40pct_initial_train
3,outer,train,3825821,rolling_origin_40pct_initial_train
3,outer,train,3825885,rolling_origin_40pct_initial_train
3,outer,train,267533,rolling_origin_40pct_initial_train
3,outer,train,3825822,rolling_origin_40pct_initial_train
3,outer,train,3825872,rolling_origin_40pct_initial_train
3,outer,train,3825898,rolling_origin_40pct_initial_train
3,outer,train,3825823,rolling_origin_40pct_initial_train
3,outer,train,3825824,rolling_origin_40pct_initial_train
3,outer,train,3825877,rolling_origin_40pct_initial_train
3,outer,train,3825905,rolling_origin_40pct_initial_train
3,outer,train,3825825,rolling_origin_40pct_initial_train
3,outer,train,3825826,rolling_origin_40pct_initial_train
3,outer,train,266664,rolling_origin_40pct_initial_train
3,outer,train,3825827,rolling_origin_40pct_initial_train
3,outer,train,3825828,rolling_origin_40pct_initial_train
3,outer,train,3825856,rolling_origin_40pct_initial_train
3,outer,train,3825829,rolling_origin_40pct_initial_train
3,outer,train,3825830,rolling_origin_40pct_initial_train
3,outer,train,3825831,rolling_origin_40pct_initial_train
3,outer,train,3825832,rolling_origin_40pct_initial_train
3,outer,train,3825863,rolling_origin_40pct_initial_train
3,outer,train,3825857,rolling_origin_40pct_initial_train
3,outer,train,3825833,rolling_origin_40pct_initial_train
3,outer,train,3825852,rolling_origin_40pct_initial_train
3,outer,train,3825889,rolling_origin_40pct_initial_train
3,outer,train,3825897,rolling_origin_40pct_initial_train
3,outer,train,266557,rolling_origin_40pct_initial_train
3,outer,train,3825834,rolling_origin_40pct_initial_train
3,outer,train,3825835,rolling_origin_40pct_initial_train
3,outer,train,3825836,rolling_origin_40pct_initial_train
3,outer,train,3825906,rolling_origin_40pct_initial_train
3,outer,train,3825837,rolling_origin_40pct_initial_train
3,outer,train,3825862,rolling_origin_40pct_initial_train
3,outer,train,266310,rolling_origin_40pct_initial_train
3,outer,train,3825838,rolling_origin_40pct_initial_train
3,outer,train,3825839,rolling_origin_40pct_initial_train
3,outer,train,3825840,rolling_origin_40pct_initial_train
3,outer,train,3825843,rolling_origin_40pct_initial_train
3,outer,train,3825893,rolling_origin_40pct_initial_train
3,outer,train,3825841,rolling_origin_40pct_initial_train
3,outer,train,3825896,rolling_origin_40pct_initial_train
3,outer,train,3825871,rolling_origin_40pct_initial_train
3,outer,train,265944,rolling_origin_40pct_initial_train
3,outer,train,3825847,rolling_origin_40pct_initial_train
3,outer,train,3825886,rolling_origin_40pct_initial_train
3,outer,train,3825890,rolling_origin_40pct_initial_train
3,outer,train,3825842,rolling_origin_40pct_initial_train
3,outer,train,3825875,rolling_origin_40pct_initial_train
3,outer,train,3825884,rolling_origin_40pct_initial_train
3,outer,train,3825899,rolling_origin_40pct_initial_train
3,outer,train,3825868,rolling_origin_40pct_initial_train
3,outer,train,266986,rolling_origin_40pct_initial_train
3,outer,train,3825864,rolling_origin_40pct_initial_train
3,outer,test,266357,rolling_origin_40pct_initial_train
3,outer,test,266528,rolling_origin_40pct_initial_train
3,outer,test,266477,rolling_origin_40pct_initial_train
3,outer,test,267395,rolling_origin_40pct_initial_train
3,outer,test,266731,rolling_origin_40pct_initial_train
3,outer,test,266516,rolling_origin_40pct_initial_train
3,outer,test,266874,rolling_origin_40pct_initial_train
3,outer,test,267464,rolling_origin_40pct_initial_train
3,outer,test,265952,rolling_origin_40pct_initial_train
3,outer,test,266299,rolling_origin_40pct_initial_train
3,outer,test,267660,rolling_origin_40pct_initial_train
3,outer,test,266440,rolling_origin_40pct_initial_train
3,outer,test,266280,rolling_origin_40pct_initial_train
3,outer,test,267590,rolling_origin_40pct_initial_train
3,outer,test,267373,rolling_origin_40pct_initial_train
3,outer,test,267569,rolling_origin_40pct_initial_train
3,outer,test,267101,rolling_origin_40pct_initial_train
3,outer,test,267077,rolling_origin_40pct_initial_train
3,outer,test,266952,rolling_origin_40pct_initial_train
3,outer,test,267039,rolling_origin_40pct_initial_train
3,outer,test,267432,rolling_origin_40pct_initial_train
3,outer,test,9575,rolling_origin_40pct_initial_train
3,outer,test,9581,rolling_origin_40pct_initial_train
3,outer,test,9592,rolling_origin_40pct_initial_train
3,outer,test,9602,rolling_origin_40pct_initial_train
3,outer,test,9609,rolling_origin_40pct_initial_train
3,outer,test,9636,rolling_origin_40pct_initial_train
3,outer,test,9642,rolling_origin_40pct_initial_train
3,outer,test,9650,rolling_origin_40pct_initial_train
3,outer,test,9661,rolling_origin_40pct_initial_train
3,outer,test,9673,rolling_origin_40pct_initial_train
3,outer,test,9695,rolling_origin_40pct_initial_train
3,outer,test,9700,rolling_origin_40pct_initial_train
3,outer,test,9717,rolling_origin_40pct_initial_train
3,outer,test,9726,rolling_origin_40pct_initial_train
3,outer,test,9736,rolling_origin_40pct_initial_train
3,outer,test,9742,rolling_origin_40pct_initial_train
3,outer,test,9754,rolling_origin_40pct_initial_train
3,outer,test,9765,rolling_origin_40pct_initial_train
3,outer,test,9774,rolling_origin_40pct_initial_train
3,outer,test,9783,rolling_origin_40pct_initial_train
3,outer,test,9794,rolling_origin_40pct_initial_train
3,outer,test,9799,rolling_origin_40pct_initial_train
3,outer,test,9827,rolling_origin_40pct_initial_train
3,outer,test,9837,rolling_origin_40pct_initial_train
3,outer,test,9855,rolling_origin_40pct_initial_train
3,outer,test,9860,rolling_origin_40pct_initial_train
3,outer,test,9870,rolling_origin_40pct_initial_train
3,outer,test,9880,rolling_origin_40pct_initial_train
3,outer,test,9889,rolling_origin_40pct_initial_train
3,inner,train,68335,date_aware_chronological_inner
3,inner,train,69179,date_aware_chronological_inner
3,inner,train,69180,date_aware_chronological_inner
3,inner,train,69169,date_aware_chronological_inner
3,inner,train,69148,date_aware_chronological_inner
3,inner,train,69178,date_aware_chronological_inner
3,inner,train,68356,date_aware_chronological_inner
3,inner,train,69173,date_aware_chronological_inner
3,inner,train,69181,date_aware_chronological_inner
3,inner,train,69187,date_aware_chronological_inner
3,inner,train,69146,date_aware_chronological_inner
3,inner,train,69182,date_aware_chronological_inner
3,inner,train,68360,date_aware_chronological_inner
3,inner,train,68365,date_aware_chronological_inner
3,inner,train,68359,date_aware_chronological_inner
3,inner,train,69141,date_aware_chronological_inner
3,inner,train,68361,date_aware_chronological_inner
3,inner,train,69215,date_aware_chronological_inner
3,inner,train,69207,date_aware_chronological_inner
3,inner,train,69211,date_aware_chronological_inner
3,inner,train,69212,date_aware_chronological_inner
3,inner,train,69171,date_aware_chronological_inner
3,inner,train,69149,date_aware_chronological_inner
3,inner,train,69225,date_aware_chronological_inner
3,inner,train,69228,date_aware_chronological_inner
3,inner,train,69230,date_aware_chronological_inner
3,inner,train,69183,date_aware_chronological_inner
3,inner,train,69209,date_aware_chronological_inner
3,inner,train,69195,date_aware_chronological_inner
3,inner,train,69139,date_aware_chronological_inner
3,inner,train,69185,date_aware_chronological_inner
3,inner,train,69216,date_aware_chronological_inner
3,inner,train,69142,date_aware_chronological_inner
3,inner,train,69223,date_aware_chronological_inner
3,inner,train,69251,date_aware_chronological_inner
3,inner,train,69249,date_aware_chronological_inner
3,inner,train,69217,date_aware_chronological_inner
3,inner,train,69229,date_aware_chronological_inner
3,inner,train,69292,date_aware_chronological_inner
3,inner,train,69255,date_aware_chronological_inner
3,inner,train,69256,date_aware_chronological_inner
3,inner,train,69252,date_aware_chronological_inner
3,inner,train,69253,date_aware_chronological_inner
3,inner,train,69277,date_aware_chronological_inner
3,inner,train,69250,date_aware_chronological_inner
3,inner,train,69288,date_aware_chronological_inner
3,inner,train,69262,date_aware_chronological_inner
3,inner,train,69218,date_aware_chronological_inner
3,inner,train,69243,date_aware_chronological_inner
3,inner,train,69240,date_aware_chronological_inner
3,inner,train,69237,date_aware_chronological_inner
3,inner,train,69238,date_aware_chronological_inner
3,inner,train,69226,date_aware_chronological_inner
3,inner,train,69224,date_aware_chronological_inner
3,inner,train,69257,date_aware_chronological_inner
3,inner,train,69247,date_aware_chronological_inner
3,inner,train,69259,date_aware_chronological_inner
3,inner,train,69221,date_aware_chronological_inner
3,inner,train,69213,date_aware_chronological_inner
3,inner,train,69244,date_aware_chronological_inner
3,inner,train,69239,date_aware_chronological_inner
3,inner,train,69269,date_aware_chronological_inner
3,inner,train,69260,date_aware_chronological_inner
3,inner,train,69289,date_aware_chronological_inner
3,inner,train,69270,date_aware_chronological_inner
3,inner,train,69308,date_aware_chronological_inner
3,inner,train,69299,date_aware_chronological_inner
3,inner,train,69307,date_aware_chronological_inner
3,inner,train,69275,date_aware_chronological_inner
3,inner,train,69280,date_aware_chronological_inner
3,inner,train,69278,date_aware_chronological_inner
3,inner,train,69276,date_aware_chronological_inner
3,inner,train,69248,date_aware_chronological_inner
3,inner,train,69282,date_aware_chronological_inner
3,inner,train,69274,date_aware_chronological_inner
3,inner,train,69291,date_aware_chronological_inner
3,inner,train,69303,date_aware_chronological_inner
3,inner,train,69304,date_aware_chronological_inner
3,inner,train,69245,date_aware_chronological_inner
3,inner,train,69271,date_aware_chronological_inner
3,inner,train,69234,date_aware_chronological_inner
3,inner,train,69272,date_aware_chronological_inner
3,inner,train,69268,date_aware_chronological_inner
3,inner,train,69264,date_aware_chronological_inner
3,inner,train,70223,date_aware_chronological_inner
3,inner,train,69297,date_aware_chronological_inner
3,inner,train,69265,date_aware_chronological_inner
3,inner,train,69329,date_aware_chronological_inner
3,inner,train,69330,date_aware_chronological_inner
3,inner,train,69315,date_aware_chronological_inner
3,inner,train,69333,date_aware_chronological_inner
3,inner,train,69334,date_aware_chronological_inner
3,inner,train,69312,date_aware_chronological_inner
3,inner,train,69327,date_aware_chronological_inner
3,inner,train,69335,date_aware_chronological_inner
3,inner,train,69338,date_aware_chronological_inner
3,inner,train,69316,date_aware_chronological_inner
3,inner,train,69328,date_aware_chronological_inner
3,inner,train,69337,date_aware_chronological_inner
3,inner,train,69326,date_aware_chronological_inner
3,inner,train,69323,date_aware_chronological_inner
3,inner,train,69343,date_aware_chronological_inner
3,inner,train,70221,date_aware_chronological_inner
3,inner,train,69324,date_aware_chronological_inner
3,inner,train,69340,date_aware_chronological_inner
3,inner,train,69320,date_aware_chronological_inner
3,inner,train,69319,date_aware_chronological_inner
3,inner,train,70259,date_aware_chronological_inner
3,inner,train,70286,date_aware_chronological_inner
3,inner,train,70292,date_aware_chronological_inner
3,inner,train,70275,date_aware_chronological_inner
3,inner,train,70300,date_aware_chronological_inner
3,inner,train,70304,date_aware_chronological_inner
3,inner,train,70280,date_aware_chronological_inner
3,inner,train,70263,date_aware_chronological_inner
3,inner,train,70295,date_aware_chronological_inner
3,inner,train,70296,date_aware_chronological_inner
3,inner,train,266433,date_aware_chronological_inner
3,inner,train,266827,date_aware_chronological_inner
3,inner,train,70287,date_aware_chronological_inner
3,inner,train,70282,date_aware_chronological_inner
3,inner,train,70297,date_aware_chronological_inner
3,inner,train,70294,date_aware_chronological_inner
3,inner,train,70271,date_aware_chronological_inner
3,inner,train,70272,date_aware_chronological_inner
3,inner,train,70305,date_aware_chronological_inner
3,inner,train,70307,date_aware_chronological_inner
3,inner,train,70256,date_aware_chronological_inner
3,inner,train,267502,date_aware_chronological_inner
3,inner,train,70281,date_aware_chronological_inner
3,inner,train,70284,date_aware_chronological_inner
3,inner,train,70277,date_aware_chronological_inner
3,inner,train,70298,date_aware_chronological_inner
3,inner,train,70301,date_aware_chronological_inner
3,inner,train,70302,date_aware_chronological_inner
3,inner,train,267520,date_aware_chronological_inner
3,inner,train,70293,date_aware_chronological_inner
3,inner,train,267192,date_aware_chronological_inner
3,inner,train,70283,date_aware_chronological_inner
3,inner,train,266883,date_aware_chronological_inner
3,inner,train,265830,date_aware_chronological_inner
3,inner,train,70288,date_aware_chronological_inner
3,inner,train,70291,date_aware_chronological_inner
3,inner,train,266613,date_aware_chronological_inner
3,inner,train,267675,date_aware_chronological_inner
3,inner,train,265918,date_aware_chronological_inner
3,inner,train,265837,date_aware_chronological_inner
3,inner,train,265857,date_aware_chronological_inner
3,inner,train,266274,date_aware_chronological_inner
3,inner,train,70306,date_aware_chronological_inner
3,inner,train,267368,date_aware_chronological_inner
3,inner,train,267138,date_aware_chronological_inner
3,inner,train,267567,date_aware_chronological_inner
3,inner,train,70289,date_aware_chronological_inner
3,inner,train,266491,date_aware_chronological_inner
3,inner,train,266256,date_aware_chronological_inner
3,inner,train,266406,date_aware_chronological_inner
3,inner,train,70273,date_aware_chronological_inner
3,inner,train,266770,date_aware_chronological_inner
3,inner,train,266838,date_aware_chronological_inner
3,inner,train,266117,date_aware_chronological_inner
3,inner,train,267561,date_aware_chronological_inner
3,inner,train,267085,date_aware_chronological_inner
3,inner,train,267301,date_aware_chronological_inner
3,inner,train,265835,date_aware_chronological_inner
3,inner,train,266560,date_aware_chronological_inner
3,inner,train,266320,date_aware_chronological_inner
3,inner,train,70264,date_aware_chronological_inner
3,inner,train,266240,date_aware_chronological_inner
3,inner,train,70303,date_aware_chronological_inner
3,inner,train,266230,date_aware_chronological_inner
3,inner,train,267597,date_aware_chronological_inner
3,inner,train,266871,date_aware_chronological_inner
3,inner,train,266741,date_aware_chronological_inner
3,inner,train,266148,date_aware_chronological_inner
3,inner,train,267343,date_aware_chronological_inner
3,inner,train,266916,date_aware_chronological_inner
3,inner,train,267183,date_aware_chronological_inner
3,inner,train,266929,date_aware_chronological_inner
3,inner,train,266142,date_aware_chronological_inner
3,inner,train,266525,date_aware_chronological_inner
3,inner,train,266531,date_aware_chronological_inner
3,inner,train,265963,date_aware_chronological_inner
3,inner,train,266045,date_aware_chronological_inner
3,inner,train,266631,date_aware_chronological_inner
3,inner,train,267197,date_aware_chronological_inner
3,inner,train,3825562,date_aware_chronological_inner
3,inner,train,3825564,date_aware_chronological_inner
3,inner,train,3825565,date_aware_chronological_inner
3,inner,train,3825566,date_aware_chronological_inner
3,inner,train,266236,date_aware_chronological_inner
3,inner,train,3825567,date_aware_chronological_inner
3,inner,train,3825568,date_aware_chronological_inner
3,inner,train,3825569,date_aware_chronological_inner
3,inner,train,3825571,date_aware_chronological_inner
3,inner,train,267422,date_aware_chronological_inner
3,inner,train,3825572,date_aware_chronological_inner
3,inner,train,3825573,date_aware_chronological_inner
3,inner,train,3825574,date_aware_chronological_inner
3,inner,train,3825576,date_aware_chronological_inner
3,inner,train,3825577,date_aware_chronological_inner
3,inner,train,3825578,date_aware_chronological_inner
3,inner,train,3825579,date_aware_chronological_inner
3,inner,train,3825580,date_aware_chronological_inner
3,inner,train,266166,date_aware_chronological_inner
3,inner,train,3825581,date_aware_chronological_inner
3,inner,train,3825582,date_aware_chronological_inner
3,inner,train,3825583,date_aware_chronological_inner
3,inner,train,3825584,date_aware_chronological_inner
3,inner,train,3825586,date_aware_chronological_inner
3,inner,train,3825587,date_aware_chronological_inner
3,inner,train,3825588,date_aware_chronological_inner
3,inner,train,3825589,date_aware_chronological_inner
3,inner,train,3825590,date_aware_chronological_inner
3,inner,train,3825591,date_aware_chronological_inner
3,inner,train,3825592,date_aware_chronological_inner
3,inner,train,3825593,date_aware_chronological_inner
3,inner,train,266490,date_aware_chronological_inner
3,inner,train,3825594,date_aware_chronological_inner
3,inner,train,3825595,date_aware_chronological_inner
3,inner,train,3825596,date_aware_chronological_inner
3,inner,train,3825597,date_aware_chronological_inner
3,inner,train,3825598,date_aware_chronological_inner
3,inner,train,3825599,date_aware_chronological_inner
3,inner,train,3825892,date_aware_chronological_inner
3,inner,train,266467,date_aware_chronological_inner
3,inner,train,3825600,date_aware_chronological_inner
3,inner,train,3825601,date_aware_chronological_inner
3,inner,train,3825602,date_aware_chronological_inner
3,inner,train,3825848,date_aware_chronological_inner
3,inner,train,3825895,date_aware_chronological_inner
3,inner,train,3825603,date_aware_chronological_inner
3,inner,train,3825604,date_aware_chronological_inner
3,inner,train,267611,date_aware_chronological_inner
3,inner,train,3825605,date_aware_chronological_inner
3,inner,train,3825606,date_aware_chronological_inner
3,inner,train,3825607,date_aware_chronological_inner
3,inner,train,3825608,date_aware_chronological_inner
3,inner,train,3825609,date_aware_chronological_inner
3,inner,train,3825610,date_aware_chronological_inner
3,inner,train,3825611,date_aware_chronological_inner
3,inner,train,3825612,date_aware_chronological_inner
3,inner,train,3825613,date_aware_chronological_inner
3,inner,train,3825614,date_aware_chronological_inner
3,inner,train,3825615,date_aware_chronological_inner
3,inner,train,3825616,date_aware_chronological_inner
3,inner,train,3825617,date_aware_chronological_inner
3,inner,train,3825618,date_aware_chronological_inner
3,inner,train,3825619,date_aware_chronological_inner
3,inner,train,3825620,date_aware_chronological_inner
3,inner,train,3825621,date_aware_chronological_inner
3,inner,train,3825622,date_aware_chronological_inner
3,inner,train,3825623,date_aware_chronological_inner
3,inner,train,3825624,date_aware_chronological_inner
3,inner,train,3825625,date_aware_chronological_inner
3,inner,train,3825626,date_aware_chronological_inner
3,inner,train,3825627,date_aware_chronological_inner
3,inner,train,3825628,date_aware_chronological_inner
3,inner,train,3825629,date_aware_chronological_inner
3,inner,train,3825630,date_aware_chronological_inner
3,inner,train,3825631,date_aware_chronological_inner
3,inner,train,3825632,date_aware_chronological_inner
3,inner,train,3825633,date_aware_chronological_inner
3,inner,train,3825634,date_aware_chronological_inner
3,inner,train,3825635,date_aware_chronological_inner
3,inner,train,3825636,date_aware_chronological_inner
3,inner,train,3825874,date_aware_chronological_inner
3,inner,train,3825637,date_aware_chronological_inner
3,inner,train,3825638,date_aware_chronological_inner
3,inner,train,3825639,date_aware_chronological_inner
3,inner,train,3825640,date_aware_chronological_inner
3,inner,train,3825641,date_aware_chronological_inner
3,inner,train,3825642,date_aware_chronological_inner
3,inner,train,3825643,date_aware_chronological_inner
3,inner,train,3825644,date_aware_chronological_inner
3,inner,train,3825645,date_aware_chronological_inner
3,inner,train,3825646,date_aware_chronological_inner
3,inner,train,3825647,date_aware_chronological_inner
3,inner,train,3825648,date_aware_chronological_inner
3,inner,train,3825649,date_aware_chronological_inner
3,inner,train,3825650,date_aware_chronological_inner
3,inner,train,3825651,date_aware_chronological_inner
3,inner,train,3825652,date_aware_chronological_inner
3,inner,train,3825653,date_aware_chronological_inner
3,inner,train,3825654,date_aware_chronological_inner
3,inner,train,3825655,date_aware_chronological_inner
3,inner,train,3825656,date_aware_chronological_inner
3,inner,train,3825657,date_aware_chronological_inner
3,inner,train,3825658,date_aware_chronological_inner
3,inner,train,3825659,date_aware_chronological_inner
3,inner,train,3825660,date_aware_chronological_inner
3,inner,train,3825661,date_aware_chronological_inner
3,inner,train,266424,date_aware_chronological_inner
3,inner,train,3825662,date_aware_chronological_inner
3,inner,train,3825663,date_aware_chronological_inner
3,inner,train,3825664,date_aware_chronological_inner
3,inner,train,3825888,date_aware_chronological_inner
3,inner,train,3825665,date_aware_chronological_inner
3,inner,train,3825666,date_aware_chronological_inner
3,inner,train,3825667,date_aware_chronological_inner
3,inner,train,3825668,date_aware_chronological_inner
3,inner,train,3825669,date_aware_chronological_inner
3,inner,train,3825670,date_aware_chronological_inner
3,inner,train,266885,date_aware_chronological_inner
3,inner,train,3825671,date_aware_chronological_inner
3,inner,train,3825672,date_aware_chronological_inner
3,inner,train,3825673,date_aware_chronological_inner
3,inner,train,3825674,date_aware_chronological_inner
3,inner,train,3825675,date_aware_chronological_inner
3,inner,train,3825676,date_aware_chronological_inner
3,inner,train,3825677,date_aware_chronological_inner
3,inner,train,3825678,date_aware_chronological_inner
3,inner,train,267274,date_aware_chronological_inner
3,inner,train,3825679,date_aware_chronological_inner
3,inner,train,3825680,date_aware_chronological_inner
3,inner,train,3825681,date_aware_chronological_inner
3,inner,train,3825682,date_aware_chronological_inner
3,inner,train,3825683,date_aware_chronological_inner
3,inner,train,3825684,date_aware_chronological_inner
3,inner,train,3825685,date_aware_chronological_inner
3,inner,train,3825686,date_aware_chronological_inner
3,inner,train,3825687,date_aware_chronological_inner
3,inner,train,3825688,date_aware_chronological_inner
3,inner,train,266961,date_aware_chronological_inner
3,inner,train,3825689,date_aware_chronological_inner
3,inner,train,3825690,date_aware_chronological_inner
3,inner,train,3825691,date_aware_chronological_inner
3,inner,train,3825692,date_aware_chronological_inner
3,inner,train,3825693,date_aware_chronological_inner
3,inner,train,3825694,date_aware_chronological_inner
3,inner,train,3825695,date_aware_chronological_inner
3,inner,train,3825696,date_aware_chronological_inner
3,inner,train,3825697,date_aware_chronological_inner
3,inner,train,3825698,date_aware_chronological_inner
3,inner,train,3825699,date_aware_chronological_inner
3,inner,train,3825891,date_aware_chronological_inner
3,inner,train,3825700,date_aware_chronological_inner
3,inner,train,3825701,date_aware_chronological_inner
3,inner,train,3825702,date_aware_chronological_inner
3,inner,train,3825703,date_aware_chronological_inner
3,inner,train,3825704,date_aware_chronological_inner
3,inner,train,267327,date_aware_chronological_inner
3,inner,train,3825705,date_aware_chronological_inner
3,inner,train,3825706,date_aware_chronological_inner
3,inner,train,3825707,date_aware_chronological_inner
3,inner,train,3825708,date_aware_chronological_inner
3,inner,train,3825709,date_aware_chronological_inner
3,inner,train,3825710,date_aware_chronological_inner
3,inner,train,3825711,date_aware_chronological_inner
3,inner,train,3825712,date_aware_chronological_inner
3,inner,train,3825713,date_aware_chronological_inner
3,inner,train,266670,date_aware_chronological_inner
3,inner,train,3825714,date_aware_chronological_inner
3,inner,train,3825715,date_aware_chronological_inner
3,inner,train,3825716,date_aware_chronological_inner
3,inner,train,3825717,date_aware_chronological_inner
3,inner,train,3825718,date_aware_chronological_inner
3,inner,train,3825719,date_aware_chronological_inner
3,inner,train,3825720,date_aware_chronological_inner
3,inner,train,3825721,date_aware_chronological_inner
3,inner,train,3825722,date_aware_chronological_inner
3,inner,train,266620,date_aware_chronological_inner
3,inner,train,3825723,date_aware_chronological_inner
3,inner,train,3825724,date_aware_chronological_inner
3,inner,train,3825725,date_aware_chronological_inner
3,inner,train,3825726,date_aware_chronological_inner
3,inner,train,3825727,date_aware_chronological_inner
3,inner,train,3825728,date_aware_chronological_inner
3,inner,train,3825729,date_aware_chronological_inner
3,inner,train,3825730,date_aware_chronological_inner
3,inner,train,3825731,date_aware_chronological_inner
3,inner,train,3825732,date_aware_chronological_inner
3,inner,train,3825733,date_aware_chronological_inner
3,inner,train,3825734,date_aware_chronological_inner
3,inner,train,3825735,date_aware_chronological_inner
3,inner,train,266149,date_aware_chronological_inner
3,inner,train,3825736,date_aware_chronological_inner
3,inner,train,3825737,date_aware_chronological_inner
3,inner,train,3825738,date_aware_chronological_inner
3,inner,train,3825739,date_aware_chronological_inner
3,inner,train,3825740,date_aware_chronological_inner
3,inner,train,3825741,date_aware_chronological_inner
3,inner,train,265894,date_aware_chronological_inner
3,inner,train,3825742,date_aware_chronological_inner
3,inner,train,3825743,date_aware_chronological_inner
3,inner,train,3825744,date_aware_chronological_inner
3,inner,train,3825745,date_aware_chronological_inner
3,inner,train,3825746,date_aware_chronological_inner
3,inner,train,3825747,date_aware_chronological_inner
3,inner,train,3825748,date_aware_chronological_inner
3,inner,train,3825749,date_aware_chronological_inner
3,inner,validation,267273,date_aware_chronological_inner
3,inner,validation,3825778,date_aware_chronological_inner
3,inner,validation,3825779,date_aware_chronological_inner
3,inner,validation,3825780,date_aware_chronological_inner
3,inner,validation,3825781,date_aware_chronological_inner
3,inner,validation,3825782,date_aware_chronological_inner
3,inner,validation,3825783,date_aware_chronological_inner
3,inner,validation,3825784,date_aware_chronological_inner
3,inner,validation,3825785,date_aware_chronological_inner
3,inner,validation,3825786,date_aware_chronological_inner
3,inner,validation,3825787,date_aware_chronological_inner
3,inner,validation,3825788,date_aware_chronological_inner
3,inner,validation,3825789,date_aware_chronological_inner
3,inner,validation,3825790,date_aware_chronological_inner
3,inner,validation,3825791,date_aware_chronological_inner
3,inner,validation,265839,date_aware_chronological_inner
3,inner,validation,3825792,date_aware_chronological_inner
3,inner,validation,3825793,date_aware_chronological_inner
3,inner,validation,3825794,date_aware_chronological_inner
3,inner,validation,3825795,date_aware_chronological_inner
3,inner,validation,3825796,date_aware_chronological_inner
3,inner,validation,3825797,date_aware_chronological_inner
3,inner,validation,3825798,date_aware_chronological_inner
3,inner,validation,3825799,date_aware_chronological_inner
3,inner,validation,3825800,date_aware_chronological_inner
3,inner,validation,3825801,date_aware_chronological_inner
3,inner,validation,266653,date_aware_chronological_inner
3,inner,validation,3825802,date_aware_chronological_inner
3,inner,validation,3825803,date_aware_chronological_inner
3,inner,validation,3825804,date_aware_chronological_inner
3,inner,validation,3825805,date_aware_chronological_inner
3,inner,validation,3825806,date_aware_chronological_inner
3,inner,validation,3825867,date_aware_chronological_inner
3,inner,validation,266056,date_aware_chronological_inner
3,inner,validation,3825807,date_aware_chronological_inner
3,inner,validation,3825808,date_aware_chronological_inner
3,inner,validation,3825809,date_aware_chronological_inner
3,inner,validation,3825810,date_aware_chronological_inner
3,inner,validation,3825811,date_aware_chronological_inner
3,inner,validation,3825812,date_aware_chronological_inner
3,inner,validation,266498,date_aware_chronological_inner
3,inner,validation,3825813,date_aware_chronological_inner
3,inner,validation,3825814,date_aware_chronological_inner
3,inner,validation,3825858,date_aware_chronological_inner
3,inner,validation,3825815,date_aware_chronological_inner
3,inner,validation,3825816,date_aware_chronological_inner
3,inner,validation,3825844,date_aware_chronological_inner
3,inner,validation,3825879,date_aware_chronological_inner
3,inner,validation,3825881,date_aware_chronological_inner
3,inner,validation,3825817,date_aware_chronological_inner
3,inner,validation,3825818,date_aware_chronological_inner
3,inner,validation,3825880,date_aware_chronological_inner
3,inner,validation,3825887,date_aware_chronological_inner
3,inner,validation,3825903,date_aware_chronological_inner
3,inner,validation,3825907,date_aware_chronological_inner
3,inner,validation,266106,date_aware_chronological_inner
3,inner,validation,3825819,date_aware_chronological_inner
3,inner,validation,3825820,date_aware_chronological_inner
3,inner,validation,3825821,date_aware_chronological_inner
3,inner,validation,3825885,date_aware_chronological_inner
3,inner,validation,267533,date_aware_chronological_inner
3,inner,validation,3825822,date_aware_chronological_inner
3,inner,validation,3825872,date_aware_chronological_inner
3,inner,validation,3825898,date_aware_chronological_inner
3,inner,validation,3825823,date_aware_chronological_inner
3,inner,validation,3825824,date_aware_chronological_inner
3,inner,validation,3825877,date_aware_chronological_inner
3,inner,validation,3825905,date_aware_chronological_inner
3,inner,validation,3825825,date_aware_chronological_inner
3,inner,validation,3825826,date_aware_chronological_inner
3,inner,validation,266664,date_aware_chronological_inner
3,inner,validation,3825827,date_aware_chronological_inner
3,inner,validation,3825828,date_aware_chronological_inner
3,inner,validation,3825856,date_aware_chronological_inner
3,inner,validation,3825829,date_aware_chronological_inner
3,inner,validation,3825830,date_aware_chronological_inner
3,inner,validation,3825831,date_aware_chronological_inner
3,inner,validation,3825832,date_aware_chronological_inner
3,inner,validation,3825863,date_aware_chronological_inner
3,inner,validation,3825857,date_aware_chronological_inner
3,inner,validation,3825833,date_aware_chronological_inner
3,inner,validation,3825852,date_aware_chronological_inner
3,inner,validation,3825889,date_aware_chronological_inner
3,inner,validation,3825897,date_aware_chronological_inner
3,inner,validation,266557,date_aware_chronological_inner
3,inner,validation,3825834,date_aware_chronological_inner
3,inner,validation,3825835,date_aware_chronological_inner
3,inner,validation,3825836,date_aware_chronological_inner
3,inner,validation,3825906,date_aware_chronological_inner
3,inner,validation,3825837,date_aware_chronological_inner
3,inner,validation,3825862,date_aware_chronological_inner
3,inner,validation,266310,date_aware_chronological_inner
3,inner,validation,3825838,date_aware_chronological_inner
3,inner,validation,3825839,date_aware_chronological_inner
3,inner,validation,3825840,date_aware_chronological_inner
3,inner,validation,3825843,date_aware_chronological_inner
3,inner,validation,3825893,date_aware_chronological_inner
3,inner,validation,3825841,date_aware_chronological_inner
3,inner,validation,3825896,date_aware_chronological_inner
3,inner,validation,3825871,date_aware_chronological_inner
3,inner,validation,265944,date_aware_chronological_inner
3,inner,validation,3825847,date_aware_chronological_inner
3,inner,validation,3825886,date_aware_chronological_inner
3,inner,validation,3825890,date_aware_chronological_inner
3,inner,validation,3825842,date_aware_chronological_inner
3,inner,validation,3825875,date_aware_chronological_inner
3,inner,validation,3825884,date_aware_chronological_inner
3,inner,validation,3825899,date_aware_chronological_inner
3,inner,validation,3825868,date_aware_chronological_inner
3,inner,validation,266986,date_aware_chronological_inner
3,inner,validation,3825864,date_aware_chronological_inner
4,outer,train,68335,rolling_origin_40pct_initial_train
4,outer,train,69179,rolling_origin_40pct_initial_train
4,outer,train,69180,rolling_origin_40pct_initial_train
4,outer,train,69169,rolling_origin_40pct_initial_train
4,outer,train,69148,rolling_origin_40pct_initial_train
4,outer,train,69178,rolling_origin_40pct_initial_train
4,outer,train,68356,rolling_origin_40pct_initial_train
4,outer,train,69173,rolling_origin_40pct_initial_train
4,outer,train,69181,rolling_origin_40pct_initial_train
4,outer,train,69187,rolling_origin_40pct_initial_train
4,outer,train,69146,rolling_origin_40pct_initial_train
4,outer,train,69182,rolling_origin_40pct_initial_train
4,outer,train,68360,rolling_origin_40pct_initial_train
4,outer,train,68365,rolling_origin_40pct_initial_train
4,outer,train,68359,rolling_origin_40pct_initial_train
4,outer,train,69141,rolling_origin_40pct_initial_train
4,outer,train,68361,rolling_origin_40pct_initial_train
4,outer,train,69215,rolling_origin_40pct_initial_train
4,outer,train,69207,rolling_origin_40pct_initial_train
4,outer,train,69211,rolling_origin_40pct_initial_train
4,outer,train,69212,rolling_origin_40pct_initial_train
4,outer,train,69171,rolling_origin_40pct_initial_train
4,outer,train,69149,rolling_origin_40pct_initial_train
4,outer,train,69225,rolling_origin_40pct_initial_train
4,outer,train,69228,rolling_origin_40pct_initial_train
4,outer,train,69230,rolling_origin_40pct_initial_train
4,outer,train,69183,rolling_origin_40pct_initial_train
4,outer,train,69209,rolling_origin_40pct_initial_train
4,outer,train,69195,rolling_origin_40pct_initial_train
4,outer,train,69139,rolling_origin_40pct_initial_train
4,outer,train,69185,rolling_origin_40pct_initial_train
4,outer,train,69216,rolling_origin_40pct_initial_train
4,outer,train,69142,rolling_origin_40pct_initial_train
4,outer,train,69223,rolling_origin_40pct_initial_train
4,outer,train,69251,rolling_origin_40pct_initial_train
4,outer,train,69249,rolling_origin_40pct_initial_train
4,outer,train,69217,rolling_origin_40pct_initial_train
4,outer,train,69229,rolling_origin_40pct_initial_train
4,outer,train,69292,rolling_origin_40pct_initial_train
4,outer,train,69254,rolling_origin_40pct_initial_train
4,outer,train,69255,rolling_origin_40pct_initial_train
4,outer,train,69256,rolling_origin_40pct_initial_train
4,outer,train,69252,rolling_origin_40pct_initial_train
4,outer,train,69253,rolling_origin_40pct_initial_train
4,outer,train,69277,rolling_origin_40pct_initial_train
4,outer,train,69250,rolling_origin_40pct_initial_train
4,outer,train,69288,rolling_origin_40pct_initial_train
4,outer,train,69262,rolling_origin_40pct_initial_train
4,outer,train,69218,rolling_origin_40pct_initial_train
4,outer,train,69243,rolling_origin_40pct_initial_train
4,outer,train,69210,rolling_origin_40pct_initial_train
4,outer,train,69240,rolling_origin_40pct_initial_train
4,outer,train,69237,rolling_origin_40pct_initial_train
4,outer,train,69233,rolling_origin_40pct_initial_train
4,outer,train,69238,rolling_origin_40pct_initial_train
4,outer,train,69226,rolling_origin_40pct_initial_train
4,outer,train,69224,rolling_origin_40pct_initial_train
4,outer,train,69227,rolling_origin_40pct_initial_train
4,outer,train,69257,rolling_origin_40pct_initial_train
4,outer,train,69298,rolling_origin_40pct_initial_train
4,outer,train,69247,rolling_origin_40pct_initial_train
4,outer,train,69259,rolling_origin_40pct_initial_train
4,outer,train,69221,rolling_origin_40pct_initial_train
4,outer,train,69213,rolling_origin_40pct_initial_train
4,outer,train,69244,rolling_origin_40pct_initial_train
4,outer,train,69239,rolling_origin_40pct_initial_train
4,outer,train,69286,rolling_origin_40pct_initial_train
4,outer,train,69269,rolling_origin_40pct_initial_train
4,outer,train,69236,rolling_origin_40pct_initial_train
4,outer,train,69260,rolling_origin_40pct_initial_train
4,outer,train,69263,rolling_origin_40pct_initial_train
4,outer,train,69289,rolling_origin_40pct_initial_train
4,outer,train,69270,rolling_origin_40pct_initial_train
4,outer,train,69308,rolling_origin_40pct_initial_train
4,outer,train,69306,rolling_origin_40pct_initial_train
4,outer,train,69299,rolling_origin_40pct_initial_train
4,outer,train,69307,rolling_origin_40pct_initial_train
4,outer,train,69275,rolling_origin_40pct_initial_train
4,outer,train,69280,rolling_origin_40pct_initial_train
4,outer,train,69278,rolling_origin_40pct_initial_train
4,outer,train,69276,rolling_origin_40pct_initial_train
4,outer,train,69248,rolling_origin_40pct_initial_train
4,outer,train,69282,rolling_origin_40pct_initial_train
4,outer,train,69283,rolling_origin_40pct_initial_train
4,outer,train,69274,rolling_origin_40pct_initial_train
4,outer,train,69300,rolling_origin_40pct_initial_train
4,outer,train,69291,rolling_origin_40pct_initial_train
4,outer,train,69303,rolling_origin_40pct_initial_train
4,outer,train,69304,rolling_origin_40pct_initial_train
4,outer,train,69305,rolling_origin_40pct_initial_train
4,outer,train,69245,rolling_origin_40pct_initial_train
4,outer,train,69271,rolling_origin_40pct_initial_train
4,outer,train,69234,rolling_origin_40pct_initial_train
4,outer,train,69272,rolling_origin_40pct_initial_train
4,outer,train,69268,rolling_origin_40pct_initial_train
4,outer,train,69264,rolling_origin_40pct_initial_train
4,outer,train,70220,rolling_origin_40pct_initial_train
4,outer,train,70223,rolling_origin_40pct_initial_train
4,outer,train,69297,rolling_origin_40pct_initial_train
4,outer,train,69265,rolling_origin_40pct_initial_train
4,outer,train,69329,rolling_origin_40pct_initial_train
4,outer,train,69330,rolling_origin_40pct_initial_train
4,outer,train,69315,rolling_origin_40pct_initial_train
4,outer,train,69333,rolling_origin_40pct_initial_train
4,outer,train,69334,rolling_origin_40pct_initial_train
4,outer,train,69312,rolling_origin_40pct_initial_train
4,outer,train,69327,rolling_origin_40pct_initial_train
4,outer,train,69335,rolling_origin_40pct_initial_train
4,outer,train,69338,rolling_origin_40pct_initial_train
4,outer,train,69316,rolling_origin_40pct_initial_train
4,outer,train,69336,rolling_origin_40pct_initial_train
4,outer,train,69328,rolling_origin_40pct_initial_train
4,outer,train,69337,rolling_origin_40pct_initial_train
4,outer,train,69326,rolling_origin_40pct_initial_train
4,outer,train,69323,rolling_origin_40pct_initial_train
4,outer,train,69343,rolling_origin_40pct_initial_train
4,outer,train,70221,rolling_origin_40pct_initial_train
4,outer,train,69324,rolling_origin_40pct_initial_train
4,outer,train,69340,rolling_origin_40pct_initial_train
4,outer,train,69320,rolling_origin_40pct_initial_train
4,outer,train,69319,rolling_origin_40pct_initial_train
4,outer,train,70259,rolling_origin_40pct_initial_train
4,outer,train,70262,rolling_origin_40pct_initial_train
4,outer,train,70286,rolling_origin_40pct_initial_train
4,outer,train,70292,rolling_origin_40pct_initial_train
4,outer,train,70275,rolling_origin_40pct_initial_train
4,outer,train,70300,rolling_origin_40pct_initial_train
4,outer,train,70304,rolling_origin_40pct_initial_train
4,outer,train,70280,rolling_origin_40pct_initial_train
4,outer,train,70263,rolling_origin_40pct_initial_train
4,outer,train,70295,rolling_origin_40pct_initial_train
4,outer,train,70296,rolling_origin_40pct_initial_train
4,outer,train,266433,rolling_origin_40pct_initial_train
4,outer,train,266827,rolling_origin_40pct_initial_train
4,outer,train,70287,rolling_origin_40pct_initial_train
4,outer,train,70260,rolling_origin_40pct_initial_train
4,outer,train,70282,rolling_origin_40pct_initial_train
4,outer,train,70297,rolling_origin_40pct_initial_train
4,outer,train,70294,rolling_origin_40pct_initial_train
4,outer,train,70271,rolling_origin_40pct_initial_train
4,outer,train,70272,rolling_origin_40pct_initial_train
4,outer,train,70305,rolling_origin_40pct_initial_train
4,outer,train,70307,rolling_origin_40pct_initial_train
4,outer,train,70256,rolling_origin_40pct_initial_train
4,outer,train,267502,rolling_origin_40pct_initial_train
4,outer,train,70281,rolling_origin_40pct_initial_train
4,outer,train,70284,rolling_origin_40pct_initial_train
4,outer,train,70277,rolling_origin_40pct_initial_train
4,outer,train,70298,rolling_origin_40pct_initial_train
4,outer,train,70301,rolling_origin_40pct_initial_train
4,outer,train,70302,rolling_origin_40pct_initial_train
4,outer,train,267520,rolling_origin_40pct_initial_train
4,outer,train,266420,rolling_origin_40pct_initial_train
4,outer,train,266462,rolling_origin_40pct_initial_train
4,outer,train,70293,rolling_origin_40pct_initial_train
4,outer,train,267192,rolling_origin_40pct_initial_train
4,outer,train,70283,rolling_origin_40pct_initial_train
4,outer,train,266883,rolling_origin_40pct_initial_train
4,outer,train,265830,rolling_origin_40pct_initial_train
4,outer,train,70288,rolling_origin_40pct_initial_train
4,outer,train,70291,rolling_origin_40pct_initial_train
4,outer,train,266613,rolling_origin_40pct_initial_train
4,outer,train,267675,rolling_origin_40pct_initial_train
4,outer,train,265918,rolling_origin_40pct_initial_train
4,outer,train,265837,rolling_origin_40pct_initial_train
4,outer,train,265857,rolling_origin_40pct_initial_train
4,outer,train,266274,rolling_origin_40pct_initial_train
4,outer,train,70306,rolling_origin_40pct_initial_train
4,outer,train,267368,rolling_origin_40pct_initial_train
4,outer,train,267138,rolling_origin_40pct_initial_train
4,outer,train,267567,rolling_origin_40pct_initial_train
4,outer,train,70289,rolling_origin_40pct_initial_train
4,outer,train,266491,rolling_origin_40pct_initial_train
4,outer,train,266256,rolling_origin_40pct_initial_train
4,outer,train,266406,rolling_origin_40pct_initial_train
4,outer,train,70273,rolling_origin_40pct_initial_train
4,outer,train,266770,rolling_origin_40pct_initial_train
4,outer,train,266838,rolling_origin_40pct_initial_train
4,outer,train,266117,rolling_origin_40pct_initial_train
4,outer,train,267561,rolling_origin_40pct_initial_train
4,outer,train,267085,rolling_origin_40pct_initial_train
4,outer,train,267301,rolling_origin_40pct_initial_train
4,outer,train,265835,rolling_origin_40pct_initial_train
4,outer,train,266560,rolling_origin_40pct_initial_train
4,outer,train,266320,rolling_origin_40pct_initial_train
4,outer,train,70264,rolling_origin_40pct_initial_train
4,outer,train,266240,rolling_origin_40pct_initial_train
4,outer,train,70303,rolling_origin_40pct_initial_train
4,outer,train,266230,rolling_origin_40pct_initial_train
4,outer,train,267597,rolling_origin_40pct_initial_train
4,outer,train,266871,rolling_origin_40pct_initial_train
4,outer,train,266741,rolling_origin_40pct_initial_train
4,outer,train,266148,rolling_origin_40pct_initial_train
4,outer,train,267343,rolling_origin_40pct_initial_train
4,outer,train,266916,rolling_origin_40pct_initial_train
4,outer,train,267183,rolling_origin_40pct_initial_train
4,outer,train,266929,rolling_origin_40pct_initial_train
4,outer,train,266142,rolling_origin_40pct_initial_train
4,outer,train,266525,rolling_origin_40pct_initial_train
4,outer,train,266531,rolling_origin_40pct_initial_train
4,outer,train,265963,rolling_origin_40pct_initial_train
4,outer,train,266045,rolling_origin_40pct_initial_train
4,outer,train,266631,rolling_origin_40pct_initial_train
4,outer,train,267197,rolling_origin_40pct_initial_train
4,outer,train,3825562,rolling_origin_40pct_initial_train
4,outer,train,3825564,rolling_origin_40pct_initial_train
4,outer,train,3825565,rolling_origin_40pct_initial_train
4,outer,train,3825566,rolling_origin_40pct_initial_train
4,outer,train,266236,rolling_origin_40pct_initial_train
4,outer,train,3825567,rolling_origin_40pct_initial_train
4,outer,train,3825568,rolling_origin_40pct_initial_train
4,outer,train,3825569,rolling_origin_40pct_initial_train
4,outer,train,3825571,rolling_origin_40pct_initial_train
4,outer,train,267422,rolling_origin_40pct_initial_train
4,outer,train,3825572,rolling_origin_40pct_initial_train
4,outer,train,3825573,rolling_origin_40pct_initial_train
4,outer,train,3825574,rolling_origin_40pct_initial_train
4,outer,train,3825576,rolling_origin_40pct_initial_train
4,outer,train,3825577,rolling_origin_40pct_initial_train
4,outer,train,3825578,rolling_origin_40pct_initial_train
4,outer,train,3825579,rolling_origin_40pct_initial_train
4,outer,train,3825580,rolling_origin_40pct_initial_train
4,outer,train,266166,rolling_origin_40pct_initial_train
4,outer,train,3825581,rolling_origin_40pct_initial_train
4,outer,train,3825582,rolling_origin_40pct_initial_train
4,outer,train,3825583,rolling_origin_40pct_initial_train
4,outer,train,3825584,rolling_origin_40pct_initial_train
4,outer,train,3825586,rolling_origin_40pct_initial_train
4,outer,train,3825587,rolling_origin_40pct_initial_train
4,outer,train,3825588,rolling_origin_40pct_initial_train
4,outer,train,3825589,rolling_origin_40pct_initial_train
4,outer,train,3825590,rolling_origin_40pct_initial_train
4,outer,train,3825591,rolling_origin_40pct_initial_train
4,outer,train,3825592,rolling_origin_40pct_initial_train
4,outer,train,3825593,rolling_origin_40pct_initial_train
4,outer,train,266490,rolling_origin_40pct_initial_train
4,outer,train,3825594,rolling_origin_40pct_initial_train
4,outer,train,3825595,rolling_origin_40pct_initial_train
4,outer,train,3825596,rolling_origin_40pct_initial_train
4,outer,train,3825597,rolling_origin_40pct_initial_train
4,outer,train,3825598,rolling_origin_40pct_initial_train
4,outer,train,3825599,rolling_origin_40pct_initial_train
4,outer,train,3825892,rolling_origin_40pct_initial_train
4,outer,train,266467,rolling_origin_40pct_initial_train
4,outer,train,3825600,rolling_origin_40pct_initial_train
4,outer,train,3825601,rolling_origin_40pct_initial_train
4,outer,train,3825602,rolling_origin_40pct_initial_train
4,outer,train,3825848,rolling_origin_40pct_initial_train
4,outer,train,3825895,rolling_origin_40pct_initial_train
4,outer,train,3825603,rolling_origin_40pct_initial_train
4,outer,train,3825604,rolling_origin_40pct_initial_train
4,outer,train,267611,rolling_origin_40pct_initial_train
4,outer,train,3825605,rolling_origin_40pct_initial_train
4,outer,train,3825606,rolling_origin_40pct_initial_train
4,outer,train,3825607,rolling_origin_40pct_initial_train
4,outer,train,3825608,rolling_origin_40pct_initial_train
4,outer,train,3825609,rolling_origin_40pct_initial_train
4,outer,train,3825610,rolling_origin_40pct_initial_train
4,outer,train,3825611,rolling_origin_40pct_initial_train
4,outer,train,3825612,rolling_origin_40pct_initial_train
4,outer,train,3825613,rolling_origin_40pct_initial_train
4,outer,train,3825614,rolling_origin_40pct_initial_train
4,outer,train,3825615,rolling_origin_40pct_initial_train
4,outer,train,3825616,rolling_origin_40pct_initial_train
4,outer,train,3825617,rolling_origin_40pct_initial_train
4,outer,train,3825618,rolling_origin_40pct_initial_train
4,outer,train,3825619,rolling_origin_40pct_initial_train
4,outer,train,3825620,rolling_origin_40pct_initial_train
4,outer,train,3825621,rolling_origin_40pct_initial_train
4,outer,train,3825622,rolling_origin_40pct_initial_train
4,outer,train,3825623,rolling_origin_40pct_initial_train
4,outer,train,3825624,rolling_origin_40pct_initial_train
4,outer,train,3825625,rolling_origin_40pct_initial_train
4,outer,train,3825626,rolling_origin_40pct_initial_train
4,outer,train,3825627,rolling_origin_40pct_initial_train
4,outer,train,3825628,rolling_origin_40pct_initial_train
4,outer,train,3825629,rolling_origin_40pct_initial_train
4,outer,train,3825630,rolling_origin_40pct_initial_train
4,outer,train,3825631,rolling_origin_40pct_initial_train
4,outer,train,3825632,rolling_origin_40pct_initial_train
4,outer,train,3825633,rolling_origin_40pct_initial_train
4,outer,train,3825634,rolling_origin_40pct_initial_train
4,outer,train,3825635,rolling_origin_40pct_initial_train
4,outer,train,3825636,rolling_origin_40pct_initial_train
4,outer,train,3825874,rolling_origin_40pct_initial_train
4,outer,train,3825637,rolling_origin_40pct_initial_train
4,outer,train,3825638,rolling_origin_40pct_initial_train
4,outer,train,3825639,rolling_origin_40pct_initial_train
4,outer,train,3825640,rolling_origin_40pct_initial_train
4,outer,train,3825641,rolling_origin_40pct_initial_train
4,outer,train,3825642,rolling_origin_40pct_initial_train
4,outer,train,3825643,rolling_origin_40pct_initial_train
4,outer,train,3825644,rolling_origin_40pct_initial_train
4,outer,train,3825645,rolling_origin_40pct_initial_train
4,outer,train,3825646,rolling_origin_40pct_initial_train
4,outer,train,3825647,rolling_origin_40pct_initial_train
4,outer,train,3825648,rolling_origin_40pct_initial_train
4,outer,train,3825649,rolling_origin_40pct_initial_train
4,outer,train,3825650,rolling_origin_40pct_initial_train
4,outer,train,3825651,rolling_origin_40pct_initial_train
4,outer,train,3825652,rolling_origin_40pct_initial_train
4,outer,train,3825653,rolling_origin_40pct_initial_train
4,outer,train,3825654,rolling_origin_40pct_initial_train
4,outer,train,3825655,rolling_origin_40pct_initial_train
4,outer,train,3825656,rolling_origin_40pct_initial_train
4,outer,train,3825657,rolling_origin_40pct_initial_train
4,outer,train,3825658,rolling_origin_40pct_initial_train
4,outer,train,3825659,rolling_origin_40pct_initial_train
4,outer,train,3825660,rolling_origin_40pct_initial_train
4,outer,train,3825661,rolling_origin_40pct_initial_train
4,outer,train,266424,rolling_origin_40pct_initial_train
4,outer,train,3825662,rolling_origin_40pct_initial_train
4,outer,train,3825663,rolling_origin_40pct_initial_train
4,outer,train,3825664,rolling_origin_40pct_initial_train
4,outer,train,3825888,rolling_origin_40pct_initial_train
4,outer,train,3825665,rolling_origin_40pct_initial_train
4,outer,train,3825666,rolling_origin_40pct_initial_train
4,outer,train,3825667,rolling_origin_40pct_initial_train
4,outer,train,3825668,rolling_origin_40pct_initial_train
4,outer,train,3825669,rolling_origin_40pct_initial_train
4,outer,train,3825670,rolling_origin_40pct_initial_train
4,outer,train,266885,rolling_origin_40pct_initial_train
4,outer,train,3825671,rolling_origin_40pct_initial_train
4,outer,train,3825672,rolling_origin_40pct_initial_train
4,outer,train,3825673,rolling_origin_40pct_initial_train
4,outer,train,3825674,rolling_origin_40pct_initial_train
4,outer,train,3825675,rolling_origin_40pct_initial_train
4,outer,train,3825676,rolling_origin_40pct_initial_train
4,outer,train,3825677,rolling_origin_40pct_initial_train
4,outer,train,3825678,rolling_origin_40pct_initial_train
4,outer,train,267274,rolling_origin_40pct_initial_train
4,outer,train,3825679,rolling_origin_40pct_initial_train
4,outer,train,3825680,rolling_origin_40pct_initial_train
4,outer,train,3825681,rolling_origin_40pct_initial_train
4,outer,train,3825682,rolling_origin_40pct_initial_train
4,outer,train,3825683,rolling_origin_40pct_initial_train
4,outer,train,3825684,rolling_origin_40pct_initial_train
4,outer,train,3825685,rolling_origin_40pct_initial_train
4,outer,train,3825686,rolling_origin_40pct_initial_train
4,outer,train,3825687,rolling_origin_40pct_initial_train
4,outer,train,3825688,rolling_origin_40pct_initial_train
4,outer,train,266961,rolling_origin_40pct_initial_train
4,outer,train,3825689,rolling_origin_40pct_initial_train
4,outer,train,3825690,rolling_origin_40pct_initial_train
4,outer,train,3825691,rolling_origin_40pct_initial_train
4,outer,train,3825692,rolling_origin_40pct_initial_train
4,outer,train,3825693,rolling_origin_40pct_initial_train
4,outer,train,3825694,rolling_origin_40pct_initial_train
4,outer,train,3825695,rolling_origin_40pct_initial_train
4,outer,train,3825696,rolling_origin_40pct_initial_train
4,outer,train,3825697,rolling_origin_40pct_initial_train
4,outer,train,3825698,rolling_origin_40pct_initial_train
4,outer,train,3825699,rolling_origin_40pct_initial_train
4,outer,train,3825891,rolling_origin_40pct_initial_train
4,outer,train,3825700,rolling_origin_40pct_initial_train
4,outer,train,3825701,rolling_origin_40pct_initial_train
4,outer,train,3825702,rolling_origin_40pct_initial_train
4,outer,train,3825703,rolling_origin_40pct_initial_train
4,outer,train,3825704,rolling_origin_40pct_initial_train
4,outer,train,267327,rolling_origin_40pct_initial_train
4,outer,train,3825705,rolling_origin_40pct_initial_train
4,outer,train,3825706,rolling_origin_40pct_initial_train
4,outer,train,3825707,rolling_origin_40pct_initial_train
4,outer,train,3825708,rolling_origin_40pct_initial_train
4,outer,train,3825709,rolling_origin_40pct_initial_train
4,outer,train,3825710,rolling_origin_40pct_initial_train
4,outer,train,3825711,rolling_origin_40pct_initial_train
4,outer,train,3825712,rolling_origin_40pct_initial_train
4,outer,train,3825713,rolling_origin_40pct_initial_train
4,outer,train,266670,rolling_origin_40pct_initial_train
4,outer,train,3825714,rolling_origin_40pct_initial_train
4,outer,train,3825715,rolling_origin_40pct_initial_train
4,outer,train,3825716,rolling_origin_40pct_initial_train
4,outer,train,3825717,rolling_origin_40pct_initial_train
4,outer,train,3825718,rolling_origin_40pct_initial_train
4,outer,train,3825719,rolling_origin_40pct_initial_train
4,outer,train,3825720,rolling_origin_40pct_initial_train
4,outer,train,3825721,rolling_origin_40pct_initial_train
4,outer,train,3825722,rolling_origin_40pct_initial_train
4,outer,train,266620,rolling_origin_40pct_initial_train
4,outer,train,3825723,rolling_origin_40pct_initial_train
4,outer,train,3825724,rolling_origin_40pct_initial_train
4,outer,train,3825725,rolling_origin_40pct_initial_train
4,outer,train,3825726,rolling_origin_40pct_initial_train
4,outer,train,3825727,rolling_origin_40pct_initial_train
4,outer,train,3825728,rolling_origin_40pct_initial_train
4,outer,train,3825729,rolling_origin_40pct_initial_train
4,outer,train,3825730,rolling_origin_40pct_initial_train
4,outer,train,3825731,rolling_origin_40pct_initial_train
4,outer,train,3825732,rolling_origin_40pct_initial_train
4,outer,train,3825733,rolling_origin_40pct_initial_train
4,outer,train,3825734,rolling_origin_40pct_initial_train
4,outer,train,3825735,rolling_origin_40pct_initial_train
4,outer,train,266149,rolling_origin_40pct_initial_train
4,outer,train,3825736,rolling_origin_40pct_initial_train
4,outer,train,3825737,rolling_origin_40pct_initial_train
4,outer,train,3825738,rolling_origin_40pct_initial_train
4,outer,train,3825739,rolling_origin_40pct_initial_train
4,outer,train,3825740,rolling_origin_40pct_initial_train
4,outer,train,3825741,rolling_origin_40pct_initial_train
4,outer,train,265894,rolling_origin_40pct_initial_train
4,outer,train,3825742,rolling_origin_40pct_initial_train
4,outer,train,3825743,rolling_origin_40pct_initial_train
4,outer,train,3825744,rolling_origin_40pct_initial_train
4,outer,train,3825745,rolling_origin_40pct_initial_train
4,outer,train,3825746,rolling_origin_40pct_initial_train
4,outer,train,3825747,rolling_origin_40pct_initial_train
4,outer,train,3825748,rolling_origin_40pct_initial_train
4,outer,train,3825749,rolling_origin_40pct_initial_train
4,outer,train,267576,rolling_origin_40pct_initial_train
4,outer,train,3825750,rolling_origin_40pct_initial_train
4,outer,train,3825751,rolling_origin_40pct_initial_train
4,outer,train,3825752,rolling_origin_40pct_initial_train
4,outer,train,3825753,rolling_origin_40pct_initial_train
4,outer,train,3825754,rolling_origin_40pct_initial_train
4,outer,train,3825755,rolling_origin_40pct_initial_train
4,outer,train,3825756,rolling_origin_40pct_initial_train
4,outer,train,3825757,rolling_origin_40pct_initial_train
4,outer,train,3825758,rolling_origin_40pct_initial_train
4,outer,train,3825759,rolling_origin_40pct_initial_train
4,outer,train,3825760,rolling_origin_40pct_initial_train
4,outer,train,3825761,rolling_origin_40pct_initial_train
4,outer,train,3825762,rolling_origin_40pct_initial_train
4,outer,train,3825763,rolling_origin_40pct_initial_train
4,outer,train,266160,rolling_origin_40pct_initial_train
4,outer,train,3825764,rolling_origin_40pct_initial_train
4,outer,train,3825765,rolling_origin_40pct_initial_train
4,outer,train,3825766,rolling_origin_40pct_initial_train
4,outer,train,3825767,rolling_origin_40pct_initial_train
4,outer,train,3825768,rolling_origin_40pct_initial_train
4,outer,train,3825769,rolling_origin_40pct_initial_train
4,outer,train,3825770,rolling_origin_40pct_initial_train
4,outer,train,3825771,rolling_origin_40pct_initial_train
4,outer,train,3825772,rolling_origin_40pct_initial_train
4,outer,train,266254,rolling_origin_40pct_initial_train
4,outer,train,3825773,rolling_origin_40pct_initial_train
4,outer,train,3825774,rolling_origin_40pct_initial_train
4,outer,train,3825775,rolling_origin_40pct_initial_train
4,outer,train,3825776,rolling_origin_40pct_initial_train
4,outer,train,266815,rolling_origin_40pct_initial_train
4,outer,train,3825777,rolling_origin_40pct_initial_train
4,outer,train,267273,rolling_origin_40pct_initial_train
4,outer,train,3825778,rolling_origin_40pct_initial_train
4,outer,train,3825779,rolling_origin_40pct_initial_train
4,outer,train,3825780,rolling_origin_40pct_initial_train
4,outer,train,3825781,rolling_origin_40pct_initial_train
4,outer,train,3825782,rolling_origin_40pct_initial_train
4,outer,train,3825783,rolling_origin_40pct_initial_train
4,outer,train,3825784,rolling_origin_40pct_initial_train
4,outer,train,3825785,rolling_origin_40pct_initial_train
4,outer,train,3825786,rolling_origin_40pct_initial_train
4,outer,train,3825787,rolling_origin_40pct_initial_train
4,outer,train,3825788,rolling_origin_40pct_initial_train
4,outer,train,3825789,rolling_origin_40pct_initial_train
4,outer,train,3825790,rolling_origin_40pct_initial_train
4,outer,train,3825791,rolling_origin_40pct_initial_train
4,outer,train,265839,rolling_origin_40pct_initial_train
4,outer,train,3825792,rolling_origin_40pct_initial_train
4,outer,train,3825793,rolling_origin_40pct_initial_train
4,outer,train,3825794,rolling_origin_40pct_initial_train
4,outer,train,3825795,rolling_origin_40pct_initial_train
4,outer,train,3825796,rolling_origin_40pct_initial_train
4,outer,train,3825797,rolling_origin_40pct_initial_train
4,outer,train,3825798,rolling_origin_40pct_initial_train
4,outer,train,3825799,rolling_origin_40pct_initial_train
4,outer,train,3825800,rolling_origin_40pct_initial_train
4,outer,train,3825801,rolling_origin_40pct_initial_train
4,outer,train,266653,rolling_origin_40pct_initial_train
4,outer,train,3825802,rolling_origin_40pct_initial_train
4,outer,train,3825803,rolling_origin_40pct_initial_train
4,outer,train,3825804,rolling_origin_40pct_initial_train
4,outer,train,3825805,rolling_origin_40pct_initial_train
4,outer,train,3825806,rolling_origin_40pct_initial_train
4,outer,train,3825867,rolling_origin_40pct_initial_train
4,outer,train,266056,rolling_origin_40pct_initial_train
4,outer,train,3825807,rolling_origin_40pct_initial_train
4,outer,train,3825808,rolling_origin_40pct_initial_train
4,outer,train,3825809,rolling_origin_40pct_initial_train
4,outer,train,3825810,rolling_origin_40pct_initial_train
4,outer,train,3825811,rolling_origin_40pct_initial_train
4,outer,train,3825812,rolling_origin_40pct_initial_train
4,outer,train,266498,rolling_origin_40pct_initial_train
4,outer,train,3825813,rolling_origin_40pct_initial_train
4,outer,train,3825814,rolling_origin_40pct_initial_train
4,outer,train,3825858,rolling_origin_40pct_initial_train
4,outer,train,3825815,rolling_origin_40pct_initial_train
4,outer,train,3825816,rolling_origin_40pct_initial_train
4,outer,train,3825844,rolling_origin_40pct_initial_train
4,outer,train,3825879,rolling_origin_40pct_initial_train
4,outer,train,3825881,rolling_origin_40pct_initial_train
4,outer,train,3825817,rolling_origin_40pct_initial_train
4,outer,train,3825818,rolling_origin_40pct_initial_train
4,outer,train,3825880,rolling_origin_40pct_initial_train
4,outer,train,3825887,rolling_origin_40pct_initial_train
4,outer,train,3825903,rolling_origin_40pct_initial_train
4,outer,train,3825907,rolling_origin_40pct_initial_train
4,outer,train,266106,rolling_origin_40pct_initial_train
4,outer,train,3825819,rolling_origin_40pct_initial_train
4,outer,train,3825820,rolling_origin_40pct_initial_train
4,outer,train,3825821,rolling_origin_40pct_initial_train
4,outer,train,3825885,rolling_origin_40pct_initial_train
4,outer,train,267533,rolling_origin_40pct_initial_train
4,outer,train,3825822,rolling_origin_40pct_initial_train
4,outer,train,3825872,rolling_origin_40pct_initial_train
4,outer,train,3825898,rolling_origin_40pct_initial_train
4,outer,train,3825823,rolling_origin_40pct_initial_train
4,outer,train,3825824,rolling_origin_40pct_initial_train
4,outer,train,3825877,rolling_origin_40pct_initial_train
4,outer,train,3825905,rolling_origin_40pct_initial_train
4,outer,train,3825825,rolling_origin_40pct_initial_train
4,outer,train,3825826,rolling_origin_40pct_initial_train
4,outer,train,266664,rolling_origin_40pct_initial_train
4,outer,train,3825827,rolling_origin_40pct_initial_train
4,outer,train,3825828,rolling_origin_40pct_initial_train
4,outer,train,3825856,rolling_origin_40pct_initial_train
4,outer,train,3825829,rolling_origin_40pct_initial_train
4,outer,train,3825830,rolling_origin_40pct_initial_train
4,outer,train,3825831,rolling_origin_40pct_initial_train
4,outer,train,3825832,rolling_origin_40pct_initial_train
4,outer,train,3825863,rolling_origin_40pct_initial_train
4,outer,train,3825857,rolling_origin_40pct_initial_train
4,outer,train,3825833,rolling_origin_40pct_initial_train
4,outer,train,3825852,rolling_origin_40pct_initial_train
4,outer,train,3825889,rolling_origin_40pct_initial_train
4,outer,train,3825897,rolling_origin_40pct_initial_train
4,outer,train,266557,rolling_origin_40pct_initial_train
4,outer,train,3825834,rolling_origin_40pct_initial_train
4,outer,train,3825835,rolling_origin_40pct_initial_train
4,outer,train,3825836,rolling_origin_40pct_initial_train
4,outer,train,3825906,rolling_origin_40pct_initial_train
4,outer,train,3825837,rolling_origin_40pct_initial_train
4,outer,train,3825862,rolling_origin_40pct_initial_train
4,outer,train,266310,rolling_origin_40pct_initial_train
4,outer,train,3825838,rolling_origin_40pct_initial_train
4,outer,train,3825839,rolling_origin_40pct_initial_train
4,outer,train,3825840,rolling_origin_40pct_initial_train
4,outer,train,3825843,rolling_origin_40pct_initial_train
4,outer,train,3825893,rolling_origin_40pct_initial_train
4,outer,train,3825841,rolling_origin_40pct_initial_train
4,outer,train,3825896,rolling_origin_40pct_initial_train
4,outer,train,3825871,rolling_origin_40pct_initial_train
4,outer,train,265944,rolling_origin_40pct_initial_train
4,outer,train,3825847,rolling_origin_40pct_initial_train
4,outer,train,3825886,rolling_origin_40pct_initial_train
4,outer,train,3825890,rolling_origin_40pct_initial_train
4,outer,train,3825842,rolling_origin_40pct_initial_train
4,outer,train,3825875,rolling_origin_40pct_initial_train
4,outer,train,3825884,rolling_origin_40pct_initial_train
4,outer,train,3825899,rolling_origin_40pct_initial_train
4,outer,train,3825868,rolling_origin_40pct_initial_train
4,outer,train,3825854,rolling_origin_40pct_initial_train
4,outer,train,266986,rolling_origin_40pct_initial_train
4,outer,train,3825859,rolling_origin_40pct_initial_train
4,outer,train,3825864,rolling_origin_40pct_initial_train
4,outer,train,3825845,rolling_origin_40pct_initial_train
4,outer,train,3825870,rolling_origin_40pct_initial_train
4,outer,train,3825873,rolling_origin_40pct_initial_train
4,outer,train,3825894,rolling_origin_40pct_initial_train
4,outer,train,3825855,rolling_origin_40pct_initial_train
4,outer,train,265958,rolling_origin_40pct_initial_train
4,outer,train,3825850,rolling_origin_40pct_initial_train
4,outer,train,3825851,rolling_origin_40pct_initial_train
4,outer,train,3825866,rolling_origin_40pct_initial_train
4,outer,train,3825901,rolling_origin_40pct_initial_train
4,outer,train,3825904,rolling_origin_40pct_initial_train
4,outer,train,3825849,rolling_origin_40pct_initial_train
4,outer,train,3825846,rolling_origin_40pct_initial_train
4,outer,train,3825869,rolling_origin_40pct_initial_train
4,outer,train,3825882,rolling_origin_40pct_initial_train
4,outer,train,3825908,rolling_origin_40pct_initial_train
4,outer,train,267670,rolling_origin_40pct_initial_train
4,outer,train,266892,rolling_origin_40pct_initial_train
4,outer,train,267220,rolling_origin_40pct_initial_train
4,outer,train,266033,rolling_origin_40pct_initial_train
4,outer,train,266989,rolling_origin_40pct_initial_train
4,outer,train,266528,rolling_origin_40pct_initial_train
4,outer,train,267395,rolling_origin_40pct_initial_train
4,outer,train,266731,rolling_origin_40pct_initial_train
4,outer,test,9912,rolling_origin_40pct_initial_train
4,outer,test,9924,rolling_origin_40pct_initial_train
4,outer,test,9928,rolling_origin_40pct_initial_train
4,outer,test,9948,rolling_origin_40pct_initial_train
4,outer,test,15946,rolling_origin_40pct_initial_train
4,outer,test,15956,rolling_origin_40pct_initial_train
4,outer,test,15978,rolling_origin_40pct_initial_train
4,outer,test,15998,rolling_origin_40pct_initial_train
4,outer,test,16010,rolling_origin_40pct_initial_train
4,outer,test,16023,rolling_origin_40pct_initial_train
4,outer,test,16029,rolling_origin_40pct_initial_train
4,outer,test,16056,rolling_origin_40pct_initial_train
4,outer,test,16073,rolling_origin_40pct_initial_train
4,outer,test,16079,rolling_origin_40pct_initial_train
4,outer,test,16086,rolling_origin_40pct_initial_train
4,outer,test,16095,rolling_origin_40pct_initial_train
4,outer,test,16109,rolling_origin_40pct_initial_train
4,outer,test,16120,rolling_origin_40pct_initial_train
4,outer,test,16131,rolling_origin_40pct_initial_train
4,outer,test,16136,rolling_origin_40pct_initial_train
4,outer,test,16149,rolling_origin_40pct_initial_train
4,outer,test,16157,rolling_origin_40pct_initial_train
4,outer,test,16173,rolling_origin_40pct_initial_train
4,outer,test,16182,rolling_origin_40pct_initial_train
4,outer,test,16190,rolling_origin_40pct_initial_train
4,outer,test,16196,rolling_origin_40pct_initial_train
4,outer,test,16205,rolling_origin_40pct_initial_train
4,outer,test,16215,rolling_origin_40pct_initial_train
4,outer,test,16231,rolling_origin_40pct_initial_train
4,outer,test,16240,rolling_origin_40pct_initial_train
4,outer,test,16248,rolling_origin_40pct_initial_train
4,outer,test,16265,rolling_origin_40pct_initial_train
4,outer,test,16275,rolling_origin_40pct_initial_train
4,outer,test,16289,rolling_origin_40pct_initial_train
4,outer,test,16306,rolling_origin_40pct_initial_train
4,outer,test,16317,rolling_origin_40pct_initial_train
4,outer,test,303666,rolling_origin_40pct_initial_train
4,outer,test,303430,rolling_origin_40pct_initial_train
4,outer,test,303473,rolling_origin_40pct_initial_train
4,outer,test,303700,rolling_origin_40pct_initial_train
4,outer,test,303600,rolling_origin_40pct_initial_train
4,outer,test,303504,rolling_origin_40pct_initial_train
4,outer,test,303487,rolling_origin_40pct_initial_train
4,outer,test,303715,rolling_origin_40pct_initial_train
4,outer,test,303524,rolling_origin_40pct_initial_train
4,outer,test,303451,rolling_origin_40pct_initial_train
4,outer,test,303664,rolling_origin_40pct_initial_train
4,outer,test,303596,rolling_origin_40pct_initial_train
4,outer,test,303517,rolling_origin_40pct_initial_train
4,outer,test,303652,rolling_origin_40pct_initial_train
4,inner,train,68335,date_aware_chronological_inner
4,inner,train,69179,date_aware_chronological_inner
4,inner,train,69180,date_aware_chronological_inner
4,inner,train,69169,date_aware_chronological_inner
4,inner,train,69148,date_aware_chronological_inner
4,inner,train,69178,date_aware_chronological_inner
4,inner,train,68356,date_aware_chronological_inner
4,inner,train,69173,date_aware_chronological_inner
4,inner,train,69181,date_aware_chronological_inner
4,inner,train,69187,date_aware_chronological_inner
4,inner,train,69146,date_aware_chronological_inner
4,inner,train,69182,date_aware_chronological_inner
4,inner,train,68360,date_aware_chronological_inner
4,inner,train,68365,date_aware_chronological_inner
4,inner,train,68359,date_aware_chronological_inner
4,inner,train,69141,date_aware_chronological_inner
4,inner,train,68361,date_aware_chronological_inner
4,inner,train,69215,date_aware_chronological_inner
4,inner,train,69207,date_aware_chronological_inner
4,inner,train,69211,date_aware_chronological_inner
4,inner,train,69212,date_aware_chronological_inner
4,inner,train,69171,date_aware_chronological_inner
4,inner,train,69149,date_aware_chronological_inner
4,inner,train,69225,date_aware_chronological_inner
4,inner,train,69228,date_aware_chronological_inner
4,inner,train,69230,date_aware_chronological_inner
4,inner,train,69183,date_aware_chronological_inner
4,inner,train,69209,date_aware_chronological_inner
4,inner,train,69195,date_aware_chronological_inner
4,inner,train,69139,date_aware_chronological_inner
4,inner,train,69185,date_aware_chronological_inner
4,inner,train,69216,date_aware_chronological_inner
4,inner,train,69142,date_aware_chronological_inner
4,inner,train,69223,date_aware_chronological_inner
4,inner,train,69251,date_aware_chronological_inner
4,inner,train,69249,date_aware_chronological_inner
4,inner,train,69217,date_aware_chronological_inner
4,inner,train,69229,date_aware_chronological_inner
4,inner,train,69292,date_aware_chronological_inner
4,inner,train,69255,date_aware_chronological_inner
4,inner,train,69256,date_aware_chronological_inner
4,inner,train,69252,date_aware_chronological_inner
4,inner,train,69253,date_aware_chronological_inner
4,inner,train,69277,date_aware_chronological_inner
4,inner,train,69250,date_aware_chronological_inner
4,inner,train,69288,date_aware_chronological_inner
4,inner,train,69262,date_aware_chronological_inner
4,inner,train,69218,date_aware_chronological_inner
4,inner,train,69243,date_aware_chronological_inner
4,inner,train,69240,date_aware_chronological_inner
4,inner,train,69237,date_aware_chronological_inner
4,inner,train,69238,date_aware_chronological_inner
4,inner,train,69226,date_aware_chronological_inner
4,inner,train,69224,date_aware_chronological_inner
4,inner,train,69257,date_aware_chronological_inner
4,inner,train,69247,date_aware_chronological_inner
4,inner,train,69259,date_aware_chronological_inner
4,inner,train,69221,date_aware_chronological_inner
4,inner,train,69213,date_aware_chronological_inner
4,inner,train,69244,date_aware_chronological_inner
4,inner,train,69239,date_aware_chronological_inner
4,inner,train,69269,date_aware_chronological_inner
4,inner,train,69260,date_aware_chronological_inner
4,inner,train,69289,date_aware_chronological_inner
4,inner,train,69270,date_aware_chronological_inner
4,inner,train,69308,date_aware_chronological_inner
4,inner,train,69299,date_aware_chronological_inner
4,inner,train,69307,date_aware_chronological_inner
4,inner,train,69275,date_aware_chronological_inner
4,inner,train,69280,date_aware_chronological_inner
4,inner,train,69278,date_aware_chronological_inner
4,inner,train,69276,date_aware_chronological_inner
4,inner,train,69248,date_aware_chronological_inner
4,inner,train,69282,date_aware_chronological_inner
4,inner,train,69274,date_aware_chronological_inner
4,inner,train,69291,date_aware_chronological_inner
4,inner,train,69303,date_aware_chronological_inner
4,inner,train,69304,date_aware_chronological_inner
4,inner,train,69245,date_aware_chronological_inner
4,inner,train,69271,date_aware_chronological_inner
4,inner,train,69234,date_aware_chronological_inner
4,inner,train,69272,date_aware_chronological_inner
4,inner,train,69268,date_aware_chronological_inner
4,inner,train,69264,date_aware_chronological_inner
4,inner,train,70220,date_aware_chronological_inner
4,inner,train,70223,date_aware_chronological_inner
4,inner,train,69297,date_aware_chronological_inner
4,inner,train,69265,date_aware_chronological_inner
4,inner,train,69329,date_aware_chronological_inner
4,inner,train,69330,date_aware_chronological_inner
4,inner,train,69315,date_aware_chronological_inner
4,inner,train,69333,date_aware_chronological_inner
4,inner,train,69334,date_aware_chronological_inner
4,inner,train,69312,date_aware_chronological_inner
4,inner,train,69327,date_aware_chronological_inner
4,inner,train,69335,date_aware_chronological_inner
4,inner,train,69338,date_aware_chronological_inner
4,inner,train,69316,date_aware_chronological_inner
4,inner,train,69336,date_aware_chronological_inner
4,inner,train,69328,date_aware_chronological_inner
4,inner,train,69337,date_aware_chronological_inner
4,inner,train,69326,date_aware_chronological_inner
4,inner,train,69323,date_aware_chronological_inner
4,inner,train,69343,date_aware_chronological_inner
4,inner,train,70221,date_aware_chronological_inner
4,inner,train,69324,date_aware_chronological_inner
4,inner,train,69340,date_aware_chronological_inner
4,inner,train,69320,date_aware_chronological_inner
4,inner,train,69319,date_aware_chronological_inner
4,inner,train,70259,date_aware_chronological_inner
4,inner,train,70286,date_aware_chronological_inner
4,inner,train,70292,date_aware_chronological_inner
4,inner,train,70275,date_aware_chronological_inner
4,inner,train,70300,date_aware_chronological_inner
4,inner,train,70304,date_aware_chronological_inner
4,inner,train,70280,date_aware_chronological_inner
4,inner,train,70263,date_aware_chronological_inner
4,inner,train,70295,date_aware_chronological_inner
4,inner,train,70296,date_aware_chronological_inner
4,inner,train,266433,date_aware_chronological_inner
4,inner,train,266827,date_aware_chronological_inner
4,inner,train,70287,date_aware_chronological_inner
4,inner,train,70282,date_aware_chronological_inner
4,inner,train,70297,date_aware_chronological_inner
4,inner,train,70294,date_aware_chronological_inner
4,inner,train,70271,date_aware_chronological_inner
4,inner,train,70272,date_aware_chronological_inner
4,inner,train,70305,date_aware_chronological_inner
4,inner,train,70307,date_aware_chronological_inner
4,inner,train,70256,date_aware_chronological_inner
4,inner,train,267502,date_aware_chronological_inner
4,inner,train,70281,date_aware_chronological_inner
4,inner,train,70284,date_aware_chronological_inner
4,inner,train,70277,date_aware_chronological_inner
4,inner,train,70298,date_aware_chronological_inner
4,inner,train,70301,date_aware_chronological_inner
4,inner,train,70302,date_aware_chronological_inner
4,inner,train,267520,date_aware_chronological_inner
4,inner,train,70293,date_aware_chronological_inner
4,inner,train,267192,date_aware_chronological_inner
4,inner,train,70283,date_aware_chronological_inner
4,inner,train,266883,date_aware_chronological_inner
4,inner,train,265830,date_aware_chronological_inner
4,inner,train,70288,date_aware_chronological_inner
4,inner,train,70291,date_aware_chronological_inner
4,inner,train,266613,date_aware_chronological_inner
4,inner,train,267675,date_aware_chronological_inner
4,inner,train,265918,date_aware_chronological_inner
4,inner,train,265837,date_aware_chronological_inner
4,inner,train,265857,date_aware_chronological_inner
4,inner,train,266274,date_aware_chronological_inner
4,inner,train,70306,date_aware_chronological_inner
4,inner,train,267368,date_aware_chronological_inner
4,inner,train,267138,date_aware_chronological_inner
4,inner,train,267567,date_aware_chronological_inner
4,inner,train,70289,date_aware_chronological_inner
4,inner,train,266491,date_aware_chronological_inner
4,inner,train,266256,date_aware_chronological_inner
4,inner,train,266406,date_aware_chronological_inner
4,inner,train,70273,date_aware_chronological_inner
4,inner,train,266770,date_aware_chronological_inner
4,inner,train,266838,date_aware_chronological_inner
4,inner,train,266117,date_aware_chronological_inner
4,inner,train,267561,date_aware_chronological_inner
4,inner,train,267085,date_aware_chronological_inner
4,inner,train,267301,date_aware_chronological_inner
4,inner,train,265835,date_aware_chronological_inner
4,inner,train,266560,date_aware_chronological_inner
4,inner,train,266320,date_aware_chronological_inner
4,inner,train,70264,date_aware_chronological_inner
4,inner,train,266240,date_aware_chronological_inner
4,inner,train,70303,date_aware_chronological_inner
4,inner,train,266230,date_aware_chronological_inner
4,inner,train,267597,date_aware_chronological_inner
4,inner,train,266871,date_aware_chronological_inner
4,inner,train,266741,date_aware_chronological_inner
4,inner,train,266148,date_aware_chronological_inner
4,inner,train,267343,date_aware_chronological_inner
4,inner,train,266916,date_aware_chronological_inner
4,inner,train,267183,date_aware_chronological_inner
4,inner,train,266929,date_aware_chronological_inner
4,inner,train,266142,date_aware_chronological_inner
4,inner,train,266525,date_aware_chronological_inner
4,inner,train,266531,date_aware_chronological_inner
4,inner,train,265963,date_aware_chronological_inner
4,inner,train,266045,date_aware_chronological_inner
4,inner,train,266631,date_aware_chronological_inner
4,inner,train,267197,date_aware_chronological_inner
4,inner,train,3825562,date_aware_chronological_inner
4,inner,train,3825564,date_aware_chronological_inner
4,inner,train,3825565,date_aware_chronological_inner
4,inner,train,3825566,date_aware_chronological_inner
4,inner,train,266236,date_aware_chronological_inner
4,inner,train,3825567,date_aware_chronological_inner
4,inner,train,3825568,date_aware_chronological_inner
4,inner,train,3825569,date_aware_chronological_inner
4,inner,train,3825571,date_aware_chronological_inner
4,inner,train,267422,date_aware_chronological_inner
4,inner,train,3825572,date_aware_chronological_inner
4,inner,train,3825573,date_aware_chronological_inner
4,inner,train,3825574,date_aware_chronological_inner
4,inner,train,3825576,date_aware_chronological_inner
4,inner,train,3825577,date_aware_chronological_inner
4,inner,train,3825578,date_aware_chronological_inner
4,inner,train,3825579,date_aware_chronological_inner
4,inner,train,3825580,date_aware_chronological_inner
4,inner,train,266166,date_aware_chronological_inner
4,inner,train,3825581,date_aware_chronological_inner
4,inner,train,3825582,date_aware_chronological_inner
4,inner,train,3825583,date_aware_chronological_inner
4,inner,train,3825584,date_aware_chronological_inner
4,inner,train,3825586,date_aware_chronological_inner
4,inner,train,3825587,date_aware_chronological_inner
4,inner,train,3825588,date_aware_chronological_inner
4,inner,train,3825589,date_aware_chronological_inner
4,inner,train,3825590,date_aware_chronological_inner
4,inner,train,3825591,date_aware_chronological_inner
4,inner,train,3825592,date_aware_chronological_inner
4,inner,train,3825593,date_aware_chronological_inner
4,inner,train,266490,date_aware_chronological_inner
4,inner,train,3825594,date_aware_chronological_inner
4,inner,train,3825595,date_aware_chronological_inner
4,inner,train,3825596,date_aware_chronological_inner
4,inner,train,3825597,date_aware_chronological_inner
4,inner,train,3825598,date_aware_chronological_inner
4,inner,train,3825599,date_aware_chronological_inner
4,inner,train,3825892,date_aware_chronological_inner
4,inner,train,266467,date_aware_chronological_inner
4,inner,train,3825600,date_aware_chronological_inner
4,inner,train,3825601,date_aware_chronological_inner
4,inner,train,3825602,date_aware_chronological_inner
4,inner,train,3825848,date_aware_chronological_inner
4,inner,train,3825895,date_aware_chronological_inner
4,inner,train,3825603,date_aware_chronological_inner
4,inner,train,3825604,date_aware_chronological_inner
4,inner,train,267611,date_aware_chronological_inner
4,inner,train,3825605,date_aware_chronological_inner
4,inner,train,3825606,date_aware_chronological_inner
4,inner,train,3825607,date_aware_chronological_inner
4,inner,train,3825608,date_aware_chronological_inner
4,inner,train,3825609,date_aware_chronological_inner
4,inner,train,3825610,date_aware_chronological_inner
4,inner,train,3825611,date_aware_chronological_inner
4,inner,train,3825612,date_aware_chronological_inner
4,inner,train,3825613,date_aware_chronological_inner
4,inner,train,3825614,date_aware_chronological_inner
4,inner,train,3825615,date_aware_chronological_inner
4,inner,train,3825616,date_aware_chronological_inner
4,inner,train,3825617,date_aware_chronological_inner
4,inner,train,3825618,date_aware_chronological_inner
4,inner,train,3825619,date_aware_chronological_inner
4,inner,train,3825620,date_aware_chronological_inner
4,inner,train,3825621,date_aware_chronological_inner
4,inner,train,3825622,date_aware_chronological_inner
4,inner,train,3825623,date_aware_chronological_inner
4,inner,train,3825624,date_aware_chronological_inner
4,inner,train,3825625,date_aware_chronological_inner
4,inner,train,3825626,date_aware_chronological_inner
4,inner,train,3825627,date_aware_chronological_inner
4,inner,train,3825628,date_aware_chronological_inner
4,inner,train,3825629,date_aware_chronological_inner
4,inner,train,3825630,date_aware_chronological_inner
4,inner,train,3825631,date_aware_chronological_inner
4,inner,train,3825632,date_aware_chronological_inner
4,inner,train,3825633,date_aware_chronological_inner
4,inner,train,3825634,date_aware_chronological_inner
4,inner,train,3825635,date_aware_chronological_inner
4,inner,train,3825636,date_aware_chronological_inner
4,inner,train,3825874,date_aware_chronological_inner
4,inner,train,3825637,date_aware_chronological_inner
4,inner,train,3825638,date_aware_chronological_inner
4,inner,train,3825639,date_aware_chronological_inner
4,inner,train,3825640,date_aware_chronological_inner
4,inner,train,3825641,date_aware_chronological_inner
4,inner,train,3825642,date_aware_chronological_inner
4,inner,train,3825643,date_aware_chronological_inner
4,inner,train,3825644,date_aware_chronological_inner
4,inner,train,3825645,date_aware_chronological_inner
4,inner,train,3825646,date_aware_chronological_inner
4,inner,train,3825647,date_aware_chronological_inner
4,inner,train,3825648,date_aware_chronological_inner
4,inner,train,3825649,date_aware_chronological_inner
4,inner,train,3825650,date_aware_chronological_inner
4,inner,train,3825651,date_aware_chronological_inner
4,inner,train,3825652,date_aware_chronological_inner
4,inner,train,3825653,date_aware_chronological_inner
4,inner,train,3825654,date_aware_chronological_inner
4,inner,train,3825655,date_aware_chronological_inner
4,inner,train,3825656,date_aware_chronological_inner
4,inner,train,3825657,date_aware_chronological_inner
4,inner,train,3825658,date_aware_chronological_inner
4,inner,train,3825659,date_aware_chronological_inner
4,inner,train,3825660,date_aware_chronological_inner
4,inner,train,3825661,date_aware_chronological_inner
4,inner,train,266424,date_aware_chronological_inner
4,inner,train,3825662,date_aware_chronological_inner
4,inner,train,3825663,date_aware_chronological_inner
4,inner,train,3825664,date_aware_chronological_inner
4,inner,train,3825888,date_aware_chronological_inner
4,inner,train,3825665,date_aware_chronological_inner
4,inner,train,3825666,date_aware_chronological_inner
4,inner,train,3825667,date_aware_chronological_inner
4,inner,train,3825668,date_aware_chronological_inner
4,inner,train,3825669,date_aware_chronological_inner
4,inner,train,3825670,date_aware_chronological_inner
4,inner,train,266885,date_aware_chronological_inner
4,inner,train,3825671,date_aware_chronological_inner
4,inner,train,3825672,date_aware_chronological_inner
4,inner,train,3825673,date_aware_chronological_inner
4,inner,train,3825674,date_aware_chronological_inner
4,inner,train,3825675,date_aware_chronological_inner
4,inner,train,3825676,date_aware_chronological_inner
4,inner,train,3825677,date_aware_chronological_inner
4,inner,train,3825678,date_aware_chronological_inner
4,inner,train,267274,date_aware_chronological_inner
4,inner,train,3825679,date_aware_chronological_inner
4,inner,train,3825680,date_aware_chronological_inner
4,inner,train,3825681,date_aware_chronological_inner
4,inner,train,3825682,date_aware_chronological_inner
4,inner,train,3825683,date_aware_chronological_inner
4,inner,train,3825684,date_aware_chronological_inner
4,inner,train,3825685,date_aware_chronological_inner
4,inner,train,3825686,date_aware_chronological_inner
4,inner,train,3825687,date_aware_chronological_inner
4,inner,train,3825688,date_aware_chronological_inner
4,inner,train,266961,date_aware_chronological_inner
4,inner,train,3825689,date_aware_chronological_inner
4,inner,train,3825690,date_aware_chronological_inner
4,inner,train,3825691,date_aware_chronological_inner
4,inner,train,3825692,date_aware_chronological_inner
4,inner,train,3825693,date_aware_chronological_inner
4,inner,train,3825694,date_aware_chronological_inner
4,inner,train,3825695,date_aware_chronological_inner
4,inner,train,3825696,date_aware_chronological_inner
4,inner,train,3825697,date_aware_chronological_inner
4,inner,train,3825698,date_aware_chronological_inner
4,inner,train,3825699,date_aware_chronological_inner
4,inner,train,3825891,date_aware_chronological_inner
4,inner,train,3825700,date_aware_chronological_inner
4,inner,train,3825701,date_aware_chronological_inner
4,inner,train,3825702,date_aware_chronological_inner
4,inner,train,3825703,date_aware_chronological_inner
4,inner,train,3825704,date_aware_chronological_inner
4,inner,train,267327,date_aware_chronological_inner
4,inner,train,3825705,date_aware_chronological_inner
4,inner,train,3825706,date_aware_chronological_inner
4,inner,train,3825707,date_aware_chronological_inner
4,inner,train,3825708,date_aware_chronological_inner
4,inner,train,3825709,date_aware_chronological_inner
4,inner,train,3825710,date_aware_chronological_inner
4,inner,train,3825711,date_aware_chronological_inner
4,inner,train,3825712,date_aware_chronological_inner
4,inner,train,3825713,date_aware_chronological_inner
4,inner,train,266670,date_aware_chronological_inner
4,inner,train,3825714,date_aware_chronological_inner
4,inner,train,3825715,date_aware_chronological_inner
4,inner,train,3825716,date_aware_chronological_inner
4,inner,train,3825717,date_aware_chronological_inner
4,inner,train,3825718,date_aware_chronological_inner
4,inner,train,3825719,date_aware_chronological_inner
4,inner,train,3825720,date_aware_chronological_inner
4,inner,train,3825721,date_aware_chronological_inner
4,inner,train,3825722,date_aware_chronological_inner
4,inner,train,266620,date_aware_chronological_inner
4,inner,train,3825723,date_aware_chronological_inner
4,inner,train,3825724,date_aware_chronological_inner
4,inner,train,3825725,date_aware_chronological_inner
4,inner,train,3825726,date_aware_chronological_inner
4,inner,train,3825727,date_aware_chronological_inner
4,inner,train,3825728,date_aware_chronological_inner
4,inner,train,3825729,date_aware_chronological_inner
4,inner,train,3825730,date_aware_chronological_inner
4,inner,train,3825731,date_aware_chronological_inner
4,inner,train,3825732,date_aware_chronological_inner
4,inner,train,3825733,date_aware_chronological_inner
4,inner,train,3825734,date_aware_chronological_inner
4,inner,train,3825735,date_aware_chronological_inner
4,inner,train,266149,date_aware_chronological_inner
4,inner,train,3825736,date_aware_chronological_inner
4,inner,train,3825737,date_aware_chronological_inner
4,inner,train,3825738,date_aware_chronological_inner
4,inner,train,3825739,date_aware_chronological_inner
4,inner,train,3825740,date_aware_chronological_inner
4,inner,train,3825741,date_aware_chronological_inner
4,inner,train,265894,date_aware_chronological_inner
4,inner,train,3825742,date_aware_chronological_inner
4,inner,train,3825743,date_aware_chronological_inner
4,inner,train,3825744,date_aware_chronological_inner
4,inner,train,3825745,date_aware_chronological_inner
4,inner,train,3825746,date_aware_chronological_inner
4,inner,train,3825747,date_aware_chronological_inner
4,inner,train,3825748,date_aware_chronological_inner
4,inner,train,3825749,date_aware_chronological_inner
4,inner,train,267576,date_aware_chronological_inner
4,inner,train,3825750,date_aware_chronological_inner
4,inner,train,3825751,date_aware_chronological_inner
4,inner,train,3825752,date_aware_chronological_inner
4,inner,train,3825753,date_aware_chronological_inner
4,inner,train,3825754,date_aware_chronological_inner
4,inner,train,3825755,date_aware_chronological_inner
4,inner,train,3825756,date_aware_chronological_inner
4,inner,train,3825757,date_aware_chronological_inner
4,inner,train,3825758,date_aware_chronological_inner
4,inner,train,3825759,date_aware_chronological_inner
4,inner,train,3825760,date_aware_chronological_inner
4,inner,train,3825761,date_aware_chronological_inner
4,inner,train,3825762,date_aware_chronological_inner
4,inner,train,3825763,date_aware_chronological_inner
4,inner,train,266160,date_aware_chronological_inner
4,inner,train,3825764,date_aware_chronological_inner
4,inner,train,3825765,date_aware_chronological_inner
4,inner,train,3825766,date_aware_chronological_inner
4,inner,train,3825767,date_aware_chronological_inner
4,inner,train,3825774,date_aware_chronological_inner
4,inner,validation,3825797,date_aware_chronological_inner
4,inner,validation,3825798,date_aware_chronological_inner
4,inner,validation,3825799,date_aware_chronological_inner
4,inner,validation,3825800,date_aware_chronological_inner
4,inner,validation,3825801,date_aware_chronological_inner
4,inner,validation,266653,date_aware_chronological_inner
4,inner,validation,3825802,date_aware_chronological_inner
4,inner,validation,3825803,date_aware_chronological_inner
4,inner,validation,3825804,date_aware_chronological_inner
4,inner,validation,3825805,date_aware_chronological_inner
4,inner,validation,3825806,date_aware_chronological_inner
4,inner,validation,3825867,date_aware_chronological_inner
4,inner,validation,266056,date_aware_chronological_inner
4,inner,validation,3825807,date_aware_chronological_inner
4,inner,validation,3825808,date_aware_chronological_inner
4,inner,validation,3825809,date_aware_chronological_inner
4,inner,validation,3825810,date_aware_chronological_inner
4,inner,validation,3825811,date_aware_chronological_inner
4,inner,validation,3825812,date_aware_chronological_inner
4,inner,validation,266498,date_aware_chronological_inner
4,inner,validation,3825813,date_aware_chronological_inner
4,inner,validation,3825814,date_aware_chronological_inner
4,inner,validation,3825858,date_aware_chronological_inner
4,inner,validation,3825815,date_aware_chronological_inner
4,inner,validation,3825816,date_aware_chronological_inner
4,inner,validation,3825844,date_aware_chronological_inner
4,inner,validation,3825879,date_aware_chronological_inner
4,inner,validation,3825881,date_aware_chronological_inner
4,inner,validation,3825817,date_aware_chronological_inner
4,inner,validation,3825818,date_aware_chronological_inner
4,inner,validation,3825880,date_aware_chronological_inner
4,inner,validation,3825887,date_aware_chronological_inner
4,inner,validation,3825903,date_aware_chronological_inner
4,inner,validation,3825907,date_aware_chronological_inner
4,inner,validation,266106,date_aware_chronological_inner
4,inner,validation,3825819,date_aware_chronological_inner
4,inner,validation,3825820,date_aware_chronological_inner
4,inner,validation,3825821,date_aware_chronological_inner
4,inner,validation,3825885,date_aware_chronological_inner
4,inner,validation,267533,date_aware_chronological_inner
4,inner,validation,3825822,date_aware_chronological_inner
4,inner,validation,3825872,date_aware_chronological_inner
4,inner,validation,3825898,date_aware_chronological_inner
4,inner,validation,3825823,date_aware_chronological_inner
4,inner,validation,3825824,date_aware_chronological_inner
4,inner,validation,3825877,date_aware_chronological_inner
4,inner,validation,3825905,date_aware_chronological_inner
4,inner,validation,3825825,date_aware_chronological_inner
4,inner,validation,3825826,date_aware_chronological_inner
4,inner,validation,266664,date_aware_chronological_inner
4,inner,validation,3825827,date_aware_chronological_inner
4,inner,validation,3825828,date_aware_chronological_inner
4,inner,validation,3825856,date_aware_chronological_inner
4,inner,validation,3825829,date_aware_chronological_inner
4,inner,validation,3825830,date_aware_chronological_inner
4,inner,validation,3825831,date_aware_chronological_inner
4,inner,validation,3825832,date_aware_chronological_inner
4,inner,validation,3825863,date_aware_chronological_inner
4,inner,validation,3825857,date_aware_chronological_inner
4,inner,validation,3825833,date_aware_chronological_inner
4,inner,validation,3825852,date_aware_chronological_inner
4,inner,validation,3825889,date_aware_chronological_inner
4,inner,validation,3825897,date_aware_chronological_inner
4,inner,validation,266557,date_aware_chronological_inner
4,inner,validation,3825834,date_aware_chronological_inner
4,inner,validation,3825835,date_aware_chronological_inner
4,inner,validation,3825836,date_aware_chronological_inner
4,inner,validation,3825906,date_aware_chronological_inner
4,inner,validation,3825837,date_aware_chronological_inner
4,inner,validation,3825862,date_aware_chronological_inner
4,inner,validation,266310,date_aware_chronological_inner
4,inner,validation,3825838,date_aware_chronological_inner
4,inner,validation,3825839,date_aware_chronological_inner
4,inner,validation,3825840,date_aware_chronological_inner
4,inner,validation,3825843,date_aware_chronological_inner
4,inner,validation,3825893,date_aware_chronological_inner
4,inner,validation,3825841,date_aware_chronological_inner
4,inner,validation,3825896,date_aware_chronological_inner
4,inner,validation,3825871,date_aware_chronological_inner
4,inner,validation,265944,date_aware_chronological_inner
4,inner,validation,3825847,date_aware_chronological_inner
4,inner,validation,3825886,date_aware_chronological_inner
4,inner,validation,3825890,date_aware_chronological_inner
4,inner,validation,3825842,date_aware_chronological_inner
4,inner,validation,3825875,date_aware_chronological_inner
4,inner,validation,3825884,date_aware_chronological_inner
4,inner,validation,3825899,date_aware_chronological_inner
4,inner,validation,3825868,date_aware_chronological_inner
4,inner,validation,3825854,date_aware_chronological_inner
4,inner,validation,266986,date_aware_chronological_inner
4,inner,validation,3825859,date_aware_chronological_inner
4,inner,validation,3825864,date_aware_chronological_inner
4,inner,validation,3825845,date_aware_chronological_inner
4,inner,validation,3825870,date_aware_chronological_inner
4,inner,validation,3825873,date_aware_chronological_inner
4,inner,validation,3825894,date_aware_chronological_inner
4,inner,validation,3825855,date_aware_chronological_inner
4,inner,validation,265958,date_aware_chronological_inner
4,inner,validation,3825850,date_aware_chronological_inner
4,inner,validation,3825851,date_aware_chronological_inner
4,inner,validation,3825866,date_aware_chronological_inner
4,inner,validation,3825901,date_aware_chronological_inner
4,inner,validation,3825904,date_aware_chronological_inner
4,inner,validation,3825849,date_aware_chronological_inner
4,inner,validation,3825846,date_aware_chronological_inner
4,inner,validation,3825869,date_aware_chronological_inner
4,inner,validation,3825882,date_aware_chronological_inner
4,inner,validation,3825908,date_aware_chronological_inner
4,inner,validation,267670,date_aware_chronological_inner
4,inner,validation,266892,date_aware_chronological_inner
4,inner,validation,267220,date_aware_chronological_inner
4,inner,validation,266033,date_aware_chronological_inner
4,inner,validation,266989,date_aware_chronological_inner
4,inner,validation,266528,date_aware_chronological_inner
4,inner,validation,267395,date_aware_chronological_inner
4,inner,validation,266731,date_aware_chronological_inner
5,outer,train,68335,rolling_origin_40pct_initial_train
5,outer,train,69179,rolling_origin_40pct_initial_train
5,outer,train,69180,rolling_origin_40pct_initial_train
5,outer,train,69169,rolling_origin_40pct_initial_train
5,outer,train,69148,rolling_origin_40pct_initial_train
5,outer,train,69178,rolling_origin_40pct_initial_train
5,outer,train,68356,rolling_origin_40pct_initial_train
5,outer,train,69173,rolling_origin_40pct_initial_train
5,outer,train,69181,rolling_origin_40pct_initial_train
5,outer,train,69187,rolling_origin_40pct_initial_train
5,outer,train,69146,rolling_origin_40pct_initial_train
5,outer,train,69182,rolling_origin_40pct_initial_train
5,outer,train,68360,rolling_origin_40pct_initial_train
5,outer,train,68365,rolling_origin_40pct_initial_train
5,outer,train,68359,rolling_origin_40pct_initial_train
5,outer,train,69141,rolling_origin_40pct_initial_train
5,outer,train,68361,rolling_origin_40pct_initial_train
5,outer,train,69215,rolling_origin_40pct_initial_train
5,outer,train,69207,rolling_origin_40pct_initial_train
5,outer,train,69211,rolling_origin_40pct_initial_train
5,outer,train,69212,rolling_origin_40pct_initial_train
5,outer,train,69171,rolling_origin_40pct_initial_train
5,outer,train,69149,rolling_origin_40pct_initial_train
5,outer,train,69225,rolling_origin_40pct_initial_train
5,outer,train,69228,rolling_origin_40pct_initial_train
5,outer,train,69230,rolling_origin_40pct_initial_train
5,outer,train,69183,rolling_origin_40pct_initial_train
5,outer,train,69209,rolling_origin_40pct_initial_train
5,outer,train,69195,rolling_origin_40pct_initial_train
5,outer,train,69139,rolling_origin_40pct_initial_train
5,outer,train,69185,rolling_origin_40pct_initial_train
5,outer,train,69216,rolling_origin_40pct_initial_train
5,outer,train,69142,rolling_origin_40pct_initial_train
5,outer,train,69223,rolling_origin_40pct_initial_train
5,outer,train,69251,rolling_origin_40pct_initial_train
5,outer,train,69249,rolling_origin_40pct_initial_train
5,outer,train,69217,rolling_origin_40pct_initial_train
5,outer,train,69229,rolling_origin_40pct_initial_train
5,outer,train,69292,rolling_origin_40pct_initial_train
5,outer,train,69254,rolling_origin_40pct_initial_train
5,outer,train,69255,rolling_origin_40pct_initial_train
5,outer,train,69256,rolling_origin_40pct_initial_train
5,outer,train,69252,rolling_origin_40pct_initial_train
5,outer,train,69253,rolling_origin_40pct_initial_train
5,outer,train,69277,rolling_origin_40pct_initial_train
5,outer,train,69250,rolling_origin_40pct_initial_train
5,outer,train,69288,rolling_origin_40pct_initial_train
5,outer,train,69262,rolling_origin_40pct_initial_train
5,outer,train,69218,rolling_origin_40pct_initial_train
5,outer,train,69243,rolling_origin_40pct_initial_train
5,outer,train,69210,rolling_origin_40pct_initial_train
5,outer,train,69240,rolling_origin_40pct_initial_train
5,outer,train,69237,rolling_origin_40pct_initial_train
5,outer,train,69233,rolling_origin_40pct_initial_train
5,outer,train,69238,rolling_origin_40pct_initial_train
5,outer,train,69226,rolling_origin_40pct_initial_train
5,outer,train,69224,rolling_origin_40pct_initial_train
5,outer,train,69227,rolling_origin_40pct_initial_train
5,outer,train,69257,rolling_origin_40pct_initial_train
5,outer,train,69298,rolling_origin_40pct_initial_train
5,outer,train,69247,rolling_origin_40pct_initial_train
5,outer,train,69259,rolling_origin_40pct_initial_train
5,outer,train,69221,rolling_origin_40pct_initial_train
5,outer,train,69213,rolling_origin_40pct_initial_train
5,outer,train,69244,rolling_origin_40pct_initial_train
5,outer,train,69239,rolling_origin_40pct_initial_train
5,outer,train,69242,rolling_origin_40pct_initial_train
5,outer,train,69286,rolling_origin_40pct_initial_train
5,outer,train,69269,rolling_origin_40pct_initial_train
5,outer,train,69236,rolling_origin_40pct_initial_train
5,outer,train,69260,rolling_origin_40pct_initial_train
5,outer,train,69263,rolling_origin_40pct_initial_train
5,outer,train,69289,rolling_origin_40pct_initial_train
5,outer,train,69270,rolling_origin_40pct_initial_train
5,outer,train,69308,rolling_origin_40pct_initial_train
5,outer,train,69306,rolling_origin_40pct_initial_train
5,outer,train,69299,rolling_origin_40pct_initial_train
5,outer,train,69307,rolling_origin_40pct_initial_train
5,outer,train,69275,rolling_origin_40pct_initial_train
5,outer,train,69280,rolling_origin_40pct_initial_train
5,outer,train,69278,rolling_origin_40pct_initial_train
5,outer,train,69276,rolling_origin_40pct_initial_train
5,outer,train,69248,rolling_origin_40pct_initial_train
5,outer,train,69282,rolling_origin_40pct_initial_train
5,outer,train,69283,rolling_origin_40pct_initial_train
5,outer,train,69274,rolling_origin_40pct_initial_train
5,outer,train,69300,rolling_origin_40pct_initial_train
5,outer,train,69291,rolling_origin_40pct_initial_train
5,outer,train,69303,rolling_origin_40pct_initial_train
5,outer,train,69304,rolling_origin_40pct_initial_train
5,outer,train,69305,rolling_origin_40pct_initial_train
5,outer,train,69245,rolling_origin_40pct_initial_train
5,outer,train,69271,rolling_origin_40pct_initial_train
5,outer,train,69234,rolling_origin_40pct_initial_train
5,outer,train,69272,rolling_origin_40pct_initial_train
5,outer,train,69268,rolling_origin_40pct_initial_train
5,outer,train,69264,rolling_origin_40pct_initial_train
5,outer,train,70220,rolling_origin_40pct_initial_train
5,outer,train,70223,rolling_origin_40pct_initial_train
5,outer,train,69297,rolling_origin_40pct_initial_train
5,outer,train,69265,rolling_origin_40pct_initial_train
5,outer,train,69329,rolling_origin_40pct_initial_train
5,outer,train,69314,rolling_origin_40pct_initial_train
5,outer,train,69330,rolling_origin_40pct_initial_train
5,outer,train,69315,rolling_origin_40pct_initial_train
5,outer,train,69333,rolling_origin_40pct_initial_train
5,outer,train,69334,rolling_origin_40pct_initial_train
5,outer,train,69312,rolling_origin_40pct_initial_train
5,outer,train,69327,rolling_origin_40pct_initial_train
5,outer,train,69335,rolling_origin_40pct_initial_train
5,outer,train,69338,rolling_origin_40pct_initial_train
5,outer,train,69316,rolling_origin_40pct_initial_train
5,outer,train,69336,rolling_origin_40pct_initial_train
5,outer,train,69328,rolling_origin_40pct_initial_train
5,outer,train,69337,rolling_origin_40pct_initial_train
5,outer,train,69326,rolling_origin_40pct_initial_train
5,outer,train,69323,rolling_origin_40pct_initial_train
5,outer,train,69343,rolling_origin_40pct_initial_train
5,outer,train,70221,rolling_origin_40pct_initial_train
5,outer,train,69324,rolling_origin_40pct_initial_train
5,outer,train,69340,rolling_origin_40pct_initial_train
5,outer,train,69320,rolling_origin_40pct_initial_train
5,outer,train,69319,rolling_origin_40pct_initial_train
5,outer,train,70259,rolling_origin_40pct_initial_train
5,outer,train,70262,rolling_origin_40pct_initial_train
5,outer,train,70286,rolling_origin_40pct_initial_train
5,outer,train,70292,rolling_origin_40pct_initial_train
5,outer,train,70275,rolling_origin_40pct_initial_train
5,outer,train,70300,rolling_origin_40pct_initial_train
5,outer,train,70304,rolling_origin_40pct_initial_train
5,outer,train,70280,rolling_origin_40pct_initial_train
5,outer,train,70263,rolling_origin_40pct_initial_train
5,outer,train,70295,rolling_origin_40pct_initial_train
5,outer,train,70296,rolling_origin_40pct_initial_train
5,outer,train,266015,rolling_origin_40pct_initial_train
5,outer,train,266433,rolling_origin_40pct_initial_train
5,outer,train,266827,rolling_origin_40pct_initial_train
5,outer,train,70287,rolling_origin_40pct_initial_train
5,outer,train,70260,rolling_origin_40pct_initial_train
5,outer,train,70282,rolling_origin_40pct_initial_train
5,outer,train,70297,rolling_origin_40pct_initial_train
5,outer,train,70294,rolling_origin_40pct_initial_train
5,outer,train,70271,rolling_origin_40pct_initial_train
5,outer,train,70272,rolling_origin_40pct_initial_train
5,outer,train,70305,rolling_origin_40pct_initial_train
5,outer,train,70307,rolling_origin_40pct_initial_train
5,outer,train,70256,rolling_origin_40pct_initial_train
5,outer,train,267502,rolling_origin_40pct_initial_train
5,outer,train,70281,rolling_origin_40pct_initial_train
5,outer,train,70284,rolling_origin_40pct_initial_train
5,outer,train,70277,rolling_origin_40pct_initial_train
5,outer,train,70298,rolling_origin_40pct_initial_train
5,outer,train,70301,rolling_origin_40pct_initial_train
5,outer,train,70302,rolling_origin_40pct_initial_train
5,outer,train,267520,rolling_origin_40pct_initial_train
5,outer,train,266420,rolling_origin_40pct_initial_train
5,outer,train,266462,rolling_origin_40pct_initial_train
5,outer,train,70293,rolling_origin_40pct_initial_train
5,outer,train,267192,rolling_origin_40pct_initial_train
5,outer,train,70283,rolling_origin_40pct_initial_train
5,outer,train,266883,rolling_origin_40pct_initial_train
5,outer,train,265830,rolling_origin_40pct_initial_train
5,outer,train,70288,rolling_origin_40pct_initial_train
5,outer,train,70291,rolling_origin_40pct_initial_train
5,outer,train,266613,rolling_origin_40pct_initial_train
5,outer,train,267675,rolling_origin_40pct_initial_train
5,outer,train,265918,rolling_origin_40pct_initial_train
5,outer,train,265837,rolling_origin_40pct_initial_train
5,outer,train,266603,rolling_origin_40pct_initial_train
5,outer,train,265857,rolling_origin_40pct_initial_train
5,outer,train,266274,rolling_origin_40pct_initial_train
5,outer,train,70306,rolling_origin_40pct_initial_train
5,outer,train,267368,rolling_origin_40pct_initial_train
5,outer,train,267138,rolling_origin_40pct_initial_train
5,outer,train,267567,rolling_origin_40pct_initial_train
5,outer,train,70289,rolling_origin_40pct_initial_train
5,outer,train,266491,rolling_origin_40pct_initial_train
5,outer,train,266256,rolling_origin_40pct_initial_train
5,outer,train,266406,rolling_origin_40pct_initial_train
5,outer,train,70273,rolling_origin_40pct_initial_train
5,outer,train,266770,rolling_origin_40pct_initial_train
5,outer,train,266838,rolling_origin_40pct_initial_train
5,outer,train,266117,rolling_origin_40pct_initial_train
5,outer,train,267561,rolling_origin_40pct_initial_train
5,outer,train,267085,rolling_origin_40pct_initial_train
5,outer,train,267301,rolling_origin_40pct_initial_train
5,outer,train,265835,rolling_origin_40pct_initial_train
5,outer,train,266560,rolling_origin_40pct_initial_train
5,outer,train,266320,rolling_origin_40pct_initial_train
5,outer,train,70264,rolling_origin_40pct_initial_train
5,outer,train,266240,rolling_origin_40pct_initial_train
5,outer,train,70303,rolling_origin_40pct_initial_train
5,outer,train,266230,rolling_origin_40pct_initial_train
5,outer,train,267597,rolling_origin_40pct_initial_train
5,outer,train,266871,rolling_origin_40pct_initial_train
5,outer,train,266741,rolling_origin_40pct_initial_train
5,outer,train,266148,rolling_origin_40pct_initial_train
5,outer,train,267343,rolling_origin_40pct_initial_train
5,outer,train,266916,rolling_origin_40pct_initial_train
5,outer,train,267183,rolling_origin_40pct_initial_train
5,outer,train,266929,rolling_origin_40pct_initial_train
5,outer,train,266142,rolling_origin_40pct_initial_train
5,outer,train,266525,rolling_origin_40pct_initial_train
5,outer,train,266531,rolling_origin_40pct_initial_train
5,outer,train,265963,rolling_origin_40pct_initial_train
5,outer,train,266045,rolling_origin_40pct_initial_train
5,outer,train,266631,rolling_origin_40pct_initial_train
5,outer,train,267197,rolling_origin_40pct_initial_train
5,outer,train,3825562,rolling_origin_40pct_initial_train
5,outer,train,3825564,rolling_origin_40pct_initial_train
5,outer,train,3825565,rolling_origin_40pct_initial_train
5,outer,train,3825566,rolling_origin_40pct_initial_train
5,outer,train,266236,rolling_origin_40pct_initial_train
5,outer,train,3825567,rolling_origin_40pct_initial_train
5,outer,train,3825568,rolling_origin_40pct_initial_train
5,outer,train,3825569,rolling_origin_40pct_initial_train
5,outer,train,3825571,rolling_origin_40pct_initial_train
5,outer,train,267422,rolling_origin_40pct_initial_train
5,outer,train,3825572,rolling_origin_40pct_initial_train
5,outer,train,3825573,rolling_origin_40pct_initial_train
5,outer,train,3825574,rolling_origin_40pct_initial_train
5,outer,train,3825576,rolling_origin_40pct_initial_train
5,outer,train,3825577,rolling_origin_40pct_initial_train
5,outer,train,3825578,rolling_origin_40pct_initial_train
5,outer,train,3825579,rolling_origin_40pct_initial_train
5,outer,train,3825580,rolling_origin_40pct_initial_train
5,outer,train,266166,rolling_origin_40pct_initial_train
5,outer,train,3825581,rolling_origin_40pct_initial_train
5,outer,train,3825582,rolling_origin_40pct_initial_train
5,outer,train,3825583,rolling_origin_40pct_initial_train
5,outer,train,3825584,rolling_origin_40pct_initial_train
5,outer,train,3825586,rolling_origin_40pct_initial_train
5,outer,train,3825587,rolling_origin_40pct_initial_train
5,outer,train,3825588,rolling_origin_40pct_initial_train
5,outer,train,3825589,rolling_origin_40pct_initial_train
5,outer,train,3825590,rolling_origin_40pct_initial_train
5,outer,train,3825591,rolling_origin_40pct_initial_train
5,outer,train,3825592,rolling_origin_40pct_initial_train
5,outer,train,3825593,rolling_origin_40pct_initial_train
5,outer,train,266490,rolling_origin_40pct_initial_train
5,outer,train,3825594,rolling_origin_40pct_initial_train
5,outer,train,3825595,rolling_origin_40pct_initial_train
5,outer,train,3825596,rolling_origin_40pct_initial_train
5,outer,train,3825597,rolling_origin_40pct_initial_train
5,outer,train,3825598,rolling_origin_40pct_initial_train
5,outer,train,3825599,rolling_origin_40pct_initial_train
5,outer,train,3825892,rolling_origin_40pct_initial_train
5,outer,train,266467,rolling_origin_40pct_initial_train
5,outer,train,3825600,rolling_origin_40pct_initial_train
5,outer,train,3825601,rolling_origin_40pct_initial_train
5,outer,train,3825602,rolling_origin_40pct_initial_train
5,outer,train,3825848,rolling_origin_40pct_initial_train
5,outer,train,3825895,rolling_origin_40pct_initial_train
5,outer,train,3825603,rolling_origin_40pct_initial_train
5,outer,train,3825604,rolling_origin_40pct_initial_train
5,outer,train,267611,rolling_origin_40pct_initial_train
5,outer,train,3825605,rolling_origin_40pct_initial_train
5,outer,train,3825606,rolling_origin_40pct_initial_train
5,outer,train,3825607,rolling_origin_40pct_initial_train
5,outer,train,3825608,rolling_origin_40pct_initial_train
5,outer,train,3825609,rolling_origin_40pct_initial_train
5,outer,train,3825610,rolling_origin_40pct_initial_train
5,outer,train,3825611,rolling_origin_40pct_initial_train
5,outer,train,3825612,rolling_origin_40pct_initial_train
5,outer,train,3825613,rolling_origin_40pct_initial_train
5,outer,train,3825614,rolling_origin_40pct_initial_train
5,outer,train,3825615,rolling_origin_40pct_initial_train
5,outer,train,3825616,rolling_origin_40pct_initial_train
5,outer,train,3825617,rolling_origin_40pct_initial_train
5,outer,train,3825618,rolling_origin_40pct_initial_train
5,outer,train,3825619,rolling_origin_40pct_initial_train
5,outer,train,3825620,rolling_origin_40pct_initial_train
5,outer,train,3825621,rolling_origin_40pct_initial_train
5,outer,train,3825622,rolling_origin_40pct_initial_train
5,outer,train,3825623,rolling_origin_40pct_initial_train
5,outer,train,3825624,rolling_origin_40pct_initial_train
5,outer,train,3825625,rolling_origin_40pct_initial_train
5,outer,train,3825626,rolling_origin_40pct_initial_train
5,outer,train,3825627,rolling_origin_40pct_initial_train
5,outer,train,3825628,rolling_origin_40pct_initial_train
5,outer,train,3825629,rolling_origin_40pct_initial_train
5,outer,train,3825630,rolling_origin_40pct_initial_train
5,outer,train,3825631,rolling_origin_40pct_initial_train
5,outer,train,3825632,rolling_origin_40pct_initial_train
5,outer,train,3825633,rolling_origin_40pct_initial_train
5,outer,train,3825634,rolling_origin_40pct_initial_train
5,outer,train,3825635,rolling_origin_40pct_initial_train
5,outer,train,3825636,rolling_origin_40pct_initial_train
5,outer,train,3825874,rolling_origin_40pct_initial_train
5,outer,train,3825637,rolling_origin_40pct_initial_train
5,outer,train,3825638,rolling_origin_40pct_initial_train
5,outer,train,3825639,rolling_origin_40pct_initial_train
5,outer,train,3825640,rolling_origin_40pct_initial_train
5,outer,train,3825641,rolling_origin_40pct_initial_train
5,outer,train,3825642,rolling_origin_40pct_initial_train
5,outer,train,3825643,rolling_origin_40pct_initial_train
5,outer,train,3825644,rolling_origin_40pct_initial_train
5,outer,train,3825645,rolling_origin_40pct_initial_train
5,outer,train,3825646,rolling_origin_40pct_initial_train
5,outer,train,3825647,rolling_origin_40pct_initial_train
5,outer,train,3825648,rolling_origin_40pct_initial_train
5,outer,train,3825649,rolling_origin_40pct_initial_train
5,outer,train,3825650,rolling_origin_40pct_initial_train
5,outer,train,3825651,rolling_origin_40pct_initial_train
5,outer,train,3825652,rolling_origin_40pct_initial_train
5,outer,train,3825653,rolling_origin_40pct_initial_train
5,outer,train,3825654,rolling_origin_40pct_initial_train
5,outer,train,3825655,rolling_origin_40pct_initial_train
5,outer,train,3825656,rolling_origin_40pct_initial_train
5,outer,train,3825657,rolling_origin_40pct_initial_train
5,outer,train,3825658,rolling_origin_40pct_initial_train
5,outer,train,3825659,rolling_origin_40pct_initial_train
5,outer,train,3825660,rolling_origin_40pct_initial_train
5,outer,train,3825661,rolling_origin_40pct_initial_train
5,outer,train,266424,rolling_origin_40pct_initial_train
5,outer,train,3825662,rolling_origin_40pct_initial_train
5,outer,train,3825663,rolling_origin_40pct_initial_train
5,outer,train,3825664,rolling_origin_40pct_initial_train
5,outer,train,3825888,rolling_origin_40pct_initial_train
5,outer,train,3825665,rolling_origin_40pct_initial_train
5,outer,train,3825666,rolling_origin_40pct_initial_train
5,outer,train,3825667,rolling_origin_40pct_initial_train
5,outer,train,3825668,rolling_origin_40pct_initial_train
5,outer,train,3825669,rolling_origin_40pct_initial_train
5,outer,train,3825670,rolling_origin_40pct_initial_train
5,outer,train,266885,rolling_origin_40pct_initial_train
5,outer,train,3825671,rolling_origin_40pct_initial_train
5,outer,train,3825672,rolling_origin_40pct_initial_train
5,outer,train,3825673,rolling_origin_40pct_initial_train
5,outer,train,3825674,rolling_origin_40pct_initial_train
5,outer,train,3825675,rolling_origin_40pct_initial_train
5,outer,train,3825676,rolling_origin_40pct_initial_train
5,outer,train,3825677,rolling_origin_40pct_initial_train
5,outer,train,3825678,rolling_origin_40pct_initial_train
5,outer,train,267274,rolling_origin_40pct_initial_train
5,outer,train,3825679,rolling_origin_40pct_initial_train
5,outer,train,3825680,rolling_origin_40pct_initial_train
5,outer,train,3825681,rolling_origin_40pct_initial_train
5,outer,train,3825682,rolling_origin_40pct_initial_train
5,outer,train,3825683,rolling_origin_40pct_initial_train
5,outer,train,3825684,rolling_origin_40pct_initial_train
5,outer,train,3825685,rolling_origin_40pct_initial_train
5,outer,train,3825686,rolling_origin_40pct_initial_train
5,outer,train,3825687,rolling_origin_40pct_initial_train
5,outer,train,3825688,rolling_origin_40pct_initial_train
5,outer,train,266961,rolling_origin_40pct_initial_train
5,outer,train,3825689,rolling_origin_40pct_initial_train
5,outer,train,3825690,rolling_origin_40pct_initial_train
5,outer,train,3825691,rolling_origin_40pct_initial_train
5,outer,train,3825692,rolling_origin_40pct_initial_train
5,outer,train,3825693,rolling_origin_40pct_initial_train
5,outer,train,3825694,rolling_origin_40pct_initial_train
5,outer,train,3825695,rolling_origin_40pct_initial_train
5,outer,train,3825696,rolling_origin_40pct_initial_train
5,outer,train,3825697,rolling_origin_40pct_initial_train
5,outer,train,3825698,rolling_origin_40pct_initial_train
5,outer,train,3825699,rolling_origin_40pct_initial_train
5,outer,train,3825891,rolling_origin_40pct_initial_train
5,outer,train,3825700,rolling_origin_40pct_initial_train
5,outer,train,3825701,rolling_origin_40pct_initial_train
5,outer,train,3825702,rolling_origin_40pct_initial_train
5,outer,train,3825703,rolling_origin_40pct_initial_train
5,outer,train,3825704,rolling_origin_40pct_initial_train
5,outer,train,267327,rolling_origin_40pct_initial_train
5,outer,train,3825705,rolling_origin_40pct_initial_train
5,outer,train,3825706,rolling_origin_40pct_initial_train
5,outer,train,3825707,rolling_origin_40pct_initial_train
5,outer,train,3825708,rolling_origin_40pct_initial_train
5,outer,train,3825709,rolling_origin_40pct_initial_train
5,outer,train,3825710,rolling_origin_40pct_initial_train
5,outer,train,3825711,rolling_origin_40pct_initial_train
5,outer,train,3825712,rolling_origin_40pct_initial_train
5,outer,train,3825713,rolling_origin_40pct_initial_train
5,outer,train,266670,rolling_origin_40pct_initial_train
5,outer,train,3825714,rolling_origin_40pct_initial_train
5,outer,train,3825715,rolling_origin_40pct_initial_train
5,outer,train,3825716,rolling_origin_40pct_initial_train
5,outer,train,3825717,rolling_origin_40pct_initial_train
5,outer,train,3825718,rolling_origin_40pct_initial_train
5,outer,train,3825719,rolling_origin_40pct_initial_train
5,outer,train,3825720,rolling_origin_40pct_initial_train
5,outer,train,3825721,rolling_origin_40pct_initial_train
5,outer,train,3825722,rolling_origin_40pct_initial_train
5,outer,train,266620,rolling_origin_40pct_initial_train
5,outer,train,3825723,rolling_origin_40pct_initial_train
5,outer,train,3825724,rolling_origin_40pct_initial_train
5,outer,train,3825725,rolling_origin_40pct_initial_train
5,outer,train,3825726,rolling_origin_40pct_initial_train
5,outer,train,3825727,rolling_origin_40pct_initial_train
5,outer,train,3825728,rolling_origin_40pct_initial_train
5,outer,train,3825729,rolling_origin_40pct_initial_train
5,outer,train,3825730,rolling_origin_40pct_initial_train
5,outer,train,3825731,rolling_origin_40pct_initial_train
5,outer,train,3825732,rolling_origin_40pct_initial_train
5,outer,train,3825733,rolling_origin_40pct_initial_train
5,outer,train,3825734,rolling_origin_40pct_initial_train
5,outer,train,3825735,rolling_origin_40pct_initial_train
5,outer,train,266149,rolling_origin_40pct_initial_train
5,outer,train,3825736,rolling_origin_40pct_initial_train
5,outer,train,3825737,rolling_origin_40pct_initial_train
5,outer,train,3825738,rolling_origin_40pct_initial_train
5,outer,train,3825739,rolling_origin_40pct_initial_train
5,outer,train,3825740,rolling_origin_40pct_initial_train
5,outer,train,3825741,rolling_origin_40pct_initial_train
5,outer,train,265894,rolling_origin_40pct_initial_train
5,outer,train,3825742,rolling_origin_40pct_initial_train
5,outer,train,3825743,rolling_origin_40pct_initial_train
5,outer,train,3825744,rolling_origin_40pct_initial_train
5,outer,train,3825745,rolling_origin_40pct_initial_train
5,outer,train,3825746,rolling_origin_40pct_initial_train
5,outer,train,3825747,rolling_origin_40pct_initial_train
5,outer,train,3825748,rolling_origin_40pct_initial_train
5,outer,train,3825749,rolling_origin_40pct_initial_train
5,outer,train,267576,rolling_origin_40pct_initial_train
5,outer,train,3825750,rolling_origin_40pct_initial_train
5,outer,train,3825751,rolling_origin_40pct_initial_train
5,outer,train,3825752,rolling_origin_40pct_initial_train
5,outer,train,3825753,rolling_origin_40pct_initial_train
5,outer,train,3825754,rolling_origin_40pct_initial_train
5,outer,train,3825755,rolling_origin_40pct_initial_train
5,outer,train,3825756,rolling_origin_40pct_initial_train
5,outer,train,3825757,rolling_origin_40pct_initial_train
5,outer,train,3825758,rolling_origin_40pct_initial_train
5,outer,train,3825759,rolling_origin_40pct_initial_train
5,outer,train,3825760,rolling_origin_40pct_initial_train
5,outer,train,3825761,rolling_origin_40pct_initial_train
5,outer,train,3825762,rolling_origin_40pct_initial_train
5,outer,train,3825763,rolling_origin_40pct_initial_train
5,outer,train,266160,rolling_origin_40pct_initial_train
5,outer,train,3825764,rolling_origin_40pct_initial_train
5,outer,train,3825765,rolling_origin_40pct_initial_train
5,outer,train,3825766,rolling_origin_40pct_initial_train
5,outer,train,3825767,rolling_origin_40pct_initial_train
5,outer,train,3825768,rolling_origin_40pct_initial_train
5,outer,train,3825769,rolling_origin_40pct_initial_train
5,outer,train,3825770,rolling_origin_40pct_initial_train
5,outer,train,3825771,rolling_origin_40pct_initial_train
5,outer,train,3825772,rolling_origin_40pct_initial_train
5,outer,train,266254,rolling_origin_40pct_initial_train
5,outer,train,3825773,rolling_origin_40pct_initial_train
5,outer,train,3825774,rolling_origin_40pct_initial_train
5,outer,train,3825775,rolling_origin_40pct_initial_train
5,outer,train,3825776,rolling_origin_40pct_initial_train
5,outer,train,266815,rolling_origin_40pct_initial_train
5,outer,train,3825777,rolling_origin_40pct_initial_train
5,outer,train,267273,rolling_origin_40pct_initial_train
5,outer,train,3825778,rolling_origin_40pct_initial_train
5,outer,train,3825779,rolling_origin_40pct_initial_train
5,outer,train,3825780,rolling_origin_40pct_initial_train
5,outer,train,3825781,rolling_origin_40pct_initial_train
5,outer,train,3825782,rolling_origin_40pct_initial_train
5,outer,train,3825783,rolling_origin_40pct_initial_train
5,outer,train,3825784,rolling_origin_40pct_initial_train
5,outer,train,3825785,rolling_origin_40pct_initial_train
5,outer,train,3825786,rolling_origin_40pct_initial_train
5,outer,train,3825787,rolling_origin_40pct_initial_train
5,outer,train,3825788,rolling_origin_40pct_initial_train
5,outer,train,3825789,rolling_origin_40pct_initial_train
5,outer,train,3825790,rolling_origin_40pct_initial_train
5,outer,train,3825791,rolling_origin_40pct_initial_train
5,outer,train,265839,rolling_origin_40pct_initial_train
5,outer,train,3825792,rolling_origin_40pct_initial_train
5,outer,train,3825793,rolling_origin_40pct_initial_train
5,outer,train,3825794,rolling_origin_40pct_initial_train
5,outer,train,3825795,rolling_origin_40pct_initial_train
5,outer,train,3825796,rolling_origin_40pct_initial_train
5,outer,train,3825797,rolling_origin_40pct_initial_train
5,outer,train,3825798,rolling_origin_40pct_initial_train
5,outer,train,3825799,rolling_origin_40pct_initial_train
5,outer,train,3825800,rolling_origin_40pct_initial_train
5,outer,train,3825801,rolling_origin_40pct_initial_train
5,outer,train,266653,rolling_origin_40pct_initial_train
5,outer,train,3825802,rolling_origin_40pct_initial_train
5,outer,train,3825803,rolling_origin_40pct_initial_train
5,outer,train,3825804,rolling_origin_40pct_initial_train
5,outer,train,3825805,rolling_origin_40pct_initial_train
5,outer,train,3825806,rolling_origin_40pct_initial_train
5,outer,train,3825867,rolling_origin_40pct_initial_train
5,outer,train,266056,rolling_origin_40pct_initial_train
5,outer,train,3825807,rolling_origin_40pct_initial_train
5,outer,train,3825808,rolling_origin_40pct_initial_train
5,outer,train,3825809,rolling_origin_40pct_initial_train
5,outer,train,3825810,rolling_origin_40pct_initial_train
5,outer,train,3825811,rolling_origin_40pct_initial_train
5,outer,train,3825812,rolling_origin_40pct_initial_train
5,outer,train,266498,rolling_origin_40pct_initial_train
5,outer,train,3825813,rolling_origin_40pct_initial_train
5,outer,train,3825814,rolling_origin_40pct_initial_train
5,outer,train,3825858,rolling_origin_40pct_initial_train
5,outer,train,3825815,rolling_origin_40pct_initial_train
5,outer,train,3825816,rolling_origin_40pct_initial_train
5,outer,train,3825844,rolling_origin_40pct_initial_train
5,outer,train,3825879,rolling_origin_40pct_initial_train
5,outer,train,3825881,rolling_origin_40pct_initial_train
5,outer,train,3825817,rolling_origin_40pct_initial_train
5,outer,train,3825818,rolling_origin_40pct_initial_train
5,outer,train,3825880,rolling_origin_40pct_initial_train
5,outer,train,3825887,rolling_origin_40pct_initial_train
5,outer,train,3825903,rolling_origin_40pct_initial_train
5,outer,train,3825907,rolling_origin_40pct_initial_train
5,outer,train,266106,rolling_origin_40pct_initial_train
5,outer,train,3825819,rolling_origin_40pct_initial_train
5,outer,train,3825820,rolling_origin_40pct_initial_train
5,outer,train,3825821,rolling_origin_40pct_initial_train
5,outer,train,3825885,rolling_origin_40pct_initial_train
5,outer,train,267533,rolling_origin_40pct_initial_train
5,outer,train,3825822,rolling_origin_40pct_initial_train
5,outer,train,3825872,rolling_origin_40pct_initial_train
5,outer,train,3825898,rolling_origin_40pct_initial_train
5,outer,train,3825823,rolling_origin_40pct_initial_train
5,outer,train,3825824,rolling_origin_40pct_initial_train
5,outer,train,3825877,rolling_origin_40pct_initial_train
5,outer,train,3825905,rolling_origin_40pct_initial_train
5,outer,train,3825825,rolling_origin_40pct_initial_train
5,outer,train,3825826,rolling_origin_40pct_initial_train
5,outer,train,266664,rolling_origin_40pct_initial_train
5,outer,train,3825827,rolling_origin_40pct_initial_train
5,outer,train,3825828,rolling_origin_40pct_initial_train
5,outer,train,3825856,rolling_origin_40pct_initial_train
5,outer,train,3825829,rolling_origin_40pct_initial_train
5,outer,train,3825830,rolling_origin_40pct_initial_train
5,outer,train,3825831,rolling_origin_40pct_initial_train
5,outer,train,3825832,rolling_origin_40pct_initial_train
5,outer,train,3825863,rolling_origin_40pct_initial_train
5,outer,train,3825857,rolling_origin_40pct_initial_train
5,outer,train,3825833,rolling_origin_40pct_initial_train
5,outer,train,3825852,rolling_origin_40pct_initial_train
5,outer,train,3825889,rolling_origin_40pct_initial_train
5,outer,train,3825897,rolling_origin_40pct_initial_train
5,outer,train,266557,rolling_origin_40pct_initial_train
5,outer,train,3825834,rolling_origin_40pct_initial_train
5,outer,train,3825835,rolling_origin_40pct_initial_train
5,outer,train,3825836,rolling_origin_40pct_initial_train
5,outer,train,3825906,rolling_origin_40pct_initial_train
5,outer,train,3825837,rolling_origin_40pct_initial_train
5,outer,train,3825862,rolling_origin_40pct_initial_train
5,outer,train,266310,rolling_origin_40pct_initial_train
5,outer,train,3825838,rolling_origin_40pct_initial_train
5,outer,train,3825839,rolling_origin_40pct_initial_train
5,outer,train,3825840,rolling_origin_40pct_initial_train
5,outer,train,3825843,rolling_origin_40pct_initial_train
5,outer,train,3825893,rolling_origin_40pct_initial_train
5,outer,train,3825841,rolling_origin_40pct_initial_train
5,outer,train,3825896,rolling_origin_40pct_initial_train
5,outer,train,3825871,rolling_origin_40pct_initial_train
5,outer,train,265944,rolling_origin_40pct_initial_train
5,outer,train,3825847,rolling_origin_40pct_initial_train
5,outer,train,3825886,rolling_origin_40pct_initial_train
5,outer,train,3825890,rolling_origin_40pct_initial_train
5,outer,train,3825842,rolling_origin_40pct_initial_train
5,outer,train,3825875,rolling_origin_40pct_initial_train
5,outer,train,3825884,rolling_origin_40pct_initial_train
5,outer,train,3825899,rolling_origin_40pct_initial_train
5,outer,train,3825868,rolling_origin_40pct_initial_train
5,outer,train,3825854,rolling_origin_40pct_initial_train
5,outer,train,266986,rolling_origin_40pct_initial_train
5,outer,train,3825859,rolling_origin_40pct_initial_train
5,outer,train,3825864,rolling_origin_40pct_initial_train
5,outer,train,3825878,rolling_origin_40pct_initial_train
5,outer,train,3825845,rolling_origin_40pct_initial_train
5,outer,train,3825870,rolling_origin_40pct_initial_train
5,outer,train,3825873,rolling_origin_40pct_initial_train
5,outer,train,3825894,rolling_origin_40pct_initial_train
5,outer,train,3825855,rolling_origin_40pct_initial_train
5,outer,train,265958,rolling_origin_40pct_initial_train
5,outer,train,3825850,rolling_origin_40pct_initial_train
5,outer,train,3825851,rolling_origin_40pct_initial_train
5,outer,train,3825853,rolling_origin_40pct_initial_train
5,outer,train,3825860,rolling_origin_40pct_initial_train
5,outer,train,3825866,rolling_origin_40pct_initial_train
5,outer,train,3825901,rolling_origin_40pct_initial_train
5,outer,train,3825904,rolling_origin_40pct_initial_train
5,outer,train,3825849,rolling_origin_40pct_initial_train
5,outer,train,3825846,rolling_origin_40pct_initial_train
5,outer,train,3825869,rolling_origin_40pct_initial_train
5,outer,train,3825882,rolling_origin_40pct_initial_train
5,outer,train,3825876,rolling_origin_40pct_initial_train
5,outer,train,3825908,rolling_origin_40pct_initial_train
5,outer,train,267670,rolling_origin_40pct_initial_train
5,outer,train,266892,rolling_origin_40pct_initial_train
5,outer,train,267220,rolling_origin_40pct_initial_train
5,outer,train,267492,rolling_origin_40pct_initial_train
5,outer,train,266033,rolling_origin_40pct_initial_train
5,outer,train,266989,rolling_origin_40pct_initial_train
5,outer,train,266191,rolling_origin_40pct_initial_train
5,outer,train,267076,rolling_origin_40pct_initial_train
5,outer,train,266528,rolling_origin_40pct_initial_train
5,outer,train,266477,rolling_origin_40pct_initial_train
5,outer,train,267395,rolling_origin_40pct_initial_train
5,outer,train,266731,rolling_origin_40pct_initial_train
5,outer,train,266516,rolling_origin_40pct_initial_train
5,outer,train,266874,rolling_origin_40pct_initial_train
5,outer,train,267464,rolling_origin_40pct_initial_train
5,outer,train,266299,rolling_origin_40pct_initial_train
5,outer,train,266440,rolling_origin_40pct_initial_train
5,outer,train,266280,rolling_origin_40pct_initial_train
5,outer,train,267373,rolling_origin_40pct_initial_train
5,outer,train,267569,rolling_origin_40pct_initial_train
5,outer,train,267077,rolling_origin_40pct_initial_train
5,outer,train,266952,rolling_origin_40pct_initial_train
5,outer,train,267432,rolling_origin_40pct_initial_train
5,outer,train,9575,rolling_origin_40pct_initial_train
5,outer,train,9581,rolling_origin_40pct_initial_train
5,outer,train,9592,rolling_origin_40pct_initial_train
5,outer,train,9602,rolling_origin_40pct_initial_train
5,outer,train,9609,rolling_origin_40pct_initial_train
5,outer,train,9642,rolling_origin_40pct_initial_train
5,outer,train,9661,rolling_origin_40pct_initial_train
5,outer,train,9673,rolling_origin_40pct_initial_train
5,outer,train,9695,rolling_origin_40pct_initial_train
5,outer,train,9700,rolling_origin_40pct_initial_train
5,outer,train,9717,rolling_origin_40pct_initial_train
5,outer,train,9736,rolling_origin_40pct_initial_train
5,outer,train,9742,rolling_origin_40pct_initial_train
5,outer,train,9754,rolling_origin_40pct_initial_train
5,outer,train,9774,rolling_origin_40pct_initial_train
5,outer,train,9783,rolling_origin_40pct_initial_train
5,outer,train,9799,rolling_origin_40pct_initial_train
5,outer,train,9837,rolling_origin_40pct_initial_train
5,outer,train,9860,rolling_origin_40pct_initial_train
5,outer,train,9870,rolling_origin_40pct_initial_train
5,outer,train,9928,rolling_origin_40pct_initial_train
5,outer,train,9948,rolling_origin_40pct_initial_train
5,outer,test,303610,rolling_origin_40pct_initial_train
5,outer,test,303400,rolling_origin_40pct_initial_train
5,outer,test,303682,rolling_origin_40pct_initial_train
5,outer,test,303707,rolling_origin_40pct_initial_train
5,outer,test,303377,rolling_origin_40pct_initial_train
5,outer,test,303731,rolling_origin_40pct_initial_train
5,outer,test,303470,rolling_origin_40pct_initial_train
5,outer,test,303479,rolling_origin_40pct_initial_train
5,outer,test,303548,rolling_origin_40pct_initial_train
5,outer,test,303532,rolling_origin_40pct_initial_train
5,outer,test,303674,rolling_origin_40pct_initial_train
5,outer,test,303493,rolling_origin_40pct_initial_train
5,outer,test,303516,rolling_origin_40pct_initial_train
5,outer,test,303696,rolling_origin_40pct_initial_train
5,outer,test,303725,rolling_origin_40pct_initial_train
5,outer,test,303615,rolling_origin_40pct_initial_train
5,outer,test,303680,rolling_origin_40pct_initial_train
5,outer,test,303634,rolling_origin_40pct_initial_train
5,outer,test,303421,rolling_origin_40pct_initial_train
5,outer,test,3773593,rolling_origin_40pct_initial_train
5,outer,test,3773466,rolling_origin_40pct_initial_train
5,outer,test,3773672,rolling_origin_40pct_initial_train
5,outer,test,3773587,rolling_origin_40pct_initial_train
5,outer,test,3773585,rolling_origin_40pct_initial_train
5,outer,test,3773386,rolling_origin_40pct_initial_train
5,outer,test,3773477,rolling_origin_40pct_initial_train
5,outer,test,3773656,rolling_origin_40pct_initial_train
5,outer,test,3773547,rolling_origin_40pct_initial_train
5,outer,test,3773660,rolling_origin_40pct_initial_train
5,outer,test,3773523,rolling_origin_40pct_initial_train
5,outer,test,3773377,rolling_origin_40pct_initial_train
5,outer,test,3773571,rolling_origin_40pct_initial_train
5,outer,test,3764661,rolling_origin_40pct_initial_train
5,outer,test,3773565,rolling_origin_40pct_initial_train
5,outer,test,3773403,rolling_origin_40pct_initial_train
5,outer,test,3773631,rolling_origin_40pct_initial_train
5,outer,test,3773526,rolling_origin_40pct_initial_train
5,outer,test,3764440,rolling_origin_40pct_initial_train
5,outer,test,3773625,rolling_origin_40pct_initial_train
5,outer,test,3773665,rolling_origin_40pct_initial_train
5,outer,test,3773597,rolling_origin_40pct_initial_train
5,outer,test,3773474,rolling_origin_40pct_initial_train
5,outer,test,3773497,rolling_origin_40pct_initial_train
5,outer,test,3773661,rolling_origin_40pct_initial_train
5,outer,test,3773689,rolling_origin_40pct_initial_train
5,outer,test,3773586,rolling_origin_40pct_initial_train
5,outer,test,3773695,rolling_origin_40pct_initial_train
5,outer,test,3773372,rolling_origin_40pct_initial_train
5,outer,test,3773387,rolling_origin_40pct_initial_train
5,outer,test,3773457,rolling_origin_40pct_initial_train
5,inner,train,68335,date_aware_chronological_inner
5,inner,train,69179,date_aware_chronological_inner
5,inner,train,69180,date_aware_chronological_inner
5,inner,train,69169,date_aware_chronological_inner
5,inner,train,69148,date_aware_chronological_inner
5,inner,train,69178,date_aware_chronological_inner
5,inner,train,68356,date_aware_chronological_inner
5,inner,train,69173,date_aware_chronological_inner
5,inner,train,69181,date_aware_chronological_inner
5,inner,train,69187,date_aware_chronological_inner
5,inner,train,69146,date_aware_chronological_inner
5,inner,train,69182,date_aware_chronological_inner
5,inner,train,68360,date_aware_chronological_inner
5,inner,train,68365,date_aware_chronological_inner
5,inner,train,68359,date_aware_chronological_inner
5,inner,train,69141,date_aware_chronological_inner
5,inner,train,68361,date_aware_chronological_inner
5,inner,train,69215,date_aware_chronological_inner
5,inner,train,69207,date_aware_chronological_inner
5,inner,train,69211,date_aware_chronological_inner
5,inner,train,69212,date_aware_chronological_inner
5,inner,train,69171,date_aware_chronological_inner
5,inner,train,69149,date_aware_chronological_inner
5,inner,train,69225,date_aware_chronological_inner
5,inner,train,69228,date_aware_chronological_inner
5,inner,train,69230,date_aware_chronological_inner
5,inner,train,69183,date_aware_chronological_inner
5,inner,train,69209,date_aware_chronological_inner
5,inner,train,69195,date_aware_chronological_inner
5,inner,train,69139,date_aware_chronological_inner
5,inner,train,69185,date_aware_chronological_inner
5,inner,train,69216,date_aware_chronological_inner
5,inner,train,69142,date_aware_chronological_inner
5,inner,train,69223,date_aware_chronological_inner
5,inner,train,69251,date_aware_chronological_inner
5,inner,train,69249,date_aware_chronological_inner
5,inner,train,69217,date_aware_chronological_inner
5,inner,train,69229,date_aware_chronological_inner
5,inner,train,69292,date_aware_chronological_inner
5,inner,train,69255,date_aware_chronological_inner
5,inner,train,69256,date_aware_chronological_inner
5,inner,train,69252,date_aware_chronological_inner
5,inner,train,69253,date_aware_chronological_inner
5,inner,train,69277,date_aware_chronological_inner
5,inner,train,69250,date_aware_chronological_inner
5,inner,train,69288,date_aware_chronological_inner
5,inner,train,69262,date_aware_chronological_inner
5,inner,train,69218,date_aware_chronological_inner
5,inner,train,69243,date_aware_chronological_inner
5,inner,train,69210,date_aware_chronological_inner
5,inner,train,69240,date_aware_chronological_inner
5,inner,train,69237,date_aware_chronological_inner
5,inner,train,69238,date_aware_chronological_inner
5,inner,train,69226,date_aware_chronological_inner
5,inner,train,69224,date_aware_chronological_inner
5,inner,train,69257,date_aware_chronological_inner
5,inner,train,69298,date_aware_chronological_inner
5,inner,train,69247,date_aware_chronological_inner
5,inner,train,69259,date_aware_chronological_inner
5,inner,train,69221,date_aware_chronological_inner
5,inner,train,69213,date_aware_chronological_inner
5,inner,train,69244,date_aware_chronological_inner
5,inner,train,69239,date_aware_chronological_inner
5,inner,train,69269,date_aware_chronological_inner
5,inner,train,69260,date_aware_chronological_inner
5,inner,train,69289,date_aware_chronological_inner
5,inner,train,69270,date_aware_chronological_inner
5,inner,train,69308,date_aware_chronological_inner
5,inner,train,69299,date_aware_chronological_inner
5,inner,train,69307,date_aware_chronological_inner
5,inner,train,69275,date_aware_chronological_inner
5,inner,train,69280,date_aware_chronological_inner
5,inner,train,69278,date_aware_chronological_inner
5,inner,train,69276,date_aware_chronological_inner
5,inner,train,69248,date_aware_chronological_inner
5,inner,train,69282,date_aware_chronological_inner
5,inner,train,69274,date_aware_chronological_inner
5,inner,train,69291,date_aware_chronological_inner
5,inner,train,69303,date_aware_chronological_inner
5,inner,train,69304,date_aware_chronological_inner
5,inner,train,69245,date_aware_chronological_inner
5,inner,train,69271,date_aware_chronological_inner
5,inner,train,69234,date_aware_chronological_inner
5,inner,train,69272,date_aware_chronological_inner
5,inner,train,69268,date_aware_chronological_inner
5,inner,train,69264,date_aware_chronological_inner
5,inner,train,70220,date_aware_chronological_inner
5,inner,train,70223,date_aware_chronological_inner
5,inner,train,69297,date_aware_chronological_inner
5,inner,train,69265,date_aware_chronological_inner
5,inner,train,69329,date_aware_chronological_inner
5,inner,train,69330,date_aware_chronological_inner
5,inner,train,69315,date_aware_chronological_inner
5,inner,train,69333,date_aware_chronological_inner
5,inner,train,69334,date_aware_chronological_inner
5,inner,train,69312,date_aware_chronological_inner
5,inner,train,69327,date_aware_chronological_inner
5,inner,train,69335,date_aware_chronological_inner
5,inner,train,69338,date_aware_chronological_inner
5,inner,train,69316,date_aware_chronological_inner
5,inner,train,69336,date_aware_chronological_inner
5,inner,train,69328,date_aware_chronological_inner
5,inner,train,69337,date_aware_chronological_inner
5,inner,train,69326,date_aware_chronological_inner
5,inner,train,69323,date_aware_chronological_inner
5,inner,train,69343,date_aware_chronological_inner
5,inner,train,70221,date_aware_chronological_inner
5,inner,train,69324,date_aware_chronological_inner
5,inner,train,69340,date_aware_chronological_inner
5,inner,train,69320,date_aware_chronological_inner
5,inner,train,69319,date_aware_chronological_inner
5,inner,train,70259,date_aware_chronological_inner
5,inner,train,70286,date_aware_chronological_inner
5,inner,train,70292,date_aware_chronological_inner
5,inner,train,70275,date_aware_chronological_inner
5,inner,train,70300,date_aware_chronological_inner
5,inner,train,70304,date_aware_chronological_inner
5,inner,train,70280,date_aware_chronological_inner
5,inner,train,70263,date_aware_chronological_inner
5,inner,train,70295,date_aware_chronological_inner
5,inner,train,70296,date_aware_chronological_inner
5,inner,train,266433,date_aware_chronological_inner
5,inner,train,266827,date_aware_chronological_inner
5,inner,train,70287,date_aware_chronological_inner
5,inner,train,70282,date_aware_chronological_inner
5,inner,train,70297,date_aware_chronological_inner
5,inner,train,70294,date_aware_chronological_inner
5,inner,train,70271,date_aware_chronological_inner
5,inner,train,70272,date_aware_chronological_inner
5,inner,train,70305,date_aware_chronological_inner
5,inner,train,70307,date_aware_chronological_inner
5,inner,train,70256,date_aware_chronological_inner
5,inner,train,267502,date_aware_chronological_inner
5,inner,train,70281,date_aware_chronological_inner
5,inner,train,70284,date_aware_chronological_inner
5,inner,train,70277,date_aware_chronological_inner
5,inner,train,70298,date_aware_chronological_inner
5,inner,train,70301,date_aware_chronological_inner
5,inner,train,70302,date_aware_chronological_inner
5,inner,train,267520,date_aware_chronological_inner
5,inner,train,70293,date_aware_chronological_inner
5,inner,train,267192,date_aware_chronological_inner
5,inner,train,70283,date_aware_chronological_inner
5,inner,train,266883,date_aware_chronological_inner
5,inner,train,265830,date_aware_chronological_inner
5,inner,train,70288,date_aware_chronological_inner
5,inner,train,70291,date_aware_chronological_inner
5,inner,train,266613,date_aware_chronological_inner
5,inner,train,267675,date_aware_chronological_inner
5,inner,train,265918,date_aware_chronological_inner
5,inner,train,265837,date_aware_chronological_inner
5,inner,train,265857,date_aware_chronological_inner
5,inner,train,266274,date_aware_chronological_inner
5,inner,train,70306,date_aware_chronological_inner
5,inner,train,267368,date_aware_chronological_inner
5,inner,train,267138,date_aware_chronological_inner
5,inner,train,267567,date_aware_chronological_inner
5,inner,train,70289,date_aware_chronological_inner
5,inner,train,266491,date_aware_chronological_inner
5,inner,train,266256,date_aware_chronological_inner
5,inner,train,266406,date_aware_chronological_inner
5,inner,train,70273,date_aware_chronological_inner
5,inner,train,266770,date_aware_chronological_inner
5,inner,train,266838,date_aware_chronological_inner
5,inner,train,266117,date_aware_chronological_inner
5,inner,train,267561,date_aware_chronological_inner
5,inner,train,267085,date_aware_chronological_inner
5,inner,train,267301,date_aware_chronological_inner
5,inner,train,265835,date_aware_chronological_inner
5,inner,train,266560,date_aware_chronological_inner
5,inner,train,266320,date_aware_chronological_inner
5,inner,train,70264,date_aware_chronological_inner
5,inner,train,266240,date_aware_chronological_inner
5,inner,train,70303,date_aware_chronological_inner
5,inner,train,266230,date_aware_chronological_inner
5,inner,train,267597,date_aware_chronological_inner
5,inner,train,266871,date_aware_chronological_inner
5,inner,train,266741,date_aware_chronological_inner
5,inner,train,266148,date_aware_chronological_inner
5,inner,train,267343,date_aware_chronological_inner
5,inner,train,266916,date_aware_chronological_inner
5,inner,train,267183,date_aware_chronological_inner
5,inner,train,266929,date_aware_chronological_inner
5,inner,train,266142,date_aware_chronological_inner
5,inner,train,266525,date_aware_chronological_inner
5,inner,train,266531,date_aware_chronological_inner
5,inner,train,265963,date_aware_chronological_inner
5,inner,train,266045,date_aware_chronological_inner
5,inner,train,266631,date_aware_chronological_inner
5,inner,train,267197,date_aware_chronological_inner
5,inner,train,3825562,date_aware_chronological_inner
5,inner,train,3825564,date_aware_chronological_inner
5,inner,train,3825565,date_aware_chronological_inner
5,inner,train,3825566,date_aware_chronological_inner
5,inner,train,266236,date_aware_chronological_inner
5,inner,train,3825567,date_aware_chronological_inner
5,inner,train,3825568,date_aware_chronological_inner
5,inner,train,3825569,date_aware_chronological_inner
5,inner,train,3825571,date_aware_chronological_inner
5,inner,train,267422,date_aware_chronological_inner
5,inner,train,3825572,date_aware_chronological_inner
5,inner,train,3825573,date_aware_chronological_inner
5,inner,train,3825574,date_aware_chronological_inner
5,inner,train,3825576,date_aware_chronological_inner
5,inner,train,3825577,date_aware_chronological_inner
5,inner,train,3825578,date_aware_chronological_inner
5,inner,train,3825579,date_aware_chronological_inner
5,inner,train,3825580,date_aware_chronological_inner
5,inner,train,266166,date_aware_chronological_inner
5,inner,train,3825581,date_aware_chronological_inner
5,inner,train,3825582,date_aware_chronological_inner
5,inner,train,3825583,date_aware_chronological_inner
5,inner,train,3825584,date_aware_chronological_inner
5,inner,train,3825586,date_aware_chronological_inner
5,inner,train,3825587,date_aware_chronological_inner
5,inner,train,3825588,date_aware_chronological_inner
5,inner,train,3825589,date_aware_chronological_inner
5,inner,train,3825590,date_aware_chronological_inner
5,inner,train,3825591,date_aware_chronological_inner
5,inner,train,3825592,date_aware_chronological_inner
5,inner,train,3825593,date_aware_chronological_inner
5,inner,train,266490,date_aware_chronological_inner
5,inner,train,3825594,date_aware_chronological_inner
5,inner,train,3825595,date_aware_chronological_inner
5,inner,train,3825596,date_aware_chronological_inner
5,inner,train,3825597,date_aware_chronological_inner
5,inner,train,3825598,date_aware_chronological_inner
5,inner,train,3825599,date_aware_chronological_inner
5,inner,train,3825892,date_aware_chronological_inner
5,inner,train,266467,date_aware_chronological_inner
5,inner,train,3825600,date_aware_chronological_inner
5,inner,train,3825601,date_aware_chronological_inner
5,inner,train,3825602,date_aware_chronological_inner
5,inner,train,3825848,date_aware_chronological_inner
5,inner,train,3825895,date_aware_chronological_inner
5,inner,train,3825603,date_aware_chronological_inner
5,inner,train,3825604,date_aware_chronological_inner
5,inner,train,267611,date_aware_chronological_inner
5,inner,train,3825605,date_aware_chronological_inner
5,inner,train,3825606,date_aware_chronological_inner
5,inner,train,3825607,date_aware_chronological_inner
5,inner,train,3825608,date_aware_chronological_inner
5,inner,train,3825609,date_aware_chronological_inner
5,inner,train,3825610,date_aware_chronological_inner
5,inner,train,3825611,date_aware_chronological_inner
5,inner,train,3825612,date_aware_chronological_inner
5,inner,train,3825613,date_aware_chronological_inner
5,inner,train,3825614,date_aware_chronological_inner
5,inner,train,3825615,date_aware_chronological_inner
5,inner,train,3825616,date_aware_chronological_inner
5,inner,train,3825617,date_aware_chronological_inner
5,inner,train,3825618,date_aware_chronological_inner
5,inner,train,3825619,date_aware_chronological_inner
5,inner,train,3825620,date_aware_chronological_inner
5,inner,train,3825621,date_aware_chronological_inner
5,inner,train,3825622,date_aware_chronological_inner
5,inner,train,3825623,date_aware_chronological_inner
5,inner,train,3825624,date_aware_chronological_inner
5,inner,train,3825625,date_aware_chronological_inner
5,inner,train,3825626,date_aware_chronological_inner
5,inner,train,3825627,date_aware_chronological_inner
5,inner,train,3825628,date_aware_chronological_inner
5,inner,train,3825629,date_aware_chronological_inner
5,inner,train,3825630,date_aware_chronological_inner
5,inner,train,3825631,date_aware_chronological_inner
5,inner,train,3825632,date_aware_chronological_inner
5,inner,train,3825633,date_aware_chronological_inner
5,inner,train,3825634,date_aware_chronological_inner
5,inner,train,3825635,date_aware_chronological_inner
5,inner,train,3825636,date_aware_chronological_inner
5,inner,train,3825874,date_aware_chronological_inner
5,inner,train,3825637,date_aware_chronological_inner
5,inner,train,3825638,date_aware_chronological_inner
5,inner,train,3825639,date_aware_chronological_inner
5,inner,train,3825640,date_aware_chronological_inner
5,inner,train,3825641,date_aware_chronological_inner
5,inner,train,3825642,date_aware_chronological_inner
5,inner,train,3825643,date_aware_chronological_inner
5,inner,train,3825644,date_aware_chronological_inner
5,inner,train,3825645,date_aware_chronological_inner
5,inner,train,3825646,date_aware_chronological_inner
5,inner,train,3825647,date_aware_chronological_inner
5,inner,train,3825648,date_aware_chronological_inner
5,inner,train,3825649,date_aware_chronological_inner
5,inner,train,3825650,date_aware_chronological_inner
5,inner,train,3825651,date_aware_chronological_inner
5,inner,train,3825652,date_aware_chronological_inner
5,inner,train,3825653,date_aware_chronological_inner
5,inner,train,3825654,date_aware_chronological_inner
5,inner,train,3825655,date_aware_chronological_inner
5,inner,train,3825656,date_aware_chronological_inner
5,inner,train,3825657,date_aware_chronological_inner
5,inner,train,3825658,date_aware_chronological_inner
5,inner,train,3825659,date_aware_chronological_inner
5,inner,train,3825660,date_aware_chronological_inner
5,inner,train,3825661,date_aware_chronological_inner
5,inner,train,266424,date_aware_chronological_inner
5,inner,train,3825662,date_aware_chronological_inner
5,inner,train,3825663,date_aware_chronological_inner
5,inner,train,3825664,date_aware_chronological_inner
5,inner,train,3825888,date_aware_chronological_inner
5,inner,train,3825665,date_aware_chronological_inner
5,inner,train,3825666,date_aware_chronological_inner
5,inner,train,3825667,date_aware_chronological_inner
5,inner,train,3825668,date_aware_chronological_inner
5,inner,train,3825669,date_aware_chronological_inner
5,inner,train,3825670,date_aware_chronological_inner
5,inner,train,266885,date_aware_chronological_inner
5,inner,train,3825671,date_aware_chronological_inner
5,inner,train,3825672,date_aware_chronological_inner
5,inner,train,3825673,date_aware_chronological_inner
5,inner,train,3825674,date_aware_chronological_inner
5,inner,train,3825675,date_aware_chronological_inner
5,inner,train,3825676,date_aware_chronological_inner
5,inner,train,3825677,date_aware_chronological_inner
5,inner,train,3825678,date_aware_chronological_inner
5,inner,train,267274,date_aware_chronological_inner
5,inner,train,3825679,date_aware_chronological_inner
5,inner,train,3825680,date_aware_chronological_inner
5,inner,train,3825681,date_aware_chronological_inner
5,inner,train,3825682,date_aware_chronological_inner
5,inner,train,3825683,date_aware_chronological_inner
5,inner,train,3825684,date_aware_chronological_inner
5,inner,train,3825685,date_aware_chronological_inner
5,inner,train,3825686,date_aware_chronological_inner
5,inner,train,3825687,date_aware_chronological_inner
5,inner,train,3825688,date_aware_chronological_inner
5,inner,train,266961,date_aware_chronological_inner
5,inner,train,3825689,date_aware_chronological_inner
5,inner,train,3825690,date_aware_chronological_inner
5,inner,train,3825691,date_aware_chronological_inner
5,inner,train,3825692,date_aware_chronological_inner
5,inner,train,3825693,date_aware_chronological_inner
5,inner,train,3825694,date_aware_chronological_inner
5,inner,train,3825695,date_aware_chronological_inner
5,inner,train,3825696,date_aware_chronological_inner
5,inner,train,3825697,date_aware_chronological_inner
5,inner,train,3825698,date_aware_chronological_inner
5,inner,train,3825699,date_aware_chronological_inner
5,inner,train,3825891,date_aware_chronological_inner
5,inner,train,3825700,date_aware_chronological_inner
5,inner,train,3825701,date_aware_chronological_inner
5,inner,train,3825702,date_aware_chronological_inner
5,inner,train,3825703,date_aware_chronological_inner
5,inner,train,3825704,date_aware_chronological_inner
5,inner,train,267327,date_aware_chronological_inner
5,inner,train,3825705,date_aware_chronological_inner
5,inner,train,3825706,date_aware_chronological_inner
5,inner,train,3825707,date_aware_chronological_inner
5,inner,train,3825708,date_aware_chronological_inner
5,inner,train,3825709,date_aware_chronological_inner
5,inner,train,3825710,date_aware_chronological_inner
5,inner,train,3825711,date_aware_chronological_inner
5,inner,train,3825712,date_aware_chronological_inner
5,inner,train,3825713,date_aware_chronological_inner
5,inner,train,266670,date_aware_chronological_inner
5,inner,train,3825714,date_aware_chronological_inner
5,inner,train,3825715,date_aware_chronological_inner
5,inner,train,3825716,date_aware_chronological_inner
5,inner,train,3825717,date_aware_chronological_inner
5,inner,train,3825718,date_aware_chronological_inner
5,inner,train,3825719,date_aware_chronological_inner
5,inner,train,3825720,date_aware_chronological_inner
5,inner,train,3825721,date_aware_chronological_inner
5,inner,train,3825722,date_aware_chronological_inner
5,inner,train,266620,date_aware_chronological_inner
5,inner,train,3825723,date_aware_chronological_inner
5,inner,train,3825724,date_aware_chronological_inner
5,inner,train,3825725,date_aware_chronological_inner
5,inner,train,3825726,date_aware_chronological_inner
5,inner,train,3825727,date_aware_chronological_inner
5,inner,train,3825728,date_aware_chronological_inner
5,inner,train,3825729,date_aware_chronological_inner
5,inner,train,3825730,date_aware_chronological_inner
5,inner,train,3825731,date_aware_chronological_inner
5,inner,train,3825732,date_aware_chronological_inner
5,inner,train,3825733,date_aware_chronological_inner
5,inner,train,3825734,date_aware_chronological_inner
5,inner,train,3825735,date_aware_chronological_inner
5,inner,train,266149,date_aware_chronological_inner
5,inner,train,3825736,date_aware_chronological_inner
5,inner,train,3825737,date_aware_chronological_inner
5,inner,train,3825738,date_aware_chronological_inner
5,inner,train,3825739,date_aware_chronological_inner
5,inner,train,3825740,date_aware_chronological_inner
5,inner,train,3825741,date_aware_chronological_inner
5,inner,train,265894,date_aware_chronological_inner
5,inner,train,3825742,date_aware_chronological_inner
5,inner,train,3825743,date_aware_chronological_inner
5,inner,train,3825744,date_aware_chronological_inner
5,inner,train,3825745,date_aware_chronological_inner
5,inner,train,3825746,date_aware_chronological_inner
5,inner,train,3825747,date_aware_chronological_inner
5,inner,train,3825748,date_aware_chronological_inner
5,inner,train,3825749,date_aware_chronological_inner
5,inner,train,267576,date_aware_chronological_inner
5,inner,train,3825750,date_aware_chronological_inner
5,inner,train,3825751,date_aware_chronological_inner
5,inner,train,3825752,date_aware_chronological_inner
5,inner,train,3825753,date_aware_chronological_inner
5,inner,train,3825754,date_aware_chronological_inner
5,inner,train,3825755,date_aware_chronological_inner
5,inner,train,3825756,date_aware_chronological_inner
5,inner,train,3825757,date_aware_chronological_inner
5,inner,train,3825758,date_aware_chronological_inner
5,inner,train,3825759,date_aware_chronological_inner
5,inner,train,3825760,date_aware_chronological_inner
5,inner,train,3825761,date_aware_chronological_inner
5,inner,train,3825762,date_aware_chronological_inner
5,inner,train,3825763,date_aware_chronological_inner
5,inner,train,266160,date_aware_chronological_inner
5,inner,train,3825764,date_aware_chronological_inner
5,inner,train,3825765,date_aware_chronological_inner
5,inner,train,3825766,date_aware_chronological_inner
5,inner,train,3825767,date_aware_chronological_inner
5,inner,train,3825768,date_aware_chronological_inner
5,inner,train,3825769,date_aware_chronological_inner
5,inner,train,3825770,date_aware_chronological_inner
5,inner,train,3825771,date_aware_chronological_inner
5,inner,train,3825772,date_aware_chronological_inner
5,inner,train,266254,date_aware_chronological_inner
5,inner,train,3825773,date_aware_chronological_inner
5,inner,train,3825774,date_aware_chronological_inner
5,inner,train,3825775,date_aware_chronological_inner
5,inner,train,3825776,date_aware_chronological_inner
5,inner,train,266815,date_aware_chronological_inner
5,inner,train,3825777,date_aware_chronological_inner
5,inner,train,267273,date_aware_chronological_inner
5,inner,train,3825778,date_aware_chronological_inner
5,inner,train,3825779,date_aware_chronological_inner
5,inner,train,3825780,date_aware_chronological_inner
5,inner,train,3825781,date_aware_chronological_inner
5,inner,train,3825782,date_aware_chronological_inner
5,inner,train,3825783,date_aware_chronological_inner
5,inner,train,3825784,date_aware_chronological_inner
5,inner,train,3825785,date_aware_chronological_inner
5,inner,train,3825786,date_aware_chronological_inner
5,inner,train,3825787,date_aware_chronological_inner
5,inner,train,3825788,date_aware_chronological_inner
5,inner,train,3825789,date_aware_chronological_inner
5,inner,train,3825790,date_aware_chronological_inner
5,inner,train,3825791,date_aware_chronological_inner
5,inner,train,265839,date_aware_chronological_inner
5,inner,train,3825792,date_aware_chronological_inner
5,inner,train,3825793,date_aware_chronological_inner
5,inner,train,3825794,date_aware_chronological_inner
5,inner,validation,3825818,date_aware_chronological_inner
5,inner,validation,3825880,date_aware_chronological_inner
5,inner,validation,3825887,date_aware_chronological_inner
5,inner,validation,3825903,date_aware_chronological_inner
5,inner,validation,3825907,date_aware_chronological_inner
5,inner,validation,266106,date_aware_chronological_inner
5,inner,validation,3825819,date_aware_chronological_inner
5,inner,validation,3825820,date_aware_chronological_inner
5,inner,validation,3825821,date_aware_chronological_inner
5,inner,validation,3825885,date_aware_chronological_inner
5,inner,validation,267533,date_aware_chronological_inner
5,inner,validation,3825822,date_aware_chronological_inner
5,inner,validation,3825872,date_aware_chronological_inner
5,inner,validation,3825898,date_aware_chronological_inner
5,inner,validation,3825823,date_aware_chronological_inner
5,inner,validation,3825824,date_aware_chronological_inner
5,inner,validation,3825877,date_aware_chronological_inner
5,inner,validation,3825905,date_aware_chronological_inner
5,inner,validation,3825825,date_aware_chronological_inner
5,inner,validation,3825826,date_aware_chronological_inner
5,inner,validation,266664,date_aware_chronological_inner
5,inner,validation,3825827,date_aware_chronological_inner
5,inner,validation,3825828,date_aware_chronological_inner
5,inner,validation,3825856,date_aware_chronological_inner
5,inner,validation,3825829,date_aware_chronological_inner
5,inner,validation,3825830,date_aware_chronological_inner
5,inner,validation,3825831,date_aware_chronological_inner
5,inner,validation,3825832,date_aware_chronological_inner
5,inner,validation,3825863,date_aware_chronological_inner
5,inner,validation,3825857,date_aware_chronological_inner
5,inner,validation,3825833,date_aware_chronological_inner
5,inner,validation,3825852,date_aware_chronological_inner
5,inner,validation,3825889,date_aware_chronological_inner
5,inner,validation,3825897,date_aware_chronological_inner
5,inner,validation,266557,date_aware_chronological_inner
5,inner,validation,3825834,date_aware_chronological_inner
5,inner,validation,3825835,date_aware_chronological_inner
5,inner,validation,3825836,date_aware_chronological_inner
5,inner,validation,3825906,date_aware_chronological_inner
5,inner,validation,3825837,date_aware_chronological_inner
5,inner,validation,3825862,date_aware_chronological_inner
5,inner,validation,266310,date_aware_chronological_inner
5,inner,validation,3825838,date_aware_chronological_inner
5,inner,validation,3825839,date_aware_chronological_inner
5,inner,validation,3825840,date_aware_chronological_inner
5,inner,validation,3825843,date_aware_chronological_inner
5,inner,validation,3825893,date_aware_chronological_inner
5,inner,validation,3825841,date_aware_chronological_inner
5,inner,validation,3825896,date_aware_chronological_inner
5,inner,validation,3825871,date_aware_chronological_inner
5,inner,validation,265944,date_aware_chronological_inner
5,inner,validation,3825847,date_aware_chronological_inner
5,inner,validation,3825886,date_aware_chronological_inner
5,inner,validation,3825890,date_aware_chronological_inner
5,inner,validation,3825842,date_aware_chronological_inner
5,inner,validation,3825875,date_aware_chronological_inner
5,inner,validation,3825884,date_aware_chronological_inner
5,inner,validation,3825899,date_aware_chronological_inner
5,inner,validation,3825868,date_aware_chronological_inner
5,inner,validation,3825854,date_aware_chronological_inner
5,inner,validation,266986,date_aware_chronological_inner
5,inner,validation,3825859,date_aware_chronological_inner
5,inner,validation,3825864,date_aware_chronological_inner
5,inner,validation,3825878,date_aware_chronological_inner
5,inner,validation,3825845,date_aware_chronological_inner
5,inner,validation,3825870,date_aware_chronological_inner
5,inner,validation,3825873,date_aware_chronological_inner
5,inner,validation,3825894,date_aware_chronological_inner
5,inner,validation,3825855,date_aware_chronological_inner
5,inner,validation,265958,date_aware_chronological_inner
5,inner,validation,3825850,date_aware_chronological_inner
5,inner,validation,3825851,date_aware_chronological_inner
5,inner,validation,3825853,date_aware_chronological_inner
5,inner,validation,3825860,date_aware_chronological_inner
5,inner,validation,3825866,date_aware_chronological_inner
5,inner,validation,3825901,date_aware_chronological_inner
5,inner,validation,3825904,date_aware_chronological_inner
5,inner,validation,3825849,date_aware_chronological_inner
5,inner,validation,3825846,date_aware_chronological_inner
5,inner,validation,3825869,date_aware_chronological_inner
5,inner,validation,3825882,date_aware_chronological_inner
5,inner,validation,3825876,date_aware_chronological_inner
5,inner,validation,3825908,date_aware_chronological_inner
5,inner,validation,267670,date_aware_chronological_inner
5,inner,validation,266892,date_aware_chronological_inner
5,inner,validation,267220,date_aware_chronological_inner
5,inner,validation,267492,date_aware_chronological_inner
5,inner,validation,266033,date_aware_chronological_inner
5,inner,validation,266989,date_aware_chronological_inner
5,inner,validation,266191,date_aware_chronological_inner
5,inner,validation,267076,date_aware_chronological_inner
5,inner,validation,266528,date_aware_chronological_inner
5,inner,validation,266477,date_aware_chronological_inner
5,inner,validation,267395,date_aware_chronological_inner
5,inner,validation,266731,date_aware_chronological_inner
5,inner,validation,266516,date_aware_chronological_inner
5,inner,validation,266874,date_aware_chronological_inner
5,inner,validation,267464,date_aware_chronological_inner
5,inner,validation,266299,date_aware_chronological_inner
5,inner,validation,266440,date_aware_chronological_inner
5,inner,validation,266280,date_aware_chronological_inner
5,inner,validation,267373,date_aware_chronological_inner
5,inner,validation,267569,date_aware_chronological_inner
5,inner,validation,267077,date_aware_chronological_inner
5,inner,validation,266952,date_aware_chronological_inner
5,inner,validation,267432,date_aware_chronological_inner
5,inner,validation,9575,date_aware_chronological_inner
5,inner,validation,9581,date_aware_chronological_inner
5,inner,validation,9592,date_aware_chronological_inner
5,inner,validation,9602,date_aware_chronological_inner
5,inner,validation,9609,date_aware_chronological_inner
5,inner,validation,9642,date_aware_chronological_inner
5,inner,validation,9661,date_aware_chronological_inner
5,inner,validation,9673,date_aware_chronological_inner
5,inner,validation,9695,date_aware_chronological_inner
5,inner,validation,9700,date_aware_chronological_inner
5,inner,validation,9717,date_aware_chronological_inner
5,inner,validation,9736,date_aware_chronological_inner
5,inner,validation,9742,date_aware_chronological_inner
5,inner,validation,9754,date_aware_chronological_inner
5,inner,validation,9774,date_aware_chronological_inner
5,inner,validation,9783,date_aware_chronological_inner
5,inner,validation,9799,date_aware_chronological_inner
5,inner,validation,9837,date_aware_chronological_inner
5,inner,validation,9860,date_aware_chronological_inner
5,inner,validation,9870,date_aware_chronological_inner
5,inner,validation,9928,date_aware_chronological_inner
5,inner,validation,9948,date_aware_chronological_inner
