match_id,date,competition_id,competition_name,season_id,category,home_team,away_team,cohort,protocol,fold,seed,model,true_label,predicted_class,predicted_score,gate_value,permutation_seed
3825637,2015-10-25,11,La Liga,27,male,Barcelona,Eibar,elite,experiment2_topology_permutation,1,142,B-GNN-observed,1,0,0.3071519136428833,,
3825638,2015-10-25,11,La Liga,27,male,Atlético Madrid,Valencia,elite,experiment2_topology_permutation,1,142,B-GNN-observed,1,0,0.2117211371660232,,
3825639,2015-10-25,11,La Liga,27,male,Las Palmas,Villarreal,elite,experiment2_topology_permutation,1,142,B-GNN-observed,0,0,0.1466216146945953,,
3825640,2015-10-25,11,La Liga,27,male,Levante UD,Real Sociedad,elite,experiment2_topology_permutation,1,142,B-GNN-observed,0,0,0.0665691718459129,,
3825641,2015-10-26,11,La Liga,27,male,Athletic Club,Sporting Gijón,elite,experiment2_topology_permutation,1,142,B-GNN-observed,1,0,0.26669642329216,,
3825642,2015-10-30,11,La Liga,27,male,RC Deportivo La Coruña,Atlético Madrid,elite,experiment2_topology_permutation,1,142,B-GNN-observed,0,0,0.1223943680524826,,
3825643,2015-10-31,11,La Liga,27,male,Real Madrid,Las Palmas,elite,experiment2_topology_permutation,1,142,B-GNN-observed,1,1,0.6669828295707703,,
3825644,2015-10-31,11,La Liga,27,male,Real Sociedad,Celta Vigo,elite,experiment2_topology_permutation,1,142,B-GNN-observed,0,0,0.0629164949059486,,
3825645,2015-10-31,11,La Liga,27,male,Getafe,Barcelona,elite,experiment2_topology_permutation,1,142,B-GNN-observed,0,0,0.0178568810224533,,
3825646,2015-10-31,11,La Liga,27,male,Villarreal,Sevilla,elite,experiment2_topology_permutation,1,142,B-GNN-observed,1,0,0.1405991017818451,,
3825647,2015-10-31,11,La Liga,27,male,Valencia,Levante UD,elite,experiment2_topology_permutation,1,142,B-GNN-observed,1,0,0.169894278049469,,
3825648,2015-11-01,11,La Liga,27,male,Eibar,Rayo Vallecano,elite,experiment2_topology_permutation,1,142,B-GNN-observed,1,0,0.0249918736517429,,
3825649,2015-11-01,11,La Liga,27,male,Sporting Gijón,Málaga,elite,experiment2_topology_permutation,1,142,B-GNN-observed,1,0,0.0415001846849918,,
3825650,2015-11-01,11,La Liga,27,male,Real Betis,Athletic Club,elite,experiment2_topology_permutation,1,142,B-GNN-observed,0,0,0.1087025851011276,,
3825651,2015-11-01,11,La Liga,27,male,Espanyol,Granada,elite,experiment2_topology_permutation,1,142,B-GNN-observed,0,0,0.0400004908442497,,
3825652,2015-11-06,11,La Liga,27,male,Las Palmas,Real Sociedad,elite,experiment2_topology_permutation,1,142,B-GNN-observed,1,0,0.0552468262612819,,
3825653,2015-11-07,11,La Liga,27,male,Eibar,Getafe,elite,experiment2_topology_permutation,1,142,B-GNN-observed,1,0,0.084971122443676,,
3825654,2015-11-07,11,La Liga,27,male,Celta Vigo,Valencia,elite,experiment2_topology_permutation,1,142,B-GNN-observed,0,0,0.1275510191917419,,
3825655,2015-11-07,11,La Liga,27,male,Rayo Vallecano,Granada,elite,experiment2_topology_permutation,1,142,B-GNN-observed,1,0,0.0470833294093608,,
3825656,2015-11-07,11,La Liga,27,male,Levante UD,RC Deportivo La Coruña,elite,experiment2_topology_permutation,1,142,B-GNN-observed,0,0,0.0919589698314666,,
3825657,2015-11-07,11,La Liga,27,male,Málaga,Real Betis,elite,experiment2_topology_permutation,1,142,B-GNN-observed,0,0,0.0515272356569767,,
3825658,2015-11-08,11,La Liga,27,male,Atlético Madrid,Sporting Gijón,elite,experiment2_topology_permutation,1,142,B-GNN-observed,1,0,0.389335423707962,,
3825659,2015-11-08,11,La Liga,27,male,Athletic Club,Espanyol,elite,experiment2_topology_permutation,1,142,B-GNN-observed,1,0,0.0313522405922412,,
3825660,2015-11-08,11,La Liga,27,male,Barcelona,Villarreal,elite,experiment2_topology_permutation,1,142,B-GNN-observed,1,1,0.7863186001777649,,
3825661,2015-11-08,11,La Liga,27,male,Sevilla,Real Madrid,elite,experiment2_topology_permutation,1,142,B-GNN-observed,1,0,0.1857468038797378,,
266424,2015-11-21,11,La Liga,27,male,Real Madrid,Barcelona,elite,experiment2_topology_permutation,1,142,B-GNN-observed,0,0,0.1991474628448486,,
3825662,2015-11-21,11,La Liga,27,male,RC Deportivo La Coruña,Celta Vigo,elite,experiment2_topology_permutation,1,142,B-GNN-observed,1,0,0.0194715354591608,,
3825663,2015-11-21,11,La Liga,27,male,Espanyol,Málaga,elite,experiment2_topology_permutation,1,142,B-GNN-observed,1,0,0.0367389433085918,,
3825664,2015-11-21,11,La Liga,27,male,Real Sociedad,Sevilla,elite,experiment2_topology_permutation,1,142,B-GNN-observed,1,0,0.1669739335775375,,
3825888,2015-11-21,11,La Liga,27,male,Valencia,Las Palmas,elite,experiment2_topology_permutation,1,142,B-GNN-observed,0,0,0.0778686329722404,,
3825665,2015-11-22,11,La Liga,27,male,Granada,Athletic Club,elite,experiment2_topology_permutation,1,142,B-GNN-observed,1,0,0.0169720668345689,,
3825666,2015-11-22,11,La Liga,27,male,Real Betis,Atlético Madrid,elite,experiment2_topology_permutation,1,142,B-GNN-observed,0,0,0.0669799000024795,,
3825667,2015-11-22,11,La Liga,27,male,Villarreal,Eibar,elite,experiment2_topology_permutation,1,142,B-GNN-observed,0,0,0.1270900964736938,,
3825668,2015-11-22,11,La Liga,27,male,Sporting Gijón,Levante UD,elite,experiment2_topology_permutation,1,142,B-GNN-observed,0,0,0.0850764065980911,,
3825669,2015-11-23,11,La Liga,27,male,Getafe,Rayo Vallecano,elite,experiment2_topology_permutation,1,142,B-GNN-observed,0,0,0.034814029932022,,
3825670,2015-11-27,11,La Liga,27,male,Levante UD,Real Betis,elite,experiment2_topology_permutation,1,142,B-GNN-observed,0,0,0.1250706166028976,,
266885,2015-11-28,11,La Liga,27,male,Barcelona,Real Sociedad,elite,experiment2_topology_permutation,1,142,B-GNN-observed,1,0,0.2329037934541702,,
3825671,2015-11-28,11,La Liga,27,male,Celta Vigo,Sporting Gijón,elite,experiment2_topology_permutation,1,142,B-GNN-observed,1,0,0.1830903887748718,,
3825672,2015-11-28,11,La Liga,27,male,Málaga,Granada,elite,experiment2_topology_permutation,1,142,B-GNN-observed,0,0,0.0466519854962825,,
3825673,2015-11-28,11,La Liga,27,male,Las Palmas,RC Deportivo La Coruña,elite,experiment2_topology_permutation,1,142,B-GNN-observed,0,0,0.3398324847221374,,
3825674,2015-11-28,11,La Liga,27,male,Atlético Madrid,Espanyol,elite,experiment2_topology_permutation,1,142,B-GNN-observed,1,0,0.2950485348701477,,
3825675,2015-11-29,11,La Liga,27,male,Rayo Vallecano,Athletic Club,elite,experiment2_topology_permutation,1,142,B-GNN-observed,0,0,0.1528863310813903,,
3825676,2015-11-29,11,La Liga,27,male,Getafe,Villarreal,elite,experiment2_topology_permutation,1,142,B-GNN-observed,1,0,0.0519434213638305,,
3825677,2015-11-29,11,La Liga,27,male,Sevilla,Valencia,elite,experiment2_topology_permutation,1,142,B-GNN-observed,1,0,0.3383669555187225,,
3825678,2015-11-29,11,La Liga,27,male,Eibar,Real Madrid,elite,experiment2_topology_permutation,1,142,B-GNN-observed,0,0,0.0418816916644573,,
267274,2015-12-05,11,La Liga,27,male,Valencia,Barcelona,elite,experiment2_topology_permutation,1,142,B-GNN-observed,0,0,0.0392665229737758,,
3825679,2015-12-05,11,La Liga,27,male,Real Betis,Celta Vigo,elite,experiment2_topology_permutation,1,142,B-GNN-observed,0,0,0.1989454329013824,,
3825680,2015-12-05,11,La Liga,27,male,RC Deportivo La Coruña,Sevilla,elite,experiment2_topology_permutation,1,142,B-GNN-observed,0,0,0.0337594971060752,,
3825681,2015-12-05,11,La Liga,27,male,Real Madrid,Getafe,elite,experiment2_topology_permutation,1,142,B-GNN-observed,1,1,0.8005886673927307,,
3825682,2015-12-05,11,La Liga,27,male,Granada,Atlético Madrid,elite,experiment2_topology_permutation,1,142,B-GNN-observed,0,0,0.1304167360067367,,
3825683,2015-12-06,11,La Liga,27,male,Real Sociedad,Eibar,elite,experiment2_topology_permutation,1,142,B-GNN-observed,1,0,0.1315465867519378,,
3825684,2015-12-06,11,La Liga,27,male,Villarreal,Rayo Vallecano,elite,experiment2_topology_permutation,1,142,B-GNN-observed,1,0,0.076902650296688,,
3825685,2015-12-06,11,La Liga,27,male,Sporting Gijón,Las Palmas,elite,experiment2_topology_permutation,1,142,B-GNN-observed,1,0,0.0895440950989723,,
3825686,2015-12-06,11,La Liga,27,male,Athletic Club,Málaga,elite,experiment2_topology_permutation,1,142,B-GNN-observed,0,0,0.0545021221041679,,
3825687,2015-12-07,11,La Liga,27,male,Espanyol,Levante UD,elite,experiment2_topology_permutation,1,142,B-GNN-observed,0,0,0.0483723618090152,,
3825688,2015-12-11,11,La Liga,27,male,Getafe,Real Sociedad,elite,experiment2_topology_permutation,1,142,B-GNN-observed,0,0,0.0343615524470806,,
266961,2015-12-12,11,La Liga,27,male,Barcelona,RC Deportivo La Coruña,elite,experiment2_topology_permutation,1,142,B-GNN-observed,0,1,0.8478893041610718,,
3825689,2015-12-12,11,La Liga,27,male,Celta Vigo,Espanyol,elite,experiment2_topology_permutation,1,142,B-GNN-observed,1,0,0.0763818472623825,,
3825690,2015-12-12,11,La Liga,27,male,Las Palmas,Real Betis,elite,experiment2_topology_permutation,1,142,B-GNN-observed,1,0,0.2287581413984298,,
3825691,2015-12-12,11,La Liga,27,male,Levante UD,Granada,elite,experiment2_topology_permutation,1,142,B-GNN-observed,0,0,0.0528942719101905,,
3825692,2015-12-12,11,La Liga,27,male,Sevilla,Sporting Gijón,elite,experiment2_topology_permutation,1,142,B-GNN-observed,1,0,0.4582162797451019,,
3825693,2015-12-13,11,La Liga,27,male,Atlético Madrid,Athletic Club,elite,experiment2_topology_permutation,1,142,B-GNN-observed,1,0,0.0540233738720417,,
3825694,2015-12-13,11,La Liga,27,male,Eibar,Valencia,elite,experiment2_topology_permutation,1,142,B-GNN-observed,0,0,0.0785781368613243,,
3825695,2015-12-13,11,La Liga,27,male,Villarreal,Real Madrid,elite,experiment2_topology_permutation,1,142,B-GNN-observed,1,0,0.0535947419703006,,
3825696,2015-12-13,11,La Liga,27,male,Rayo Vallecano,Málaga,elite,experiment2_topology_permutation,1,142,B-GNN-observed,0,0,0.0480958223342895,,
3825697,2015-12-19,11,La Liga,27,male,Valencia,Getafe,elite,experiment2_topology_permutation,1,142,B-GNN-observed,0,0,0.2222514599561691,,
3825698,2015-12-19,11,La Liga,27,male,RC Deportivo La Coruña,Eibar,elite,experiment2_topology_permutation,1,142,B-GNN-observed,1,0,0.0888560712337493,,
3825699,2015-12-19,11,La Liga,27,male,Real Betis,Sevilla,elite,experiment2_topology_permutation,1,142,B-GNN-observed,0,0,0.0410935059189796,,
3825891,2015-12-19,11,La Liga,27,male,Espanyol,Las Palmas,elite,experiment2_topology_permutation,1,142,B-GNN-observed,1,0,0.0692829564213752,,
3825700,2015-12-20,11,La Liga,27,male,Real Madrid,Rayo Vallecano,elite,experiment2_topology_permutation,1,142,B-GNN-observed,1,1,0.7206190824508667,,
3825701,2015-12-20,11,La Liga,27,male,Málaga,Atlético Madrid,elite,experiment2_topology_permutation,1,142,B-GNN-observed,1,0,0.1292083263397216,,
3825702,2015-12-20,11,La Liga,27,male,Real Sociedad,Villarreal,elite,experiment2_topology_permutation,1,142,B-GNN-observed,0,0,0.4837386608123779,,
3825703,2015-12-20,11,La Liga,27,male,Athletic Club,Levante UD,elite,experiment2_topology_permutation,1,142,B-GNN-observed,1,0,0.1405091285705566,,
3825704,2015-12-20,11,La Liga,27,male,Granada,Celta Vigo,elite,experiment2_topology_permutation,1,142,B-GNN-observed,0,0,0.0641205087304115,,
267327,2015-12-30,11,La Liga,27,male,Barcelona,Real Betis,elite,experiment2_topology_permutation,1,142,B-GNN-observed,1,1,0.5649515986442566,,
3825705,2015-12-30,11,La Liga,27,male,Eibar,Sporting Gijón,elite,experiment2_topology_permutation,1,142,B-GNN-observed,1,0,0.0598259568214416,,
3825706,2015-12-30,11,La Liga,27,male,Celta Vigo,Athletic Club,elite,experiment2_topology_permutation,1,142,B-GNN-observed,0,0,0.1604288816452026,,
3825707,2015-12-30,11,La Liga,27,male,Las Palmas,Granada,elite,experiment2_topology_permutation,1,142,B-GNN-observed,1,0,0.2013671398162841,,
3825708,2015-12-30,11,La Liga,27,male,Levante UD,Málaga,elite,experiment2_topology_permutation,1,142,B-GNN-observed,0,0,0.0367436371743679,,
3825709,2015-12-30,11,La Liga,27,male,Sevilla,Espanyol,elite,experiment2_topology_permutation,1,142,B-GNN-observed,1,0,0.1275630742311477,,
3825710,2015-12-30,11,La Liga,27,male,Real Madrid,Real Sociedad,elite,experiment2_topology_permutation,1,142,B-GNN-observed,1,0,0.4310483336448669,,
3825711,2015-12-30,11,La Liga,27,male,Rayo Vallecano,Atlético Madrid,elite,experiment2_topology_permutation,1,142,B-GNN-observed,0,0,0.0810094028711319,,
3825712,2015-12-30,11,La Liga,27,male,Getafe,RC Deportivo La Coruña,elite,experiment2_topology_permutation,1,142,B-GNN-observed,0,0,0.0811010152101516,,
3825713,2015-12-31,11,La Liga,27,male,Villarreal,Valencia,elite,experiment2_topology_permutation,1,142,B-GNN-observed,1,0,0.084534615278244,,
266670,2016-01-02,11,La Liga,27,male,Espanyol,Barcelona,elite,experiment2_topology_permutation,1,142,B-GNN-observed,0,0,0.0173346474766731,,
3825714,2016-01-02,11,La Liga,27,male,Atlético Madrid,Levante UD,elite,experiment2_topology_permutation,1,142,B-GNN-observed,1,0,0.0981417670845985,,
3825715,2016-01-02,11,La Liga,27,male,Málaga,Celta Vigo,elite,experiment2_topology_permutation,1,142,B-GNN-observed,1,0,0.0995012298226356,,
3825716,2016-01-03,11,La Liga,27,male,Rayo Vallecano,Real Sociedad,elite,experiment2_topology_permutation,1,142,B-GNN-observed,0,0,0.0269666332751512,,
3825717,2016-01-03,11,La Liga,27,male,Granada,Sevilla,elite,experiment2_topology_permutation,1,142,B-GNN-observed,1,0,0.046791948378086,,
3825718,2016-01-03,11,La Liga,27,male,Valencia,Real Madrid,elite,experiment2_topology_permutation,1,142,B-GNN-observed,0,0,0.3546876609325409,,
3825719,2016-01-03,11,La Liga,27,male,Athletic Club,Las Palmas,elite,experiment2_topology_permutation,1,142,B-GNN-observed,0,0,0.048907846212387,,
3825720,2016-01-03,11,La Liga,27,male,Real Betis,Eibar,elite,experiment2_topology_permutation,1,142,B-GNN-observed,0,0,0.1425215601921081,,
3825721,2016-01-03,11,La Liga,27,male,RC Deportivo La Coruña,Villarreal,elite,experiment2_topology_permutation,1,142,B-GNN-observed,0,0,0.1147540956735611,,
3825722,2016-01-04,11,La Liga,27,male,Sporting Gijón,Getafe,elite,experiment2_topology_permutation,1,142,B-GNN-observed,0,0,0.0640863627195358,,
266620,2016-01-09,11,La Liga,27,male,Barcelona,Granada,elite,experiment2_topology_permutation,1,142,B-GNN-observed,1,1,0.8071473240852356,,
3825723,2016-01-09,11,La Liga,27,male,Levante UD,Rayo Vallecano,elite,experiment2_topology_permutation,1,142,B-GNN-observed,1,0,0.0264544319361448,,
3825724,2016-01-09,11,La Liga,27,male,Real Madrid,RC Deportivo La Coruña,elite,experiment2_topology_permutation,1,142,B-GNN-observed,1,0,0.4277457594871521,,
3825725,2016-01-09,11,La Liga,27,male,Getafe,Real Betis,elite,experiment2_topology_permutation,1,142,B-GNN-observed,1,0,0.068534605205059,,
3825726,2016-01-09,11,La Liga,27,male,Sevilla,Athletic Club,elite,experiment2_topology_permutation,1,142,B-GNN-observed,1,0,0.0685067549347877,,
3825727,2016-01-10,11,La Liga,27,male,Eibar,Espanyol,elite,experiment2_topology_permutation,1,142,B-GNN-observed,1,0,0.1395530700683593,,
3825728,2016-01-10,11,La Liga,27,male,Celta Vigo,Atlético Madrid,elite,experiment2_topology_permutation,1,142,B-GNN-observed,0,0,0.1843649446964264,,
3825729,2016-01-10,11,La Liga,27,male,Villarreal,Sporting Gijón,elite,experiment2_topology_permutation,1,142,B-GNN-observed,1,0,0.0872876793146133,,
3825730,2016-01-10,11,La Liga,27,male,Real Sociedad,Valencia,elite,experiment2_topology_permutation,1,142,B-GNN-observed,1,0,0.1816218942403793,,
3825731,2016-01-10,11,La Liga,27,male,Las Palmas,Málaga,elite,experiment2_topology_permutation,1,142,B-GNN-observed,0,0,0.1454229354858398,,
3825732,2016-01-16,11,La Liga,27,male,Celta Vigo,Levante UD,elite,experiment2_topology_permutation,1,142,B-GNN-observed,1,1,0.5749995708465576,,
3825733,2016-01-16,11,La Liga,27,male,Sevilla,Málaga,elite,experiment2_topology_permutation,1,142,B-GNN-observed,1,0,0.0769006609916687,,
3825734,2016-01-16,11,La Liga,27,male,Real Sociedad,RC Deportivo La Coruña,elite,experiment2_topology_permutation,1,142,B-GNN-observed,0,1,0.6390054821968079,,
3825735,2016-01-16,11,La Liga,27,male,Villarreal,Real Betis,elite,experiment2_topology_permutation,1,142,B-GNN-observed,0,0,0.1329738050699234,,
266149,2016-01-17,11,La Liga,27,male,Barcelona,Athletic Club,elite,experiment2_topology_permutation,1,142,B-GNN-observed,1,1,0.7566441893577576,,
3825736,2016-01-17,11,La Liga,27,male,Valencia,Rayo Vallecano,elite,experiment2_topology_permutation,1,142,B-GNN-observed,0,0,0.0861217305064201,,
3825737,2016-01-17,11,La Liga,27,male,Getafe,Espanyol,elite,experiment2_topology_permutation,1,142,B-GNN-observed,1,0,0.1197239309549331,,
3825738,2016-01-17,11,La Liga,27,male,Las Palmas,Atlético Madrid,elite,experiment2_topology_permutation,1,142,B-GNN-observed,0,0,0.4576888382434845,,
3825739,2016-01-17,11,La Liga,27,male,Real Madrid,Sporting Gijón,elite,experiment2_topology_permutation,1,142,B-GNN-observed,1,1,0.8874437212944031,,
3825740,2016-01-18,11,La Liga,27,male,Eibar,Granada,elite,experiment2_topology_permutation,1,142,B-GNN-observed,1,0,0.0755676850676536,,
3825741,2016-01-22,11,La Liga,27,male,Sporting Gijón,Real Sociedad,elite,experiment2_topology_permutation,1,142,B-GNN-observed,1,0,0.2988472878932953,,
265894,2016-01-23,11,La Liga,27,male,Málaga,Barcelona,elite,experiment2_topology_permutation,1,142,B-GNN-observed,0,0,0.0387295596301555,,
3825742,2016-01-23,11,La Liga,27,male,Granada,Getafe,elite,experiment2_topology_permutation,1,142,B-GNN-observed,1,0,0.2088527381420135,,
3825743,2016-01-23,11,La Liga,27,male,Rayo Vallecano,Celta Vigo,elite,experiment2_topology_permutation,1,142,B-GNN-observed,1,0,0.1548098176717758,,
3825744,2016-01-23,11,La Liga,27,male,Espanyol,Villarreal,elite,experiment2_topology_permutation,1,142,B-GNN-observed,0,0,0.0816933289170265,,
3825745,2016-01-24,11,La Liga,27,male,RC Deportivo La Coruña,Valencia,elite,experiment2_topology_permutation,1,142,B-GNN-observed,0,0,0.078285314142704,,
3825746,2016-01-24,11,La Liga,27,male,Real Betis,Real Madrid,elite,experiment2_topology_permutation,1,142,B-GNN-observed,0,0,0.0275008864700794,,
3825747,2016-01-24,11,La Liga,27,male,Athletic Club,Eibar,elite,experiment2_topology_permutation,1,142,B-GNN-observed,1,0,0.0661271139979362,,
3825748,2016-01-24,11,La Liga,27,male,Atlético Madrid,Sevilla,elite,experiment2_topology_permutation,1,142,B-GNN-observed,0,0,0.3806636333465576,,
3825749,2016-01-25,11,La Liga,27,male,Levante UD,Las Palmas,elite,experiment2_topology_permutation,1,142,B-GNN-observed,1,0,0.0330432765185833,,
267576,2016-01-30,11,La Liga,27,male,Barcelona,Atlético Madrid,elite,experiment2_topology_permutation,1,142,B-GNN-observed,1,1,0.7257353663444519,,
3825750,2016-01-30,11,La Liga,27,male,Real Sociedad,Real Betis,elite,experiment2_topology_permutation,1,142,B-GNN-observed,1,0,0.0663625374436378,,
3825751,2016-01-30,11,La Liga,27,male,Getafe,Athletic Club,elite,experiment2_topology_permutation,1,142,B-GNN-observed,0,0,0.0534346960484981,,
3825752,2016-01-30,11,La Liga,27,male,Eibar,Málaga,elite,experiment2_topology_permutation,1,142,B-GNN-observed,0,0,0.0490177646279335,,
3825753,2016-01-30,11,La Liga,27,male,Villarreal,Granada,elite,experiment2_topology_permutation,1,142,B-GNN-observed,1,0,0.2901865839958191,,
3825754,2016-01-31,11,La Liga,27,male,Las Palmas,Celta Vigo,elite,experiment2_topology_permutation,1,142,B-GNN-observed,1,0,0.1558864861726761,,
3825755,2016-01-31,11,La Liga,27,male,Valencia,Sporting Gijón,elite,experiment2_topology_permutation,1,142,B-GNN-observed,0,0,0.286276638507843,,
3825756,2016-01-31,11,La Liga,27,male,Sevilla,Levante UD,elite,experiment2_topology_permutation,1,142,B-GNN-observed,1,0,0.1344950944185257,,
3825757,2016-01-31,11,La Liga,27,male,Real Madrid,Espanyol,elite,experiment2_topology_permutation,1,142,B-GNN-observed,1,1,0.8219175338745117,,
3825758,2016-02-01,11,La Liga,27,male,RC Deportivo La Coruña,Rayo Vallecano,elite,experiment2_topology_permutation,1,142,B-GNN-observed,0,0,0.0848657116293907,,
3825759,2016-02-05,11,La Liga,27,male,Málaga,Getafe,elite,experiment2_topology_permutation,1,142,B-GNN-observed,1,0,0.0862550437450409,,
3825760,2016-02-06,11,La Liga,27,male,Atlético Madrid,Eibar,elite,experiment2_topology_permutation,1,142,B-GNN-observed,1,0,0.0524939410388469,,
3825761,2016-02-06,11,La Liga,27,male,Athletic Club,Villarreal,elite,experiment2_topology_permutation,1,142,B-GNN-observed,0,0,0.1334616392850875,,
3825762,2016-02-06,11,La Liga,27,male,Sporting Gijón,RC Deportivo La Coruña,elite,experiment2_topology_permutation,1,142,B-GNN-observed,0,0,0.0492478981614112,,
3825763,2016-02-06,11,La Liga,27,male,Rayo Vallecano,Las Palmas,elite,experiment2_topology_permutation,1,142,B-GNN-observed,1,0,0.1669065058231353,,
266160,2016-02-07,11,La Liga,27,male,Levante UD,Barcelona,elite,experiment2_topology_permutation,1,142,B-GNN-observed,0,0,0.0365068353712558,,
3825764,2016-02-07,11,La Liga,27,male,Granada,Real Madrid,elite,experiment2_topology_permutation,1,142,B-GNN-observed,0,0,0.0734590291976928,,
3825765,2016-02-07,11,La Liga,27,male,Celta Vigo,Sevilla,elite,experiment2_topology_permutation,1,142,B-GNN-observed,0,1,0.8008700013160706,,
3825766,2016-02-07,11,La Liga,27,male,Real Betis,Valencia,elite,experiment2_topology_permutation,1,142,B-GNN-observed,1,0,0.0363880023360252,,
3825767,2016-02-08,11,La Liga,27,male,Espanyol,Real Sociedad,elite,experiment2_topology_permutation,1,142,B-GNN-observed,0,0,0.117156334221363,,
3825768,2016-02-12,11,La Liga,27,male,Sporting Gijón,Rayo Vallecano,elite,experiment2_topology_permutation,1,142,B-GNN-observed,0,0,0.0431108400225639,,
3825769,2016-02-13,11,La Liga,27,male,Villarreal,Málaga,elite,experiment2_topology_permutation,1,142,B-GNN-observed,1,0,0.1148470118641853,,
3825770,2016-02-13,11,La Liga,27,male,Real Madrid,Athletic Club,elite,experiment2_topology_permutation,1,142,B-GNN-observed,1,1,0.6327216029167175,,
3825771,2016-02-13,11,La Liga,27,male,RC Deportivo La Coruña,Real Betis,elite,experiment2_topology_permutation,1,142,B-GNN-observed,0,0,0.1223316937685012,,
3825772,2016-02-13,11,La Liga,27,male,Valencia,Espanyol,elite,experiment2_topology_permutation,1,142,B-GNN-observed,1,0,0.1533405035734176,,
266254,2016-02-14,11,La Liga,27,male,Barcelona,Celta Vigo,elite,experiment2_topology_permutation,1,142,B-GNN-observed,1,0,0.362779289484024,,
3825773,2016-02-14,11,La Liga,27,male,Eibar,Levante UD,elite,experiment2_topology_permutation,1,142,B-GNN-observed,1,0,0.1780878156423568,,
3825774,2016-02-14,11,La Liga,27,male,Getafe,Atlético Madrid,elite,experiment2_topology_permutation,1,142,B-GNN-observed,0,1,0.5599126815795898,,
3825775,2016-02-14,11,La Liga,27,male,Real Sociedad,Granada,elite,experiment2_topology_permutation,1,142,B-GNN-observed,1,0,0.0885907262563705,,
3825776,2016-02-14,11,La Liga,27,male,Sevilla,Las Palmas,elite,experiment2_topology_permutation,1,142,B-GNN-observed,1,0,0.1222972422838211,,
266815,2016-02-17,11,La Liga,27,male,Sporting Gijón,Barcelona,elite,experiment2_topology_permutation,1,142,B-GNN-observed,0,0,0.0176757238805294,,
3825777,2016-02-19,11,La Liga,27,male,Levante UD,Getafe,elite,experiment2_topology_permutation,1,142,B-GNN-observed,1,0,0.0820219442248344,,
267273,2016-02-20,11,La Liga,27,male,Las Palmas,Barcelona,elite,experiment2_topology_permutation,1,142,B-GNN-observed,0,0,0.1748654246330261,,
3825778,2016-02-20,11,La Liga,27,male,Real Betis,Sporting Gijón,elite,experiment2_topology_permutation,1,142,B-GNN-observed,0,0,0.1272767186164856,,
3825779,2016-02-20,11,La Liga,27,male,Celta Vigo,Eibar,elite,experiment2_topology_permutation,1,142,B-GNN-observed,1,0,0.1827506124973297,,
3825780,2016-02-20,11,La Liga,27,male,Espanyol,RC Deportivo La Coruña,elite,experiment2_topology_permutation,1,142,B-GNN-observed,1,0,0.0901847556233406,,
3825781,2016-02-21,11,La Liga,27,male,Rayo Vallecano,Sevilla,elite,experiment2_topology_permutation,1,142,B-GNN-observed,0,0,0.098545953631401,,
3825782,2016-02-21,11,La Liga,27,male,Granada,Valencia,elite,experiment2_topology_permutation,1,142,B-GNN-observed,0,0,0.1669375896453857,,
3825783,2016-02-21,11,La Liga,27,male,Athletic Club,Real Sociedad,elite,experiment2_topology_permutation,1,142,B-GNN-observed,0,0,0.0797353535890579,,
3825784,2016-02-21,11,La Liga,27,male,Atlético Madrid,Villarreal,elite,experiment2_topology_permutation,1,142,B-GNN-observed,0,0,0.150842010974884,,
3825785,2016-02-21,11,La Liga,27,male,Málaga,Real Madrid,elite,experiment2_topology_permutation,1,142,B-GNN-observed,0,0,0.0386498980224132,,
3825786,2016-02-26,11,La Liga,27,male,Eibar,Las Palmas,elite,experiment2_topology_permutation,1,142,B-GNN-observed,0,0,0.0464308448135852,,
3825787,2016-02-27,11,La Liga,27,male,Real Madrid,Atlético Madrid,elite,experiment2_topology_permutation,2,242,B-GNN-observed,0,1,0.6422905325889587,,
3825788,2016-02-27,11,La Liga,27,male,Getafe,Celta Vigo,elite,experiment2_topology_permutation,2,242,B-GNN-observed,0,0,0.2182435840368271,,
3825789,2016-02-27,11,La Liga,27,male,Real Sociedad,Málaga,elite,experiment2_topology_permutation,2,242,B-GNN-observed,0,0,0.3932863473892212,,
3825790,2016-02-27,11,La Liga,27,male,Sporting Gijón,Espanyol,elite,experiment2_topology_permutation,2,242,B-GNN-observed,0,1,0.6528482437133789,,
3825791,2016-02-27,11,La Liga,27,male,Real Betis,Rayo Vallecano,elite,experiment2_topology_permutation,2,242,B-GNN-observed,0,0,0.3390772640705108,,
265839,2016-02-28,11,La Liga,27,male,Barcelona,Sevilla,elite,experiment2_topology_permutation,2,242,B-GNN-observed,1,1,0.642286479473114,,
3825792,2016-02-28,11,La Liga,27,male,RC Deportivo La Coruña,Granada,elite,experiment2_topology_permutation,2,242,B-GNN-observed,0,1,0.6969687342643738,,
3825793,2016-02-28,11,La Liga,27,male,Valencia,Athletic Club,elite,experiment2_topology_permutation,2,242,B-GNN-observed,0,0,0.3992210030555725,,
3825794,2016-02-28,11,La Liga,27,male,Villarreal,Levante UD,elite,experiment2_topology_permutation,2,242,B-GNN-observed,1,1,0.6141046285629272,,
3825795,2016-03-01,11,La Liga,27,male,Atlético Madrid,Real Sociedad,elite,experiment2_topology_permutation,2,242,B-GNN-observed,1,1,0.9161361455917358,,
3825796,2016-03-01,11,La Liga,27,male,Las Palmas,Getafe,elite,experiment2_topology_permutation,2,242,B-GNN-observed,1,1,0.777940571308136,,
3825797,2016-03-02,11,La Liga,27,male,Athletic Club,RC Deportivo La Coruña,elite,experiment2_topology_permutation,2,242,B-GNN-observed,1,1,0.9739510416984558,,
3825798,2016-03-02,11,La Liga,27,male,Levante UD,Real Madrid,elite,experiment2_topology_permutation,2,242,B-GNN-observed,0,0,0.3440699577331543,,
3825799,2016-03-02,11,La Liga,27,male,Málaga,Valencia,elite,experiment2_topology_permutation,2,242,B-GNN-observed,0,0,0.1463303714990615,,
3825800,2016-03-02,11,La Liga,27,male,Celta Vigo,Villarreal,elite,experiment2_topology_permutation,2,242,B-GNN-observed,0,1,0.6678093075752258,,
3825801,2016-03-02,11,La Liga,27,male,Sevilla,Eibar,elite,experiment2_topology_permutation,2,242,B-GNN-observed,1,1,0.6352957487106323,,
266653,2016-03-03,11,La Liga,27,male,Rayo Vallecano,Barcelona,elite,experiment2_topology_permutation,2,242,B-GNN-observed,0,0,0.2544691264629364,,
3825802,2016-03-03,11,La Liga,27,male,Espanyol,Real Betis,elite,experiment2_topology_permutation,2,242,B-GNN-observed,0,0,0.2537936270236969,,
3825803,2016-03-03,11,La Liga,27,male,Granada,Sporting Gijón,elite,experiment2_topology_permutation,2,242,B-GNN-observed,1,1,0.7150127291679382,,
3825804,2016-03-05,11,La Liga,27,male,RC Deportivo La Coruña,Málaga,elite,experiment2_topology_permutation,2,242,B-GNN-observed,0,1,0.8245985507965088,,
3825805,2016-03-05,11,La Liga,27,male,Villarreal,Las Palmas,elite,experiment2_topology_permutation,2,242,B-GNN-observed,0,0,0.3376387059688568,,
3825806,2016-03-05,11,La Liga,27,male,Real Madrid,Celta Vigo,elite,experiment2_topology_permutation,2,242,B-GNN-observed,1,1,0.8911553025245667,,
3825867,2016-03-05,11,La Liga,27,male,Getafe,Sevilla,elite,experiment2_topology_permutation,2,242,B-GNN-observed,0,0,0.2410611063241958,,
266056,2016-03-06,11,La Liga,27,male,Eibar,Barcelona,elite,experiment2_topology_permutation,2,242,B-GNN-observed,0,0,0.2347966581583023,,
3825807,2016-03-06,11,La Liga,27,male,Valencia,Atlético Madrid,elite,experiment2_topology_permutation,2,242,B-GNN-observed,0,0,0.2037897408008575,,
3825808,2016-03-06,11,La Liga,27,male,Sporting Gijón,Athletic Club,elite,experiment2_topology_permutation,2,242,B-GNN-observed,0,0,0.1384285688400268,,
3825809,2016-03-06,11,La Liga,27,male,Real Betis,Granada,elite,experiment2_topology_permutation,2,242,B-GNN-observed,1,0,0.1476465761661529,,
3825810,2016-03-06,11,La Liga,27,male,Real Sociedad,Levante UD,elite,experiment2_topology_permutation,2,242,B-GNN-observed,0,0,0.3806948661804199,,
3825811,2016-03-07,11,La Liga,27,male,Espanyol,Rayo Vallecano,elite,experiment2_topology_permutation,2,242,B-GNN-observed,1,1,0.5348277688026428,,
3825812,2016-03-11,11,La Liga,27,male,Málaga,Sporting Gijón,elite,experiment2_topology_permutation,2,242,B-GNN-observed,1,0,0.2407496869564056,,
266498,2016-03-12,11,La Liga,27,male,Barcelona,Getafe,elite,experiment2_topology_permutation,2,242,B-GNN-observed,1,1,0.9724383354187012,,
3825813,2016-03-12,11,La Liga,27,male,Atlético Madrid,RC Deportivo La Coruña,elite,experiment2_topology_permutation,2,242,B-GNN-observed,1,1,0.9025444984436036,,
3825814,2016-03-12,11,La Liga,27,male,Celta Vigo,Real Sociedad,elite,experiment2_topology_permutation,2,242,B-GNN-observed,1,0,0.1412601023912429,,
3825858,2016-03-12,11,La Liga,27,male,Rayo Vallecano,Eibar,elite,experiment2_topology_permutation,2,242,B-GNN-observed,0,0,0.4059256911277771,,
3825815,2016-03-13,11,La Liga,27,male,Levante UD,Valencia,elite,experiment2_topology_permutation,2,242,B-GNN-observed,1,0,0.1977524310350418,,
3825816,2016-03-13,11,La Liga,27,male,Sevilla,Villarreal,elite,experiment2_topology_permutation,2,242,B-GNN-observed,1,1,0.966378390789032,,
3825844,2016-03-13,11,La Liga,27,male,Athletic Club,Real Betis,elite,experiment2_topology_permutation,2,242,B-GNN-observed,1,1,0.7481865286827087,,
3825879,2016-03-13,11,La Liga,27,male,Las Palmas,Real Madrid,elite,experiment2_topology_permutation,2,242,B-GNN-observed,0,1,0.6637073159217834,,
3825881,2016-03-14,11,La Liga,27,male,Granada,Espanyol,elite,experiment2_topology_permutation,2,242,B-GNN-observed,0,0,0.1304227709770202,,
3825817,2016-03-18,11,La Liga,27,male,Getafe,Eibar,elite,experiment2_topology_permutation,2,242,B-GNN-observed,0,0,0.195906177163124,,
3825818,2016-03-19,11,La Liga,27,male,Real Sociedad,Las Palmas,elite,experiment2_topology_permutation,2,242,B-GNN-observed,0,0,0.1991620808839798,,
3825880,2016-03-19,11,La Liga,27,male,RC Deportivo La Coruña,Levante UD,elite,experiment2_topology_permutation,2,242,B-GNN-observed,1,1,0.5181732177734375,,
3825887,2016-03-19,11,La Liga,27,male,Granada,Rayo Vallecano,elite,experiment2_topology_permutation,2,242,B-GNN-observed,0,1,0.5115311145782471,,
3825903,2016-03-19,11,La Liga,27,male,Real Betis,Málaga,elite,experiment2_topology_permutation,2,242,B-GNN-observed,0,0,0.3424012362957001,,
3825907,2016-03-19,11,La Liga,27,male,Sporting Gijón,Atlético Madrid,elite,experiment2_topology_permutation,2,242,B-GNN-observed,1,1,0.658746063709259,,
266106,2016-03-20,11,La Liga,27,male,Villarreal,Barcelona,elite,experiment2_topology_permutation,2,242,B-GNN-observed,0,1,0.6029344201087952,,
3825819,2016-03-20,11,La Liga,27,male,Valencia,Celta Vigo,elite,experiment2_topology_permutation,2,242,B-GNN-observed,0,0,0.3723604381084442,,
3825820,2016-03-20,11,La Liga,27,male,Real Madrid,Sevilla,elite,experiment2_topology_permutation,2,242,B-GNN-observed,1,1,0.9960675239562988,,
3825821,2016-03-20,11,La Liga,27,male,Espanyol,Athletic Club,elite,experiment2_topology_permutation,2,242,B-GNN-observed,1,1,0.5512080788612366,,
3825885,2016-04-01,11,La Liga,27,male,Rayo Vallecano,Getafe,elite,experiment2_topology_permutation,2,242,B-GNN-observed,1,1,0.9754526615142822,,
267533,2016-04-02,11,La Liga,27,male,Barcelona,Real Madrid,elite,experiment2_topology_permutation,2,242,B-GNN-observed,0,1,0.6385726928710938,,
3825822,2016-04-02,11,La Liga,27,male,Las Palmas,Valencia,elite,experiment2_topology_permutation,2,242,B-GNN-observed,1,1,0.5645519495010376,,
3825872,2016-04-02,11,La Liga,27,male,Atlético Madrid,Real Betis,elite,experiment2_topology_permutation,2,242,B-GNN-observed,1,1,0.964163601398468,,
3825898,2016-04-02,11,La Liga,27,male,Celta Vigo,RC Deportivo La Coruña,elite,experiment2_topology_permutation,2,242,B-GNN-observed,0,0,0.371059387922287,,
3825823,2016-04-03,11,La Liga,27,male,Sevilla,Real Sociedad,elite,experiment2_topology_permutation,2,242,B-GNN-observed,0,1,0.7540772557258606,,
3825824,2016-04-03,11,La Liga,27,male,Eibar,Villarreal,elite,experiment2_topology_permutation,2,242,B-GNN-observed,0,0,0.1756837218999862,,
3825877,2016-04-03,11,La Liga,27,male,Athletic Club,Granada,elite,experiment2_topology_permutation,2,242,B-GNN-observed,0,1,0.8804018497467041,,
3825905,2016-04-03,11,La Liga,27,male,Málaga,Espanyol,elite,experiment2_topology_permutation,2,242,B-GNN-observed,0,1,0.526628851890564,,
3825825,2016-04-04,11,La Liga,27,male,Levante UD,Sporting Gijón,elite,experiment2_topology_permutation,2,242,B-GNN-observed,0,0,0.3617070913314819,,
3825826,2016-04-08,11,La Liga,27,male,Granada,Málaga,elite,experiment2_topology_permutation,2,242,B-GNN-observed,0,0,0.2364260405302047,,
266664,2016-04-09,11,La Liga,27,male,Real Sociedad,Barcelona,elite,experiment2_topology_permutation,2,242,B-GNN-observed,1,0,0.1912947297096252,,
3825827,2016-04-09,11,La Liga,27,male,Real Betis,Levante UD,elite,experiment2_topology_permutation,2,242,B-GNN-observed,1,0,0.2478522360324859,,
3825828,2016-04-09,11,La Liga,27,male,Espanyol,Atlético Madrid,elite,experiment2_topology_permutation,2,242,B-GNN-observed,0,0,0.2340813428163528,,
3825856,2016-04-09,11,La Liga,27,male,Real Madrid,Eibar,elite,experiment2_topology_permutation,2,242,B-GNN-observed,1,1,0.9610010385513306,,
3825829,2016-04-10,11,La Liga,27,male,Athletic Club,Rayo Vallecano,elite,experiment2_topology_permutation,2,242,B-GNN-observed,1,0,0.2115458399057388,,
3825830,2016-04-10,11,La Liga,27,male,Villarreal,Getafe,elite,experiment2_topology_permutation,2,242,B-GNN-observed,1,0,0.415844976902008,,
3825831,2016-04-10,11,La Liga,27,male,Valencia,Sevilla,elite,experiment2_topology_permutation,2,242,B-GNN-observed,1,0,0.4361136555671692,,
3825832,2016-04-10,11,La Liga,27,male,Sporting Gijón,Celta Vigo,elite,experiment2_topology_permutation,2,242,B-GNN-observed,0,0,0.1451407074928283,,
3825863,2016-04-11,11,La Liga,27,male,RC Deportivo La Coruña,Las Palmas,elite,experiment2_topology_permutation,2,242,B-GNN-observed,0,0,0.2711496949195862,,
3825857,2016-04-15,11,La Liga,27,male,Levante UD,Espanyol,elite,experiment2_topology_permutation,2,242,B-GNN-observed,1,0,0.2706591188907623,,
3825833,2016-04-16,11,La Liga,27,male,Getafe,Real Madrid,elite,experiment2_topology_permutation,2,242,B-GNN-observed,0,0,0.2468321025371551,,
3825852,2016-04-16,11,La Liga,27,male,Las Palmas,Sporting Gijón,elite,experiment2_topology_permutation,2,242,B-GNN-observed,0,0,0.3673878908157348,,
3825889,2016-04-16,11,La Liga,27,male,Celta Vigo,Real Betis,elite,experiment2_topology_permutation,2,242,B-GNN-observed,0,1,0.5520607829093933,,
3825897,2016-04-16,11,La Liga,27,male,Eibar,Real Sociedad,elite,experiment2_topology_permutation,2,242,B-GNN-observed,1,0,0.3853804171085357,,
266557,2016-04-17,11,La Liga,27,male,Barcelona,Valencia,elite,experiment2_topology_permutation,2,242,B-GNN-observed,0,1,0.8160128593444824,,
3825834,2016-04-17,11,La Liga,27,male,Atlético Madrid,Granada,elite,experiment2_topology_permutation,2,242,B-GNN-observed,1,1,0.5407386422157288,,
3825835,2016-04-17,11,La Liga,27,male,Málaga,Athletic Club,elite,experiment2_topology_permutation,2,242,B-GNN-observed,0,0,0.2817219495773315,,
3825836,2016-04-17,11,La Liga,27,male,Rayo Vallecano,Villarreal,elite,experiment2_topology_permutation,2,242,B-GNN-observed,1,1,0.7504141330718994,,
3825906,2016-04-17,11,La Liga,27,male,Sevilla,RC Deportivo La Coruña,elite,experiment2_topology_permutation,2,242,B-GNN-observed,0,1,0.50066077709198,,
3825837,2016-04-19,11,La Liga,27,male,Real Betis,Las Palmas,elite,experiment2_topology_permutation,2,242,B-GNN-observed,1,0,0.3400823473930359,,
3825862,2016-04-19,11,La Liga,27,male,Espanyol,Celta Vigo,elite,experiment2_topology_permutation,2,242,B-GNN-observed,0,0,0.28410205245018,,
266310,2016-04-20,11,La Liga,27,male,RC Deportivo La Coruña,Barcelona,elite,experiment2_topology_permutation,2,242,B-GNN-observed,0,1,0.5174638628959656,,
3825838,2016-04-20,11,La Liga,27,male,Athletic Club,Atlético Madrid,elite,experiment2_topology_permutation,2,242,B-GNN-observed,0,0,0.2888906896114349,,
3825839,2016-04-20,11,La Liga,27,male,Sporting Gijón,Sevilla,elite,experiment2_topology_permutation,2,242,B-GNN-observed,1,0,0.3125814199447632,,
3825840,2016-04-20,11,La Liga,27,male,Valencia,Eibar,elite,experiment2_topology_permutation,2,242,B-GNN-observed,1,1,0.9905956983566284,,
3825843,2016-04-20,11,La Liga,27,male,Málaga,Rayo Vallecano,elite,experiment2_topology_permutation,2,242,B-GNN-observed,0,0,0.3497234284877777,,
3825893,2016-04-20,11,La Liga,27,male,Real Madrid,Villarreal,elite,experiment2_topology_permutation,2,242,B-GNN-observed,1,1,0.844380795955658,,
3825841,2016-04-21,11,La Liga,27,male,Real Sociedad,Getafe,elite,experiment2_topology_permutation,2,242,B-GNN-observed,0,0,0.4101165533065796,,
3825896,2016-04-21,11,La Liga,27,male,Granada,Levante UD,elite,experiment2_topology_permutation,2,242,B-GNN-observed,1,1,0.995940089225769,,
3825871,2016-04-22,11,La Liga,27,male,Las Palmas,Espanyol,elite,experiment2_topology_permutation,2,242,B-GNN-observed,1,1,0.5540891885757446,,
265944,2016-04-23,11,La Liga,27,male,Barcelona,Sporting Gijón,elite,experiment2_topology_permutation,2,242,B-GNN-observed,1,1,0.9986041188240052,,
3825847,2016-04-23,11,La Liga,27,male,Eibar,RC Deportivo La Coruña,elite,experiment2_topology_permutation,2,242,B-GNN-observed,0,0,0.3305230736732483,,
3825886,2016-04-23,11,La Liga,27,male,Rayo Vallecano,Real Madrid,elite,experiment2_topology_permutation,2,242,B-GNN-observed,0,0,0.3955255448818207,,
3825890,2016-04-23,11,La Liga,27,male,Atlético Madrid,Málaga,elite,experiment2_topology_permutation,2,242,B-GNN-observed,1,0,0.2204625159502029,,
3825842,2016-04-24,11,La Liga,27,male,Levante UD,Athletic Club,elite,experiment2_topology_permutation,2,242,B-GNN-observed,0,0,0.1887276023626327,,
3825875,2016-04-24,11,La Liga,27,male,Villarreal,Real Sociedad,elite,experiment2_topology_permutation,2,242,B-GNN-observed,0,0,0.1944841891527176,,
3825884,2016-04-24,11,La Liga,27,male,Sevilla,Real Betis,elite,experiment2_topology_permutation,2,242,B-GNN-observed,1,0,0.3319487273693084,,
3825899,2016-04-24,11,La Liga,27,male,Getafe,Valencia,elite,experiment2_topology_permutation,2,242,B-GNN-observed,0,0,0.3550574779510498,,
3825868,2016-04-25,11,La Liga,27,male,Celta Vigo,Granada,elite,experiment2_topology_permutation,2,242,B-GNN-observed,1,1,0.9373725652694702,,
3825854,2016-04-29,11,La Liga,27,male,Sporting Gijón,Eibar,elite,experiment2_topology_permutation,2,242,B-GNN-observed,1,0,0.2049393057823181,,
266986,2016-04-30,11,La Liga,27,male,Real Betis,Barcelona,elite,experiment2_topology_permutation,2,242,B-GNN-observed,0,0,0.0980987027287483,,
3825859,2016-04-30,11,La Liga,27,male,Granada,Las Palmas,elite,experiment2_topology_permutation,2,242,B-GNN-observed,1,0,0.4775177836418152,,
3825864,2016-04-30,11,La Liga,27,male,Real Sociedad,Real Madrid,elite,experiment2_topology_permutation,2,242,B-GNN-observed,0,0,0.2684248089790344,,
3825878,2016-04-30,11,La Liga,27,male,Atlético Madrid,Rayo Vallecano,elite,experiment2_topology_permutation,2,242,B-GNN-observed,1,0,0.1723512709140777,,
3825845,2016-05-01,11,La Liga,27,male,Espanyol,Sevilla,elite,experiment2_topology_permutation,2,242,B-GNN-observed,1,0,0.3309035897254944,,
3825870,2016-05-01,11,La Liga,27,male,Athletic Club,Celta Vigo,elite,experiment2_topology_permutation,2,242,B-GNN-observed,1,1,0.5222330093383789,,
3825873,2016-05-01,11,La Liga,27,male,Valencia,Villarreal,elite,experiment2_topology_permutation,2,242,B-GNN-observed,0,0,0.3756978511810303,,
3825894,2016-05-01,11,La Liga,27,male,RC Deportivo La Coruña,Getafe,elite,experiment2_topology_permutation,2,242,B-GNN-observed,0,0,0.1799169331789016,,
3825855,2016-05-02,11,La Liga,27,male,Málaga,Levante UD,elite,experiment2_topology_permutation,2,242,B-GNN-observed,1,0,0.4927381575107574,,
265958,2016-05-08,11,La Liga,27,male,Barcelona,Espanyol,elite,experiment2_topology_permutation,2,242,B-GNN-observed,1,1,0.7491093873977661,,
3825850,2016-05-08,11,La Liga,27,male,Celta Vigo,Málaga,elite,experiment2_topology_permutation,2,242,B-GNN-observed,1,1,0.7332245707511902,,
3825851,2016-05-08,11,La Liga,27,male,Villarreal,RC Deportivo La Coruña,elite,experiment2_topology_permutation,2,242,B-GNN-observed,0,1,0.582687497138977,,
3825853,2016-05-08,11,La Liga,27,male,Sevilla,Granada,elite,experiment2_topology_permutation,2,242,B-GNN-observed,0,0,0.2590923607349396,,
3825860,2016-05-08,11,La Liga,27,male,Levante UD,Atlético Madrid,elite,experiment2_topology_permutation,2,242,B-GNN-observed,1,0,0.4283841848373413,,
3825861,2016-05-08,11,La Liga,27,male,Real Sociedad,Rayo Vallecano,elite,experiment2_topology_permutation,2,242,B-GNN-observed,1,0,0.3665991723537445,,
3825865,2016-05-08,11,La Liga,27,male,Getafe,Sporting Gijón,elite,experiment2_topology_permutation,2,242,B-GNN-observed,0,0,0.2280732691287994,,
3825866,2016-05-08,11,La Liga,27,male,Las Palmas,Athletic Club,elite,experiment2_topology_permutation,2,242,B-GNN-observed,0,0,0.3411650657653808,,
3825901,2016-05-08,11,La Liga,27,male,Real Madrid,Valencia,elite,experiment2_topology_permutation,2,242,B-GNN-observed,1,1,0.9533864259719848,,
3825904,2016-05-08,11,La Liga,27,male,Eibar,Real Betis,elite,experiment2_topology_permutation,2,242,B-GNN-observed,0,0,0.4281438887119293,,
3825849,2016-05-13,11,La Liga,27,male,Valencia,Real Sociedad,elite,experiment2_topology_permutation,2,242,B-GNN-observed,0,0,0.4394745528697967,,
267506,2016-05-14,11,La Liga,27,male,Granada,Barcelona,elite,experiment2_topology_permutation,2,242,B-GNN-observed,0,0,0.1696511507034301,,
3825846,2016-05-14,11,La Liga,27,male,RC Deportivo La Coruña,Real Madrid,elite,experiment2_topology_permutation,2,242,B-GNN-observed,0,0,0.3801452815532684,,
3825869,2016-05-14,11,La Liga,27,male,Athletic Club,Sevilla,elite,experiment2_topology_permutation,2,242,B-GNN-observed,1,1,0.956198513507843,,
3825882,2016-05-14,11,La Liga,27,male,Atlético Madrid,Celta Vigo,elite,experiment2_topology_permutation,2,242,B-GNN-observed,1,0,0.3633630871772766,,
3825876,2016-05-15,11,La Liga,27,male,Real Betis,Getafe,elite,experiment2_topology_permutation,2,242,B-GNN-observed,1,1,0.8570273518562317,,
3825883,2016-05-15,11,La Liga,27,male,Málaga,Las Palmas,elite,experiment2_topology_permutation,2,242,B-GNN-observed,1,1,0.5244459509849548,,
3825900,2016-05-15,11,La Liga,27,male,Sporting Gijón,Villarreal,elite,experiment2_topology_permutation,2,242,B-GNN-observed,1,0,0.4677412509918213,,
3825902,2016-05-15,11,La Liga,27,male,Rayo Vallecano,Levante UD,elite,experiment2_topology_permutation,2,242,B-GNN-observed,1,1,0.8732157945632935,,
3825908,2016-05-15,11,La Liga,27,male,Espanyol,Eibar,elite,experiment2_topology_permutation,2,242,B-GNN-observed,1,1,0.6365983486175537,,
267670,2016-08-20,11,La Liga,2,male,Barcelona,Real Betis,elite,experiment2_topology_permutation,2,242,B-GNN-observed,1,1,0.9933933615684508,,
266892,2016-08-28,11,La Liga,2,male,Athletic Club,Barcelona,elite,experiment2_topology_permutation,2,242,B-GNN-observed,0,0,0.2032373547554016,,
267220,2016-09-21,11,La Liga,2,male,Barcelona,Atlético Madrid,elite,experiment2_topology_permutation,2,242,B-GNN-observed,0,1,0.8037531971931458,,
267492,2016-10-15,11,La Liga,2,male,Barcelona,RC Deportivo La Coruña,elite,experiment2_topology_permutation,2,242,B-GNN-observed,1,1,0.7409353852272034,,
266033,2016-10-22,11,La Liga,2,male,Valencia,Barcelona,elite,experiment2_topology_permutation,2,242,B-GNN-observed,0,0,0.2717945277690887,,
267058,2016-10-29,11,La Liga,2,male,Barcelona,Granada,elite,experiment2_topology_permutation,2,242,B-GNN-observed,1,1,0.801253080368042,,
266989,2016-11-06,11,La Liga,2,male,Sevilla,Barcelona,elite,experiment2_topology_permutation,2,242,B-GNN-observed,0,1,0.5333514213562012,,
266191,2016-11-27,11,La Liga,2,male,Real Sociedad,Barcelona,elite,experiment2_topology_permutation,2,242,B-GNN-observed,0,1,0.6413470506668091,,
267076,2016-12-03,11,La Liga,2,male,Barcelona,Real Madrid,elite,experiment2_topology_permutation,2,242,B-GNN-observed,0,1,0.7231833934783936,,
266357,2016-12-10,11,La Liga,2,male,Osasuna,Barcelona,elite,experiment2_topology_permutation,3,342,B-GNN-observed,0,0,0.0445535294711589,,
266528,2016-12-18,11,La Liga,2,male,Barcelona,Espanyol,elite,experiment2_topology_permutation,3,342,B-GNN-observed,1,1,0.9780616760253906,,
266477,2017-01-08,11,La Liga,2,male,Villarreal,Barcelona,elite,experiment2_topology_permutation,3,342,B-GNN-observed,0,0,0.2643754780292511,,
267395,2017-01-14,11,La Liga,2,male,Barcelona,Las Palmas,elite,experiment2_topology_permutation,3,342,B-GNN-observed,1,1,0.9916862845420836,,
266731,2017-01-22,11,La Liga,2,male,Eibar,Barcelona,elite,experiment2_topology_permutation,3,342,B-GNN-observed,0,0,0.2411036491394043,,
266516,2017-01-29,11,La Liga,2,male,Real Betis,Barcelona,elite,experiment2_topology_permutation,3,342,B-GNN-observed,0,1,0.6277292370796204,,
266874,2017-02-04,11,La Liga,2,male,Barcelona,Athletic Club,elite,experiment2_topology_permutation,3,342,B-GNN-observed,1,0,0.4074591398239136,,
267464,2017-02-26,11,La Liga,2,male,Atlético Madrid,Barcelona,elite,experiment2_topology_permutation,3,342,B-GNN-observed,0,0,0.2063701301813125,,
265952,2017-03-01,11,La Liga,2,male,Barcelona,Sporting Gijón,elite,experiment2_topology_permutation,3,342,B-GNN-observed,1,1,0.9256079196929932,,
266299,2017-03-04,11,La Liga,2,male,Barcelona,Celta Vigo,elite,experiment2_topology_permutation,3,342,B-GNN-observed,1,1,0.842877209186554,,
267660,2017-03-12,11,La Liga,2,male,RC Deportivo La Coruña,Barcelona,elite,experiment2_topology_permutation,3,342,B-GNN-observed,1,1,0.5588765740394592,,
266440,2017-03-19,11,La Liga,2,male,Barcelona,Valencia,elite,experiment2_topology_permutation,3,342,B-GNN-observed,1,1,0.962885320186615,,
266280,2017-04-05,11,La Liga,2,male,Barcelona,Sevilla,elite,experiment2_topology_permutation,3,342,B-GNN-observed,1,1,0.7521046996116638,,
267590,2017-04-08,11,La Liga,2,male,Málaga,Barcelona,elite,experiment2_topology_permutation,3,342,B-GNN-observed,1,0,0.1673815250396728,,
267373,2017-04-15,11,La Liga,2,male,Barcelona,Real Sociedad,elite,experiment2_topology_permutation,3,342,B-GNN-observed,1,1,0.9566285610198976,,
267569,2017-04-23,11,La Liga,2,male,Real Madrid,Barcelona,elite,experiment2_topology_permutation,3,342,B-GNN-observed,0,1,0.7124283313751221,,
267101,2017-04-26,11,La Liga,2,male,Barcelona,Osasuna,elite,experiment2_topology_permutation,3,342,B-GNN-observed,1,1,0.9818434119224548,,
267077,2017-04-29,11,La Liga,2,male,Espanyol,Barcelona,elite,experiment2_topology_permutation,3,342,B-GNN-observed,0,0,0.2553971707820892,,
266952,2017-05-06,11,La Liga,2,male,Barcelona,Villarreal,elite,experiment2_topology_permutation,3,342,B-GNN-observed,1,1,0.995128870010376,,
267039,2017-05-14,11,La Liga,2,male,Las Palmas,Barcelona,elite,experiment2_topology_permutation,3,342,B-GNN-observed,0,0,0.198616623878479,,
267432,2017-05-21,11,La Liga,2,male,Barcelona,Eibar,elite,experiment2_topology_permutation,3,342,B-GNN-observed,1,1,0.9992510676383972,,
9575,2017-08-20,11,La Liga,1,male,Barcelona,Real Betis,elite,experiment2_topology_permutation,3,342,B-GNN-observed,1,1,0.7770883440971375,,
9581,2017-08-26,11,La Liga,1,male,Deportivo Alavés,Barcelona,elite,experiment2_topology_permutation,3,342,B-GNN-observed,0,0,0.1587040722370147,,
9592,2017-09-09,11,La Liga,1,male,Barcelona,Espanyol,elite,experiment2_topology_permutation,3,342,B-GNN-observed,1,1,0.9980756044387816,,
9602,2017-09-16,11,La Liga,1,male,Getafe,Barcelona,elite,experiment2_topology_permutation,3,342,B-GNN-observed,0,0,0.1811138540506363,,
9609,2017-09-19,11,La Liga,1,male,Barcelona,Eibar,elite,experiment2_topology_permutation,3,342,B-GNN-observed,1,1,0.9626457691192628,,
9636,2017-10-01,11,La Liga,1,male,Barcelona,Las Palmas,elite,experiment2_topology_permutation,3,342,B-GNN-observed,1,1,0.99989914894104,,
9642,2017-10-14,11,La Liga,1,male,Atlético Madrid,Barcelona,elite,experiment2_topology_permutation,3,342,B-GNN-observed,0,0,0.4379688203334808,,
9650,2017-10-21,11,La Liga,1,male,Barcelona,Málaga,elite,experiment2_topology_permutation,3,342,B-GNN-observed,1,1,0.9864932894706726,,
9661,2017-10-28,11,La Liga,1,male,Athletic Club,Barcelona,elite,experiment2_topology_permutation,3,342,B-GNN-observed,0,0,0.3731172978878021,,
9673,2017-11-04,11,La Liga,1,male,Barcelona,Sevilla,elite,experiment2_topology_permutation,3,342,B-GNN-observed,1,1,0.7737689018249512,,
9695,2017-11-26,11,La Liga,1,male,Valencia,Barcelona,elite,experiment2_topology_permutation,3,342,B-GNN-observed,0,1,0.5553115010261536,,
9700,2017-12-02,11,La Liga,1,male,Barcelona,Celta Vigo,elite,experiment2_topology_permutation,3,342,B-GNN-observed,0,1,0.9992755055427552,,
9717,2017-12-10,11,La Liga,1,male,Villarreal,Barcelona,elite,experiment2_topology_permutation,3,342,B-GNN-observed,0,1,0.549042820930481,,
9726,2017-12-17,11,La Liga,1,male,Barcelona,RC Deportivo La Coruña,elite,experiment2_topology_permutation,3,342,B-GNN-observed,1,1,0.999975323677063,,
9736,2017-12-23,11,La Liga,1,male,Real Madrid,Barcelona,elite,experiment2_topology_permutation,3,342,B-GNN-observed,0,0,0.4976173639297485,,
9742,2018-01-07,11,La Liga,1,male,Barcelona,Levante UD,elite,experiment2_topology_permutation,3,342,B-GNN-observed,1,1,0.9947482943534852,,
9754,2018-01-14,11,La Liga,1,male,Real Sociedad,Barcelona,elite,experiment2_topology_permutation,3,342,B-GNN-observed,0,1,0.5531499981880188,,
9765,2018-01-21,11,La Liga,1,male,Real Betis,Barcelona,elite,experiment2_topology_permutation,3,342,B-GNN-observed,0,1,0.609146773815155,,
9774,2018-01-28,11,La Liga,1,male,Barcelona,Deportivo Alavés,elite,experiment2_topology_permutation,3,342,B-GNN-observed,1,1,0.9767439365386964,,
9783,2018-02-04,11,La Liga,1,male,Espanyol,Barcelona,elite,experiment2_topology_permutation,3,342,B-GNN-observed,0,0,0.1958959251642227,,
9794,2018-02-11,11,La Liga,1,male,Barcelona,Getafe,elite,experiment2_topology_permutation,3,342,B-GNN-observed,0,1,0.8614838123321533,,
9799,2018-02-17,11,La Liga,1,male,Eibar,Barcelona,elite,experiment2_topology_permutation,3,342,B-GNN-observed,0,0,0.2943113446235657,,
9827,2018-03-01,11,La Liga,1,male,Las Palmas,Barcelona,elite,experiment2_topology_permutation,3,342,B-GNN-observed,0,0,0.2677539885044098,,
9837,2018-03-04,11,La Liga,1,male,Barcelona,Atlético Madrid,elite,experiment2_topology_permutation,3,342,B-GNN-observed,1,1,0.5770329236984253,,
9855,2018-03-18,11,La Liga,1,male,Barcelona,Athletic Club,elite,experiment2_topology_permutation,3,342,B-GNN-observed,1,1,0.7200859189033508,,
9860,2018-03-31,11,La Liga,1,male,Sevilla,Barcelona,elite,experiment2_topology_permutation,3,342,B-GNN-observed,0,1,0.945641279220581,,
9870,2018-04-07,11,La Liga,1,male,Barcelona,Leganés,elite,experiment2_topology_permutation,3,342,B-GNN-observed,1,1,0.9895793795585632,,
9880,2018-04-14,11,La Liga,1,male,Barcelona,Valencia,elite,experiment2_topology_permutation,3,342,B-GNN-observed,1,1,0.9514091610908508,,
9889,2018-04-17,11,La Liga,1,male,Celta Vigo,Barcelona,elite,experiment2_topology_permutation,3,342,B-GNN-observed,0,1,0.8853530883789062,,
9912,2018-04-29,11,La Liga,1,male,RC Deportivo La Coruña,Barcelona,elite,experiment2_topology_permutation,4,442,B-GNN-observed,0,1,0.6127128005027771,,
9924,2018-05-06,11,La Liga,1,male,Barcelona,Real Madrid,elite,experiment2_topology_permutation,4,442,B-GNN-observed,0,1,0.6531310081481934,,
9928,2018-05-09,11,La Liga,1,male,Barcelona,Villarreal,elite,experiment2_topology_permutation,4,442,B-GNN-observed,1,1,0.9272429943084716,,
9948,2018-05-20,11,La Liga,1,male,Barcelona,Real Sociedad,elite,experiment2_topology_permutation,4,442,B-GNN-observed,1,1,0.5320984125137329,,
15946,2018-08-18,11,La Liga,4,male,Barcelona,Deportivo Alavés,elite,experiment2_topology_permutation,4,442,B-GNN-observed,1,1,0.8628221750259399,,
15956,2018-08-25,11,La Liga,4,male,Real Valladolid,Barcelona,elite,experiment2_topology_permutation,4,442,B-GNN-observed,0,0,0.2355097830295562,,
15978,2018-09-15,11,La Liga,4,male,Real Sociedad,Barcelona,elite,experiment2_topology_permutation,4,442,B-GNN-observed,0,0,0.4297532141208648,,
15998,2018-09-26,11,La Liga,4,male,Leganés,Barcelona,elite,experiment2_topology_permutation,4,442,B-GNN-observed,1,0,0.3697003722190857,,
16010,2018-09-29,11,La Liga,4,male,Barcelona,Athletic Club,elite,experiment2_topology_permutation,4,442,B-GNN-observed,0,1,0.8813173770904541,,
16023,2018-10-07,11,La Liga,4,male,Valencia,Barcelona,elite,experiment2_topology_permutation,4,442,B-GNN-observed,0,0,0.3700399398803711,,
16029,2018-10-20,11,La Liga,4,male,Barcelona,Sevilla,elite,experiment2_topology_permutation,4,442,B-GNN-observed,1,1,0.8569564819335938,,
16056,2018-11-11,11,La Liga,4,male,Barcelona,Real Betis,elite,experiment2_topology_permutation,4,442,B-GNN-observed,0,1,0.9802912473678588,,
16073,2018-11-24,11,La Liga,4,male,Atlético Madrid,Barcelona,elite,experiment2_topology_permutation,4,442,B-GNN-observed,0,0,0.3019421100616455,,
16079,2018-12-02,11,La Liga,4,male,Barcelona,Villarreal,elite,experiment2_topology_permutation,4,442,B-GNN-observed,1,1,0.7343578934669495,,
16086,2018-12-08,11,La Liga,4,male,Espanyol,Barcelona,elite,experiment2_topology_permutation,4,442,B-GNN-observed,0,0,0.4471990168094635,,
16095,2018-12-16,11,La Liga,4,male,Levante UD,Barcelona,elite,experiment2_topology_permutation,4,442,B-GNN-observed,0,0,0.3426003754138946,,
16109,2018-12-22,11,La Liga,4,male,Barcelona,Celta Vigo,elite,experiment2_topology_permutation,4,442,B-GNN-observed,1,1,0.640998899936676,,
16120,2019-01-06,11,La Liga,4,male,Getafe,Barcelona,elite,experiment2_topology_permutation,4,442,B-GNN-observed,0,0,0.3821230828762054,,
16131,2019-01-13,11,La Liga,4,male,Barcelona,Eibar,elite,experiment2_topology_permutation,4,442,B-GNN-observed,1,1,0.7321543097496033,,
16136,2019-01-20,11,La Liga,4,male,Barcelona,Leganés,elite,experiment2_topology_permutation,4,442,B-GNN-observed,1,1,0.9272555112838744,,
16149,2019-01-27,11,La Liga,4,male,Girona,Barcelona,elite,experiment2_topology_permutation,4,442,B-GNN-observed,0,0,0.3423249423503876,,
16157,2019-02-02,11,La Liga,4,male,Barcelona,Valencia,elite,experiment2_topology_permutation,4,442,B-GNN-observed,0,1,0.9350398182868958,,
16173,2019-02-10,11,La Liga,4,male,Athletic Club,Barcelona,elite,experiment2_topology_permutation,4,442,B-GNN-observed,0,0,0.3910567462444305,,
16182,2019-02-16,11,La Liga,4,male,Barcelona,Real Valladolid,elite,experiment2_topology_permutation,4,442,B-GNN-observed,1,1,0.9902864098548888,,
16190,2019-02-23,11,La Liga,4,male,Sevilla,Barcelona,elite,experiment2_topology_permutation,4,442,B-GNN-observed,0,0,0.3302301168441772,,
16196,2019-03-02,11,La Liga,4,male,Real Madrid,Barcelona,elite,experiment2_topology_permutation,4,442,B-GNN-observed,0,0,0.400080919265747,,
16205,2019-03-09,11,La Liga,4,male,Barcelona,Rayo Vallecano,elite,experiment2_topology_permutation,4,442,B-GNN-observed,1,1,0.9354106187820436,,
16215,2019-03-17,11,La Liga,4,male,Real Betis,Barcelona,elite,experiment2_topology_permutation,4,442,B-GNN-observed,0,1,0.624310314655304,,
16231,2019-03-30,11,La Liga,4,male,Barcelona,Espanyol,elite,experiment2_topology_permutation,4,442,B-GNN-observed,1,1,0.7468085289001465,,
16240,2019-04-02,11,La Liga,4,male,Villarreal,Barcelona,elite,experiment2_topology_permutation,4,442,B-GNN-observed,0,1,0.6613243222236633,,
16248,2019-04-06,11,La Liga,4,male,Barcelona,Atlético Madrid,elite,experiment2_topology_permutation,4,442,B-GNN-observed,1,1,0.7779251337051392,,
16265,2019-04-20,11,La Liga,4,male,Barcelona,Real Sociedad,elite,experiment2_topology_permutation,4,442,B-GNN-observed,1,1,0.5781183242797852,,
16275,2019-04-23,11,La Liga,4,male,Deportivo Alavés,Barcelona,elite,experiment2_topology_permutation,4,442,B-GNN-observed,0,0,0.2574281990528106,,
16289,2019-04-27,11,La Liga,4,male,Barcelona,Levante UD,elite,experiment2_topology_permutation,4,442,B-GNN-observed,1,1,0.7215843796730042,,
16306,2019-05-12,11,La Liga,4,male,Barcelona,Getafe,elite,experiment2_topology_permutation,4,442,B-GNN-observed,1,1,0.8757039308547974,,
16317,2019-05-19,11,La Liga,4,male,Eibar,Barcelona,elite,experiment2_topology_permutation,4,442,B-GNN-observed,0,0,0.4213273823261261,,
303666,2019-09-21,11,La Liga,42,male,Granada,Barcelona,elite,experiment2_topology_permutation,4,442,B-GNN-observed,1,0,0.2542122304439544,,
303430,2019-09-24,11,La Liga,42,male,Barcelona,Villarreal,elite,experiment2_topology_permutation,4,442,B-GNN-observed,1,1,0.5944216847419739,,
303473,2019-10-06,11,La Liga,42,male,Barcelona,Sevilla,elite,experiment2_topology_permutation,4,442,B-GNN-observed,1,1,0.7182289361953735,,
303700,2019-10-19,11,La Liga,42,male,Eibar,Barcelona,elite,experiment2_topology_permutation,4,442,B-GNN-observed,0,0,0.3057059049606323,,
303600,2019-10-29,11,La Liga,42,male,Barcelona,Real Valladolid,elite,experiment2_topology_permutation,4,442,B-GNN-observed,1,1,0.8260082602500916,,
303504,2019-11-02,11,La Liga,42,male,Levante UD,Barcelona,elite,experiment2_topology_permutation,4,442,B-GNN-observed,1,0,0.3919545412063598,,
303487,2019-11-09,11,La Liga,42,male,Barcelona,Celta Vigo,elite,experiment2_topology_permutation,4,442,B-GNN-observed,1,1,0.881526529788971,,
303715,2019-11-23,11,La Liga,42,male,Leganés,Barcelona,elite,experiment2_topology_permutation,4,442,B-GNN-observed,0,0,0.1985949277877807,,
303524,2019-12-01,11,La Liga,42,male,Atlético Madrid,Barcelona,elite,experiment2_topology_permutation,4,442,B-GNN-observed,0,0,0.3682818114757538,,
303451,2019-12-07,11,La Liga,42,male,Barcelona,Mallorca,elite,experiment2_topology_permutation,4,442,B-GNN-observed,1,1,0.9528849124908448,,
303664,2019-12-14,11,La Liga,42,male,Real Sociedad,Barcelona,elite,experiment2_topology_permutation,4,442,B-GNN-observed,0,1,0.72068190574646,,
303596,2019-12-18,11,La Liga,42,male,Barcelona,Real Madrid,elite,experiment2_topology_permutation,4,442,B-GNN-observed,0,1,0.5340592265129089,,
303517,2019-12-21,11,La Liga,42,male,Barcelona,Deportivo Alavés,elite,experiment2_topology_permutation,4,442,B-GNN-observed,1,1,0.916603147983551,,
303652,2020-01-04,11,La Liga,42,male,Espanyol,Barcelona,elite,experiment2_topology_permutation,4,442,B-GNN-observed,0,0,0.2125125676393509,,
303610,2020-01-19,11,La Liga,42,male,Barcelona,Granada,elite,experiment2_topology_permutation,5,542,B-GNN-observed,1,1,0.9411567449569702,,
303400,2020-01-25,11,La Liga,42,male,Valencia,Barcelona,elite,experiment2_topology_permutation,5,542,B-GNN-observed,1,0,0.3060918748378753,,
303682,2020-02-02,11,La Liga,42,male,Barcelona,Levante UD,elite,experiment2_topology_permutation,5,542,B-GNN-observed,1,1,0.939160943031311,,
303707,2020-02-09,11,La Liga,42,male,Real Betis,Barcelona,elite,experiment2_topology_permutation,5,542,B-GNN-observed,0,1,0.6539089679718018,,
303377,2020-02-15,11,La Liga,42,male,Barcelona,Getafe,elite,experiment2_topology_permutation,5,542,B-GNN-observed,1,1,0.679875910282135,,
303731,2020-02-22,11,La Liga,42,male,Barcelona,Eibar,elite,experiment2_topology_permutation,5,542,B-GNN-observed,1,1,0.9914622902870178,,
303470,2020-03-01,11,La Liga,42,male,Real Madrid,Barcelona,elite,experiment2_topology_permutation,5,542,B-GNN-observed,1,1,0.6097258925437927,,
303479,2020-03-07,11,La Liga,42,male,Barcelona,Real Sociedad,elite,experiment2_topology_permutation,5,542,B-GNN-observed,1,1,0.8947060108184814,,
303548,2020-06-13,11,La Liga,42,male,Mallorca,Barcelona,elite,experiment2_topology_permutation,5,542,B-GNN-observed,0,0,0.2958456575870514,,
303532,2020-06-16,11,La Liga,42,male,Barcelona,Leganés,elite,experiment2_topology_permutation,5,542,B-GNN-observed,1,1,0.9585235714912416,,
303674,2020-06-19,11,La Liga,42,male,Sevilla,Barcelona,elite,experiment2_topology_permutation,5,542,B-GNN-observed,0,0,0.2307512462139129,,
303493,2020-06-23,11,La Liga,42,male,Barcelona,Athletic Club,elite,experiment2_topology_permutation,5,542,B-GNN-observed,1,1,0.7862486839294434,,
303516,2020-06-27,11,La Liga,42,male,Celta Vigo,Barcelona,elite,experiment2_topology_permutation,5,542,B-GNN-observed,0,0,0.2984163165092468,,
303696,2020-06-30,11,La Liga,42,male,Barcelona,Atlético Madrid,elite,experiment2_topology_permutation,5,542,B-GNN-observed,0,1,0.9115859270095824,,
303725,2020-07-05,11,La Liga,42,male,Villarreal,Barcelona,elite,experiment2_topology_permutation,5,542,B-GNN-observed,0,0,0.2068195194005966,,
303615,2020-07-08,11,La Liga,42,male,Barcelona,Espanyol,elite,experiment2_topology_permutation,5,542,B-GNN-observed,1,1,0.935826063156128,,
303680,2020-07-11,11,La Liga,42,male,Real Valladolid,Barcelona,elite,experiment2_topology_permutation,5,542,B-GNN-observed,0,0,0.2538107633590698,,
303634,2020-07-16,11,La Liga,42,male,Barcelona,Osasuna,elite,experiment2_topology_permutation,5,542,B-GNN-observed,0,1,0.8171396851539612,,
303421,2020-07-19,11,La Liga,42,male,Deportivo Alavés,Barcelona,elite,experiment2_topology_permutation,5,542,B-GNN-observed,0,0,0.2074627131223678,,
3773593,2020-09-27,11,La Liga,90,male,Barcelona,Villarreal,elite,experiment2_topology_permutation,5,542,B-GNN-observed,1,1,0.9852051138877868,,
3773466,2020-10-01,11,La Liga,90,male,Celta Vigo,Barcelona,elite,experiment2_topology_permutation,5,542,B-GNN-observed,0,0,0.15771484375,,
3773672,2020-10-04,11,La Liga,90,male,Barcelona,Sevilla,elite,experiment2_topology_permutation,5,542,B-GNN-observed,0,1,0.7192171216011047,,
3773587,2020-10-17,11,La Liga,90,male,Getafe,Barcelona,elite,experiment2_topology_permutation,5,542,B-GNN-observed,1,1,0.5790707468986511,,
3773585,2020-10-24,11,La Liga,90,male,Barcelona,Real Madrid,elite,experiment2_topology_permutation,5,542,B-GNN-observed,0,1,0.7978285551071167,,
3773386,2020-10-31,11,La Liga,90,male,Deportivo Alavés,Barcelona,elite,experiment2_topology_permutation,5,542,B-GNN-observed,0,0,0.3654958307743072,,
3773477,2020-11-07,11,La Liga,90,male,Barcelona,Real Betis,elite,experiment2_topology_permutation,5,542,B-GNN-observed,1,1,0.9914008975028992,,
3773656,2020-11-21,11,La Liga,90,male,Atlético Madrid,Barcelona,elite,experiment2_topology_permutation,5,542,B-GNN-observed,1,0,0.4940961003303528,,
3773547,2020-11-29,11,La Liga,90,male,Barcelona,Osasuna,elite,experiment2_topology_permutation,5,542,B-GNN-observed,1,1,0.9965984225273132,,
3773660,2020-12-13,11,La Liga,90,male,Barcelona,Levante UD,elite,experiment2_topology_permutation,5,542,B-GNN-observed,1,1,0.8767095804214478,,
3773523,2020-12-16,11,La Liga,90,male,Barcelona,Real Sociedad,elite,experiment2_topology_permutation,5,542,B-GNN-observed,1,1,0.9677110314369202,,
3773377,2020-12-19,11,La Liga,90,male,Barcelona,Valencia,elite,experiment2_topology_permutation,5,542,B-GNN-observed,0,1,0.9907575249671936,,
3773571,2020-12-22,11,La Liga,90,male,Real Valladolid,Barcelona,elite,experiment2_topology_permutation,5,542,B-GNN-observed,0,0,0.2296391725540161,,
3764661,2021-01-06,11,La Liga,90,male,Athletic Club,Barcelona,elite,experiment2_topology_permutation,5,542,B-GNN-observed,0,0,0.3715758025646209,,
3773565,2021-01-09,11,La Liga,90,male,Granada,Barcelona,elite,experiment2_topology_permutation,5,542,B-GNN-observed,0,0,0.2589773833751678,,
3773403,2021-01-31,11,La Liga,90,male,Barcelona,Athletic Club,elite,experiment2_topology_permutation,5,542,B-GNN-observed,1,1,0.8612363934516907,,
3773631,2021-02-07,11,La Liga,90,male,Real Betis,Barcelona,elite,experiment2_topology_permutation,5,542,B-GNN-observed,0,1,0.5498889088630676,,
3773526,2021-02-13,11,La Liga,90,male,Barcelona,Deportivo Alavés,elite,experiment2_topology_permutation,5,542,B-GNN-observed,1,1,0.9724256992340088,,
3764440,2021-02-24,11,La Liga,90,male,Barcelona,Elche,elite,experiment2_topology_permutation,5,542,B-GNN-observed,1,1,0.9315483570098876,,
3773625,2021-02-27,11,La Liga,90,male,Sevilla,Barcelona,elite,experiment2_topology_permutation,5,542,B-GNN-observed,0,0,0.2879336476325989,,
3773665,2021-03-06,11,La Liga,90,male,Osasuna,Barcelona,elite,experiment2_topology_permutation,5,542,B-GNN-observed,0,0,0.4046294093132019,,
3773597,2021-03-21,11,La Liga,90,male,Real Sociedad,Barcelona,elite,experiment2_topology_permutation,5,542,B-GNN-observed,0,0,0.2954059839248657,,
3773474,2021-04-05,11,La Liga,90,male,Barcelona,Real Valladolid,elite,experiment2_topology_permutation,5,542,B-GNN-observed,1,1,0.7316139340400696,,
3773497,2021-04-10,11,La Liga,90,male,Real Madrid,Barcelona,elite,experiment2_topology_permutation,5,542,B-GNN-observed,1,0,0.2495772093534469,,
3773661,2021-04-22,11,La Liga,90,male,Barcelona,Getafe,elite,experiment2_topology_permutation,5,542,B-GNN-observed,1,1,0.9241450428962708,,
3773689,2021-04-25,11,La Liga,90,male,Villarreal,Barcelona,elite,experiment2_topology_permutation,5,542,B-GNN-observed,0,1,0.6808276772499084,,
3773586,2021-04-29,11,La Liga,90,male,Barcelona,Granada,elite,experiment2_topology_permutation,5,542,B-GNN-observed,0,1,0.9082267880439758,,
3773695,2021-05-02,11,La Liga,90,male,Valencia,Barcelona,elite,experiment2_topology_permutation,5,542,B-GNN-observed,0,0,0.3744307458400726,,
3773372,2021-05-08,11,La Liga,90,male,Barcelona,Atlético Madrid,elite,experiment2_topology_permutation,5,542,B-GNN-observed,0,1,0.6593117713928223,,
3773387,2021-05-11,11,La Liga,90,male,Levante UD,Barcelona,elite,experiment2_topology_permutation,5,542,B-GNN-observed,0,0,0.3036063909530639,,
3773457,2021-05-16,11,La Liga,90,male,Barcelona,Celta Vigo,elite,experiment2_topology_permutation,5,542,B-GNN-observed,0,1,0.8449411392211914,,
3825637,2015-10-25,11,La Liga,27,male,Barcelona,Eibar,elite,experiment2_topology_permutation,1,142,B-GNN-permuted-p1,1,1,0.858879029750824,,1.0
3825638,2015-10-25,11,La Liga,27,male,Atlético Madrid,Valencia,elite,experiment2_topology_permutation,1,142,B-GNN-permuted-p1,1,1,0.600010871887207,,1.0
3825639,2015-10-25,11,La Liga,27,male,Las Palmas,Villarreal,elite,experiment2_topology_permutation,1,142,B-GNN-permuted-p1,0,0,0.14785611629486084,,1.0
3825640,2015-10-25,11,La Liga,27,male,Levante UD,Real Sociedad,elite,experiment2_topology_permutation,1,142,B-GNN-permuted-p1,0,0,0.04327063262462616,,1.0
3825641,2015-10-26,11,La Liga,27,male,Athletic Club,Sporting Gijón,elite,experiment2_topology_permutation,1,142,B-GNN-permuted-p1,1,0,0.23075124621391296,,1.0
3825642,2015-10-30,11,La Liga,27,male,RC Deportivo La Coruña,Atlético Madrid,elite,experiment2_topology_permutation,1,142,B-GNN-permuted-p1,0,1,0.6989636421203613,,1.0
3825643,2015-10-31,11,La Liga,27,male,Real Madrid,Las Palmas,elite,experiment2_topology_permutation,1,142,B-GNN-permuted-p1,1,0,0.4435443878173828,,1.0
3825644,2015-10-31,11,La Liga,27,male,Real Sociedad,Celta Vigo,elite,experiment2_topology_permutation,1,142,B-GNN-permuted-p1,0,0,0.3956833779811859,,1.0
3825645,2015-10-31,11,La Liga,27,male,Getafe,Barcelona,elite,experiment2_topology_permutation,1,142,B-GNN-permuted-p1,0,0,0.06941854953765869,,1.0
3825646,2015-10-31,11,La Liga,27,male,Villarreal,Sevilla,elite,experiment2_topology_permutation,1,142,B-GNN-permuted-p1,1,1,0.5269885659217834,,1.0
3825647,2015-10-31,11,La Liga,27,male,Valencia,Levante UD,elite,experiment2_topology_permutation,1,142,B-GNN-permuted-p1,1,1,0.8274269104003906,,1.0
3825648,2015-11-01,11,La Liga,27,male,Eibar,Rayo Vallecano,elite,experiment2_topology_permutation,1,142,B-GNN-permuted-p1,1,0,0.0807032436132431,,1.0
3825649,2015-11-01,11,La Liga,27,male,Sporting Gijón,Málaga,elite,experiment2_topology_permutation,1,142,B-GNN-permuted-p1,1,0,0.03264053538441658,,1.0
3825650,2015-11-01,11,La Liga,27,male,Real Betis,Athletic Club,elite,experiment2_topology_permutation,1,142,B-GNN-permuted-p1,0,0,0.3222600221633911,,1.0
3825651,2015-11-01,11,La Liga,27,male,Espanyol,Granada,elite,experiment2_topology_permutation,1,142,B-GNN-permuted-p1,0,0,0.2083970010280609,,1.0
3825652,2015-11-06,11,La Liga,27,male,Las Palmas,Real Sociedad,elite,experiment2_topology_permutation,1,142,B-GNN-permuted-p1,1,0,0.18561218678951263,,1.0
3825653,2015-11-07,11,La Liga,27,male,Eibar,Getafe,elite,experiment2_topology_permutation,1,142,B-GNN-permuted-p1,1,1,0.6920679211616516,,1.0
3825654,2015-11-07,11,La Liga,27,male,Celta Vigo,Valencia,elite,experiment2_topology_permutation,1,142,B-GNN-permuted-p1,0,0,0.10967573523521423,,1.0
3825655,2015-11-07,11,La Liga,27,male,Rayo Vallecano,Granada,elite,experiment2_topology_permutation,1,142,B-GNN-permuted-p1,1,1,0.7568408846855164,,1.0
3825656,2015-11-07,11,La Liga,27,male,Levante UD,RC Deportivo La Coruña,elite,experiment2_topology_permutation,1,142,B-GNN-permuted-p1,0,0,0.07776474952697754,,1.0
3825657,2015-11-07,11,La Liga,27,male,Málaga,Real Betis,elite,experiment2_topology_permutation,1,142,B-GNN-permuted-p1,0,0,0.15614667534828186,,1.0
3825658,2015-11-08,11,La Liga,27,male,Atlético Madrid,Sporting Gijón,elite,experiment2_topology_permutation,1,142,B-GNN-permuted-p1,1,0,0.1738942414522171,,1.0
3825659,2015-11-08,11,La Liga,27,male,Athletic Club,Espanyol,elite,experiment2_topology_permutation,1,142,B-GNN-permuted-p1,1,0,0.051012687385082245,,1.0
3825660,2015-11-08,11,La Liga,27,male,Barcelona,Villarreal,elite,experiment2_topology_permutation,1,142,B-GNN-permuted-p1,1,1,0.8696566224098206,,1.0
3825661,2015-11-08,11,La Liga,27,male,Sevilla,Real Madrid,elite,experiment2_topology_permutation,1,142,B-GNN-permuted-p1,1,1,0.5140782594680786,,1.0
266424,2015-11-21,11,La Liga,27,male,Real Madrid,Barcelona,elite,experiment2_topology_permutation,1,142,B-GNN-permuted-p1,0,0,0.315203458070755,,1.0
3825662,2015-11-21,11,La Liga,27,male,RC Deportivo La Coruña,Celta Vigo,elite,experiment2_topology_permutation,1,142,B-GNN-permuted-p1,1,0,0.11761108040809631,,1.0
3825663,2015-11-21,11,La Liga,27,male,Espanyol,Málaga,elite,experiment2_topology_permutation,1,142,B-GNN-permuted-p1,1,0,0.1050727367401123,,1.0
3825664,2015-11-21,11,La Liga,27,male,Real Sociedad,Sevilla,elite,experiment2_topology_permutation,1,142,B-GNN-permuted-p1,1,0,0.2541627883911133,,1.0
3825888,2015-11-21,11,La Liga,27,male,Valencia,Las Palmas,elite,experiment2_topology_permutation,1,142,B-GNN-permuted-p1,0,1,0.8308354020118713,,1.0
3825665,2015-11-22,11,La Liga,27,male,Granada,Athletic Club,elite,experiment2_topology_permutation,1,142,B-GNN-permuted-p1,1,0,0.059460531920194626,,1.0
3825666,2015-11-22,11,La Liga,27,male,Real Betis,Atlético Madrid,elite,experiment2_topology_permutation,1,142,B-GNN-permuted-p1,0,0,0.09933766722679138,,1.0
3825667,2015-11-22,11,La Liga,27,male,Villarreal,Eibar,elite,experiment2_topology_permutation,1,142,B-GNN-permuted-p1,0,0,0.19770601391792297,,1.0
3825668,2015-11-22,11,La Liga,27,male,Sporting Gijón,Levante UD,elite,experiment2_topology_permutation,1,142,B-GNN-permuted-p1,0,0,0.3330448567867279,,1.0
3825669,2015-11-23,11,La Liga,27,male,Getafe,Rayo Vallecano,elite,experiment2_topology_permutation,1,142,B-GNN-permuted-p1,0,0,0.046102456748485565,,1.0
3825670,2015-11-27,11,La Liga,27,male,Levante UD,Real Betis,elite,experiment2_topology_permutation,1,142,B-GNN-permuted-p1,0,0,0.3182447850704193,,1.0
266885,2015-11-28,11,La Liga,27,male,Barcelona,Real Sociedad,elite,experiment2_topology_permutation,1,142,B-GNN-permuted-p1,1,0,0.31792151927948,,1.0
3825671,2015-11-28,11,La Liga,27,male,Celta Vigo,Sporting Gijón,elite,experiment2_topology_permutation,1,142,B-GNN-permuted-p1,1,0,0.18437199294567108,,1.0
3825672,2015-11-28,11,La Liga,27,male,Málaga,Granada,elite,experiment2_topology_permutation,1,142,B-GNN-permuted-p1,0,0,0.2517803907394409,,1.0
3825673,2015-11-28,11,La Liga,27,male,Las Palmas,RC Deportivo La Coruña,elite,experiment2_topology_permutation,1,142,B-GNN-permuted-p1,0,0,0.37221068143844604,,1.0
3825674,2015-11-28,11,La Liga,27,male,Atlético Madrid,Espanyol,elite,experiment2_topology_permutation,1,142,B-GNN-permuted-p1,1,1,0.7013373374938965,,1.0
3825675,2015-11-29,11,La Liga,27,male,Rayo Vallecano,Athletic Club,elite,experiment2_topology_permutation,1,142,B-GNN-permuted-p1,0,0,0.3025788962841034,,1.0
3825676,2015-11-29,11,La Liga,27,male,Getafe,Villarreal,elite,experiment2_topology_permutation,1,142,B-GNN-permuted-p1,1,0,0.2600431740283966,,1.0
3825677,2015-11-29,11,La Liga,27,male,Sevilla,Valencia,elite,experiment2_topology_permutation,1,142,B-GNN-permuted-p1,1,0,0.24704492092132568,,1.0
3825678,2015-11-29,11,La Liga,27,male,Eibar,Real Madrid,elite,experiment2_topology_permutation,1,142,B-GNN-permuted-p1,0,0,0.06926712393760681,,1.0
267274,2015-12-05,11,La Liga,27,male,Valencia,Barcelona,elite,experiment2_topology_permutation,1,142,B-GNN-permuted-p1,0,0,0.16069062054157257,,1.0
3825679,2015-12-05,11,La Liga,27,male,Real Betis,Celta Vigo,elite,experiment2_topology_permutation,1,142,B-GNN-permuted-p1,0,1,0.6111068725585938,,1.0
3825680,2015-12-05,11,La Liga,27,male,RC Deportivo La Coruña,Sevilla,elite,experiment2_topology_permutation,1,142,B-GNN-permuted-p1,0,0,0.0751190334558487,,1.0
3825681,2015-12-05,11,La Liga,27,male,Real Madrid,Getafe,elite,experiment2_topology_permutation,1,142,B-GNN-permuted-p1,1,1,0.8642969727516174,,1.0
3825682,2015-12-05,11,La Liga,27,male,Granada,Atlético Madrid,elite,experiment2_topology_permutation,1,142,B-GNN-permuted-p1,0,0,0.18215607106685638,,1.0
3825683,2015-12-06,11,La Liga,27,male,Real Sociedad,Eibar,elite,experiment2_topology_permutation,1,142,B-GNN-permuted-p1,1,1,0.9385244846343994,,1.0
3825684,2015-12-06,11,La Liga,27,male,Villarreal,Rayo Vallecano,elite,experiment2_topology_permutation,1,142,B-GNN-permuted-p1,1,1,0.6044660210609436,,1.0
3825685,2015-12-06,11,La Liga,27,male,Sporting Gijón,Las Palmas,elite,experiment2_topology_permutation,1,142,B-GNN-permuted-p1,1,0,0.4659537672996521,,1.0
3825686,2015-12-06,11,La Liga,27,male,Athletic Club,Málaga,elite,experiment2_topology_permutation,1,142,B-GNN-permuted-p1,0,0,0.07141141593456268,,1.0
3825687,2015-12-07,11,La Liga,27,male,Espanyol,Levante UD,elite,experiment2_topology_permutation,1,142,B-GNN-permuted-p1,0,0,0.021418383345007896,,1.0
3825688,2015-12-11,11,La Liga,27,male,Getafe,Real Sociedad,elite,experiment2_topology_permutation,1,142,B-GNN-permuted-p1,0,0,0.07150723785161972,,1.0
266961,2015-12-12,11,La Liga,27,male,Barcelona,RC Deportivo La Coruña,elite,experiment2_topology_permutation,1,142,B-GNN-permuted-p1,0,1,0.8270804286003113,,1.0
3825689,2015-12-12,11,La Liga,27,male,Celta Vigo,Espanyol,elite,experiment2_topology_permutation,1,142,B-GNN-permuted-p1,1,0,0.07234533876180649,,1.0
3825690,2015-12-12,11,La Liga,27,male,Las Palmas,Real Betis,elite,experiment2_topology_permutation,1,142,B-GNN-permuted-p1,1,0,0.18913547694683075,,1.0
3825691,2015-12-12,11,La Liga,27,male,Levante UD,Granada,elite,experiment2_topology_permutation,1,142,B-GNN-permuted-p1,0,0,0.12349735200405121,,1.0
3825692,2015-12-12,11,La Liga,27,male,Sevilla,Sporting Gijón,elite,experiment2_topology_permutation,1,142,B-GNN-permuted-p1,1,0,0.24134469032287598,,1.0
3825693,2015-12-13,11,La Liga,27,male,Atlético Madrid,Athletic Club,elite,experiment2_topology_permutation,1,142,B-GNN-permuted-p1,1,0,0.05353635177016258,,1.0
3825694,2015-12-13,11,La Liga,27,male,Eibar,Valencia,elite,experiment2_topology_permutation,1,142,B-GNN-permuted-p1,0,0,0.4302975535392761,,1.0
3825695,2015-12-13,11,La Liga,27,male,Villarreal,Real Madrid,elite,experiment2_topology_permutation,1,142,B-GNN-permuted-p1,1,1,0.6711946129798889,,1.0
3825696,2015-12-13,11,La Liga,27,male,Rayo Vallecano,Málaga,elite,experiment2_topology_permutation,1,142,B-GNN-permuted-p1,0,0,0.1209661066532135,,1.0
3825697,2015-12-19,11,La Liga,27,male,Valencia,Getafe,elite,experiment2_topology_permutation,1,142,B-GNN-permuted-p1,0,0,0.14516407251358032,,1.0
3825698,2015-12-19,11,La Liga,27,male,RC Deportivo La Coruña,Eibar,elite,experiment2_topology_permutation,1,142,B-GNN-permuted-p1,1,0,0.39534395933151245,,1.0
3825699,2015-12-19,11,La Liga,27,male,Real Betis,Sevilla,elite,experiment2_topology_permutation,1,142,B-GNN-permuted-p1,0,0,0.08310744166374207,,1.0
3825891,2015-12-19,11,La Liga,27,male,Espanyol,Las Palmas,elite,experiment2_topology_permutation,1,142,B-GNN-permuted-p1,1,0,0.14475512504577637,,1.0
3825700,2015-12-20,11,La Liga,27,male,Real Madrid,Rayo Vallecano,elite,experiment2_topology_permutation,1,142,B-GNN-permuted-p1,1,1,0.8546323776245117,,1.0
3825701,2015-12-20,11,La Liga,27,male,Málaga,Atlético Madrid,elite,experiment2_topology_permutation,1,142,B-GNN-permuted-p1,1,0,0.13465404510498047,,1.0
3825702,2015-12-20,11,La Liga,27,male,Real Sociedad,Villarreal,elite,experiment2_topology_permutation,1,142,B-GNN-permuted-p1,0,1,0.5930411219596863,,1.0
3825703,2015-12-20,11,La Liga,27,male,Athletic Club,Levante UD,elite,experiment2_topology_permutation,1,142,B-GNN-permuted-p1,1,1,0.6723487973213196,,1.0
3825704,2015-12-20,11,La Liga,27,male,Granada,Celta Vigo,elite,experiment2_topology_permutation,1,142,B-GNN-permuted-p1,0,0,0.05527232587337494,,1.0
267327,2015-12-30,11,La Liga,27,male,Barcelona,Real Betis,elite,experiment2_topology_permutation,1,142,B-GNN-permuted-p1,1,1,0.9057285785675049,,1.0
3825705,2015-12-30,11,La Liga,27,male,Eibar,Sporting Gijón,elite,experiment2_topology_permutation,1,142,B-GNN-permuted-p1,1,0,0.19645720720291138,,1.0
3825706,2015-12-30,11,La Liga,27,male,Celta Vigo,Athletic Club,elite,experiment2_topology_permutation,1,142,B-GNN-permuted-p1,0,0,0.13018280267715454,,1.0
3825707,2015-12-30,11,La Liga,27,male,Las Palmas,Granada,elite,experiment2_topology_permutation,1,142,B-GNN-permuted-p1,1,1,0.5749553442001343,,1.0
3825708,2015-12-30,11,La Liga,27,male,Levante UD,Málaga,elite,experiment2_topology_permutation,1,142,B-GNN-permuted-p1,0,0,0.10963405668735504,,1.0
3825709,2015-12-30,11,La Liga,27,male,Sevilla,Espanyol,elite,experiment2_topology_permutation,1,142,B-GNN-permuted-p1,1,1,0.5764607191085815,,1.0
3825710,2015-12-30,11,La Liga,27,male,Real Madrid,Real Sociedad,elite,experiment2_topology_permutation,1,142,B-GNN-permuted-p1,1,1,0.7047770023345947,,1.0
3825711,2015-12-30,11,La Liga,27,male,Rayo Vallecano,Atlético Madrid,elite,experiment2_topology_permutation,1,142,B-GNN-permuted-p1,0,0,0.18450623750686646,,1.0
3825712,2015-12-30,11,La Liga,27,male,Getafe,RC Deportivo La Coruña,elite,experiment2_topology_permutation,1,142,B-GNN-permuted-p1,0,0,0.20317292213439941,,1.0
3825713,2015-12-31,11,La Liga,27,male,Villarreal,Valencia,elite,experiment2_topology_permutation,1,142,B-GNN-permuted-p1,1,0,0.03959758207201958,,1.0
266670,2016-01-02,11,La Liga,27,male,Espanyol,Barcelona,elite,experiment2_topology_permutation,1,142,B-GNN-permuted-p1,0,0,0.07109031081199646,,1.0
3825714,2016-01-02,11,La Liga,27,male,Atlético Madrid,Levante UD,elite,experiment2_topology_permutation,1,142,B-GNN-permuted-p1,1,0,0.04999418929219246,,1.0
3825715,2016-01-02,11,La Liga,27,male,Málaga,Celta Vigo,elite,experiment2_topology_permutation,1,142,B-GNN-permuted-p1,1,1,0.7246071100234985,,1.0
3825716,2016-01-03,11,La Liga,27,male,Rayo Vallecano,Real Sociedad,elite,experiment2_topology_permutation,1,142,B-GNN-permuted-p1,0,0,0.03231352940201759,,1.0
3825717,2016-01-03,11,La Liga,27,male,Granada,Sevilla,elite,experiment2_topology_permutation,1,142,B-GNN-permuted-p1,1,1,0.7935102581977844,,1.0
3825718,2016-01-03,11,La Liga,27,male,Valencia,Real Madrid,elite,experiment2_topology_permutation,1,142,B-GNN-permuted-p1,0,1,0.9093291759490967,,1.0
3825719,2016-01-03,11,La Liga,27,male,Athletic Club,Las Palmas,elite,experiment2_topology_permutation,1,142,B-GNN-permuted-p1,0,0,0.1279647946357727,,1.0
3825720,2016-01-03,11,La Liga,27,male,Real Betis,Eibar,elite,experiment2_topology_permutation,1,142,B-GNN-permuted-p1,0,1,0.5876743197441101,,1.0
3825721,2016-01-03,11,La Liga,27,male,RC Deportivo La Coruña,Villarreal,elite,experiment2_topology_permutation,1,142,B-GNN-permuted-p1,0,0,0.4793337881565094,,1.0
3825722,2016-01-04,11,La Liga,27,male,Sporting Gijón,Getafe,elite,experiment2_topology_permutation,1,142,B-GNN-permuted-p1,0,0,0.4389422833919525,,1.0
266620,2016-01-09,11,La Liga,27,male,Barcelona,Granada,elite,experiment2_topology_permutation,1,142,B-GNN-permuted-p1,1,1,0.8782268166542053,,1.0
3825723,2016-01-09,11,La Liga,27,male,Levante UD,Rayo Vallecano,elite,experiment2_topology_permutation,1,142,B-GNN-permuted-p1,1,0,0.023913269862532616,,1.0
3825724,2016-01-09,11,La Liga,27,male,Real Madrid,RC Deportivo La Coruña,elite,experiment2_topology_permutation,1,142,B-GNN-permuted-p1,1,0,0.19944490492343903,,1.0
3825725,2016-01-09,11,La Liga,27,male,Getafe,Real Betis,elite,experiment2_topology_permutation,1,142,B-GNN-permuted-p1,1,0,0.14714553952217102,,1.0
3825726,2016-01-09,11,La Liga,27,male,Sevilla,Athletic Club,elite,experiment2_topology_permutation,1,142,B-GNN-permuted-p1,1,0,0.16418862342834473,,1.0
3825727,2016-01-10,11,La Liga,27,male,Eibar,Espanyol,elite,experiment2_topology_permutation,1,142,B-GNN-permuted-p1,1,0,0.3284410834312439,,1.0
3825728,2016-01-10,11,La Liga,27,male,Celta Vigo,Atlético Madrid,elite,experiment2_topology_permutation,1,142,B-GNN-permuted-p1,0,0,0.19386233389377594,,1.0
3825729,2016-01-10,11,La Liga,27,male,Villarreal,Sporting Gijón,elite,experiment2_topology_permutation,1,142,B-GNN-permuted-p1,1,0,0.07259120047092438,,1.0
3825730,2016-01-10,11,La Liga,27,male,Real Sociedad,Valencia,elite,experiment2_topology_permutation,1,142,B-GNN-permuted-p1,1,0,0.3044426441192627,,1.0
3825731,2016-01-10,11,La Liga,27,male,Las Palmas,Málaga,elite,experiment2_topology_permutation,1,142,B-GNN-permuted-p1,0,0,0.30204692482948303,,1.0
3825732,2016-01-16,11,La Liga,27,male,Celta Vigo,Levante UD,elite,experiment2_topology_permutation,1,142,B-GNN-permuted-p1,1,1,0.9368563294410706,,1.0
3825733,2016-01-16,11,La Liga,27,male,Sevilla,Málaga,elite,experiment2_topology_permutation,1,142,B-GNN-permuted-p1,1,0,0.20315498113632202,,1.0
3825734,2016-01-16,11,La Liga,27,male,Real Sociedad,RC Deportivo La Coruña,elite,experiment2_topology_permutation,1,142,B-GNN-permuted-p1,0,1,0.9909374713897705,,1.0
3825735,2016-01-16,11,La Liga,27,male,Villarreal,Real Betis,elite,experiment2_topology_permutation,1,142,B-GNN-permuted-p1,0,0,0.14819584786891937,,1.0
266149,2016-01-17,11,La Liga,27,male,Barcelona,Athletic Club,elite,experiment2_topology_permutation,1,142,B-GNN-permuted-p1,1,0,0.3510671854019165,,1.0
3825736,2016-01-17,11,La Liga,27,male,Valencia,Rayo Vallecano,elite,experiment2_topology_permutation,1,142,B-GNN-permuted-p1,0,0,0.172748401761055,,1.0
3825737,2016-01-17,11,La Liga,27,male,Getafe,Espanyol,elite,experiment2_topology_permutation,1,142,B-GNN-permuted-p1,1,0,0.3576333224773407,,1.0
3825738,2016-01-17,11,La Liga,27,male,Las Palmas,Atlético Madrid,elite,experiment2_topology_permutation,1,142,B-GNN-permuted-p1,0,0,0.24500106275081635,,1.0
3825739,2016-01-17,11,La Liga,27,male,Real Madrid,Sporting Gijón,elite,experiment2_topology_permutation,1,142,B-GNN-permuted-p1,1,0,0.49387842416763306,,1.0
3825740,2016-01-18,11,La Liga,27,male,Eibar,Granada,elite,experiment2_topology_permutation,1,142,B-GNN-permuted-p1,1,0,0.3537469804286957,,1.0
3825741,2016-01-22,11,La Liga,27,male,Sporting Gijón,Real Sociedad,elite,experiment2_topology_permutation,1,142,B-GNN-permuted-p1,1,1,0.9978929162025452,,1.0
265894,2016-01-23,11,La Liga,27,male,Málaga,Barcelona,elite,experiment2_topology_permutation,1,142,B-GNN-permuted-p1,0,0,0.13657784461975098,,1.0
3825742,2016-01-23,11,La Liga,27,male,Granada,Getafe,elite,experiment2_topology_permutation,1,142,B-GNN-permuted-p1,1,1,0.8574491739273071,,1.0
3825743,2016-01-23,11,La Liga,27,male,Rayo Vallecano,Celta Vigo,elite,experiment2_topology_permutation,1,142,B-GNN-permuted-p1,1,0,0.3100581467151642,,1.0
3825744,2016-01-23,11,La Liga,27,male,Espanyol,Villarreal,elite,experiment2_topology_permutation,1,142,B-GNN-permuted-p1,0,0,0.2686861753463745,,1.0
3825745,2016-01-24,11,La Liga,27,male,RC Deportivo La Coruña,Valencia,elite,experiment2_topology_permutation,1,142,B-GNN-permuted-p1,0,1,0.923983633518219,,1.0
3825746,2016-01-24,11,La Liga,27,male,Real Betis,Real Madrid,elite,experiment2_topology_permutation,1,142,B-GNN-permuted-p1,0,0,0.03414786607027054,,1.0
3825747,2016-01-24,11,La Liga,27,male,Athletic Club,Eibar,elite,experiment2_topology_permutation,1,142,B-GNN-permuted-p1,1,0,0.13781285285949707,,1.0
3825748,2016-01-24,11,La Liga,27,male,Atlético Madrid,Sevilla,elite,experiment2_topology_permutation,1,142,B-GNN-permuted-p1,0,0,0.24696952104568481,,1.0
3825749,2016-01-25,11,La Liga,27,male,Levante UD,Las Palmas,elite,experiment2_topology_permutation,1,142,B-GNN-permuted-p1,1,0,0.08756911754608154,,1.0
267576,2016-01-30,11,La Liga,27,male,Barcelona,Atlético Madrid,elite,experiment2_topology_permutation,1,142,B-GNN-permuted-p1,1,1,0.7299721837043762,,1.0
3825750,2016-01-30,11,La Liga,27,male,Real Sociedad,Real Betis,elite,experiment2_topology_permutation,1,142,B-GNN-permuted-p1,1,0,0.04796378314495087,,1.0
3825751,2016-01-30,11,La Liga,27,male,Getafe,Athletic Club,elite,experiment2_topology_permutation,1,142,B-GNN-permuted-p1,0,0,0.2246340960264206,,1.0
3825752,2016-01-30,11,La Liga,27,male,Eibar,Málaga,elite,experiment2_topology_permutation,1,142,B-GNN-permuted-p1,0,0,0.15901045501232147,,1.0
3825753,2016-01-30,11,La Liga,27,male,Villarreal,Granada,elite,experiment2_topology_permutation,1,142,B-GNN-permuted-p1,1,1,0.5659328699111938,,1.0
3825754,2016-01-31,11,La Liga,27,male,Las Palmas,Celta Vigo,elite,experiment2_topology_permutation,1,142,B-GNN-permuted-p1,1,0,0.22873766720294952,,1.0
3825755,2016-01-31,11,La Liga,27,male,Valencia,Sporting Gijón,elite,experiment2_topology_permutation,1,142,B-GNN-permuted-p1,0,1,0.8044759631156921,,1.0
3825756,2016-01-31,11,La Liga,27,male,Sevilla,Levante UD,elite,experiment2_topology_permutation,1,142,B-GNN-permuted-p1,1,1,0.7068691253662109,,1.0
3825757,2016-01-31,11,La Liga,27,male,Real Madrid,Espanyol,elite,experiment2_topology_permutation,1,142,B-GNN-permuted-p1,1,1,0.9870253205299377,,1.0
3825758,2016-02-01,11,La Liga,27,male,RC Deportivo La Coruña,Rayo Vallecano,elite,experiment2_topology_permutation,1,142,B-GNN-permuted-p1,0,0,0.3135961592197418,,1.0
3825759,2016-02-05,11,La Liga,27,male,Málaga,Getafe,elite,experiment2_topology_permutation,1,142,B-GNN-permuted-p1,1,0,0.2855497896671295,,1.0
3825760,2016-02-06,11,La Liga,27,male,Atlético Madrid,Eibar,elite,experiment2_topology_permutation,1,142,B-GNN-permuted-p1,1,0,0.04037401080131531,,1.0
3825761,2016-02-06,11,La Liga,27,male,Athletic Club,Villarreal,elite,experiment2_topology_permutation,1,142,B-GNN-permuted-p1,0,0,0.07540181279182434,,1.0
3825762,2016-02-06,11,La Liga,27,male,Sporting Gijón,RC Deportivo La Coruña,elite,experiment2_topology_permutation,1,142,B-GNN-permuted-p1,0,0,0.1563233733177185,,1.0
3825763,2016-02-06,11,La Liga,27,male,Rayo Vallecano,Las Palmas,elite,experiment2_topology_permutation,1,142,B-GNN-permuted-p1,1,1,0.6430697441101074,,1.0
266160,2016-02-07,11,La Liga,27,male,Levante UD,Barcelona,elite,experiment2_topology_permutation,1,142,B-GNN-permuted-p1,0,0,0.11535187065601349,,1.0
3825764,2016-02-07,11,La Liga,27,male,Granada,Real Madrid,elite,experiment2_topology_permutation,1,142,B-GNN-permuted-p1,0,0,0.2177467942237854,,1.0
3825765,2016-02-07,11,La Liga,27,male,Celta Vigo,Sevilla,elite,experiment2_topology_permutation,1,142,B-GNN-permuted-p1,0,0,0.29407426714897156,,1.0
3825766,2016-02-07,11,La Liga,27,male,Real Betis,Valencia,elite,experiment2_topology_permutation,1,142,B-GNN-permuted-p1,1,0,0.08956383913755417,,1.0
3825767,2016-02-08,11,La Liga,27,male,Espanyol,Real Sociedad,elite,experiment2_topology_permutation,1,142,B-GNN-permuted-p1,0,0,0.08097075670957565,,1.0
3825768,2016-02-12,11,La Liga,27,male,Sporting Gijón,Rayo Vallecano,elite,experiment2_topology_permutation,1,142,B-GNN-permuted-p1,0,0,0.20387475192546844,,1.0
3825769,2016-02-13,11,La Liga,27,male,Villarreal,Málaga,elite,experiment2_topology_permutation,1,142,B-GNN-permuted-p1,1,0,0.32232940196990967,,1.0
3825770,2016-02-13,11,La Liga,27,male,Real Madrid,Athletic Club,elite,experiment2_topology_permutation,1,142,B-GNN-permuted-p1,1,1,0.8054685592651367,,1.0
3825771,2016-02-13,11,La Liga,27,male,RC Deportivo La Coruña,Real Betis,elite,experiment2_topology_permutation,1,142,B-GNN-permuted-p1,0,0,0.3428843319416046,,1.0
3825772,2016-02-13,11,La Liga,27,male,Valencia,Espanyol,elite,experiment2_topology_permutation,1,142,B-GNN-permuted-p1,1,0,0.0664360374212265,,1.0
266254,2016-02-14,11,La Liga,27,male,Barcelona,Celta Vigo,elite,experiment2_topology_permutation,1,142,B-GNN-permuted-p1,1,1,0.7789998054504395,,1.0
3825773,2016-02-14,11,La Liga,27,male,Eibar,Levante UD,elite,experiment2_topology_permutation,1,142,B-GNN-permuted-p1,1,0,0.20981863141059875,,1.0
3825774,2016-02-14,11,La Liga,27,male,Getafe,Atlético Madrid,elite,experiment2_topology_permutation,1,142,B-GNN-permuted-p1,0,0,0.3919926881790161,,1.0
3825775,2016-02-14,11,La Liga,27,male,Real Sociedad,Granada,elite,experiment2_topology_permutation,1,142,B-GNN-permuted-p1,1,1,0.8999303579330444,,1.0
3825776,2016-02-14,11,La Liga,27,male,Sevilla,Las Palmas,elite,experiment2_topology_permutation,1,142,B-GNN-permuted-p1,1,0,0.16912741959095,,1.0
266815,2016-02-17,11,La Liga,27,male,Sporting Gijón,Barcelona,elite,experiment2_topology_permutation,1,142,B-GNN-permuted-p1,0,0,0.1475672423839569,,1.0
3825777,2016-02-19,11,La Liga,27,male,Levante UD,Getafe,elite,experiment2_topology_permutation,1,142,B-GNN-permuted-p1,1,1,0.648195743560791,,1.0
267273,2016-02-20,11,La Liga,27,male,Las Palmas,Barcelona,elite,experiment2_topology_permutation,1,142,B-GNN-permuted-p1,0,1,0.5122491121292114,,1.0
3825778,2016-02-20,11,La Liga,27,male,Real Betis,Sporting Gijón,elite,experiment2_topology_permutation,1,142,B-GNN-permuted-p1,0,0,0.21714919805526733,,1.0
3825779,2016-02-20,11,La Liga,27,male,Celta Vigo,Eibar,elite,experiment2_topology_permutation,1,142,B-GNN-permuted-p1,1,0,0.3167148232460022,,1.0
3825780,2016-02-20,11,La Liga,27,male,Espanyol,RC Deportivo La Coruña,elite,experiment2_topology_permutation,1,142,B-GNN-permuted-p1,1,0,0.16222001612186432,,1.0
3825781,2016-02-21,11,La Liga,27,male,Rayo Vallecano,Sevilla,elite,experiment2_topology_permutation,1,142,B-GNN-permuted-p1,0,0,0.18197619915008545,,1.0
3825782,2016-02-21,11,La Liga,27,male,Granada,Valencia,elite,experiment2_topology_permutation,1,142,B-GNN-permuted-p1,0,0,0.1038106381893158,,1.0
3825783,2016-02-21,11,La Liga,27,male,Athletic Club,Real Sociedad,elite,experiment2_topology_permutation,1,142,B-GNN-permuted-p1,0,0,0.07306567579507828,,1.0
3825784,2016-02-21,11,La Liga,27,male,Atlético Madrid,Villarreal,elite,experiment2_topology_permutation,1,142,B-GNN-permuted-p1,0,0,0.10797300934791565,,1.0
3825785,2016-02-21,11,La Liga,27,male,Málaga,Real Madrid,elite,experiment2_topology_permutation,1,142,B-GNN-permuted-p1,0,1,0.5353078842163086,,1.0
3825786,2016-02-26,11,La Liga,27,male,Eibar,Las Palmas,elite,experiment2_topology_permutation,1,142,B-GNN-permuted-p1,0,0,0.03866488113999367,,1.0
3825787,2016-02-27,11,La Liga,27,male,Real Madrid,Atlético Madrid,elite,experiment2_topology_permutation,2,242,B-GNN-permuted-p1,0,1,0.6042758226394653,,1.0
3825788,2016-02-27,11,La Liga,27,male,Getafe,Celta Vigo,elite,experiment2_topology_permutation,2,242,B-GNN-permuted-p1,0,0,0.19581596553325653,,1.0
3825789,2016-02-27,11,La Liga,27,male,Real Sociedad,Málaga,elite,experiment2_topology_permutation,2,242,B-GNN-permuted-p1,0,0,0.2856296896934509,,1.0
3825790,2016-02-27,11,La Liga,27,male,Sporting Gijón,Espanyol,elite,experiment2_topology_permutation,2,242,B-GNN-permuted-p1,0,0,0.4990256726741791,,1.0
3825791,2016-02-27,11,La Liga,27,male,Real Betis,Rayo Vallecano,elite,experiment2_topology_permutation,2,242,B-GNN-permuted-p1,0,0,0.3564877212047577,,1.0
265839,2016-02-28,11,La Liga,27,male,Barcelona,Sevilla,elite,experiment2_topology_permutation,2,242,B-GNN-permuted-p1,1,1,0.5128101706504822,,1.0
3825792,2016-02-28,11,La Liga,27,male,RC Deportivo La Coruña,Granada,elite,experiment2_topology_permutation,2,242,B-GNN-permuted-p1,0,0,0.4823448657989502,,1.0
3825793,2016-02-28,11,La Liga,27,male,Valencia,Athletic Club,elite,experiment2_topology_permutation,2,242,B-GNN-permuted-p1,0,0,0.29844167828559875,,1.0
3825794,2016-02-28,11,La Liga,27,male,Villarreal,Levante UD,elite,experiment2_topology_permutation,2,242,B-GNN-permuted-p1,1,0,0.4030704200267792,,1.0
3825795,2016-03-01,11,La Liga,27,male,Atlético Madrid,Real Sociedad,elite,experiment2_topology_permutation,2,242,B-GNN-permuted-p1,1,1,0.7071527242660522,,1.0
3825796,2016-03-01,11,La Liga,27,male,Las Palmas,Getafe,elite,experiment2_topology_permutation,2,242,B-GNN-permuted-p1,1,1,0.6772869825363159,,1.0
3825797,2016-03-02,11,La Liga,27,male,Athletic Club,RC Deportivo La Coruña,elite,experiment2_topology_permutation,2,242,B-GNN-permuted-p1,1,1,0.7632714509963989,,1.0
3825798,2016-03-02,11,La Liga,27,male,Levante UD,Real Madrid,elite,experiment2_topology_permutation,2,242,B-GNN-permuted-p1,0,0,0.29822540283203125,,1.0
3825799,2016-03-02,11,La Liga,27,male,Málaga,Valencia,elite,experiment2_topology_permutation,2,242,B-GNN-permuted-p1,0,0,0.1381164789199829,,1.0
3825800,2016-03-02,11,La Liga,27,male,Celta Vigo,Villarreal,elite,experiment2_topology_permutation,2,242,B-GNN-permuted-p1,0,0,0.4584130048751831,,1.0
3825801,2016-03-02,11,La Liga,27,male,Sevilla,Eibar,elite,experiment2_topology_permutation,2,242,B-GNN-permuted-p1,1,0,0.45012447237968445,,1.0
266653,2016-03-03,11,La Liga,27,male,Rayo Vallecano,Barcelona,elite,experiment2_topology_permutation,2,242,B-GNN-permuted-p1,0,0,0.23821869492530823,,1.0
3825802,2016-03-03,11,La Liga,27,male,Espanyol,Real Betis,elite,experiment2_topology_permutation,2,242,B-GNN-permuted-p1,0,0,0.24597057700157166,,1.0
3825803,2016-03-03,11,La Liga,27,male,Granada,Sporting Gijón,elite,experiment2_topology_permutation,2,242,B-GNN-permuted-p1,1,0,0.4429367482662201,,1.0
3825804,2016-03-05,11,La Liga,27,male,RC Deportivo La Coruña,Málaga,elite,experiment2_topology_permutation,2,242,B-GNN-permuted-p1,0,1,0.6978813409805298,,1.0
3825805,2016-03-05,11,La Liga,27,male,Villarreal,Las Palmas,elite,experiment2_topology_permutation,2,242,B-GNN-permuted-p1,0,0,0.3446233570575714,,1.0
3825806,2016-03-05,11,La Liga,27,male,Real Madrid,Celta Vigo,elite,experiment2_topology_permutation,2,242,B-GNN-permuted-p1,1,1,0.671972393989563,,1.0
3825867,2016-03-05,11,La Liga,27,male,Getafe,Sevilla,elite,experiment2_topology_permutation,2,242,B-GNN-permuted-p1,0,0,0.2321014702320099,,1.0
266056,2016-03-06,11,La Liga,27,male,Eibar,Barcelona,elite,experiment2_topology_permutation,2,242,B-GNN-permuted-p1,0,0,0.18637391924858093,,1.0
3825807,2016-03-06,11,La Liga,27,male,Valencia,Atlético Madrid,elite,experiment2_topology_permutation,2,242,B-GNN-permuted-p1,0,0,0.18687520921230316,,1.0
3825808,2016-03-06,11,La Liga,27,male,Sporting Gijón,Athletic Club,elite,experiment2_topology_permutation,2,242,B-GNN-permuted-p1,0,0,0.16962334513664246,,1.0
3825809,2016-03-06,11,La Liga,27,male,Real Betis,Granada,elite,experiment2_topology_permutation,2,242,B-GNN-permuted-p1,1,0,0.12670055031776428,,1.0
3825810,2016-03-06,11,La Liga,27,male,Real Sociedad,Levante UD,elite,experiment2_topology_permutation,2,242,B-GNN-permuted-p1,0,0,0.31122690439224243,,1.0
3825811,2016-03-07,11,La Liga,27,male,Espanyol,Rayo Vallecano,elite,experiment2_topology_permutation,2,242,B-GNN-permuted-p1,1,0,0.3560475707054138,,1.0
3825812,2016-03-11,11,La Liga,27,male,Málaga,Sporting Gijón,elite,experiment2_topology_permutation,2,242,B-GNN-permuted-p1,1,0,0.21508660912513733,,1.0
266498,2016-03-12,11,La Liga,27,male,Barcelona,Getafe,elite,experiment2_topology_permutation,2,242,B-GNN-permuted-p1,1,1,0.8494532108306885,,1.0
3825813,2016-03-12,11,La Liga,27,male,Atlético Madrid,RC Deportivo La Coruña,elite,experiment2_topology_permutation,2,242,B-GNN-permuted-p1,1,1,0.6170132160186768,,1.0
3825814,2016-03-12,11,La Liga,27,male,Celta Vigo,Real Sociedad,elite,experiment2_topology_permutation,2,242,B-GNN-permuted-p1,1,0,0.14898726344108582,,1.0
3825858,2016-03-12,11,La Liga,27,male,Rayo Vallecano,Eibar,elite,experiment2_topology_permutation,2,242,B-GNN-permuted-p1,0,0,0.35696277022361755,,1.0
3825815,2016-03-13,11,La Liga,27,male,Levante UD,Valencia,elite,experiment2_topology_permutation,2,242,B-GNN-permuted-p1,1,0,0.21852850914001465,,1.0
3825816,2016-03-13,11,La Liga,27,male,Sevilla,Villarreal,elite,experiment2_topology_permutation,2,242,B-GNN-permuted-p1,1,1,0.771690309047699,,1.0
3825844,2016-03-13,11,La Liga,27,male,Athletic Club,Real Betis,elite,experiment2_topology_permutation,2,242,B-GNN-permuted-p1,1,1,0.6612815260887146,,1.0
3825879,2016-03-13,11,La Liga,27,male,Las Palmas,Real Madrid,elite,experiment2_topology_permutation,2,242,B-GNN-permuted-p1,0,0,0.4986734688282013,,1.0
3825881,2016-03-14,11,La Liga,27,male,Granada,Espanyol,elite,experiment2_topology_permutation,2,242,B-GNN-permuted-p1,0,0,0.13993123173713684,,1.0
3825817,2016-03-18,11,La Liga,27,male,Getafe,Eibar,elite,experiment2_topology_permutation,2,242,B-GNN-permuted-p1,0,0,0.16848242282867432,,1.0
3825818,2016-03-19,11,La Liga,27,male,Real Sociedad,Las Palmas,elite,experiment2_topology_permutation,2,242,B-GNN-permuted-p1,0,0,0.22035546600818634,,1.0
3825880,2016-03-19,11,La Liga,27,male,RC Deportivo La Coruña,Levante UD,elite,experiment2_topology_permutation,2,242,B-GNN-permuted-p1,1,0,0.32576826214790344,,1.0
3825887,2016-03-19,11,La Liga,27,male,Granada,Rayo Vallecano,elite,experiment2_topology_permutation,2,242,B-GNN-permuted-p1,0,0,0.40846243500709534,,1.0
3825903,2016-03-19,11,La Liga,27,male,Real Betis,Málaga,elite,experiment2_topology_permutation,2,242,B-GNN-permuted-p1,0,0,0.31544703245162964,,1.0
3825907,2016-03-19,11,La Liga,27,male,Sporting Gijón,Atlético Madrid,elite,experiment2_topology_permutation,2,242,B-GNN-permuted-p1,1,1,0.5901975035667419,,1.0
266106,2016-03-20,11,La Liga,27,male,Villarreal,Barcelona,elite,experiment2_topology_permutation,2,242,B-GNN-permuted-p1,0,0,0.33631977438926697,,1.0
3825819,2016-03-20,11,La Liga,27,male,Valencia,Celta Vigo,elite,experiment2_topology_permutation,2,242,B-GNN-permuted-p1,0,0,0.29618167877197266,,1.0
3825820,2016-03-20,11,La Liga,27,male,Real Madrid,Sevilla,elite,experiment2_topology_permutation,2,242,B-GNN-permuted-p1,1,1,0.9467130899429321,,1.0
3825821,2016-03-20,11,La Liga,27,male,Espanyol,Athletic Club,elite,experiment2_topology_permutation,2,242,B-GNN-permuted-p1,1,0,0.31307631731033325,,1.0
3825885,2016-04-01,11,La Liga,27,male,Rayo Vallecano,Getafe,elite,experiment2_topology_permutation,2,242,B-GNN-permuted-p1,1,1,0.8048162460327148,,1.0
267533,2016-04-02,11,La Liga,27,male,Barcelona,Real Madrid,elite,experiment2_topology_permutation,2,242,B-GNN-permuted-p1,0,0,0.41507571935653687,,1.0
3825822,2016-04-02,11,La Liga,27,male,Las Palmas,Valencia,elite,experiment2_topology_permutation,2,242,B-GNN-permuted-p1,1,1,0.6120295524597168,,1.0
3825872,2016-04-02,11,La Liga,27,male,Atlético Madrid,Real Betis,elite,experiment2_topology_permutation,2,242,B-GNN-permuted-p1,1,1,0.9122755527496338,,1.0
3825898,2016-04-02,11,La Liga,27,male,Celta Vigo,RC Deportivo La Coruña,elite,experiment2_topology_permutation,2,242,B-GNN-permuted-p1,0,0,0.2727227509021759,,1.0
3825823,2016-04-03,11,La Liga,27,male,Sevilla,Real Sociedad,elite,experiment2_topology_permutation,2,242,B-GNN-permuted-p1,0,1,0.6541309952735901,,1.0
3825824,2016-04-03,11,La Liga,27,male,Eibar,Villarreal,elite,experiment2_topology_permutation,2,242,B-GNN-permuted-p1,0,0,0.20289352536201477,,1.0
3825877,2016-04-03,11,La Liga,27,male,Athletic Club,Granada,elite,experiment2_topology_permutation,2,242,B-GNN-permuted-p1,0,1,0.5793842673301697,,1.0
3825905,2016-04-03,11,La Liga,27,male,Málaga,Espanyol,elite,experiment2_topology_permutation,2,242,B-GNN-permuted-p1,0,0,0.46689021587371826,,1.0
3825825,2016-04-04,11,La Liga,27,male,Levante UD,Sporting Gijón,elite,experiment2_topology_permutation,2,242,B-GNN-permuted-p1,0,0,0.3041597008705139,,1.0
3825826,2016-04-08,11,La Liga,27,male,Granada,Málaga,elite,experiment2_topology_permutation,2,242,B-GNN-permuted-p1,0,0,0.18797580897808075,,1.0
266664,2016-04-09,11,La Liga,27,male,Real Sociedad,Barcelona,elite,experiment2_topology_permutation,2,242,B-GNN-permuted-p1,1,0,0.16454365849494934,,1.0
3825827,2016-04-09,11,La Liga,27,male,Real Betis,Levante UD,elite,experiment2_topology_permutation,2,242,B-GNN-permuted-p1,1,0,0.2003382444381714,,1.0
3825828,2016-04-09,11,La Liga,27,male,Espanyol,Atlético Madrid,elite,experiment2_topology_permutation,2,242,B-GNN-permuted-p1,0,0,0.18971006572246552,,1.0
3825856,2016-04-09,11,La Liga,27,male,Real Madrid,Eibar,elite,experiment2_topology_permutation,2,242,B-GNN-permuted-p1,1,1,0.8065874576568604,,1.0
3825829,2016-04-10,11,La Liga,27,male,Athletic Club,Rayo Vallecano,elite,experiment2_topology_permutation,2,242,B-GNN-permuted-p1,1,0,0.22537769377231598,,1.0
3825830,2016-04-10,11,La Liga,27,male,Villarreal,Getafe,elite,experiment2_topology_permutation,2,242,B-GNN-permuted-p1,1,0,0.28774166107177734,,1.0
3825831,2016-04-10,11,La Liga,27,male,Valencia,Sevilla,elite,experiment2_topology_permutation,2,242,B-GNN-permuted-p1,1,0,0.3431367576122284,,1.0
3825832,2016-04-10,11,La Liga,27,male,Sporting Gijón,Celta Vigo,elite,experiment2_topology_permutation,2,242,B-GNN-permuted-p1,0,0,0.1490757167339325,,1.0
3825863,2016-04-11,11,La Liga,27,male,RC Deportivo La Coruña,Las Palmas,elite,experiment2_topology_permutation,2,242,B-GNN-permuted-p1,0,0,0.3296862542629242,,1.0
3825857,2016-04-15,11,La Liga,27,male,Levante UD,Espanyol,elite,experiment2_topology_permutation,2,242,B-GNN-permuted-p1,1,0,0.2042364776134491,,1.0
3825833,2016-04-16,11,La Liga,27,male,Getafe,Real Madrid,elite,experiment2_topology_permutation,2,242,B-GNN-permuted-p1,0,0,0.2506560981273651,,1.0
3825852,2016-04-16,11,La Liga,27,male,Las Palmas,Sporting Gijón,elite,experiment2_topology_permutation,2,242,B-GNN-permuted-p1,0,0,0.24873647093772888,,1.0
3825889,2016-04-16,11,La Liga,27,male,Celta Vigo,Real Betis,elite,experiment2_topology_permutation,2,242,B-GNN-permuted-p1,0,0,0.49970743060112,,1.0
3825897,2016-04-16,11,La Liga,27,male,Eibar,Real Sociedad,elite,experiment2_topology_permutation,2,242,B-GNN-permuted-p1,1,0,0.32878047227859497,,1.0
266557,2016-04-17,11,La Liga,27,male,Barcelona,Valencia,elite,experiment2_topology_permutation,2,242,B-GNN-permuted-p1,0,1,0.6823884844779968,,1.0
3825834,2016-04-17,11,La Liga,27,male,Atlético Madrid,Granada,elite,experiment2_topology_permutation,2,242,B-GNN-permuted-p1,1,0,0.37001538276672363,,1.0
3825835,2016-04-17,11,La Liga,27,male,Málaga,Athletic Club,elite,experiment2_topology_permutation,2,242,B-GNN-permuted-p1,0,0,0.24907438457012177,,1.0
3825836,2016-04-17,11,La Liga,27,male,Rayo Vallecano,Villarreal,elite,experiment2_topology_permutation,2,242,B-GNN-permuted-p1,1,0,0.46170637011528015,,1.0
3825906,2016-04-17,11,La Liga,27,male,Sevilla,RC Deportivo La Coruña,elite,experiment2_topology_permutation,2,242,B-GNN-permuted-p1,0,1,0.5330703258514404,,1.0
3825837,2016-04-19,11,La Liga,27,male,Real Betis,Las Palmas,elite,experiment2_topology_permutation,2,242,B-GNN-permuted-p1,1,0,0.34316644072532654,,1.0
3825862,2016-04-19,11,La Liga,27,male,Espanyol,Celta Vigo,elite,experiment2_topology_permutation,2,242,B-GNN-permuted-p1,0,0,0.30413249135017395,,1.0
266310,2016-04-20,11,La Liga,27,male,RC Deportivo La Coruña,Barcelona,elite,experiment2_topology_permutation,2,242,B-GNN-permuted-p1,0,0,0.38152065873146057,,1.0
3825838,2016-04-20,11,La Liga,27,male,Athletic Club,Atlético Madrid,elite,experiment2_topology_permutation,2,242,B-GNN-permuted-p1,0,0,0.3088161051273346,,1.0
3825839,2016-04-20,11,La Liga,27,male,Sporting Gijón,Sevilla,elite,experiment2_topology_permutation,2,242,B-GNN-permuted-p1,1,0,0.2868676781654358,,1.0
3825840,2016-04-20,11,La Liga,27,male,Valencia,Eibar,elite,experiment2_topology_permutation,2,242,B-GNN-permuted-p1,1,1,0.7925084829330444,,1.0
3825843,2016-04-20,11,La Liga,27,male,Málaga,Rayo Vallecano,elite,experiment2_topology_permutation,2,242,B-GNN-permuted-p1,0,0,0.24926935136318207,,1.0
3825893,2016-04-20,11,La Liga,27,male,Real Madrid,Villarreal,elite,experiment2_topology_permutation,2,242,B-GNN-permuted-p1,1,1,0.674416184425354,,1.0
3825841,2016-04-21,11,La Liga,27,male,Real Sociedad,Getafe,elite,experiment2_topology_permutation,2,242,B-GNN-permuted-p1,0,0,0.2689804136753082,,1.0
3825896,2016-04-21,11,La Liga,27,male,Granada,Levante UD,elite,experiment2_topology_permutation,2,242,B-GNN-permuted-p1,1,1,0.8760790228843689,,1.0
3825871,2016-04-22,11,La Liga,27,male,Las Palmas,Espanyol,elite,experiment2_topology_permutation,2,242,B-GNN-permuted-p1,1,0,0.36197420954704285,,1.0
265944,2016-04-23,11,La Liga,27,male,Barcelona,Sporting Gijón,elite,experiment2_topology_permutation,2,242,B-GNN-permuted-p1,1,1,0.9665212631225586,,1.0
3825847,2016-04-23,11,La Liga,27,male,Eibar,RC Deportivo La Coruña,elite,experiment2_topology_permutation,2,242,B-GNN-permuted-p1,0,0,0.22974614799022675,,1.0
3825886,2016-04-23,11,La Liga,27,male,Rayo Vallecano,Real Madrid,elite,experiment2_topology_permutation,2,242,B-GNN-permuted-p1,0,0,0.30054962635040283,,1.0
3825890,2016-04-23,11,La Liga,27,male,Atlético Madrid,Málaga,elite,experiment2_topology_permutation,2,242,B-GNN-permuted-p1,1,0,0.18606321513652802,,1.0
3825842,2016-04-24,11,La Liga,27,male,Levante UD,Athletic Club,elite,experiment2_topology_permutation,2,242,B-GNN-permuted-p1,0,0,0.1664251685142517,,1.0
3825875,2016-04-24,11,La Liga,27,male,Villarreal,Real Sociedad,elite,experiment2_topology_permutation,2,242,B-GNN-permuted-p1,0,0,0.17707407474517822,,1.0
3825884,2016-04-24,11,La Liga,27,male,Sevilla,Real Betis,elite,experiment2_topology_permutation,2,242,B-GNN-permuted-p1,1,0,0.21648314595222473,,1.0
3825899,2016-04-24,11,La Liga,27,male,Getafe,Valencia,elite,experiment2_topology_permutation,2,242,B-GNN-permuted-p1,0,0,0.3032921850681305,,1.0
3825868,2016-04-25,11,La Liga,27,male,Celta Vigo,Granada,elite,experiment2_topology_permutation,2,242,B-GNN-permuted-p1,1,1,0.7962779402732849,,1.0
3825854,2016-04-29,11,La Liga,27,male,Sporting Gijón,Eibar,elite,experiment2_topology_permutation,2,242,B-GNN-permuted-p1,1,0,0.18611478805541992,,1.0
266986,2016-04-30,11,La Liga,27,male,Real Betis,Barcelona,elite,experiment2_topology_permutation,2,242,B-GNN-permuted-p1,0,0,0.10758688300848007,,1.0
3825859,2016-04-30,11,La Liga,27,male,Granada,Las Palmas,elite,experiment2_topology_permutation,2,242,B-GNN-permuted-p1,1,0,0.33203962445259094,,1.0
3825864,2016-04-30,11,La Liga,27,male,Real Sociedad,Real Madrid,elite,experiment2_topology_permutation,2,242,B-GNN-permuted-p1,0,0,0.20430049300193787,,1.0
3825878,2016-04-30,11,La Liga,27,male,Atlético Madrid,Rayo Vallecano,elite,experiment2_topology_permutation,2,242,B-GNN-permuted-p1,1,0,0.12696348130702972,,1.0
3825845,2016-05-01,11,La Liga,27,male,Espanyol,Sevilla,elite,experiment2_topology_permutation,2,242,B-GNN-permuted-p1,1,0,0.288082480430603,,1.0
3825870,2016-05-01,11,La Liga,27,male,Athletic Club,Celta Vigo,elite,experiment2_topology_permutation,2,242,B-GNN-permuted-p1,1,0,0.3521745502948761,,1.0
3825873,2016-05-01,11,La Liga,27,male,Valencia,Villarreal,elite,experiment2_topology_permutation,2,242,B-GNN-permuted-p1,0,0,0.33437955379486084,,1.0
3825894,2016-05-01,11,La Liga,27,male,RC Deportivo La Coruña,Getafe,elite,experiment2_topology_permutation,2,242,B-GNN-permuted-p1,0,0,0.19082583487033844,,1.0
3825855,2016-05-02,11,La Liga,27,male,Málaga,Levante UD,elite,experiment2_topology_permutation,2,242,B-GNN-permuted-p1,1,0,0.4637264013290405,,1.0
265958,2016-05-08,11,La Liga,27,male,Barcelona,Espanyol,elite,experiment2_topology_permutation,2,242,B-GNN-permuted-p1,1,1,0.7035971283912659,,1.0
3825850,2016-05-08,11,La Liga,27,male,Celta Vigo,Málaga,elite,experiment2_topology_permutation,2,242,B-GNN-permuted-p1,1,1,0.5618736743927002,,1.0
3825851,2016-05-08,11,La Liga,27,male,Villarreal,RC Deportivo La Coruña,elite,experiment2_topology_permutation,2,242,B-GNN-permuted-p1,0,0,0.3593728840351105,,1.0
3825853,2016-05-08,11,La Liga,27,male,Sevilla,Granada,elite,experiment2_topology_permutation,2,242,B-GNN-permuted-p1,0,0,0.25828608870506287,,1.0
3825860,2016-05-08,11,La Liga,27,male,Levante UD,Atlético Madrid,elite,experiment2_topology_permutation,2,242,B-GNN-permuted-p1,1,0,0.28765198588371277,,1.0
3825861,2016-05-08,11,La Liga,27,male,Real Sociedad,Rayo Vallecano,elite,experiment2_topology_permutation,2,242,B-GNN-permuted-p1,1,0,0.2650105059146881,,1.0
3825865,2016-05-08,11,La Liga,27,male,Getafe,Sporting Gijón,elite,experiment2_topology_permutation,2,242,B-GNN-permuted-p1,0,0,0.25971749424934387,,1.0
3825866,2016-05-08,11,La Liga,27,male,Las Palmas,Athletic Club,elite,experiment2_topology_permutation,2,242,B-GNN-permuted-p1,0,0,0.29237470030784607,,1.0
3825901,2016-05-08,11,La Liga,27,male,Real Madrid,Valencia,elite,experiment2_topology_permutation,2,242,B-GNN-permuted-p1,1,1,0.6968052983283997,,1.0
3825904,2016-05-08,11,La Liga,27,male,Eibar,Real Betis,elite,experiment2_topology_permutation,2,242,B-GNN-permuted-p1,0,0,0.3432626724243164,,1.0
3825849,2016-05-13,11,La Liga,27,male,Valencia,Real Sociedad,elite,experiment2_topology_permutation,2,242,B-GNN-permuted-p1,0,0,0.2668817341327667,,1.0
267506,2016-05-14,11,La Liga,27,male,Granada,Barcelona,elite,experiment2_topology_permutation,2,242,B-GNN-permuted-p1,0,0,0.15377992391586304,,1.0
3825846,2016-05-14,11,La Liga,27,male,RC Deportivo La Coruña,Real Madrid,elite,experiment2_topology_permutation,2,242,B-GNN-permuted-p1,0,0,0.3152206540107727,,1.0
3825869,2016-05-14,11,La Liga,27,male,Athletic Club,Sevilla,elite,experiment2_topology_permutation,2,242,B-GNN-permuted-p1,1,1,0.6924899816513062,,1.0
3825882,2016-05-14,11,La Liga,27,male,Atlético Madrid,Celta Vigo,elite,experiment2_topology_permutation,2,242,B-GNN-permuted-p1,1,0,0.3112020790576935,,1.0
3825876,2016-05-15,11,La Liga,27,male,Real Betis,Getafe,elite,experiment2_topology_permutation,2,242,B-GNN-permuted-p1,1,1,0.6303215622901917,,1.0
3825883,2016-05-15,11,La Liga,27,male,Málaga,Las Palmas,elite,experiment2_topology_permutation,2,242,B-GNN-permuted-p1,1,0,0.46002626419067383,,1.0
3825900,2016-05-15,11,La Liga,27,male,Sporting Gijón,Villarreal,elite,experiment2_topology_permutation,2,242,B-GNN-permuted-p1,1,0,0.35658642649650574,,1.0
3825902,2016-05-15,11,La Liga,27,male,Rayo Vallecano,Levante UD,elite,experiment2_topology_permutation,2,242,B-GNN-permuted-p1,1,1,0.7196370959281921,,1.0
3825908,2016-05-15,11,La Liga,27,male,Espanyol,Eibar,elite,experiment2_topology_permutation,2,242,B-GNN-permuted-p1,1,1,0.5252053141593933,,1.0
267670,2016-08-20,11,La Liga,2,male,Barcelona,Real Betis,elite,experiment2_topology_permutation,2,242,B-GNN-permuted-p1,1,1,0.9063274264335632,,1.0
266892,2016-08-28,11,La Liga,2,male,Athletic Club,Barcelona,elite,experiment2_topology_permutation,2,242,B-GNN-permuted-p1,0,0,0.16522105038166046,,1.0
267220,2016-09-21,11,La Liga,2,male,Barcelona,Atlético Madrid,elite,experiment2_topology_permutation,2,242,B-GNN-permuted-p1,0,1,0.6785059571266174,,1.0
267492,2016-10-15,11,La Liga,2,male,Barcelona,RC Deportivo La Coruña,elite,experiment2_topology_permutation,2,242,B-GNN-permuted-p1,1,1,0.7091574668884277,,1.0
266033,2016-10-22,11,La Liga,2,male,Valencia,Barcelona,elite,experiment2_topology_permutation,2,242,B-GNN-permuted-p1,0,0,0.20891401171684265,,1.0
267058,2016-10-29,11,La Liga,2,male,Barcelona,Granada,elite,experiment2_topology_permutation,2,242,B-GNN-permuted-p1,1,1,0.671137809753418,,1.0
266989,2016-11-06,11,La Liga,2,male,Sevilla,Barcelona,elite,experiment2_topology_permutation,2,242,B-GNN-permuted-p1,0,0,0.38541942834854126,,1.0
266191,2016-11-27,11,La Liga,2,male,Real Sociedad,Barcelona,elite,experiment2_topology_permutation,2,242,B-GNN-permuted-p1,0,0,0.3998104929924011,,1.0
267076,2016-12-03,11,La Liga,2,male,Barcelona,Real Madrid,elite,experiment2_topology_permutation,2,242,B-GNN-permuted-p1,0,0,0.4115312993526459,,1.0
266357,2016-12-10,11,La Liga,2,male,Osasuna,Barcelona,elite,experiment2_topology_permutation,3,342,B-GNN-permuted-p1,0,0,0.0517769455909729,,1.0
266528,2016-12-18,11,La Liga,2,male,Barcelona,Espanyol,elite,experiment2_topology_permutation,3,342,B-GNN-permuted-p1,1,1,0.7347059845924377,,1.0
266477,2017-01-08,11,La Liga,2,male,Villarreal,Barcelona,elite,experiment2_topology_permutation,3,342,B-GNN-permuted-p1,0,0,0.2034303992986679,,1.0
267395,2017-01-14,11,La Liga,2,male,Barcelona,Las Palmas,elite,experiment2_topology_permutation,3,342,B-GNN-permuted-p1,1,1,0.9156695604324341,,1.0
266731,2017-01-22,11,La Liga,2,male,Eibar,Barcelona,elite,experiment2_topology_permutation,3,342,B-GNN-permuted-p1,0,0,0.1725907325744629,,1.0
266516,2017-01-29,11,La Liga,2,male,Real Betis,Barcelona,elite,experiment2_topology_permutation,3,342,B-GNN-permuted-p1,0,0,0.31867703795433044,,1.0
266874,2017-02-04,11,La Liga,2,male,Barcelona,Athletic Club,elite,experiment2_topology_permutation,3,342,B-GNN-permuted-p1,1,0,0.21601362526416779,,1.0
267464,2017-02-26,11,La Liga,2,male,Atlético Madrid,Barcelona,elite,experiment2_topology_permutation,3,342,B-GNN-permuted-p1,0,0,0.14916345477104187,,1.0
265952,2017-03-01,11,La Liga,2,male,Barcelona,Sporting Gijón,elite,experiment2_topology_permutation,3,342,B-GNN-permuted-p1,1,1,0.5894399881362915,,1.0
266299,2017-03-04,11,La Liga,2,male,Barcelona,Celta Vigo,elite,experiment2_topology_permutation,3,342,B-GNN-permuted-p1,1,1,0.5396994948387146,,1.0
267660,2017-03-12,11,La Liga,2,male,RC Deportivo La Coruña,Barcelona,elite,experiment2_topology_permutation,3,342,B-GNN-permuted-p1,1,0,0.3597647249698639,,1.0
266440,2017-03-19,11,La Liga,2,male,Barcelona,Valencia,elite,experiment2_topology_permutation,3,342,B-GNN-permuted-p1,1,1,0.5678898096084595,,1.0
266280,2017-04-05,11,La Liga,2,male,Barcelona,Sevilla,elite,experiment2_topology_permutation,3,342,B-GNN-permuted-p1,1,0,0.47809654474258423,,1.0
267590,2017-04-08,11,La Liga,2,male,Málaga,Barcelona,elite,experiment2_topology_permutation,3,342,B-GNN-permuted-p1,1,0,0.14144891500473022,,1.0
267373,2017-04-15,11,La Liga,2,male,Barcelona,Real Sociedad,elite,experiment2_topology_permutation,3,342,B-GNN-permuted-p1,1,1,0.6957997679710388,,1.0
267569,2017-04-23,11,La Liga,2,male,Real Madrid,Barcelona,elite,experiment2_topology_permutation,3,342,B-GNN-permuted-p1,0,0,0.3605065941810608,,1.0
267101,2017-04-26,11,La Liga,2,male,Barcelona,Osasuna,elite,experiment2_topology_permutation,3,342,B-GNN-permuted-p1,1,1,0.6367092728614807,,1.0
267077,2017-04-29,11,La Liga,2,male,Espanyol,Barcelona,elite,experiment2_topology_permutation,3,342,B-GNN-permuted-p1,0,0,0.2064216285943985,,1.0
266952,2017-05-06,11,La Liga,2,male,Barcelona,Villarreal,elite,experiment2_topology_permutation,3,342,B-GNN-permuted-p1,1,1,0.8991052508354187,,1.0
267039,2017-05-14,11,La Liga,2,male,Las Palmas,Barcelona,elite,experiment2_topology_permutation,3,342,B-GNN-permuted-p1,0,0,0.13785424828529358,,1.0
267432,2017-05-21,11,La Liga,2,male,Barcelona,Eibar,elite,experiment2_topology_permutation,3,342,B-GNN-permuted-p1,1,1,0.959528386592865,,1.0
9575,2017-08-20,11,La Liga,1,male,Barcelona,Real Betis,elite,experiment2_topology_permutation,3,342,B-GNN-permuted-p1,1,0,0.3573388159275055,,1.0
9581,2017-08-26,11,La Liga,1,male,Deportivo Alavés,Barcelona,elite,experiment2_topology_permutation,3,342,B-GNN-permuted-p1,0,0,0.10067129880189896,,1.0
9592,2017-09-09,11,La Liga,1,male,Barcelona,Espanyol,elite,experiment2_topology_permutation,3,342,B-GNN-permuted-p1,1,1,0.9194876551628113,,1.0
9602,2017-09-16,11,La Liga,1,male,Getafe,Barcelona,elite,experiment2_topology_permutation,3,342,B-GNN-permuted-p1,0,0,0.12145348638296127,,1.0
9609,2017-09-19,11,La Liga,1,male,Barcelona,Eibar,elite,experiment2_topology_permutation,3,342,B-GNN-permuted-p1,1,1,0.545317530632019,,1.0
9636,2017-10-01,11,La Liga,1,male,Barcelona,Las Palmas,elite,experiment2_topology_permutation,3,342,B-GNN-permuted-p1,1,1,0.9741498827934265,,1.0
9642,2017-10-14,11,La Liga,1,male,Atlético Madrid,Barcelona,elite,experiment2_topology_permutation,3,342,B-GNN-permuted-p1,0,0,0.2972944974899292,,1.0
9650,2017-10-21,11,La Liga,1,male,Barcelona,Málaga,elite,experiment2_topology_permutation,3,342,B-GNN-permuted-p1,1,1,0.80434250831604,,1.0
9661,2017-10-28,11,La Liga,1,male,Athletic Club,Barcelona,elite,experiment2_topology_permutation,3,342,B-GNN-permuted-p1,0,0,0.22554224729537964,,1.0
9673,2017-11-04,11,La Liga,1,male,Barcelona,Sevilla,elite,experiment2_topology_permutation,3,342,B-GNN-permuted-p1,1,0,0.430078387260437,,1.0
9695,2017-11-26,11,La Liga,1,male,Valencia,Barcelona,elite,experiment2_topology_permutation,3,342,B-GNN-permuted-p1,0,0,0.33180350065231323,,1.0
9700,2017-12-02,11,La Liga,1,male,Barcelona,Celta Vigo,elite,experiment2_topology_permutation,3,342,B-GNN-permuted-p1,0,1,0.9085285067558289,,1.0
9717,2017-12-10,11,La Liga,1,male,Villarreal,Barcelona,elite,experiment2_topology_permutation,3,342,B-GNN-permuted-p1,0,0,0.286478191614151,,1.0
9726,2017-12-17,11,La Liga,1,male,Barcelona,RC Deportivo La Coruña,elite,experiment2_topology_permutation,3,342,B-GNN-permuted-p1,1,1,0.9963215589523315,,1.0
9736,2017-12-23,11,La Liga,1,male,Real Madrid,Barcelona,elite,experiment2_topology_permutation,3,342,B-GNN-permuted-p1,0,0,0.26578041911125183,,1.0
9742,2018-01-07,11,La Liga,1,male,Barcelona,Levante UD,elite,experiment2_topology_permutation,3,342,B-GNN-permuted-p1,1,1,0.8856943845748901,,1.0
9754,2018-01-14,11,La Liga,1,male,Real Sociedad,Barcelona,elite,experiment2_topology_permutation,3,342,B-GNN-permuted-p1,0,0,0.3040228486061096,,1.0
9765,2018-01-21,11,La Liga,1,male,Real Betis,Barcelona,elite,experiment2_topology_permutation,3,342,B-GNN-permuted-p1,0,0,0.3385184705257416,,1.0
9774,2018-01-28,11,La Liga,1,male,Barcelona,Deportivo Alavés,elite,experiment2_topology_permutation,3,342,B-GNN-permuted-p1,1,1,0.7645800709724426,,1.0
9783,2018-02-04,11,La Liga,1,male,Espanyol,Barcelona,elite,experiment2_topology_permutation,3,342,B-GNN-permuted-p1,0,0,0.15658679604530334,,1.0
9794,2018-02-11,11,La Liga,1,male,Barcelona,Getafe,elite,experiment2_topology_permutation,3,342,B-GNN-permuted-p1,0,1,0.5170038938522339,,1.0
9799,2018-02-17,11,La Liga,1,male,Eibar,Barcelona,elite,experiment2_topology_permutation,3,342,B-GNN-permuted-p1,0,0,0.20932531356811523,,1.0
9827,2018-03-01,11,La Liga,1,male,Las Palmas,Barcelona,elite,experiment2_topology_permutation,3,342,B-GNN-permuted-p1,0,0,0.17758886516094208,,1.0
9837,2018-03-04,11,La Liga,1,male,Barcelona,Atlético Madrid,elite,experiment2_topology_permutation,3,342,B-GNN-permuted-p1,1,0,0.2900295555591583,,1.0
9855,2018-03-18,11,La Liga,1,male,Barcelona,Athletic Club,elite,experiment2_topology_permutation,3,342,B-GNN-permuted-p1,1,0,0.29498955607414246,,1.0
9860,2018-03-31,11,La Liga,1,male,Sevilla,Barcelona,elite,experiment2_topology_permutation,3,342,B-GNN-permuted-p1,0,1,0.5152773857116699,,1.0
9870,2018-04-07,11,La Liga,1,male,Barcelona,Leganés,elite,experiment2_topology_permutation,3,342,B-GNN-permuted-p1,1,1,0.8669905662536621,,1.0
9880,2018-04-14,11,La Liga,1,male,Barcelona,Valencia,elite,experiment2_topology_permutation,3,342,B-GNN-permuted-p1,1,1,0.6707656979560852,,1.0
9889,2018-04-17,11,La Liga,1,male,Celta Vigo,Barcelona,elite,experiment2_topology_permutation,3,342,B-GNN-permuted-p1,0,1,0.5928216576576233,,1.0
9912,2018-04-29,11,La Liga,1,male,RC Deportivo La Coruña,Barcelona,elite,experiment2_topology_permutation,4,442,B-GNN-permuted-p1,0,0,0.4389112889766693,,1.0
9924,2018-05-06,11,La Liga,1,male,Barcelona,Real Madrid,elite,experiment2_topology_permutation,4,442,B-GNN-permuted-p1,0,0,0.37297314405441284,,1.0
9928,2018-05-09,11,La Liga,1,male,Barcelona,Villarreal,elite,experiment2_topology_permutation,4,442,B-GNN-permuted-p1,1,1,0.9893681406974792,,1.0
9948,2018-05-20,11,La Liga,1,male,Barcelona,Real Sociedad,elite,experiment2_topology_permutation,4,442,B-GNN-permuted-p1,1,0,0.28500181436538696,,1.0
15946,2018-08-18,11,La Liga,4,male,Barcelona,Deportivo Alavés,elite,experiment2_topology_permutation,4,442,B-GNN-permuted-p1,1,0,0.3469771444797516,,1.0
15956,2018-08-25,11,La Liga,4,male,Real Valladolid,Barcelona,elite,experiment2_topology_permutation,4,442,B-GNN-permuted-p1,0,0,0.08233455568552017,,1.0
15978,2018-09-15,11,La Liga,4,male,Real Sociedad,Barcelona,elite,experiment2_topology_permutation,4,442,B-GNN-permuted-p1,0,0,0.3227987289428711,,1.0
15998,2018-09-26,11,La Liga,4,male,Leganés,Barcelona,elite,experiment2_topology_permutation,4,442,B-GNN-permuted-p1,1,0,0.2205011248588562,,1.0
16010,2018-09-29,11,La Liga,4,male,Barcelona,Athletic Club,elite,experiment2_topology_permutation,4,442,B-GNN-permuted-p1,0,1,0.6953567862510681,,1.0
16023,2018-10-07,11,La Liga,4,male,Valencia,Barcelona,elite,experiment2_topology_permutation,4,442,B-GNN-permuted-p1,0,0,0.21225647628307343,,1.0
16029,2018-10-20,11,La Liga,4,male,Barcelona,Sevilla,elite,experiment2_topology_permutation,4,442,B-GNN-permuted-p1,1,1,0.6740389466285706,,1.0
16056,2018-11-11,11,La Liga,4,male,Barcelona,Real Betis,elite,experiment2_topology_permutation,4,442,B-GNN-permuted-p1,0,1,0.9737520217895508,,1.0
16073,2018-11-24,11,La Liga,4,male,Atlético Madrid,Barcelona,elite,experiment2_topology_permutation,4,442,B-GNN-permuted-p1,0,0,0.18515335023403168,,1.0
16079,2018-12-02,11,La Liga,4,male,Barcelona,Villarreal,elite,experiment2_topology_permutation,4,442,B-GNN-permuted-p1,1,0,0.1304224729537964,,1.0
16086,2018-12-08,11,La Liga,4,male,Espanyol,Barcelona,elite,experiment2_topology_permutation,4,442,B-GNN-permuted-p1,0,0,0.32345861196517944,,1.0
16095,2018-12-16,11,La Liga,4,male,Levante UD,Barcelona,elite,experiment2_topology_permutation,4,442,B-GNN-permuted-p1,0,0,0.13734470307826996,,1.0
16109,2018-12-22,11,La Liga,4,male,Barcelona,Celta Vigo,elite,experiment2_topology_permutation,4,442,B-GNN-permuted-p1,1,0,0.46313777565956116,,1.0
16120,2019-01-06,11,La Liga,4,male,Getafe,Barcelona,elite,experiment2_topology_permutation,4,442,B-GNN-permuted-p1,0,0,0.26785480976104736,,1.0
16131,2019-01-13,11,La Liga,4,male,Barcelona,Eibar,elite,experiment2_topology_permutation,4,442,B-GNN-permuted-p1,1,0,0.4444807469844818,,1.0
16136,2019-01-20,11,La Liga,4,male,Barcelona,Leganés,elite,experiment2_topology_permutation,4,442,B-GNN-permuted-p1,1,1,0.8890239000320435,,1.0
16149,2019-01-27,11,La Liga,4,male,Girona,Barcelona,elite,experiment2_topology_permutation,4,442,B-GNN-permuted-p1,0,0,0.18839621543884277,,1.0
16157,2019-02-02,11,La Liga,4,male,Barcelona,Valencia,elite,experiment2_topology_permutation,4,442,B-GNN-permuted-p1,0,0,0.3294791579246521,,1.0
16173,2019-02-10,11,La Liga,4,male,Athletic Club,Barcelona,elite,experiment2_topology_permutation,4,442,B-GNN-permuted-p1,0,0,0.22228635847568512,,1.0
16182,2019-02-16,11,La Liga,4,male,Barcelona,Real Valladolid,elite,experiment2_topology_permutation,4,442,B-GNN-permuted-p1,1,1,0.9927876591682434,,1.0
16190,2019-02-23,11,La Liga,4,male,Sevilla,Barcelona,elite,experiment2_topology_permutation,4,442,B-GNN-permuted-p1,0,0,0.18069732189178467,,1.0
16196,2019-03-02,11,La Liga,4,male,Real Madrid,Barcelona,elite,experiment2_topology_permutation,4,442,B-GNN-permuted-p1,0,0,0.12008309364318848,,1.0
16205,2019-03-09,11,La Liga,4,male,Barcelona,Rayo Vallecano,elite,experiment2_topology_permutation,4,442,B-GNN-permuted-p1,1,0,0.4153148829936981,,1.0
16215,2019-03-17,11,La Liga,4,male,Real Betis,Barcelona,elite,experiment2_topology_permutation,4,442,B-GNN-permuted-p1,0,0,0.39095091819763184,,1.0
16231,2019-03-30,11,La Liga,4,male,Barcelona,Espanyol,elite,experiment2_topology_permutation,4,442,B-GNN-permuted-p1,1,0,0.22424103319644928,,1.0
16240,2019-04-02,11,La Liga,4,male,Villarreal,Barcelona,elite,experiment2_topology_permutation,4,442,B-GNN-permuted-p1,0,0,0.4568573832511902,,1.0
16248,2019-04-06,11,La Liga,4,male,Barcelona,Atlético Madrid,elite,experiment2_topology_permutation,4,442,B-GNN-permuted-p1,1,0,0.12972043454647064,,1.0
16265,2019-04-20,11,La Liga,4,male,Barcelona,Real Sociedad,elite,experiment2_topology_permutation,4,442,B-GNN-permuted-p1,1,0,0.3290208876132965,,1.0
16275,2019-04-23,11,La Liga,4,male,Deportivo Alavés,Barcelona,elite,experiment2_topology_permutation,4,442,B-GNN-permuted-p1,0,0,0.11530598253011703,,1.0
16289,2019-04-27,11,La Liga,4,male,Barcelona,Levante UD,elite,experiment2_topology_permutation,4,442,B-GNN-permuted-p1,1,0,0.4203876256942749,,1.0
16306,2019-05-12,11,La Liga,4,male,Barcelona,Getafe,elite,experiment2_topology_permutation,4,442,B-GNN-permuted-p1,1,1,0.8440436720848083,,1.0
16317,2019-05-19,11,La Liga,4,male,Eibar,Barcelona,elite,experiment2_topology_permutation,4,442,B-GNN-permuted-p1,0,0,0.31106194853782654,,1.0
303666,2019-09-21,11,La Liga,42,male,Granada,Barcelona,elite,experiment2_topology_permutation,4,442,B-GNN-permuted-p1,1,0,0.10557401925325394,,1.0
303430,2019-09-24,11,La Liga,42,male,Barcelona,Villarreal,elite,experiment2_topology_permutation,4,442,B-GNN-permuted-p1,1,0,0.2684774398803711,,1.0
303473,2019-10-06,11,La Liga,42,male,Barcelona,Sevilla,elite,experiment2_topology_permutation,4,442,B-GNN-permuted-p1,1,1,0.513195276260376,,1.0
303700,2019-10-19,11,La Liga,42,male,Eibar,Barcelona,elite,experiment2_topology_permutation,4,442,B-GNN-permuted-p1,0,0,0.15828558802604675,,1.0
303600,2019-10-29,11,La Liga,42,male,Barcelona,Real Valladolid,elite,experiment2_topology_permutation,4,442,B-GNN-permuted-p1,1,1,0.7624993920326233,,1.0
303504,2019-11-02,11,La Liga,42,male,Levante UD,Barcelona,elite,experiment2_topology_permutation,4,442,B-GNN-permuted-p1,1,0,0.23501543700695038,,1.0
303487,2019-11-09,11,La Liga,42,male,Barcelona,Celta Vigo,elite,experiment2_topology_permutation,4,442,B-GNN-permuted-p1,1,1,0.7755786180496216,,1.0
303715,2019-11-23,11,La Liga,42,male,Leganés,Barcelona,elite,experiment2_topology_permutation,4,442,B-GNN-permuted-p1,0,0,0.10544823855161667,,1.0
303524,2019-12-01,11,La Liga,42,male,Atlético Madrid,Barcelona,elite,experiment2_topology_permutation,4,442,B-GNN-permuted-p1,0,0,0.2631995379924774,,1.0
303451,2019-12-07,11,La Liga,42,male,Barcelona,Mallorca,elite,experiment2_topology_permutation,4,442,B-GNN-permuted-p1,1,1,0.7905113697052002,,1.0
303664,2019-12-14,11,La Liga,42,male,Real Sociedad,Barcelona,elite,experiment2_topology_permutation,4,442,B-GNN-permuted-p1,0,0,0.42843931913375854,,1.0
303596,2019-12-18,11,La Liga,42,male,Barcelona,Real Madrid,elite,experiment2_topology_permutation,4,442,B-GNN-permuted-p1,0,0,0.255849152803421,,1.0
303517,2019-12-21,11,La Liga,42,male,Barcelona,Deportivo Alavés,elite,experiment2_topology_permutation,4,442,B-GNN-permuted-p1,1,1,0.961330771446228,,1.0
303652,2020-01-04,11,La Liga,42,male,Espanyol,Barcelona,elite,experiment2_topology_permutation,4,442,B-GNN-permuted-p1,0,0,0.0650848001241684,,1.0
303610,2020-01-19,11,La Liga,42,male,Barcelona,Granada,elite,experiment2_topology_permutation,5,542,B-GNN-permuted-p1,1,1,0.8687145113945007,,1.0
303400,2020-01-25,11,La Liga,42,male,Valencia,Barcelona,elite,experiment2_topology_permutation,5,542,B-GNN-permuted-p1,1,0,0.3482751250267029,,1.0
303682,2020-02-02,11,La Liga,42,male,Barcelona,Levante UD,elite,experiment2_topology_permutation,5,542,B-GNN-permuted-p1,1,1,0.9123087525367737,,1.0
303707,2020-02-09,11,La Liga,42,male,Real Betis,Barcelona,elite,experiment2_topology_permutation,5,542,B-GNN-permuted-p1,0,1,0.7024425268173218,,1.0
303377,2020-02-15,11,La Liga,42,male,Barcelona,Getafe,elite,experiment2_topology_permutation,5,542,B-GNN-permuted-p1,1,0,0.4804441034793854,,1.0
303731,2020-02-22,11,La Liga,42,male,Barcelona,Eibar,elite,experiment2_topology_permutation,5,542,B-GNN-permuted-p1,1,1,0.9881508350372314,,1.0
303470,2020-03-01,11,La Liga,42,male,Real Madrid,Barcelona,elite,experiment2_topology_permutation,5,542,B-GNN-permuted-p1,1,1,0.5337623953819275,,1.0
303479,2020-03-07,11,La Liga,42,male,Barcelona,Real Sociedad,elite,experiment2_topology_permutation,5,542,B-GNN-permuted-p1,1,1,0.8361341953277588,,1.0
303548,2020-06-13,11,La Liga,42,male,Mallorca,Barcelona,elite,experiment2_topology_permutation,5,542,B-GNN-permuted-p1,0,0,0.33570361137390137,,1.0
303532,2020-06-16,11,La Liga,42,male,Barcelona,Leganés,elite,experiment2_topology_permutation,5,542,B-GNN-permuted-p1,1,1,0.9253990054130554,,1.0
303674,2020-06-19,11,La Liga,42,male,Sevilla,Barcelona,elite,experiment2_topology_permutation,5,542,B-GNN-permuted-p1,0,0,0.2552168071269989,,1.0
303493,2020-06-23,11,La Liga,42,male,Barcelona,Athletic Club,elite,experiment2_topology_permutation,5,542,B-GNN-permuted-p1,1,1,0.6508328914642334,,1.0
303516,2020-06-27,11,La Liga,42,male,Celta Vigo,Barcelona,elite,experiment2_topology_permutation,5,542,B-GNN-permuted-p1,0,0,0.30387067794799805,,1.0
303696,2020-06-30,11,La Liga,42,male,Barcelona,Atlético Madrid,elite,experiment2_topology_permutation,5,542,B-GNN-permuted-p1,0,1,0.8374396562576294,,1.0
303725,2020-07-05,11,La Liga,42,male,Villarreal,Barcelona,elite,experiment2_topology_permutation,5,542,B-GNN-permuted-p1,0,0,0.22628921270370483,,1.0
303615,2020-07-08,11,La Liga,42,male,Barcelona,Espanyol,elite,experiment2_topology_permutation,5,542,B-GNN-permuted-p1,1,1,0.8556768298149109,,1.0
303680,2020-07-11,11,La Liga,42,male,Real Valladolid,Barcelona,elite,experiment2_topology_permutation,5,542,B-GNN-permuted-p1,0,0,0.30728933215141296,,1.0
303634,2020-07-16,11,La Liga,42,male,Barcelona,Osasuna,elite,experiment2_topology_permutation,5,542,B-GNN-permuted-p1,0,1,0.6907244324684143,,1.0
303421,2020-07-19,11,La Liga,42,male,Deportivo Alavés,Barcelona,elite,experiment2_topology_permutation,5,542,B-GNN-permuted-p1,0,0,0.22058294713497162,,1.0
3773593,2020-09-27,11,La Liga,90,male,Barcelona,Villarreal,elite,experiment2_topology_permutation,5,542,B-GNN-permuted-p1,1,1,0.9723090529441833,,1.0
3773466,2020-10-01,11,La Liga,90,male,Celta Vigo,Barcelona,elite,experiment2_topology_permutation,5,542,B-GNN-permuted-p1,0,0,0.18754637241363525,,1.0
3773672,2020-10-04,11,La Liga,90,male,Barcelona,Sevilla,elite,experiment2_topology_permutation,5,542,B-GNN-permuted-p1,0,1,0.6413828134536743,,1.0
3773587,2020-10-17,11,La Liga,90,male,Getafe,Barcelona,elite,experiment2_topology_permutation,5,542,B-GNN-permuted-p1,1,1,0.6814732551574707,,1.0
3773585,2020-10-24,11,La Liga,90,male,Barcelona,Real Madrid,elite,experiment2_topology_permutation,5,542,B-GNN-permuted-p1,0,1,0.7732892632484436,,1.0
3773386,2020-10-31,11,La Liga,90,male,Deportivo Alavés,Barcelona,elite,experiment2_topology_permutation,5,542,B-GNN-permuted-p1,0,0,0.3370060920715332,,1.0
3773477,2020-11-07,11,La Liga,90,male,Barcelona,Real Betis,elite,experiment2_topology_permutation,5,542,B-GNN-permuted-p1,1,1,0.9866477251052856,,1.0
3773656,2020-11-21,11,La Liga,90,male,Atlético Madrid,Barcelona,elite,experiment2_topology_permutation,5,542,B-GNN-permuted-p1,1,0,0.43107348680496216,,1.0
3773547,2020-11-29,11,La Liga,90,male,Barcelona,Osasuna,elite,experiment2_topology_permutation,5,542,B-GNN-permuted-p1,1,1,0.9937567710876465,,1.0
3773660,2020-12-13,11,La Liga,90,male,Barcelona,Levante UD,elite,experiment2_topology_permutation,5,542,B-GNN-permuted-p1,1,1,0.7699073553085327,,1.0
3773523,2020-12-16,11,La Liga,90,male,Barcelona,Real Sociedad,elite,experiment2_topology_permutation,5,542,B-GNN-permuted-p1,1,1,0.9645916819572449,,1.0
3773377,2020-12-19,11,La Liga,90,male,Barcelona,Valencia,elite,experiment2_topology_permutation,5,542,B-GNN-permuted-p1,0,1,0.9804361462593079,,1.0
3773571,2020-12-22,11,La Liga,90,male,Real Valladolid,Barcelona,elite,experiment2_topology_permutation,5,542,B-GNN-permuted-p1,0,0,0.23382966220378876,,1.0
3764661,2021-01-06,11,La Liga,90,male,Athletic Club,Barcelona,elite,experiment2_topology_permutation,5,542,B-GNN-permuted-p1,0,0,0.3485606908798218,,1.0
3773565,2021-01-09,11,La Liga,90,male,Granada,Barcelona,elite,experiment2_topology_permutation,5,542,B-GNN-permuted-p1,0,0,0.25222110748291016,,1.0
3773403,2021-01-31,11,La Liga,90,male,Barcelona,Athletic Club,elite,experiment2_topology_permutation,5,542,B-GNN-permuted-p1,1,1,0.8215380907058716,,1.0
3773631,2021-02-07,11,La Liga,90,male,Real Betis,Barcelona,elite,experiment2_topology_permutation,5,542,B-GNN-permuted-p1,0,1,0.5140351057052612,,1.0
3773526,2021-02-13,11,La Liga,90,male,Barcelona,Deportivo Alavés,elite,experiment2_topology_permutation,5,542,B-GNN-permuted-p1,1,1,0.9588239789009094,,1.0
3764440,2021-02-24,11,La Liga,90,male,Barcelona,Elche,elite,experiment2_topology_permutation,5,542,B-GNN-permuted-p1,1,1,0.8911118507385254,,1.0
3773625,2021-02-27,11,La Liga,90,male,Sevilla,Barcelona,elite,experiment2_topology_permutation,5,542,B-GNN-permuted-p1,0,0,0.2707767188549042,,1.0
3773665,2021-03-06,11,La Liga,90,male,Osasuna,Barcelona,elite,experiment2_topology_permutation,5,542,B-GNN-permuted-p1,0,0,0.39794906973838806,,1.0
3773597,2021-03-21,11,La Liga,90,male,Real Sociedad,Barcelona,elite,experiment2_topology_permutation,5,542,B-GNN-permuted-p1,0,0,0.3120027482509613,,1.0
3773474,2021-04-05,11,La Liga,90,male,Barcelona,Real Valladolid,elite,experiment2_topology_permutation,5,542,B-GNN-permuted-p1,1,1,0.610841691493988,,1.0
3773497,2021-04-10,11,La Liga,90,male,Real Madrid,Barcelona,elite,experiment2_topology_permutation,5,542,B-GNN-permuted-p1,1,0,0.26381513476371765,,1.0
3773661,2021-04-22,11,La Liga,90,male,Barcelona,Getafe,elite,experiment2_topology_permutation,5,542,B-GNN-permuted-p1,1,1,0.8742052912712097,,1.0
3773689,2021-04-25,11,La Liga,90,male,Villarreal,Barcelona,elite,experiment2_topology_permutation,5,542,B-GNN-permuted-p1,0,1,0.6657329797744751,,1.0
3773586,2021-04-29,11,La Liga,90,male,Barcelona,Granada,elite,experiment2_topology_permutation,5,542,B-GNN-permuted-p1,0,1,0.8192688226699829,,1.0
3773695,2021-05-02,11,La Liga,90,male,Valencia,Barcelona,elite,experiment2_topology_permutation,5,542,B-GNN-permuted-p1,0,0,0.4243718981742859,,1.0
3773372,2021-05-08,11,La Liga,90,male,Barcelona,Atlético Madrid,elite,experiment2_topology_permutation,5,542,B-GNN-permuted-p1,0,0,0.49099573493003845,,1.0
3773387,2021-05-11,11,La Liga,90,male,Levante UD,Barcelona,elite,experiment2_topology_permutation,5,542,B-GNN-permuted-p1,0,0,0.28636249899864197,,1.0
3773457,2021-05-16,11,La Liga,90,male,Barcelona,Celta Vigo,elite,experiment2_topology_permutation,5,542,B-GNN-permuted-p1,0,1,0.7920517325401306,,1.0
3825637,2015-10-25,11,La Liga,27,male,Barcelona,Eibar,elite,experiment2_topology_permutation,1,142,B-GNN-permuted-p2,1,1,0.6177763938903809,,2.0
3825638,2015-10-25,11,La Liga,27,male,Atlético Madrid,Valencia,elite,experiment2_topology_permutation,1,142,B-GNN-permuted-p2,1,1,0.5058019757270813,,2.0
3825639,2015-10-25,11,La Liga,27,male,Las Palmas,Villarreal,elite,experiment2_topology_permutation,1,142,B-GNN-permuted-p2,0,0,0.2921573221683502,,2.0
3825640,2015-10-25,11,La Liga,27,male,Levante UD,Real Sociedad,elite,experiment2_topology_permutation,1,142,B-GNN-permuted-p2,0,0,0.1805061548948288,,2.0
3825641,2015-10-26,11,La Liga,27,male,Athletic Club,Sporting Gijón,elite,experiment2_topology_permutation,1,142,B-GNN-permuted-p2,1,1,0.6172256469726562,,2.0
3825642,2015-10-30,11,La Liga,27,male,RC Deportivo La Coruña,Atlético Madrid,elite,experiment2_topology_permutation,1,142,B-GNN-permuted-p2,0,0,0.3247986137866974,,2.0
3825643,2015-10-31,11,La Liga,27,male,Real Madrid,Las Palmas,elite,experiment2_topology_permutation,1,142,B-GNN-permuted-p2,1,1,0.7138029932975769,,2.0
3825644,2015-10-31,11,La Liga,27,male,Real Sociedad,Celta Vigo,elite,experiment2_topology_permutation,1,142,B-GNN-permuted-p2,0,0,0.24840566515922546,,2.0
3825645,2015-10-31,11,La Liga,27,male,Getafe,Barcelona,elite,experiment2_topology_permutation,1,142,B-GNN-permuted-p2,0,0,0.08189702033996582,,2.0
3825646,2015-10-31,11,La Liga,27,male,Villarreal,Sevilla,elite,experiment2_topology_permutation,1,142,B-GNN-permuted-p2,1,0,0.3683282434940338,,2.0
3825647,2015-10-31,11,La Liga,27,male,Valencia,Levante UD,elite,experiment2_topology_permutation,1,142,B-GNN-permuted-p2,1,0,0.4693306088447571,,2.0
3825648,2015-11-01,11,La Liga,27,male,Eibar,Rayo Vallecano,elite,experiment2_topology_permutation,1,142,B-GNN-permuted-p2,1,0,0.1287640929222107,,2.0
3825649,2015-11-01,11,La Liga,27,male,Sporting Gijón,Málaga,elite,experiment2_topology_permutation,1,142,B-GNN-permuted-p2,1,0,0.1900174766778946,,2.0
3825650,2015-11-01,11,La Liga,27,male,Real Betis,Athletic Club,elite,experiment2_topology_permutation,1,142,B-GNN-permuted-p2,0,0,0.3852052688598633,,2.0
3825651,2015-11-01,11,La Liga,27,male,Espanyol,Granada,elite,experiment2_topology_permutation,1,142,B-GNN-permuted-p2,0,0,0.1836838722229004,,2.0
3825652,2015-11-06,11,La Liga,27,male,Las Palmas,Real Sociedad,elite,experiment2_topology_permutation,1,142,B-GNN-permuted-p2,1,0,0.18330681324005127,,2.0
3825653,2015-11-07,11,La Liga,27,male,Eibar,Getafe,elite,experiment2_topology_permutation,1,142,B-GNN-permuted-p2,1,0,0.3770459294319153,,2.0
3825654,2015-11-07,11,La Liga,27,male,Celta Vigo,Valencia,elite,experiment2_topology_permutation,1,142,B-GNN-permuted-p2,0,0,0.31558823585510254,,2.0
3825655,2015-11-07,11,La Liga,27,male,Rayo Vallecano,Granada,elite,experiment2_topology_permutation,1,142,B-GNN-permuted-p2,1,0,0.23571527004241943,,2.0
3825656,2015-11-07,11,La Liga,27,male,Levante UD,RC Deportivo La Coruña,elite,experiment2_topology_permutation,1,142,B-GNN-permuted-p2,0,0,0.23665179312229156,,2.0
3825657,2015-11-07,11,La Liga,27,male,Málaga,Real Betis,elite,experiment2_topology_permutation,1,142,B-GNN-permuted-p2,0,0,0.174438014626503,,2.0
3825658,2015-11-08,11,La Liga,27,male,Atlético Madrid,Sporting Gijón,elite,experiment2_topology_permutation,1,142,B-GNN-permuted-p2,1,1,0.5465614199638367,,2.0
3825659,2015-11-08,11,La Liga,27,male,Athletic Club,Espanyol,elite,experiment2_topology_permutation,1,142,B-GNN-permuted-p2,1,0,0.12062302231788635,,2.0
3825660,2015-11-08,11,La Liga,27,male,Barcelona,Villarreal,elite,experiment2_topology_permutation,1,142,B-GNN-permuted-p2,1,1,0.8268865942955017,,2.0
3825661,2015-11-08,11,La Liga,27,male,Sevilla,Real Madrid,elite,experiment2_topology_permutation,1,142,B-GNN-permuted-p2,1,0,0.4551880955696106,,2.0
266424,2015-11-21,11,La Liga,27,male,Real Madrid,Barcelona,elite,experiment2_topology_permutation,1,142,B-GNN-permuted-p2,0,0,0.45471763610839844,,2.0
3825662,2015-11-21,11,La Liga,27,male,RC Deportivo La Coruña,Celta Vigo,elite,experiment2_topology_permutation,1,142,B-GNN-permuted-p2,1,0,0.08659137040376663,,2.0
3825663,2015-11-21,11,La Liga,27,male,Espanyol,Málaga,elite,experiment2_topology_permutation,1,142,B-GNN-permuted-p2,1,0,0.1513967663049698,,2.0
3825664,2015-11-21,11,La Liga,27,male,Real Sociedad,Sevilla,elite,experiment2_topology_permutation,1,142,B-GNN-permuted-p2,1,0,0.406565397977829,,2.0
3825888,2015-11-21,11,La Liga,27,male,Valencia,Las Palmas,elite,experiment2_topology_permutation,1,142,B-GNN-permuted-p2,0,0,0.3148922622203827,,2.0
3825665,2015-11-22,11,La Liga,27,male,Granada,Athletic Club,elite,experiment2_topology_permutation,1,142,B-GNN-permuted-p2,1,0,0.0910126268863678,,2.0
3825666,2015-11-22,11,La Liga,27,male,Real Betis,Atlético Madrid,elite,experiment2_topology_permutation,1,142,B-GNN-permuted-p2,0,0,0.19777081906795502,,2.0
3825667,2015-11-22,11,La Liga,27,male,Villarreal,Eibar,elite,experiment2_topology_permutation,1,142,B-GNN-permuted-p2,0,0,0.3009558916091919,,2.0
3825668,2015-11-22,11,La Liga,27,male,Sporting Gijón,Levante UD,elite,experiment2_topology_permutation,1,142,B-GNN-permuted-p2,0,0,0.27980250120162964,,2.0
3825669,2015-11-23,11,La Liga,27,male,Getafe,Rayo Vallecano,elite,experiment2_topology_permutation,1,142,B-GNN-permuted-p2,0,0,0.15642961859703064,,2.0
3825670,2015-11-27,11,La Liga,27,male,Levante UD,Real Betis,elite,experiment2_topology_permutation,1,142,B-GNN-permuted-p2,0,0,0.31034353375434875,,2.0
266885,2015-11-28,11,La Liga,27,male,Barcelona,Real Sociedad,elite,experiment2_topology_permutation,1,142,B-GNN-permuted-p2,1,1,0.5864562392234802,,2.0
3825671,2015-11-28,11,La Liga,27,male,Celta Vigo,Sporting Gijón,elite,experiment2_topology_permutation,1,142,B-GNN-permuted-p2,1,0,0.34635964035987854,,2.0
3825672,2015-11-28,11,La Liga,27,male,Málaga,Granada,elite,experiment2_topology_permutation,1,142,B-GNN-permuted-p2,0,0,0.2488536387681961,,2.0
3825673,2015-11-28,11,La Liga,27,male,Las Palmas,RC Deportivo La Coruña,elite,experiment2_topology_permutation,1,142,B-GNN-permuted-p2,0,1,0.5192594528198242,,2.0
3825674,2015-11-28,11,La Liga,27,male,Atlético Madrid,Espanyol,elite,experiment2_topology_permutation,1,142,B-GNN-permuted-p2,1,1,0.6129411458969116,,2.0
3825675,2015-11-29,11,La Liga,27,male,Rayo Vallecano,Athletic Club,elite,experiment2_topology_permutation,1,142,B-GNN-permuted-p2,0,0,0.3389376699924469,,2.0
3825676,2015-11-29,11,La Liga,27,male,Getafe,Villarreal,elite,experiment2_topology_permutation,1,142,B-GNN-permuted-p2,1,0,0.2387954443693161,,2.0
3825677,2015-11-29,11,La Liga,27,male,Sevilla,Valencia,elite,experiment2_topology_permutation,1,142,B-GNN-permuted-p2,1,1,0.5453696250915527,,2.0
3825678,2015-11-29,11,La Liga,27,male,Eibar,Real Madrid,elite,experiment2_topology_permutation,1,142,B-GNN-permuted-p2,0,0,0.15481944382190704,,2.0
267274,2015-12-05,11,La Liga,27,male,Valencia,Barcelona,elite,experiment2_topology_permutation,1,142,B-GNN-permuted-p2,0,0,0.20984891057014465,,2.0
3825679,2015-12-05,11,La Liga,27,male,Real Betis,Celta Vigo,elite,experiment2_topology_permutation,1,142,B-GNN-permuted-p2,0,0,0.46751633286476135,,2.0
3825680,2015-12-05,11,La Liga,27,male,RC Deportivo La Coruña,Sevilla,elite,experiment2_topology_permutation,1,142,B-GNN-permuted-p2,0,0,0.14810088276863098,,2.0
3825681,2015-12-05,11,La Liga,27,male,Real Madrid,Getafe,elite,experiment2_topology_permutation,1,142,B-GNN-permuted-p2,1,1,0.791140615940094,,2.0
3825682,2015-12-05,11,La Liga,27,male,Granada,Atlético Madrid,elite,experiment2_topology_permutation,1,142,B-GNN-permuted-p2,0,0,0.32063499093055725,,2.0
3825683,2015-12-06,11,La Liga,27,male,Real Sociedad,Eibar,elite,experiment2_topology_permutation,1,142,B-GNN-permuted-p2,1,0,0.3976649343967438,,2.0
3825684,2015-12-06,11,La Liga,27,male,Villarreal,Rayo Vallecano,elite,experiment2_topology_permutation,1,142,B-GNN-permuted-p2,1,0,0.2872406542301178,,2.0
3825685,2015-12-06,11,La Liga,27,male,Sporting Gijón,Las Palmas,elite,experiment2_topology_permutation,1,142,B-GNN-permuted-p2,1,0,0.34744805097579956,,2.0
3825686,2015-12-06,11,La Liga,27,male,Athletic Club,Málaga,elite,experiment2_topology_permutation,1,142,B-GNN-permuted-p2,0,0,0.1776801198720932,,2.0
3825687,2015-12-07,11,La Liga,27,male,Espanyol,Levante UD,elite,experiment2_topology_permutation,1,142,B-GNN-permuted-p2,0,0,0.12350224703550339,,2.0
3825688,2015-12-11,11,La Liga,27,male,Getafe,Real Sociedad,elite,experiment2_topology_permutation,1,142,B-GNN-permuted-p2,0,0,0.13820326328277588,,2.0
266961,2015-12-12,11,La Liga,27,male,Barcelona,RC Deportivo La Coruña,elite,experiment2_topology_permutation,1,142,B-GNN-permuted-p2,0,1,0.8761537671089172,,2.0
3825689,2015-12-12,11,La Liga,27,male,Celta Vigo,Espanyol,elite,experiment2_topology_permutation,1,142,B-GNN-permuted-p2,1,0,0.23436546325683594,,2.0
3825690,2015-12-12,11,La Liga,27,male,Las Palmas,Real Betis,elite,experiment2_topology_permutation,1,142,B-GNN-permuted-p2,1,0,0.46898770332336426,,2.0
3825691,2015-12-12,11,La Liga,27,male,Levante UD,Granada,elite,experiment2_topology_permutation,1,142,B-GNN-permuted-p2,0,0,0.17078393697738647,,2.0
3825692,2015-12-12,11,La Liga,27,male,Sevilla,Sporting Gijón,elite,experiment2_topology_permutation,1,142,B-GNN-permuted-p2,1,1,0.563624382019043,,2.0
3825693,2015-12-13,11,La Liga,27,male,Atlético Madrid,Athletic Club,elite,experiment2_topology_permutation,1,142,B-GNN-permuted-p2,1,0,0.14914916455745697,,2.0
3825694,2015-12-13,11,La Liga,27,male,Eibar,Valencia,elite,experiment2_topology_permutation,1,142,B-GNN-permuted-p2,0,0,0.3220851421356201,,2.0
3825695,2015-12-13,11,La Liga,27,male,Villarreal,Real Madrid,elite,experiment2_topology_permutation,1,142,B-GNN-permuted-p2,1,0,0.2467505931854248,,2.0
3825696,2015-12-13,11,La Liga,27,male,Rayo Vallecano,Málaga,elite,experiment2_topology_permutation,1,142,B-GNN-permuted-p2,0,0,0.20311816036701202,,2.0
3825697,2015-12-19,11,La Liga,27,male,Valencia,Getafe,elite,experiment2_topology_permutation,1,142,B-GNN-permuted-p2,0,0,0.4101477861404419,,2.0
3825698,2015-12-19,11,La Liga,27,male,RC Deportivo La Coruña,Eibar,elite,experiment2_topology_permutation,1,142,B-GNN-permuted-p2,1,0,0.30856502056121826,,2.0
3825699,2015-12-19,11,La Liga,27,male,Real Betis,Sevilla,elite,experiment2_topology_permutation,1,142,B-GNN-permuted-p2,0,0,0.1900339126586914,,2.0
3825891,2015-12-19,11,La Liga,27,male,Espanyol,Las Palmas,elite,experiment2_topology_permutation,1,142,B-GNN-permuted-p2,1,0,0.21934513747692108,,2.0
3825700,2015-12-20,11,La Liga,27,male,Real Madrid,Rayo Vallecano,elite,experiment2_topology_permutation,1,142,B-GNN-permuted-p2,1,1,0.8592711687088013,,2.0
3825701,2015-12-20,11,La Liga,27,male,Málaga,Atlético Madrid,elite,experiment2_topology_permutation,1,142,B-GNN-permuted-p2,1,0,0.2873791456222534,,2.0
3825702,2015-12-20,11,La Liga,27,male,Real Sociedad,Villarreal,elite,experiment2_topology_permutation,1,142,B-GNN-permuted-p2,0,1,0.6290289759635925,,2.0
3825703,2015-12-20,11,La Liga,27,male,Athletic Club,Levante UD,elite,experiment2_topology_permutation,1,142,B-GNN-permuted-p2,1,0,0.37155234813690186,,2.0
3825704,2015-12-20,11,La Liga,27,male,Granada,Celta Vigo,elite,experiment2_topology_permutation,1,142,B-GNN-permuted-p2,0,0,0.19447752833366394,,2.0
267327,2015-12-30,11,La Liga,27,male,Barcelona,Real Betis,elite,experiment2_topology_permutation,1,142,B-GNN-permuted-p2,1,1,0.7654577493667603,,2.0
3825705,2015-12-30,11,La Liga,27,male,Eibar,Sporting Gijón,elite,experiment2_topology_permutation,1,142,B-GNN-permuted-p2,1,0,0.23433801531791687,,2.0
3825706,2015-12-30,11,La Liga,27,male,Celta Vigo,Athletic Club,elite,experiment2_topology_permutation,1,142,B-GNN-permuted-p2,0,0,0.33364635705947876,,2.0
3825707,2015-12-30,11,La Liga,27,male,Las Palmas,Granada,elite,experiment2_topology_permutation,1,142,B-GNN-permuted-p2,1,1,0.5337565541267395,,2.0
3825708,2015-12-30,11,La Liga,27,male,Levante UD,Málaga,elite,experiment2_topology_permutation,1,142,B-GNN-permuted-p2,0,0,0.15460550785064697,,2.0
3825709,2015-12-30,11,La Liga,27,male,Sevilla,Espanyol,elite,experiment2_topology_permutation,1,142,B-GNN-permuted-p2,1,0,0.47173014283180237,,2.0
3825710,2015-12-30,11,La Liga,27,male,Real Madrid,Real Sociedad,elite,experiment2_topology_permutation,1,142,B-GNN-permuted-p2,1,1,0.7079426050186157,,2.0
3825711,2015-12-30,11,La Liga,27,male,Rayo Vallecano,Atlético Madrid,elite,experiment2_topology_permutation,1,142,B-GNN-permuted-p2,0,0,0.2467830330133438,,2.0
3825712,2015-12-30,11,La Liga,27,male,Getafe,RC Deportivo La Coruña,elite,experiment2_topology_permutation,1,142,B-GNN-permuted-p2,0,0,0.26101845502853394,,2.0
3825713,2015-12-31,11,La Liga,27,male,Villarreal,Valencia,elite,experiment2_topology_permutation,1,142,B-GNN-permuted-p2,1,0,0.21584652364253998,,2.0
266670,2016-01-02,11,La Liga,27,male,Espanyol,Barcelona,elite,experiment2_topology_permutation,1,142,B-GNN-permuted-p2,0,0,0.08315062522888184,,2.0
3825714,2016-01-02,11,La Liga,27,male,Atlético Madrid,Levante UD,elite,experiment2_topology_permutation,1,142,B-GNN-permuted-p2,1,0,0.20675861835479736,,2.0
3825715,2016-01-02,11,La Liga,27,male,Málaga,Celta Vigo,elite,experiment2_topology_permutation,1,142,B-GNN-permuted-p2,1,0,0.3479708433151245,,2.0
3825716,2016-01-03,11,La Liga,27,male,Rayo Vallecano,Real Sociedad,elite,experiment2_topology_permutation,1,142,B-GNN-permuted-p2,0,0,0.1087992861866951,,2.0
3825717,2016-01-03,11,La Liga,27,male,Granada,Sevilla,elite,experiment2_topology_permutation,1,142,B-GNN-permuted-p2,1,0,0.21762320399284363,,2.0
3825718,2016-01-03,11,La Liga,27,male,Valencia,Real Madrid,elite,experiment2_topology_permutation,1,142,B-GNN-permuted-p2,0,1,0.660260796546936,,2.0
3825719,2016-01-03,11,La Liga,27,male,Athletic Club,Las Palmas,elite,experiment2_topology_permutation,1,142,B-GNN-permuted-p2,0,0,0.18256519734859467,,2.0
3825720,2016-01-03,11,La Liga,27,male,Real Betis,Eibar,elite,experiment2_topology_permutation,1,142,B-GNN-permuted-p2,0,0,0.36173030734062195,,2.0
3825721,2016-01-03,11,La Liga,27,male,RC Deportivo La Coruña,Villarreal,elite,experiment2_topology_permutation,1,142,B-GNN-permuted-p2,0,0,0.2938680350780487,,2.0
3825722,2016-01-04,11,La Liga,27,male,Sporting Gijón,Getafe,elite,experiment2_topology_permutation,1,142,B-GNN-permuted-p2,0,0,0.2386055588722229,,2.0
266620,2016-01-09,11,La Liga,27,male,Barcelona,Granada,elite,experiment2_topology_permutation,1,142,B-GNN-permuted-p2,1,1,0.8781896233558655,,2.0
3825723,2016-01-09,11,La Liga,27,male,Levante UD,Rayo Vallecano,elite,experiment2_topology_permutation,1,142,B-GNN-permuted-p2,1,0,0.10395550727844238,,2.0
3825724,2016-01-09,11,La Liga,27,male,Real Madrid,RC Deportivo La Coruña,elite,experiment2_topology_permutation,1,142,B-GNN-permuted-p2,1,1,0.6730718016624451,,2.0
3825725,2016-01-09,11,La Liga,27,male,Getafe,Real Betis,elite,experiment2_topology_permutation,1,142,B-GNN-permuted-p2,1,0,0.2296481728553772,,2.0
3825726,2016-01-09,11,La Liga,27,male,Sevilla,Athletic Club,elite,experiment2_topology_permutation,1,142,B-GNN-permuted-p2,1,0,0.20686084032058716,,2.0
3825727,2016-01-10,11,La Liga,27,male,Eibar,Espanyol,elite,experiment2_topology_permutation,1,142,B-GNN-permuted-p2,1,0,0.42610812187194824,,2.0
3825728,2016-01-10,11,La Liga,27,male,Celta Vigo,Atlético Madrid,elite,experiment2_topology_permutation,1,142,B-GNN-permuted-p2,0,0,0.3627026081085205,,2.0
3825729,2016-01-10,11,La Liga,27,male,Villarreal,Sporting Gijón,elite,experiment2_topology_permutation,1,142,B-GNN-permuted-p2,1,0,0.2602769434452057,,2.0
3825730,2016-01-10,11,La Liga,27,male,Real Sociedad,Valencia,elite,experiment2_topology_permutation,1,142,B-GNN-permuted-p2,1,0,0.46194061636924744,,2.0
3825731,2016-01-10,11,La Liga,27,male,Las Palmas,Málaga,elite,experiment2_topology_permutation,1,142,B-GNN-permuted-p2,0,0,0.3251458704471588,,2.0
3825732,2016-01-16,11,La Liga,27,male,Celta Vigo,Levante UD,elite,experiment2_topology_permutation,1,142,B-GNN-permuted-p2,1,1,0.7434383630752563,,2.0
3825733,2016-01-16,11,La Liga,27,male,Sevilla,Málaga,elite,experiment2_topology_permutation,1,142,B-GNN-permuted-p2,1,0,0.25652384757995605,,2.0
3825734,2016-01-16,11,La Liga,27,male,Real Sociedad,RC Deportivo La Coruña,elite,experiment2_topology_permutation,1,142,B-GNN-permuted-p2,0,1,0.7782966494560242,,2.0
3825735,2016-01-16,11,La Liga,27,male,Villarreal,Real Betis,elite,experiment2_topology_permutation,1,142,B-GNN-permuted-p2,0,0,0.29877161979675293,,2.0
266149,2016-01-17,11,La Liga,27,male,Barcelona,Athletic Club,elite,experiment2_topology_permutation,1,142,B-GNN-permuted-p2,1,1,0.782294511795044,,2.0
3825736,2016-01-17,11,La Liga,27,male,Valencia,Rayo Vallecano,elite,experiment2_topology_permutation,1,142,B-GNN-permuted-p2,0,0,0.26022869348526,,2.0
3825737,2016-01-17,11,La Liga,27,male,Getafe,Espanyol,elite,experiment2_topology_permutation,1,142,B-GNN-permuted-p2,1,0,0.4163241982460022,,2.0
3825738,2016-01-17,11,La Liga,27,male,Las Palmas,Atlético Madrid,elite,experiment2_topology_permutation,1,142,B-GNN-permuted-p2,0,1,0.5221683979034424,,2.0
3825739,2016-01-17,11,La Liga,27,male,Real Madrid,Sporting Gijón,elite,experiment2_topology_permutation,1,142,B-GNN-permuted-p2,1,1,0.8375697731971741,,2.0
3825740,2016-01-18,11,La Liga,27,male,Eibar,Granada,elite,experiment2_topology_permutation,1,142,B-GNN-permuted-p2,1,0,0.29785996675491333,,2.0
3825741,2016-01-22,11,La Liga,27,male,Sporting Gijón,Real Sociedad,elite,experiment2_topology_permutation,1,142,B-GNN-permuted-p2,1,1,0.80865079164505,,2.0
265894,2016-01-23,11,La Liga,27,male,Málaga,Barcelona,elite,experiment2_topology_permutation,1,142,B-GNN-permuted-p2,0,0,0.19865578413009644,,2.0
3825742,2016-01-23,11,La Liga,27,male,Granada,Getafe,elite,experiment2_topology_permutation,1,142,B-GNN-permuted-p2,1,1,0.586969256401062,,2.0
3825743,2016-01-23,11,La Liga,27,male,Rayo Vallecano,Celta Vigo,elite,experiment2_topology_permutation,1,142,B-GNN-permuted-p2,1,1,0.5969674587249756,,2.0
3825744,2016-01-23,11,La Liga,27,male,Espanyol,Villarreal,elite,experiment2_topology_permutation,1,142,B-GNN-permuted-p2,0,0,0.2546016275882721,,2.0
3825745,2016-01-24,11,La Liga,27,male,RC Deportivo La Coruña,Valencia,elite,experiment2_topology_permutation,1,142,B-GNN-permuted-p2,0,0,0.2856180667877197,,2.0
3825746,2016-01-24,11,La Liga,27,male,Real Betis,Real Madrid,elite,experiment2_topology_permutation,1,142,B-GNN-permuted-p2,0,0,0.10268405824899673,,2.0
3825747,2016-01-24,11,La Liga,27,male,Athletic Club,Eibar,elite,experiment2_topology_permutation,1,142,B-GNN-permuted-p2,1,0,0.21456868946552277,,2.0
3825748,2016-01-24,11,La Liga,27,male,Atlético Madrid,Sevilla,elite,experiment2_topology_permutation,1,142,B-GNN-permuted-p2,0,1,0.5835595726966858,,2.0
3825749,2016-01-25,11,La Liga,27,male,Levante UD,Las Palmas,elite,experiment2_topology_permutation,1,142,B-GNN-permuted-p2,1,0,0.17075832188129425,,2.0
267576,2016-01-30,11,La Liga,27,male,Barcelona,Atlético Madrid,elite,experiment2_topology_permutation,1,142,B-GNN-permuted-p2,1,1,0.7135878801345825,,2.0
3825750,2016-01-30,11,La Liga,27,male,Real Sociedad,Real Betis,elite,experiment2_topology_permutation,1,142,B-GNN-permuted-p2,1,0,0.17551518976688385,,2.0
3825751,2016-01-30,11,La Liga,27,male,Getafe,Athletic Club,elite,experiment2_topology_permutation,1,142,B-GNN-permuted-p2,0,0,0.16257689893245697,,2.0
3825752,2016-01-30,11,La Liga,27,male,Eibar,Málaga,elite,experiment2_topology_permutation,1,142,B-GNN-permuted-p2,0,0,0.19788868725299835,,2.0
3825753,2016-01-30,11,La Liga,27,male,Villarreal,Granada,elite,experiment2_topology_permutation,1,142,B-GNN-permuted-p2,1,1,0.6657471656799316,,2.0
3825754,2016-01-31,11,La Liga,27,male,Las Palmas,Celta Vigo,elite,experiment2_topology_permutation,1,142,B-GNN-permuted-p2,1,0,0.43980544805526733,,2.0
3825755,2016-01-31,11,La Liga,27,male,Valencia,Sporting Gijón,elite,experiment2_topology_permutation,1,142,B-GNN-permuted-p2,0,1,0.6371365785598755,,2.0
3825756,2016-01-31,11,La Liga,27,male,Sevilla,Levante UD,elite,experiment2_topology_permutation,1,142,B-GNN-permuted-p2,1,0,0.4476372301578522,,2.0
3825757,2016-01-31,11,La Liga,27,male,Real Madrid,Espanyol,elite,experiment2_topology_permutation,1,142,B-GNN-permuted-p2,1,1,0.8697097301483154,,2.0
3825758,2016-02-01,11,La Liga,27,male,RC Deportivo La Coruña,Rayo Vallecano,elite,experiment2_topology_permutation,1,142,B-GNN-permuted-p2,0,0,0.2713794410228729,,2.0
3825759,2016-02-05,11,La Liga,27,male,Málaga,Getafe,elite,experiment2_topology_permutation,1,142,B-GNN-permuted-p2,1,0,0.3109947741031647,,2.0
3825760,2016-02-06,11,La Liga,27,male,Atlético Madrid,Eibar,elite,experiment2_topology_permutation,1,142,B-GNN-permuted-p2,1,0,0.15094195306301117,,2.0
3825761,2016-02-06,11,La Liga,27,male,Athletic Club,Villarreal,elite,experiment2_topology_permutation,1,142,B-GNN-permuted-p2,0,0,0.24970296025276184,,2.0
3825762,2016-02-06,11,La Liga,27,male,Sporting Gijón,RC Deportivo La Coruña,elite,experiment2_topology_permutation,1,142,B-GNN-permuted-p2,0,0,0.19361920654773712,,2.0
3825763,2016-02-06,11,La Liga,27,male,Rayo Vallecano,Las Palmas,elite,experiment2_topology_permutation,1,142,B-GNN-permuted-p2,1,1,0.5046220421791077,,2.0
266160,2016-02-07,11,La Liga,27,male,Levante UD,Barcelona,elite,experiment2_topology_permutation,1,142,B-GNN-permuted-p2,0,0,0.15127265453338623,,2.0
3825764,2016-02-07,11,La Liga,27,male,Granada,Real Madrid,elite,experiment2_topology_permutation,1,142,B-GNN-permuted-p2,0,0,0.2451467216014862,,2.0
3825765,2016-02-07,11,La Liga,27,male,Celta Vigo,Sevilla,elite,experiment2_topology_permutation,1,142,B-GNN-permuted-p2,0,1,0.7876935601234436,,2.0
3825766,2016-02-07,11,La Liga,27,male,Real Betis,Valencia,elite,experiment2_topology_permutation,1,142,B-GNN-permuted-p2,1,0,0.14380721747875214,,2.0
3825767,2016-02-08,11,La Liga,27,male,Espanyol,Real Sociedad,elite,experiment2_topology_permutation,1,142,B-GNN-permuted-p2,0,0,0.24481457471847534,,2.0
3825768,2016-02-12,11,La Liga,27,male,Sporting Gijón,Rayo Vallecano,elite,experiment2_topology_permutation,1,142,B-GNN-permuted-p2,0,0,0.1954122930765152,,2.0
3825769,2016-02-13,11,La Liga,27,male,Villarreal,Málaga,elite,experiment2_topology_permutation,1,142,B-GNN-permuted-p2,1,0,0.31132182478904724,,2.0
3825770,2016-02-13,11,La Liga,27,male,Real Madrid,Athletic Club,elite,experiment2_topology_permutation,1,142,B-GNN-permuted-p2,1,1,0.7439524531364441,,2.0
3825771,2016-02-13,11,La Liga,27,male,RC Deportivo La Coruña,Real Betis,elite,experiment2_topology_permutation,1,142,B-GNN-permuted-p2,0,0,0.47438037395477295,,2.0
3825772,2016-02-13,11,La Liga,27,male,Valencia,Espanyol,elite,experiment2_topology_permutation,1,142,B-GNN-permuted-p2,1,0,0.34090378880500793,,2.0
266254,2016-02-14,11,La Liga,27,male,Barcelona,Celta Vigo,elite,experiment2_topology_permutation,1,142,B-GNN-permuted-p2,1,1,0.6928610801696777,,2.0
3825773,2016-02-14,11,La Liga,27,male,Eibar,Levante UD,elite,experiment2_topology_permutation,1,142,B-GNN-permuted-p2,1,1,0.528444230556488,,2.0
3825774,2016-02-14,11,La Liga,27,male,Getafe,Atlético Madrid,elite,experiment2_topology_permutation,1,142,B-GNN-permuted-p2,0,1,0.6504375338554382,,2.0
3825775,2016-02-14,11,La Liga,27,male,Real Sociedad,Granada,elite,experiment2_topology_permutation,1,142,B-GNN-permuted-p2,1,0,0.3396609127521515,,2.0
3825776,2016-02-14,11,La Liga,27,male,Sevilla,Las Palmas,elite,experiment2_topology_permutation,1,142,B-GNN-permuted-p2,1,0,0.2685871720314026,,2.0
266815,2016-02-17,11,La Liga,27,male,Sporting Gijón,Barcelona,elite,experiment2_topology_permutation,1,142,B-GNN-permuted-p2,0,0,0.11332051455974579,,2.0
3825777,2016-02-19,11,La Liga,27,male,Levante UD,Getafe,elite,experiment2_topology_permutation,1,142,B-GNN-permuted-p2,1,0,0.3497757315635681,,2.0
267273,2016-02-20,11,La Liga,27,male,Las Palmas,Barcelona,elite,experiment2_topology_permutation,1,142,B-GNN-permuted-p2,0,0,0.4308437407016754,,2.0
3825778,2016-02-20,11,La Liga,27,male,Real Betis,Sporting Gijón,elite,experiment2_topology_permutation,1,142,B-GNN-permuted-p2,0,0,0.32571807503700256,,2.0
3825779,2016-02-20,11,La Liga,27,male,Celta Vigo,Eibar,elite,experiment2_topology_permutation,1,142,B-GNN-permuted-p2,1,0,0.366709440946579,,2.0
3825780,2016-02-20,11,La Liga,27,male,Espanyol,RC Deportivo La Coruña,elite,experiment2_topology_permutation,1,142,B-GNN-permuted-p2,1,0,0.3504701852798462,,2.0
3825781,2016-02-21,11,La Liga,27,male,Rayo Vallecano,Sevilla,elite,experiment2_topology_permutation,1,142,B-GNN-permuted-p2,0,0,0.2617364525794983,,2.0
3825782,2016-02-21,11,La Liga,27,male,Granada,Valencia,elite,experiment2_topology_permutation,1,142,B-GNN-permuted-p2,0,0,0.3511809706687927,,2.0
3825783,2016-02-21,11,La Liga,27,male,Athletic Club,Real Sociedad,elite,experiment2_topology_permutation,1,142,B-GNN-permuted-p2,0,0,0.22281713783740997,,2.0
3825784,2016-02-21,11,La Liga,27,male,Atlético Madrid,Villarreal,elite,experiment2_topology_permutation,1,142,B-GNN-permuted-p2,0,0,0.2909318804740906,,2.0
3825785,2016-02-21,11,La Liga,27,male,Málaga,Real Madrid,elite,experiment2_topology_permutation,1,142,B-GNN-permuted-p2,0,0,0.2178386002779007,,2.0
3825786,2016-02-26,11,La Liga,27,male,Eibar,Las Palmas,elite,experiment2_topology_permutation,1,142,B-GNN-permuted-p2,0,0,0.1346362680196762,,2.0
3825787,2016-02-27,11,La Liga,27,male,Real Madrid,Atlético Madrid,elite,experiment2_topology_permutation,2,242,B-GNN-permuted-p2,0,1,0.6629692316055298,,2.0
3825788,2016-02-27,11,La Liga,27,male,Getafe,Celta Vigo,elite,experiment2_topology_permutation,2,242,B-GNN-permuted-p2,0,0,0.20274634659290314,,2.0
3825789,2016-02-27,11,La Liga,27,male,Real Sociedad,Málaga,elite,experiment2_topology_permutation,2,242,B-GNN-permuted-p2,0,0,0.31967613101005554,,2.0
3825790,2016-02-27,11,La Liga,27,male,Sporting Gijón,Espanyol,elite,experiment2_topology_permutation,2,242,B-GNN-permuted-p2,0,1,0.581146776676178,,2.0
3825791,2016-02-27,11,La Liga,27,male,Real Betis,Rayo Vallecano,elite,experiment2_topology_permutation,2,242,B-GNN-permuted-p2,0,0,0.41872668266296387,,2.0
265839,2016-02-28,11,La Liga,27,male,Barcelona,Sevilla,elite,experiment2_topology_permutation,2,242,B-GNN-permuted-p2,1,1,0.5224694609642029,,2.0
3825792,2016-02-28,11,La Liga,27,male,RC Deportivo La Coruña,Granada,elite,experiment2_topology_permutation,2,242,B-GNN-permuted-p2,0,1,0.5521018505096436,,2.0
3825793,2016-02-28,11,La Liga,27,male,Valencia,Athletic Club,elite,experiment2_topology_permutation,2,242,B-GNN-permuted-p2,0,0,0.3269968032836914,,2.0
3825794,2016-02-28,11,La Liga,27,male,Villarreal,Levante UD,elite,experiment2_topology_permutation,2,242,B-GNN-permuted-p2,1,1,0.5281448364257812,,2.0
3825795,2016-03-01,11,La Liga,27,male,Atlético Madrid,Real Sociedad,elite,experiment2_topology_permutation,2,242,B-GNN-permuted-p2,1,1,0.737415075302124,,2.0
3825796,2016-03-01,11,La Liga,27,male,Las Palmas,Getafe,elite,experiment2_topology_permutation,2,242,B-GNN-permuted-p2,1,1,0.7023705840110779,,2.0
3825797,2016-03-02,11,La Liga,27,male,Athletic Club,RC Deportivo La Coruña,elite,experiment2_topology_permutation,2,242,B-GNN-permuted-p2,1,1,0.8550963401794434,,2.0
3825798,2016-03-02,11,La Liga,27,male,Levante UD,Real Madrid,elite,experiment2_topology_permutation,2,242,B-GNN-permuted-p2,0,0,0.3283863961696625,,2.0
3825799,2016-03-02,11,La Liga,27,male,Málaga,Valencia,elite,experiment2_topology_permutation,2,242,B-GNN-permuted-p2,0,0,0.15363267064094543,,2.0
3825800,2016-03-02,11,La Liga,27,male,Celta Vigo,Villarreal,elite,experiment2_topology_permutation,2,242,B-GNN-permuted-p2,0,1,0.5256969332695007,,2.0
3825801,2016-03-02,11,La Liga,27,male,Sevilla,Eibar,elite,experiment2_topology_permutation,2,242,B-GNN-permuted-p2,1,0,0.4844517707824707,,2.0
266653,2016-03-03,11,La Liga,27,male,Rayo Vallecano,Barcelona,elite,experiment2_topology_permutation,2,242,B-GNN-permuted-p2,0,0,0.2537086009979248,,2.0
3825802,2016-03-03,11,La Liga,27,male,Espanyol,Real Betis,elite,experiment2_topology_permutation,2,242,B-GNN-permuted-p2,0,0,0.2641643285751343,,2.0
3825803,2016-03-03,11,La Liga,27,male,Granada,Sporting Gijón,elite,experiment2_topology_permutation,2,242,B-GNN-permuted-p2,1,0,0.4626650810241699,,2.0
3825804,2016-03-05,11,La Liga,27,male,RC Deportivo La Coruña,Málaga,elite,experiment2_topology_permutation,2,242,B-GNN-permuted-p2,0,1,0.6995572447776794,,2.0
3825805,2016-03-05,11,La Liga,27,male,Villarreal,Las Palmas,elite,experiment2_topology_permutation,2,242,B-GNN-permuted-p2,0,0,0.37536609172821045,,2.0
3825806,2016-03-05,11,La Liga,27,male,Real Madrid,Celta Vigo,elite,experiment2_topology_permutation,2,242,B-GNN-permuted-p2,1,1,0.7332749366760254,,2.0
3825867,2016-03-05,11,La Liga,27,male,Getafe,Sevilla,elite,experiment2_topology_permutation,2,242,B-GNN-permuted-p2,0,0,0.2699874937534332,,2.0
266056,2016-03-06,11,La Liga,27,male,Eibar,Barcelona,elite,experiment2_topology_permutation,2,242,B-GNN-permuted-p2,0,0,0.20168399810791016,,2.0
3825807,2016-03-06,11,La Liga,27,male,Valencia,Atlético Madrid,elite,experiment2_topology_permutation,2,242,B-GNN-permuted-p2,0,0,0.201610267162323,,2.0
3825808,2016-03-06,11,La Liga,27,male,Sporting Gijón,Athletic Club,elite,experiment2_topology_permutation,2,242,B-GNN-permuted-p2,0,0,0.19019988179206848,,2.0
3825809,2016-03-06,11,La Liga,27,male,Real Betis,Granada,elite,experiment2_topology_permutation,2,242,B-GNN-permuted-p2,1,0,0.14207977056503296,,2.0
3825810,2016-03-06,11,La Liga,27,male,Real Sociedad,Levante UD,elite,experiment2_topology_permutation,2,242,B-GNN-permuted-p2,0,0,0.3624230623245239,,2.0
3825811,2016-03-07,11,La Liga,27,male,Espanyol,Rayo Vallecano,elite,experiment2_topology_permutation,2,242,B-GNN-permuted-p2,1,0,0.4107394218444824,,2.0
3825812,2016-03-11,11,La Liga,27,male,Málaga,Sporting Gijón,elite,experiment2_topology_permutation,2,242,B-GNN-permuted-p2,1,0,0.24427393078804016,,2.0
266498,2016-03-12,11,La Liga,27,male,Barcelona,Getafe,elite,experiment2_topology_permutation,2,242,B-GNN-permuted-p2,1,1,0.8588458895683289,,2.0
3825813,2016-03-12,11,La Liga,27,male,Atlético Madrid,RC Deportivo La Coruña,elite,experiment2_topology_permutation,2,242,B-GNN-permuted-p2,1,1,0.6595455408096313,,2.0
3825814,2016-03-12,11,La Liga,27,male,Celta Vigo,Real Sociedad,elite,experiment2_topology_permutation,2,242,B-GNN-permuted-p2,1,0,0.17292921245098114,,2.0
3825858,2016-03-12,11,La Liga,27,male,Rayo Vallecano,Eibar,elite,experiment2_topology_permutation,2,242,B-GNN-permuted-p2,0,0,0.3436689078807831,,2.0
3825815,2016-03-13,11,La Liga,27,male,Levante UD,Valencia,elite,experiment2_topology_permutation,2,242,B-GNN-permuted-p2,1,0,0.2753552794456482,,2.0
3825816,2016-03-13,11,La Liga,27,male,Sevilla,Villarreal,elite,experiment2_topology_permutation,2,242,B-GNN-permuted-p2,1,1,0.7932831645011902,,2.0
3825844,2016-03-13,11,La Liga,27,male,Athletic Club,Real Betis,elite,experiment2_topology_permutation,2,242,B-GNN-permuted-p2,1,1,0.6833745837211609,,2.0
3825879,2016-03-13,11,La Liga,27,male,Las Palmas,Real Madrid,elite,experiment2_topology_permutation,2,242,B-GNN-permuted-p2,0,1,0.5711246728897095,,2.0
3825881,2016-03-14,11,La Liga,27,male,Granada,Espanyol,elite,experiment2_topology_permutation,2,242,B-GNN-permuted-p2,0,0,0.1413179486989975,,2.0
3825817,2016-03-18,11,La Liga,27,male,Getafe,Eibar,elite,experiment2_topology_permutation,2,242,B-GNN-permuted-p2,0,0,0.19119864702224731,,2.0
3825818,2016-03-19,11,La Liga,27,male,Real Sociedad,Las Palmas,elite,experiment2_topology_permutation,2,242,B-GNN-permuted-p2,0,0,0.23509514331817627,,2.0
3825880,2016-03-19,11,La Liga,27,male,RC Deportivo La Coruña,Levante UD,elite,experiment2_topology_permutation,2,242,B-GNN-permuted-p2,1,0,0.38189879059791565,,2.0
3825887,2016-03-19,11,La Liga,27,male,Granada,Rayo Vallecano,elite,experiment2_topology_permutation,2,242,B-GNN-permuted-p2,0,0,0.39057856798171997,,2.0
3825903,2016-03-19,11,La Liga,27,male,Real Betis,Málaga,elite,experiment2_topology_permutation,2,242,B-GNN-permuted-p2,0,0,0.3695935010910034,,2.0
3825907,2016-03-19,11,La Liga,27,male,Sporting Gijón,Atlético Madrid,elite,experiment2_topology_permutation,2,242,B-GNN-permuted-p2,1,1,0.6625512838363647,,2.0
266106,2016-03-20,11,La Liga,27,male,Villarreal,Barcelona,elite,experiment2_topology_permutation,2,242,B-GNN-permuted-p2,0,0,0.3942769169807434,,2.0
3825819,2016-03-20,11,La Liga,27,male,Valencia,Celta Vigo,elite,experiment2_topology_permutation,2,242,B-GNN-permuted-p2,0,0,0.3242321014404297,,2.0
3825820,2016-03-20,11,La Liga,27,male,Real Madrid,Sevilla,elite,experiment2_topology_permutation,2,242,B-GNN-permuted-p2,1,1,0.9506484866142273,,2.0
3825821,2016-03-20,11,La Liga,27,male,Espanyol,Athletic Club,elite,experiment2_topology_permutation,2,242,B-GNN-permuted-p2,1,0,0.3499150574207306,,2.0
3825885,2016-04-01,11,La Liga,27,male,Rayo Vallecano,Getafe,elite,experiment2_topology_permutation,2,242,B-GNN-permuted-p2,1,1,0.8037967681884766,,2.0
267533,2016-04-02,11,La Liga,27,male,Barcelona,Real Madrid,elite,experiment2_topology_permutation,2,242,B-GNN-permuted-p2,0,0,0.46078231930732727,,2.0
3825822,2016-04-02,11,La Liga,27,male,Las Palmas,Valencia,elite,experiment2_topology_permutation,2,242,B-GNN-permuted-p2,1,1,0.6222197413444519,,2.0
3825872,2016-04-02,11,La Liga,27,male,Atlético Madrid,Real Betis,elite,experiment2_topology_permutation,2,242,B-GNN-permuted-p2,1,1,0.9191617965698242,,2.0
3825898,2016-04-02,11,La Liga,27,male,Celta Vigo,RC Deportivo La Coruña,elite,experiment2_topology_permutation,2,242,B-GNN-permuted-p2,0,0,0.3062652051448822,,2.0
3825823,2016-04-03,11,La Liga,27,male,Sevilla,Real Sociedad,elite,experiment2_topology_permutation,2,242,B-GNN-permuted-p2,0,1,0.6674453616142273,,2.0
3825824,2016-04-03,11,La Liga,27,male,Eibar,Villarreal,elite,experiment2_topology_permutation,2,242,B-GNN-permuted-p2,0,0,0.2187887281179428,,2.0
3825877,2016-04-03,11,La Liga,27,male,Athletic Club,Granada,elite,experiment2_topology_permutation,2,242,B-GNN-permuted-p2,0,1,0.6501551270484924,,2.0
3825905,2016-04-03,11,La Liga,27,male,Málaga,Espanyol,elite,experiment2_topology_permutation,2,242,B-GNN-permuted-p2,0,1,0.5795401930809021,,2.0
3825825,2016-04-04,11,La Liga,27,male,Levante UD,Sporting Gijón,elite,experiment2_topology_permutation,2,242,B-GNN-permuted-p2,0,0,0.32181286811828613,,2.0
3825826,2016-04-08,11,La Liga,27,male,Granada,Málaga,elite,experiment2_topology_permutation,2,242,B-GNN-permuted-p2,0,0,0.20657172799110413,,2.0
266664,2016-04-09,11,La Liga,27,male,Real Sociedad,Barcelona,elite,experiment2_topology_permutation,2,242,B-GNN-permuted-p2,1,0,0.20252959430217743,,2.0
3825827,2016-04-09,11,La Liga,27,male,Real Betis,Levante UD,elite,experiment2_topology_permutation,2,242,B-GNN-permuted-p2,1,0,0.23568092286586761,,2.0
3825828,2016-04-09,11,La Liga,27,male,Espanyol,Atlético Madrid,elite,experiment2_topology_permutation,2,242,B-GNN-permuted-p2,0,0,0.1982453167438507,,2.0
3825856,2016-04-09,11,La Liga,27,male,Real Madrid,Eibar,elite,experiment2_topology_permutation,2,242,B-GNN-permuted-p2,1,1,0.7828592658042908,,2.0
3825829,2016-04-10,11,La Liga,27,male,Athletic Club,Rayo Vallecano,elite,experiment2_topology_permutation,2,242,B-GNN-permuted-p2,1,0,0.259857177734375,,2.0
3825830,2016-04-10,11,La Liga,27,male,Villarreal,Getafe,elite,experiment2_topology_permutation,2,242,B-GNN-permuted-p2,1,0,0.3274237811565399,,2.0
3825831,2016-04-10,11,La Liga,27,male,Valencia,Sevilla,elite,experiment2_topology_permutation,2,242,B-GNN-permuted-p2,1,0,0.39609745144844055,,2.0
3825832,2016-04-10,11,La Liga,27,male,Sporting Gijón,Celta Vigo,elite,experiment2_topology_permutation,2,242,B-GNN-permuted-p2,0,0,0.15959180891513824,,2.0
3825863,2016-04-11,11,La Liga,27,male,RC Deportivo La Coruña,Las Palmas,elite,experiment2_topology_permutation,2,242,B-GNN-permuted-p2,0,0,0.36182108521461487,,2.0
3825857,2016-04-15,11,La Liga,27,male,Levante UD,Espanyol,elite,experiment2_topology_permutation,2,242,B-GNN-permuted-p2,1,0,0.23065413534641266,,2.0
3825833,2016-04-16,11,La Liga,27,male,Getafe,Real Madrid,elite,experiment2_topology_permutation,2,242,B-GNN-permuted-p2,0,0,0.28354349732398987,,2.0
3825852,2016-04-16,11,La Liga,27,male,Las Palmas,Sporting Gijón,elite,experiment2_topology_permutation,2,242,B-GNN-permuted-p2,0,0,0.2792341709136963,,2.0
3825889,2016-04-16,11,La Liga,27,male,Celta Vigo,Real Betis,elite,experiment2_topology_permutation,2,242,B-GNN-permuted-p2,0,1,0.5459260940551758,,2.0
3825897,2016-04-16,11,La Liga,27,male,Eibar,Real Sociedad,elite,experiment2_topology_permutation,2,242,B-GNN-permuted-p2,1,0,0.3562147915363312,,2.0
266557,2016-04-17,11,La Liga,27,male,Barcelona,Valencia,elite,experiment2_topology_permutation,2,242,B-GNN-permuted-p2,0,1,0.7065843939781189,,2.0
3825834,2016-04-17,11,La Liga,27,male,Atlético Madrid,Granada,elite,experiment2_topology_permutation,2,242,B-GNN-permuted-p2,1,0,0.4049360752105713,,2.0
3825835,2016-04-17,11,La Liga,27,male,Málaga,Athletic Club,elite,experiment2_topology_permutation,2,242,B-GNN-permuted-p2,0,0,0.2910403907299042,,2.0
3825836,2016-04-17,11,La Liga,27,male,Rayo Vallecano,Villarreal,elite,experiment2_topology_permutation,2,242,B-GNN-permuted-p2,1,1,0.5449524521827698,,2.0
3825906,2016-04-17,11,La Liga,27,male,Sevilla,RC Deportivo La Coruña,elite,experiment2_topology_permutation,2,242,B-GNN-permuted-p2,0,1,0.5684337019920349,,2.0
3825837,2016-04-19,11,La Liga,27,male,Real Betis,Las Palmas,elite,experiment2_topology_permutation,2,242,B-GNN-permuted-p2,1,0,0.3563571572303772,,2.0
3825862,2016-04-19,11,La Liga,27,male,Espanyol,Celta Vigo,elite,experiment2_topology_permutation,2,242,B-GNN-permuted-p2,0,0,0.3122357428073883,,2.0
266310,2016-04-20,11,La Liga,27,male,RC Deportivo La Coruña,Barcelona,elite,experiment2_topology_permutation,2,242,B-GNN-permuted-p2,0,0,0.4028303921222687,,2.0
3825838,2016-04-20,11,La Liga,27,male,Athletic Club,Atlético Madrid,elite,experiment2_topology_permutation,2,242,B-GNN-permuted-p2,0,0,0.34307751059532166,,2.0
3825839,2016-04-20,11,La Liga,27,male,Sporting Gijón,Sevilla,elite,experiment2_topology_permutation,2,242,B-GNN-permuted-p2,1,0,0.30668526887893677,,2.0
3825840,2016-04-20,11,La Liga,27,male,Valencia,Eibar,elite,experiment2_topology_permutation,2,242,B-GNN-permuted-p2,1,1,0.8715786337852478,,2.0
3825843,2016-04-20,11,La Liga,27,male,Málaga,Rayo Vallecano,elite,experiment2_topology_permutation,2,242,B-GNN-permuted-p2,0,0,0.3020798861980438,,2.0
3825893,2016-04-20,11,La Liga,27,male,Real Madrid,Villarreal,elite,experiment2_topology_permutation,2,242,B-GNN-permuted-p2,1,1,0.7041006684303284,,2.0
3825841,2016-04-21,11,La Liga,27,male,Real Sociedad,Getafe,elite,experiment2_topology_permutation,2,242,B-GNN-permuted-p2,0,0,0.2986900210380554,,2.0
3825896,2016-04-21,11,La Liga,27,male,Granada,Levante UD,elite,experiment2_topology_permutation,2,242,B-GNN-permuted-p2,1,1,0.8821403980255127,,2.0
3825871,2016-04-22,11,La Liga,27,male,Las Palmas,Espanyol,elite,experiment2_topology_permutation,2,242,B-GNN-permuted-p2,1,0,0.39937493205070496,,2.0
265944,2016-04-23,11,La Liga,27,male,Barcelona,Sporting Gijón,elite,experiment2_topology_permutation,2,242,B-GNN-permuted-p2,1,1,0.9752523899078369,,2.0
3825847,2016-04-23,11,La Liga,27,male,Eibar,RC Deportivo La Coruña,elite,experiment2_topology_permutation,2,242,B-GNN-permuted-p2,0,0,0.27467605471611023,,2.0
3825886,2016-04-23,11,La Liga,27,male,Rayo Vallecano,Real Madrid,elite,experiment2_topology_permutation,2,242,B-GNN-permuted-p2,0,0,0.33748871088027954,,2.0
3825890,2016-04-23,11,La Liga,27,male,Atlético Madrid,Málaga,elite,experiment2_topology_permutation,2,242,B-GNN-permuted-p2,1,0,0.19978922605514526,,2.0
3825842,2016-04-24,11,La Liga,27,male,Levante UD,Athletic Club,elite,experiment2_topology_permutation,2,242,B-GNN-permuted-p2,0,0,0.2004643827676773,,2.0
3825875,2016-04-24,11,La Liga,27,male,Villarreal,Real Sociedad,elite,experiment2_topology_permutation,2,242,B-GNN-permuted-p2,0,0,0.20507346093654633,,2.0
3825884,2016-04-24,11,La Liga,27,male,Sevilla,Real Betis,elite,experiment2_topology_permutation,2,242,B-GNN-permuted-p2,1,0,0.23704110085964203,,2.0
3825899,2016-04-24,11,La Liga,27,male,Getafe,Valencia,elite,experiment2_topology_permutation,2,242,B-GNN-permuted-p2,0,0,0.34087935090065,,2.0
3825868,2016-04-25,11,La Liga,27,male,Celta Vigo,Granada,elite,experiment2_topology_permutation,2,242,B-GNN-permuted-p2,1,1,0.8235176205635071,,2.0
3825854,2016-04-29,11,La Liga,27,male,Sporting Gijón,Eibar,elite,experiment2_topology_permutation,2,242,B-GNN-permuted-p2,1,0,0.1946927011013031,,2.0
266986,2016-04-30,11,La Liga,27,male,Real Betis,Barcelona,elite,experiment2_topology_permutation,2,242,B-GNN-permuted-p2,0,0,0.12341451644897461,,2.0
3825859,2016-04-30,11,La Liga,27,male,Granada,Las Palmas,elite,experiment2_topology_permutation,2,242,B-GNN-permuted-p2,1,0,0.4170287847518921,,2.0
3825864,2016-04-30,11,La Liga,27,male,Real Sociedad,Real Madrid,elite,experiment2_topology_permutation,2,242,B-GNN-permuted-p2,0,0,0.23242297768592834,,2.0
3825878,2016-04-30,11,La Liga,27,male,Atlético Madrid,Rayo Vallecano,elite,experiment2_topology_permutation,2,242,B-GNN-permuted-p2,1,0,0.15561817586421967,,2.0
3825845,2016-05-01,11,La Liga,27,male,Espanyol,Sevilla,elite,experiment2_topology_permutation,2,242,B-GNN-permuted-p2,1,0,0.31598711013793945,,2.0
3825870,2016-05-01,11,La Liga,27,male,Athletic Club,Celta Vigo,elite,experiment2_topology_permutation,2,242,B-GNN-permuted-p2,1,0,0.38503384590148926,,2.0
3825873,2016-05-01,11,La Liga,27,male,Valencia,Villarreal,elite,experiment2_topology_permutation,2,242,B-GNN-permuted-p2,0,0,0.36528706550598145,,2.0
3825894,2016-05-01,11,La Liga,27,male,RC Deportivo La Coruña,Getafe,elite,experiment2_topology_permutation,2,242,B-GNN-permuted-p2,0,0,0.21264611184597015,,2.0
3825855,2016-05-02,11,La Liga,27,male,Málaga,Levante UD,elite,experiment2_topology_permutation,2,242,B-GNN-permuted-p2,1,0,0.4484179615974426,,2.0
265958,2016-05-08,11,La Liga,27,male,Barcelona,Espanyol,elite,experiment2_topology_permutation,2,242,B-GNN-permuted-p2,1,1,0.7240930795669556,,2.0
3825850,2016-05-08,11,La Liga,27,male,Celta Vigo,Málaga,elite,experiment2_topology_permutation,2,242,B-GNN-permuted-p2,1,1,0.5650922656059265,,2.0
3825851,2016-05-08,11,La Liga,27,male,Villarreal,RC Deportivo La Coruña,elite,experiment2_topology_permutation,2,242,B-GNN-permuted-p2,0,0,0.39091017842292786,,2.0
3825853,2016-05-08,11,La Liga,27,male,Sevilla,Granada,elite,experiment2_topology_permutation,2,242,B-GNN-permuted-p2,0,0,0.2795388400554657,,2.0
3825860,2016-05-08,11,La Liga,27,male,Levante UD,Atlético Madrid,elite,experiment2_topology_permutation,2,242,B-GNN-permuted-p2,1,0,0.3125058710575104,,2.0
3825861,2016-05-08,11,La Liga,27,male,Real Sociedad,Rayo Vallecano,elite,experiment2_topology_permutation,2,242,B-GNN-permuted-p2,1,0,0.31991127133369446,,2.0
3825865,2016-05-08,11,La Liga,27,male,Getafe,Sporting Gijón,elite,experiment2_topology_permutation,2,242,B-GNN-permuted-p2,0,0,0.3044382929801941,,2.0
3825866,2016-05-08,11,La Liga,27,male,Las Palmas,Athletic Club,elite,experiment2_topology_permutation,2,242,B-GNN-permuted-p2,0,0,0.3146824538707733,,2.0
3825901,2016-05-08,11,La Liga,27,male,Real Madrid,Valencia,elite,experiment2_topology_permutation,2,242,B-GNN-permuted-p2,1,1,0.7277448773384094,,2.0
3825904,2016-05-08,11,La Liga,27,male,Eibar,Real Betis,elite,experiment2_topology_permutation,2,242,B-GNN-permuted-p2,0,0,0.37337884306907654,,2.0
3825849,2016-05-13,11,La Liga,27,male,Valencia,Real Sociedad,elite,experiment2_topology_permutation,2,242,B-GNN-permuted-p2,0,0,0.30450180172920227,,2.0
267506,2016-05-14,11,La Liga,27,male,Granada,Barcelona,elite,experiment2_topology_permutation,2,242,B-GNN-permuted-p2,0,0,0.16845585405826569,,2.0
3825846,2016-05-14,11,La Liga,27,male,RC Deportivo La Coruña,Real Madrid,elite,experiment2_topology_permutation,2,242,B-GNN-permuted-p2,0,0,0.3751532733440399,,2.0
3825869,2016-05-14,11,La Liga,27,male,Athletic Club,Sevilla,elite,experiment2_topology_permutation,2,242,B-GNN-permuted-p2,1,1,0.728190541267395,,2.0
3825882,2016-05-14,11,La Liga,27,male,Atlético Madrid,Celta Vigo,elite,experiment2_topology_permutation,2,242,B-GNN-permuted-p2,1,0,0.33518165349960327,,2.0
3825876,2016-05-15,11,La Liga,27,male,Real Betis,Getafe,elite,experiment2_topology_permutation,2,242,B-GNN-permuted-p2,1,1,0.6725354790687561,,2.0
3825883,2016-05-15,11,La Liga,27,male,Málaga,Las Palmas,elite,experiment2_topology_permutation,2,242,B-GNN-permuted-p2,1,0,0.4638058841228485,,2.0
3825900,2016-05-15,11,La Liga,27,male,Sporting Gijón,Villarreal,elite,experiment2_topology_permutation,2,242,B-GNN-permuted-p2,1,0,0.39245840907096863,,2.0
3825902,2016-05-15,11,La Liga,27,male,Rayo Vallecano,Levante UD,elite,experiment2_topology_permutation,2,242,B-GNN-permuted-p2,1,1,0.7342618703842163,,2.0
3825908,2016-05-15,11,La Liga,27,male,Espanyol,Eibar,elite,experiment2_topology_permutation,2,242,B-GNN-permuted-p2,1,1,0.5588294863700867,,2.0
267670,2016-08-20,11,La Liga,2,male,Barcelona,Real Betis,elite,experiment2_topology_permutation,2,242,B-GNN-permuted-p2,1,1,0.9067056775093079,,2.0
266892,2016-08-28,11,La Liga,2,male,Athletic Club,Barcelona,elite,experiment2_topology_permutation,2,242,B-GNN-permuted-p2,0,0,0.16782118380069733,,2.0
267220,2016-09-21,11,La Liga,2,male,Barcelona,Atlético Madrid,elite,experiment2_topology_permutation,2,242,B-GNN-permuted-p2,0,1,0.695370078086853,,2.0
267492,2016-10-15,11,La Liga,2,male,Barcelona,RC Deportivo La Coruña,elite,experiment2_topology_permutation,2,242,B-GNN-permuted-p2,1,1,0.7287785410881042,,2.0
266033,2016-10-22,11,La Liga,2,male,Valencia,Barcelona,elite,experiment2_topology_permutation,2,242,B-GNN-permuted-p2,0,0,0.24734078347682953,,2.0
267058,2016-10-29,11,La Liga,2,male,Barcelona,Granada,elite,experiment2_topology_permutation,2,242,B-GNN-permuted-p2,1,1,0.6801208257675171,,2.0
266989,2016-11-06,11,La Liga,2,male,Sevilla,Barcelona,elite,experiment2_topology_permutation,2,242,B-GNN-permuted-p2,0,0,0.42512136697769165,,2.0
266191,2016-11-27,11,La Liga,2,male,Real Sociedad,Barcelona,elite,experiment2_topology_permutation,2,242,B-GNN-permuted-p2,0,0,0.42969590425491333,,2.0
267076,2016-12-03,11,La Liga,2,male,Barcelona,Real Madrid,elite,experiment2_topology_permutation,2,242,B-GNN-permuted-p2,0,0,0.45595434308052063,,2.0
266357,2016-12-10,11,La Liga,2,male,Osasuna,Barcelona,elite,experiment2_topology_permutation,3,342,B-GNN-permuted-p2,0,0,0.05622410029172897,,2.0
266528,2016-12-18,11,La Liga,2,male,Barcelona,Espanyol,elite,experiment2_topology_permutation,3,342,B-GNN-permuted-p2,1,1,0.9644815325737,,2.0
266477,2017-01-08,11,La Liga,2,male,Villarreal,Barcelona,elite,experiment2_topology_permutation,3,342,B-GNN-permuted-p2,0,0,0.2557485103607178,,2.0
267395,2017-01-14,11,La Liga,2,male,Barcelona,Las Palmas,elite,experiment2_topology_permutation,3,342,B-GNN-permuted-p2,1,1,0.9955677390098572,,2.0
266731,2017-01-22,11,La Liga,2,male,Eibar,Barcelona,elite,experiment2_topology_permutation,3,342,B-GNN-permuted-p2,0,0,0.2493780553340912,,2.0
266516,2017-01-29,11,La Liga,2,male,Real Betis,Barcelona,elite,experiment2_topology_permutation,3,342,B-GNN-permuted-p2,0,1,0.6025511026382446,,2.0
266874,2017-02-04,11,La Liga,2,male,Barcelona,Athletic Club,elite,experiment2_topology_permutation,3,342,B-GNN-permuted-p2,1,0,0.414311021566391,,2.0
267464,2017-02-26,11,La Liga,2,male,Atlético Madrid,Barcelona,elite,experiment2_topology_permutation,3,342,B-GNN-permuted-p2,0,0,0.22889827191829681,,2.0
265952,2017-03-01,11,La Liga,2,male,Barcelona,Sporting Gijón,elite,experiment2_topology_permutation,3,342,B-GNN-permuted-p2,1,1,0.9107929468154907,,2.0
266299,2017-03-04,11,La Liga,2,male,Barcelona,Celta Vigo,elite,experiment2_topology_permutation,3,342,B-GNN-permuted-p2,1,1,0.8712804317474365,,2.0
267660,2017-03-12,11,La Liga,2,male,RC Deportivo La Coruña,Barcelona,elite,experiment2_topology_permutation,3,342,B-GNN-permuted-p2,1,1,0.6758002042770386,,2.0
266440,2017-03-19,11,La Liga,2,male,Barcelona,Valencia,elite,experiment2_topology_permutation,3,342,B-GNN-permuted-p2,1,1,0.9477388262748718,,2.0
266280,2017-04-05,11,La Liga,2,male,Barcelona,Sevilla,elite,experiment2_topology_permutation,3,342,B-GNN-permuted-p2,1,1,0.784509539604187,,2.0
267590,2017-04-08,11,La Liga,2,male,Málaga,Barcelona,elite,experiment2_topology_permutation,3,342,B-GNN-permuted-p2,1,0,0.20468565821647644,,2.0
267373,2017-04-15,11,La Liga,2,male,Barcelona,Real Sociedad,elite,experiment2_topology_permutation,3,342,B-GNN-permuted-p2,1,1,0.9635809063911438,,2.0
267569,2017-04-23,11,La Liga,2,male,Real Madrid,Barcelona,elite,experiment2_topology_permutation,3,342,B-GNN-permuted-p2,0,1,0.7085574269294739,,2.0
267101,2017-04-26,11,La Liga,2,male,Barcelona,Osasuna,elite,experiment2_topology_permutation,3,342,B-GNN-permuted-p2,1,1,0.9553391933441162,,2.0
267077,2017-04-29,11,La Liga,2,male,Espanyol,Barcelona,elite,experiment2_topology_permutation,3,342,B-GNN-permuted-p2,0,0,0.30026131868362427,,2.0
266952,2017-05-06,11,La Liga,2,male,Barcelona,Villarreal,elite,experiment2_topology_permutation,3,342,B-GNN-permuted-p2,1,1,0.9897956252098083,,2.0
267039,2017-05-14,11,La Liga,2,male,Las Palmas,Barcelona,elite,experiment2_topology_permutation,3,342,B-GNN-permuted-p2,0,0,0.19087962806224823,,2.0
267432,2017-05-21,11,La Liga,2,male,Barcelona,Eibar,elite,experiment2_topology_permutation,3,342,B-GNN-permuted-p2,1,1,0.9993686079978943,,2.0
9575,2017-08-20,11,La Liga,1,male,Barcelona,Real Betis,elite,experiment2_topology_permutation,3,342,B-GNN-permuted-p2,1,1,0.7765961289405823,,2.0
9581,2017-08-26,11,La Liga,1,male,Deportivo Alavés,Barcelona,elite,experiment2_topology_permutation,3,342,B-GNN-permuted-p2,0,0,0.15834838151931763,,2.0
9592,2017-09-09,11,La Liga,1,male,Barcelona,Espanyol,elite,experiment2_topology_permutation,3,342,B-GNN-permuted-p2,1,1,0.9976480603218079,,2.0
9602,2017-09-16,11,La Liga,1,male,Getafe,Barcelona,elite,experiment2_topology_permutation,3,342,B-GNN-permuted-p2,0,0,0.192519411444664,,2.0
9609,2017-09-19,11,La Liga,1,male,Barcelona,Eibar,elite,experiment2_topology_permutation,3,342,B-GNN-permuted-p2,1,1,0.8990277051925659,,2.0
9636,2017-10-01,11,La Liga,1,male,Barcelona,Las Palmas,elite,experiment2_topology_permutation,3,342,B-GNN-permuted-p2,1,1,0.9998138546943665,,2.0
9642,2017-10-14,11,La Liga,1,male,Atlético Madrid,Barcelona,elite,experiment2_topology_permutation,3,342,B-GNN-permuted-p2,0,0,0.3940962851047516,,2.0
9650,2017-10-21,11,La Liga,1,male,Barcelona,Málaga,elite,experiment2_topology_permutation,3,342,B-GNN-permuted-p2,1,1,0.981403112411499,,2.0
9661,2017-10-28,11,La Liga,1,male,Athletic Club,Barcelona,elite,experiment2_topology_permutation,3,342,B-GNN-permuted-p2,0,0,0.3639247715473175,,2.0
9673,2017-11-04,11,La Liga,1,male,Barcelona,Sevilla,elite,experiment2_topology_permutation,3,342,B-GNN-permuted-p2,1,1,0.7962652444839478,,2.0
9695,2017-11-26,11,La Liga,1,male,Valencia,Barcelona,elite,experiment2_topology_permutation,3,342,B-GNN-permuted-p2,0,1,0.5519825220108032,,2.0
9700,2017-12-02,11,La Liga,1,male,Barcelona,Celta Vigo,elite,experiment2_topology_permutation,3,342,B-GNN-permuted-p2,0,1,0.9984017014503479,,2.0
9717,2017-12-10,11,La Liga,1,male,Villarreal,Barcelona,elite,experiment2_topology_permutation,3,342,B-GNN-permuted-p2,0,1,0.5158000588417053,,2.0
9726,2017-12-17,11,La Liga,1,male,Barcelona,RC Deportivo La Coruña,elite,experiment2_topology_permutation,3,342,B-GNN-permuted-p2,1,1,0.9999604225158691,,2.0
9736,2017-12-23,11,La Liga,1,male,Real Madrid,Barcelona,elite,experiment2_topology_permutation,3,342,B-GNN-permuted-p2,0,0,0.4987352192401886,,2.0
9742,2018-01-07,11,La Liga,1,male,Barcelona,Levante UD,elite,experiment2_topology_permutation,3,342,B-GNN-permuted-p2,1,1,0.9928834438323975,,2.0
9754,2018-01-14,11,La Liga,1,male,Real Sociedad,Barcelona,elite,experiment2_topology_permutation,3,342,B-GNN-permuted-p2,0,1,0.5386248826980591,,2.0
9765,2018-01-21,11,La Liga,1,male,Real Betis,Barcelona,elite,experiment2_topology_permutation,3,342,B-GNN-permuted-p2,0,1,0.5505016446113586,,2.0
9774,2018-01-28,11,La Liga,1,male,Barcelona,Deportivo Alavés,elite,experiment2_topology_permutation,3,342,B-GNN-permuted-p2,1,1,0.9798926115036011,,2.0
9783,2018-02-04,11,La Liga,1,male,Espanyol,Barcelona,elite,experiment2_topology_permutation,3,342,B-GNN-permuted-p2,0,0,0.23840950429439545,,2.0
9794,2018-02-11,11,La Liga,1,male,Barcelona,Getafe,elite,experiment2_topology_permutation,3,342,B-GNN-permuted-p2,0,1,0.8454344868659973,,2.0
9799,2018-02-17,11,La Liga,1,male,Eibar,Barcelona,elite,experiment2_topology_permutation,3,342,B-GNN-permuted-p2,0,0,0.33888259530067444,,2.0
9827,2018-03-01,11,La Liga,1,male,Las Palmas,Barcelona,elite,experiment2_topology_permutation,3,342,B-GNN-permuted-p2,0,0,0.3173484802246094,,2.0
9837,2018-03-04,11,La Liga,1,male,Barcelona,Atlético Madrid,elite,experiment2_topology_permutation,3,342,B-GNN-permuted-p2,1,1,0.5185297727584839,,2.0
9855,2018-03-18,11,La Liga,1,male,Barcelona,Athletic Club,elite,experiment2_topology_permutation,3,342,B-GNN-permuted-p2,1,1,0.7907239198684692,,2.0
9860,2018-03-31,11,La Liga,1,male,Sevilla,Barcelona,elite,experiment2_topology_permutation,3,342,B-GNN-permuted-p2,0,1,0.8834293484687805,,2.0
9870,2018-04-07,11,La Liga,1,male,Barcelona,Leganés,elite,experiment2_topology_permutation,3,342,B-GNN-permuted-p2,1,1,0.9889492988586426,,2.0
9880,2018-04-14,11,La Liga,1,male,Barcelona,Valencia,elite,experiment2_topology_permutation,3,342,B-GNN-permuted-p2,1,1,0.9267105460166931,,2.0
9889,2018-04-17,11,La Liga,1,male,Celta Vigo,Barcelona,elite,experiment2_topology_permutation,3,342,B-GNN-permuted-p2,0,1,0.8940359354019165,,2.0
9912,2018-04-29,11,La Liga,1,male,RC Deportivo La Coruña,Barcelona,elite,experiment2_topology_permutation,4,442,B-GNN-permuted-p2,0,1,0.8416371941566467,,2.0
9924,2018-05-06,11,La Liga,1,male,Barcelona,Real Madrid,elite,experiment2_topology_permutation,4,442,B-GNN-permuted-p2,0,1,0.909001350402832,,2.0
9928,2018-05-09,11,La Liga,1,male,Barcelona,Villarreal,elite,experiment2_topology_permutation,4,442,B-GNN-permuted-p2,1,1,0.9981903433799744,,2.0
9948,2018-05-20,11,La Liga,1,male,Barcelona,Real Sociedad,elite,experiment2_topology_permutation,4,442,B-GNN-permuted-p2,1,1,0.7397866249084473,,2.0
15946,2018-08-18,11,La Liga,4,male,Barcelona,Deportivo Alavés,elite,experiment2_topology_permutation,4,442,B-GNN-permuted-p2,1,1,0.9501528739929199,,2.0
15956,2018-08-25,11,La Liga,4,male,Real Valladolid,Barcelona,elite,experiment2_topology_permutation,4,442,B-GNN-permuted-p2,0,0,0.23618893325328827,,2.0
15978,2018-09-15,11,La Liga,4,male,Real Sociedad,Barcelona,elite,experiment2_topology_permutation,4,442,B-GNN-permuted-p2,0,1,0.7252011895179749,,2.0
15998,2018-09-26,11,La Liga,4,male,Leganés,Barcelona,elite,experiment2_topology_permutation,4,442,B-GNN-permuted-p2,1,0,0.40989869832992554,,2.0
16010,2018-09-29,11,La Liga,4,male,Barcelona,Athletic Club,elite,experiment2_topology_permutation,4,442,B-GNN-permuted-p2,0,1,0.9810044169425964,,2.0
16023,2018-10-07,11,La Liga,4,male,Valencia,Barcelona,elite,experiment2_topology_permutation,4,442,B-GNN-permuted-p2,0,0,0.4694373309612274,,2.0
16029,2018-10-20,11,La Liga,4,male,Barcelona,Sevilla,elite,experiment2_topology_permutation,4,442,B-GNN-permuted-p2,1,1,0.9841322898864746,,2.0
16056,2018-11-11,11,La Liga,4,male,Barcelona,Real Betis,elite,experiment2_topology_permutation,4,442,B-GNN-permuted-p2,0,1,0.9996048808097839,,2.0
16073,2018-11-24,11,La Liga,4,male,Atlético Madrid,Barcelona,elite,experiment2_topology_permutation,4,442,B-GNN-permuted-p2,0,0,0.3741322457790375,,2.0
16079,2018-12-02,11,La Liga,4,male,Barcelona,Villarreal,elite,experiment2_topology_permutation,4,442,B-GNN-permuted-p2,1,1,0.6788986921310425,,2.0
16086,2018-12-08,11,La Liga,4,male,Espanyol,Barcelona,elite,experiment2_topology_permutation,4,442,B-GNN-permuted-p2,0,1,0.7576292753219604,,2.0
16095,2018-12-16,11,La Liga,4,male,Levante UD,Barcelona,elite,experiment2_topology_permutation,4,442,B-GNN-permuted-p2,0,0,0.3648074269294739,,2.0
16109,2018-12-22,11,La Liga,4,male,Barcelona,Celta Vigo,elite,experiment2_topology_permutation,4,442,B-GNN-permuted-p2,1,1,0.9077272415161133,,2.0
16120,2019-01-06,11,La Liga,4,male,Getafe,Barcelona,elite,experiment2_topology_permutation,4,442,B-GNN-permuted-p2,0,1,0.7618182897567749,,2.0
16131,2019-01-13,11,La Liga,4,male,Barcelona,Eibar,elite,experiment2_topology_permutation,4,442,B-GNN-permuted-p2,1,1,0.9310981631278992,,2.0
16136,2019-01-20,11,La Liga,4,male,Barcelona,Leganés,elite,experiment2_topology_permutation,4,442,B-GNN-permuted-p2,1,1,0.9924321174621582,,2.0
16149,2019-01-27,11,La Liga,4,male,Girona,Barcelona,elite,experiment2_topology_permutation,4,442,B-GNN-permuted-p2,0,0,0.43840816617012024,,2.0
16157,2019-02-02,11,La Liga,4,male,Barcelona,Valencia,elite,experiment2_topology_permutation,4,442,B-GNN-permuted-p2,0,1,0.9845405220985413,,2.0
16173,2019-02-10,11,La Liga,4,male,Athletic Club,Barcelona,elite,experiment2_topology_permutation,4,442,B-GNN-permuted-p2,0,1,0.5516005754470825,,2.0
16182,2019-02-16,11,La Liga,4,male,Barcelona,Real Valladolid,elite,experiment2_topology_permutation,4,442,B-GNN-permuted-p2,1,1,0.9999502897262573,,2.0
16190,2019-02-23,11,La Liga,4,male,Sevilla,Barcelona,elite,experiment2_topology_permutation,4,442,B-GNN-permuted-p2,0,0,0.3909546136856079,,2.0
16196,2019-03-02,11,La Liga,4,male,Real Madrid,Barcelona,elite,experiment2_topology_permutation,4,442,B-GNN-permuted-p2,0,0,0.36248141527175903,,2.0
16205,2019-03-09,11,La Liga,4,male,Barcelona,Rayo Vallecano,elite,experiment2_topology_permutation,4,442,B-GNN-permuted-p2,1,1,0.9761257767677307,,2.0
16215,2019-03-17,11,La Liga,4,male,Real Betis,Barcelona,elite,experiment2_topology_permutation,4,442,B-GNN-permuted-p2,0,1,0.8665079474449158,,2.0
16231,2019-03-30,11,La Liga,4,male,Barcelona,Espanyol,elite,experiment2_topology_permutation,4,442,B-GNN-permuted-p2,1,1,0.8324326872825623,,2.0
16240,2019-04-02,11,La Liga,4,male,Villarreal,Barcelona,elite,experiment2_topology_permutation,4,442,B-GNN-permuted-p2,0,1,0.9275469183921814,,2.0
16248,2019-04-06,11,La Liga,4,male,Barcelona,Atlético Madrid,elite,experiment2_topology_permutation,4,442,B-GNN-permuted-p2,1,1,0.7693371176719666,,2.0
16265,2019-04-20,11,La Liga,4,male,Barcelona,Real Sociedad,elite,experiment2_topology_permutation,4,442,B-GNN-permuted-p2,1,1,0.8348936438560486,,2.0
16275,2019-04-23,11,La Liga,4,male,Deportivo Alavés,Barcelona,elite,experiment2_topology_permutation,4,442,B-GNN-permuted-p2,0,0,0.27897337079048157,,2.0
16289,2019-04-27,11,La Liga,4,male,Barcelona,Levante UD,elite,experiment2_topology_permutation,4,442,B-GNN-permuted-p2,1,1,0.9178722500801086,,2.0
16306,2019-05-12,11,La Liga,4,male,Barcelona,Getafe,elite,experiment2_topology_permutation,4,442,B-GNN-permuted-p2,1,1,0.9875878691673279,,2.0
16317,2019-05-19,11,La Liga,4,male,Eibar,Barcelona,elite,experiment2_topology_permutation,4,442,B-GNN-permuted-p2,0,1,0.6772559285163879,,2.0
303666,2019-09-21,11,La Liga,42,male,Granada,Barcelona,elite,experiment2_topology_permutation,4,442,B-GNN-permuted-p2,1,0,0.211015984416008,,2.0
303430,2019-09-24,11,La Liga,42,male,Barcelona,Villarreal,elite,experiment2_topology_permutation,4,442,B-GNN-permuted-p2,1,1,0.8499448299407959,,2.0
303473,2019-10-06,11,La Liga,42,male,Barcelona,Sevilla,elite,experiment2_topology_permutation,4,442,B-GNN-permuted-p2,1,1,0.9352924227714539,,2.0
303700,2019-10-19,11,La Liga,42,male,Eibar,Barcelona,elite,experiment2_topology_permutation,4,442,B-GNN-permuted-p2,0,0,0.3142626881599426,,2.0
303600,2019-10-29,11,La Liga,42,male,Barcelona,Real Valladolid,elite,experiment2_topology_permutation,4,442,B-GNN-permuted-p2,1,1,0.9708119034767151,,2.0
303504,2019-11-02,11,La Liga,42,male,Levante UD,Barcelona,elite,experiment2_topology_permutation,4,442,B-GNN-permuted-p2,1,1,0.6431767344474792,,2.0
303487,2019-11-09,11,La Liga,42,male,Barcelona,Celta Vigo,elite,experiment2_topology_permutation,4,442,B-GNN-permuted-p2,1,1,0.985824465751648,,2.0
303715,2019-11-23,11,La Liga,42,male,Leganés,Barcelona,elite,experiment2_topology_permutation,4,442,B-GNN-permuted-p2,0,0,0.2000318169593811,,2.0
303524,2019-12-01,11,La Liga,42,male,Atlético Madrid,Barcelona,elite,experiment2_topology_permutation,4,442,B-GNN-permuted-p2,0,1,0.566839337348938,,2.0
303451,2019-12-07,11,La Liga,42,male,Barcelona,Mallorca,elite,experiment2_topology_permutation,4,442,B-GNN-permuted-p2,1,1,0.9960843324661255,,2.0
303664,2019-12-14,11,La Liga,42,male,Real Sociedad,Barcelona,elite,experiment2_topology_permutation,4,442,B-GNN-permuted-p2,0,1,0.897948682308197,,2.0
303596,2019-12-18,11,La Liga,42,male,Barcelona,Real Madrid,elite,experiment2_topology_permutation,4,442,B-GNN-permuted-p2,0,1,0.7391113638877869,,2.0
303517,2019-12-21,11,La Liga,42,male,Barcelona,Deportivo Alavés,elite,experiment2_topology_permutation,4,442,B-GNN-permuted-p2,1,1,0.9960256814956665,,2.0
303652,2020-01-04,11,La Liga,42,male,Espanyol,Barcelona,elite,experiment2_topology_permutation,4,442,B-GNN-permuted-p2,0,0,0.1666288673877716,,2.0
303610,2020-01-19,11,La Liga,42,male,Barcelona,Granada,elite,experiment2_topology_permutation,5,542,B-GNN-permuted-p2,1,1,0.7875775098800659,,2.0
303400,2020-01-25,11,La Liga,42,male,Valencia,Barcelona,elite,experiment2_topology_permutation,5,542,B-GNN-permuted-p2,1,0,0.33209463953971863,,2.0
303682,2020-02-02,11,La Liga,42,male,Barcelona,Levante UD,elite,experiment2_topology_permutation,5,542,B-GNN-permuted-p2,1,1,0.7826439738273621,,2.0
303707,2020-02-09,11,La Liga,42,male,Real Betis,Barcelona,elite,experiment2_topology_permutation,5,542,B-GNN-permuted-p2,0,0,0.4246631860733032,,2.0
303377,2020-02-15,11,La Liga,42,male,Barcelona,Getafe,elite,experiment2_topology_permutation,5,542,B-GNN-permuted-p2,1,1,0.5364894270896912,,2.0
303731,2020-02-22,11,La Liga,42,male,Barcelona,Eibar,elite,experiment2_topology_permutation,5,542,B-GNN-permuted-p2,1,1,0.8497523069381714,,2.0
303470,2020-03-01,11,La Liga,42,male,Real Madrid,Barcelona,elite,experiment2_topology_permutation,5,542,B-GNN-permuted-p2,1,0,0.4654899835586548,,2.0
303479,2020-03-07,11,La Liga,42,male,Barcelona,Real Sociedad,elite,experiment2_topology_permutation,5,542,B-GNN-permuted-p2,1,1,0.6747575998306274,,2.0
303548,2020-06-13,11,La Liga,42,male,Mallorca,Barcelona,elite,experiment2_topology_permutation,5,542,B-GNN-permuted-p2,0,0,0.352582186460495,,2.0
303532,2020-06-16,11,La Liga,42,male,Barcelona,Leganés,elite,experiment2_topology_permutation,5,542,B-GNN-permuted-p2,1,1,0.7009800672531128,,2.0
303674,2020-06-19,11,La Liga,42,male,Sevilla,Barcelona,elite,experiment2_topology_permutation,5,542,B-GNN-permuted-p2,0,0,0.3299935758113861,,2.0
303493,2020-06-23,11,La Liga,42,male,Barcelona,Athletic Club,elite,experiment2_topology_permutation,5,542,B-GNN-permuted-p2,1,1,0.5417429804801941,,2.0
303516,2020-06-27,11,La Liga,42,male,Celta Vigo,Barcelona,elite,experiment2_topology_permutation,5,542,B-GNN-permuted-p2,0,0,0.34023040533065796,,2.0
303696,2020-06-30,11,La Liga,42,male,Barcelona,Atlético Madrid,elite,experiment2_topology_permutation,5,542,B-GNN-permuted-p2,0,1,0.7049955725669861,,2.0
303725,2020-07-05,11,La Liga,42,male,Villarreal,Barcelona,elite,experiment2_topology_permutation,5,542,B-GNN-permuted-p2,0,0,0.3096969723701477,,2.0
303615,2020-07-08,11,La Liga,42,male,Barcelona,Espanyol,elite,experiment2_topology_permutation,5,542,B-GNN-permuted-p2,1,1,0.6431660652160645,,2.0
303680,2020-07-11,11,La Liga,42,male,Real Valladolid,Barcelona,elite,experiment2_topology_permutation,5,542,B-GNN-permuted-p2,0,0,0.3298025131225586,,2.0
303634,2020-07-16,11,La Liga,42,male,Barcelona,Osasuna,elite,experiment2_topology_permutation,5,542,B-GNN-permuted-p2,0,1,0.6223616003990173,,2.0
303421,2020-07-19,11,La Liga,42,male,Deportivo Alavés,Barcelona,elite,experiment2_topology_permutation,5,542,B-GNN-permuted-p2,0,0,0.29513823986053467,,2.0
3773593,2020-09-27,11,La Liga,90,male,Barcelona,Villarreal,elite,experiment2_topology_permutation,5,542,B-GNN-permuted-p2,1,1,0.8764645457267761,,2.0
3773466,2020-10-01,11,La Liga,90,male,Celta Vigo,Barcelona,elite,experiment2_topology_permutation,5,542,B-GNN-permuted-p2,0,0,0.28514665365219116,,2.0
3773672,2020-10-04,11,La Liga,90,male,Barcelona,Sevilla,elite,experiment2_topology_permutation,5,542,B-GNN-permuted-p2,0,0,0.4974031150341034,,2.0
3773587,2020-10-17,11,La Liga,90,male,Getafe,Barcelona,elite,experiment2_topology_permutation,5,542,B-GNN-permuted-p2,1,0,0.41465866565704346,,2.0
3773585,2020-10-24,11,La Liga,90,male,Barcelona,Real Madrid,elite,experiment2_topology_permutation,5,542,B-GNN-permuted-p2,0,1,0.5565324425697327,,2.0
3773386,2020-10-31,11,La Liga,90,male,Deportivo Alavés,Barcelona,elite,experiment2_topology_permutation,5,542,B-GNN-permuted-p2,0,0,0.30094581842422485,,2.0
3773477,2020-11-07,11,La Liga,90,male,Barcelona,Real Betis,elite,experiment2_topology_permutation,5,542,B-GNN-permuted-p2,1,1,0.8786885142326355,,2.0
3773656,2020-11-21,11,La Liga,90,male,Atlético Madrid,Barcelona,elite,experiment2_topology_permutation,5,542,B-GNN-permuted-p2,1,0,0.4200541377067566,,2.0
3773547,2020-11-29,11,La Liga,90,male,Barcelona,Osasuna,elite,experiment2_topology_permutation,5,542,B-GNN-permuted-p2,1,1,0.9379380345344543,,2.0
3773660,2020-12-13,11,La Liga,90,male,Barcelona,Levante UD,elite,experiment2_topology_permutation,5,542,B-GNN-permuted-p2,1,1,0.7699385285377502,,2.0
3773523,2020-12-16,11,La Liga,90,male,Barcelona,Real Sociedad,elite,experiment2_topology_permutation,5,542,B-GNN-permuted-p2,1,1,0.6702162027359009,,2.0
3773377,2020-12-19,11,La Liga,90,male,Barcelona,Valencia,elite,experiment2_topology_permutation,5,542,B-GNN-permuted-p2,0,1,0.9482240080833435,,2.0
3773571,2020-12-22,11,La Liga,90,male,Real Valladolid,Barcelona,elite,experiment2_topology_permutation,5,542,B-GNN-permuted-p2,0,0,0.3353970944881439,,2.0
3764661,2021-01-06,11,La Liga,90,male,Athletic Club,Barcelona,elite,experiment2_topology_permutation,5,542,B-GNN-permuted-p2,0,0,0.3709793984889984,,2.0
3773565,2021-01-09,11,La Liga,90,male,Granada,Barcelona,elite,experiment2_topology_permutation,5,542,B-GNN-permuted-p2,0,0,0.31345269083976746,,2.0
3773403,2021-01-31,11,La Liga,90,male,Barcelona,Athletic Club,elite,experiment2_topology_permutation,5,542,B-GNN-permuted-p2,1,1,0.56229567527771,,2.0
3773631,2021-02-07,11,La Liga,90,male,Real Betis,Barcelona,elite,experiment2_topology_permutation,5,542,B-GNN-permuted-p2,0,0,0.39463579654693604,,2.0
3773526,2021-02-13,11,La Liga,90,male,Barcelona,Deportivo Alavés,elite,experiment2_topology_permutation,5,542,B-GNN-permuted-p2,1,1,0.7781772613525391,,2.0
3764440,2021-02-24,11,La Liga,90,male,Barcelona,Elche,elite,experiment2_topology_permutation,5,542,B-GNN-permuted-p2,1,1,0.7139816880226135,,2.0
3773625,2021-02-27,11,La Liga,90,male,Sevilla,Barcelona,elite,experiment2_topology_permutation,5,542,B-GNN-permuted-p2,0,0,0.3368949592113495,,2.0
3773665,2021-03-06,11,La Liga,90,male,Osasuna,Barcelona,elite,experiment2_topology_permutation,5,542,B-GNN-permuted-p2,0,0,0.38104239106178284,,2.0
3773597,2021-03-21,11,La Liga,90,male,Real Sociedad,Barcelona,elite,experiment2_topology_permutation,5,542,B-GNN-permuted-p2,0,0,0.32224029302597046,,2.0
3773474,2021-04-05,11,La Liga,90,male,Barcelona,Real Valladolid,elite,experiment2_topology_permutation,5,542,B-GNN-permuted-p2,1,1,0.5782585740089417,,2.0
3773497,2021-04-10,11,La Liga,90,male,Real Madrid,Barcelona,elite,experiment2_topology_permutation,5,542,B-GNN-permuted-p2,1,0,0.35509198904037476,,2.0
3773661,2021-04-22,11,La Liga,90,male,Barcelona,Getafe,elite,experiment2_topology_permutation,5,542,B-GNN-permuted-p2,1,1,0.6538972854614258,,2.0
3773689,2021-04-25,11,La Liga,90,male,Villarreal,Barcelona,elite,experiment2_topology_permutation,5,542,B-GNN-permuted-p2,0,0,0.4540847837924957,,2.0
3773586,2021-04-29,11,La Liga,90,male,Barcelona,Granada,elite,experiment2_topology_permutation,5,542,B-GNN-permuted-p2,0,1,0.7074049115180969,,2.0
3773695,2021-05-02,11,La Liga,90,male,Valencia,Barcelona,elite,experiment2_topology_permutation,5,542,B-GNN-permuted-p2,0,0,0.3839333653450012,,2.0
3773372,2021-05-08,11,La Liga,90,male,Barcelona,Atlético Madrid,elite,experiment2_topology_permutation,5,542,B-GNN-permuted-p2,0,0,0.48686546087265015,,2.0
3773387,2021-05-11,11,La Liga,90,male,Levante UD,Barcelona,elite,experiment2_topology_permutation,5,542,B-GNN-permuted-p2,0,0,0.35643279552459717,,2.0
3773457,2021-05-16,11,La Liga,90,male,Barcelona,Celta Vigo,elite,experiment2_topology_permutation,5,542,B-GNN-permuted-p2,0,1,0.6705061197280884,,2.0
3825637,2015-10-25,11,La Liga,27,male,Barcelona,Eibar,elite,experiment2_topology_permutation,1,142,B-GNN-permuted-p3,1,1,0.8929564356803894,,3.0
3825638,2015-10-25,11,La Liga,27,male,Atlético Madrid,Valencia,elite,experiment2_topology_permutation,1,142,B-GNN-permuted-p3,1,1,0.7139798402786255,,3.0
3825639,2015-10-25,11,La Liga,27,male,Las Palmas,Villarreal,elite,experiment2_topology_permutation,1,142,B-GNN-permuted-p3,0,0,0.1661411076784134,,3.0
3825640,2015-10-25,11,La Liga,27,male,Levante UD,Real Sociedad,elite,experiment2_topology_permutation,1,142,B-GNN-permuted-p3,0,0,0.016799164935946465,,3.0
3825641,2015-10-26,11,La Liga,27,male,Athletic Club,Sporting Gijón,elite,experiment2_topology_permutation,1,142,B-GNN-permuted-p3,1,0,0.3568853437900543,,3.0
3825642,2015-10-30,11,La Liga,27,male,RC Deportivo La Coruña,Atlético Madrid,elite,experiment2_topology_permutation,1,142,B-GNN-permuted-p3,0,1,0.7591063380241394,,3.0
3825643,2015-10-31,11,La Liga,27,male,Real Madrid,Las Palmas,elite,experiment2_topology_permutation,1,142,B-GNN-permuted-p3,1,1,0.6126556396484375,,3.0
3825644,2015-10-31,11,La Liga,27,male,Real Sociedad,Celta Vigo,elite,experiment2_topology_permutation,1,142,B-GNN-permuted-p3,0,1,0.6175536513328552,,3.0
3825645,2015-10-31,11,La Liga,27,male,Getafe,Barcelona,elite,experiment2_topology_permutation,1,142,B-GNN-permuted-p3,0,0,0.01670585386455059,,3.0
3825646,2015-10-31,11,La Liga,27,male,Villarreal,Sevilla,elite,experiment2_topology_permutation,1,142,B-GNN-permuted-p3,1,1,0.5747272968292236,,3.0
3825647,2015-10-31,11,La Liga,27,male,Valencia,Levante UD,elite,experiment2_topology_permutation,1,142,B-GNN-permuted-p3,1,1,0.8433033227920532,,3.0
3825648,2015-11-01,11,La Liga,27,male,Eibar,Rayo Vallecano,elite,experiment2_topology_permutation,1,142,B-GNN-permuted-p3,1,0,0.11254864931106567,,3.0
3825649,2015-11-01,11,La Liga,27,male,Sporting Gijón,Málaga,elite,experiment2_topology_permutation,1,142,B-GNN-permuted-p3,1,0,0.017358656972646713,,3.0
3825650,2015-11-01,11,La Liga,27,male,Real Betis,Athletic Club,elite,experiment2_topology_permutation,1,142,B-GNN-permuted-p3,0,0,0.23941457271575928,,3.0
3825651,2015-11-01,11,La Liga,27,male,Espanyol,Granada,elite,experiment2_topology_permutation,1,142,B-GNN-permuted-p3,0,0,0.2553195655345917,,3.0
3825652,2015-11-06,11,La Liga,27,male,Las Palmas,Real Sociedad,elite,experiment2_topology_permutation,1,142,B-GNN-permuted-p3,1,0,0.18292896449565887,,3.0
3825653,2015-11-07,11,La Liga,27,male,Eibar,Getafe,elite,experiment2_topology_permutation,1,142,B-GNN-permuted-p3,1,1,0.8324151635169983,,3.0
3825654,2015-11-07,11,La Liga,27,male,Celta Vigo,Valencia,elite,experiment2_topology_permutation,1,142,B-GNN-permuted-p3,0,0,0.05945611000061035,,3.0
3825655,2015-11-07,11,La Liga,27,male,Rayo Vallecano,Granada,elite,experiment2_topology_permutation,1,142,B-GNN-permuted-p3,1,1,0.8901390433311462,,3.0
3825656,2015-11-07,11,La Liga,27,male,Levante UD,RC Deportivo La Coruña,elite,experiment2_topology_permutation,1,142,B-GNN-permuted-p3,0,0,0.032642073929309845,,3.0
3825657,2015-11-07,11,La Liga,27,male,Málaga,Real Betis,elite,experiment2_topology_permutation,1,142,B-GNN-permuted-p3,0,0,0.1480603665113449,,3.0
3825658,2015-11-08,11,La Liga,27,male,Atlético Madrid,Sporting Gijón,elite,experiment2_topology_permutation,1,142,B-GNN-permuted-p3,1,0,0.16694504022598267,,3.0
3825659,2015-11-08,11,La Liga,27,male,Athletic Club,Espanyol,elite,experiment2_topology_permutation,1,142,B-GNN-permuted-p3,1,0,0.02395389787852764,,3.0
3825660,2015-11-08,11,La Liga,27,male,Barcelona,Villarreal,elite,experiment2_topology_permutation,1,142,B-GNN-permuted-p3,1,1,0.8779148459434509,,3.0
3825661,2015-11-08,11,La Liga,27,male,Sevilla,Real Madrid,elite,experiment2_topology_permutation,1,142,B-GNN-permuted-p3,1,1,0.5256547927856445,,3.0
266424,2015-11-21,11,La Liga,27,male,Real Madrid,Barcelona,elite,experiment2_topology_permutation,1,142,B-GNN-permuted-p3,0,0,0.3389514088630676,,3.0
3825662,2015-11-21,11,La Liga,27,male,RC Deportivo La Coruña,Celta Vigo,elite,experiment2_topology_permutation,1,142,B-GNN-permuted-p3,1,0,0.04269329085946083,,3.0
3825663,2015-11-21,11,La Liga,27,male,Espanyol,Málaga,elite,experiment2_topology_permutation,1,142,B-GNN-permuted-p3,1,0,0.06380247324705124,,3.0
3825664,2015-11-21,11,La Liga,27,male,Real Sociedad,Sevilla,elite,experiment2_topology_permutation,1,142,B-GNN-permuted-p3,1,0,0.2931504547595978,,3.0
3825888,2015-11-21,11,La Liga,27,male,Valencia,Las Palmas,elite,experiment2_topology_permutation,1,142,B-GNN-permuted-p3,0,1,0.7922577261924744,,3.0
3825665,2015-11-22,11,La Liga,27,male,Granada,Athletic Club,elite,experiment2_topology_permutation,1,142,B-GNN-permuted-p3,1,0,0.04799650236964226,,3.0
3825666,2015-11-22,11,La Liga,27,male,Real Betis,Atlético Madrid,elite,experiment2_topology_permutation,1,142,B-GNN-permuted-p3,0,0,0.06880399584770203,,3.0
3825667,2015-11-22,11,La Liga,27,male,Villarreal,Eibar,elite,experiment2_topology_permutation,1,142,B-GNN-permuted-p3,0,0,0.3777475655078888,,3.0
3825668,2015-11-22,11,La Liga,27,male,Sporting Gijón,Levante UD,elite,experiment2_topology_permutation,1,142,B-GNN-permuted-p3,0,0,0.26480239629745483,,3.0
3825669,2015-11-23,11,La Liga,27,male,Getafe,Rayo Vallecano,elite,experiment2_topology_permutation,1,142,B-GNN-permuted-p3,0,0,0.02266913279891014,,3.0
3825670,2015-11-27,11,La Liga,27,male,Levante UD,Real Betis,elite,experiment2_topology_permutation,1,142,B-GNN-permuted-p3,0,0,0.22167479991912842,,3.0
266885,2015-11-28,11,La Liga,27,male,Barcelona,Real Sociedad,elite,experiment2_topology_permutation,1,142,B-GNN-permuted-p3,1,0,0.35991528630256653,,3.0
3825671,2015-11-28,11,La Liga,27,male,Celta Vigo,Sporting Gijón,elite,experiment2_topology_permutation,1,142,B-GNN-permuted-p3,1,0,0.21853142976760864,,3.0
3825672,2015-11-28,11,La Liga,27,male,Málaga,Granada,elite,experiment2_topology_permutation,1,142,B-GNN-permuted-p3,0,0,0.20385921001434326,,3.0
3825673,2015-11-28,11,La Liga,27,male,Las Palmas,RC Deportivo La Coruña,elite,experiment2_topology_permutation,1,142,B-GNN-permuted-p3,0,0,0.43341368436813354,,3.0
3825674,2015-11-28,11,La Liga,27,male,Atlético Madrid,Espanyol,elite,experiment2_topology_permutation,1,142,B-GNN-permuted-p3,1,1,0.6252416968345642,,3.0
3825675,2015-11-29,11,La Liga,27,male,Rayo Vallecano,Athletic Club,elite,experiment2_topology_permutation,1,142,B-GNN-permuted-p3,0,0,0.3724426031112671,,3.0
3825676,2015-11-29,11,La Liga,27,male,Getafe,Villarreal,elite,experiment2_topology_permutation,1,142,B-GNN-permuted-p3,1,0,0.14317330718040466,,3.0
3825677,2015-11-29,11,La Liga,27,male,Sevilla,Valencia,elite,experiment2_topology_permutation,1,142,B-GNN-permuted-p3,1,0,0.2841740846633911,,3.0
3825678,2015-11-29,11,La Liga,27,male,Eibar,Real Madrid,elite,experiment2_topology_permutation,1,142,B-GNN-permuted-p3,0,0,0.048089154064655304,,3.0
267274,2015-12-05,11,La Liga,27,male,Valencia,Barcelona,elite,experiment2_topology_permutation,1,142,B-GNN-permuted-p3,0,0,0.1697908490896225,,3.0
3825679,2015-12-05,11,La Liga,27,male,Real Betis,Celta Vigo,elite,experiment2_topology_permutation,1,142,B-GNN-permuted-p3,0,1,0.7639577984809875,,3.0
3825680,2015-12-05,11,La Liga,27,male,RC Deportivo La Coruña,Sevilla,elite,experiment2_topology_permutation,1,142,B-GNN-permuted-p3,0,0,0.058591801673173904,,3.0
3825681,2015-12-05,11,La Liga,27,male,Real Madrid,Getafe,elite,experiment2_topology_permutation,1,142,B-GNN-permuted-p3,1,1,0.8439897298812866,,3.0
3825682,2015-12-05,11,La Liga,27,male,Granada,Atlético Madrid,elite,experiment2_topology_permutation,1,142,B-GNN-permuted-p3,0,0,0.1546526700258255,,3.0
3825683,2015-12-06,11,La Liga,27,male,Real Sociedad,Eibar,elite,experiment2_topology_permutation,1,142,B-GNN-permuted-p3,1,1,0.8893837332725525,,3.0
3825684,2015-12-06,11,La Liga,27,male,Villarreal,Rayo Vallecano,elite,experiment2_topology_permutation,1,142,B-GNN-permuted-p3,1,1,0.6307746767997742,,3.0
3825685,2015-12-06,11,La Liga,27,male,Sporting Gijón,Las Palmas,elite,experiment2_topology_permutation,1,142,B-GNN-permuted-p3,1,0,0.3032769560813904,,3.0
3825686,2015-12-06,11,La Liga,27,male,Athletic Club,Málaga,elite,experiment2_topology_permutation,1,142,B-GNN-permuted-p3,0,0,0.024414317682385445,,3.0
3825687,2015-12-07,11,La Liga,27,male,Espanyol,Levante UD,elite,experiment2_topology_permutation,1,142,B-GNN-permuted-p3,0,0,0.006014960817992687,,3.0
3825688,2015-12-11,11,La Liga,27,male,Getafe,Real Sociedad,elite,experiment2_topology_permutation,1,142,B-GNN-permuted-p3,0,0,0.0341687947511673,,3.0
266961,2015-12-12,11,La Liga,27,male,Barcelona,RC Deportivo La Coruña,elite,experiment2_topology_permutation,1,142,B-GNN-permuted-p3,0,1,0.8303832411766052,,3.0
3825689,2015-12-12,11,La Liga,27,male,Celta Vigo,Espanyol,elite,experiment2_topology_permutation,1,142,B-GNN-permuted-p3,1,0,0.04206090420484543,,3.0
3825690,2015-12-12,11,La Liga,27,male,Las Palmas,Real Betis,elite,experiment2_topology_permutation,1,142,B-GNN-permuted-p3,1,0,0.2287854105234146,,3.0
3825691,2015-12-12,11,La Liga,27,male,Levante UD,Granada,elite,experiment2_topology_permutation,1,142,B-GNN-permuted-p3,0,0,0.1443430632352829,,3.0
3825692,2015-12-12,11,La Liga,27,male,Sevilla,Sporting Gijón,elite,experiment2_topology_permutation,1,142,B-GNN-permuted-p3,1,0,0.29277247190475464,,3.0
3825693,2015-12-13,11,La Liga,27,male,Atlético Madrid,Athletic Club,elite,experiment2_topology_permutation,1,142,B-GNN-permuted-p3,1,0,0.03140716999769211,,3.0
3825694,2015-12-13,11,La Liga,27,male,Eibar,Valencia,elite,experiment2_topology_permutation,1,142,B-GNN-permuted-p3,0,0,0.3336932063102722,,3.0
3825695,2015-12-13,11,La Liga,27,male,Villarreal,Real Madrid,elite,experiment2_topology_permutation,1,142,B-GNN-permuted-p3,1,1,0.6703163981437683,,3.0
3825696,2015-12-13,11,La Liga,27,male,Rayo Vallecano,Málaga,elite,experiment2_topology_permutation,1,142,B-GNN-permuted-p3,0,0,0.08607720583677292,,3.0
3825697,2015-12-19,11,La Liga,27,male,Valencia,Getafe,elite,experiment2_topology_permutation,1,142,B-GNN-permuted-p3,0,0,0.13072355091571808,,3.0
3825698,2015-12-19,11,La Liga,27,male,RC Deportivo La Coruña,Eibar,elite,experiment2_topology_permutation,1,142,B-GNN-permuted-p3,1,1,0.5297160744667053,,3.0
3825699,2015-12-19,11,La Liga,27,male,Real Betis,Sevilla,elite,experiment2_topology_permutation,1,142,B-GNN-permuted-p3,0,0,0.07583612203598022,,3.0
3825891,2015-12-19,11,La Liga,27,male,Espanyol,Las Palmas,elite,experiment2_topology_permutation,1,142,B-GNN-permuted-p3,1,0,0.08591702580451965,,3.0
3825700,2015-12-20,11,La Liga,27,male,Real Madrid,Rayo Vallecano,elite,experiment2_topology_permutation,1,142,B-GNN-permuted-p3,1,1,0.8894603252410889,,3.0
3825701,2015-12-20,11,La Liga,27,male,Málaga,Atlético Madrid,elite,experiment2_topology_permutation,1,142,B-GNN-permuted-p3,1,0,0.1198258101940155,,3.0
3825702,2015-12-20,11,La Liga,27,male,Real Sociedad,Villarreal,elite,experiment2_topology_permutation,1,142,B-GNN-permuted-p3,0,1,0.6929526925086975,,3.0
3825703,2015-12-20,11,La Liga,27,male,Athletic Club,Levante UD,elite,experiment2_topology_permutation,1,142,B-GNN-permuted-p3,1,1,0.7684493660926819,,3.0
3825704,2015-12-20,11,La Liga,27,male,Granada,Celta Vigo,elite,experiment2_topology_permutation,1,142,B-GNN-permuted-p3,0,0,0.037461403757333755,,3.0
267327,2015-12-30,11,La Liga,27,male,Barcelona,Real Betis,elite,experiment2_topology_permutation,1,142,B-GNN-permuted-p3,1,1,0.9246761798858643,,3.0
3825705,2015-12-30,11,La Liga,27,male,Eibar,Sporting Gijón,elite,experiment2_topology_permutation,1,142,B-GNN-permuted-p3,1,0,0.12405254691839218,,3.0
3825706,2015-12-30,11,La Liga,27,male,Celta Vigo,Athletic Club,elite,experiment2_topology_permutation,1,142,B-GNN-permuted-p3,0,0,0.11469585448503494,,3.0
3825707,2015-12-30,11,La Liga,27,male,Las Palmas,Granada,elite,experiment2_topology_permutation,1,142,B-GNN-permuted-p3,1,1,0.5015468597412109,,3.0
3825708,2015-12-30,11,La Liga,27,male,Levante UD,Málaga,elite,experiment2_topology_permutation,1,142,B-GNN-permuted-p3,0,0,0.0518825389444828,,3.0
3825709,2015-12-30,11,La Liga,27,male,Sevilla,Espanyol,elite,experiment2_topology_permutation,1,142,B-GNN-permuted-p3,1,0,0.3979456424713135,,3.0
3825710,2015-12-30,11,La Liga,27,male,Real Madrid,Real Sociedad,elite,experiment2_topology_permutation,1,142,B-GNN-permuted-p3,1,1,0.8084712624549866,,3.0
3825711,2015-12-30,11,La Liga,27,male,Rayo Vallecano,Atlético Madrid,elite,experiment2_topology_permutation,1,142,B-GNN-permuted-p3,0,0,0.23474815487861633,,3.0
3825712,2015-12-30,11,La Liga,27,male,Getafe,RC Deportivo La Coruña,elite,experiment2_topology_permutation,1,142,B-GNN-permuted-p3,0,0,0.17514893412590027,,3.0
3825713,2015-12-31,11,La Liga,27,male,Villarreal,Valencia,elite,experiment2_topology_permutation,1,142,B-GNN-permuted-p3,1,0,0.021190907806158066,,3.0
266670,2016-01-02,11,La Liga,27,male,Espanyol,Barcelona,elite,experiment2_topology_permutation,1,142,B-GNN-permuted-p3,0,0,0.044967763125896454,,3.0
3825714,2016-01-02,11,La Liga,27,male,Atlético Madrid,Levante UD,elite,experiment2_topology_permutation,1,142,B-GNN-permuted-p3,1,0,0.021001404151320457,,3.0
3825715,2016-01-02,11,La Liga,27,male,Málaga,Celta Vigo,elite,experiment2_topology_permutation,1,142,B-GNN-permuted-p3,1,1,0.8025532364845276,,3.0
3825716,2016-01-03,11,La Liga,27,male,Rayo Vallecano,Real Sociedad,elite,experiment2_topology_permutation,1,142,B-GNN-permuted-p3,0,0,0.023671261966228485,,3.0
3825717,2016-01-03,11,La Liga,27,male,Granada,Sevilla,elite,experiment2_topology_permutation,1,142,B-GNN-permuted-p3,1,1,0.8137047290802002,,3.0
3825718,2016-01-03,11,La Liga,27,male,Valencia,Real Madrid,elite,experiment2_topology_permutation,1,142,B-GNN-permuted-p3,0,1,0.9255897402763367,,3.0
3825719,2016-01-03,11,La Liga,27,male,Athletic Club,Las Palmas,elite,experiment2_topology_permutation,1,142,B-GNN-permuted-p3,0,0,0.10308869183063507,,3.0
3825720,2016-01-03,11,La Liga,27,male,Real Betis,Eibar,elite,experiment2_topology_permutation,1,142,B-GNN-permuted-p3,0,0,0.478532999753952,,3.0
3825721,2016-01-03,11,La Liga,27,male,RC Deportivo La Coruña,Villarreal,elite,experiment2_topology_permutation,1,142,B-GNN-permuted-p3,0,1,0.5790377855300903,,3.0
3825722,2016-01-04,11,La Liga,27,male,Sporting Gijón,Getafe,elite,experiment2_topology_permutation,1,142,B-GNN-permuted-p3,0,0,0.4918871819972992,,3.0
266620,2016-01-09,11,La Liga,27,male,Barcelona,Granada,elite,experiment2_topology_permutation,1,142,B-GNN-permuted-p3,1,1,0.9516692161560059,,3.0
3825723,2016-01-09,11,La Liga,27,male,Levante UD,Rayo Vallecano,elite,experiment2_topology_permutation,1,142,B-GNN-permuted-p3,1,0,0.014075481332838535,,3.0
3825724,2016-01-09,11,La Liga,27,male,Real Madrid,RC Deportivo La Coruña,elite,experiment2_topology_permutation,1,142,B-GNN-permuted-p3,1,0,0.16711394488811493,,3.0
3825725,2016-01-09,11,La Liga,27,male,Getafe,Real Betis,elite,experiment2_topology_permutation,1,142,B-GNN-permuted-p3,1,0,0.11552269756793976,,3.0
3825726,2016-01-09,11,La Liga,27,male,Sevilla,Athletic Club,elite,experiment2_topology_permutation,1,142,B-GNN-permuted-p3,1,0,0.17419207096099854,,3.0
3825727,2016-01-10,11,La Liga,27,male,Eibar,Espanyol,elite,experiment2_topology_permutation,1,142,B-GNN-permuted-p3,1,0,0.3667336106300354,,3.0
3825728,2016-01-10,11,La Liga,27,male,Celta Vigo,Atlético Madrid,elite,experiment2_topology_permutation,1,142,B-GNN-permuted-p3,0,0,0.17748935520648956,,3.0
3825729,2016-01-10,11,La Liga,27,male,Villarreal,Sporting Gijón,elite,experiment2_topology_permutation,1,142,B-GNN-permuted-p3,1,0,0.035743918269872665,,3.0
3825730,2016-01-10,11,La Liga,27,male,Real Sociedad,Valencia,elite,experiment2_topology_permutation,1,142,B-GNN-permuted-p3,1,0,0.3642171025276184,,3.0
3825731,2016-01-10,11,La Liga,27,male,Las Palmas,Málaga,elite,experiment2_topology_permutation,1,142,B-GNN-permuted-p3,0,0,0.471554696559906,,3.0
3825732,2016-01-16,11,La Liga,27,male,Celta Vigo,Levante UD,elite,experiment2_topology_permutation,1,142,B-GNN-permuted-p3,1,1,0.9538165926933289,,3.0
3825733,2016-01-16,11,La Liga,27,male,Sevilla,Málaga,elite,experiment2_topology_permutation,1,142,B-GNN-permuted-p3,1,0,0.21671640872955322,,3.0
3825734,2016-01-16,11,La Liga,27,male,Real Sociedad,RC Deportivo La Coruña,elite,experiment2_topology_permutation,1,142,B-GNN-permuted-p3,0,1,0.9889951944351196,,3.0
3825735,2016-01-16,11,La Liga,27,male,Villarreal,Real Betis,elite,experiment2_topology_permutation,1,142,B-GNN-permuted-p3,0,0,0.09880641847848892,,3.0
266149,2016-01-17,11,La Liga,27,male,Barcelona,Athletic Club,elite,experiment2_topology_permutation,1,142,B-GNN-permuted-p3,1,1,0.5386738777160645,,3.0
3825736,2016-01-17,11,La Liga,27,male,Valencia,Rayo Vallecano,elite,experiment2_topology_permutation,1,142,B-GNN-permuted-p3,0,0,0.11812806129455566,,3.0
3825737,2016-01-17,11,La Liga,27,male,Getafe,Espanyol,elite,experiment2_topology_permutation,1,142,B-GNN-permuted-p3,1,1,0.58611661195755,,3.0
3825738,2016-01-17,11,La Liga,27,male,Las Palmas,Atlético Madrid,elite,experiment2_topology_permutation,1,142,B-GNN-permuted-p3,0,0,0.25422754883766174,,3.0
3825739,2016-01-17,11,La Liga,27,male,Real Madrid,Sporting Gijón,elite,experiment2_topology_permutation,1,142,B-GNN-permuted-p3,1,0,0.49981144070625305,,3.0
3825740,2016-01-18,11,La Liga,27,male,Eibar,Granada,elite,experiment2_topology_permutation,1,142,B-GNN-permuted-p3,1,1,0.5266764163970947,,3.0
3825741,2016-01-22,11,La Liga,27,male,Sporting Gijón,Real Sociedad,elite,experiment2_topology_permutation,1,142,B-GNN-permuted-p3,1,1,0.9994677901268005,,3.0
265894,2016-01-23,11,La Liga,27,male,Málaga,Barcelona,elite,experiment2_topology_permutation,1,142,B-GNN-permuted-p3,0,0,0.15298384428024292,,3.0
3825742,2016-01-23,11,La Liga,27,male,Granada,Getafe,elite,experiment2_topology_permutation,1,142,B-GNN-permuted-p3,1,1,0.9369860887527466,,3.0
3825743,2016-01-23,11,La Liga,27,male,Rayo Vallecano,Celta Vigo,elite,experiment2_topology_permutation,1,142,B-GNN-permuted-p3,1,0,0.29790666699409485,,3.0
3825744,2016-01-23,11,La Liga,27,male,Espanyol,Villarreal,elite,experiment2_topology_permutation,1,142,B-GNN-permuted-p3,0,0,0.2910768687725067,,3.0
3825745,2016-01-24,11,La Liga,27,male,RC Deportivo La Coruña,Valencia,elite,experiment2_topology_permutation,1,142,B-GNN-permuted-p3,0,1,0.9268436431884766,,3.0
3825746,2016-01-24,11,La Liga,27,male,Real Betis,Real Madrid,elite,experiment2_topology_permutation,1,142,B-GNN-permuted-p3,0,0,0.015408135950565338,,3.0
3825747,2016-01-24,11,La Liga,27,male,Athletic Club,Eibar,elite,experiment2_topology_permutation,1,142,B-GNN-permuted-p3,1,0,0.15612569451332092,,3.0
3825748,2016-01-24,11,La Liga,27,male,Atlético Madrid,Sevilla,elite,experiment2_topology_permutation,1,142,B-GNN-permuted-p3,0,0,0.31348517537117004,,3.0
3825749,2016-01-25,11,La Liga,27,male,Levante UD,Las Palmas,elite,experiment2_topology_permutation,1,142,B-GNN-permuted-p3,1,0,0.07759667932987213,,3.0
267576,2016-01-30,11,La Liga,27,male,Barcelona,Atlético Madrid,elite,experiment2_topology_permutation,1,142,B-GNN-permuted-p3,1,1,0.7456079125404358,,3.0
3825750,2016-01-30,11,La Liga,27,male,Real Sociedad,Real Betis,elite,experiment2_topology_permutation,1,142,B-GNN-permuted-p3,1,0,0.02198813483119011,,3.0
3825751,2016-01-30,11,La Liga,27,male,Getafe,Athletic Club,elite,experiment2_topology_permutation,1,142,B-GNN-permuted-p3,0,0,0.2795414328575134,,3.0
3825752,2016-01-30,11,La Liga,27,male,Eibar,Málaga,elite,experiment2_topology_permutation,1,142,B-GNN-permuted-p3,0,0,0.13335001468658447,,3.0
3825753,2016-01-30,11,La Liga,27,male,Villarreal,Granada,elite,experiment2_topology_permutation,1,142,B-GNN-permuted-p3,1,1,0.5577584505081177,,3.0
3825754,2016-01-31,11,La Liga,27,male,Las Palmas,Celta Vigo,elite,experiment2_topology_permutation,1,142,B-GNN-permuted-p3,1,0,0.2577921450138092,,3.0
3825755,2016-01-31,11,La Liga,27,male,Valencia,Sporting Gijón,elite,experiment2_topology_permutation,1,142,B-GNN-permuted-p3,0,1,0.7841132283210754,,3.0
3825756,2016-01-31,11,La Liga,27,male,Sevilla,Levante UD,elite,experiment2_topology_permutation,1,142,B-GNN-permuted-p3,1,1,0.7991291880607605,,3.0
3825757,2016-01-31,11,La Liga,27,male,Real Madrid,Espanyol,elite,experiment2_topology_permutation,1,142,B-GNN-permuted-p3,1,1,0.9919068813323975,,3.0
3825758,2016-02-01,11,La Liga,27,male,RC Deportivo La Coruña,Rayo Vallecano,elite,experiment2_topology_permutation,1,142,B-GNN-permuted-p3,0,0,0.2206951379776001,,3.0
3825759,2016-02-05,11,La Liga,27,male,Málaga,Getafe,elite,experiment2_topology_permutation,1,142,B-GNN-permuted-p3,1,0,0.13359959423542023,,3.0
3825760,2016-02-06,11,La Liga,27,male,Atlético Madrid,Eibar,elite,experiment2_topology_permutation,1,142,B-GNN-permuted-p3,1,0,0.013010529801249504,,3.0
3825761,2016-02-06,11,La Liga,27,male,Athletic Club,Villarreal,elite,experiment2_topology_permutation,1,142,B-GNN-permuted-p3,0,0,0.038886915892362595,,3.0
3825762,2016-02-06,11,La Liga,27,male,Sporting Gijón,RC Deportivo La Coruña,elite,experiment2_topology_permutation,1,142,B-GNN-permuted-p3,0,0,0.11254128813743591,,3.0
3825763,2016-02-06,11,La Liga,27,male,Rayo Vallecano,Las Palmas,elite,experiment2_topology_permutation,1,142,B-GNN-permuted-p3,1,1,0.7562328577041626,,3.0
266160,2016-02-07,11,La Liga,27,male,Levante UD,Barcelona,elite,experiment2_topology_permutation,1,142,B-GNN-permuted-p3,0,0,0.0827537551522255,,3.0
3825764,2016-02-07,11,La Liga,27,male,Granada,Real Madrid,elite,experiment2_topology_permutation,1,142,B-GNN-permuted-p3,0,0,0.14647571742534637,,3.0
3825765,2016-02-07,11,La Liga,27,male,Celta Vigo,Sevilla,elite,experiment2_topology_permutation,1,142,B-GNN-permuted-p3,0,0,0.26574432849884033,,3.0
3825766,2016-02-07,11,La Liga,27,male,Real Betis,Valencia,elite,experiment2_topology_permutation,1,142,B-GNN-permuted-p3,1,0,0.05942045897245407,,3.0
3825767,2016-02-08,11,La Liga,27,male,Espanyol,Real Sociedad,elite,experiment2_topology_permutation,1,142,B-GNN-permuted-p3,0,0,0.0537668839097023,,3.0
3825768,2016-02-12,11,La Liga,27,male,Sporting Gijón,Rayo Vallecano,elite,experiment2_topology_permutation,1,142,B-GNN-permuted-p3,0,0,0.19067373871803284,,3.0
3825769,2016-02-13,11,La Liga,27,male,Villarreal,Málaga,elite,experiment2_topology_permutation,1,142,B-GNN-permuted-p3,1,0,0.3723899722099304,,3.0
3825770,2016-02-13,11,La Liga,27,male,Real Madrid,Athletic Club,elite,experiment2_topology_permutation,1,142,B-GNN-permuted-p3,1,1,0.7805089950561523,,3.0
3825771,2016-02-13,11,La Liga,27,male,RC Deportivo La Coruña,Real Betis,elite,experiment2_topology_permutation,1,142,B-GNN-permuted-p3,0,1,0.5260069966316223,,3.0
3825772,2016-02-13,11,La Liga,27,male,Valencia,Espanyol,elite,experiment2_topology_permutation,1,142,B-GNN-permuted-p3,1,0,0.022678837180137634,,3.0
266254,2016-02-14,11,La Liga,27,male,Barcelona,Celta Vigo,elite,experiment2_topology_permutation,1,142,B-GNN-permuted-p3,1,1,0.8895480632781982,,3.0
3825773,2016-02-14,11,La Liga,27,male,Eibar,Levante UD,elite,experiment2_topology_permutation,1,142,B-GNN-permuted-p3,1,0,0.26214125752449036,,3.0
3825774,2016-02-14,11,La Liga,27,male,Getafe,Atlético Madrid,elite,experiment2_topology_permutation,1,142,B-GNN-permuted-p3,0,0,0.4098621606826782,,3.0
3825775,2016-02-14,11,La Liga,27,male,Real Sociedad,Granada,elite,experiment2_topology_permutation,1,142,B-GNN-permuted-p3,1,1,0.8963780403137207,,3.0
3825776,2016-02-14,11,La Liga,27,male,Sevilla,Las Palmas,elite,experiment2_topology_permutation,1,142,B-GNN-permuted-p3,1,0,0.136246919631958,,3.0
266815,2016-02-17,11,La Liga,27,male,Sporting Gijón,Barcelona,elite,experiment2_topology_permutation,1,142,B-GNN-permuted-p3,0,0,0.09421965479850769,,3.0
3825777,2016-02-19,11,La Liga,27,male,Levante UD,Getafe,elite,experiment2_topology_permutation,1,142,B-GNN-permuted-p3,1,1,0.7242991924285889,,3.0
267273,2016-02-20,11,La Liga,27,male,Las Palmas,Barcelona,elite,experiment2_topology_permutation,1,142,B-GNN-permuted-p3,0,1,0.5710538029670715,,3.0
3825778,2016-02-20,11,La Liga,27,male,Real Betis,Sporting Gijón,elite,experiment2_topology_permutation,1,142,B-GNN-permuted-p3,0,0,0.23897166550159454,,3.0
3825779,2016-02-20,11,La Liga,27,male,Celta Vigo,Eibar,elite,experiment2_topology_permutation,1,142,B-GNN-permuted-p3,1,0,0.330732136964798,,3.0
3825780,2016-02-20,11,La Liga,27,male,Espanyol,RC Deportivo La Coruña,elite,experiment2_topology_permutation,1,142,B-GNN-permuted-p3,1,0,0.2167070508003235,,3.0
3825781,2016-02-21,11,La Liga,27,male,Rayo Vallecano,Sevilla,elite,experiment2_topology_permutation,1,142,B-GNN-permuted-p3,0,0,0.22933827340602875,,3.0
3825782,2016-02-21,11,La Liga,27,male,Granada,Valencia,elite,experiment2_topology_permutation,1,142,B-GNN-permuted-p3,0,0,0.06627105921506882,,3.0
3825783,2016-02-21,11,La Liga,27,male,Athletic Club,Real Sociedad,elite,experiment2_topology_permutation,1,142,B-GNN-permuted-p3,0,0,0.04203731194138527,,3.0
3825784,2016-02-21,11,La Liga,27,male,Atlético Madrid,Villarreal,elite,experiment2_topology_permutation,1,142,B-GNN-permuted-p3,0,0,0.06158141419291496,,3.0
3825785,2016-02-21,11,La Liga,27,male,Málaga,Real Madrid,elite,experiment2_topology_permutation,1,142,B-GNN-permuted-p3,0,1,0.7979975938796997,,3.0
3825786,2016-02-26,11,La Liga,27,male,Eibar,Las Palmas,elite,experiment2_topology_permutation,1,142,B-GNN-permuted-p3,0,0,0.017269916832447052,,3.0
3825787,2016-02-27,11,La Liga,27,male,Real Madrid,Atlético Madrid,elite,experiment2_topology_permutation,2,242,B-GNN-permuted-p3,0,1,0.5533632040023804,,3.0
3825788,2016-02-27,11,La Liga,27,male,Getafe,Celta Vigo,elite,experiment2_topology_permutation,2,242,B-GNN-permuted-p3,0,0,0.4125378131866455,,3.0
3825789,2016-02-27,11,La Liga,27,male,Real Sociedad,Málaga,elite,experiment2_topology_permutation,2,242,B-GNN-permuted-p3,0,1,0.5132592916488647,,3.0
3825790,2016-02-27,11,La Liga,27,male,Sporting Gijón,Espanyol,elite,experiment2_topology_permutation,2,242,B-GNN-permuted-p3,0,1,0.7532644867897034,,3.0
3825791,2016-02-27,11,La Liga,27,male,Real Betis,Rayo Vallecano,elite,experiment2_topology_permutation,2,242,B-GNN-permuted-p3,0,1,0.5437117218971252,,3.0
265839,2016-02-28,11,La Liga,27,male,Barcelona,Sevilla,elite,experiment2_topology_permutation,2,242,B-GNN-permuted-p3,1,1,0.5198344588279724,,3.0
3825792,2016-02-28,11,La Liga,27,male,RC Deportivo La Coruña,Granada,elite,experiment2_topology_permutation,2,242,B-GNN-permuted-p3,0,1,0.6132604479789734,,3.0
3825793,2016-02-28,11,La Liga,27,male,Valencia,Athletic Club,elite,experiment2_topology_permutation,2,242,B-GNN-permuted-p3,0,0,0.468354195356369,,3.0
3825794,2016-02-28,11,La Liga,27,male,Villarreal,Levante UD,elite,experiment2_topology_permutation,2,242,B-GNN-permuted-p3,1,1,0.5525492429733276,,3.0
3825795,2016-03-01,11,La Liga,27,male,Atlético Madrid,Real Sociedad,elite,experiment2_topology_permutation,2,242,B-GNN-permuted-p3,1,1,0.8338771462440491,,3.0
3825796,2016-03-01,11,La Liga,27,male,Las Palmas,Getafe,elite,experiment2_topology_permutation,2,242,B-GNN-permuted-p3,1,1,0.8015038967132568,,3.0
3825797,2016-03-02,11,La Liga,27,male,Athletic Club,RC Deportivo La Coruña,elite,experiment2_topology_permutation,2,242,B-GNN-permuted-p3,1,1,0.9845348596572876,,3.0
3825798,2016-03-02,11,La Liga,27,male,Levante UD,Real Madrid,elite,experiment2_topology_permutation,2,242,B-GNN-permuted-p3,0,0,0.4717365801334381,,3.0
3825799,2016-03-02,11,La Liga,27,male,Málaga,Valencia,elite,experiment2_topology_permutation,2,242,B-GNN-permuted-p3,0,0,0.3609428107738495,,3.0
3825800,2016-03-02,11,La Liga,27,male,Celta Vigo,Villarreal,elite,experiment2_topology_permutation,2,242,B-GNN-permuted-p3,0,0,0.48736757040023804,,3.0
3825801,2016-03-02,11,La Liga,27,male,Sevilla,Eibar,elite,experiment2_topology_permutation,2,242,B-GNN-permuted-p3,1,1,0.5871915817260742,,3.0
266653,2016-03-03,11,La Liga,27,male,Rayo Vallecano,Barcelona,elite,experiment2_topology_permutation,2,242,B-GNN-permuted-p3,0,0,0.4982316792011261,,3.0
3825802,2016-03-03,11,La Liga,27,male,Espanyol,Real Betis,elite,experiment2_topology_permutation,2,242,B-GNN-permuted-p3,0,0,0.430742472410202,,3.0
3825803,2016-03-03,11,La Liga,27,male,Granada,Sporting Gijón,elite,experiment2_topology_permutation,2,242,B-GNN-permuted-p3,1,1,0.7503288388252258,,3.0
3825804,2016-03-05,11,La Liga,27,male,RC Deportivo La Coruña,Málaga,elite,experiment2_topology_permutation,2,242,B-GNN-permuted-p3,0,1,0.8786782622337341,,3.0
3825805,2016-03-05,11,La Liga,27,male,Villarreal,Las Palmas,elite,experiment2_topology_permutation,2,242,B-GNN-permuted-p3,0,0,0.3388584554195404,,3.0
3825806,2016-03-05,11,La Liga,27,male,Real Madrid,Celta Vigo,elite,experiment2_topology_permutation,2,242,B-GNN-permuted-p3,1,1,0.8309451937675476,,3.0
3825867,2016-03-05,11,La Liga,27,male,Getafe,Sevilla,elite,experiment2_topology_permutation,2,242,B-GNN-permuted-p3,0,1,0.5167601108551025,,3.0
266056,2016-03-06,11,La Liga,27,male,Eibar,Barcelona,elite,experiment2_topology_permutation,2,242,B-GNN-permuted-p3,0,0,0.4689212739467621,,3.0
3825807,2016-03-06,11,La Liga,27,male,Valencia,Atlético Madrid,elite,experiment2_topology_permutation,2,242,B-GNN-permuted-p3,0,0,0.38756147027015686,,3.0
3825808,2016-03-06,11,La Liga,27,male,Sporting Gijón,Athletic Club,elite,experiment2_topology_permutation,2,242,B-GNN-permuted-p3,0,0,0.3409670889377594,,3.0
3825809,2016-03-06,11,La Liga,27,male,Real Betis,Granada,elite,experiment2_topology_permutation,2,242,B-GNN-permuted-p3,1,0,0.3650461733341217,,3.0
3825810,2016-03-06,11,La Liga,27,male,Real Sociedad,Levante UD,elite,experiment2_topology_permutation,2,242,B-GNN-permuted-p3,0,1,0.5037241578102112,,3.0
3825811,2016-03-07,11,La Liga,27,male,Espanyol,Rayo Vallecano,elite,experiment2_topology_permutation,2,242,B-GNN-permuted-p3,1,1,0.5894134640693665,,3.0
3825812,2016-03-11,11,La Liga,27,male,Málaga,Sporting Gijón,elite,experiment2_topology_permutation,2,242,B-GNN-permuted-p3,1,0,0.44241294264793396,,3.0
266498,2016-03-12,11,La Liga,27,male,Barcelona,Getafe,elite,experiment2_topology_permutation,2,242,B-GNN-permuted-p3,1,1,0.932961642742157,,3.0
3825813,2016-03-12,11,La Liga,27,male,Atlético Madrid,RC Deportivo La Coruña,elite,experiment2_topology_permutation,2,242,B-GNN-permuted-p3,1,1,0.8034563064575195,,3.0
3825814,2016-03-12,11,La Liga,27,male,Celta Vigo,Real Sociedad,elite,experiment2_topology_permutation,2,242,B-GNN-permuted-p3,1,0,0.40602731704711914,,3.0
3825858,2016-03-12,11,La Liga,27,male,Rayo Vallecano,Eibar,elite,experiment2_topology_permutation,2,242,B-GNN-permuted-p3,0,1,0.502268373966217,,3.0
3825815,2016-03-13,11,La Liga,27,male,Levante UD,Valencia,elite,experiment2_topology_permutation,2,242,B-GNN-permuted-p3,1,0,0.49414581060409546,,3.0
3825816,2016-03-13,11,La Liga,27,male,Sevilla,Villarreal,elite,experiment2_topology_permutation,2,242,B-GNN-permuted-p3,1,1,0.9841516017913818,,3.0
3825844,2016-03-13,11,La Liga,27,male,Athletic Club,Real Betis,elite,experiment2_topology_permutation,2,242,B-GNN-permuted-p3,1,1,0.7680941820144653,,3.0
3825879,2016-03-13,11,La Liga,27,male,Las Palmas,Real Madrid,elite,experiment2_topology_permutation,2,242,B-GNN-permuted-p3,0,1,0.5490039587020874,,3.0
3825881,2016-03-14,11,La Liga,27,male,Granada,Espanyol,elite,experiment2_topology_permutation,2,242,B-GNN-permuted-p3,0,0,0.3688123822212219,,3.0
3825817,2016-03-18,11,La Liga,27,male,Getafe,Eibar,elite,experiment2_topology_permutation,2,242,B-GNN-permuted-p3,0,0,0.49165770411491394,,3.0
3825818,2016-03-19,11,La Liga,27,male,Real Sociedad,Las Palmas,elite,experiment2_topology_permutation,2,242,B-GNN-permuted-p3,0,0,0.3706851303577423,,3.0
3825880,2016-03-19,11,La Liga,27,male,RC Deportivo La Coruña,Levante UD,elite,experiment2_topology_permutation,2,242,B-GNN-permuted-p3,1,1,0.5868951082229614,,3.0
3825887,2016-03-19,11,La Liga,27,male,Granada,Rayo Vallecano,elite,experiment2_topology_permutation,2,242,B-GNN-permuted-p3,0,1,0.662457287311554,,3.0
3825903,2016-03-19,11,La Liga,27,male,Real Betis,Málaga,elite,experiment2_topology_permutation,2,242,B-GNN-permuted-p3,0,1,0.5452792048454285,,3.0
3825907,2016-03-19,11,La Liga,27,male,Sporting Gijón,Atlético Madrid,elite,experiment2_topology_permutation,2,242,B-GNN-permuted-p3,1,1,0.5254777073860168,,3.0
266106,2016-03-20,11,La Liga,27,male,Villarreal,Barcelona,elite,experiment2_topology_permutation,2,242,B-GNN-permuted-p3,0,1,0.6047502160072327,,3.0
3825819,2016-03-20,11,La Liga,27,male,Valencia,Celta Vigo,elite,experiment2_topology_permutation,2,242,B-GNN-permuted-p3,0,1,0.5218883752822876,,3.0
3825820,2016-03-20,11,La Liga,27,male,Real Madrid,Sevilla,elite,experiment2_topology_permutation,2,242,B-GNN-permuted-p3,1,1,0.9923503994941711,,3.0
3825821,2016-03-20,11,La Liga,27,male,Espanyol,Athletic Club,elite,experiment2_topology_permutation,2,242,B-GNN-permuted-p3,1,1,0.5402568578720093,,3.0
3825885,2016-04-01,11,La Liga,27,male,Rayo Vallecano,Getafe,elite,experiment2_topology_permutation,2,242,B-GNN-permuted-p3,1,1,0.9835565090179443,,3.0
267533,2016-04-02,11,La Liga,27,male,Barcelona,Real Madrid,elite,experiment2_topology_permutation,2,242,B-GNN-permuted-p3,0,0,0.4570501446723938,,3.0
3825822,2016-04-02,11,La Liga,27,male,Las Palmas,Valencia,elite,experiment2_topology_permutation,2,242,B-GNN-permuted-p3,1,1,0.5494216680526733,,3.0
3825872,2016-04-02,11,La Liga,27,male,Atlético Madrid,Real Betis,elite,experiment2_topology_permutation,2,242,B-GNN-permuted-p3,1,1,0.9852429628372192,,3.0
3825898,2016-04-02,11,La Liga,27,male,Celta Vigo,RC Deportivo La Coruña,elite,experiment2_topology_permutation,2,242,B-GNN-permuted-p3,0,0,0.48718488216400146,,3.0
3825823,2016-04-03,11,La Liga,27,male,Sevilla,Real Sociedad,elite,experiment2_topology_permutation,2,242,B-GNN-permuted-p3,0,1,0.7625099420547485,,3.0
3825824,2016-04-03,11,La Liga,27,male,Eibar,Villarreal,elite,experiment2_topology_permutation,2,242,B-GNN-permuted-p3,0,0,0.4722232520580292,,3.0
3825877,2016-04-03,11,La Liga,27,male,Athletic Club,Granada,elite,experiment2_topology_permutation,2,242,B-GNN-permuted-p3,0,1,0.8836619257926941,,3.0
3825905,2016-04-03,11,La Liga,27,male,Málaga,Espanyol,elite,experiment2_topology_permutation,2,242,B-GNN-permuted-p3,0,1,0.6939965486526489,,3.0
3825825,2016-04-04,11,La Liga,27,male,Levante UD,Sporting Gijón,elite,experiment2_topology_permutation,2,242,B-GNN-permuted-p3,0,1,0.5163592100143433,,3.0
3825826,2016-04-08,11,La Liga,27,male,Granada,Málaga,elite,experiment2_topology_permutation,2,242,B-GNN-permuted-p3,0,0,0.44786685705184937,,3.0
266664,2016-04-09,11,La Liga,27,male,Real Sociedad,Barcelona,elite,experiment2_topology_permutation,2,242,B-GNN-permuted-p3,1,0,0.47234204411506653,,3.0
3825827,2016-04-09,11,La Liga,27,male,Real Betis,Levante UD,elite,experiment2_topology_permutation,2,242,B-GNN-permuted-p3,1,0,0.4031774401664734,,3.0
3825828,2016-04-09,11,La Liga,27,male,Espanyol,Atlético Madrid,elite,experiment2_topology_permutation,2,242,B-GNN-permuted-p3,0,0,0.43032851815223694,,3.0
3825856,2016-04-09,11,La Liga,27,male,Real Madrid,Eibar,elite,experiment2_topology_permutation,2,242,B-GNN-permuted-p3,1,1,0.9258449673652649,,3.0
3825829,2016-04-10,11,La Liga,27,male,Athletic Club,Rayo Vallecano,elite,experiment2_topology_permutation,2,242,B-GNN-permuted-p3,1,0,0.4736506938934326,,3.0
3825830,2016-04-10,11,La Liga,27,male,Villarreal,Getafe,elite,experiment2_topology_permutation,2,242,B-GNN-permuted-p3,1,1,0.533003568649292,,3.0
3825831,2016-04-10,11,La Liga,27,male,Valencia,Sevilla,elite,experiment2_topology_permutation,2,242,B-GNN-permuted-p3,1,1,0.5334540605545044,,3.0
3825832,2016-04-10,11,La Liga,27,male,Sporting Gijón,Celta Vigo,elite,experiment2_topology_permutation,2,242,B-GNN-permuted-p3,0,0,0.4099326431751251,,3.0
3825863,2016-04-11,11,La Liga,27,male,RC Deportivo La Coruña,Las Palmas,elite,experiment2_topology_permutation,2,242,B-GNN-permuted-p3,0,1,0.5040969848632812,,3.0
3825857,2016-04-15,11,La Liga,27,male,Levante UD,Espanyol,elite,experiment2_topology_permutation,2,242,B-GNN-permuted-p3,1,0,0.45768991112709045,,3.0
3825833,2016-04-16,11,La Liga,27,male,Getafe,Real Madrid,elite,experiment2_topology_permutation,2,242,B-GNN-permuted-p3,0,1,0.5195563435554504,,3.0
3825852,2016-04-16,11,La Liga,27,male,Las Palmas,Sporting Gijón,elite,experiment2_topology_permutation,2,242,B-GNN-permuted-p3,0,0,0.44873303174972534,,3.0
3825889,2016-04-16,11,La Liga,27,male,Celta Vigo,Real Betis,elite,experiment2_topology_permutation,2,242,B-GNN-permuted-p3,0,0,0.49863532185554504,,3.0
3825897,2016-04-16,11,La Liga,27,male,Eibar,Real Sociedad,elite,experiment2_topology_permutation,2,242,B-GNN-permuted-p3,1,1,0.5366658568382263,,3.0
266557,2016-04-17,11,La Liga,27,male,Barcelona,Valencia,elite,experiment2_topology_permutation,2,242,B-GNN-permuted-p3,0,1,0.6340607404708862,,3.0
3825834,2016-04-17,11,La Liga,27,male,Atlético Madrid,Granada,elite,experiment2_topology_permutation,2,242,B-GNN-permuted-p3,1,1,0.5229282379150391,,3.0
3825835,2016-04-17,11,La Liga,27,male,Málaga,Athletic Club,elite,experiment2_topology_permutation,2,242,B-GNN-permuted-p3,0,1,0.5063738822937012,,3.0
3825836,2016-04-17,11,La Liga,27,male,Rayo Vallecano,Villarreal,elite,experiment2_topology_permutation,2,242,B-GNN-permuted-p3,1,1,0.6452653408050537,,3.0
3825906,2016-04-17,11,La Liga,27,male,Sevilla,RC Deportivo La Coruña,elite,experiment2_topology_permutation,2,242,B-GNN-permuted-p3,0,1,0.5703770518302917,,3.0
3825837,2016-04-19,11,La Liga,27,male,Real Betis,Las Palmas,elite,experiment2_topology_permutation,2,242,B-GNN-permuted-p3,1,1,0.5115038156509399,,3.0
3825862,2016-04-19,11,La Liga,27,male,Espanyol,Celta Vigo,elite,experiment2_topology_permutation,2,242,B-GNN-permuted-p3,0,0,0.4811469614505768,,3.0
266310,2016-04-20,11,La Liga,27,male,RC Deportivo La Coruña,Barcelona,elite,experiment2_topology_permutation,2,242,B-GNN-permuted-p3,0,1,0.6975216865539551,,3.0
3825838,2016-04-20,11,La Liga,27,male,Athletic Club,Atlético Madrid,elite,experiment2_topology_permutation,2,242,B-GNN-permuted-p3,0,0,0.3647747039794922,,3.0
3825839,2016-04-20,11,La Liga,27,male,Sporting Gijón,Sevilla,elite,experiment2_topology_permutation,2,242,B-GNN-permuted-p3,1,1,0.5126036405563354,,3.0
3825840,2016-04-20,11,La Liga,27,male,Valencia,Eibar,elite,experiment2_topology_permutation,2,242,B-GNN-permuted-p3,1,1,0.9554405212402344,,3.0
3825843,2016-04-20,11,La Liga,27,male,Málaga,Rayo Vallecano,elite,experiment2_topology_permutation,2,242,B-GNN-permuted-p3,0,1,0.5042101740837097,,3.0
3825893,2016-04-20,11,La Liga,27,male,Real Madrid,Villarreal,elite,experiment2_topology_permutation,2,242,B-GNN-permuted-p3,1,1,0.6590986251831055,,3.0
3825841,2016-04-21,11,La Liga,27,male,Real Sociedad,Getafe,elite,experiment2_topology_permutation,2,242,B-GNN-permuted-p3,0,0,0.48849454522132874,,3.0
3825896,2016-04-21,11,La Liga,27,male,Granada,Levante UD,elite,experiment2_topology_permutation,2,242,B-GNN-permuted-p3,1,1,0.9843569397926331,,3.0
3825871,2016-04-22,11,La Liga,27,male,Las Palmas,Espanyol,elite,experiment2_topology_permutation,2,242,B-GNN-permuted-p3,1,0,0.49614453315734863,,3.0
265944,2016-04-23,11,La Liga,27,male,Barcelona,Sporting Gijón,elite,experiment2_topology_permutation,2,242,B-GNN-permuted-p3,1,1,0.9956788420677185,,3.0
3825847,2016-04-23,11,La Liga,27,male,Eibar,RC Deportivo La Coruña,elite,experiment2_topology_permutation,2,242,B-GNN-permuted-p3,0,0,0.48537710309028625,,3.0
3825886,2016-04-23,11,La Liga,27,male,Rayo Vallecano,Real Madrid,elite,experiment2_topology_permutation,2,242,B-GNN-permuted-p3,0,1,0.5429691076278687,,3.0
3825890,2016-04-23,11,La Liga,27,male,Atlético Madrid,Málaga,elite,experiment2_topology_permutation,2,242,B-GNN-permuted-p3,1,0,0.4387813210487366,,3.0
3825842,2016-04-24,11,La Liga,27,male,Levante UD,Athletic Club,elite,experiment2_topology_permutation,2,242,B-GNN-permuted-p3,0,0,0.4680444300174713,,3.0
3825875,2016-04-24,11,La Liga,27,male,Villarreal,Real Sociedad,elite,experiment2_topology_permutation,2,242,B-GNN-permuted-p3,0,0,0.40735477209091187,,3.0
3825884,2016-04-24,11,La Liga,27,male,Sevilla,Real Betis,elite,experiment2_topology_permutation,2,242,B-GNN-permuted-p3,1,0,0.4912893772125244,,3.0
3825899,2016-04-24,11,La Liga,27,male,Getafe,Valencia,elite,experiment2_topology_permutation,2,242,B-GNN-permuted-p3,0,1,0.5117548108100891,,3.0
3825868,2016-04-25,11,La Liga,27,male,Celta Vigo,Granada,elite,experiment2_topology_permutation,2,242,B-GNN-permuted-p3,1,1,0.9601083993911743,,3.0
3825854,2016-04-29,11,La Liga,27,male,Sporting Gijón,Eibar,elite,experiment2_topology_permutation,2,242,B-GNN-permuted-p3,1,0,0.46831023693084717,,3.0
266986,2016-04-30,11,La Liga,27,male,Real Betis,Barcelona,elite,experiment2_topology_permutation,2,242,B-GNN-permuted-p3,0,0,0.38432443141937256,,3.0
3825859,2016-04-30,11,La Liga,27,male,Granada,Las Palmas,elite,experiment2_topology_permutation,2,242,B-GNN-permuted-p3,1,1,0.6376291513442993,,3.0
3825864,2016-04-30,11,La Liga,27,male,Real Sociedad,Real Madrid,elite,experiment2_topology_permutation,2,242,B-GNN-permuted-p3,0,0,0.4634179174900055,,3.0
3825878,2016-04-30,11,La Liga,27,male,Atlético Madrid,Rayo Vallecano,elite,experiment2_topology_permutation,2,242,B-GNN-permuted-p3,1,0,0.4589594006538391,,3.0
3825845,2016-05-01,11,La Liga,27,male,Espanyol,Sevilla,elite,experiment2_topology_permutation,2,242,B-GNN-permuted-p3,1,1,0.51920485496521,,3.0
3825870,2016-05-01,11,La Liga,27,male,Athletic Club,Celta Vigo,elite,experiment2_topology_permutation,2,242,B-GNN-permuted-p3,1,1,0.5388160943984985,,3.0
3825873,2016-05-01,11,La Liga,27,male,Valencia,Villarreal,elite,experiment2_topology_permutation,2,242,B-GNN-permuted-p3,0,0,0.43163228034973145,,3.0
3825894,2016-05-01,11,La Liga,27,male,RC Deportivo La Coruña,Getafe,elite,experiment2_topology_permutation,2,242,B-GNN-permuted-p3,0,0,0.45495814085006714,,3.0
3825855,2016-05-02,11,La Liga,27,male,Málaga,Levante UD,elite,experiment2_topology_permutation,2,242,B-GNN-permuted-p3,1,1,0.5930278897285461,,3.0
265958,2016-05-08,11,La Liga,27,male,Barcelona,Espanyol,elite,experiment2_topology_permutation,2,242,B-GNN-permuted-p3,1,1,0.7268187999725342,,3.0
3825850,2016-05-08,11,La Liga,27,male,Celta Vigo,Málaga,elite,experiment2_topology_permutation,2,242,B-GNN-permuted-p3,1,1,0.7509406208992004,,3.0
3825851,2016-05-08,11,La Liga,27,male,Villarreal,RC Deportivo La Coruña,elite,experiment2_topology_permutation,2,242,B-GNN-permuted-p3,0,1,0.5258751511573792,,3.0
3825853,2016-05-08,11,La Liga,27,male,Sevilla,Granada,elite,experiment2_topology_permutation,2,242,B-GNN-permuted-p3,0,0,0.46506789326667786,,3.0
3825860,2016-05-08,11,La Liga,27,male,Levante UD,Atlético Madrid,elite,experiment2_topology_permutation,2,242,B-GNN-permuted-p3,1,0,0.4601822793483734,,3.0
3825861,2016-05-08,11,La Liga,27,male,Real Sociedad,Rayo Vallecano,elite,experiment2_topology_permutation,2,242,B-GNN-permuted-p3,1,1,0.5799931287765503,,3.0
3825865,2016-05-08,11,La Liga,27,male,Getafe,Sporting Gijón,elite,experiment2_topology_permutation,2,242,B-GNN-permuted-p3,0,1,0.5118830800056458,,3.0
3825866,2016-05-08,11,La Liga,27,male,Las Palmas,Athletic Club,elite,experiment2_topology_permutation,2,242,B-GNN-permuted-p3,0,0,0.421784371137619,,3.0
3825901,2016-05-08,11,La Liga,27,male,Real Madrid,Valencia,elite,experiment2_topology_permutation,2,242,B-GNN-permuted-p3,1,1,0.9197424054145813,,3.0
3825904,2016-05-08,11,La Liga,27,male,Eibar,Real Betis,elite,experiment2_topology_permutation,2,242,B-GNN-permuted-p3,0,0,0.4790298342704773,,3.0
3825849,2016-05-13,11,La Liga,27,male,Valencia,Real Sociedad,elite,experiment2_topology_permutation,2,242,B-GNN-permuted-p3,0,0,0.45911112427711487,,3.0
267506,2016-05-14,11,La Liga,27,male,Granada,Barcelona,elite,experiment2_topology_permutation,2,242,B-GNN-permuted-p3,0,0,0.4532226622104645,,3.0
3825846,2016-05-14,11,La Liga,27,male,RC Deportivo La Coruña,Real Madrid,elite,experiment2_topology_permutation,2,242,B-GNN-permuted-p3,0,0,0.48621666431427,,3.0
3825869,2016-05-14,11,La Liga,27,male,Athletic Club,Sevilla,elite,experiment2_topology_permutation,2,242,B-GNN-permuted-p3,1,1,0.8778459429740906,,3.0
3825882,2016-05-14,11,La Liga,27,male,Atlético Madrid,Celta Vigo,elite,experiment2_topology_permutation,2,242,B-GNN-permuted-p3,1,0,0.4950485825538635,,3.0
3825876,2016-05-15,11,La Liga,27,male,Real Betis,Getafe,elite,experiment2_topology_permutation,2,242,B-GNN-permuted-p3,1,1,0.8112765550613403,,3.0
3825883,2016-05-15,11,La Liga,27,male,Málaga,Las Palmas,elite,experiment2_topology_permutation,2,242,B-GNN-permuted-p3,1,1,0.7190845012664795,,3.0
3825900,2016-05-15,11,La Liga,27,male,Sporting Gijón,Villarreal,elite,experiment2_topology_permutation,2,242,B-GNN-permuted-p3,1,1,0.5027506351470947,,3.0
3825902,2016-05-15,11,La Liga,27,male,Rayo Vallecano,Levante UD,elite,experiment2_topology_permutation,2,242,B-GNN-permuted-p3,1,1,0.7395837903022766,,3.0
3825908,2016-05-15,11,La Liga,27,male,Espanyol,Eibar,elite,experiment2_topology_permutation,2,242,B-GNN-permuted-p3,1,1,0.643558919429779,,3.0
267670,2016-08-20,11,La Liga,2,male,Barcelona,Real Betis,elite,experiment2_topology_permutation,2,242,B-GNN-permuted-p3,1,1,0.9641282558441162,,3.0
266892,2016-08-28,11,La Liga,2,male,Athletic Club,Barcelona,elite,experiment2_topology_permutation,2,242,B-GNN-permuted-p3,0,0,0.4205860197544098,,3.0
267220,2016-09-21,11,La Liga,2,male,Barcelona,Atlético Madrid,elite,experiment2_topology_permutation,2,242,B-GNN-permuted-p3,0,1,0.5299654603004456,,3.0
267492,2016-10-15,11,La Liga,2,male,Barcelona,RC Deportivo La Coruña,elite,experiment2_topology_permutation,2,242,B-GNN-permuted-p3,1,1,0.6451471447944641,,3.0
266033,2016-10-22,11,La Liga,2,male,Valencia,Barcelona,elite,experiment2_topology_permutation,2,242,B-GNN-permuted-p3,0,0,0.4980774521827698,,3.0
267058,2016-10-29,11,La Liga,2,male,Barcelona,Granada,elite,experiment2_topology_permutation,2,242,B-GNN-permuted-p3,1,0,0.4250754117965698,,3.0
266989,2016-11-06,11,La Liga,2,male,Sevilla,Barcelona,elite,experiment2_topology_permutation,2,242,B-GNN-permuted-p3,0,1,0.5338093042373657,,3.0
266191,2016-11-27,11,La Liga,2,male,Real Sociedad,Barcelona,elite,experiment2_topology_permutation,2,242,B-GNN-permuted-p3,0,1,0.6548463106155396,,3.0
267076,2016-12-03,11,La Liga,2,male,Barcelona,Real Madrid,elite,experiment2_topology_permutation,2,242,B-GNN-permuted-p3,0,1,0.5670347809791565,,3.0
266357,2016-12-10,11,La Liga,2,male,Osasuna,Barcelona,elite,experiment2_topology_permutation,3,342,B-GNN-permuted-p3,0,0,0.046384379267692566,,3.0
266528,2016-12-18,11,La Liga,2,male,Barcelona,Espanyol,elite,experiment2_topology_permutation,3,342,B-GNN-permuted-p3,1,1,0.9835519194602966,,3.0
266477,2017-01-08,11,La Liga,2,male,Villarreal,Barcelona,elite,experiment2_topology_permutation,3,342,B-GNN-permuted-p3,0,0,0.27976739406585693,,3.0
267395,2017-01-14,11,La Liga,2,male,Barcelona,Las Palmas,elite,experiment2_topology_permutation,3,342,B-GNN-permuted-p3,1,1,0.9964916110038757,,3.0
266731,2017-01-22,11,La Liga,2,male,Eibar,Barcelona,elite,experiment2_topology_permutation,3,342,B-GNN-permuted-p3,0,0,0.2457924634218216,,3.0
266516,2017-01-29,11,La Liga,2,male,Real Betis,Barcelona,elite,experiment2_topology_permutation,3,342,B-GNN-permuted-p3,0,1,0.7990912795066833,,3.0
266874,2017-02-04,11,La Liga,2,male,Barcelona,Athletic Club,elite,experiment2_topology_permutation,3,342,B-GNN-permuted-p3,1,0,0.38413259387016296,,3.0
267464,2017-02-26,11,La Liga,2,male,Atlético Madrid,Barcelona,elite,experiment2_topology_permutation,3,342,B-GNN-permuted-p3,0,0,0.20807524025440216,,3.0
265952,2017-03-01,11,La Liga,2,male,Barcelona,Sporting Gijón,elite,experiment2_topology_permutation,3,342,B-GNN-permuted-p3,1,1,0.9098535776138306,,3.0
266299,2017-03-04,11,La Liga,2,male,Barcelona,Celta Vigo,elite,experiment2_topology_permutation,3,342,B-GNN-permuted-p3,1,1,0.8637340068817139,,3.0
267660,2017-03-12,11,La Liga,2,male,RC Deportivo La Coruña,Barcelona,elite,experiment2_topology_permutation,3,342,B-GNN-permuted-p3,1,1,0.5553244352340698,,3.0
266440,2017-03-19,11,La Liga,2,male,Barcelona,Valencia,elite,experiment2_topology_permutation,3,342,B-GNN-permuted-p3,1,1,0.9669104814529419,,3.0
266280,2017-04-05,11,La Liga,2,male,Barcelona,Sevilla,elite,experiment2_topology_permutation,3,342,B-GNN-permuted-p3,1,1,0.7698225975036621,,3.0
267590,2017-04-08,11,La Liga,2,male,Málaga,Barcelona,elite,experiment2_topology_permutation,3,342,B-GNN-permuted-p3,1,0,0.1902424693107605,,3.0
267373,2017-04-15,11,La Liga,2,male,Barcelona,Real Sociedad,elite,experiment2_topology_permutation,3,342,B-GNN-permuted-p3,1,1,0.981837809085846,,3.0
267569,2017-04-23,11,La Liga,2,male,Real Madrid,Barcelona,elite,experiment2_topology_permutation,3,342,B-GNN-permuted-p3,0,1,0.7835517525672913,,3.0
267101,2017-04-26,11,La Liga,2,male,Barcelona,Osasuna,elite,experiment2_topology_permutation,3,342,B-GNN-permuted-p3,1,1,0.9640636444091797,,3.0
267077,2017-04-29,11,La Liga,2,male,Espanyol,Barcelona,elite,experiment2_topology_permutation,3,342,B-GNN-permuted-p3,0,0,0.2728065252304077,,3.0
266952,2017-05-06,11,La Liga,2,male,Barcelona,Villarreal,elite,experiment2_topology_permutation,3,342,B-GNN-permuted-p3,1,1,0.9925858378410339,,3.0
267039,2017-05-14,11,La Liga,2,male,Las Palmas,Barcelona,elite,experiment2_topology_permutation,3,342,B-GNN-permuted-p3,0,0,0.16762517392635345,,3.0
267432,2017-05-21,11,La Liga,2,male,Barcelona,Eibar,elite,experiment2_topology_permutation,3,342,B-GNN-permuted-p3,1,1,0.9995088577270508,,3.0
9575,2017-08-20,11,La Liga,1,male,Barcelona,Real Betis,elite,experiment2_topology_permutation,3,342,B-GNN-permuted-p3,1,1,0.8282937407493591,,3.0
9581,2017-08-26,11,La Liga,1,male,Deportivo Alavés,Barcelona,elite,experiment2_topology_permutation,3,342,B-GNN-permuted-p3,0,0,0.1164027601480484,,3.0
9592,2017-09-09,11,La Liga,1,male,Barcelona,Espanyol,elite,experiment2_topology_permutation,3,342,B-GNN-permuted-p3,1,1,0.9984287619590759,,3.0
9602,2017-09-16,11,La Liga,1,male,Getafe,Barcelona,elite,experiment2_topology_permutation,3,342,B-GNN-permuted-p3,0,0,0.15785852074623108,,3.0
9609,2017-09-19,11,La Liga,1,male,Barcelona,Eibar,elite,experiment2_topology_permutation,3,342,B-GNN-permuted-p3,1,1,0.9347226023674011,,3.0
9636,2017-10-01,11,La Liga,1,male,Barcelona,Las Palmas,elite,experiment2_topology_permutation,3,342,B-GNN-permuted-p3,1,1,0.9998190999031067,,3.0
9642,2017-10-14,11,La Liga,1,male,Atlético Madrid,Barcelona,elite,experiment2_topology_permutation,3,342,B-GNN-permuted-p3,0,0,0.4638221859931946,,3.0
9650,2017-10-21,11,La Liga,1,male,Barcelona,Málaga,elite,experiment2_topology_permutation,3,342,B-GNN-permuted-p3,1,1,0.9754858613014221,,3.0
9661,2017-10-28,11,La Liga,1,male,Athletic Club,Barcelona,elite,experiment2_topology_permutation,3,342,B-GNN-permuted-p3,0,0,0.4272046387195587,,3.0
9673,2017-11-04,11,La Liga,1,male,Barcelona,Sevilla,elite,experiment2_topology_permutation,3,342,B-GNN-permuted-p3,1,1,0.8395560383796692,,3.0
9695,2017-11-26,11,La Liga,1,male,Valencia,Barcelona,elite,experiment2_topology_permutation,3,342,B-GNN-permuted-p3,0,0,0.43715158104896545,,3.0
9700,2017-12-02,11,La Liga,1,male,Barcelona,Celta Vigo,elite,experiment2_topology_permutation,3,342,B-GNN-permuted-p3,0,1,0.9994339346885681,,3.0
9717,2017-12-10,11,La Liga,1,male,Villarreal,Barcelona,elite,experiment2_topology_permutation,3,342,B-GNN-permuted-p3,0,1,0.5258020162582397,,3.0
9726,2017-12-17,11,La Liga,1,male,Barcelona,RC Deportivo La Coruña,elite,experiment2_topology_permutation,3,342,B-GNN-permuted-p3,1,1,0.9999889135360718,,3.0
9736,2017-12-23,11,La Liga,1,male,Real Madrid,Barcelona,elite,experiment2_topology_permutation,3,342,B-GNN-permuted-p3,0,1,0.5031623244285583,,3.0
9742,2018-01-07,11,La Liga,1,male,Barcelona,Levante UD,elite,experiment2_topology_permutation,3,342,B-GNN-permuted-p3,1,1,0.9944379329681396,,3.0
9754,2018-01-14,11,La Liga,1,male,Real Sociedad,Barcelona,elite,experiment2_topology_permutation,3,342,B-GNN-permuted-p3,0,1,0.5892901420593262,,3.0
9765,2018-01-21,11,La Liga,1,male,Real Betis,Barcelona,elite,experiment2_topology_permutation,3,342,B-GNN-permuted-p3,0,1,0.5506462454795837,,3.0
9774,2018-01-28,11,La Liga,1,male,Barcelona,Deportivo Alavés,elite,experiment2_topology_permutation,3,342,B-GNN-permuted-p3,1,1,0.9857869148254395,,3.0
9783,2018-02-04,11,La Liga,1,male,Espanyol,Barcelona,elite,experiment2_topology_permutation,3,342,B-GNN-permuted-p3,0,0,0.1995217204093933,,3.0
9794,2018-02-11,11,La Liga,1,male,Barcelona,Getafe,elite,experiment2_topology_permutation,3,342,B-GNN-permuted-p3,0,1,0.9080929160118103,,3.0
9799,2018-02-17,11,La Liga,1,male,Eibar,Barcelona,elite,experiment2_topology_permutation,3,342,B-GNN-permuted-p3,0,0,0.3226620852947235,,3.0
9827,2018-03-01,11,La Liga,1,male,Las Palmas,Barcelona,elite,experiment2_topology_permutation,3,342,B-GNN-permuted-p3,0,0,0.2771056592464447,,3.0
9837,2018-03-04,11,La Liga,1,male,Barcelona,Atlético Madrid,elite,experiment2_topology_permutation,3,342,B-GNN-permuted-p3,1,1,0.5517245531082153,,3.0
9855,2018-03-18,11,La Liga,1,male,Barcelona,Athletic Club,elite,experiment2_topology_permutation,3,342,B-GNN-permuted-p3,1,1,0.8688319325447083,,3.0
9860,2018-03-31,11,La Liga,1,male,Sevilla,Barcelona,elite,experiment2_topology_permutation,3,342,B-GNN-permuted-p3,0,1,0.8857102394104004,,3.0
9870,2018-04-07,11,La Liga,1,male,Barcelona,Leganés,elite,experiment2_topology_permutation,3,342,B-GNN-permuted-p3,1,1,0.9951229691505432,,3.0
9880,2018-04-14,11,La Liga,1,male,Barcelona,Valencia,elite,experiment2_topology_permutation,3,342,B-GNN-permuted-p3,1,1,0.9423861503601074,,3.0
9889,2018-04-17,11,La Liga,1,male,Celta Vigo,Barcelona,elite,experiment2_topology_permutation,3,342,B-GNN-permuted-p3,0,1,0.8823184967041016,,3.0
9912,2018-04-29,11,La Liga,1,male,RC Deportivo La Coruña,Barcelona,elite,experiment2_topology_permutation,4,442,B-GNN-permuted-p3,0,1,0.5770124793052673,,3.0
9924,2018-05-06,11,La Liga,1,male,Barcelona,Real Madrid,elite,experiment2_topology_permutation,4,442,B-GNN-permuted-p3,0,1,0.6438447833061218,,3.0
9928,2018-05-09,11,La Liga,1,male,Barcelona,Villarreal,elite,experiment2_topology_permutation,4,442,B-GNN-permuted-p3,1,1,0.9411051869392395,,3.0
9948,2018-05-20,11,La Liga,1,male,Barcelona,Real Sociedad,elite,experiment2_topology_permutation,4,442,B-GNN-permuted-p3,1,1,0.513959527015686,,3.0
15946,2018-08-18,11,La Liga,4,male,Barcelona,Deportivo Alavés,elite,experiment2_topology_permutation,4,442,B-GNN-permuted-p3,1,1,0.8725312352180481,,3.0
15956,2018-08-25,11,La Liga,4,male,Real Valladolid,Barcelona,elite,experiment2_topology_permutation,4,442,B-GNN-permuted-p3,0,0,0.20925813913345337,,3.0
15978,2018-09-15,11,La Liga,4,male,Real Sociedad,Barcelona,elite,experiment2_topology_permutation,4,442,B-GNN-permuted-p3,0,0,0.34674233198165894,,3.0
15998,2018-09-26,11,La Liga,4,male,Leganés,Barcelona,elite,experiment2_topology_permutation,4,442,B-GNN-permuted-p3,1,0,0.3314153552055359,,3.0
16010,2018-09-29,11,La Liga,4,male,Barcelona,Athletic Club,elite,experiment2_topology_permutation,4,442,B-GNN-permuted-p3,0,1,0.8646748661994934,,3.0
16023,2018-10-07,11,La Liga,4,male,Valencia,Barcelona,elite,experiment2_topology_permutation,4,442,B-GNN-permuted-p3,0,0,0.33713674545288086,,3.0
16029,2018-10-20,11,La Liga,4,male,Barcelona,Sevilla,elite,experiment2_topology_permutation,4,442,B-GNN-permuted-p3,1,1,0.8422015905380249,,3.0
16056,2018-11-11,11,La Liga,4,male,Barcelona,Real Betis,elite,experiment2_topology_permutation,4,442,B-GNN-permuted-p3,0,1,0.9783079028129578,,3.0
16073,2018-11-24,11,La Liga,4,male,Atlético Madrid,Barcelona,elite,experiment2_topology_permutation,4,442,B-GNN-permuted-p3,0,0,0.2830060124397278,,3.0
16079,2018-12-02,11,La Liga,4,male,Barcelona,Villarreal,elite,experiment2_topology_permutation,4,442,B-GNN-permuted-p3,1,1,0.6962714791297913,,3.0
16086,2018-12-08,11,La Liga,4,male,Espanyol,Barcelona,elite,experiment2_topology_permutation,4,442,B-GNN-permuted-p3,0,0,0.4489595890045166,,3.0
16095,2018-12-16,11,La Liga,4,male,Levante UD,Barcelona,elite,experiment2_topology_permutation,4,442,B-GNN-permuted-p3,0,0,0.32731711864471436,,3.0
16109,2018-12-22,11,La Liga,4,male,Barcelona,Celta Vigo,elite,experiment2_topology_permutation,4,442,B-GNN-permuted-p3,1,1,0.6233149766921997,,3.0
16120,2019-01-06,11,La Liga,4,male,Getafe,Barcelona,elite,experiment2_topology_permutation,4,442,B-GNN-permuted-p3,0,0,0.3691076338291168,,3.0
16131,2019-01-13,11,La Liga,4,male,Barcelona,Eibar,elite,experiment2_topology_permutation,4,442,B-GNN-permuted-p3,1,1,0.6814346313476562,,3.0
16136,2019-01-20,11,La Liga,4,male,Barcelona,Leganés,elite,experiment2_topology_permutation,4,442,B-GNN-permuted-p3,1,1,0.8993065357208252,,3.0
16149,2019-01-27,11,La Liga,4,male,Girona,Barcelona,elite,experiment2_topology_permutation,4,442,B-GNN-permuted-p3,0,0,0.30858004093170166,,3.0
16157,2019-02-02,11,La Liga,4,male,Barcelona,Valencia,elite,experiment2_topology_permutation,4,442,B-GNN-permuted-p3,0,1,0.9207471013069153,,3.0
16173,2019-02-10,11,La Liga,4,male,Athletic Club,Barcelona,elite,experiment2_topology_permutation,4,442,B-GNN-permuted-p3,0,0,0.34566062688827515,,3.0
16182,2019-02-16,11,La Liga,4,male,Barcelona,Real Valladolid,elite,experiment2_topology_permutation,4,442,B-GNN-permuted-p3,1,1,0.9968528151512146,,3.0
16190,2019-02-23,11,La Liga,4,male,Sevilla,Barcelona,elite,experiment2_topology_permutation,4,442,B-GNN-permuted-p3,0,0,0.32048743963241577,,3.0
16196,2019-03-02,11,La Liga,4,male,Real Madrid,Barcelona,elite,experiment2_topology_permutation,4,442,B-GNN-permuted-p3,0,0,0.34547582268714905,,3.0
16205,2019-03-09,11,La Liga,4,male,Barcelona,Rayo Vallecano,elite,experiment2_topology_permutation,4,442,B-GNN-permuted-p3,1,1,0.923862636089325,,3.0
16215,2019-03-17,11,La Liga,4,male,Real Betis,Barcelona,elite,experiment2_topology_permutation,4,442,B-GNN-permuted-p3,0,1,0.5850116014480591,,3.0
16231,2019-03-30,11,La Liga,4,male,Barcelona,Espanyol,elite,experiment2_topology_permutation,4,442,B-GNN-permuted-p3,1,1,0.6972693204879761,,3.0
16240,2019-04-02,11,La Liga,4,male,Villarreal,Barcelona,elite,experiment2_topology_permutation,4,442,B-GNN-permuted-p3,0,1,0.5895228981971741,,3.0
16248,2019-04-06,11,La Liga,4,male,Barcelona,Atlético Madrid,elite,experiment2_topology_permutation,4,442,B-GNN-permuted-p3,1,1,0.7590110301971436,,3.0
16265,2019-04-20,11,La Liga,4,male,Barcelona,Real Sociedad,elite,experiment2_topology_permutation,4,442,B-GNN-permuted-p3,1,1,0.5372738838195801,,3.0
16275,2019-04-23,11,La Liga,4,male,Deportivo Alavés,Barcelona,elite,experiment2_topology_permutation,4,442,B-GNN-permuted-p3,0,0,0.21778862178325653,,3.0
16289,2019-04-27,11,La Liga,4,male,Barcelona,Levante UD,elite,experiment2_topology_permutation,4,442,B-GNN-permuted-p3,1,1,0.705095112323761,,3.0
16306,2019-05-12,11,La Liga,4,male,Barcelona,Getafe,elite,experiment2_topology_permutation,4,442,B-GNN-permuted-p3,1,1,0.9004732370376587,,3.0
16317,2019-05-19,11,La Liga,4,male,Eibar,Barcelona,elite,experiment2_topology_permutation,4,442,B-GNN-permuted-p3,0,0,0.41446051001548767,,3.0
303666,2019-09-21,11,La Liga,42,male,Granada,Barcelona,elite,experiment2_topology_permutation,4,442,B-GNN-permuted-p3,1,0,0.20371794700622559,,3.0
303430,2019-09-24,11,La Liga,42,male,Barcelona,Villarreal,elite,experiment2_topology_permutation,4,442,B-GNN-permuted-p3,1,1,0.5756770968437195,,3.0
303473,2019-10-06,11,La Liga,42,male,Barcelona,Sevilla,elite,experiment2_topology_permutation,4,442,B-GNN-permuted-p3,1,1,0.6809245944023132,,3.0
303700,2019-10-19,11,La Liga,42,male,Eibar,Barcelona,elite,experiment2_topology_permutation,4,442,B-GNN-permuted-p3,0,0,0.2787286937236786,,3.0
303600,2019-10-29,11,La Liga,42,male,Barcelona,Real Valladolid,elite,experiment2_topology_permutation,4,442,B-GNN-permuted-p3,1,1,0.824377179145813,,3.0
303504,2019-11-02,11,La Liga,42,male,Levante UD,Barcelona,elite,experiment2_topology_permutation,4,442,B-GNN-permuted-p3,1,0,0.38285019993782043,,3.0
303487,2019-11-09,11,La Liga,42,male,Barcelona,Celta Vigo,elite,experiment2_topology_permutation,4,442,B-GNN-permuted-p3,1,1,0.9013843536376953,,3.0
303715,2019-11-23,11,La Liga,42,male,Leganés,Barcelona,elite,experiment2_topology_permutation,4,442,B-GNN-permuted-p3,0,0,0.16880275309085846,,3.0
303524,2019-12-01,11,La Liga,42,male,Atlético Madrid,Barcelona,elite,experiment2_topology_permutation,4,442,B-GNN-permuted-p3,0,0,0.3616175949573517,,3.0
303451,2019-12-07,11,La Liga,42,male,Barcelona,Mallorca,elite,experiment2_topology_permutation,4,442,B-GNN-permuted-p3,1,1,0.9536457061767578,,3.0
303664,2019-12-14,11,La Liga,42,male,Real Sociedad,Barcelona,elite,experiment2_topology_permutation,4,442,B-GNN-permuted-p3,0,1,0.705986738204956,,3.0
303596,2019-12-18,11,La Liga,42,male,Barcelona,Real Madrid,elite,experiment2_topology_permutation,4,442,B-GNN-permuted-p3,0,1,0.5070272088050842,,3.0
303517,2019-12-21,11,La Liga,42,male,Barcelona,Deportivo Alavés,elite,experiment2_topology_permutation,4,442,B-GNN-permuted-p3,1,1,0.921084463596344,,3.0
303652,2020-01-04,11,La Liga,42,male,Espanyol,Barcelona,elite,experiment2_topology_permutation,4,442,B-GNN-permuted-p3,0,0,0.17822574079036713,,3.0
303610,2020-01-19,11,La Liga,42,male,Barcelona,Granada,elite,experiment2_topology_permutation,5,542,B-GNN-permuted-p3,1,1,0.8895066380500793,,3.0
303400,2020-01-25,11,La Liga,42,male,Valencia,Barcelona,elite,experiment2_topology_permutation,5,542,B-GNN-permuted-p3,1,0,0.3355972170829773,,3.0
303682,2020-02-02,11,La Liga,42,male,Barcelona,Levante UD,elite,experiment2_topology_permutation,5,542,B-GNN-permuted-p3,1,1,0.908381998538971,,3.0
303707,2020-02-09,11,La Liga,42,male,Real Betis,Barcelona,elite,experiment2_topology_permutation,5,542,B-GNN-permuted-p3,0,1,0.6332878470420837,,3.0
303377,2020-02-15,11,La Liga,42,male,Barcelona,Getafe,elite,experiment2_topology_permutation,5,542,B-GNN-permuted-p3,1,1,0.534102737903595,,3.0
303731,2020-02-22,11,La Liga,42,male,Barcelona,Eibar,elite,experiment2_topology_permutation,5,542,B-GNN-permuted-p3,1,1,0.9883036613464355,,3.0
303470,2020-03-01,11,La Liga,42,male,Real Madrid,Barcelona,elite,experiment2_topology_permutation,5,542,B-GNN-permuted-p3,1,1,0.5578624606132507,,3.0
303479,2020-03-07,11,La Liga,42,male,Barcelona,Real Sociedad,elite,experiment2_topology_permutation,5,542,B-GNN-permuted-p3,1,1,0.8626517057418823,,3.0
303548,2020-06-13,11,La Liga,42,male,Mallorca,Barcelona,elite,experiment2_topology_permutation,5,542,B-GNN-permuted-p3,0,0,0.38646161556243896,,3.0
303532,2020-06-16,11,La Liga,42,male,Barcelona,Leganés,elite,experiment2_topology_permutation,5,542,B-GNN-permuted-p3,1,1,0.9426453709602356,,3.0
303674,2020-06-19,11,La Liga,42,male,Sevilla,Barcelona,elite,experiment2_topology_permutation,5,542,B-GNN-permuted-p3,0,0,0.21898679435253143,,3.0
303493,2020-06-23,11,La Liga,42,male,Barcelona,Athletic Club,elite,experiment2_topology_permutation,5,542,B-GNN-permuted-p3,1,1,0.6510760188102722,,3.0
303516,2020-06-27,11,La Liga,42,male,Celta Vigo,Barcelona,elite,experiment2_topology_permutation,5,542,B-GNN-permuted-p3,0,0,0.29203101992607117,,3.0
303696,2020-06-30,11,La Liga,42,male,Barcelona,Atlético Madrid,elite,experiment2_topology_permutation,5,542,B-GNN-permuted-p3,0,1,0.8696138262748718,,3.0
303725,2020-07-05,11,La Liga,42,male,Villarreal,Barcelona,elite,experiment2_topology_permutation,5,542,B-GNN-permuted-p3,0,0,0.2354440540075302,,3.0
303615,2020-07-08,11,La Liga,42,male,Barcelona,Espanyol,elite,experiment2_topology_permutation,5,542,B-GNN-permuted-p3,1,1,0.8555999398231506,,3.0
303680,2020-07-11,11,La Liga,42,male,Real Valladolid,Barcelona,elite,experiment2_topology_permutation,5,542,B-GNN-permuted-p3,0,0,0.26992207765579224,,3.0
303634,2020-07-16,11,La Liga,42,male,Barcelona,Osasuna,elite,experiment2_topology_permutation,5,542,B-GNN-permuted-p3,0,1,0.7095065712928772,,3.0
303421,2020-07-19,11,La Liga,42,male,Deportivo Alavés,Barcelona,elite,experiment2_topology_permutation,5,542,B-GNN-permuted-p3,0,0,0.21948009729385376,,3.0
3773593,2020-09-27,11,La Liga,90,male,Barcelona,Villarreal,elite,experiment2_topology_permutation,5,542,B-GNN-permuted-p3,1,1,0.979496955871582,,3.0
3773466,2020-10-01,11,La Liga,90,male,Celta Vigo,Barcelona,elite,experiment2_topology_permutation,5,542,B-GNN-permuted-p3,0,0,0.17329098284244537,,3.0
3773672,2020-10-04,11,La Liga,90,male,Barcelona,Sevilla,elite,experiment2_topology_permutation,5,542,B-GNN-permuted-p3,0,1,0.5892128348350525,,3.0
3773587,2020-10-17,11,La Liga,90,male,Getafe,Barcelona,elite,experiment2_topology_permutation,5,542,B-GNN-permuted-p3,1,1,0.6006112098693848,,3.0
3773585,2020-10-24,11,La Liga,90,male,Barcelona,Real Madrid,elite,experiment2_topology_permutation,5,542,B-GNN-permuted-p3,0,1,0.780547559261322,,3.0
3773386,2020-10-31,11,La Liga,90,male,Deportivo Alavés,Barcelona,elite,experiment2_topology_permutation,5,542,B-GNN-permuted-p3,0,0,0.2852233648300171,,3.0
3773477,2020-11-07,11,La Liga,90,male,Barcelona,Real Betis,elite,experiment2_topology_permutation,5,542,B-GNN-permuted-p3,1,1,0.9901756644248962,,3.0
3773656,2020-11-21,11,La Liga,90,male,Atlético Madrid,Barcelona,elite,experiment2_topology_permutation,5,542,B-GNN-permuted-p3,1,0,0.4365955889225006,,3.0
3773547,2020-11-29,11,La Liga,90,male,Barcelona,Osasuna,elite,experiment2_topology_permutation,5,542,B-GNN-permuted-p3,1,1,0.99516761302948,,3.0
3773660,2020-12-13,11,La Liga,90,male,Barcelona,Levante UD,elite,experiment2_topology_permutation,5,542,B-GNN-permuted-p3,1,1,0.7813769578933716,,3.0
3773523,2020-12-16,11,La Liga,90,male,Barcelona,Real Sociedad,elite,experiment2_topology_permutation,5,542,B-GNN-permuted-p3,1,1,0.9550882577896118,,3.0
3773377,2020-12-19,11,La Liga,90,male,Barcelona,Valencia,elite,experiment2_topology_permutation,5,542,B-GNN-permuted-p3,0,1,0.9787930846214294,,3.0
3773571,2020-12-22,11,La Liga,90,male,Real Valladolid,Barcelona,elite,experiment2_topology_permutation,5,542,B-GNN-permuted-p3,0,0,0.2214827984571457,,3.0
3764661,2021-01-06,11,La Liga,90,male,Athletic Club,Barcelona,elite,experiment2_topology_permutation,5,542,B-GNN-permuted-p3,0,0,0.3357555568218231,,3.0
3773565,2021-01-09,11,La Liga,90,male,Granada,Barcelona,elite,experiment2_topology_permutation,5,542,B-GNN-permuted-p3,0,0,0.2811836004257202,,3.0
3773403,2021-01-31,11,La Liga,90,male,Barcelona,Athletic Club,elite,experiment2_topology_permutation,5,542,B-GNN-permuted-p3,1,1,0.8231490850448608,,3.0
3773631,2021-02-07,11,La Liga,90,male,Real Betis,Barcelona,elite,experiment2_topology_permutation,5,542,B-GNN-permuted-p3,0,0,0.40090614557266235,,3.0
3773526,2021-02-13,11,La Liga,90,male,Barcelona,Deportivo Alavés,elite,experiment2_topology_permutation,5,542,B-GNN-permuted-p3,1,1,0.9471820592880249,,3.0
3764440,2021-02-24,11,La Liga,90,male,Barcelona,Elche,elite,experiment2_topology_permutation,5,542,B-GNN-permuted-p3,1,1,0.8957379460334778,,3.0
3773625,2021-02-27,11,La Liga,90,male,Sevilla,Barcelona,elite,experiment2_topology_permutation,5,542,B-GNN-permuted-p3,0,0,0.278581827878952,,3.0
3773665,2021-03-06,11,La Liga,90,male,Osasuna,Barcelona,elite,experiment2_topology_permutation,5,542,B-GNN-permuted-p3,0,0,0.40419477224349976,,3.0
3773597,2021-03-21,11,La Liga,90,male,Real Sociedad,Barcelona,elite,experiment2_topology_permutation,5,542,B-GNN-permuted-p3,0,0,0.3303719460964203,,3.0
3773474,2021-04-05,11,La Liga,90,male,Barcelona,Real Valladolid,elite,experiment2_topology_permutation,5,542,B-GNN-permuted-p3,1,1,0.618899941444397,,3.0
3773497,2021-04-10,11,La Liga,90,male,Real Madrid,Barcelona,elite,experiment2_topology_permutation,5,542,B-GNN-permuted-p3,1,0,0.23113477230072021,,3.0
3773661,2021-04-22,11,La Liga,90,male,Barcelona,Getafe,elite,experiment2_topology_permutation,5,542,B-GNN-permuted-p3,1,1,0.8745297193527222,,3.0
3773689,2021-04-25,11,La Liga,90,male,Villarreal,Barcelona,elite,experiment2_topology_permutation,5,542,B-GNN-permuted-p3,0,1,0.6989187002182007,,3.0
3773586,2021-04-29,11,La Liga,90,male,Barcelona,Granada,elite,experiment2_topology_permutation,5,542,B-GNN-permuted-p3,0,1,0.8289684653282166,,3.0
3773695,2021-05-02,11,La Liga,90,male,Valencia,Barcelona,elite,experiment2_topology_permutation,5,542,B-GNN-permuted-p3,0,0,0.4470485746860504,,3.0
3773372,2021-05-08,11,La Liga,90,male,Barcelona,Atlético Madrid,elite,experiment2_topology_permutation,5,542,B-GNN-permuted-p3,0,0,0.4964064657688141,,3.0
3773387,2021-05-11,11,La Liga,90,male,Levante UD,Barcelona,elite,experiment2_topology_permutation,5,542,B-GNN-permuted-p3,0,0,0.2772035002708435,,3.0
3773457,2021-05-16,11,La Liga,90,male,Barcelona,Celta Vigo,elite,experiment2_topology_permutation,5,542,B-GNN-permuted-p3,0,1,0.7902276515960693,,3.0
