match_id,permutation_seed,edge_count,requested_successful_swaps,successful_swaps,attempts,changed_edges,changed_fraction,original_self_loops,permuted_self_loops,source_vector_preserved,destination_multiset_preserved,node_features_preserved,edge_attributes_preserved,roles_preserved,label_preserved
68335,1,454,4540,4540,6502,400,0.8810572687224669,0,0,True,True,True,True,True,True
69179,1,322,3220,3220,4551,278,0.8633540372670807,0,0,True,True,True,True,True,True
69180,1,158,1580,1580,2308,141,0.8924050632911392,0,0,True,True,True,True,True,True
69169,1,586,5860,5860,8436,519,0.8856655290102389,0,0,True,True,True,True,True,True
69148,1,432,4320,4320,6138,377,0.8726851851851852,0,0,True,True,True,True,True,True
69178,1,209,2090,2090,2792,187,0.8947368421052632,0,0,True,True,True,True,True,True
68356,1,238,2380,2380,3271,217,0.9117647058823529,0,0,True,True,True,True,True,True
69173,1,456,4560,4560,6355,409,0.8969298245614035,0,0,True,True,True,True,True,True
69181,1,270,2700,2700,3817,242,0.8962962962962963,0,0,True,True,True,True,True,True
69187,1,421,4210,4210,6036,372,0.8836104513064132,0,0,True,True,True,True,True,True
69146,1,274,2740,2740,3856,240,0.8759124087591241,0,0,True,True,True,True,True,True
69182,1,269,2690,2690,3734,245,0.9107806691449815,0,0,True,True,True,True,True,True
68360,1,663,6630,6630,9253,594,0.8959276018099548,0,0,True,True,True,True,True,True
68365,1,198,1980,1980,2809,173,0.8737373737373737,0,0,True,True,True,True,True,True
68359,1,477,4770,4770,6671,423,0.8867924528301887,0,0,True,True,True,True,True,True
69141,1,538,5380,5380,7792,458,0.8513011152416357,0,0,True,True,True,True,True,True
68361,1,375,3750,3750,5566,328,0.8746666666666667,0,0,True,True,True,True,True,True
69215,1,566,5660,5660,8170,493,0.8710247349823321,0,0,True,True,True,True,True,True
69207,1,456,4560,4560,6344,401,0.8793859649122807,0,0,True,True,True,True,True,True
69211,1,149,1490,1490,2132,128,0.8590604026845637,0,0,True,True,True,True,True,True
69212,1,466,4660,4660,6737,403,0.8648068669527897,0,0,True,True,True,True,True,True
69285,1,158,1580,1580,2213,142,0.8987341772151899,0,0,True,True,True,True,True,True
69171,1,211,2110,2110,2966,189,0.8957345971563981,0,0,True,True,True,True,True,True
69149,1,444,4440,4440,6475,387,0.8716216216216216,0,0,True,True,True,True,True,True
69225,1,456,4560,4560,6477,398,0.8728070175438597,0,0,True,True,True,True,True,True
69228,1,281,2810,2810,3977,255,0.9074733096085409,0,0,True,True,True,True,True,True
69230,1,198,1980,1980,2819,171,0.8636363636363636,0,0,True,True,True,True,True,True
69183,1,438,4380,4380,6124,383,0.8744292237442922,0,0,True,True,True,True,True,True
69209,1,185,1850,1850,2512,169,0.9135135135135135,0,0,True,True,True,True,True,True
69195,1,129,1290,1290,1818,113,0.875968992248062,0,0,True,True,True,True,True,True
69139,1,350,3500,3500,5258,296,0.8457142857142858,0,0,True,True,True,True,True,True
69185,1,279,2790,2790,3956,245,0.8781362007168458,0,0,True,True,True,True,True,True
69216,1,510,5100,5100,7283,439,0.8607843137254902,0,0,True,True,True,True,True,True
69142,1,523,5230,5230,7338,465,0.8891013384321224,0,0,True,True,True,True,True,True
69222,1,438,4380,4380,6076,397,0.906392694063927,0,0,True,True,True,True,True,True
69223,1,203,2030,2030,2863,177,0.8719211822660099,0,0,True,True,True,True,True,True
69251,1,171,1710,1710,2458,152,0.8888888888888888,0,0,True,True,True,True,True,True
69249,1,272,2720,2720,3778,246,0.9044117647058824,0,0,True,True,True,True,True,True
69217,1,476,4760,4760,6810,424,0.8907563025210085,0,0,True,True,True,True,True,True
69229,1,278,2780,2780,4040,239,0.8597122302158273,0,0,True,True,True,True,True,True
69292,1,452,4520,4520,6284,404,0.8938053097345132,0,0,True,True,True,True,True,True
69254,1,166,1660,1660,2241,146,0.8795180722891566,0,0,True,True,True,True,True,True
69255,1,136,1360,1360,1952,123,0.9044117647058824,0,0,True,True,True,True,True,True
69256,1,569,5690,5690,8132,507,0.8910369068541301,0,0,True,True,True,True,True,True
69252,1,292,2920,2920,4055,262,0.8972602739726028,0,0,True,True,True,True,True,True
69253,1,777,7770,7770,11517,677,0.8712998712998713,0,0,True,True,True,True,True,True
69277,1,169,1690,1690,2486,142,0.8402366863905325,0,0,True,True,True,True,True,True
69250,1,423,4230,4230,6054,370,0.8747044917257684,0,0,True,True,True,True,True,True
69288,1,197,1970,1970,2693,167,0.8477157360406091,0,0,True,True,True,True,True,True
69262,1,473,4730,4730,6966,422,0.8921775898520085,0,0,True,True,True,True,True,True
69218,1,188,1880,1880,2667,172,0.9148936170212766,0,0,True,True,True,True,True,True
69243,1,533,5330,5330,7800,464,0.8705440900562852,0,0,True,True,True,True,True,True
69210,1,222,2220,2220,3159,198,0.8918918918918919,0,0,True,True,True,True,True,True
69240,1,384,3840,3840,5601,319,0.8307291666666666,0,0,True,True,True,True,True,True
69237,1,249,2490,2490,3634,220,0.8835341365461847,0,0,True,True,True,True,True,True
69233,1,545,5450,5450,7692,490,0.8990825688073395,0,0,True,True,True,True,True,True
69238,1,634,6340,6340,9146,552,0.8706624605678234,0,0,True,True,True,True,True,True
69226,1,192,1920,1920,2615,176,0.9166666666666666,0,0,True,True,True,True,True,True
69224,1,449,4490,4490,6670,395,0.8797327394209354,0,0,True,True,True,True,True,True
69227,1,218,2180,2180,3262,188,0.8623853211009175,0,0,True,True,True,True,True,True
69257,1,490,4900,4900,6945,441,0.9,0,0,True,True,True,True,True,True
69298,1,203,2030,2030,2790,185,0.9113300492610837,0,0,True,True,True,True,True,True
69247,1,487,4870,4870,6758,436,0.8952772073921971,0,0,True,True,True,True,True,True
69259,1,301,3010,3010,4214,269,0.893687707641196,0,0,True,True,True,True,True,True
69221,1,673,6730,6730,9929,585,0.8692421991084696,0,0,True,True,True,True,True,True
69213,1,198,1980,1980,2706,172,0.8686868686868687,0,0,True,True,True,True,True,True
69244,1,263,2630,2630,3610,236,0.8973384030418251,0,0,True,True,True,True,True,True
69239,1,203,2030,2030,2833,178,0.8768472906403941,0,0,True,True,True,True,True,True
69242,1,564,5640,5640,7918,501,0.8882978723404256,0,0,True,True,True,True,True,True
69286,1,278,2780,2780,3834,243,0.8741007194244604,0,0,True,True,True,True,True,True
69269,1,164,1640,1640,2317,139,0.8475609756097561,0,0,True,True,True,True,True,True
69236,1,544,5440,5440,7954,479,0.8805147058823529,0,0,True,True,True,True,True,True
69260,1,418,4180,4180,5859,379,0.9066985645933014,0,0,True,True,True,True,True,True
69263,1,158,1580,1580,2322,141,0.8924050632911392,0,0,True,True,True,True,True,True
69289,1,542,5420,5420,7643,485,0.8948339483394834,0,0,True,True,True,True,True,True
69270,1,220,2200,2200,2933,193,0.8772727272727273,0,0,True,True,True,True,True,True
69308,1,582,5820,5820,8452,498,0.8556701030927835,0,0,True,True,True,True,True,True
69306,1,238,2380,2380,3279,214,0.8991596638655462,0,0,True,True,True,True,True,True
69299,1,620,6200,6200,9129,531,0.8564516129032258,0,0,True,True,True,True,True,True
69307,1,151,1510,1510,2126,134,0.8874172185430463,0,0,True,True,True,True,True,True
69275,1,283,2830,2830,3996,263,0.9293286219081273,0,0,True,True,True,True,True,True
69280,1,217,2170,2170,3001,195,0.8986175115207373,0,0,True,True,True,True,True,True
69278,1,661,6610,6610,9588,560,0.8472012102874432,0,0,True,True,True,True,True,True
69295,1,742,7420,7420,10608,648,0.8733153638814016,0,0,True,True,True,True,True,True
69276,1,716,7160,7160,10592,615,0.8589385474860335,0,0,True,True,True,True,True,True
69248,1,108,1080,1080,1644,93,0.8611111111111112,0,0,True,True,True,True,True,True
69282,1,727,7270,7270,10662,630,0.8665749656121046,0,0,True,True,True,True,True,True
69283,1,154,1540,1540,2151,134,0.8701298701298701,0,0,True,True,True,True,True,True
69274,1,290,2900,2900,4021,263,0.906896551724138,0,0,True,True,True,True,True,True
69300,1,766,7660,7660,11454,658,0.8590078328981723,0,0,True,True,True,True,True,True
69291,1,190,1900,1900,2578,162,0.8526315789473684,0,0,True,True,True,True,True,True
69303,1,615,6150,6150,9157,540,0.8780487804878049,0,0,True,True,True,True,True,True
69304,1,253,2530,2530,3696,225,0.8893280632411067,0,0,True,True,True,True,True,True
69305,1,587,5870,5870,8476,517,0.8807495741056218,0,0,True,True,True,True,True,True
69245,1,133,1330,1330,1854,116,0.8721804511278195,0,0,True,True,True,True,True,True
69271,1,505,5050,5050,7128,463,0.9168316831683169,0,0,True,True,True,True,True,True
69234,1,662,6620,6620,9688,584,0.8821752265861027,0,0,True,True,True,True,True,True
69272,1,165,1650,1650,2398,143,0.8666666666666667,0,0,True,True,True,True,True,True
69268,1,697,6970,6970,9692,622,0.8923959827833573,0,0,True,True,True,True,True,True
69264,1,182,1820,1820,2524,159,0.8736263736263736,0,0,True,True,True,True,True,True
70220,1,687,6870,6870,9922,596,0.8675400291120815,0,0,True,True,True,True,True,True
70223,1,251,2510,2510,3543,220,0.8764940239043825,0,0,True,True,True,True,True,True
69297,1,720,7200,7200,10463,624,0.8666666666666667,0,0,True,True,True,True,True,True
69265,1,188,1880,1880,2611,171,0.9095744680851063,0,0,True,True,True,True,True,True
69293,1,852,8520,8520,12476,748,0.8779342723004695,0,0,True,True,True,True,True,True
69329,1,656,6560,6560,9599,558,0.850609756097561,0,0,True,True,True,True,True,True
69314,1,630,6300,6300,9152,556,0.8825396825396825,0,0,True,True,True,True,True,True
69330,1,256,2560,2560,3557,230,0.8984375,0,0,True,True,True,True,True,True
69331,1,487,4870,4870,6917,428,0.8788501026694046,0,0,True,True,True,True,True,True
69315,1,185,1850,1850,2578,161,0.8702702702702703,0,0,True,True,True,True,True,True
69333,1,618,6180,6180,8985,550,0.889967637540453,0,0,True,True,True,True,True,True
69334,1,261,2610,2610,3650,234,0.896551724137931,0,0,True,True,True,True,True,True
69312,1,278,2780,2780,3908,235,0.8453237410071942,0,0,True,True,True,True,True,True
69327,1,615,6150,6150,9032,534,0.8682926829268293,0,0,True,True,True,True,True,True
69335,1,206,2060,2060,2994,180,0.8737864077669902,0,0,True,True,True,True,True,True
69338,1,209,2090,2090,2965,188,0.8995215311004785,0,0,True,True,True,True,True,True
69316,1,676,6760,6760,9654,597,0.8831360946745562,0,0,True,True,True,True,True,True
69336,1,165,1650,1650,2334,144,0.8727272727272727,0,0,True,True,True,True,True,True
69328,1,485,4850,4850,6993,427,0.8804123711340206,0,0,True,True,True,True,True,True
69337,1,173,1730,1730,2437,157,0.9075144508670521,0,0,True,True,True,True,True,True
69322,1,173,1730,1730,2347,153,0.884393063583815,0,0,True,True,True,True,True,True
69326,1,295,2950,2950,4072,260,0.8813559322033898,0,0,True,True,True,True,True,True
69325,1,230,2300,2300,3252,213,0.9260869565217391,0,0,True,True,True,True,True,True
69323,1,452,4520,4520,6503,405,0.8960176991150443,0,0,True,True,True,True,True,True
70219,1,124,1240,1240,1714,104,0.8387096774193549,0,0,True,True,True,True,True,True
69343,1,686,6860,6860,10443,579,0.8440233236151603,0,0,True,True,True,True,True,True
70221,1,186,1860,1860,2550,161,0.8655913978494624,0,0,True,True,True,True,True,True
69324,1,569,5690,5690,8260,503,0.8840070298769771,0,0,True,True,True,True,True,True
69340,1,596,5960,5960,8370,533,0.8942953020134228,0,0,True,True,True,True,True,True
69320,1,538,5380,5380,7526,480,0.8921933085501859,0,0,True,True,True,True,True,True
69319,1,306,3060,3060,4229,276,0.9019607843137255,0,0,True,True,True,True,True,True
70259,1,647,6470,6470,9206,583,0.9010819165378671,0,0,True,True,True,True,True,True
70262,1,157,1570,1570,2234,132,0.8407643312101911,0,0,True,True,True,True,True,True
70286,1,623,6230,6230,8835,555,0.8908507223113965,0,0,True,True,True,True,True,True
70292,1,207,2070,2070,2866,180,0.8695652173913043,0,0,True,True,True,True,True,True
70275,1,184,1840,1840,2604,165,0.8967391304347826,0,0,True,True,True,True,True,True
70300,1,591,5910,5910,8499,525,0.8883248730964467,0,0,True,True,True,True,True,True
70304,1,283,2830,2830,3910,249,0.8798586572438163,0,0,True,True,True,True,True,True
266724,1,157,1570,1570,2174,140,0.89171974522293,0,0,True,True,True,True,True,True
70309,1,645,6450,6450,9275,577,0.8945736434108527,0,0,True,True,True,True,True,True
70280,1,134,1340,1340,2066,117,0.8731343283582089,0,0,True,True,True,True,True,True
70263,1,543,5430,5430,7563,479,0.8821362799263351,0,0,True,True,True,True,True,True
70295,1,247,2470,2470,3590,209,0.8461538461538461,0,0,True,True,True,True,True,True
70296,1,772,7720,7720,11229,679,0.8795336787564767,0,0,True,True,True,True,True,True
266015,1,273,2730,2730,3826,242,0.8864468864468864,0,0,True,True,True,True,True,True
266433,1,829,8290,8290,11899,725,0.8745476477683957,0,0,True,True,True,True,True,True
266827,1,321,3210,3210,4470,286,0.8909657320872274,0,0,True,True,True,True,True,True
70287,1,232,2320,2320,3141,211,0.9094827586206896,0,0,True,True,True,True,True,True
70260,1,681,6810,6810,9858,610,0.895741556534508,0,0,True,True,True,True,True,True
70282,1,264,2640,2640,3678,233,0.8825757575757576,0,0,True,True,True,True,True,True
70297,1,741,7410,7410,11016,648,0.8744939271255061,0,0,True,True,True,True,True,True
70294,1,142,1420,1420,1914,124,0.8732394366197183,0,0,True,True,True,True,True,True
70271,1,602,6020,6020,8638,534,0.8870431893687708,0,0,True,True,True,True,True,True
70272,1,179,1790,1790,2567,156,0.8715083798882681,0,0,True,True,True,True,True,True
70305,1,729,7290,7290,10761,633,0.8683127572016461,0,0,True,True,True,True,True,True
70307,1,398,3980,3980,5548,356,0.8944723618090452,0,0,True,True,True,True,True,True
70256,1,173,1730,1730,2423,150,0.8670520231213873,0,0,True,True,True,True,True,True
267502,1,293,2930,2930,4038,258,0.8805460750853242,0,0,True,True,True,True,True,True
70281,1,643,6430,6430,9402,547,0.8506998444790047,0,0,True,True,True,True,True,True
70284,1,345,3450,3450,4928,304,0.881159420289855,0,0,True,True,True,True,True,True
70277,1,635,6350,6350,9067,557,0.8771653543307086,0,0,True,True,True,True,True,True
70298,1,268,2680,2680,3741,239,0.8917910447761194,0,0,True,True,True,True,True,True
70301,1,552,5520,5520,7808,485,0.8786231884057971,0,0,True,True,True,True,True,True
70302,1,332,3320,3320,4639,297,0.8945783132530121,0,0,True,True,True,True,True,True
267520,1,691,6910,6910,10072,599,0.8668596237337193,0,0,True,True,True,True,True,True
266420,1,211,2110,2110,2940,188,0.8909952606635071,0,0,True,True,True,True,True,True
266462,1,173,1730,1730,2433,152,0.8786127167630058,0,0,True,True,True,True,True,True
70293,1,428,4280,4280,6068,366,0.8551401869158879,0,0,True,True,True,True,True,True
267192,1,289,2890,2890,4160,257,0.889273356401384,0,0,True,True,True,True,True,True
70283,1,646,6460,6460,9384,561,0.868421052631579,0,0,True,True,True,True,True,True
266883,1,284,2840,2840,3998,260,0.9154929577464789,0,0,True,True,True,True,True,True
265830,1,220,2200,2200,3095,196,0.8909090909090909,0,0,True,True,True,True,True,True
70288,1,144,1440,1440,2020,123,0.8541666666666666,0,0,True,True,True,True,True,True
70291,1,610,6100,6100,8847,530,0.8688524590163934,0,0,True,True,True,True,True,True
266613,1,622,6220,6220,8940,536,0.8617363344051447,0,0,True,True,True,True,True,True
267675,1,257,2570,2570,3552,226,0.8793774319066148,0,0,True,True,True,True,True,True
265918,1,500,5000,5000,7369,438,0.876,0,0,True,True,True,True,True,True
265837,1,230,2300,2300,3179,204,0.8869565217391304,0,0,True,True,True,True,True,True
266066,1,674,6740,6740,9952,595,0.8827893175074184,0,0,True,True,True,True,True,True
266603,1,155,1550,1550,2335,138,0.8903225806451613,0,0,True,True,True,True,True,True
266074,1,647,6470,6470,9153,579,0.8948995363214838,0,0,True,True,True,True,True,True
265857,1,253,2530,2530,3558,227,0.8972332015810277,0,0,True,True,True,True,True,True
266274,1,585,5850,5850,8261,512,0.8752136752136752,0,0,True,True,True,True,True,True
70306,1,172,1720,1720,2423,155,0.9011627906976745,0,0,True,True,True,True,True,True
267368,1,522,5220,5220,7285,459,0.8793103448275862,0,0,True,True,True,True,True,True
267138,1,96,960,960,1385,78,0.8125,0,0,True,True,True,True,True,True
267567,1,426,4260,4260,5888,375,0.8802816901408451,0,0,True,True,True,True,True,True
70289,1,170,1700,1700,2498,142,0.8352941176470589,0,0,True,True,True,True,True,True
266491,1,657,6570,6570,9247,585,0.8904109589041096,0,0,True,True,True,True,True,True
266256,1,416,4160,4160,5976,360,0.8653846153846154,0,0,True,True,True,True,True,True
266406,1,170,1700,1700,2349,154,0.9058823529411765,0,0,True,True,True,True,True,True
70273,1,521,5210,5210,7392,454,0.8714011516314779,0,0,True,True,True,True,True,True
266770,1,158,1580,1580,2264,146,0.9240506329113924,0,0,True,True,True,True,True,True
266838,1,160,1600,1600,2211,146,0.9125,0,0,True,True,True,True,True,True
266117,1,574,5740,5740,8094,499,0.8693379790940766,0,0,True,True,True,True,True,True
267561,1,219,2190,2190,3135,187,0.8538812785388128,0,0,True,True,True,True,True,True
267085,1,373,3730,3730,5384,331,0.8873994638069705,0,0,True,True,True,True,True,True
267301,1,436,4360,4360,6001,379,0.8692660550458715,0,0,True,True,True,True,True,True
267499,1,145,1450,1450,2104,124,0.8551724137931035,0,0,True,True,True,True,True,True
265835,1,617,6170,6170,8687,535,0.86709886547812,0,0,True,True,True,True,True,True
266560,1,214,2140,2140,2933,179,0.8364485981308412,0,0,True,True,True,True,True,True
266320,1,748,7480,7480,10698,655,0.8756684491978609,0,0,True,True,True,True,True,True
70264,1,139,1390,1390,2012,116,0.8345323741007195,0,0,True,True,True,True,True,True
266240,1,160,1600,1600,2305,148,0.925,0,0,True,True,True,True,True,True
70303,1,541,5410,5410,7405,469,0.866913123844732,0,0,True,True,True,True,True,True
266230,1,198,1980,1980,2669,169,0.8535353535353535,0,0,True,True,True,True,True,True
267597,1,605,6050,6050,8741,529,0.8743801652892562,0,0,True,True,True,True,True,True
266871,1,196,1960,1960,2714,170,0.8673469387755102,0,0,True,True,True,True,True,True
266741,1,680,6800,6800,9576,608,0.8941176470588236,0,0,True,True,True,True,True,True
266148,1,518,5180,5180,7487,450,0.8687258687258688,0,0,True,True,True,True,True,True
267343,1,161,1610,1610,2324,137,0.8509316770186336,0,0,True,True,True,True,True,True
266916,1,362,3620,3620,5053,330,0.9116022099447514,0,0,True,True,True,True,True,True
267183,1,395,3950,3950,5528,345,0.8734177215189873,0,0,True,True,True,True,True,True
266929,1,239,2390,2390,3298,213,0.891213389121339,0,0,True,True,True,True,True,True
267400,1,554,5540,5540,7880,494,0.8916967509025271,0,0,True,True,True,True,True,True
266142,1,207,2070,2070,2962,184,0.8888888888888888,0,0,True,True,True,True,True,True
266525,1,529,5290,5290,7487,469,0.8865784499054821,0,0,True,True,True,True,True,True
266531,1,199,1990,1990,2640,179,0.8994974874371859,0,0,True,True,True,True,True,True
265963,1,626,6260,6260,8765,551,0.8801916932907349,0,0,True,True,True,True,True,True
266045,1,435,4350,4350,5967,392,0.9011494252873563,0,0,True,True,True,True,True,True
266631,1,134,1340,1340,1963,117,0.8731343283582089,0,0,True,True,True,True,True,True
267197,1,771,7710,7710,10947,688,0.8923476005188068,0,0,True,True,True,True,True,True
3825562,1,293,2930,2930,4061,254,0.8668941979522184,0,0,True,True,True,True,True,True
3825564,1,389,3890,3890,5462,335,0.8611825192802056,0,0,True,True,True,True,True,True
3825565,1,163,1630,1630,2300,142,0.8711656441717791,0,0,True,True,True,True,True,True
3825566,1,339,3390,3390,4782,289,0.8525073746312685,0,0,True,True,True,True,True,True
266236,1,169,1690,1690,2380,147,0.8698224852071006,0,0,True,True,True,True,True,True
3825567,1,208,2080,2080,2856,178,0.8557692307692307,0,0,True,True,True,True,True,True
3825568,1,316,3160,3160,4485,275,0.870253164556962,0,0,True,True,True,True,True,True
3825569,1,185,1850,1850,2659,165,0.8918918918918919,0,0,True,True,True,True,True,True
3825571,1,358,3580,3580,5212,310,0.8659217877094972,0,0,True,True,True,True,True,True
267422,1,555,5550,5550,7946,480,0.8648648648648649,0,0,True,True,True,True,True,True
3825572,1,510,5100,5100,7324,449,0.8803921568627451,0,0,True,True,True,True,True,True
3825573,1,414,4140,4140,5756,370,0.893719806763285,0,0,True,True,True,True,True,True
3825574,1,573,5730,5730,8234,494,0.8621291448516579,0,0,True,True,True,True,True,True
3825576,1,299,2990,2990,4207,268,0.8963210702341137,0,0,True,True,True,True,True,True
3825577,1,279,2790,2790,3883,241,0.8637992831541219,0,0,True,True,True,True,True,True
3825578,1,239,2390,2390,3356,219,0.9163179916317992,0,0,True,True,True,True,True,True
3825579,1,379,3790,3790,5257,329,0.8680738786279684,0,0,True,True,True,True,True,True
3825580,1,321,3210,3210,4573,282,0.8785046728971962,0,0,True,True,True,True,True,True
266166,1,232,2320,2320,3303,205,0.8836206896551724,0,0,True,True,True,True,True,True
3825581,1,365,3650,3650,5128,326,0.8931506849315068,0,0,True,True,True,True,True,True
3825582,1,218,2180,2180,3118,190,0.8715596330275229,0,0,True,True,True,True,True,True
3825583,1,268,2680,2680,3662,239,0.8917910447761194,0,0,True,True,True,True,True,True
3825584,1,281,2810,2810,3882,248,0.8825622775800712,0,0,True,True,True,True,True,True
3825586,1,285,2850,2850,3943,258,0.9052631578947369,0,0,True,True,True,True,True,True
3825587,1,346,3460,3460,4758,311,0.8988439306358381,0,0,True,True,True,True,True,True
3825588,1,467,4670,4670,6827,403,0.8629550321199143,0,0,True,True,True,True,True,True
3825589,1,213,2130,2130,3052,185,0.8685446009389671,0,0,True,True,True,True,True,True
3825590,1,530,5300,5300,7396,465,0.8773584905660378,0,0,True,True,True,True,True,True
3825591,1,451,4510,4510,6395,404,0.8957871396895787,0,0,True,True,True,True,True,True
3825592,1,321,3210,3210,4488,290,0.9034267912772586,0,0,True,True,True,True,True,True
3825593,1,338,3380,3380,4597,296,0.8757396449704142,0,0,True,True,True,True,True,True
266490,1,601,6010,6010,8543,532,0.8851913477537438,0,0,True,True,True,True,True,True
3825594,1,239,2390,2390,3225,219,0.9163179916317992,0,0,True,True,True,True,True,True
3825595,1,244,2440,2440,3389,212,0.8688524590163934,0,0,True,True,True,True,True,True
3825596,1,387,3870,3870,5522,341,0.8811369509043928,0,0,True,True,True,True,True,True
3825597,1,251,2510,2510,3465,223,0.8884462151394422,0,0,True,True,True,True,True,True
3825598,1,365,3650,3650,5185,321,0.8794520547945206,0,0,True,True,True,True,True,True
3825599,1,284,2840,2840,3973,253,0.8908450704225352,0,0,True,True,True,True,True,True
3825892,1,244,2440,2440,3399,213,0.8729508196721312,0,0,True,True,True,True,True,True
266467,1,296,2960,2960,4096,256,0.8648648648648649,0,0,True,True,True,True,True,True
3825600,1,366,3660,3660,5204,321,0.8770491803278688,0,0,True,True,True,True,True,True
3825601,1,357,3570,3570,5030,325,0.9103641456582633,0,0,True,True,True,True,True,True
3825602,1,342,3420,3420,4685,301,0.8801169590643275,0,0,True,True,True,True,True,True
3825848,1,336,3360,3360,4772,293,0.8720238095238095,0,0,True,True,True,True,True,True
3825895,1,255,2550,2550,3615,225,0.8823529411764706,0,0,True,True,True,True,True,True
3825603,1,380,3800,3800,5233,334,0.8789473684210526,0,0,True,True,True,True,True,True
3825604,1,244,2440,2440,3380,210,0.860655737704918,0,0,True,True,True,True,True,True
267611,1,550,5500,5500,7835,486,0.8836363636363637,0,0,True,True,True,True,True,True
3825605,1,313,3130,3130,4308,272,0.8690095846645367,0,0,True,True,True,True,True,True
3825606,1,583,5830,5830,8489,512,0.8782161234991424,0,0,True,True,True,True,True,True
3825607,1,379,3790,3790,5412,336,0.8865435356200527,0,0,True,True,True,True,True,True
3825608,1,190,1900,1900,2890,168,0.8842105263157894,0,0,True,True,True,True,True,True
3825609,1,244,2440,2440,3339,218,0.8934426229508197,0,0,True,True,True,True,True,True
3825610,1,395,3950,3950,5672,351,0.8886075949367088,0,0,True,True,True,True,True,True
3825611,1,273,2730,2730,3784,237,0.8681318681318682,0,0,True,True,True,True,True,True
3825612,1,398,3980,3980,5573,353,0.8869346733668342,0,0,True,True,True,True,True,True
3825613,1,467,4670,4670,6495,415,0.8886509635974305,0,0,True,True,True,True,True,True
3825614,1,260,2600,2600,3622,236,0.9076923076923077,0,0,True,True,True,True,True,True
3825615,1,402,4020,4020,5833,352,0.8756218905472637,0,0,True,True,True,True,True,True
3825616,1,227,2270,2270,3197,194,0.8546255506607929,0,0,True,True,True,True,True,True
3825617,1,217,2170,2170,3017,194,0.8940092165898618,0,0,True,True,True,True,True,True
3825618,1,424,4240,4240,6021,370,0.8726415094339622,0,0,True,True,True,True,True,True
3825619,1,269,2690,2690,3859,245,0.9107806691449815,0,0,True,True,True,True,True,True
3825620,1,417,4170,4170,5898,366,0.8776978417266187,0,0,True,True,True,True,True,True
3825621,1,371,3710,3710,5338,326,0.8787061994609164,0,0,True,True,True,True,True,True
3825622,1,358,3580,3580,5016,317,0.8854748603351955,0,0,True,True,True,True,True,True
3825623,1,320,3200,3200,4446,289,0.903125,0,0,True,True,True,True,True,True
3825624,1,212,2120,2120,3080,181,0.8537735849056604,0,0,True,True,True,True,True,True
3825625,1,438,4380,4380,6208,387,0.8835616438356164,0,0,True,True,True,True,True,True
3825626,1,360,3600,3600,5020,327,0.9083333333333333,0,0,True,True,True,True,True,True
3825627,1,347,3470,3470,4820,304,0.8760806916426513,0,0,True,True,True,True,True,True
3825628,1,297,2970,2970,4192,264,0.8888888888888888,0,0,True,True,True,True,True,True
3825629,1,186,1860,1860,2663,165,0.8870967741935484,0,0,True,True,True,True,True,True
3825630,1,348,3480,3480,5010,309,0.8879310344827587,0,0,True,True,True,True,True,True
3825631,1,427,4270,4270,5887,376,0.8805620608899297,0,0,True,True,True,True,True,True
3825632,1,370,3700,3700,5209,332,0.8972972972972973,0,0,True,True,True,True,True,True
3825633,1,466,4660,4660,7278,399,0.8562231759656652,0,0,True,True,True,True,True,True
3825634,1,182,1820,1820,2532,151,0.8296703296703297,0,0,True,True,True,True,True,True
3825635,1,406,4060,4060,5703,362,0.8916256157635468,0,0,True,True,True,True,True,True
3825636,1,342,3420,3420,4785,299,0.8742690058479532,0,0,True,True,True,True,True,True
3825874,1,360,3600,3600,4949,306,0.85,0,0,True,True,True,True,True,True
3825637,1,476,4760,4760,6626,432,0.907563025210084,0,0,True,True,True,True,True,True
3825638,1,324,3240,3240,4805,273,0.8425925925925926,0,0,True,True,True,True,True,True
3825639,1,439,4390,4390,6174,389,0.8861047835990888,0,0,True,True,True,True,True,True
3825640,1,248,2480,2480,3421,214,0.8629032258064516,0,0,True,True,True,True,True,True
3825641,1,354,3540,3540,4930,317,0.8954802259887006,0,0,True,True,True,True,True,True
3825642,1,373,3730,3730,5277,339,0.9088471849865952,0,0,True,True,True,True,True,True
3825643,1,519,5190,5190,7429,444,0.8554913294797688,0,0,True,True,True,True,True,True
3825644,1,213,2130,2130,3047,180,0.8450704225352113,0,0,True,True,True,True,True,True
3825645,1,191,1910,1910,2584,168,0.8795811518324608,0,0,True,True,True,True,True,True
3825646,1,308,3080,3080,4480,268,0.8701298701298701,0,0,True,True,True,True,True,True
3825647,1,318,3180,3180,4618,293,0.9213836477987422,0,0,True,True,True,True,True,True
3825648,1,164,1640,1640,2271,141,0.8597560975609756,0,0,True,True,True,True,True,True
3825649,1,196,1960,1960,2775,181,0.923469387755102,0,0,True,True,True,True,True,True
3825650,1,301,3010,3010,4221,278,0.9235880398671097,0,0,True,True,True,True,True,True
3825651,1,258,2580,2580,3585,231,0.8953488372093024,0,0,True,True,True,True,True,True
3825652,1,289,2890,2890,3955,261,0.903114186851211,0,0,True,True,True,True,True,True
3825653,1,225,2250,2250,3220,192,0.8533333333333334,0,0,True,True,True,True,True,True
3825654,1,328,3280,3280,4570,285,0.8689024390243902,0,0,True,True,True,True,True,True
3825655,1,209,2090,2090,2943,179,0.8564593301435407,0,0,True,True,True,True,True,True
3825656,1,323,3230,3230,4603,281,0.8699690402476781,0,0,True,True,True,True,True,True
3825657,1,325,3250,3250,4527,296,0.9107692307692308,0,0,True,True,True,True,True,True
3825658,1,476,4760,4760,6842,413,0.8676470588235294,0,0,True,True,True,True,True,True
3825659,1,204,2040,2040,2781,175,0.8578431372549019,0,0,True,True,True,True,True,True
3825660,1,566,5660,5660,8108,492,0.8692579505300353,0,0,True,True,True,True,True,True
3825661,1,341,3410,3410,4945,300,0.8797653958944281,0,0,True,True,True,True,True,True
266424,1,322,3220,3220,4665,278,0.8633540372670807,0,0,True,True,True,True,True,True
3825662,1,198,1980,1980,2734,171,0.8636363636363636,0,0,True,True,True,True,True,True
3825663,1,200,2000,2000,2873,175,0.875,0,0,True,True,True,True,True,True
3825664,1,398,3980,3980,5487,356,0.8944723618090452,0,0,True,True,True,True,True,True
3825888,1,257,2570,2570,3597,231,0.8988326848249028,0,0,True,True,True,True,True,True
3825665,1,146,1460,1460,1999,131,0.8972602739726028,0,0,True,True,True,True,True,True
3825666,1,336,3360,3360,4733,299,0.8898809523809523,0,0,True,True,True,True,True,True
3825667,1,334,3340,3340,4796,292,0.874251497005988,0,0,True,True,True,True,True,True
3825668,1,321,3210,3210,4519,289,0.9003115264797508,0,0,True,True,True,True,True,True
3825669,1,183,1830,1830,2552,160,0.8743169398907104,0,0,True,True,True,True,True,True
3825670,1,378,3780,3780,5347,344,0.91005291005291,0,0,True,True,True,True,True,True
266885,1,399,3990,3990,5473,357,0.8947368421052632,0,0,True,True,True,True,True,True
3825671,1,435,4350,4350,6331,377,0.8666666666666667,0,0,True,True,True,True,True,True
3825672,1,173,1730,1730,2360,157,0.9075144508670521,0,0,True,True,True,True,True,True
3825673,1,517,5170,5170,7344,460,0.8897485493230174,0,0,True,True,True,True,True,True
3825674,1,352,3520,3520,5118,313,0.8892045454545454,0,0,True,True,True,True,True,True
3825675,1,373,3730,3730,5166,337,0.903485254691689,0,0,True,True,True,True,True,True
3825676,1,207,2070,2070,2888,183,0.8840579710144928,0,0,True,True,True,True,True,True
3825677,1,404,4040,4040,5857,352,0.8712871287128713,0,0,True,True,True,True,True,True
3825678,1,230,2300,2300,3304,202,0.8782608695652174,0,0,True,True,True,True,True,True
267274,1,213,2130,2130,3130,172,0.8075117370892019,0,0,True,True,True,True,True,True
3825679,1,308,3080,3080,4472,268,0.8701298701298701,0,0,True,True,True,True,True,True
3825680,1,228,2280,2280,3129,198,0.868421052631579,0,0,True,True,True,True,True,True
3825681,1,612,6120,6120,8777,542,0.8856209150326797,0,0,True,True,True,True,True,True
3825682,1,365,3650,3650,5148,326,0.8931506849315068,0,0,True,True,True,True,True,True
3825683,1,418,4180,4180,5862,369,0.8827751196172249,0,0,True,True,True,True,True,True
3825684,1,237,2370,2370,3343,207,0.8734177215189873,0,0,True,True,True,True,True,True
3825685,1,202,2020,2020,2805,180,0.8910891089108911,0,0,True,True,True,True,True,True
3825686,1,261,2610,2610,3620,241,0.9233716475095786,0,0,True,True,True,True,True,True
3825687,1,331,3310,3310,4589,300,0.9063444108761329,0,0,True,True,True,True,True,True
3825688,1,219,2190,2190,3069,190,0.867579908675799,0,0,True,True,True,True,True,True
266961,1,597,5970,5970,9121,523,0.8760469011725294,0,0,True,True,True,True,True,True
3825689,1,329,3290,3290,4559,299,0.9088145896656535,0,0,True,True,True,True,True,True
3825690,1,494,4940,4940,6762,449,0.9089068825910931,0,0,True,True,True,True,True,True
3825691,1,290,2900,2900,3940,266,0.9172413793103448,0,0,True,True,True,True,True,True
3825692,1,473,4730,4730,6897,407,0.8604651162790697,0,0,True,True,True,True,True,True
3825693,1,337,3370,3370,4837,294,0.8724035608308606,0,0,True,True,True,True,True,True
3825694,1,294,2940,2940,4146,257,0.8741496598639455,0,0,True,True,True,True,True,True
3825695,1,258,2580,2580,3725,221,0.8565891472868217,0,0,True,True,True,True,True,True
3825696,1,245,2450,2450,3356,219,0.8938775510204081,0,0,True,True,True,True,True,True
3825697,1,419,4190,4190,5935,370,0.883054892601432,0,0,True,True,True,True,True,True
3825698,1,306,3060,3060,4305,280,0.9150326797385621,0,0,True,True,True,True,True,True
3825699,1,226,2260,2260,3205,203,0.8982300884955752,0,0,True,True,True,True,True,True
3825891,1,297,2970,2970,4145,264,0.8888888888888888,0,0,True,True,True,True,True,True
3825700,1,356,3560,3560,5053,312,0.8764044943820225,0,0,True,True,True,True,True,True
3825701,1,399,3990,3990,5573,343,0.8596491228070176,0,0,True,True,True,True,True,True
3825702,1,531,5310,5310,7474,482,0.9077212806026366,0,0,True,True,True,True,True,True
3825703,1,335,3350,3350,4630,300,0.8955223880597015,0,0,True,True,True,True,True,True
3825704,1,261,2610,2610,3547,235,0.9003831417624522,0,0,True,True,True,True,True,True
267327,1,451,4510,4510,6409,398,0.8824833702882483,0,0,True,True,True,True,True,True
3825705,1,255,2550,2550,3505,225,0.8823529411764706,0,0,True,True,True,True,True,True
3825706,1,491,4910,4910,6779,440,0.8961303462321792,0,0,True,True,True,True,True,True
3825707,1,398,3980,3980,5674,347,0.871859296482412,0,0,True,True,True,True,True,True
3825708,1,222,2220,2220,3062,197,0.8873873873873874,0,0,True,True,True,True,True,True
3825709,1,299,2990,2990,4143,264,0.882943143812709,0,0,True,True,True,True,True,True
3825710,1,393,3930,3930,5636,342,0.8702290076335878,0,0,True,True,True,True,True,True
3825711,1,351,3510,3510,4808,310,0.8831908831908832,0,0,True,True,True,True,True,True
3825712,1,290,2900,2900,4039,257,0.8862068965517241,0,0,True,True,True,True,True,True
3825713,1,335,3350,3350,4717,292,0.8716417910447761,0,0,True,True,True,True,True,True
266670,1,137,1370,1370,1944,116,0.8467153284671532,0,0,True,True,True,True,True,True
3825714,1,348,3480,3480,4937,306,0.8793103448275862,0,0,True,True,True,True,True,True
3825715,1,263,2630,2630,3674,235,0.8935361216730038,0,0,True,True,True,True,True,True
3825716,1,178,1780,1780,2353,156,0.8764044943820225,0,0,True,True,True,True,True,True
3825717,1,187,1870,1870,2658,160,0.8556149732620321,0,0,True,True,True,True,True,True
3825718,1,396,3960,3960,5684,345,0.8712121212121212,0,0,True,True,True,True,True,True
3825719,1,223,2230,2230,3059,201,0.9013452914798207,0,0,True,True,True,True,True,True
3825720,1,339,3390,3390,4859,307,0.9056047197640118,0,0,True,True,True,True,True,True
3825721,1,392,3920,3920,5519,356,0.9081632653061225,0,0,True,True,True,True,True,True
3825722,1,231,2310,2310,3310,204,0.8831168831168831,0,0,True,True,True,True,True,True
266620,1,543,5430,5430,7545,486,0.8950276243093923,0,0,True,True,True,True,True,True
3825723,1,193,1930,1930,2627,168,0.8704663212435233,0,0,True,True,True,True,True,True
3825724,1,429,4290,4290,6180,368,0.8578088578088578,0,0,True,True,True,True,True,True
3825725,1,313,3130,3130,4386,274,0.8753993610223643,0,0,True,True,True,True,True,True
3825726,1,338,3380,3380,4715,298,0.8816568047337278,0,0,True,True,True,True,True,True
3825727,1,305,3050,3050,4298,260,0.8524590163934426,0,0,True,True,True,True,True,True
3825728,1,444,4440,4440,6238,386,0.8693693693693694,0,0,True,True,True,True,True,True
3825729,1,353,3530,3530,5015,311,0.8810198300283286,0,0,True,True,True,True,True,True
3825730,1,359,3590,3590,4972,312,0.8690807799442897,0,0,True,True,True,True,True,True
3825731,1,451,4510,4510,6368,404,0.8957871396895787,0,0,True,True,True,True,True,True
3825732,1,409,4090,4090,5871,344,0.8410757946210269,0,0,True,True,True,True,True,True
3825733,1,341,3410,3410,4718,309,0.906158357771261,0,0,True,True,True,True,True,True
3825734,1,504,5040,5040,7241,437,0.8670634920634921,0,0,True,True,True,True,True,True
3825735,1,410,4100,4100,5873,361,0.8804878048780488,0,0,True,True,True,True,True,True
266149,1,562,5620,5620,7917,488,0.8683274021352313,0,0,True,True,True,True,True,True
3825736,1,317,3170,3170,4440,281,0.886435331230284,0,0,True,True,True,True,True,True
3825737,1,241,2410,2410,3457,209,0.8672199170124482,0,0,True,True,True,True,True,True
3825738,1,569,5690,5690,8029,490,0.8611599297012302,0,0,True,True,True,True,True,True
3825739,1,611,6110,6110,9144,525,0.8592471358428805,0,0,True,True,True,True,True,True
3825740,1,271,2710,2710,3789,235,0.8671586715867159,0,0,True,True,True,True,True,True
3825741,1,217,2170,2170,3091,190,0.8755760368663594,0,0,True,True,True,True,True,True
265894,1,188,1880,1880,2596,166,0.8829787234042553,0,0,True,True,True,True,True,True
3825742,1,302,3020,3020,4301,261,0.8642384105960265,0,0,True,True,True,True,True,True
3825743,1,235,2350,2350,3228,206,0.8765957446808511,0,0,True,True,True,True,True,True
3825744,1,319,3190,3190,4394,281,0.8808777429467085,0,0,True,True,True,True,True,True
3825745,1,320,3200,3200,4387,291,0.909375,0,0,True,True,True,True,True,True
3825746,1,211,2110,2110,2953,182,0.8625592417061612,0,0,True,True,True,True,True,True
3825747,1,305,3050,3050,4162,281,0.921311475409836,0,0,True,True,True,True,True,True
3825748,1,442,4420,4420,6184,380,0.8597285067873304,0,0,True,True,True,True,True,True
3825749,1,186,1860,1860,2554,170,0.9139784946236559,0,0,True,True,True,True,True,True
267576,1,581,5810,5810,8247,510,0.8777969018932874,0,0,True,True,True,True,True,True
3825750,1,305,3050,3050,4326,272,0.8918032786885246,0,0,True,True,True,True,True,True
3825751,1,312,3120,3120,4344,287,0.9198717948717948,0,0,True,True,True,True,True,True
3825752,1,269,2690,2690,3791,247,0.9182156133828996,0,0,True,True,True,True,True,True
3825753,1,401,4010,4010,5547,348,0.8678304239401496,0,0,True,True,True,True,True,True
3825754,1,358,3580,3580,4941,314,0.8770949720670391,0,0,True,True,True,True,True,True
3825755,1,338,3380,3380,4741,293,0.8668639053254438,0,0,True,True,True,True,True,True
3825756,1,316,3160,3160,4574,275,0.870253164556962,0,0,True,True,True,True,True,True
3825757,1,553,5530,5530,7891,478,0.864376130198915,0,0,True,True,True,True,True,True
3825758,1,329,3290,3290,4532,301,0.9148936170212766,0,0,True,True,True,True,True,True
3825759,1,270,2700,2700,3806,233,0.8629629629629629,0,0,True,True,True,True,True,True
3825760,1,276,2760,2760,3860,241,0.8731884057971014,0,0,True,True,True,True,True,True
3825761,1,402,4020,4020,5797,350,0.8706467661691543,0,0,True,True,True,True,True,True
3825762,1,240,2400,2400,3295,212,0.8833333333333333,0,0,True,True,True,True,True,True
3825763,1,291,2910,2910,4081,256,0.8797250859106529,0,0,True,True,True,True,True,True
266160,1,192,1920,1920,2689,171,0.890625,0,0,True,True,True,True,True,True
3825764,1,276,2760,2760,4116,236,0.855072463768116,0,0,True,True,True,True,True,True
3825765,1,563,5630,5630,7899,500,0.8880994671403197,0,0,True,True,True,True,True,True
3825766,1,222,2220,2220,3109,204,0.918918918918919,0,0,True,True,True,True,True,True
3825767,1,405,4050,4050,5557,360,0.8888888888888888,0,0,True,True,True,True,True,True
3825768,1,234,2340,2340,3252,213,0.9102564102564102,0,0,True,True,True,True,True,True
3825769,1,344,3440,3440,4677,299,0.8691860465116279,0,0,True,True,True,True,True,True
3825770,1,510,5100,5100,7135,440,0.8627450980392157,0,0,True,True,True,True,True,True
3825771,1,280,2800,2800,3921,240,0.8571428571428571,0,0,True,True,True,True,True,True
3825772,1,324,3240,3240,4746,277,0.8549382716049383,0,0,True,True,True,True,True,True
266254,1,409,4090,4090,5844,362,0.8850855745721271,0,0,True,True,True,True,True,True
3825773,1,289,2890,2890,4243,253,0.8754325259515571,0,0,True,True,True,True,True,True
3825774,1,514,5140,5140,7328,445,0.8657587548638133,0,0,True,True,True,True,True,True
3825775,1,272,2720,2720,3744,241,0.8860294117647058,0,0,True,True,True,True,True,True
3825776,1,361,3610,3610,5273,323,0.8947368421052632,0,0,True,True,True,True,True,True
266815,1,123,1230,1230,1837,104,0.8455284552845529,0,0,True,True,True,True,True,True
3825777,1,218,2180,2180,3202,187,0.8577981651376146,0,0,True,True,True,True,True,True
267273,1,412,4120,4120,5785,359,0.8713592233009708,0,0,True,True,True,True,True,True
3825778,1,304,3040,3040,4288,260,0.8552631578947368,0,0,True,True,True,True,True,True
3825779,1,444,4440,4440,6290,390,0.8783783783783784,0,0,True,True,True,True,True,True
3825780,1,236,2360,2360,3283,205,0.8686440677966102,0,0,True,True,True,True,True,True
3825781,1,297,2970,2970,4189,261,0.8787878787878788,0,0,True,True,True,True,True,True
3825782,1,360,3600,3600,5135,314,0.8722222222222222,0,0,True,True,True,True,True,True
3825783,1,313,3130,3130,4349,275,0.8785942492012779,0,0,True,True,True,True,True,True
3825784,1,403,4030,4030,5779,360,0.8933002481389578,0,0,True,True,True,True,True,True
3825785,1,204,2040,2040,2880,179,0.8774509803921569,0,0,True,True,True,True,True,True
3825786,1,272,2720,2720,3919,237,0.8713235294117647,0,0,True,True,True,True,True,True
3825787,1,543,5430,5430,7838,476,0.8766114180478821,0,0,True,True,True,True,True,True
3825788,1,275,2750,2750,3808,244,0.8872727272727273,0,0,True,True,True,True,True,True
3825789,1,340,3400,3400,4755,308,0.9058823529411765,0,0,True,True,True,True,True,True
3825790,1,324,3240,3240,4389,297,0.9166666666666666,0,0,True,True,True,True,True,True
3825791,1,196,1960,1960,2733,161,0.8214285714285714,0,0,True,True,True,True,True,True
265839,1,517,5170,5170,7269,453,0.8762088974854932,0,0,True,True,True,True,True,True
3825792,1,506,5060,5060,7012,444,0.8774703557312253,0,0,True,True,True,True,True,True
3825793,1,418,4180,4180,5991,364,0.8708133971291866,0,0,True,True,True,True,True,True
3825794,1,365,3650,3650,5238,325,0.8904109589041096,0,0,True,True,True,True,True,True
3825795,1,453,4530,4530,6600,391,0.8631346578366446,0,0,True,True,True,True,True,True
3825796,1,391,3910,3910,5623,338,0.8644501278772379,0,0,True,True,True,True,True,True
3825797,1,425,4250,4250,5906,381,0.8964705882352941,0,0,True,True,True,True,True,True
3825798,1,309,3090,3090,4322,272,0.8802588996763754,0,0,True,True,True,True,True,True
3825799,1,234,2340,2340,3301,204,0.8717948717948718,0,0,True,True,True,True,True,True
3825800,1,553,5530,5530,7935,482,0.8716094032549728,0,0,True,True,True,True,True,True
3825801,1,359,3590,3590,5004,316,0.8802228412256268,0,0,True,True,True,True,True,True
266653,1,216,2160,2160,3011,191,0.8842592592592593,0,0,True,True,True,True,True,True
3825802,1,283,2830,2830,3848,254,0.8975265017667845,0,0,True,True,True,True,True,True
3825803,1,332,3320,3320,4650,294,0.8855421686746988,0,0,True,True,True,True,True,True
3825804,1,351,3510,3510,4840,304,0.8660968660968661,0,0,True,True,True,True,True,True
3825805,1,512,5120,5120,7460,460,0.8984375,0,0,True,True,True,True,True,True
3825806,1,463,4630,4630,6497,411,0.8876889848812095,0,0,True,True,True,True,True,True
3825867,1,261,2610,2610,3695,234,0.896551724137931,0,0,True,True,True,True,True,True
266056,1,236,2360,2360,3328,207,0.8771186440677966,0,0,True,True,True,True,True,True
3825807,1,316,3160,3160,4474,281,0.8892405063291139,0,0,True,True,True,True,True,True
3825808,1,302,3020,3020,4198,261,0.8642384105960265,0,0,True,True,True,True,True,True
3825809,1,211,2110,2110,2994,190,0.9004739336492891,0,0,True,True,True,True,True,True
3825810,1,343,3430,3430,4712,306,0.892128279883382,0,0,True,True,True,True,True,True
3825811,1,164,1640,1640,2280,152,0.926829268292683,0,0,True,True,True,True,True,True
3825812,1,296,2960,2960,4192,262,0.8851351351351351,0,0,True,True,True,True,True,True
266498,1,542,5420,5420,7611,480,0.8856088560885609,0,0,True,True,True,True,True,True
3825813,1,393,3930,3930,6108,342,0.8702290076335878,0,0,True,True,True,True,True,True
3825814,1,252,2520,2520,3695,225,0.8928571428571429,0,0,True,True,True,True,True,True
3825858,1,269,2690,2690,3916,234,0.8698884758364313,0,0,True,True,True,True,True,True
3825815,1,258,2580,2580,3547,225,0.872093023255814,0,0,True,True,True,True,True,True
3825816,1,340,3400,3400,4735,301,0.8852941176470588,0,0,True,True,True,True,True,True
3825844,1,328,3280,3280,4563,295,0.899390243902439,0,0,True,True,True,True,True,True
3825879,1,397,3970,3970,5703,358,0.9017632241813602,0,0,True,True,True,True,True,True
3825881,1,231,2310,2310,3226,209,0.9047619047619048,0,0,True,True,True,True,True,True
3825817,1,180,1800,1800,2463,155,0.8611111111111112,0,0,True,True,True,True,True,True
3825818,1,385,3850,3850,5415,341,0.8857142857142857,0,0,True,True,True,True,True,True
3825880,1,335,3350,3350,4688,294,0.8776119402985074,0,0,True,True,True,True,True,True
3825887,1,160,1600,1600,2239,149,0.93125,0,0,True,True,True,True,True,True
3825903,1,338,3380,3380,4786,298,0.8816568047337278,0,0,True,True,True,True,True,True
3825907,1,426,4260,4260,5972,366,0.8591549295774648,0,0,True,True,True,True,True,True
266106,1,239,2390,2390,3361,210,0.8786610878661087,0,0,True,True,True,True,True,True
3825819,1,315,3150,3150,4343,285,0.9047619047619048,0,0,True,True,True,True,True,True
3825820,1,466,4660,4660,6607,413,0.8862660944206009,0,0,True,True,True,True,True,True
3825821,1,242,2420,2420,3421,214,0.8842975206611571,0,0,True,True,True,True,True,True
3825885,1,271,2710,2710,3900,238,0.8782287822878229,0,0,True,True,True,True,True,True
267533,1,628,6280,6280,8867,551,0.8773885350318471,0,0,True,True,True,True,True,True
3825822,1,465,4650,4650,6547,408,0.8774193548387097,0,0,True,True,True,True,True,True
3825872,1,322,3220,3220,4605,283,0.8788819875776398,0,0,True,True,True,True,True,True
3825898,1,424,4240,4240,5888,363,0.8561320754716981,0,0,True,True,True,True,True,True
3825823,1,394,3940,3940,5641,351,0.8908629441624365,0,0,True,True,True,True,True,True
3825824,1,317,3170,3170,4557,281,0.886435331230284,0,0,True,True,True,True,True,True
3825877,1,360,3600,3600,5068,319,0.8861111111111111,0,0,True,True,True,True,True,True
3825905,1,371,3710,3710,5226,334,0.9002695417789758,0,0,True,True,True,True,True,True
3825825,1,297,2970,2970,4108,268,0.9023569023569024,0,0,True,True,True,True,True,True
3825826,1,306,3060,3060,4260,270,0.8823529411764706,0,0,True,True,True,True,True,True
266664,1,166,1660,1660,2385,144,0.8674698795180723,0,0,True,True,True,True,True,True
3825827,1,345,3450,3450,4914,310,0.8985507246376812,0,0,True,True,True,True,True,True
3825828,1,336,3360,3360,4699,302,0.8988095238095238,0,0,True,True,True,True,True,True
3825856,1,424,4240,4240,5871,375,0.8844339622641509,0,0,True,True,True,True,True,True
3825829,1,288,2880,2880,4008,257,0.8923611111111112,0,0,True,True,True,True,True,True
3825830,1,320,3200,3200,4463,278,0.86875,0,0,True,True,True,True,True,True
3825831,1,323,3230,3230,4555,285,0.8823529411764706,0,0,True,True,True,True,True,True
3825832,1,217,2170,2170,2971,193,0.8894009216589862,0,0,True,True,True,True,True,True
3825863,1,273,2730,2730,3775,242,0.8864468864468864,0,0,True,True,True,True,True,True
3825857,1,292,2920,2920,3953,270,0.9246575342465754,0,0,True,True,True,True,True,True
3825833,1,230,2300,2300,3235,205,0.8913043478260869,0,0,True,True,True,True,True,True
3825852,1,397,3970,3970,5622,355,0.8942065491183879,0,0,True,True,True,True,True,True
3825889,1,439,4390,4390,6185,397,0.9043280182232346,0,0,True,True,True,True,True,True
3825897,1,230,2300,2300,3143,202,0.8782608695652174,0,0,True,True,True,True,True,True
266557,1,582,5820,5820,8212,514,0.8831615120274914,0,0,True,True,True,True,True,True
3825834,1,346,3460,3460,4926,307,0.8872832369942196,0,0,True,True,True,True,True,True
3825835,1,243,2430,2430,3324,213,0.8765432098765432,0,0,True,True,True,True,True,True
3825836,1,431,4310,4310,6303,380,0.8816705336426914,0,0,True,True,True,True,True,True
3825906,1,440,4400,4400,6290,391,0.8886363636363637,0,0,True,True,True,True,True,True
3825837,1,336,3360,3360,4740,305,0.9077380952380952,0,0,True,True,True,True,True,True
3825862,1,270,2700,2700,3787,230,0.8518518518518519,0,0,True,True,True,True,True,True
266310,1,258,2580,2580,3658,228,0.8837209302325582,0,0,True,True,True,True,True,True
3825838,1,535,5350,5350,7740,464,0.8672897196261682,0,0,True,True,True,True,True,True
3825839,1,298,2980,2980,4035,256,0.8590604026845637,0,0,True,True,True,True,True,True
3825840,1,373,3730,3730,5254,335,0.8981233243967829,0,0,True,True,True,True,True,True
3825843,1,281,2810,2810,3823,255,0.9074733096085409,0,0,True,True,True,True,True,True
3825893,1,582,5820,5820,8157,514,0.8831615120274914,0,0,True,True,True,True,True,True
3825841,1,382,3820,3820,5280,342,0.8952879581151832,0,0,True,True,True,True,True,True
3825896,1,276,2760,2760,3840,248,0.8985507246376812,0,0,True,True,True,True,True,True
3825871,1,423,4230,4230,5964,373,0.8817966903073287,0,0,True,True,True,True,True,True
265944,1,588,5880,5880,8051,532,0.9047619047619048,0,0,True,True,True,True,True,True
3825847,1,281,2810,2810,3869,247,0.8790035587188612,0,0,True,True,True,True,True,True
3825886,1,229,2290,2290,3218,200,0.8733624454148472,0,0,True,True,True,True,True,True
3825890,1,270,2700,2700,4004,232,0.8592592592592593,0,0,True,True,True,True,True,True
3825842,1,170,1700,1700,2282,148,0.8705882352941177,0,0,True,True,True,True,True,True
3825875,1,255,2550,2550,3512,234,0.9176470588235294,0,0,True,True,True,True,True,True
3825884,1,284,2840,2840,3930,247,0.8697183098591549,0,0,True,True,True,True,True,True
3825899,1,236,2360,2360,3369,213,0.902542372881356,0,0,True,True,True,True,True,True
3825868,1,465,4650,4650,6412,409,0.8795698924731182,0,0,True,True,True,True,True,True
3825854,1,278,2780,2780,3789,255,0.9172661870503597,0,0,True,True,True,True,True,True
266986,1,172,1720,1720,2442,151,0.877906976744186,0,0,True,True,True,True,True,True
3825859,1,253,2530,2530,3575,227,0.8972332015810277,0,0,True,True,True,True,True,True
3825864,1,299,2990,2990,4102,269,0.8996655518394648,0,0,True,True,True,True,True,True
3825878,1,156,1560,1560,2129,138,0.8846153846153846,0,0,True,True,True,True,True,True
3825845,1,222,2220,2220,3084,195,0.8783783783783784,0,0,True,True,True,True,True,True
3825870,1,310,3100,3100,4382,275,0.8870967741935484,0,0,True,True,True,True,True,True
3825873,1,464,4640,4640,6671,398,0.8577586206896551,0,0,True,True,True,True,True,True
3825894,1,286,2860,2860,3925,257,0.8986013986013986,0,0,True,True,True,True,True,True
3825855,1,335,3350,3350,4733,299,0.8925373134328358,0,0,True,True,True,True,True,True
265958,1,479,4790,4790,6693,425,0.8872651356993737,0,0,True,True,True,True,True,True
3825850,1,428,4280,4280,5996,373,0.8714953271028038,0,0,True,True,True,True,True,True
3825851,1,494,4940,4940,7167,444,0.8987854251012146,0,0,True,True,True,True,True,True
3825853,1,387,3870,3870,5436,347,0.896640826873385,0,0,True,True,True,True,True,True
3825860,1,456,4560,4560,6600,407,0.8925438596491229,0,0,True,True,True,True,True,True
3825861,1,203,2030,2030,2918,180,0.8866995073891626,0,0,True,True,True,True,True,True
3825865,1,284,2840,2840,4065,259,0.9119718309859155,0,0,True,True,True,True,True,True
3825866,1,505,5050,5050,7110,443,0.8772277227722772,0,0,True,True,True,True,True,True
3825901,1,443,4430,4430,6342,401,0.9051918735891648,0,0,True,True,True,True,True,True
3825904,1,415,4150,4150,6050,362,0.8722891566265061,0,0,True,True,True,True,True,True
3825849,1,325,3250,3250,4638,281,0.8646153846153846,0,0,True,True,True,True,True,True
267506,1,197,1970,1970,2830,170,0.8629441624365483,0,0,True,True,True,True,True,True
3825846,1,363,3630,3630,5240,319,0.8787878787878788,0,0,True,True,True,True,True,True
3825869,1,390,3900,3900,5553,347,0.8897435897435897,0,0,True,True,True,True,True,True
3825882,1,341,3410,3410,5059,293,0.8592375366568915,0,0,True,True,True,True,True,True
3825876,1,375,3750,3750,5423,319,0.8506666666666667,0,0,True,True,True,True,True,True
3825883,1,210,2100,2100,2920,188,0.8952380952380953,0,0,True,True,True,True,True,True
3825900,1,423,4230,4230,5867,372,0.8794326241134752,0,0,True,True,True,True,True,True
3825902,1,394,3940,3940,5834,353,0.8959390862944162,0,0,True,True,True,True,True,True
3825908,1,304,3040,3040,4246,279,0.9177631578947368,0,0,True,True,True,True,True,True
267670,1,600,6000,6000,8665,525,0.875,0,0,True,True,True,True,True,True
266892,1,232,2320,2320,3302,212,0.9137931034482759,0,0,True,True,True,True,True,True
267220,1,609,6090,6090,8729,547,0.8981937602627258,0,0,True,True,True,True,True,True
267492,1,543,5430,5430,7715,480,0.8839779005524862,0,0,True,True,True,True,True,True
266033,1,171,1710,1710,2429,141,0.8245614035087719,0,0,True,True,True,True,True,True
267058,1,616,6160,6160,9106,530,0.8603896103896104,0,0,True,True,True,True,True,True
266989,1,350,3500,3500,4958,301,0.86,0,0,True,True,True,True,True,True
266191,1,367,3670,3670,5068,321,0.8746594005449592,0,0,True,True,True,True,True,True
267076,1,463,4630,4630,6376,420,0.9071274298056156,0,0,True,True,True,True,True,True
266357,1,122,1220,1220,1721,111,0.9098360655737705,0,0,True,True,True,True,True,True
266528,1,499,4990,4990,6979,447,0.8957915831663327,0,0,True,True,True,True,True,True
266477,1,230,2300,2300,3309,207,0.9,0,0,True,True,True,True,True,True
267395,1,463,4630,4630,6533,411,0.8876889848812095,0,0,True,True,True,True,True,True
266731,1,235,2350,2350,3341,216,0.9191489361702128,0,0,True,True,True,True,True,True
266516,1,199,1990,1990,3030,173,0.8693467336683417,0,0,True,True,True,True,True,True
266874,1,358,3580,3580,5018,322,0.8994413407821229,0,0,True,True,True,True,True,True
267464,1,204,2040,2040,2944,183,0.8970588235294118,0,0,True,True,True,True,True,True
265952,1,594,5940,5940,8689,519,0.8737373737373737,0,0,True,True,True,True,True,True
266299,1,451,4510,4510,6181,402,0.8913525498891353,0,0,True,True,True,True,True,True
267660,1,196,1960,1960,2782,179,0.9132653061224489,0,0,True,True,True,True,True,True
266440,1,545,5450,5450,7711,472,0.8660550458715597,0,0,True,True,True,True,True,True
266280,1,514,5140,5140,7208,458,0.8910505836575876,0,0,True,True,True,True,True,True
267590,1,188,1880,1880,2620,168,0.8936170212765957,0,0,True,True,True,True,True,True
267373,1,425,4250,4250,5792,380,0.8941176470588236,0,0,True,True,True,True,True,True
267569,1,306,3060,3060,4348,271,0.8856209150326797,0,0,True,True,True,True,True,True
267101,1,712,7120,7120,10349,629,0.8834269662921348,0,0,True,True,True,True,True,True
267077,1,196,1960,1960,2802,167,0.8520408163265306,0,0,True,True,True,True,True,True
266952,1,619,6190,6190,8533,556,0.8982229402261712,0,0,True,True,True,True,True,True
267039,1,319,3190,3190,4466,288,0.9028213166144201,0,0,True,True,True,True,True,True
267432,1,510,5100,5100,7097,468,0.9176470588235294,0,0,True,True,True,True,True,True
9575,1,567,5670,5670,8199,491,0.8659611992945326,0,0,True,True,True,True,True,True
9581,1,173,1730,1730,2390,163,0.9421965317919075,0,0,True,True,True,True,True,True
9592,1,621,6210,6210,8738,544,0.8760064412238325,0,0,True,True,True,True,True,True
9602,1,168,1680,1680,2429,135,0.8035714285714286,0,0,True,True,True,True,True,True
9609,1,485,4850,4850,6679,426,0.8783505154639175,0,0,True,True,True,True,True,True
9636,1,392,3920,3920,5567,340,0.8673469387755102,0,0,True,True,True,True,True,True
9642,1,233,2330,2330,3438,195,0.8369098712446352,0,0,True,True,True,True,True,True
9650,1,608,6080,6080,8633,548,0.9013157894736842,0,0,True,True,True,True,True,True
9661,1,256,2560,2560,3565,237,0.92578125,0,0,True,True,True,True,True,True
9673,1,465,4650,4650,6461,418,0.8989247311827957,0,0,True,True,True,True,True,True
9695,1,256,2560,2560,3700,211,0.82421875,0,0,True,True,True,True,True,True
9700,1,606,6060,6060,8379,546,0.900990099009901,0,0,True,True,True,True,True,True
9717,1,253,2530,2530,3621,218,0.8616600790513834,0,0,True,True,True,True,True,True
9726,1,537,5370,5370,7367,482,0.8975791433891993,0,0,True,True,True,True,True,True
9736,1,355,3550,3550,5030,310,0.8732394366197183,0,0,True,True,True,True,True,True
9742,1,598,5980,5980,8454,531,0.8879598662207357,0,0,True,True,True,True,True,True
9754,1,361,3610,3610,5126,321,0.889196675900277,0,0,True,True,True,True,True,True
9765,1,405,4050,4050,5827,361,0.891358024691358,0,0,True,True,True,True,True,True
9774,1,571,5710,5710,7919,510,0.8931698774080561,0,0,True,True,True,True,True,True
9783,1,142,1420,1420,2052,131,0.9225352112676056,0,0,True,True,True,True,True,True
9794,1,617,6170,6170,8749,559,0.9059967585089141,0,0,True,True,True,True,True,True
9799,1,343,3430,3430,4752,301,0.8775510204081632,0,0,True,True,True,True,True,True
9827,1,229,2290,2290,3231,198,0.8646288209606987,0,0,True,True,True,True,True,True
9837,1,475,4750,4750,6720,428,0.9010526315789473,0,0,True,True,True,True,True,True
9855,1,483,4830,4830,6774,443,0.917184265010352,0,0,True,True,True,True,True,True
9860,1,304,3040,3040,4384,264,0.868421052631579,0,0,True,True,True,True,True,True
9870,1,610,6100,6100,8738,535,0.8770491803278688,0,0,True,True,True,True,True,True
9880,1,623,6230,6230,8749,559,0.8972712680577849,0,0,True,True,True,True,True,True
9889,1,342,3420,3420,4814,309,0.9035087719298246,0,0,True,True,True,True,True,True
9912,1,350,3500,3500,5038,304,0.8685714285714285,0,0,True,True,True,True,True,True
9924,1,440,4400,4400,6331,385,0.875,0,0,True,True,True,True,True,True
9928,1,535,5350,5350,7381,475,0.8878504672897196,0,0,True,True,True,True,True,True
9948,1,501,5010,5010,7120,449,0.8962075848303394,0,0,True,True,True,True,True,True
15946,1,734,7340,7340,10466,640,0.8719346049046321,0,0,True,True,True,True,True,True
15956,1,244,2440,2440,3403,212,0.8688524590163934,0,0,True,True,True,True,True,True
15978,1,259,2590,2590,3591,234,0.9034749034749034,0,0,True,True,True,True,True,True
15998,1,179,1790,1790,2408,167,0.9329608938547486,0,0,True,True,True,True,True,True
16010,1,480,4800,4800,6758,429,0.89375,0,0,True,True,True,True,True,True
16023,1,229,2290,2290,3265,204,0.8908296943231441,0,0,True,True,True,True,True,True
16029,1,379,3790,3790,5195,342,0.9023746701846965,0,0,True,True,True,True,True,True
16056,1,385,3850,3850,5487,345,0.8961038961038961,0,0,True,True,True,True,True,True
16073,1,253,2530,2530,3741,219,0.8656126482213439,0,0,True,True,True,True,True,True
16079,1,623,6230,6230,8894,549,0.8812199036918138,0,0,True,True,True,True,True,True
16086,1,341,3410,3410,4862,305,0.8944281524926686,0,0,True,True,True,True,True,True
16095,1,298,2980,2980,4333,266,0.8926174496644296,0,0,True,True,True,True,True,True
16109,1,448,4480,4480,6248,380,0.8482142857142857,0,0,True,True,True,True,True,True
16120,1,135,1350,1350,1902,119,0.8814814814814815,0,0,True,True,True,True,True,True
16131,1,493,4930,4930,6887,444,0.9006085192697769,0,0,True,True,True,True,True,True
16136,1,595,5950,5950,8404,534,0.8974789915966387,0,0,True,True,True,True,True,True
16149,1,255,2550,2550,3531,227,0.8901960784313725,0,0,True,True,True,True,True,True
16157,1,632,6320,6320,8734,564,0.8924050632911392,0,0,True,True,True,True,True,True
16173,1,234,2340,2340,3134,212,0.905982905982906,0,0,True,True,True,True,True,True
16182,1,593,5930,5930,8428,519,0.8752107925801011,0,0,True,True,True,True,True,True
16190,1,231,2310,2310,3304,198,0.8571428571428571,0,0,True,True,True,True,True,True
16196,1,330,3300,3300,4571,292,0.8848484848484849,0,0,True,True,True,True,True,True
16205,1,589,5890,5890,8474,526,0.8930390492359932,0,0,True,True,True,True,True,True
16215,1,492,4920,4920,6977,437,0.8882113821138211,0,0,True,True,True,True,True,True
16231,1,533,5330,5330,7691,460,0.8630393996247655,0,0,True,True,True,True,True,True
16240,1,270,2700,2700,3882,236,0.8740740740740741,0,0,True,True,True,True,True,True
16248,1,629,6290,6290,9152,543,0.863275039745628,0,0,True,True,True,True,True,True
16265,1,421,4210,4210,5839,371,0.8812351543942993,0,0,True,True,True,True,True,True
16275,1,144,1440,1440,2134,120,0.8333333333333334,0,0,True,True,True,True,True,True
16289,1,504,5040,5040,7054,448,0.8888888888888888,0,0,True,True,True,True,True,True
16306,1,725,7250,7250,10198,627,0.8648275862068966,0,0,True,True,True,True,True,True
16317,1,276,2760,2760,3912,241,0.8731884057971014,0,0,True,True,True,True,True,True
303666,1,130,1300,1300,1853,114,0.8769230769230769,0,0,True,True,True,True,True,True
303430,1,496,4960,4960,6837,453,0.9133064516129032,0,0,True,True,True,True,True,True
303473,1,475,4750,4750,6605,436,0.9178947368421052,0,0,True,True,True,True,True,True
303700,1,319,3190,3190,4691,277,0.8683385579937304,0,0,True,True,True,True,True,True
303600,1,486,4860,4860,6696,440,0.9053497942386831,0,0,True,True,True,True,True,True
303504,1,274,2740,2740,3858,235,0.8576642335766423,0,0,True,True,True,True,True,True
303487,1,563,5630,5630,8060,500,0.8880994671403197,0,0,True,True,True,True,True,True
303715,1,141,1410,1410,2073,124,0.8794326241134752,0,0,True,True,True,True,True,True
303524,1,273,2730,2730,3956,238,0.8717948717948718,0,0,True,True,True,True,True,True
303451,1,586,5860,5860,8236,519,0.8856655290102389,0,0,True,True,True,True,True,True
303664,1,488,4880,4880,7013,423,0.8668032786885246,0,0,True,True,True,True,True,True
303596,1,494,4940,4940,6925,443,0.8967611336032388,0,0,True,True,True,True,True,True
303517,1,677,6770,6770,9394,591,0.8729689807976366,0,0,True,True,True,True,True,True
303652,1,214,2140,2140,2964,191,0.8925233644859814,0,0,True,True,True,True,True,True
303610,1,839,8390,8390,11891,742,0.8843861740166865,0,0,True,True,True,True,True,True
303400,1,232,2320,2320,3394,195,0.8405172413793104,0,0,True,True,True,True,True,True
303682,1,652,6520,6520,9235,567,0.8696319018404908,0,0,True,True,True,True,True,True
303707,1,233,2330,2330,3211,210,0.9012875536480687,0,0,True,True,True,True,True,True
303377,1,574,5740,5740,8111,499,0.8693379790940766,0,0,True,True,True,True,True,True
303731,1,568,5680,5680,7788,509,0.8961267605633803,0,0,True,True,True,True,True,True
303470,1,449,4490,4490,6324,384,0.8552338530066815,0,0,True,True,True,True,True,True
303479,1,446,4460,4460,6149,397,0.8901345291479821,0,0,True,True,True,True,True,True
303548,1,235,2350,2350,3459,195,0.8297872340425532,0,0,True,True,True,True,True,True
303532,1,676,6760,6760,9883,599,0.886094674556213,0,0,True,True,True,True,True,True
303674,1,277,2770,2770,3908,245,0.8844765342960289,0,0,True,True,True,True,True,True
303493,1,602,6020,6020,8352,542,0.9003322259136213,0,0,True,True,True,True,True,True
303516,1,185,1850,1850,2634,158,0.8540540540540541,0,0,True,True,True,True,True,True
303696,1,666,6660,6660,9279,600,0.9009009009009009,0,0,True,True,True,True,True,True
303725,1,246,2460,2460,3355,211,0.8577235772357723,0,0,True,True,True,True,True,True
303615,1,731,7310,7310,10644,631,0.8632010943912448,0,0,True,True,True,True,True,True
303680,1,228,2280,2280,3230,203,0.8903508771929824,0,0,True,True,True,True,True,True
303634,1,620,6200,6200,8766,547,0.882258064516129,0,0,True,True,True,True,True,True
303421,1,204,2040,2040,2926,180,0.8823529411764706,0,0,True,True,True,True,True,True
3773593,1,572,5720,5720,8019,516,0.9020979020979021,0,0,True,True,True,True,True,True
3773466,1,248,2480,2480,3607,212,0.8548387096774194,0,0,True,True,True,True,True,True
3773672,1,502,5020,5020,7133,450,0.896414342629482,0,0,True,True,True,True,True,True
3773587,1,133,1330,1330,1853,112,0.8421052631578947,0,0,True,True,True,True,True,True
3773585,1,519,5190,5190,7461,456,0.8786127167630058,0,0,True,True,True,True,True,True
3773386,1,111,1110,1110,1523,90,0.8108108108108109,0,0,True,True,True,True,True,True
3773477,1,484,4840,4840,6679,424,0.8760330578512396,0,0,True,True,True,True,True,True
3773656,1,430,4300,4300,5991,387,0.9,0,0,True,True,True,True,True,True
3773547,1,591,5910,5910,8331,519,0.8781725888324873,0,0,True,True,True,True,True,True
3773660,1,574,5740,5740,8032,511,0.8902439024390244,0,0,True,True,True,True,True,True
3773523,1,393,3930,3930,5583,350,0.8905852417302799,0,0,True,True,True,True,True,True
3773377,1,599,5990,5990,8523,534,0.8914858096828047,0,0,True,True,True,True,True,True
3773571,1,289,2890,2890,4197,252,0.8719723183391004,0,0,True,True,True,True,True,True
3764661,1,350,3500,3500,4920,318,0.9085714285714286,0,0,True,True,True,True,True,True
3773565,1,192,1920,1920,2733,171,0.890625,0,0,True,True,True,True,True,True
3773403,1,515,5150,5150,7155,460,0.8932038834951457,0,0,True,True,True,True,True,True
3773631,1,277,2770,2770,3889,234,0.8447653429602888,0,0,True,True,True,True,True,True
3773526,1,646,6460,6460,9079,570,0.8823529411764706,0,0,True,True,True,True,True,True
3764440,1,604,6040,6040,8517,533,0.8824503311258278,0,0,True,True,True,True,True,True
3773625,1,319,3190,3190,4504,276,0.8652037617554859,0,0,True,True,True,True,True,True
3773665,1,290,2900,2900,4007,266,0.9172413793103448,0,0,True,True,True,True,True,True
3773597,1,238,2380,2380,3390,209,0.8781512605042017,0,0,True,True,True,True,True,True
3773474,1,567,5670,5670,8047,501,0.8835978835978836,0,0,True,True,True,True,True,True
3773497,1,215,2150,2150,2992,181,0.8418604651162791,0,0,True,True,True,True,True,True
3773661,1,694,6940,6940,9677,619,0.8919308357348703,0,0,True,True,True,True,True,True
3773689,1,343,3430,3430,4804,297,0.8658892128279884,0,0,True,True,True,True,True,True
3773586,1,752,7520,7520,10725,660,0.8776595744680851,0,0,True,True,True,True,True,True
3773695,1,263,2630,2630,3725,228,0.8669201520912547,0,0,True,True,True,True,True,True
3773372,1,455,4550,4550,6431,402,0.8835164835164835,0,0,True,True,True,True,True,True
3773387,1,291,2910,2910,4085,245,0.8419243986254296,0,0,True,True,True,True,True,True
3773457,1,563,5630,5630,7990,499,0.8863232682060391,0,0,True,True,True,True,True,True
68335,2,454,4540,4540,6432,414,0.9118942731277533,0,0,True,True,True,True,True,True
69179,2,322,3220,3220,4456,282,0.8757763975155279,0,0,True,True,True,True,True,True
69180,2,158,1580,1580,2286,135,0.8544303797468354,0,0,True,True,True,True,True,True
69169,2,586,5860,5860,8445,522,0.8907849829351536,0,0,True,True,True,True,True,True
69148,2,432,4320,4320,6140,389,0.9004629629629629,0,0,True,True,True,True,True,True
69178,2,209,2090,2090,2847,191,0.9138755980861244,0,0,True,True,True,True,True,True
68356,2,238,2380,2380,3297,209,0.8781512605042017,0,0,True,True,True,True,True,True
69173,2,456,4560,4560,6489,383,0.8399122807017544,0,0,True,True,True,True,True,True
69181,2,270,2700,2700,3868,229,0.8481481481481481,0,0,True,True,True,True,True,True
69187,2,421,4210,4210,6088,361,0.8574821852731591,0,0,True,True,True,True,True,True
69146,2,274,2740,2740,3779,231,0.843065693430657,0,0,True,True,True,True,True,True
69182,2,269,2690,2690,3711,234,0.8698884758364313,0,0,True,True,True,True,True,True
68360,2,663,6630,6630,9208,599,0.9034690799396682,0,0,True,True,True,True,True,True
68365,2,198,1980,1980,2804,172,0.8686868686868687,0,0,True,True,True,True,True,True
68359,2,477,4770,4770,6793,409,0.8574423480083857,0,0,True,True,True,True,True,True
69141,2,538,5380,5380,7726,487,0.9052044609665427,0,0,True,True,True,True,True,True
68361,2,375,3750,3750,5450,318,0.848,0,0,True,True,True,True,True,True
69215,2,566,5660,5660,8154,506,0.8939929328621908,0,0,True,True,True,True,True,True
69207,2,456,4560,4560,6307,402,0.881578947368421,0,0,True,True,True,True,True,True
69211,2,149,1490,1490,2049,124,0.8322147651006712,0,0,True,True,True,True,True,True
69212,2,466,4660,4660,6599,416,0.8927038626609443,0,0,True,True,True,True,True,True
69285,2,158,1580,1580,2197,133,0.8417721518987342,0,0,True,True,True,True,True,True
69171,2,211,2110,2110,2979,188,0.8909952606635071,0,0,True,True,True,True,True,True
69149,2,444,4440,4440,6331,383,0.8626126126126126,0,0,True,True,True,True,True,True
69225,2,456,4560,4560,6474,407,0.8925438596491229,0,0,True,True,True,True,True,True
69228,2,281,2810,2810,3871,245,0.8718861209964412,0,0,True,True,True,True,True,True
69230,2,198,1980,1980,2782,172,0.8686868686868687,0,0,True,True,True,True,True,True
69183,2,438,4380,4380,6126,391,0.8926940639269406,0,0,True,True,True,True,True,True
69209,2,185,1850,1850,2540,162,0.8756756756756757,0,0,True,True,True,True,True,True
69195,2,129,1290,1290,1862,107,0.8294573643410853,0,0,True,True,True,True,True,True
69139,2,350,3500,3500,5276,304,0.8685714285714285,0,0,True,True,True,True,True,True
69185,2,279,2790,2790,3905,243,0.8709677419354839,0,0,True,True,True,True,True,True
69216,2,510,5100,5100,7283,454,0.8901960784313725,0,0,True,True,True,True,True,True
69142,2,523,5230,5230,7326,465,0.8891013384321224,0,0,True,True,True,True,True,True
69222,2,438,4380,4380,6171,403,0.9200913242009132,0,0,True,True,True,True,True,True
69223,2,203,2030,2030,2830,182,0.896551724137931,0,0,True,True,True,True,True,True
69251,2,171,1710,1710,2406,150,0.8771929824561403,0,0,True,True,True,True,True,True
69249,2,272,2720,2720,3819,246,0.9044117647058824,0,0,True,True,True,True,True,True
69217,2,476,4760,4760,6795,416,0.8739495798319328,0,0,True,True,True,True,True,True
69229,2,278,2780,2780,4076,241,0.8669064748201439,0,0,True,True,True,True,True,True
69292,2,452,4520,4520,6279,409,0.9048672566371682,0,0,True,True,True,True,True,True
69254,2,166,1660,1660,2266,146,0.8795180722891566,0,0,True,True,True,True,True,True
69255,2,136,1360,1360,1966,121,0.8897058823529411,0,0,True,True,True,True,True,True
69256,2,569,5690,5690,7981,490,0.8611599297012302,0,0,True,True,True,True,True,True
69252,2,292,2920,2920,3959,265,0.9075342465753424,0,0,True,True,True,True,True,True
69253,2,777,7770,7770,11473,670,0.8622908622908623,0,0,True,True,True,True,True,True
69277,2,169,1690,1690,2455,150,0.8875739644970414,0,0,True,True,True,True,True,True
69250,2,423,4230,4230,6108,383,0.9054373522458629,0,0,True,True,True,True,True,True
69288,2,197,1970,1970,2703,178,0.9035532994923858,0,0,True,True,True,True,True,True
69262,2,473,4730,4730,7028,414,0.8752642706131079,0,0,True,True,True,True,True,True
69218,2,188,1880,1880,2643,160,0.851063829787234,0,0,True,True,True,True,True,True
69243,2,533,5330,5330,7836,459,0.8611632270168855,0,0,True,True,True,True,True,True
69210,2,222,2220,2220,3110,192,0.8648648648648649,0,0,True,True,True,True,True,True
69240,2,384,3840,3840,5650,335,0.8723958333333334,0,0,True,True,True,True,True,True
69237,2,249,2490,2490,3670,221,0.8875502008032129,0,0,True,True,True,True,True,True
69233,2,545,5450,5450,7720,490,0.8990825688073395,0,0,True,True,True,True,True,True
69238,2,634,6340,6340,9140,554,0.8738170347003155,0,0,True,True,True,True,True,True
69226,2,192,1920,1920,2642,169,0.8802083333333334,0,0,True,True,True,True,True,True
69224,2,449,4490,4490,6718,398,0.8864142538975501,0,0,True,True,True,True,True,True
69227,2,218,2180,2180,3220,182,0.8348623853211009,0,0,True,True,True,True,True,True
69257,2,490,4900,4900,6956,434,0.8857142857142857,0,0,True,True,True,True,True,True
69298,2,203,2030,2030,2830,178,0.8768472906403941,0,0,True,True,True,True,True,True
69247,2,487,4870,4870,6789,431,0.8850102669404517,0,0,True,True,True,True,True,True
69259,2,301,3010,3010,4125,267,0.8870431893687708,0,0,True,True,True,True,True,True
69221,2,673,6730,6730,10021,586,0.8707280832095097,0,0,True,True,True,True,True,True
69213,2,198,1980,1980,2751,183,0.9242424242424242,0,0,True,True,True,True,True,True
69244,2,263,2630,2630,3680,235,0.8935361216730038,0,0,True,True,True,True,True,True
69239,2,203,2030,2030,2796,186,0.916256157635468,0,0,True,True,True,True,True,True
69242,2,564,5640,5640,7976,510,0.9042553191489362,0,0,True,True,True,True,True,True
69286,2,278,2780,2780,3891,257,0.9244604316546763,0,0,True,True,True,True,True,True
69269,2,164,1640,1640,2283,151,0.9207317073170732,0,0,True,True,True,True,True,True
69236,2,544,5440,5440,7885,472,0.8676470588235294,0,0,True,True,True,True,True,True
69260,2,418,4180,4180,5841,374,0.8947368421052632,0,0,True,True,True,True,True,True
69263,2,158,1580,1580,2327,139,0.879746835443038,0,0,True,True,True,True,True,True
69289,2,542,5420,5420,7687,480,0.8856088560885609,0,0,True,True,True,True,True,True
69270,2,220,2200,2200,3017,196,0.8909090909090909,0,0,True,True,True,True,True,True
69308,2,582,5820,5820,8415,514,0.8831615120274914,0,0,True,True,True,True,True,True
69306,2,238,2380,2380,3318,218,0.9159663865546218,0,0,True,True,True,True,True,True
69299,2,620,6200,6200,9102,545,0.8790322580645161,0,0,True,True,True,True,True,True
69307,2,151,1510,1510,2126,137,0.9072847682119205,0,0,True,True,True,True,True,True
69275,2,283,2830,2830,3895,246,0.8692579505300353,0,0,True,True,True,True,True,True
69280,2,217,2170,2170,2935,195,0.8986175115207373,0,0,True,True,True,True,True,True
69278,2,661,6610,6610,9600,577,0.8729198184568835,0,0,True,True,True,True,True,True
69295,2,742,7420,7420,10647,651,0.8773584905660378,0,0,True,True,True,True,True,True
69276,2,716,7160,7160,10575,626,0.8743016759776536,0,0,True,True,True,True,True,True
69248,2,108,1080,1080,1588,91,0.8425925925925926,0,0,True,True,True,True,True,True
69282,2,727,7270,7270,10634,637,0.8762035763411279,0,0,True,True,True,True,True,True
69283,2,154,1540,1540,2153,135,0.8766233766233766,0,0,True,True,True,True,True,True
69274,2,290,2900,2900,4083,257,0.8862068965517241,0,0,True,True,True,True,True,True
69300,2,766,7660,7660,11686,659,0.860313315926893,0,0,True,True,True,True,True,True
69291,2,190,1900,1900,2556,173,0.9105263157894737,0,0,True,True,True,True,True,True
69303,2,615,6150,6150,9075,525,0.8536585365853658,0,0,True,True,True,True,True,True
69304,2,253,2530,2530,3754,207,0.8181818181818182,0,0,True,True,True,True,True,True
69305,2,587,5870,5870,8555,518,0.8824531516183987,0,0,True,True,True,True,True,True
69245,2,133,1330,1330,1944,116,0.8721804511278195,0,0,True,True,True,True,True,True
69271,2,505,5050,5050,7067,448,0.8871287128712871,0,0,True,True,True,True,True,True
69234,2,662,6620,6620,9556,580,0.8761329305135952,0,0,True,True,True,True,True,True
69272,2,165,1650,1650,2408,140,0.8484848484848485,0,0,True,True,True,True,True,True
69268,2,697,6970,6970,9646,611,0.8766140602582496,0,0,True,True,True,True,True,True
69264,2,182,1820,1820,2465,157,0.8626373626373627,0,0,True,True,True,True,True,True
70220,2,687,6870,6870,10025,598,0.8704512372634643,0,0,True,True,True,True,True,True
70223,2,251,2510,2510,3534,215,0.8565737051792829,0,0,True,True,True,True,True,True
69297,2,720,7200,7200,10485,630,0.875,0,0,True,True,True,True,True,True
69265,2,188,1880,1880,2593,164,0.8723404255319149,0,0,True,True,True,True,True,True
69293,2,852,8520,8520,12461,729,0.8556338028169014,0,0,True,True,True,True,True,True
69329,2,656,6560,6560,9735,567,0.864329268292683,0,0,True,True,True,True,True,True
69314,2,630,6300,6300,9129,542,0.8603174603174604,0,0,True,True,True,True,True,True
69330,2,256,2560,2560,3531,220,0.859375,0,0,True,True,True,True,True,True
69331,2,487,4870,4870,6835,426,0.8747433264887063,0,0,True,True,True,True,True,True
69315,2,185,1850,1850,2578,163,0.8810810810810811,0,0,True,True,True,True,True,True
69333,2,618,6180,6180,8924,548,0.8867313915857605,0,0,True,True,True,True,True,True
69334,2,261,2610,2610,3665,229,0.8773946360153256,0,0,True,True,True,True,True,True
69312,2,278,2780,2780,3873,242,0.8705035971223022,0,0,True,True,True,True,True,True
69327,2,615,6150,6150,9083,534,0.8682926829268293,0,0,True,True,True,True,True,True
69335,2,206,2060,2060,3051,183,0.8883495145631068,0,0,True,True,True,True,True,True
69338,2,209,2090,2090,2974,184,0.8803827751196173,0,0,True,True,True,True,True,True
69316,2,676,6760,6760,9620,595,0.8801775147928994,0,0,True,True,True,True,True,True
69336,2,165,1650,1650,2323,147,0.8909090909090909,0,0,True,True,True,True,True,True
69328,2,485,4850,4850,6894,428,0.8824742268041237,0,0,True,True,True,True,True,True
69337,2,173,1730,1730,2506,148,0.8554913294797688,0,0,True,True,True,True,True,True
69322,2,173,1730,1730,2348,161,0.930635838150289,0,0,True,True,True,True,True,True
69326,2,295,2950,2950,4002,269,0.911864406779661,0,0,True,True,True,True,True,True
69325,2,230,2300,2300,3239,198,0.8608695652173913,0,0,True,True,True,True,True,True
69323,2,452,4520,4520,6397,393,0.8694690265486725,0,0,True,True,True,True,True,True
70219,2,124,1240,1240,1732,110,0.8870967741935484,0,0,True,True,True,True,True,True
69343,2,686,6860,6860,10517,593,0.8644314868804664,0,0,True,True,True,True,True,True
70221,2,186,1860,1860,2526,161,0.8655913978494624,0,0,True,True,True,True,True,True
69324,2,569,5690,5690,8121,499,0.8769771528998243,0,0,True,True,True,True,True,True
69340,2,596,5960,5960,8502,520,0.87248322147651,0,0,True,True,True,True,True,True
69320,2,538,5380,5380,7585,491,0.912639405204461,0,0,True,True,True,True,True,True
69319,2,306,3060,3060,4176,283,0.9248366013071896,0,0,True,True,True,True,True,True
70259,2,647,6470,6470,9328,569,0.8794435857805255,0,0,True,True,True,True,True,True
70262,2,157,1570,1570,2257,139,0.8853503184713376,0,0,True,True,True,True,True,True
70286,2,623,6230,6230,8890,539,0.8651685393258427,0,0,True,True,True,True,True,True
70292,2,207,2070,2070,2899,184,0.8888888888888888,0,0,True,True,True,True,True,True
70275,2,184,1840,1840,2599,160,0.8695652173913043,0,0,True,True,True,True,True,True
70300,2,591,5910,5910,8515,528,0.8934010152284264,0,0,True,True,True,True,True,True
70304,2,283,2830,2830,3935,256,0.9045936395759717,0,0,True,True,True,True,True,True
266724,2,157,1570,1570,2189,131,0.8343949044585988,0,0,True,True,True,True,True,True
70309,2,645,6450,6450,9206,578,0.896124031007752,0,0,True,True,True,True,True,True
70280,2,134,1340,1340,2033,116,0.8656716417910447,0,0,True,True,True,True,True,True
70263,2,543,5430,5430,7572,485,0.8931860036832413,0,0,True,True,True,True,True,True
70295,2,247,2470,2470,3513,221,0.8947368421052632,0,0,True,True,True,True,True,True
70296,2,772,7720,7720,11192,679,0.8795336787564767,0,0,True,True,True,True,True,True
266015,2,273,2730,2730,3770,248,0.9084249084249084,0,0,True,True,True,True,True,True
266433,2,829,8290,8290,11918,732,0.8829915560916767,0,0,True,True,True,True,True,True
266827,2,321,3210,3210,4465,287,0.8940809968847352,0,0,True,True,True,True,True,True
70287,2,232,2320,2320,3216,207,0.8922413793103449,0,0,True,True,True,True,True,True
70260,2,681,6810,6810,9865,588,0.8634361233480177,0,0,True,True,True,True,True,True
70282,2,264,2640,2640,3739,232,0.8787878787878788,0,0,True,True,True,True,True,True
70297,2,741,7410,7410,11026,643,0.8677462887989204,0,0,True,True,True,True,True,True
70294,2,142,1420,1420,1961,130,0.9154929577464789,0,0,True,True,True,True,True,True
70271,2,602,6020,6020,8762,550,0.9136212624584718,0,0,True,True,True,True,True,True
70272,2,179,1790,1790,2509,162,0.9050279329608939,0,0,True,True,True,True,True,True
70305,2,729,7290,7290,10756,628,0.8614540466392319,0,0,True,True,True,True,True,True
70307,2,398,3980,3980,5519,360,0.9045226130653267,0,0,True,True,True,True,True,True
70256,2,173,1730,1730,2524,148,0.8554913294797688,0,0,True,True,True,True,True,True
267502,2,293,2930,2930,4073,264,0.9010238907849829,0,0,True,True,True,True,True,True
70281,2,643,6430,6430,9338,558,0.8678071539657853,0,0,True,True,True,True,True,True
70284,2,345,3450,3450,4880,296,0.8579710144927536,0,0,True,True,True,True,True,True
70277,2,635,6350,6350,8870,562,0.8850393700787401,0,0,True,True,True,True,True,True
70298,2,268,2680,2680,3691,239,0.8917910447761194,0,0,True,True,True,True,True,True
70301,2,552,5520,5520,7939,488,0.8840579710144928,0,0,True,True,True,True,True,True
70302,2,332,3320,3320,4735,295,0.8885542168674698,0,0,True,True,True,True,True,True
267520,2,691,6910,6910,9995,610,0.8827785817655571,0,0,True,True,True,True,True,True
266420,2,211,2110,2110,2983,185,0.8767772511848341,0,0,True,True,True,True,True,True
266462,2,173,1730,1730,2431,148,0.8554913294797688,0,0,True,True,True,True,True,True
70293,2,428,4280,4280,5983,380,0.8878504672897196,0,0,True,True,True,True,True,True
267192,2,289,2890,2890,4053,260,0.8996539792387543,0,0,True,True,True,True,True,True
70283,2,646,6460,6460,9342,577,0.8931888544891641,0,0,True,True,True,True,True,True
266883,2,284,2840,2840,3928,245,0.8626760563380281,0,0,True,True,True,True,True,True
265830,2,220,2200,2200,3143,197,0.8954545454545455,0,0,True,True,True,True,True,True
70288,2,144,1440,1440,2074,128,0.8888888888888888,0,0,True,True,True,True,True,True
70291,2,610,6100,6100,8828,543,0.8901639344262295,0,0,True,True,True,True,True,True
266613,2,622,6220,6220,8978,550,0.8842443729903537,0,0,True,True,True,True,True,True
267675,2,257,2570,2570,3585,225,0.8754863813229572,0,0,True,True,True,True,True,True
265918,2,500,5000,5000,7178,439,0.878,0,0,True,True,True,True,True,True
265837,2,230,2300,2300,3146,203,0.8826086956521739,0,0,True,True,True,True,True,True
266066,2,674,6740,6740,9940,581,0.8620178041543026,0,0,True,True,True,True,True,True
266603,2,155,1550,1550,2356,134,0.864516129032258,0,0,True,True,True,True,True,True
266074,2,647,6470,6470,9305,576,0.8902627511591963,0,0,True,True,True,True,True,True
265857,2,253,2530,2530,3435,222,0.8774703557312253,0,0,True,True,True,True,True,True
266274,2,585,5850,5850,8268,511,0.8735042735042735,0,0,True,True,True,True,True,True
70306,2,172,1720,1720,2410,149,0.8662790697674418,0,0,True,True,True,True,True,True
267368,2,522,5220,5220,7289,458,0.8773946360153256,0,0,True,True,True,True,True,True
267138,2,96,960,960,1362,81,0.84375,0,0,True,True,True,True,True,True
267567,2,426,4260,4260,5966,374,0.8779342723004695,0,0,True,True,True,True,True,True
70289,2,170,1700,1700,2472,144,0.8470588235294118,0,0,True,True,True,True,True,True
266491,2,657,6570,6570,9286,567,0.863013698630137,0,0,True,True,True,True,True,True
266256,2,416,4160,4160,5960,361,0.8677884615384616,0,0,True,True,True,True,True,True
266406,2,170,1700,1700,2342,150,0.8823529411764706,0,0,True,True,True,True,True,True
70273,2,521,5210,5210,7311,460,0.8829174664107485,0,0,True,True,True,True,True,True
266770,2,158,1580,1580,2225,138,0.8734177215189873,0,0,True,True,True,True,True,True
266838,2,160,1600,1600,2199,135,0.84375,0,0,True,True,True,True,True,True
266117,2,574,5740,5740,8171,512,0.89198606271777,0,0,True,True,True,True,True,True
267561,2,219,2190,2190,3102,199,0.908675799086758,0,0,True,True,True,True,True,True
267085,2,373,3730,3730,5310,331,0.8873994638069705,0,0,True,True,True,True,True,True
267301,2,436,4360,4360,6038,384,0.8807339449541285,0,0,True,True,True,True,True,True
267499,2,145,1450,1450,2021,128,0.8827586206896552,0,0,True,True,True,True,True,True
265835,2,617,6170,6170,8776,547,0.8865478119935171,0,0,True,True,True,True,True,True
266560,2,214,2140,2140,2993,187,0.8738317757009346,0,0,True,True,True,True,True,True
266320,2,748,7480,7480,10632,664,0.8877005347593583,0,0,True,True,True,True,True,True
70264,2,139,1390,1390,2034,121,0.8705035971223022,0,0,True,True,True,True,True,True
266240,2,160,1600,1600,2281,132,0.825,0,0,True,True,True,True,True,True
70303,2,541,5410,5410,7499,486,0.8983364140480592,0,0,True,True,True,True,True,True
266230,2,198,1980,1980,2798,176,0.8888888888888888,0,0,True,True,True,True,True,True
267597,2,605,6050,6050,8758,525,0.8677685950413223,0,0,True,True,True,True,True,True
266871,2,196,1960,1960,2685,176,0.8979591836734694,0,0,True,True,True,True,True,True
266741,2,680,6800,6800,9480,607,0.8926470588235295,0,0,True,True,True,True,True,True
266148,2,518,5180,5180,7347,448,0.8648648648648649,0,0,True,True,True,True,True,True
267343,2,161,1610,1610,2302,144,0.8944099378881988,0,0,True,True,True,True,True,True
266916,2,362,3620,3620,5008,321,0.8867403314917127,0,0,True,True,True,True,True,True
267183,2,395,3950,3950,5449,338,0.8556962025316456,0,0,True,True,True,True,True,True
266929,2,239,2390,2390,3336,209,0.8744769874476988,0,0,True,True,True,True,True,True
267400,2,554,5540,5540,7817,490,0.8844765342960289,0,0,True,True,True,True,True,True
266142,2,207,2070,2070,2900,182,0.8792270531400966,0,0,True,True,True,True,True,True
266525,2,529,5290,5290,7476,471,0.8903591682419659,0,0,True,True,True,True,True,True
266531,2,199,1990,1990,2690,176,0.8844221105527639,0,0,True,True,True,True,True,True
265963,2,626,6260,6260,8794,557,0.889776357827476,0,0,True,True,True,True,True,True
266045,2,435,4350,4350,5924,387,0.8896551724137931,0,0,True,True,True,True,True,True
266631,2,134,1340,1340,1953,117,0.8731343283582089,0,0,True,True,True,True,True,True
267197,2,771,7710,7710,11031,670,0.8690012970168612,0,0,True,True,True,True,True,True
3825562,2,293,2930,2930,4102,270,0.9215017064846417,0,0,True,True,True,True,True,True
3825564,2,389,3890,3890,5486,351,0.9023136246786633,0,0,True,True,True,True,True,True
3825565,2,163,1630,1630,2326,146,0.8957055214723927,0,0,True,True,True,True,True,True
3825566,2,339,3390,3390,4808,289,0.8525073746312685,0,0,True,True,True,True,True,True
266236,2,169,1690,1690,2375,148,0.8757396449704142,0,0,True,True,True,True,True,True
3825567,2,208,2080,2080,2873,192,0.9230769230769231,0,0,True,True,True,True,True,True
3825568,2,316,3160,3160,4464,279,0.8829113924050633,0,0,True,True,True,True,True,True
3825569,2,185,1850,1850,2736,155,0.8378378378378378,0,0,True,True,True,True,True,True
3825571,2,358,3580,3580,5309,321,0.8966480446927374,0,0,True,True,True,True,True,True
267422,2,555,5550,5550,7922,494,0.8900900900900901,0,0,True,True,True,True,True,True
3825572,2,510,5100,5100,7387,438,0.8588235294117647,0,0,True,True,True,True,True,True
3825573,2,414,4140,4140,5757,366,0.8840579710144928,0,0,True,True,True,True,True,True
3825574,2,573,5730,5730,8343,506,0.8830715532286213,0,0,True,True,True,True,True,True
3825576,2,299,2990,2990,4237,274,0.9163879598662207,0,0,True,True,True,True,True,True
3825577,2,279,2790,2790,4016,247,0.8853046594982079,0,0,True,True,True,True,True,True
3825578,2,239,2390,2390,3338,215,0.899581589958159,0,0,True,True,True,True,True,True
3825579,2,379,3790,3790,5259,340,0.8970976253298153,0,0,True,True,True,True,True,True
3825580,2,321,3210,3210,4665,273,0.8504672897196262,0,0,True,True,True,True,True,True
266166,2,232,2320,2320,3249,205,0.8836206896551724,0,0,True,True,True,True,True,True
3825581,2,365,3650,3650,5276,323,0.8849315068493151,0,0,True,True,True,True,True,True
3825582,2,218,2180,2180,3055,197,0.9036697247706422,0,0,True,True,True,True,True,True
3825583,2,268,2680,2680,3694,234,0.8731343283582089,0,0,True,True,True,True,True,True
3825584,2,281,2810,2810,3988,256,0.9110320284697508,0,0,True,True,True,True,True,True
3825586,2,285,2850,2850,4017,260,0.9122807017543859,0,0,True,True,True,True,True,True
3825587,2,346,3460,3460,4810,308,0.8901734104046243,0,0,True,True,True,True,True,True
3825588,2,467,4670,4670,6887,410,0.8779443254817987,0,0,True,True,True,True,True,True
3825589,2,213,2130,2130,2968,181,0.8497652582159625,0,0,True,True,True,True,True,True
3825590,2,530,5300,5300,7456,472,0.8905660377358491,0,0,True,True,True,True,True,True
3825591,2,451,4510,4510,6329,398,0.8824833702882483,0,0,True,True,True,True,True,True
3825592,2,321,3210,3210,4525,281,0.8753894080996885,0,0,True,True,True,True,True,True
3825593,2,338,3380,3380,4629,294,0.8698224852071006,0,0,True,True,True,True,True,True
266490,2,601,6010,6010,8754,513,0.8535773710482529,0,0,True,True,True,True,True,True
3825594,2,239,2390,2390,3242,218,0.9121338912133892,0,0,True,True,True,True,True,True
3825595,2,244,2440,2440,3405,220,0.9016393442622951,0,0,True,True,True,True,True,True
3825596,2,387,3870,3870,5475,337,0.8708010335917312,0,0,True,True,True,True,True,True
3825597,2,251,2510,2510,3453,231,0.9203187250996016,0,0,True,True,True,True,True,True
3825598,2,365,3650,3650,5145,318,0.8712328767123287,0,0,True,True,True,True,True,True
3825599,2,284,2840,2840,3887,257,0.9049295774647887,0,0,True,True,True,True,True,True
3825892,2,244,2440,2440,3324,213,0.8729508196721312,0,0,True,True,True,True,True,True
266467,2,296,2960,2960,4138,265,0.8952702702702703,0,0,True,True,True,True,True,True
3825600,2,366,3660,3660,5178,316,0.8633879781420765,0,0,True,True,True,True,True,True
3825601,2,357,3570,3570,5010,313,0.876750700280112,0,0,True,True,True,True,True,True
3825602,2,342,3420,3420,4747,312,0.9122807017543859,0,0,True,True,True,True,True,True
3825848,2,336,3360,3360,4803,300,0.8928571428571429,0,0,True,True,True,True,True,True
3825895,2,255,2550,2550,3598,215,0.8431372549019608,0,0,True,True,True,True,True,True
3825603,2,380,3800,3800,5281,342,0.9,0,0,True,True,True,True,True,True
3825604,2,244,2440,2440,3363,211,0.8647540983606558,0,0,True,True,True,True,True,True
267611,2,550,5500,5500,7817,482,0.8763636363636363,0,0,True,True,True,True,True,True
3825605,2,313,3130,3130,4334,277,0.8849840255591054,0,0,True,True,True,True,True,True
3825606,2,583,5830,5830,8559,520,0.8919382504288165,0,0,True,True,True,True,True,True
3825607,2,379,3790,3790,5357,323,0.8522427440633246,0,0,True,True,True,True,True,True
3825608,2,190,1900,1900,2820,163,0.8578947368421053,0,0,True,True,True,True,True,True
3825609,2,244,2440,2440,3321,217,0.889344262295082,0,0,True,True,True,True,True,True
3825610,2,395,3950,3950,5671,339,0.8582278481012658,0,0,True,True,True,True,True,True
3825611,2,273,2730,2730,3777,241,0.8827838827838828,0,0,True,True,True,True,True,True
3825612,2,398,3980,3980,5557,360,0.9045226130653267,0,0,True,True,True,True,True,True
3825613,2,467,4670,4670,6537,416,0.8907922912205567,0,0,True,True,True,True,True,True
3825614,2,260,2600,2600,3615,235,0.9038461538461539,0,0,True,True,True,True,True,True
3825615,2,402,4020,4020,5905,357,0.8880597014925373,0,0,True,True,True,True,True,True
3825616,2,227,2270,2270,3180,194,0.8546255506607929,0,0,True,True,True,True,True,True
3825617,2,217,2170,2170,3014,193,0.8894009216589862,0,0,True,True,True,True,True,True
3825618,2,424,4240,4240,6021,377,0.8891509433962265,0,0,True,True,True,True,True,True
3825619,2,269,2690,2690,3796,235,0.8736059479553904,0,0,True,True,True,True,True,True
3825620,2,417,4170,4170,5947,375,0.8992805755395683,0,0,True,True,True,True,True,True
3825621,2,371,3710,3710,5472,317,0.8544474393530997,0,0,True,True,True,True,True,True
3825622,2,358,3580,3580,5055,312,0.8715083798882681,0,0,True,True,True,True,True,True
3825623,2,320,3200,3200,4429,279,0.871875,0,0,True,True,True,True,True,True
3825624,2,212,2120,2120,3114,183,0.8632075471698113,0,0,True,True,True,True,True,True
3825625,2,438,4380,4380,6331,396,0.9041095890410958,0,0,True,True,True,True,True,True
3825626,2,360,3600,3600,5059,315,0.875,0,0,True,True,True,True,True,True
3825627,2,347,3470,3470,4752,316,0.9106628242074928,0,0,True,True,True,True,True,True
3825628,2,297,2970,2970,4143,272,0.9158249158249159,0,0,True,True,True,True,True,True
3825629,2,186,1860,1860,2714,161,0.8655913978494624,0,0,True,True,True,True,True,True
3825630,2,348,3480,3480,4956,304,0.8735632183908046,0,0,True,True,True,True,True,True
3825631,2,427,4270,4270,5954,380,0.8899297423887588,0,0,True,True,True,True,True,True
3825632,2,370,3700,3700,5107,329,0.8891891891891892,0,0,True,True,True,True,True,True
3825633,2,466,4660,4660,7227,413,0.8862660944206009,0,0,True,True,True,True,True,True
3825634,2,182,1820,1820,2486,158,0.8681318681318682,0,0,True,True,True,True,True,True
3825635,2,406,4060,4060,5749,358,0.8817733990147784,0,0,True,True,True,True,True,True
3825636,2,342,3420,3420,4701,294,0.8596491228070176,0,0,True,True,True,True,True,True
3825874,2,360,3600,3600,4937,325,0.9027777777777778,0,0,True,True,True,True,True,True
3825637,2,476,4760,4760,6736,404,0.8487394957983193,0,0,True,True,True,True,True,True
3825638,2,324,3240,3240,4749,279,0.8611111111111112,0,0,True,True,True,True,True,True
3825639,2,439,4390,4390,6125,391,0.8906605922551253,0,0,True,True,True,True,True,True
3825640,2,248,2480,2480,3400,224,0.9032258064516129,0,0,True,True,True,True,True,True
3825641,2,354,3540,3540,4899,319,0.9011299435028248,0,0,True,True,True,True,True,True
3825642,2,373,3730,3730,5181,321,0.8605898123324397,0,0,True,True,True,True,True,True
3825643,2,519,5190,5190,7308,465,0.8959537572254336,0,0,True,True,True,True,True,True
3825644,2,213,2130,2130,3095,184,0.863849765258216,0,0,True,True,True,True,True,True
3825645,2,191,1910,1910,2599,174,0.9109947643979057,0,0,True,True,True,True,True,True
3825646,2,308,3080,3080,4364,274,0.8896103896103896,0,0,True,True,True,True,True,True
3825647,2,318,3180,3180,4483,290,0.9119496855345912,0,0,True,True,True,True,True,True
3825648,2,164,1640,1640,2315,147,0.8963414634146342,0,0,True,True,True,True,True,True
3825649,2,196,1960,1960,2739,177,0.9030612244897959,0,0,True,True,True,True,True,True
3825650,2,301,3010,3010,4223,270,0.8970099667774086,0,0,True,True,True,True,True,True
3825651,2,258,2580,2580,3653,232,0.8992248062015504,0,0,True,True,True,True,True,True
3825652,2,289,2890,2890,4007,262,0.9065743944636678,0,0,True,True,True,True,True,True
3825653,2,225,2250,2250,3180,194,0.8622222222222222,0,0,True,True,True,True,True,True
3825654,2,328,3280,3280,4666,297,0.9054878048780488,0,0,True,True,True,True,True,True
3825655,2,209,2090,2090,2916,183,0.8755980861244019,0,0,True,True,True,True,True,True
3825656,2,323,3230,3230,4524,285,0.8823529411764706,0,0,True,True,True,True,True,True
3825657,2,325,3250,3250,4484,276,0.8492307692307692,0,0,True,True,True,True,True,True
3825658,2,476,4760,4760,6822,415,0.8718487394957983,0,0,True,True,True,True,True,True
3825659,2,204,2040,2040,2833,183,0.8970588235294118,0,0,True,True,True,True,True,True
3825660,2,566,5660,5660,7972,505,0.892226148409894,0,0,True,True,True,True,True,True
3825661,2,341,3410,3410,4953,303,0.8885630498533724,0,0,True,True,True,True,True,True
266424,2,322,3220,3220,4694,286,0.8881987577639752,0,0,True,True,True,True,True,True
3825662,2,198,1980,1980,2692,178,0.898989898989899,0,0,True,True,True,True,True,True
3825663,2,200,2000,2000,2837,171,0.855,0,0,True,True,True,True,True,True
3825664,2,398,3980,3980,5469,346,0.8693467336683417,0,0,True,True,True,True,True,True
3825888,2,257,2570,2570,3616,230,0.8949416342412452,0,0,True,True,True,True,True,True
3825665,2,146,1460,1460,1986,136,0.9315068493150684,0,0,True,True,True,True,True,True
3825666,2,336,3360,3360,4701,305,0.9077380952380952,0,0,True,True,True,True,True,True
3825667,2,334,3340,3340,4787,295,0.8832335329341318,0,0,True,True,True,True,True,True
3825668,2,321,3210,3210,4356,283,0.881619937694704,0,0,True,True,True,True,True,True
3825669,2,183,1830,1830,2540,165,0.9016393442622951,0,0,True,True,True,True,True,True
3825670,2,378,3780,3780,5362,336,0.8888888888888888,0,0,True,True,True,True,True,True
266885,2,399,3990,3990,5488,355,0.8897243107769424,0,0,True,True,True,True,True,True
3825671,2,435,4350,4350,6208,387,0.8896551724137931,0,0,True,True,True,True,True,True
3825672,2,173,1730,1730,2361,155,0.8959537572254336,0,0,True,True,True,True,True,True
3825673,2,517,5170,5170,7173,472,0.9129593810444874,0,0,True,True,True,True,True,True
3825674,2,352,3520,3520,5083,318,0.9034090909090909,0,0,True,True,True,True,True,True
3825675,2,373,3730,3730,5169,330,0.8847184986595175,0,0,True,True,True,True,True,True
3825676,2,207,2070,2070,2880,176,0.8502415458937198,0,0,True,True,True,True,True,True
3825677,2,404,4040,4040,5868,365,0.9034653465346535,0,0,True,True,True,True,True,True
3825678,2,230,2300,2300,3326,201,0.8739130434782608,0,0,True,True,True,True,True,True
267274,2,213,2130,2130,3112,176,0.8262910798122066,0,0,True,True,True,True,True,True
3825679,2,308,3080,3080,4444,267,0.8668831168831169,0,0,True,True,True,True,True,True
3825680,2,228,2280,2280,3224,202,0.8859649122807017,0,0,True,True,True,True,True,True
3825681,2,612,6120,6120,8781,542,0.8856209150326797,0,0,True,True,True,True,True,True
3825682,2,365,3650,3650,5144,326,0.8931506849315068,0,0,True,True,True,True,True,True
3825683,2,418,4180,4180,5888,379,0.9066985645933014,0,0,True,True,True,True,True,True
3825684,2,237,2370,2370,3342,193,0.8143459915611815,0,0,True,True,True,True,True,True
3825685,2,202,2020,2020,2854,173,0.8564356435643564,0,0,True,True,True,True,True,True
3825686,2,261,2610,2610,3561,240,0.9195402298850575,0,0,True,True,True,True,True,True
3825687,2,331,3310,3310,4501,307,0.9274924471299094,0,0,True,True,True,True,True,True
3825688,2,219,2190,2190,2995,199,0.908675799086758,0,0,True,True,True,True,True,True
266961,2,597,5970,5970,9163,511,0.8559463986599665,0,0,True,True,True,True,True,True
3825689,2,329,3290,3290,4584,292,0.8875379939209727,0,0,True,True,True,True,True,True
3825690,2,494,4940,4940,6837,437,0.8846153846153846,0,0,True,True,True,True,True,True
3825691,2,290,2900,2900,4066,261,0.9,0,0,True,True,True,True,True,True
3825692,2,473,4730,4730,6926,414,0.8752642706131079,0,0,True,True,True,True,True,True
3825693,2,337,3370,3370,4796,300,0.8902077151335311,0,0,True,True,True,True,True,True
3825694,2,294,2940,2940,4116,253,0.8605442176870748,0,0,True,True,True,True,True,True
3825695,2,258,2580,2580,3732,226,0.875968992248062,0,0,True,True,True,True,True,True
3825696,2,245,2450,2450,3378,220,0.8979591836734694,0,0,True,True,True,True,True,True
3825697,2,419,4190,4190,5965,373,0.8902147971360382,0,0,True,True,True,True,True,True
3825698,2,306,3060,3060,4270,266,0.869281045751634,0,0,True,True,True,True,True,True
3825699,2,226,2260,2260,3206,185,0.8185840707964602,0,0,True,True,True,True,True,True
3825891,2,297,2970,2970,4199,261,0.8787878787878788,0,0,True,True,True,True,True,True
3825700,2,356,3560,3560,5020,315,0.8848314606741573,0,0,True,True,True,True,True,True
3825701,2,399,3990,3990,5637,347,0.8696741854636592,0,0,True,True,True,True,True,True
3825702,2,531,5310,5310,7425,467,0.879472693032015,0,0,True,True,True,True,True,True
3825703,2,335,3350,3350,4556,304,0.9074626865671642,0,0,True,True,True,True,True,True
3825704,2,261,2610,2610,3532,232,0.8888888888888888,0,0,True,True,True,True,True,True
267327,2,451,4510,4510,6277,396,0.8780487804878049,0,0,True,True,True,True,True,True
3825705,2,255,2550,2550,3464,229,0.8980392156862745,0,0,True,True,True,True,True,True
3825706,2,491,4910,4910,6819,435,0.8859470468431772,0,0,True,True,True,True,True,True
3825707,2,398,3980,3980,5515,360,0.9045226130653267,0,0,True,True,True,True,True,True
3825708,2,222,2220,2220,3067,200,0.9009009009009009,0,0,True,True,True,True,True,True
3825709,2,299,2990,2990,4109,264,0.882943143812709,0,0,True,True,True,True,True,True
3825710,2,393,3930,3930,5719,342,0.8702290076335878,0,0,True,True,True,True,True,True
3825711,2,351,3510,3510,4869,310,0.8831908831908832,0,0,True,True,True,True,True,True
3825712,2,290,2900,2900,4040,252,0.8689655172413793,0,0,True,True,True,True,True,True
3825713,2,335,3350,3350,4808,294,0.8776119402985074,0,0,True,True,True,True,True,True
266670,2,137,1370,1370,1941,113,0.8248175182481752,0,0,True,True,True,True,True,True
3825714,2,348,3480,3480,5039,300,0.8620689655172413,0,0,True,True,True,True,True,True
3825715,2,263,2630,2630,3624,233,0.8859315589353612,0,0,True,True,True,True,True,True
3825716,2,178,1780,1780,2432,154,0.8651685393258427,0,0,True,True,True,True,True,True
3825717,2,187,1870,1870,2658,160,0.8556149732620321,0,0,True,True,True,True,True,True
3825718,2,396,3960,3960,5745,346,0.8737373737373737,0,0,True,True,True,True,True,True
3825719,2,223,2230,2230,3084,202,0.905829596412556,0,0,True,True,True,True,True,True
3825720,2,339,3390,3390,4779,299,0.8820058997050148,0,0,True,True,True,True,True,True
3825721,2,392,3920,3920,5377,345,0.8801020408163265,0,0,True,True,True,True,True,True
3825722,2,231,2310,2310,3284,201,0.8701298701298701,0,0,True,True,True,True,True,True
266620,2,543,5430,5430,7529,479,0.8821362799263351,0,0,True,True,True,True,True,True
3825723,2,193,1930,1930,2630,169,0.8756476683937824,0,0,True,True,True,True,True,True
3825724,2,429,4290,4290,6252,369,0.8601398601398601,0,0,True,True,True,True,True,True
3825725,2,313,3130,3130,4458,264,0.8434504792332268,0,0,True,True,True,True,True,True
3825726,2,338,3380,3380,4701,307,0.908284023668639,0,0,True,True,True,True,True,True
3825727,2,305,3050,3050,4365,269,0.8819672131147541,0,0,True,True,True,True,True,True
3825728,2,444,4440,4440,6270,388,0.8738738738738738,0,0,True,True,True,True,True,True
3825729,2,353,3530,3530,5019,307,0.8696883852691218,0,0,True,True,True,True,True,True
3825730,2,359,3590,3590,5033,319,0.8885793871866295,0,0,True,True,True,True,True,True
3825731,2,451,4510,4510,6248,403,0.893569844789357,0,0,True,True,True,True,True,True
3825732,2,409,4090,4090,5922,355,0.8679706601466992,0,0,True,True,True,True,True,True
3825733,2,341,3410,3410,4744,309,0.906158357771261,0,0,True,True,True,True,True,True
3825734,2,504,5040,5040,7119,440,0.873015873015873,0,0,True,True,True,True,True,True
3825735,2,410,4100,4100,5846,356,0.8682926829268293,0,0,True,True,True,True,True,True
266149,2,562,5620,5620,7755,496,0.8825622775800712,0,0,True,True,True,True,True,True
3825736,2,317,3170,3170,4385,286,0.9022082018927445,0,0,True,True,True,True,True,True
3825737,2,241,2410,2410,3500,201,0.8340248962655602,0,0,True,True,True,True,True,True
3825738,2,569,5690,5690,8029,512,0.8998242530755711,0,0,True,True,True,True,True,True
3825739,2,611,6110,6110,9057,524,0.8576104746317512,0,0,True,True,True,True,True,True
3825740,2,271,2710,2710,3761,227,0.8376383763837638,0,0,True,True,True,True,True,True
3825741,2,217,2170,2170,3139,189,0.8709677419354839,0,0,True,True,True,True,True,True
265894,2,188,1880,1880,2592,167,0.8882978723404256,0,0,True,True,True,True,True,True
3825742,2,302,3020,3020,4273,264,0.8741721854304636,0,0,True,True,True,True,True,True
3825743,2,235,2350,2350,3197,211,0.8978723404255319,0,0,True,True,True,True,True,True
3825744,2,319,3190,3190,4380,276,0.8652037617554859,0,0,True,True,True,True,True,True
3825745,2,320,3200,3200,4351,280,0.875,0,0,True,True,True,True,True,True
3825746,2,211,2110,2110,3051,183,0.8672985781990521,0,0,True,True,True,True,True,True
3825747,2,305,3050,3050,4122,279,0.9147540983606557,0,0,True,True,True,True,True,True
3825748,2,442,4420,4420,6197,391,0.8846153846153846,0,0,True,True,True,True,True,True
3825749,2,186,1860,1860,2609,167,0.8978494623655914,0,0,True,True,True,True,True,True
267576,2,581,5810,5810,8312,530,0.9122203098106713,0,0,True,True,True,True,True,True
3825750,2,305,3050,3050,4272,263,0.8622950819672132,0,0,True,True,True,True,True,True
3825751,2,312,3120,3120,4351,288,0.9230769230769231,0,0,True,True,True,True,True,True
3825752,2,269,2690,2690,3814,233,0.8661710037174721,0,0,True,True,True,True,True,True
3825753,2,401,4010,4010,5486,354,0.8827930174563591,0,0,True,True,True,True,True,True
3825754,2,358,3580,3580,4976,322,0.8994413407821229,0,0,True,True,True,True,True,True
3825755,2,338,3380,3380,4781,294,0.8698224852071006,0,0,True,True,True,True,True,True
3825756,2,316,3160,3160,4517,287,0.9082278481012658,0,0,True,True,True,True,True,True
3825757,2,553,5530,5530,7817,489,0.8842676311030742,0,0,True,True,True,True,True,True
3825758,2,329,3290,3290,4540,295,0.8966565349544073,0,0,True,True,True,True,True,True
3825759,2,270,2700,2700,3838,240,0.8888888888888888,0,0,True,True,True,True,True,True
3825760,2,276,2760,2760,3895,242,0.8768115942028986,0,0,True,True,True,True,True,True
3825761,2,402,4020,4020,5891,355,0.8830845771144279,0,0,True,True,True,True,True,True
3825762,2,240,2400,2400,3269,214,0.8916666666666667,0,0,True,True,True,True,True,True
3825763,2,291,2910,2910,4096,252,0.865979381443299,0,0,True,True,True,True,True,True
266160,2,192,1920,1920,2637,168,0.875,0,0,True,True,True,True,True,True
3825764,2,276,2760,2760,4074,241,0.8731884057971014,0,0,True,True,True,True,True,True
3825765,2,563,5630,5630,7855,500,0.8880994671403197,0,0,True,True,True,True,True,True
3825766,2,222,2220,2220,3123,202,0.9099099099099099,0,0,True,True,True,True,True,True
3825767,2,405,4050,4050,5732,365,0.9012345679012346,0,0,True,True,True,True,True,True
3825768,2,234,2340,2340,3126,211,0.9017094017094017,0,0,True,True,True,True,True,True
3825769,2,344,3440,3440,4838,308,0.8953488372093024,0,0,True,True,True,True,True,True
3825770,2,510,5100,5100,7038,460,0.9019607843137255,0,0,True,True,True,True,True,True
3825771,2,280,2800,2800,3923,249,0.8892857142857142,0,0,True,True,True,True,True,True
3825772,2,324,3240,3240,4704,286,0.8827160493827161,0,0,True,True,True,True,True,True
266254,2,409,4090,4090,5928,364,0.8899755501222494,0,0,True,True,True,True,True,True
3825773,2,289,2890,2890,4075,254,0.8788927335640139,0,0,True,True,True,True,True,True
3825774,2,514,5140,5140,7434,454,0.8832684824902723,0,0,True,True,True,True,True,True
3825775,2,272,2720,2720,3759,249,0.9154411764705882,0,0,True,True,True,True,True,True
3825776,2,361,3610,3610,5255,321,0.889196675900277,0,0,True,True,True,True,True,True
266815,2,123,1230,1230,1789,103,0.8373983739837398,0,0,True,True,True,True,True,True
3825777,2,218,2180,2180,3193,188,0.8623853211009175,0,0,True,True,True,True,True,True
267273,2,412,4120,4120,5767,376,0.912621359223301,0,0,True,True,True,True,True,True
3825778,2,304,3040,3040,4227,276,0.9078947368421053,0,0,True,True,True,True,True,True
3825779,2,444,4440,4440,6304,389,0.8761261261261262,0,0,True,True,True,True,True,True
3825780,2,236,2360,2360,3267,213,0.902542372881356,0,0,True,True,True,True,True,True
3825781,2,297,2970,2970,4188,262,0.8821548821548821,0,0,True,True,True,True,True,True
3825782,2,360,3600,3600,5105,321,0.8916666666666667,0,0,True,True,True,True,True,True
3825783,2,313,3130,3130,4357,288,0.9201277955271565,0,0,True,True,True,True,True,True
3825784,2,403,4030,4030,5831,356,0.8833746898263027,0,0,True,True,True,True,True,True
3825785,2,204,2040,2040,2793,183,0.8970588235294118,0,0,True,True,True,True,True,True
3825786,2,272,2720,2720,3895,238,0.875,0,0,True,True,True,True,True,True
3825787,2,543,5430,5430,7926,481,0.8858195211786372,0,0,True,True,True,True,True,True
3825788,2,275,2750,2750,3762,250,0.9090909090909091,0,0,True,True,True,True,True,True
3825789,2,340,3400,3400,4806,303,0.8911764705882353,0,0,True,True,True,True,True,True
3825790,2,324,3240,3240,4524,296,0.9135802469135802,0,0,True,True,True,True,True,True
3825791,2,196,1960,1960,2781,177,0.9030612244897959,0,0,True,True,True,True,True,True
265839,2,517,5170,5170,7095,468,0.9052224371373307,0,0,True,True,True,True,True,True
3825792,2,506,5060,5060,7076,455,0.8992094861660079,0,0,True,True,True,True,True,True
3825793,2,418,4180,4180,5969,366,0.8755980861244019,0,0,True,True,True,True,True,True
3825794,2,365,3650,3650,5157,326,0.8931506849315068,0,0,True,True,True,True,True,True
3825795,2,453,4530,4530,6630,397,0.8763796909492274,0,0,True,True,True,True,True,True
3825796,2,391,3910,3910,5565,344,0.8797953964194374,0,0,True,True,True,True,True,True
3825797,2,425,4250,4250,5834,373,0.8776470588235294,0,0,True,True,True,True,True,True
3825798,2,309,3090,3090,4380,267,0.8640776699029126,0,0,True,True,True,True,True,True
3825799,2,234,2340,2340,3270,204,0.8717948717948718,0,0,True,True,True,True,True,True
3825800,2,553,5530,5530,7978,489,0.8842676311030742,0,0,True,True,True,True,True,True
3825801,2,359,3590,3590,5116,320,0.8913649025069638,0,0,True,True,True,True,True,True
266653,2,216,2160,2160,3042,194,0.8981481481481481,0,0,True,True,True,True,True,True
3825802,2,283,2830,2830,3846,248,0.8763250883392226,0,0,True,True,True,True,True,True
3825803,2,332,3320,3320,4656,296,0.891566265060241,0,0,True,True,True,True,True,True
3825804,2,351,3510,3510,4848,316,0.9002849002849003,0,0,True,True,True,True,True,True
3825805,2,512,5120,5120,7458,459,0.896484375,0,0,True,True,True,True,True,True
3825806,2,463,4630,4630,6515,409,0.8833693304535637,0,0,True,True,True,True,True,True
3825867,2,261,2610,2610,3728,237,0.9080459770114943,0,0,True,True,True,True,True,True
266056,2,236,2360,2360,3352,219,0.9279661016949152,0,0,True,True,True,True,True,True
3825807,2,316,3160,3160,4404,269,0.8512658227848101,0,0,True,True,True,True,True,True
3825808,2,302,3020,3020,4284,272,0.9006622516556292,0,0,True,True,True,True,True,True
3825809,2,211,2110,2110,3009,189,0.8957345971563981,0,0,True,True,True,True,True,True
3825810,2,343,3430,3430,4869,303,0.8833819241982507,0,0,True,True,True,True,True,True
3825811,2,164,1640,1640,2267,138,0.8414634146341463,0,0,True,True,True,True,True,True
3825812,2,296,2960,2960,4144,274,0.9256756756756757,0,0,True,True,True,True,True,True
266498,2,542,5420,5420,7597,484,0.8929889298892989,0,0,True,True,True,True,True,True
3825813,2,393,3930,3930,6099,339,0.8625954198473282,0,0,True,True,True,True,True,True
3825814,2,252,2520,2520,3709,209,0.8293650793650794,0,0,True,True,True,True,True,True
3825858,2,269,2690,2690,3915,232,0.862453531598513,0,0,True,True,True,True,True,True
3825815,2,258,2580,2580,3549,221,0.8565891472868217,0,0,True,True,True,True,True,True
3825816,2,340,3400,3400,4632,303,0.8911764705882353,0,0,True,True,True,True,True,True
3825844,2,328,3280,3280,4524,299,0.9115853658536586,0,0,True,True,True,True,True,True
3825879,2,397,3970,3970,5630,355,0.8942065491183879,0,0,True,True,True,True,True,True
3825881,2,231,2310,2310,3236,202,0.8744588744588745,0,0,True,True,True,True,True,True
3825817,2,180,1800,1800,2458,169,0.9388888888888889,0,0,True,True,True,True,True,True
3825818,2,385,3850,3850,5377,343,0.8909090909090909,0,0,True,True,True,True,True,True
3825880,2,335,3350,3350,4717,288,0.8597014925373134,0,0,True,True,True,True,True,True
3825887,2,160,1600,1600,2216,139,0.86875,0,0,True,True,True,True,True,True
3825903,2,338,3380,3380,4820,298,0.8816568047337278,0,0,True,True,True,True,True,True
3825907,2,426,4260,4260,6179,377,0.8849765258215962,0,0,True,True,True,True,True,True
266106,2,239,2390,2390,3475,202,0.8451882845188284,0,0,True,True,True,True,True,True
3825819,2,315,3150,3150,4387,284,0.9015873015873016,0,0,True,True,True,True,True,True
3825820,2,466,4660,4660,6562,410,0.8798283261802575,0,0,True,True,True,True,True,True
3825821,2,242,2420,2420,3465,208,0.859504132231405,0,0,True,True,True,True,True,True
3825885,2,271,2710,2710,3846,236,0.8708487084870848,0,0,True,True,True,True,True,True
267533,2,628,6280,6280,8906,556,0.8853503184713376,0,0,True,True,True,True,True,True
3825822,2,465,4650,4650,6587,402,0.864516129032258,0,0,True,True,True,True,True,True
3825872,2,322,3220,3220,4616,280,0.8695652173913043,0,0,True,True,True,True,True,True
3825898,2,424,4240,4240,5937,367,0.8655660377358491,0,0,True,True,True,True,True,True
3825823,2,394,3940,3940,5700,339,0.8604060913705583,0,0,True,True,True,True,True,True
3825824,2,317,3170,3170,4553,284,0.8958990536277602,0,0,True,True,True,True,True,True
3825877,2,360,3600,3600,4986,325,0.9027777777777778,0,0,True,True,True,True,True,True
3825905,2,371,3710,3710,5231,327,0.8814016172506739,0,0,True,True,True,True,True,True
3825825,2,297,2970,2970,4175,273,0.9191919191919192,0,0,True,True,True,True,True,True
3825826,2,306,3060,3060,4231,263,0.8594771241830066,0,0,True,True,True,True,True,True
266664,2,166,1660,1660,2428,142,0.8554216867469879,0,0,True,True,True,True,True,True
3825827,2,345,3450,3450,4948,312,0.9043478260869565,0,0,True,True,True,True,True,True
3825828,2,336,3360,3360,4721,297,0.8839285714285714,0,0,True,True,True,True,True,True
3825856,2,424,4240,4240,6028,369,0.8702830188679245,0,0,True,True,True,True,True,True
3825829,2,288,2880,2880,3914,258,0.8958333333333334,0,0,True,True,True,True,True,True
3825830,2,320,3200,3200,4427,292,0.9125,0,0,True,True,True,True,True,True
3825831,2,323,3230,3230,4480,281,0.8699690402476781,0,0,True,True,True,True,True,True
3825832,2,217,2170,2170,2964,194,0.8940092165898618,0,0,True,True,True,True,True,True
3825863,2,273,2730,2730,3863,236,0.8644688644688645,0,0,True,True,True,True,True,True
3825857,2,292,2920,2920,3924,254,0.8698630136986302,0,0,True,True,True,True,True,True
3825833,2,230,2300,2300,3245,203,0.8826086956521739,0,0,True,True,True,True,True,True
3825852,2,397,3970,3970,5684,354,0.8916876574307305,0,0,True,True,True,True,True,True
3825889,2,439,4390,4390,6183,385,0.876993166287016,0,0,True,True,True,True,True,True
3825897,2,230,2300,2300,3161,199,0.8652173913043478,0,0,True,True,True,True,True,True
266557,2,582,5820,5820,8173,527,0.9054982817869416,0,0,True,True,True,True,True,True
3825834,2,346,3460,3460,4941,308,0.8901734104046243,0,0,True,True,True,True,True,True
3825835,2,243,2430,2430,3304,218,0.897119341563786,0,0,True,True,True,True,True,True
3825836,2,431,4310,4310,6262,383,0.888631090487239,0,0,True,True,True,True,True,True
3825906,2,440,4400,4400,6243,392,0.8909090909090909,0,0,True,True,True,True,True,True
3825837,2,336,3360,3360,4750,291,0.8660714285714286,0,0,True,True,True,True,True,True
3825862,2,270,2700,2700,3828,241,0.8925925925925926,0,0,True,True,True,True,True,True
266310,2,258,2580,2580,3567,228,0.8837209302325582,0,0,True,True,True,True,True,True
3825838,2,535,5350,5350,7710,477,0.891588785046729,0,0,True,True,True,True,True,True
3825839,2,298,2980,2980,4081,263,0.8825503355704698,0,0,True,True,True,True,True,True
3825840,2,373,3730,3730,5195,341,0.9142091152815014,0,0,True,True,True,True,True,True
3825843,2,281,2810,2810,3838,261,0.9288256227758007,0,0,True,True,True,True,True,True
3825893,2,582,5820,5820,8079,510,0.8762886597938144,0,0,True,True,True,True,True,True
3825841,2,382,3820,3820,5240,346,0.9057591623036649,0,0,True,True,True,True,True,True
3825896,2,276,2760,2760,3709,245,0.8876811594202898,0,0,True,True,True,True,True,True
3825871,2,423,4230,4230,5968,371,0.8770685579196218,0,0,True,True,True,True,True,True
265944,2,588,5880,5880,8115,519,0.8826530612244898,0,0,True,True,True,True,True,True
3825847,2,281,2810,2810,3844,254,0.9039145907473309,0,0,True,True,True,True,True,True
3825886,2,229,2290,2290,3169,200,0.8733624454148472,0,0,True,True,True,True,True,True
3825890,2,270,2700,2700,4026,231,0.8555555555555555,0,0,True,True,True,True,True,True
3825842,2,170,1700,1700,2300,149,0.8764705882352941,0,0,True,True,True,True,True,True
3825875,2,255,2550,2550,3503,223,0.8745098039215686,0,0,True,True,True,True,True,True
3825884,2,284,2840,2840,4007,244,0.8591549295774648,0,0,True,True,True,True,True,True
3825899,2,236,2360,2360,3330,210,0.8898305084745762,0,0,True,True,True,True,True,True
3825868,2,465,4650,4650,6499,412,0.886021505376344,0,0,True,True,True,True,True,True
3825854,2,278,2780,2780,3822,241,0.8669064748201439,0,0,True,True,True,True,True,True
266986,2,172,1720,1720,2456,149,0.8662790697674418,0,0,True,True,True,True,True,True
3825859,2,253,2530,2530,3565,220,0.8695652173913043,0,0,True,True,True,True,True,True
3825864,2,299,2990,2990,4198,265,0.8862876254180602,0,0,True,True,True,True,True,True
3825878,2,156,1560,1560,2136,137,0.8782051282051282,0,0,True,True,True,True,True,True
3825845,2,222,2220,2220,3103,207,0.9324324324324325,0,0,True,True,True,True,True,True
3825870,2,310,3100,3100,4334,270,0.8709677419354839,0,0,True,True,True,True,True,True
3825873,2,464,4640,4640,6730,417,0.8987068965517241,0,0,True,True,True,True,True,True
3825894,2,286,2860,2860,3861,250,0.8741258741258742,0,0,True,True,True,True,True,True
3825855,2,335,3350,3350,4783,295,0.8805970149253731,0,0,True,True,True,True,True,True
265958,2,479,4790,4790,6728,441,0.9206680584551148,0,0,True,True,True,True,True,True
3825850,2,428,4280,4280,6023,375,0.8761682242990654,0,0,True,True,True,True,True,True
3825851,2,494,4940,4940,7130,436,0.8825910931174089,0,0,True,True,True,True,True,True
3825853,2,387,3870,3870,5585,341,0.8811369509043928,0,0,True,True,True,True,True,True
3825860,2,456,4560,4560,6442,403,0.8837719298245614,0,0,True,True,True,True,True,True
3825861,2,203,2030,2030,2864,181,0.8916256157635468,0,0,True,True,True,True,True,True
3825865,2,284,2840,2840,4010,254,0.8943661971830986,0,0,True,True,True,True,True,True
3825866,2,505,5050,5050,7110,455,0.900990099009901,0,0,True,True,True,True,True,True
3825901,2,443,4430,4430,6302,384,0.8668171557562077,0,0,True,True,True,True,True,True
3825904,2,415,4150,4150,6076,377,0.908433734939759,0,0,True,True,True,True,True,True
3825849,2,325,3250,3250,4655,294,0.9046153846153846,0,0,True,True,True,True,True,True
267506,2,197,1970,1970,2913,172,0.8730964467005076,0,0,True,True,True,True,True,True
3825846,2,363,3630,3630,5207,310,0.8539944903581267,0,0,True,True,True,True,True,True
3825869,2,390,3900,3900,5573,348,0.8923076923076924,0,0,True,True,True,True,True,True
3825882,2,341,3410,3410,4906,302,0.8856304985337243,0,0,True,True,True,True,True,True
3825876,2,375,3750,3750,5403,325,0.8666666666666667,0,0,True,True,True,True,True,True
3825883,2,210,2100,2100,2989,179,0.8523809523809524,0,0,True,True,True,True,True,True
3825900,2,423,4230,4230,5820,372,0.8794326241134752,0,0,True,True,True,True,True,True
3825902,2,394,3940,3940,5803,342,0.868020304568528,0,0,True,True,True,True,True,True
3825908,2,304,3040,3040,4102,280,0.9210526315789473,0,0,True,True,True,True,True,True
267670,2,600,6000,6000,8854,517,0.8616666666666667,0,0,True,True,True,True,True,True
266892,2,232,2320,2320,3221,200,0.8620689655172413,0,0,True,True,True,True,True,True
267220,2,609,6090,6090,8599,545,0.8949096880131363,0,0,True,True,True,True,True,True
267492,2,543,5430,5430,7611,483,0.8895027624309392,0,0,True,True,True,True,True,True
266033,2,171,1710,1710,2493,147,0.8596491228070176,0,0,True,True,True,True,True,True
267058,2,616,6160,6160,9186,531,0.862012987012987,0,0,True,True,True,True,True,True
266989,2,350,3500,3500,4842,322,0.92,0,0,True,True,True,True,True,True
266191,2,367,3670,3670,5161,335,0.9128065395095368,0,0,True,True,True,True,True,True
267076,2,463,4630,4630,6390,404,0.8725701943844493,0,0,True,True,True,True,True,True
266357,2,122,1220,1220,1727,106,0.8688524590163934,0,0,True,True,True,True,True,True
266528,2,499,4990,4990,7044,460,0.9218436873747495,0,0,True,True,True,True,True,True
266477,2,230,2300,2300,3319,202,0.8782608695652174,0,0,True,True,True,True,True,True
267395,2,463,4630,4630,6476,400,0.8639308855291576,0,0,True,True,True,True,True,True
266731,2,235,2350,2350,3305,209,0.8893617021276595,0,0,True,True,True,True,True,True
266516,2,199,1990,1990,3049,174,0.8743718592964824,0,0,True,True,True,True,True,True
266874,2,358,3580,3580,5086,330,0.9217877094972067,0,0,True,True,True,True,True,True
267464,2,204,2040,2040,3109,183,0.8970588235294118,0,0,True,True,True,True,True,True
265952,2,594,5940,5940,8784,513,0.8636363636363636,0,0,True,True,True,True,True,True
266299,2,451,4510,4510,6284,409,0.9068736141906873,0,0,True,True,True,True,True,True
267660,2,196,1960,1960,2769,167,0.8520408163265306,0,0,True,True,True,True,True,True
266440,2,545,5450,5450,7703,483,0.8862385321100917,0,0,True,True,True,True,True,True
266280,2,514,5140,5140,7171,453,0.8813229571984436,0,0,True,True,True,True,True,True
267590,2,188,1880,1880,2597,174,0.925531914893617,0,0,True,True,True,True,True,True
267373,2,425,4250,4250,5822,376,0.8847058823529412,0,0,True,True,True,True,True,True
267569,2,306,3060,3060,4433,268,0.8758169934640523,0,0,True,True,True,True,True,True
267101,2,712,7120,7120,10385,617,0.8665730337078652,0,0,True,True,True,True,True,True
267077,2,196,1960,1960,2804,175,0.8928571428571429,0,0,True,True,True,True,True,True
266952,2,619,6190,6190,8597,565,0.9127625201938611,0,0,True,True,True,True,True,True
267039,2,319,3190,3190,4453,271,0.8495297805642633,0,0,True,True,True,True,True,True
267432,2,510,5100,5100,7144,458,0.8980392156862745,0,0,True,True,True,True,True,True
9575,2,567,5670,5670,8043,498,0.8783068783068783,0,0,True,True,True,True,True,True
9581,2,173,1730,1730,2395,153,0.884393063583815,0,0,True,True,True,True,True,True
9592,2,621,6210,6210,8732,549,0.8840579710144928,0,0,True,True,True,True,True,True
9602,2,168,1680,1680,2499,154,0.9166666666666666,0,0,True,True,True,True,True,True
9609,2,485,4850,4850,6654,441,0.9092783505154639,0,0,True,True,True,True,True,True
9636,2,392,3920,3920,5456,346,0.8826530612244898,0,0,True,True,True,True,True,True
9642,2,233,2330,2330,3427,204,0.8755364806866953,0,0,True,True,True,True,True,True
9650,2,608,6080,6080,8547,541,0.8898026315789473,0,0,True,True,True,True,True,True
9661,2,256,2560,2560,3582,228,0.890625,0,0,True,True,True,True,True,True
9673,2,465,4650,4650,6482,404,0.8688172043010752,0,0,True,True,True,True,True,True
9695,2,256,2560,2560,3693,231,0.90234375,0,0,True,True,True,True,True,True
9700,2,606,6060,6060,8309,529,0.8729372937293729,0,0,True,True,True,True,True,True
9717,2,253,2530,2530,3659,229,0.9051383399209486,0,0,True,True,True,True,True,True
9726,2,537,5370,5370,7334,475,0.8845437616387337,0,0,True,True,True,True,True,True
9736,2,355,3550,3550,4963,313,0.8816901408450705,0,0,True,True,True,True,True,True
9742,2,598,5980,5980,8484,536,0.8963210702341137,0,0,True,True,True,True,True,True
9754,2,361,3610,3610,5094,317,0.8781163434903048,0,0,True,True,True,True,True,True
9765,2,405,4050,4050,5878,362,0.8938271604938272,0,0,True,True,True,True,True,True
9774,2,571,5710,5710,7979,503,0.8809106830122592,0,0,True,True,True,True,True,True
9783,2,142,1420,1420,2026,127,0.8943661971830986,0,0,True,True,True,True,True,True
9794,2,617,6170,6170,8907,548,0.8881685575364667,0,0,True,True,True,True,True,True
9799,2,343,3430,3430,4774,301,0.8775510204081632,0,0,True,True,True,True,True,True
9827,2,229,2290,2290,3180,200,0.8733624454148472,0,0,True,True,True,True,True,True
9837,2,475,4750,4750,6788,415,0.8736842105263158,0,0,True,True,True,True,True,True
9855,2,483,4830,4830,6696,423,0.8757763975155279,0,0,True,True,True,True,True,True
9860,2,304,3040,3040,4362,267,0.8782894736842105,0,0,True,True,True,True,True,True
9870,2,610,6100,6100,8682,554,0.9081967213114754,0,0,True,True,True,True,True,True
9880,2,623,6230,6230,8731,545,0.8747993579454254,0,0,True,True,True,True,True,True
9889,2,342,3420,3420,4778,301,0.8801169590643275,0,0,True,True,True,True,True,True
9912,2,350,3500,3500,5005,314,0.8971428571428571,0,0,True,True,True,True,True,True
9924,2,440,4400,4400,6430,376,0.8545454545454545,0,0,True,True,True,True,True,True
9928,2,535,5350,5350,7349,492,0.9196261682242991,0,0,True,True,True,True,True,True
9948,2,501,5010,5010,6979,444,0.8862275449101796,0,0,True,True,True,True,True,True
15946,2,734,7340,7340,10484,642,0.8746594005449592,0,0,True,True,True,True,True,True
15956,2,244,2440,2440,3503,206,0.8442622950819673,0,0,True,True,True,True,True,True
15978,2,259,2590,2590,3554,233,0.8996138996138996,0,0,True,True,True,True,True,True
15998,2,179,1790,1790,2461,163,0.9106145251396648,0,0,True,True,True,True,True,True
16010,2,480,4800,4800,6748,427,0.8895833333333333,0,0,True,True,True,True,True,True
16023,2,229,2290,2290,3333,203,0.8864628820960698,0,0,True,True,True,True,True,True
16029,2,379,3790,3790,5212,335,0.8839050131926122,0,0,True,True,True,True,True,True
16056,2,385,3850,3850,5347,334,0.8675324675324675,0,0,True,True,True,True,True,True
16073,2,253,2530,2530,3739,212,0.8379446640316206,0,0,True,True,True,True,True,True
16079,2,623,6230,6230,8936,542,0.869983948635634,0,0,True,True,True,True,True,True
16086,2,341,3410,3410,4942,291,0.8533724340175953,0,0,True,True,True,True,True,True
16095,2,298,2980,2980,4341,261,0.8758389261744967,0,0,True,True,True,True,True,True
16109,2,448,4480,4480,6250,404,0.9017857142857143,0,0,True,True,True,True,True,True
16120,2,135,1350,1350,1853,122,0.9037037037037037,0,0,True,True,True,True,True,True
16131,2,493,4930,4930,6860,443,0.8985801217038539,0,0,True,True,True,True,True,True
16136,2,595,5950,5950,8365,520,0.8739495798319328,0,0,True,True,True,True,True,True
16149,2,255,2550,2550,3561,229,0.8980392156862745,0,0,True,True,True,True,True,True
16157,2,632,6320,6320,8864,563,0.8908227848101266,0,0,True,True,True,True,True,True
16173,2,234,2340,2340,3242,214,0.9145299145299145,0,0,True,True,True,True,True,True
16182,2,593,5930,5930,8532,529,0.8920741989881956,0,0,True,True,True,True,True,True
16190,2,231,2310,2310,3343,204,0.8831168831168831,0,0,True,True,True,True,True,True
16196,2,330,3300,3300,4626,288,0.8727272727272727,0,0,True,True,True,True,True,True
16205,2,589,5890,5890,8311,521,0.8845500848896435,0,0,True,True,True,True,True,True
16215,2,492,4920,4920,6940,437,0.8882113821138211,0,0,True,True,True,True,True,True
16231,2,533,5330,5330,7711,472,0.8855534709193246,0,0,True,True,True,True,True,True
16240,2,270,2700,2700,3802,236,0.8740740740740741,0,0,True,True,True,True,True,True
16248,2,629,6290,6290,9126,541,0.8600953895071543,0,0,True,True,True,True,True,True
16265,2,421,4210,4210,5796,386,0.9168646080760094,0,0,True,True,True,True,True,True
16275,2,144,1440,1440,2063,124,0.8611111111111112,0,0,True,True,True,True,True,True
16289,2,504,5040,5040,7101,433,0.8591269841269841,0,0,True,True,True,True,True,True
16306,2,725,7250,7250,10244,647,0.8924137931034483,0,0,True,True,True,True,True,True
16317,2,276,2760,2760,3936,237,0.8586956521739131,0,0,True,True,True,True,True,True
303666,2,130,1300,1300,1822,116,0.8923076923076924,0,0,True,True,True,True,True,True
303430,2,496,4960,4960,6854,448,0.9032258064516129,0,0,True,True,True,True,True,True
303473,2,475,4750,4750,6568,413,0.8694736842105263,0,0,True,True,True,True,True,True
303700,2,319,3190,3190,4608,277,0.8683385579937304,0,0,True,True,True,True,True,True
303600,2,486,4860,4860,6757,433,0.8909465020576132,0,0,True,True,True,True,True,True
303504,2,274,2740,2740,3864,234,0.8540145985401459,0,0,True,True,True,True,True,True
303487,2,563,5630,5630,7990,502,0.8916518650088809,0,0,True,True,True,True,True,True
303715,2,141,1410,1410,2059,122,0.8652482269503546,0,0,True,True,True,True,True,True
303524,2,273,2730,2730,3938,234,0.8571428571428571,0,0,True,True,True,True,True,True
303451,2,586,5860,5860,8205,525,0.8959044368600683,0,0,True,True,True,True,True,True
303664,2,488,4880,4880,7038,439,0.8995901639344263,0,0,True,True,True,True,True,True
303596,2,494,4940,4940,6869,439,0.888663967611336,0,0,True,True,True,True,True,True
303517,2,677,6770,6770,9479,598,0.8833087149187593,0,0,True,True,True,True,True,True
303652,2,214,2140,2140,2989,190,0.8878504672897196,0,0,True,True,True,True,True,True
303610,2,839,8390,8390,11841,754,0.8986889153754469,0,0,True,True,True,True,True,True
303400,2,232,2320,2320,3458,208,0.896551724137931,0,0,True,True,True,True,True,True
303682,2,652,6520,6520,9139,583,0.8941717791411042,0,0,True,True,True,True,True,True
303707,2,233,2330,2330,3221,204,0.8755364806866953,0,0,True,True,True,True,True,True
303377,2,574,5740,5740,8037,505,0.8797909407665505,0,0,True,True,True,True,True,True
303731,2,568,5680,5680,7809,500,0.8802816901408451,0,0,True,True,True,True,True,True
303470,2,449,4490,4490,6318,404,0.8997772828507795,0,0,True,True,True,True,True,True
303479,2,446,4460,4460,6199,379,0.8497757847533632,0,0,True,True,True,True,True,True
303548,2,235,2350,2350,3375,209,0.8893617021276595,0,0,True,True,True,True,True,True
303532,2,676,6760,6760,9833,585,0.8653846153846154,0,0,True,True,True,True,True,True
303674,2,277,2770,2770,3814,243,0.8772563176895307,0,0,True,True,True,True,True,True
303493,2,602,6020,6020,8414,533,0.8853820598006644,0,0,True,True,True,True,True,True
303516,2,185,1850,1850,2604,160,0.8648648648648649,0,0,True,True,True,True,True,True
303696,2,666,6660,6660,9220,593,0.8903903903903904,0,0,True,True,True,True,True,True
303725,2,246,2460,2460,3352,210,0.8536585365853658,0,0,True,True,True,True,True,True
303615,2,731,7310,7310,10540,636,0.8700410396716827,0,0,True,True,True,True,True,True
303680,2,228,2280,2280,3269,197,0.8640350877192983,0,0,True,True,True,True,True,True
303634,2,620,6200,6200,8777,555,0.8951612903225806,0,0,True,True,True,True,True,True
303421,2,204,2040,2040,2762,188,0.9215686274509803,0,0,True,True,True,True,True,True
3773593,2,572,5720,5720,8053,504,0.8811188811188811,0,0,True,True,True,True,True,True
3773466,2,248,2480,2480,3554,212,0.8548387096774194,0,0,True,True,True,True,True,True
3773672,2,502,5020,5020,7066,438,0.8725099601593626,0,0,True,True,True,True,True,True
3773587,2,133,1330,1330,1830,112,0.8421052631578947,0,0,True,True,True,True,True,True
3773585,2,519,5190,5190,7341,460,0.8863198458574181,0,0,True,True,True,True,True,True
3773386,2,111,1110,1110,1533,102,0.918918918918919,0,0,True,True,True,True,True,True
3773477,2,484,4840,4840,6757,413,0.8533057851239669,0,0,True,True,True,True,True,True
3773656,2,430,4300,4300,6093,383,0.8906976744186047,0,0,True,True,True,True,True,True
3773547,2,591,5910,5910,8422,534,0.9035532994923858,0,0,True,True,True,True,True,True
3773660,2,574,5740,5740,8029,507,0.8832752613240418,0,0,True,True,True,True,True,True
3773523,2,393,3930,3930,5550,350,0.8905852417302799,0,0,True,True,True,True,True,True
3773377,2,599,5990,5990,8467,535,0.8931552587646077,0,0,True,True,True,True,True,True
3773571,2,289,2890,2890,4136,259,0.8961937716262975,0,0,True,True,True,True,True,True
3764661,2,350,3500,3500,4975,306,0.8742857142857143,0,0,True,True,True,True,True,True
3773565,2,192,1920,1920,2723,178,0.9270833333333334,0,0,True,True,True,True,True,True
3773403,2,515,5150,5150,7307,463,0.8990291262135922,0,0,True,True,True,True,True,True
3773631,2,277,2770,2770,3951,243,0.8772563176895307,0,0,True,True,True,True,True,True
3773526,2,646,6460,6460,9075,569,0.8808049535603715,0,0,True,True,True,True,True,True
3764440,2,604,6040,6040,8600,531,0.8791390728476821,0,0,True,True,True,True,True,True
3773625,2,319,3190,3190,4515,287,0.8996865203761756,0,0,True,True,True,True,True,True
3773665,2,290,2900,2900,3986,256,0.8827586206896552,0,0,True,True,True,True,True,True
3773597,2,238,2380,2380,3384,206,0.865546218487395,0,0,True,True,True,True,True,True
3773474,2,567,5670,5670,7984,496,0.8747795414462081,0,0,True,True,True,True,True,True
3773497,2,215,2150,2150,3048,190,0.8837209302325582,0,0,True,True,True,True,True,True
3773661,2,694,6940,6940,9826,602,0.8674351585014409,0,0,True,True,True,True,True,True
3773689,2,343,3430,3430,4888,300,0.8746355685131195,0,0,True,True,True,True,True,True
3773586,2,752,7520,7520,10953,658,0.875,0,0,True,True,True,True,True,True
3773695,2,263,2630,2630,3688,224,0.8517110266159695,0,0,True,True,True,True,True,True
3773372,2,455,4550,4550,6526,407,0.8945054945054945,0,0,True,True,True,True,True,True
3773387,2,291,2910,2910,4064,255,0.8762886597938144,0,0,True,True,True,True,True,True
3773457,2,563,5630,5630,7986,492,0.8738898756660746,0,0,True,True,True,True,True,True
68335,3,454,4540,4540,6498,400,0.8810572687224669,0,0,True,True,True,True,True,True
69179,3,322,3220,3220,4468,280,0.8695652173913043,0,0,True,True,True,True,True,True
69180,3,158,1580,1580,2326,140,0.8860759493670886,0,0,True,True,True,True,True,True
69169,3,586,5860,5860,8474,526,0.8976109215017065,0,0,True,True,True,True,True,True
69148,3,432,4320,4320,6094,387,0.8958333333333334,0,0,True,True,True,True,True,True
69178,3,209,2090,2090,2838,195,0.9330143540669856,0,0,True,True,True,True,True,True
68356,3,238,2380,2380,3223,217,0.9117647058823529,0,0,True,True,True,True,True,True
69173,3,456,4560,4560,6408,418,0.9166666666666666,0,0,True,True,True,True,True,True
69181,3,270,2700,2700,3904,233,0.8629629629629629,0,0,True,True,True,True,True,True
69187,3,421,4210,4210,5935,373,0.8859857482185273,0,0,True,True,True,True,True,True
69146,3,274,2740,2740,3789,240,0.8759124087591241,0,0,True,True,True,True,True,True
69182,3,269,2690,2690,3796,245,0.9107806691449815,0,0,True,True,True,True,True,True
68360,3,663,6630,6630,9115,596,0.8989441930618401,0,0,True,True,True,True,True,True
68365,3,198,1980,1980,2871,170,0.8585858585858586,0,0,True,True,True,True,True,True
68359,3,477,4770,4770,6857,416,0.8721174004192872,0,0,True,True,True,True,True,True
69141,3,538,5380,5380,7648,481,0.8940520446096655,0,0,True,True,True,True,True,True
68361,3,375,3750,3750,5470,323,0.8613333333333333,0,0,True,True,True,True,True,True
69215,3,566,5660,5660,8011,484,0.8551236749116607,0,0,True,True,True,True,True,True
69207,3,456,4560,4560,6383,408,0.8947368421052632,0,0,True,True,True,True,True,True
69211,3,149,1490,1490,2081,133,0.8926174496644296,0,0,True,True,True,True,True,True
69212,3,466,4660,4660,6716,403,0.8648068669527897,0,0,True,True,True,True,True,True
69285,3,158,1580,1580,2194,140,0.8860759493670886,0,0,True,True,True,True,True,True
69171,3,211,2110,2110,3027,190,0.9004739336492891,0,0,True,True,True,True,True,True
69149,3,444,4440,4440,6429,375,0.8445945945945946,0,0,True,True,True,True,True,True
69225,3,456,4560,4560,6535,395,0.8662280701754386,0,0,True,True,True,True,True,True
69228,3,281,2810,2810,3963,254,0.9039145907473309,0,0,True,True,True,True,True,True
69230,3,198,1980,1980,2796,170,0.8585858585858586,0,0,True,True,True,True,True,True
69183,3,438,4380,4380,6204,383,0.8744292237442922,0,0,True,True,True,True,True,True
69209,3,185,1850,1850,2525,168,0.9081081081081082,0,0,True,True,True,True,True,True
69195,3,129,1290,1290,1806,105,0.813953488372093,0,0,True,True,True,True,True,True
69139,3,350,3500,3500,5260,294,0.84,0,0,True,True,True,True,True,True
69185,3,279,2790,2790,3853,242,0.8673835125448028,0,0,True,True,True,True,True,True
69216,3,510,5100,5100,7303,445,0.8725490196078431,0,0,True,True,True,True,True,True
69142,3,523,5230,5230,7412,463,0.8852772466539197,0,0,True,True,True,True,True,True
69222,3,438,4380,4380,6097,395,0.9018264840182648,0,0,True,True,True,True,True,True
69223,3,203,2030,2030,2859,176,0.8669950738916257,0,0,True,True,True,True,True,True
69251,3,171,1710,1710,2368,151,0.8830409356725146,0,0,True,True,True,True,True,True
69249,3,272,2720,2720,3759,242,0.8897058823529411,0,0,True,True,True,True,True,True
69217,3,476,4760,4760,6790,411,0.8634453781512605,0,0,True,True,True,True,True,True
69229,3,278,2780,2780,3990,247,0.8884892086330936,0,0,True,True,True,True,True,True
69292,3,452,4520,4520,6374,409,0.9048672566371682,0,0,True,True,True,True,True,True
69254,3,166,1660,1660,2248,150,0.9036144578313253,0,0,True,True,True,True,True,True
69255,3,136,1360,1360,1886,114,0.8382352941176471,0,0,True,True,True,True,True,True
69256,3,569,5690,5690,8030,506,0.8892794376098418,0,0,True,True,True,True,True,True
69252,3,292,2920,2920,3970,261,0.8938356164383562,0,0,True,True,True,True,True,True
69253,3,777,7770,7770,11455,647,0.8326898326898327,0,0,True,True,True,True,True,True
69277,3,169,1690,1690,2420,152,0.8994082840236687,0,0,True,True,True,True,True,True
69250,3,423,4230,4230,6011,370,0.8747044917257684,0,0,True,True,True,True,True,True
69288,3,197,1970,1970,2686,179,0.9086294416243654,0,0,True,True,True,True,True,True
69262,3,473,4730,4730,7044,404,0.854122621564482,0,0,True,True,True,True,True,True
69218,3,188,1880,1880,2682,160,0.851063829787234,0,0,True,True,True,True,True,True
69243,3,533,5330,5330,7870,455,0.8536585365853658,0,0,True,True,True,True,True,True
69210,3,222,2220,2220,3114,197,0.8873873873873874,0,0,True,True,True,True,True,True
69240,3,384,3840,3840,5588,327,0.8515625,0,0,True,True,True,True,True,True
69237,3,249,2490,2490,3698,213,0.8554216867469879,0,0,True,True,True,True,True,True
69233,3,545,5450,5450,7699,494,0.9064220183486239,0,0,True,True,True,True,True,True
69238,3,634,6340,6340,9226,549,0.8659305993690851,0,0,True,True,True,True,True,True
69226,3,192,1920,1920,2609,173,0.9010416666666666,0,0,True,True,True,True,True,True
69224,3,449,4490,4490,6739,387,0.8619153674832962,0,0,True,True,True,True,True,True
69227,3,218,2180,2180,3228,189,0.8669724770642202,0,0,True,True,True,True,True,True
69257,3,490,4900,4900,6922,434,0.8857142857142857,0,0,True,True,True,True,True,True
69298,3,203,2030,2030,2866,189,0.9310344827586207,0,0,True,True,True,True,True,True
69247,3,487,4870,4870,6799,431,0.8850102669404517,0,0,True,True,True,True,True,True
69259,3,301,3010,3010,4178,274,0.9102990033222591,0,0,True,True,True,True,True,True
69221,3,673,6730,6730,9908,580,0.861812778603269,0,0,True,True,True,True,True,True
69213,3,198,1980,1980,2709,182,0.9191919191919192,0,0,True,True,True,True,True,True
69244,3,263,2630,2630,3610,232,0.8821292775665399,0,0,True,True,True,True,True,True
69239,3,203,2030,2030,2755,188,0.9261083743842364,0,0,True,True,True,True,True,True
69242,3,564,5640,5640,7781,497,0.8812056737588653,0,0,True,True,True,True,True,True
69286,3,278,2780,2780,3900,246,0.8848920863309353,0,0,True,True,True,True,True,True
69269,3,164,1640,1640,2346,145,0.8841463414634146,0,0,True,True,True,True,True,True
69236,3,544,5440,5440,7890,491,0.9025735294117647,0,0,True,True,True,True,True,True
69260,3,418,4180,4180,5871,374,0.8947368421052632,0,0,True,True,True,True,True,True
69263,3,158,1580,1580,2288,133,0.8417721518987342,0,0,True,True,True,True,True,True
69289,3,542,5420,5420,7684,479,0.8837638376383764,0,0,True,True,True,True,True,True
69270,3,220,2200,2200,3036,204,0.9272727272727272,0,0,True,True,True,True,True,True
69308,3,582,5820,5820,8479,517,0.8883161512027491,0,0,True,True,True,True,True,True
69306,3,238,2380,2380,3276,217,0.9117647058823529,0,0,True,True,True,True,True,True
69299,3,620,6200,6200,9062,551,0.8887096774193548,0,0,True,True,True,True,True,True
69307,3,151,1510,1510,2102,143,0.9470198675496688,0,0,True,True,True,True,True,True
69275,3,283,2830,2830,3894,243,0.8586572438162544,0,0,True,True,True,True,True,True
69280,3,217,2170,2170,2967,185,0.8525345622119815,0,0,True,True,True,True,True,True
69278,3,661,6610,6610,9581,596,0.9016641452344932,0,0,True,True,True,True,True,True
69295,3,742,7420,7420,10628,665,0.8962264150943396,0,0,True,True,True,True,True,True
69276,3,716,7160,7160,10682,612,0.8547486033519553,0,0,True,True,True,True,True,True
69248,3,108,1080,1080,1594,91,0.8425925925925926,0,0,True,True,True,True,True,True
69282,3,727,7270,7270,10656,636,0.874828060522696,0,0,True,True,True,True,True,True
69283,3,154,1540,1540,2102,127,0.8246753246753247,0,0,True,True,True,True,True,True
69274,3,290,2900,2900,4061,256,0.8827586206896552,0,0,True,True,True,True,True,True
69300,3,766,7660,7660,11610,659,0.860313315926893,0,0,True,True,True,True,True,True
69291,3,190,1900,1900,2574,162,0.8526315789473684,0,0,True,True,True,True,True,True
69303,3,615,6150,6150,8962,535,0.8699186991869918,0,0,True,True,True,True,True,True
69304,3,253,2530,2530,3801,222,0.8774703557312253,0,0,True,True,True,True,True,True
69305,3,587,5870,5870,8515,513,0.8739352640545145,0,0,True,True,True,True,True,True
69245,3,133,1330,1330,1879,115,0.8646616541353384,0,0,True,True,True,True,True,True
69271,3,505,5050,5050,7074,445,0.8811881188118812,0,0,True,True,True,True,True,True
69234,3,662,6620,6620,9628,584,0.8821752265861027,0,0,True,True,True,True,True,True
69272,3,165,1650,1650,2428,143,0.8666666666666667,0,0,True,True,True,True,True,True
69268,3,697,6970,6970,9676,625,0.896700143472023,0,0,True,True,True,True,True,True
69264,3,182,1820,1820,2495,172,0.945054945054945,0,0,True,True,True,True,True,True
70220,3,687,6870,6870,9984,601,0.8748180494905385,0,0,True,True,True,True,True,True
70223,3,251,2510,2510,3561,230,0.9163346613545816,0,0,True,True,True,True,True,True
69297,3,720,7200,7200,10574,619,0.8597222222222223,0,0,True,True,True,True,True,True
69265,3,188,1880,1880,2614,167,0.8882978723404256,0,0,True,True,True,True,True,True
69293,3,852,8520,8520,12601,748,0.8779342723004695,0,0,True,True,True,True,True,True
69329,3,656,6560,6560,9659,563,0.8582317073170732,0,0,True,True,True,True,True,True
69314,3,630,6300,6300,9146,548,0.8698412698412699,0,0,True,True,True,True,True,True
69330,3,256,2560,2560,3610,231,0.90234375,0,0,True,True,True,True,True,True
69331,3,487,4870,4870,6958,424,0.8706365503080082,0,0,True,True,True,True,True,True
69315,3,185,1850,1850,2585,165,0.8918918918918919,0,0,True,True,True,True,True,True
69333,3,618,6180,6180,8897,557,0.901294498381877,0,0,True,True,True,True,True,True
69334,3,261,2610,2610,3725,226,0.8659003831417624,0,0,True,True,True,True,True,True
69312,3,278,2780,2780,3905,245,0.8812949640287769,0,0,True,True,True,True,True,True
69327,3,615,6150,6150,8906,527,0.8569105691056911,0,0,True,True,True,True,True,True
69335,3,206,2060,2060,2990,175,0.8495145631067961,0,0,True,True,True,True,True,True
69338,3,209,2090,2090,2954,187,0.8947368421052632,0,0,True,True,True,True,True,True
69316,3,676,6760,6760,9547,597,0.8831360946745562,0,0,True,True,True,True,True,True
69336,3,165,1650,1650,2289,143,0.8666666666666667,0,0,True,True,True,True,True,True
69328,3,485,4850,4850,6883,433,0.8927835051546392,0,0,True,True,True,True,True,True
69337,3,173,1730,1730,2388,153,0.884393063583815,0,0,True,True,True,True,True,True
69322,3,173,1730,1730,2356,154,0.8901734104046243,0,0,True,True,True,True,True,True
69326,3,295,2950,2950,4047,260,0.8813559322033898,0,0,True,True,True,True,True,True
69325,3,230,2300,2300,3193,210,0.9130434782608695,0,0,True,True,True,True,True,True
69323,3,452,4520,4520,6420,398,0.8805309734513275,0,0,True,True,True,True,True,True
70219,3,124,1240,1240,1776,112,0.9032258064516129,0,0,True,True,True,True,True,True
69343,3,686,6860,6860,10450,584,0.8513119533527697,0,0,True,True,True,True,True,True
70221,3,186,1860,1860,2594,165,0.8870967741935484,0,0,True,True,True,True,True,True
69324,3,569,5690,5690,8225,511,0.8980667838312829,0,0,True,True,True,True,True,True
69340,3,596,5960,5960,8298,521,0.8741610738255033,0,0,True,True,True,True,True,True
69320,3,538,5380,5380,7503,489,0.9089219330855018,0,0,True,True,True,True,True,True
69319,3,306,3060,3060,4247,272,0.8888888888888888,0,0,True,True,True,True,True,True
70259,3,647,6470,6470,9316,563,0.8701700154559505,0,0,True,True,True,True,True,True
70262,3,157,1570,1570,2242,134,0.8535031847133758,0,0,True,True,True,True,True,True
70286,3,623,6230,6230,8971,548,0.8796147672552167,0,0,True,True,True,True,True,True
70292,3,207,2070,2070,2891,181,0.8743961352657005,0,0,True,True,True,True,True,True
70275,3,184,1840,1840,2596,155,0.842391304347826,0,0,True,True,True,True,True,True
70300,3,591,5910,5910,8527,517,0.8747884940778342,0,0,True,True,True,True,True,True
70304,3,283,2830,2830,3883,249,0.8798586572438163,0,0,True,True,True,True,True,True
266724,3,157,1570,1570,2125,139,0.8853503184713376,0,0,True,True,True,True,True,True
70309,3,645,6450,6450,9168,569,0.8821705426356589,0,0,True,True,True,True,True,True
70280,3,134,1340,1340,1984,111,0.8283582089552238,0,0,True,True,True,True,True,True
70263,3,543,5430,5430,7581,474,0.8729281767955801,0,0,True,True,True,True,True,True
70295,3,247,2470,2470,3626,216,0.8744939271255061,0,0,True,True,True,True,True,True
70296,3,772,7720,7720,11321,679,0.8795336787564767,0,0,True,True,True,True,True,True
266015,3,273,2730,2730,3795,240,0.8791208791208791,0,0,True,True,True,True,True,True
266433,3,829,8290,8290,11861,725,0.8745476477683957,0,0,True,True,True,True,True,True
266827,3,321,3210,3210,4466,296,0.9221183800623053,0,0,True,True,True,True,True,True
70287,3,232,2320,2320,3217,212,0.9137931034482759,0,0,True,True,True,True,True,True
70260,3,681,6810,6810,9862,597,0.8766519823788547,0,0,True,True,True,True,True,True
70282,3,264,2640,2640,3706,238,0.9015151515151515,0,0,True,True,True,True,True,True
70297,3,741,7410,7410,10939,643,0.8677462887989204,0,0,True,True,True,True,True,True
70294,3,142,1420,1420,1958,127,0.8943661971830986,0,0,True,True,True,True,True,True
70271,3,602,6020,6020,8730,523,0.8687707641196013,0,0,True,True,True,True,True,True
70272,3,179,1790,1790,2458,159,0.888268156424581,0,0,True,True,True,True,True,True
70305,3,729,7290,7290,10728,625,0.8573388203017832,0,0,True,True,True,True,True,True
70307,3,398,3980,3980,5499,342,0.8592964824120602,0,0,True,True,True,True,True,True
70256,3,173,1730,1730,2382,154,0.8901734104046243,0,0,True,True,True,True,True,True
267502,3,293,2930,2930,4067,261,0.8907849829351536,0,0,True,True,True,True,True,True
70281,3,643,6430,6430,9311,573,0.8911353032659409,0,0,True,True,True,True,True,True
70284,3,345,3450,3450,4888,310,0.8985507246376812,0,0,True,True,True,True,True,True
70277,3,635,6350,6350,9128,569,0.8960629921259843,0,0,True,True,True,True,True,True
70298,3,268,2680,2680,3716,242,0.9029850746268657,0,0,True,True,True,True,True,True
70301,3,552,5520,5520,7800,495,0.8967391304347826,0,0,True,True,True,True,True,True
70302,3,332,3320,3320,4833,290,0.8734939759036144,0,0,True,True,True,True,True,True
267520,3,691,6910,6910,10027,612,0.8856729377713459,0,0,True,True,True,True,True,True
266420,3,211,2110,2110,2986,183,0.8672985781990521,0,0,True,True,True,True,True,True
266462,3,173,1730,1730,2469,158,0.9132947976878613,0,0,True,True,True,True,True,True
70293,3,428,4280,4280,6097,369,0.8621495327102804,0,0,True,True,True,True,True,True
267192,3,289,2890,2890,4130,270,0.9342560553633218,0,0,True,True,True,True,True,True
70283,3,646,6460,6460,9300,561,0.868421052631579,0,0,True,True,True,True,True,True
266883,3,284,2840,2840,3978,258,0.9084507042253521,0,0,True,True,True,True,True,True
265830,3,220,2200,2200,3093,191,0.8681818181818182,0,0,True,True,True,True,True,True
70288,3,144,1440,1440,2032,124,0.8611111111111112,0,0,True,True,True,True,True,True
70291,3,610,6100,6100,8817,538,0.8819672131147541,0,0,True,True,True,True,True,True
266613,3,622,6220,6220,9108,549,0.882636655948553,0,0,True,True,True,True,True,True
267675,3,257,2570,2570,3517,229,0.8910505836575876,0,0,True,True,True,True,True,True
265918,3,500,5000,5000,7306,428,0.856,0,0,True,True,True,True,True,True
265837,3,230,2300,2300,3186,209,0.908695652173913,0,0,True,True,True,True,True,True
266066,3,674,6740,6740,10031,588,0.8724035608308606,0,0,True,True,True,True,True,True
266603,3,155,1550,1550,2349,129,0.832258064516129,0,0,True,True,True,True,True,True
266074,3,647,6470,6470,9194,570,0.8809891808346213,0,0,True,True,True,True,True,True
265857,3,253,2530,2530,3522,220,0.8695652173913043,0,0,True,True,True,True,True,True
266274,3,585,5850,5850,8202,513,0.8769230769230769,0,0,True,True,True,True,True,True
70306,3,172,1720,1720,2456,151,0.877906976744186,0,0,True,True,True,True,True,True
267368,3,522,5220,5220,7294,463,0.8869731800766284,0,0,True,True,True,True,True,True
267138,3,96,960,960,1368,84,0.875,0,0,True,True,True,True,True,True
267567,3,426,4260,4260,5897,373,0.8755868544600939,0,0,True,True,True,True,True,True
70289,3,170,1700,1700,2454,149,0.8764705882352941,0,0,True,True,True,True,True,True
266491,3,657,6570,6570,9301,578,0.8797564687975646,0,0,True,True,True,True,True,True
266256,3,416,4160,4160,6023,373,0.8966346153846154,0,0,True,True,True,True,True,True
266406,3,170,1700,1700,2379,152,0.8941176470588236,0,0,True,True,True,True,True,True
70273,3,521,5210,5210,7378,453,0.8694817658349329,0,0,True,True,True,True,True,True
266770,3,158,1580,1580,2223,138,0.8734177215189873,0,0,True,True,True,True,True,True
266838,3,160,1600,1600,2186,136,0.85,0,0,True,True,True,True,True,True
266117,3,574,5740,5740,8107,506,0.8815331010452961,0,0,True,True,True,True,True,True
267561,3,219,2190,2190,3190,198,0.9041095890410958,0,0,True,True,True,True,True,True
267085,3,373,3730,3730,5211,331,0.8873994638069705,0,0,True,True,True,True,True,True
267301,3,436,4360,4360,6069,388,0.8899082568807339,0,0,True,True,True,True,True,True
267499,3,145,1450,1450,2048,128,0.8827586206896552,0,0,True,True,True,True,True,True
265835,3,617,6170,6170,8733,550,0.8914100486223663,0,0,True,True,True,True,True,True
266560,3,214,2140,2140,2987,190,0.8878504672897196,0,0,True,True,True,True,True,True
266320,3,748,7480,7480,10551,663,0.8863636363636364,0,0,True,True,True,True,True,True
70264,3,139,1390,1390,2054,119,0.8561151079136691,0,0,True,True,True,True,True,True
266240,3,160,1600,1600,2293,143,0.89375,0,0,True,True,True,True,True,True
70303,3,541,5410,5410,7532,486,0.8983364140480592,0,0,True,True,True,True,True,True
266230,3,198,1980,1980,2722,171,0.8636363636363636,0,0,True,True,True,True,True,True
267597,3,605,6050,6050,8815,541,0.8942148760330578,0,0,True,True,True,True,True,True
266871,3,196,1960,1960,2700,181,0.923469387755102,0,0,True,True,True,True,True,True
266741,3,680,6800,6800,9566,604,0.888235294117647,0,0,True,True,True,True,True,True
266148,3,518,5180,5180,7495,444,0.8571428571428571,0,0,True,True,True,True,True,True
267343,3,161,1610,1610,2261,133,0.8260869565217391,0,0,True,True,True,True,True,True
266916,3,362,3620,3620,5087,322,0.8895027624309392,0,0,True,True,True,True,True,True
267183,3,395,3950,3950,5378,352,0.8911392405063291,0,0,True,True,True,True,True,True
266929,3,239,2390,2390,3278,217,0.9079497907949791,0,0,True,True,True,True,True,True
267400,3,554,5540,5540,7772,494,0.8916967509025271,0,0,True,True,True,True,True,True
266142,3,207,2070,2070,2887,185,0.893719806763285,0,0,True,True,True,True,True,True
266525,3,529,5290,5290,7465,474,0.8960302457466919,0,0,True,True,True,True,True,True
266531,3,199,1990,1990,2697,173,0.8693467336683417,0,0,True,True,True,True,True,True
265963,3,626,6260,6260,8812,562,0.8977635782747604,0,0,True,True,True,True,True,True
266045,3,435,4350,4350,6004,391,0.8988505747126436,0,0,True,True,True,True,True,True
266631,3,134,1340,1340,2019,102,0.7611940298507462,0,0,True,True,True,True,True,True
267197,3,771,7710,7710,11115,664,0.8612191958495461,0,0,True,True,True,True,True,True
3825562,3,293,2930,2930,4052,270,0.9215017064846417,0,0,True,True,True,True,True,True
3825564,3,389,3890,3890,5408,345,0.8868894601542416,0,0,True,True,True,True,True,True
3825565,3,163,1630,1630,2286,143,0.8773006134969326,0,0,True,True,True,True,True,True
3825566,3,339,3390,3390,4887,297,0.8761061946902655,0,0,True,True,True,True,True,True
266236,3,169,1690,1690,2319,141,0.834319526627219,0,0,True,True,True,True,True,True
3825567,3,208,2080,2080,2931,177,0.8509615384615384,0,0,True,True,True,True,True,True
3825568,3,316,3160,3160,4572,281,0.8892405063291139,0,0,True,True,True,True,True,True
3825569,3,185,1850,1850,2688,161,0.8702702702702703,0,0,True,True,True,True,True,True
3825571,3,358,3580,3580,5159,319,0.8910614525139665,0,0,True,True,True,True,True,True
267422,3,555,5550,5550,7836,489,0.8810810810810811,0,0,True,True,True,True,True,True
3825572,3,510,5100,5100,7208,458,0.8980392156862745,0,0,True,True,True,True,True,True
3825573,3,414,4140,4140,5780,372,0.8985507246376812,0,0,True,True,True,True,True,True
3825574,3,573,5730,5730,8352,499,0.8708551483420593,0,0,True,True,True,True,True,True
3825576,3,299,2990,2990,4156,262,0.8762541806020067,0,0,True,True,True,True,True,True
3825577,3,279,2790,2790,3959,246,0.8817204301075269,0,0,True,True,True,True,True,True
3825578,3,239,2390,2390,3382,211,0.8828451882845189,0,0,True,True,True,True,True,True
3825579,3,379,3790,3790,5259,340,0.8970976253298153,0,0,True,True,True,True,True,True
3825580,3,321,3210,3210,4572,285,0.8878504672897196,0,0,True,True,True,True,True,True
266166,3,232,2320,2320,3319,191,0.8232758620689655,0,0,True,True,True,True,True,True
3825581,3,365,3650,3650,5182,315,0.863013698630137,0,0,True,True,True,True,True,True
3825582,3,218,2180,2180,3116,198,0.908256880733945,0,0,True,True,True,True,True,True
3825583,3,268,2680,2680,3717,240,0.8955223880597015,0,0,True,True,True,True,True,True
3825584,3,281,2810,2810,3929,255,0.9074733096085409,0,0,True,True,True,True,True,True
3825586,3,285,2850,2850,3904,256,0.8982456140350877,0,0,True,True,True,True,True,True
3825587,3,346,3460,3460,4750,314,0.9075144508670521,0,0,True,True,True,True,True,True
3825588,3,467,4670,4670,6808,413,0.8843683083511777,0,0,True,True,True,True,True,True
3825589,3,213,2130,2130,2921,193,0.9061032863849765,0,0,True,True,True,True,True,True
3825590,3,530,5300,5300,7474,469,0.8849056603773585,0,0,True,True,True,True,True,True
3825591,3,451,4510,4510,6290,400,0.8869179600886918,0,0,True,True,True,True,True,True
3825592,3,321,3210,3210,4526,278,0.8660436137071651,0,0,True,True,True,True,True,True
3825593,3,338,3380,3380,4714,295,0.8727810650887574,0,0,True,True,True,True,True,True
266490,3,601,6010,6010,8670,533,0.8868552412645591,0,0,True,True,True,True,True,True
3825594,3,239,2390,2390,3227,215,0.899581589958159,0,0,True,True,True,True,True,True
3825595,3,244,2440,2440,3482,213,0.8729508196721312,0,0,True,True,True,True,True,True
3825596,3,387,3870,3870,5462,332,0.8578811369509044,0,0,True,True,True,True,True,True
3825597,3,251,2510,2510,3521,220,0.8764940239043825,0,0,True,True,True,True,True,True
3825598,3,365,3650,3650,5193,313,0.8575342465753425,0,0,True,True,True,True,True,True
3825599,3,284,2840,2840,3967,254,0.8943661971830986,0,0,True,True,True,True,True,True
3825892,3,244,2440,2440,3337,220,0.9016393442622951,0,0,True,True,True,True,True,True
266467,3,296,2960,2960,4111,267,0.902027027027027,0,0,True,True,True,True,True,True
3825600,3,366,3660,3660,5193,327,0.8934426229508197,0,0,True,True,True,True,True,True
3825601,3,357,3570,3570,5031,318,0.8907563025210085,0,0,True,True,True,True,True,True
3825602,3,342,3420,3420,4808,301,0.8801169590643275,0,0,True,True,True,True,True,True
3825848,3,336,3360,3360,4773,294,0.875,0,0,True,True,True,True,True,True
3825895,3,255,2550,2550,3690,222,0.8705882352941177,0,0,True,True,True,True,True,True
3825603,3,380,3800,3800,5339,341,0.8973684210526316,0,0,True,True,True,True,True,True
3825604,3,244,2440,2440,3396,220,0.9016393442622951,0,0,True,True,True,True,True,True
267611,3,550,5500,5500,7824,484,0.88,0,0,True,True,True,True,True,True
3825605,3,313,3130,3130,4317,274,0.8753993610223643,0,0,True,True,True,True,True,True
3825606,3,583,5830,5830,8602,503,0.8627787307032591,0,0,True,True,True,True,True,True
3825607,3,379,3790,3790,5446,342,0.9023746701846965,0,0,True,True,True,True,True,True
3825608,3,190,1900,1900,2722,164,0.8631578947368421,0,0,True,True,True,True,True,True
3825609,3,244,2440,2440,3294,211,0.8647540983606558,0,0,True,True,True,True,True,True
3825610,3,395,3950,3950,5619,354,0.8962025316455696,0,0,True,True,True,True,True,True
3825611,3,273,2730,2730,3833,240,0.8791208791208791,0,0,True,True,True,True,True,True
3825612,3,398,3980,3980,5539,360,0.9045226130653267,0,0,True,True,True,True,True,True
3825613,3,467,4670,4670,6529,409,0.8758029978586723,0,0,True,True,True,True,True,True
3825614,3,260,2600,2600,3635,233,0.8961538461538462,0,0,True,True,True,True,True,True
3825615,3,402,4020,4020,5947,354,0.8805970149253731,0,0,True,True,True,True,True,True
3825616,3,227,2270,2270,3189,208,0.9162995594713657,0,0,True,True,True,True,True,True
3825617,3,217,2170,2170,3085,196,0.9032258064516129,0,0,True,True,True,True,True,True
3825618,3,424,4240,4240,6062,376,0.8867924528301887,0,0,True,True,True,True,True,True
3825619,3,269,2690,2690,3772,241,0.895910780669145,0,0,True,True,True,True,True,True
3825620,3,417,4170,4170,5961,373,0.894484412470024,0,0,True,True,True,True,True,True
3825621,3,371,3710,3710,5384,321,0.8652291105121294,0,0,True,True,True,True,True,True
3825622,3,358,3580,3580,4945,320,0.8938547486033519,0,0,True,True,True,True,True,True
3825623,3,320,3200,3200,4463,274,0.85625,0,0,True,True,True,True,True,True
3825624,3,212,2120,2120,3040,176,0.8301886792452831,0,0,True,True,True,True,True,True
3825625,3,438,4380,4380,6204,390,0.8904109589041096,0,0,True,True,True,True,True,True
3825626,3,360,3600,3600,5021,325,0.9027777777777778,0,0,True,True,True,True,True,True
3825627,3,347,3470,3470,4796,315,0.9077809798270894,0,0,True,True,True,True,True,True
3825628,3,297,2970,2970,4144,270,0.9090909090909091,0,0,True,True,True,True,True,True
3825629,3,186,1860,1860,2701,159,0.8548387096774194,0,0,True,True,True,True,True,True
3825630,3,348,3480,3480,5070,310,0.8908045977011494,0,0,True,True,True,True,True,True
3825631,3,427,4270,4270,6013,382,0.8946135831381733,0,0,True,True,True,True,True,True
3825632,3,370,3700,3700,5255,329,0.8891891891891892,0,0,True,True,True,True,True,True
3825633,3,466,4660,4660,7329,391,0.8390557939914163,0,0,True,True,True,True,True,True
3825634,3,182,1820,1820,2538,165,0.9065934065934066,0,0,True,True,True,True,True,True
3825635,3,406,4060,4060,5734,351,0.8645320197044335,0,0,True,True,True,True,True,True
3825636,3,342,3420,3420,4791,307,0.8976608187134503,0,0,True,True,True,True,True,True
3825874,3,360,3600,3600,4931,317,0.8805555555555555,0,0,True,True,True,True,True,True
3825637,3,476,4760,4760,6692,419,0.8802521008403361,0,0,True,True,True,True,True,True
3825638,3,324,3240,3240,4701,289,0.8919753086419753,0,0,True,True,True,True,True,True
3825639,3,439,4390,4390,6130,369,0.8405466970387244,0,0,True,True,True,True,True,True
3825640,3,248,2480,2480,3454,230,0.9274193548387096,0,0,True,True,True,True,True,True
3825641,3,354,3540,3540,4923,311,0.8785310734463276,0,0,True,True,True,True,True,True
3825642,3,373,3730,3730,5272,333,0.8927613941018767,0,0,True,True,True,True,True,True
3825643,3,519,5190,5190,7380,452,0.8709055876685935,0,0,True,True,True,True,True,True
3825644,3,213,2130,2130,3014,187,0.8779342723004695,0,0,True,True,True,True,True,True
3825645,3,191,1910,1910,2525,168,0.8795811518324608,0,0,True,True,True,True,True,True
3825646,3,308,3080,3080,4358,273,0.8863636363636364,0,0,True,True,True,True,True,True
3825647,3,318,3180,3180,4533,287,0.9025157232704403,0,0,True,True,True,True,True,True
3825648,3,164,1640,1640,2280,142,0.8658536585365854,0,0,True,True,True,True,True,True
3825649,3,196,1960,1960,2706,165,0.8418367346938775,0,0,True,True,True,True,True,True
3825650,3,301,3010,3010,4174,267,0.8870431893687708,0,0,True,True,True,True,True,True
3825651,3,258,2580,2580,3622,227,0.8798449612403101,0,0,True,True,True,True,True,True
3825652,3,289,2890,2890,3978,261,0.903114186851211,0,0,True,True,True,True,True,True
3825653,3,225,2250,2250,3190,195,0.8666666666666667,0,0,True,True,True,True,True,True
3825654,3,328,3280,3280,4561,282,0.8597560975609756,0,0,True,True,True,True,True,True
3825655,3,209,2090,2090,2908,188,0.8995215311004785,0,0,True,True,True,True,True,True
3825656,3,323,3230,3230,4567,287,0.8885448916408669,0,0,True,True,True,True,True,True
3825657,3,325,3250,3250,4538,281,0.8646153846153846,0,0,True,True,True,True,True,True
3825658,3,476,4760,4760,6900,426,0.8949579831932774,0,0,True,True,True,True,True,True
3825659,3,204,2040,2040,2824,176,0.8627450980392157,0,0,True,True,True,True,True,True
3825660,3,566,5660,5660,7900,501,0.8851590106007067,0,0,True,True,True,True,True,True
3825661,3,341,3410,3410,4954,301,0.8826979472140762,0,0,True,True,True,True,True,True
266424,3,322,3220,3220,4563,290,0.9006211180124224,0,0,True,True,True,True,True,True
3825662,3,198,1980,1980,2783,186,0.9393939393939394,0,0,True,True,True,True,True,True
3825663,3,200,2000,2000,2859,180,0.9,0,0,True,True,True,True,True,True
3825664,3,398,3980,3980,5549,340,0.8542713567839196,0,0,True,True,True,True,True,True
3825888,3,257,2570,2570,3512,232,0.9027237354085603,0,0,True,True,True,True,True,True
3825665,3,146,1460,1460,2031,128,0.8767123287671232,0,0,True,True,True,True,True,True
3825666,3,336,3360,3360,4692,298,0.8869047619047619,0,0,True,True,True,True,True,True
3825667,3,334,3340,3340,4845,306,0.9161676646706587,0,0,True,True,True,True,True,True
3825668,3,321,3210,3210,4468,281,0.8753894080996885,0,0,True,True,True,True,True,True
3825669,3,183,1830,1830,2558,163,0.8907103825136612,0,0,True,True,True,True,True,True
3825670,3,378,3780,3780,5479,328,0.8677248677248677,0,0,True,True,True,True,True,True
266885,3,399,3990,3990,5500,368,0.9223057644110275,0,0,True,True,True,True,True,True
3825671,3,435,4350,4350,6241,377,0.8666666666666667,0,0,True,True,True,True,True,True
3825672,3,173,1730,1730,2413,157,0.9075144508670521,0,0,True,True,True,True,True,True
3825673,3,517,5170,5170,7224,450,0.8704061895551257,0,0,True,True,True,True,True,True
3825674,3,352,3520,3520,5092,313,0.8892045454545454,0,0,True,True,True,True,True,True
3825675,3,373,3730,3730,5117,339,0.9088471849865952,0,0,True,True,True,True,True,True
3825676,3,207,2070,2070,2856,191,0.9227053140096618,0,0,True,True,True,True,True,True
3825677,3,404,4040,4040,5946,348,0.8613861386138614,0,0,True,True,True,True,True,True
3825678,3,230,2300,2300,3306,194,0.8434782608695652,0,0,True,True,True,True,True,True
267274,3,213,2130,2130,3131,185,0.8685446009389671,0,0,True,True,True,True,True,True
3825679,3,308,3080,3080,4383,268,0.8701298701298701,0,0,True,True,True,True,True,True
3825680,3,228,2280,2280,3158,203,0.8903508771929824,0,0,True,True,True,True,True,True
3825681,3,612,6120,6120,8770,534,0.8725490196078431,0,0,True,True,True,True,True,True
3825682,3,365,3650,3650,5147,317,0.8684931506849315,0,0,True,True,True,True,True,True
3825683,3,418,4180,4180,5890,370,0.8851674641148325,0,0,True,True,True,True,True,True
3825684,3,237,2370,2370,3365,209,0.8818565400843882,0,0,True,True,True,True,True,True
3825685,3,202,2020,2020,2799,177,0.8762376237623762,0,0,True,True,True,True,True,True
3825686,3,261,2610,2610,3606,230,0.8812260536398467,0,0,True,True,True,True,True,True
3825687,3,331,3310,3310,4573,297,0.8972809667673716,0,0,True,True,True,True,True,True
3825688,3,219,2190,2190,3052,194,0.8858447488584474,0,0,True,True,True,True,True,True
266961,3,597,5970,5970,9084,502,0.8408710217755444,0,0,True,True,True,True,True,True
3825689,3,329,3290,3290,4644,287,0.8723404255319149,0,0,True,True,True,True,True,True
3825690,3,494,4940,4940,6839,424,0.8582995951417004,0,0,True,True,True,True,True,True
3825691,3,290,2900,2900,4005,258,0.8896551724137931,0,0,True,True,True,True,True,True
3825692,3,473,4730,4730,6902,401,0.8477801268498943,0,0,True,True,True,True,True,True
3825693,3,337,3370,3370,4788,295,0.8753709198813057,0,0,True,True,True,True,True,True
3825694,3,294,2940,2940,4071,261,0.8877551020408163,0,0,True,True,True,True,True,True
3825695,3,258,2580,2580,3761,228,0.8837209302325582,0,0,True,True,True,True,True,True
3825696,3,245,2450,2450,3370,219,0.8938775510204081,0,0,True,True,True,True,True,True
3825697,3,419,4190,4190,5928,375,0.8949880668257757,0,0,True,True,True,True,True,True
3825698,3,306,3060,3060,4324,283,0.9248366013071896,0,0,True,True,True,True,True,True
3825699,3,226,2260,2260,3203,198,0.8761061946902655,0,0,True,True,True,True,True,True
3825891,3,297,2970,2970,4185,264,0.8888888888888888,0,0,True,True,True,True,True,True
3825700,3,356,3560,3560,5090,319,0.8960674157303371,0,0,True,True,True,True,True,True
3825701,3,399,3990,3990,5616,360,0.9022556390977443,0,0,True,True,True,True,True,True
3825702,3,531,5310,5310,7342,475,0.8945386064030132,0,0,True,True,True,True,True,True
3825703,3,335,3350,3350,4590,298,0.8895522388059701,0,0,True,True,True,True,True,True
3825704,3,261,2610,2610,3598,234,0.896551724137931,0,0,True,True,True,True,True,True
267327,3,451,4510,4510,6347,408,0.9046563192904656,0,0,True,True,True,True,True,True
3825705,3,255,2550,2550,3483,232,0.9098039215686274,0,0,True,True,True,True,True,True
3825706,3,491,4910,4910,6763,430,0.8757637474541752,0,0,True,True,True,True,True,True
3825707,3,398,3980,3980,5623,351,0.8819095477386935,0,0,True,True,True,True,True,True
3825708,3,222,2220,2220,3029,196,0.8828828828828829,0,0,True,True,True,True,True,True
3825709,3,299,2990,2990,4175,263,0.8795986622073578,0,0,True,True,True,True,True,True
3825710,3,393,3930,3930,5617,356,0.905852417302799,0,0,True,True,True,True,True,True
3825711,3,351,3510,3510,4863,305,0.8689458689458689,0,0,True,True,True,True,True,True
3825712,3,290,2900,2900,4057,265,0.9137931034482759,0,0,True,True,True,True,True,True
3825713,3,335,3350,3350,4770,296,0.8835820895522388,0,0,True,True,True,True,True,True
266670,3,137,1370,1370,1920,124,0.9051094890510949,0,0,True,True,True,True,True,True
3825714,3,348,3480,3480,4957,310,0.8908045977011494,0,0,True,True,True,True,True,True
3825715,3,263,2630,2630,3662,236,0.8973384030418251,0,0,True,True,True,True,True,True
3825716,3,178,1780,1780,2424,153,0.8595505617977528,0,0,True,True,True,True,True,True
3825717,3,187,1870,1870,2645,165,0.8823529411764706,0,0,True,True,True,True,True,True
3825718,3,396,3960,3960,5739,347,0.8762626262626263,0,0,True,True,True,True,True,True
3825719,3,223,2230,2230,3082,193,0.8654708520179372,0,0,True,True,True,True,True,True
3825720,3,339,3390,3390,4728,300,0.8849557522123894,0,0,True,True,True,True,True,True
3825721,3,392,3920,3920,5483,349,0.8903061224489796,0,0,True,True,True,True,True,True
3825722,3,231,2310,2310,3264,200,0.8658008658008658,0,0,True,True,True,True,True,True
266620,3,543,5430,5430,7529,486,0.8950276243093923,0,0,True,True,True,True,True,True
3825723,3,193,1930,1930,2631,182,0.9430051813471503,0,0,True,True,True,True,True,True
3825724,3,429,4290,4290,6244,375,0.8741258741258742,0,0,True,True,True,True,True,True
3825725,3,313,3130,3130,4461,274,0.8753993610223643,0,0,True,True,True,True,True,True
3825726,3,338,3380,3380,4708,296,0.8757396449704142,0,0,True,True,True,True,True,True
3825727,3,305,3050,3050,4300,274,0.898360655737705,0,0,True,True,True,True,True,True
3825728,3,444,4440,4440,6286,379,0.8536036036036037,0,0,True,True,True,True,True,True
3825729,3,353,3530,3530,4939,321,0.9093484419263456,0,0,True,True,True,True,True,True
3825730,3,359,3590,3590,5000,322,0.8969359331476323,0,0,True,True,True,True,True,True
3825731,3,451,4510,4510,6365,392,0.8691796008869179,0,0,True,True,True,True,True,True
3825732,3,409,4090,4090,5869,358,0.8753056234718827,0,0,True,True,True,True,True,True
3825733,3,341,3410,3410,4698,296,0.8680351906158358,0,0,True,True,True,True,True,True
3825734,3,504,5040,5040,7197,443,0.878968253968254,0,0,True,True,True,True,True,True
3825735,3,410,4100,4100,5839,365,0.8902439024390244,0,0,True,True,True,True,True,True
266149,3,562,5620,5620,7823,486,0.8647686832740213,0,0,True,True,True,True,True,True
3825736,3,317,3170,3170,4356,286,0.9022082018927445,0,0,True,True,True,True,True,True
3825737,3,241,2410,2410,3495,206,0.8547717842323651,0,0,True,True,True,True,True,True
3825738,3,569,5690,5690,8082,510,0.8963093145869947,0,0,True,True,True,True,True,True
3825739,3,611,6110,6110,9202,525,0.8592471358428805,0,0,True,True,True,True,True,True
3825740,3,271,2710,2710,3876,240,0.8856088560885609,0,0,True,True,True,True,True,True
3825741,3,217,2170,2170,3082,200,0.9216589861751152,0,0,True,True,True,True,True,True
265894,3,188,1880,1880,2590,165,0.8776595744680851,0,0,True,True,True,True,True,True
3825742,3,302,3020,3020,4270,274,0.9072847682119205,0,0,True,True,True,True,True,True
3825743,3,235,2350,2350,3262,209,0.8893617021276595,0,0,True,True,True,True,True,True
3825744,3,319,3190,3190,4478,283,0.8871473354231975,0,0,True,True,True,True,True,True
3825745,3,320,3200,3200,4400,269,0.840625,0,0,True,True,True,True,True,True
3825746,3,211,2110,2110,2980,182,0.8625592417061612,0,0,True,True,True,True,True,True
3825747,3,305,3050,3050,4187,272,0.8918032786885246,0,0,True,True,True,True,True,True
3825748,3,442,4420,4420,6379,392,0.8868778280542986,0,0,True,True,True,True,True,True
3825749,3,186,1860,1860,2606,163,0.8763440860215054,0,0,True,True,True,True,True,True
267576,3,581,5810,5810,8258,518,0.891566265060241,0,0,True,True,True,True,True,True
3825750,3,305,3050,3050,4284,270,0.8852459016393442,0,0,True,True,True,True,True,True
3825751,3,312,3120,3120,4261,280,0.8974358974358975,0,0,True,True,True,True,True,True
3825752,3,269,2690,2690,3777,243,0.9033457249070632,0,0,True,True,True,True,True,True
3825753,3,401,4010,4010,5586,358,0.8927680798004988,0,0,True,True,True,True,True,True
3825754,3,358,3580,3580,5012,322,0.8994413407821229,0,0,True,True,True,True,True,True
3825755,3,338,3380,3380,4760,306,0.9053254437869822,0,0,True,True,True,True,True,True
3825756,3,316,3160,3160,4563,278,0.879746835443038,0,0,True,True,True,True,True,True
3825757,3,553,5530,5530,7905,487,0.8806509945750453,0,0,True,True,True,True,True,True
3825758,3,329,3290,3290,4442,286,0.8693009118541033,0,0,True,True,True,True,True,True
3825759,3,270,2700,2700,3838,246,0.9111111111111111,0,0,True,True,True,True,True,True
3825760,3,276,2760,2760,3842,246,0.8913043478260869,0,0,True,True,True,True,True,True
3825761,3,402,4020,4020,5798,353,0.8781094527363185,0,0,True,True,True,True,True,True
3825762,3,240,2400,2400,3301,217,0.9041666666666667,0,0,True,True,True,True,True,True
3825763,3,291,2910,2910,4197,249,0.8556701030927835,0,0,True,True,True,True,True,True
266160,3,192,1920,1920,2711,163,0.8489583333333334,0,0,True,True,True,True,True,True
3825764,3,276,2760,2760,4055,237,0.8586956521739131,0,0,True,True,True,True,True,True
3825765,3,563,5630,5630,7896,487,0.8650088809946714,0,0,True,True,True,True,True,True
3825766,3,222,2220,2220,3077,194,0.8738738738738738,0,0,True,True,True,True,True,True
3825767,3,405,4050,4050,5676,363,0.8962962962962963,0,0,True,True,True,True,True,True
3825768,3,234,2340,2340,3243,210,0.8974358974358975,0,0,True,True,True,True,True,True
3825769,3,344,3440,3440,4775,310,0.9011627906976745,0,0,True,True,True,True,True,True
3825770,3,510,5100,5100,7117,450,0.8823529411764706,0,0,True,True,True,True,True,True
3825771,3,280,2800,2800,3861,241,0.8607142857142858,0,0,True,True,True,True,True,True
3825772,3,324,3240,3240,4612,281,0.8672839506172839,0,0,True,True,True,True,True,True
266254,3,409,4090,4090,5820,357,0.8728606356968215,0,0,True,True,True,True,True,True
3825773,3,289,2890,2890,4128,256,0.8858131487889274,0,0,True,True,True,True,True,True
3825774,3,514,5140,5140,7496,453,0.8813229571984436,0,0,True,True,True,True,True,True
3825775,3,272,2720,2720,3786,246,0.9044117647058824,0,0,True,True,True,True,True,True
3825776,3,361,3610,3610,5272,318,0.8808864265927978,0,0,True,True,True,True,True,True
266815,3,123,1230,1230,1844,102,0.8292682926829268,0,0,True,True,True,True,True,True
3825777,3,218,2180,2180,3211,197,0.9036697247706422,0,0,True,True,True,True,True,True
267273,3,412,4120,4120,5765,364,0.883495145631068,0,0,True,True,True,True,True,True
3825778,3,304,3040,3040,4317,267,0.8782894736842105,0,0,True,True,True,True,True,True
3825779,3,444,4440,4440,6358,383,0.8626126126126126,0,0,True,True,True,True,True,True
3825780,3,236,2360,2360,3281,207,0.8771186440677966,0,0,True,True,True,True,True,True
3825781,3,297,2970,2970,4093,269,0.9057239057239057,0,0,True,True,True,True,True,True
3825782,3,360,3600,3600,5007,328,0.9111111111111111,0,0,True,True,True,True,True,True
3825783,3,313,3130,3130,4401,283,0.9041533546325878,0,0,True,True,True,True,True,True
3825784,3,403,4030,4030,5770,357,0.8858560794044665,0,0,True,True,True,True,True,True
3825785,3,204,2040,2040,2819,182,0.8921568627450981,0,0,True,True,True,True,True,True
3825786,3,272,2720,2720,3967,241,0.8860294117647058,0,0,True,True,True,True,True,True
3825787,3,543,5430,5430,7743,476,0.8766114180478821,0,0,True,True,True,True,True,True
3825788,3,275,2750,2750,3829,238,0.8654545454545455,0,0,True,True,True,True,True,True
3825789,3,340,3400,3400,4747,301,0.8852941176470588,0,0,True,True,True,True,True,True
3825790,3,324,3240,3240,4464,287,0.8858024691358025,0,0,True,True,True,True,True,True
3825791,3,196,1960,1960,2863,177,0.9030612244897959,0,0,True,True,True,True,True,True
265839,3,517,5170,5170,7357,467,0.9032882011605415,0,0,True,True,True,True,True,True
3825792,3,506,5060,5060,7134,434,0.857707509881423,0,0,True,True,True,True,True,True
3825793,3,418,4180,4180,5963,363,0.868421052631579,0,0,True,True,True,True,True,True
3825794,3,365,3650,3650,5205,316,0.8657534246575342,0,0,True,True,True,True,True,True
3825795,3,453,4530,4530,6587,394,0.869757174392936,0,0,True,True,True,True,True,True
3825796,3,391,3910,3910,5562,341,0.8721227621483376,0,0,True,True,True,True,True,True
3825797,3,425,4250,4250,5840,379,0.8917647058823529,0,0,True,True,True,True,True,True
3825798,3,309,3090,3090,4305,277,0.8964401294498382,0,0,True,True,True,True,True,True
3825799,3,234,2340,2340,3291,195,0.8333333333333334,0,0,True,True,True,True,True,True
3825800,3,553,5530,5530,8038,500,0.9041591320072333,0,0,True,True,True,True,True,True
3825801,3,359,3590,3590,5073,318,0.8857938718662952,0,0,True,True,True,True,True,True
266653,3,216,2160,2160,3004,197,0.9120370370370371,0,0,True,True,True,True,True,True
3825802,3,283,2830,2830,3854,240,0.8480565371024735,0,0,True,True,True,True,True,True
3825803,3,332,3320,3320,4686,284,0.8554216867469879,0,0,True,True,True,True,True,True
3825804,3,351,3510,3510,4886,313,0.8917378917378918,0,0,True,True,True,True,True,True
3825805,3,512,5120,5120,7460,443,0.865234375,0,0,True,True,True,True,True,True
3825806,3,463,4630,4630,6559,408,0.8812095032397408,0,0,True,True,True,True,True,True
3825867,3,261,2610,2610,3669,227,0.8697318007662835,0,0,True,True,True,True,True,True
266056,3,236,2360,2360,3436,200,0.847457627118644,0,0,True,True,True,True,True,True
3825807,3,316,3160,3160,4392,290,0.9177215189873418,0,0,True,True,True,True,True,True
3825808,3,302,3020,3020,4277,264,0.8741721854304636,0,0,True,True,True,True,True,True
3825809,3,211,2110,2110,2955,186,0.8815165876777251,0,0,True,True,True,True,True,True
3825810,3,343,3430,3430,4847,302,0.880466472303207,0,0,True,True,True,True,True,True
3825811,3,164,1640,1640,2300,148,0.9024390243902439,0,0,True,True,True,True,True,True
3825812,3,296,2960,2960,4048,270,0.9121621621621622,0,0,True,True,True,True,True,True
266498,3,542,5420,5420,7632,490,0.9040590405904059,0,0,True,True,True,True,True,True
3825813,3,393,3930,3930,6103,342,0.8702290076335878,0,0,True,True,True,True,True,True
3825814,3,252,2520,2520,3654,215,0.8531746031746031,0,0,True,True,True,True,True,True
3825858,3,269,2690,2690,3932,241,0.895910780669145,0,0,True,True,True,True,True,True
3825815,3,258,2580,2580,3509,233,0.9031007751937985,0,0,True,True,True,True,True,True
3825816,3,340,3400,3400,4691,297,0.8735294117647059,0,0,True,True,True,True,True,True
3825844,3,328,3280,3280,4530,288,0.8780487804878049,0,0,True,True,True,True,True,True
3825879,3,397,3970,3970,5627,348,0.8765743073047859,0,0,True,True,True,True,True,True
3825881,3,231,2310,2310,3206,206,0.8917748917748918,0,0,True,True,True,True,True,True
3825817,3,180,1800,1800,2550,164,0.9111111111111111,0,0,True,True,True,True,True,True
3825818,3,385,3850,3850,5360,342,0.8883116883116883,0,0,True,True,True,True,True,True
3825880,3,335,3350,3350,4736,297,0.8865671641791045,0,0,True,True,True,True,True,True
3825887,3,160,1600,1600,2215,136,0.85,0,0,True,True,True,True,True,True
3825903,3,338,3380,3380,4839,307,0.908284023668639,0,0,True,True,True,True,True,True
3825907,3,426,4260,4260,6093,380,0.892018779342723,0,0,True,True,True,True,True,True
266106,3,239,2390,2390,3472,209,0.8744769874476988,0,0,True,True,True,True,True,True
3825819,3,315,3150,3150,4342,279,0.8857142857142857,0,0,True,True,True,True,True,True
3825820,3,466,4660,4660,6786,415,0.8905579399141631,0,0,True,True,True,True,True,True
3825821,3,242,2420,2420,3438,215,0.8884297520661157,0,0,True,True,True,True,True,True
3825885,3,271,2710,2710,3896,241,0.8892988929889298,0,0,True,True,True,True,True,True
267533,3,628,6280,6280,8874,570,0.9076433121019108,0,0,True,True,True,True,True,True
3825822,3,465,4650,4650,6604,406,0.8731182795698925,0,0,True,True,True,True,True,True
3825872,3,322,3220,3220,4598,281,0.8726708074534162,0,0,True,True,True,True,True,True
3825898,3,424,4240,4240,5917,391,0.9221698113207547,0,0,True,True,True,True,True,True
3825823,3,394,3940,3940,5651,364,0.9238578680203046,0,0,True,True,True,True,True,True
3825824,3,317,3170,3170,4456,272,0.8580441640378549,0,0,True,True,True,True,True,True
3825877,3,360,3600,3600,4980,324,0.9,0,0,True,True,True,True,True,True
3825905,3,371,3710,3710,5234,334,0.9002695417789758,0,0,True,True,True,True,True,True
3825825,3,297,2970,2970,4083,265,0.8922558922558923,0,0,True,True,True,True,True,True
3825826,3,306,3060,3060,4242,270,0.8823529411764706,0,0,True,True,True,True,True,True
266664,3,166,1660,1660,2396,137,0.8253012048192772,0,0,True,True,True,True,True,True
3825827,3,345,3450,3450,4863,304,0.881159420289855,0,0,True,True,True,True,True,True
3825828,3,336,3360,3360,4712,299,0.8898809523809523,0,0,True,True,True,True,True,True
3825856,3,424,4240,4240,5988,380,0.8962264150943396,0,0,True,True,True,True,True,True
3825829,3,288,2880,2880,3992,256,0.8888888888888888,0,0,True,True,True,True,True,True
3825830,3,320,3200,3200,4458,284,0.8875,0,0,True,True,True,True,True,True
3825831,3,323,3230,3230,4502,286,0.8854489164086687,0,0,True,True,True,True,True,True
3825832,3,217,2170,2170,2964,202,0.9308755760368663,0,0,True,True,True,True,True,True
3825863,3,273,2730,2730,3747,233,0.8534798534798534,0,0,True,True,True,True,True,True
3825857,3,292,2920,2920,3967,260,0.8904109589041096,0,0,True,True,True,True,True,True
3825833,3,230,2300,2300,3219,207,0.9,0,0,True,True,True,True,True,True
3825852,3,397,3970,3970,5730,358,0.9017632241813602,0,0,True,True,True,True,True,True
3825889,3,439,4390,4390,6240,393,0.8952164009111617,0,0,True,True,True,True,True,True
3825897,3,230,2300,2300,3154,200,0.8695652173913043,0,0,True,True,True,True,True,True
266557,3,582,5820,5820,8168,517,0.8883161512027491,0,0,True,True,True,True,True,True
3825834,3,346,3460,3460,4940,310,0.8959537572254336,0,0,True,True,True,True,True,True
3825835,3,243,2430,2430,3431,206,0.8477366255144033,0,0,True,True,True,True,True,True
3825836,3,431,4310,4310,6285,374,0.8677494199535963,0,0,True,True,True,True,True,True
3825906,3,440,4400,4400,6271,390,0.8863636363636364,0,0,True,True,True,True,True,True
3825837,3,336,3360,3360,4795,295,0.8779761904761905,0,0,True,True,True,True,True,True
3825862,3,270,2700,2700,3797,227,0.8407407407407408,0,0,True,True,True,True,True,True
266310,3,258,2580,2580,3568,218,0.8449612403100775,0,0,True,True,True,True,True,True
3825838,3,535,5350,5350,7663,474,0.8859813084112149,0,0,True,True,True,True,True,True
3825839,3,298,2980,2980,4080,269,0.9026845637583892,0,0,True,True,True,True,True,True
3825840,3,373,3730,3730,5233,324,0.868632707774799,0,0,True,True,True,True,True,True
3825843,3,281,2810,2810,3855,261,0.9288256227758007,0,0,True,True,True,True,True,True
3825893,3,582,5820,5820,8179,508,0.872852233676976,0,0,True,True,True,True,True,True
3825841,3,382,3820,3820,5230,344,0.900523560209424,0,0,True,True,True,True,True,True
3825896,3,276,2760,2760,3801,245,0.8876811594202898,0,0,True,True,True,True,True,True
3825871,3,423,4230,4230,5934,378,0.8936170212765957,0,0,True,True,True,True,True,True
265944,3,588,5880,5880,8069,516,0.8775510204081632,0,0,True,True,True,True,True,True
3825847,3,281,2810,2810,3878,244,0.8683274021352313,0,0,True,True,True,True,True,True
3825886,3,229,2290,2290,3153,208,0.9082969432314411,0,0,True,True,True,True,True,True
3825890,3,270,2700,2700,3970,230,0.8518518518518519,0,0,True,True,True,True,True,True
3825842,3,170,1700,1700,2313,157,0.9235294117647059,0,0,True,True,True,True,True,True
3825875,3,255,2550,2550,3502,233,0.9137254901960784,0,0,True,True,True,True,True,True
3825884,3,284,2840,2840,3949,251,0.8838028169014085,0,0,True,True,True,True,True,True
3825899,3,236,2360,2360,3402,213,0.902542372881356,0,0,True,True,True,True,True,True
3825868,3,465,4650,4650,6443,427,0.9182795698924732,0,0,True,True,True,True,True,True
3825854,3,278,2780,2780,3860,250,0.8992805755395683,0,0,True,True,True,True,True,True
266986,3,172,1720,1720,2447,156,0.9069767441860465,0,0,True,True,True,True,True,True
3825859,3,253,2530,2530,3513,226,0.8932806324110671,0,0,True,True,True,True,True,True
3825864,3,299,2990,2990,4211,279,0.9331103678929766,0,0,True,True,True,True,True,True
3825878,3,156,1560,1560,2175,138,0.8846153846153846,0,0,True,True,True,True,True,True
3825845,3,222,2220,2220,3156,199,0.8963963963963963,0,0,True,True,True,True,True,True
3825870,3,310,3100,3100,4423,281,0.9064516129032258,0,0,True,True,True,True,True,True
3825873,3,464,4640,4640,6760,402,0.8663793103448276,0,0,True,True,True,True,True,True
3825894,3,286,2860,2860,3859,256,0.8951048951048951,0,0,True,True,True,True,True,True
3825855,3,335,3350,3350,4742,293,0.8746268656716418,0,0,True,True,True,True,True,True
265958,3,479,4790,4790,6839,437,0.9123173277661796,0,0,True,True,True,True,True,True
3825850,3,428,4280,4280,6006,386,0.9018691588785047,0,0,True,True,True,True,True,True
3825851,3,494,4940,4940,7184,431,0.8724696356275303,0,0,True,True,True,True,True,True
3825853,3,387,3870,3870,5579,346,0.8940568475452196,0,0,True,True,True,True,True,True
3825860,3,456,4560,4560,6554,402,0.881578947368421,0,0,True,True,True,True,True,True
3825861,3,203,2030,2030,2857,177,0.8719211822660099,0,0,True,True,True,True,True,True
3825865,3,284,2840,2840,4062,247,0.8697183098591549,0,0,True,True,True,True,True,True
3825866,3,505,5050,5050,7039,461,0.9128712871287129,0,0,True,True,True,True,True,True
3825901,3,443,4430,4430,6281,398,0.8984198645598194,0,0,True,True,True,True,True,True
3825904,3,415,4150,4150,5991,367,0.8843373493975903,0,0,True,True,True,True,True,True
3825849,3,325,3250,3250,4648,283,0.8707692307692307,0,0,True,True,True,True,True,True
267506,3,197,1970,1970,2884,171,0.868020304568528,0,0,True,True,True,True,True,True
3825846,3,363,3630,3630,5253,325,0.8953168044077136,0,0,True,True,True,True,True,True
3825869,3,390,3900,3900,5460,343,0.8794871794871795,0,0,True,True,True,True,True,True
3825882,3,341,3410,3410,4941,293,0.8592375366568915,0,0,True,True,True,True,True,True
3825876,3,375,3750,3750,5285,327,0.872,0,0,True,True,True,True,True,True
3825883,3,210,2100,2100,2968,192,0.9142857142857143,0,0,True,True,True,True,True,True
3825900,3,423,4230,4230,5852,377,0.8912529550827423,0,0,True,True,True,True,True,True
3825902,3,394,3940,3940,5838,347,0.8807106598984772,0,0,True,True,True,True,True,True
3825908,3,304,3040,3040,4102,274,0.9013157894736842,0,0,True,True,True,True,True,True
267670,3,600,6000,6000,8692,515,0.8583333333333333,0,0,True,True,True,True,True,True
266892,3,232,2320,2320,3187,202,0.8706896551724138,0,0,True,True,True,True,True,True
267220,3,609,6090,6090,8751,541,0.8883415435139573,0,0,True,True,True,True,True,True
267492,3,543,5430,5430,7673,486,0.8950276243093923,0,0,True,True,True,True,True,True
266033,3,171,1710,1710,2439,144,0.8421052631578947,0,0,True,True,True,True,True,True
267058,3,616,6160,6160,9182,534,0.8668831168831169,0,0,True,True,True,True,True,True
266989,3,350,3500,3500,4875,307,0.8771428571428571,0,0,True,True,True,True,True,True
266191,3,367,3670,3670,5105,319,0.8692098092643051,0,0,True,True,True,True,True,True
267076,3,463,4630,4630,6293,417,0.9006479481641468,0,0,True,True,True,True,True,True
266357,3,122,1220,1220,1784,106,0.8688524590163934,0,0,True,True,True,True,True,True
266528,3,499,4990,4990,6924,434,0.8697394789579158,0,0,True,True,True,True,True,True
266477,3,230,2300,2300,3299,205,0.8913043478260869,0,0,True,True,True,True,True,True
267395,3,463,4630,4630,6391,414,0.8941684665226782,0,0,True,True,True,True,True,True
266731,3,235,2350,2350,3356,210,0.8936170212765957,0,0,True,True,True,True,True,True
266516,3,199,1990,1990,2963,170,0.8542713567839196,0,0,True,True,True,True,True,True
266874,3,358,3580,3580,5017,320,0.8938547486033519,0,0,True,True,True,True,True,True
267464,3,204,2040,2040,3064,175,0.8578431372549019,0,0,True,True,True,True,True,True
265952,3,594,5940,5940,8795,519,0.8737373737373737,0,0,True,True,True,True,True,True
266299,3,451,4510,4510,6259,396,0.8780487804878049,0,0,True,True,True,True,True,True
267660,3,196,1960,1960,2804,170,0.8673469387755102,0,0,True,True,True,True,True,True
266440,3,545,5450,5450,7710,478,0.8770642201834863,0,0,True,True,True,True,True,True
266280,3,514,5140,5140,7278,460,0.8949416342412452,0,0,True,True,True,True,True,True
267590,3,188,1880,1880,2599,171,0.9095744680851063,0,0,True,True,True,True,True,True
267373,3,425,4250,4250,5878,382,0.8988235294117647,0,0,True,True,True,True,True,True
267569,3,306,3060,3060,4327,264,0.8627450980392157,0,0,True,True,True,True,True,True
267101,3,712,7120,7120,10486,636,0.8932584269662921,0,0,True,True,True,True,True,True
267077,3,196,1960,1960,2791,172,0.8775510204081632,0,0,True,True,True,True,True,True
266952,3,619,6190,6190,8687,549,0.8869143780290791,0,0,True,True,True,True,True,True
267039,3,319,3190,3190,4488,273,0.8557993730407524,0,0,True,True,True,True,True,True
267432,3,510,5100,5100,7149,455,0.8921568627450981,0,0,True,True,True,True,True,True
9575,3,567,5670,5670,8139,489,0.8624338624338624,0,0,True,True,True,True,True,True
9581,3,173,1730,1730,2417,151,0.8728323699421965,0,0,True,True,True,True,True,True
9592,3,621,6210,6210,8678,556,0.895330112721417,0,0,True,True,True,True,True,True
9602,3,168,1680,1680,2461,146,0.8690476190476191,0,0,True,True,True,True,True,True
9609,3,485,4850,4850,6652,426,0.8783505154639175,0,0,True,True,True,True,True,True
9636,3,392,3920,3920,5464,338,0.8622448979591837,0,0,True,True,True,True,True,True
9642,3,233,2330,2330,3373,197,0.8454935622317596,0,0,True,True,True,True,True,True
9650,3,608,6080,6080,8600,538,0.8848684210526315,0,0,True,True,True,True,True,True
9661,3,256,2560,2560,3509,223,0.87109375,0,0,True,True,True,True,True,True
9673,3,465,4650,4650,6482,420,0.9032258064516129,0,0,True,True,True,True,True,True
9695,3,256,2560,2560,3730,222,0.8671875,0,0,True,True,True,True,True,True
9700,3,606,6060,6060,8353,540,0.8910891089108911,0,0,True,True,True,True,True,True
9717,3,253,2530,2530,3572,221,0.8735177865612648,0,0,True,True,True,True,True,True
9726,3,537,5370,5370,7295,488,0.9087523277467412,0,0,True,True,True,True,True,True
9736,3,355,3550,3550,4933,320,0.9014084507042254,0,0,True,True,True,True,True,True
9742,3,598,5980,5980,8522,514,0.8595317725752508,0,0,True,True,True,True,True,True
9754,3,361,3610,3610,5135,326,0.9030470914127424,0,0,True,True,True,True,True,True
9765,3,405,4050,4050,5898,355,0.8765432098765432,0,0,True,True,True,True,True,True
9774,3,571,5710,5710,8070,506,0.8861646234676007,0,0,True,True,True,True,True,True
9783,3,142,1420,1420,2010,120,0.8450704225352113,0,0,True,True,True,True,True,True
9794,3,617,6170,6170,8794,547,0.8865478119935171,0,0,True,True,True,True,True,True
9799,3,343,3430,3430,4751,299,0.8717201166180758,0,0,True,True,True,True,True,True
9827,3,229,2290,2290,3219,204,0.8908296943231441,0,0,True,True,True,True,True,True
9837,3,475,4750,4750,6752,412,0.8673684210526316,0,0,True,True,True,True,True,True
9855,3,483,4830,4830,6817,425,0.8799171842650103,0,0,True,True,True,True,True,True
9860,3,304,3040,3040,4357,269,0.8848684210526315,0,0,True,True,True,True,True,True
9870,3,610,6100,6100,8770,543,0.8901639344262295,0,0,True,True,True,True,True,True
9880,3,623,6230,6230,8832,564,0.9052969502407705,0,0,True,True,True,True,True,True
9889,3,342,3420,3420,4834,301,0.8801169590643275,0,0,True,True,True,True,True,True
9912,3,350,3500,3500,5023,312,0.8914285714285715,0,0,True,True,True,True,True,True
9924,3,440,4400,4400,6296,382,0.8681818181818182,0,0,True,True,True,True,True,True
9928,3,535,5350,5350,7414,489,0.914018691588785,0,0,True,True,True,True,True,True
9948,3,501,5010,5010,7011,441,0.8802395209580839,0,0,True,True,True,True,True,True
15946,3,734,7340,7340,10403,647,0.8814713896457765,0,0,True,True,True,True,True,True
15956,3,244,2440,2440,3401,211,0.8647540983606558,0,0,True,True,True,True,True,True
15978,3,259,2590,2590,3546,230,0.888030888030888,0,0,True,True,True,True,True,True
15998,3,179,1790,1790,2526,162,0.9050279329608939,0,0,True,True,True,True,True,True
16010,3,480,4800,4800,6661,432,0.9,0,0,True,True,True,True,True,True
16023,3,229,2290,2290,3280,201,0.8777292576419214,0,0,True,True,True,True,True,True
16029,3,379,3790,3790,5171,346,0.9129287598944591,0,0,True,True,True,True,True,True
16056,3,385,3850,3850,5362,344,0.8935064935064935,0,0,True,True,True,True,True,True
16073,3,253,2530,2530,3734,217,0.857707509881423,0,0,True,True,True,True,True,True
16079,3,623,6230,6230,8865,553,0.8876404494382022,0,0,True,True,True,True,True,True
16086,3,341,3410,3410,4786,307,0.9002932551319648,0,0,True,True,True,True,True,True
16095,3,298,2980,2980,4393,257,0.8624161073825504,0,0,True,True,True,True,True,True
16109,3,448,4480,4480,6229,410,0.9151785714285714,0,0,True,True,True,True,True,True
16120,3,135,1350,1350,1893,115,0.8518518518518519,0,0,True,True,True,True,True,True
16131,3,493,4930,4930,6867,436,0.8843813387423936,0,0,True,True,True,True,True,True
16136,3,595,5950,5950,8330,533,0.8957983193277311,0,0,True,True,True,True,True,True
16149,3,255,2550,2550,3474,231,0.9058823529411765,0,0,True,True,True,True,True,True
16157,3,632,6320,6320,8784,564,0.8924050632911392,0,0,True,True,True,True,True,True
16173,3,234,2340,2340,3144,213,0.9102564102564102,0,0,True,True,True,True,True,True
16182,3,593,5930,5930,8447,518,0.8735244519392917,0,0,True,True,True,True,True,True
16190,3,231,2310,2310,3283,199,0.8614718614718615,0,0,True,True,True,True,True,True
16196,3,330,3300,3300,4636,291,0.8818181818181818,0,0,True,True,True,True,True,True
16205,3,589,5890,5890,8347,512,0.8692699490662139,0,0,True,True,True,True,True,True
16215,3,492,4920,4920,6951,433,0.8800813008130082,0,0,True,True,True,True,True,True
16231,3,533,5330,5330,7761,449,0.8424015009380863,0,0,True,True,True,True,True,True
16240,3,270,2700,2700,3814,236,0.8740740740740741,0,0,True,True,True,True,True,True
16248,3,629,6290,6290,9124,557,0.8855325914149443,0,0,True,True,True,True,True,True
16265,3,421,4210,4210,5835,372,0.8836104513064132,0,0,True,True,True,True,True,True
16275,3,144,1440,1440,2068,122,0.8472222222222222,0,0,True,True,True,True,True,True
16289,3,504,5040,5040,7080,445,0.8829365079365079,0,0,True,True,True,True,True,True
16306,3,725,7250,7250,10139,641,0.8841379310344828,0,0,True,True,True,True,True,True
16317,3,276,2760,2760,3909,247,0.894927536231884,0,0,True,True,True,True,True,True
303666,3,130,1300,1300,1814,116,0.8923076923076924,0,0,True,True,True,True,True,True
303430,3,496,4960,4960,6891,451,0.9092741935483871,0,0,True,True,True,True,True,True
303473,3,475,4750,4750,6550,421,0.8863157894736842,0,0,True,True,True,True,True,True
303700,3,319,3190,3190,4693,278,0.8714733542319749,0,0,True,True,True,True,True,True
303600,3,486,4860,4860,6702,442,0.9094650205761317,0,0,True,True,True,True,True,True
303504,3,274,2740,2740,3869,252,0.9197080291970803,0,0,True,True,True,True,True,True
303487,3,563,5630,5630,7980,490,0.8703374777975134,0,0,True,True,True,True,True,True
303715,3,141,1410,1410,1986,119,0.8439716312056738,0,0,True,True,True,True,True,True
303524,3,273,2730,2730,3960,246,0.9010989010989011,0,0,True,True,True,True,True,True
303451,3,586,5860,5860,8139,521,0.8890784982935154,0,0,True,True,True,True,True,True
303664,3,488,4880,4880,7047,431,0.8831967213114754,0,0,True,True,True,True,True,True
303596,3,494,4940,4940,6924,447,0.9048582995951417,0,0,True,True,True,True,True,True
303517,3,677,6770,6770,9447,612,0.9039881831610044,0,0,True,True,True,True,True,True
303652,3,214,2140,2140,2948,188,0.8785046728971962,0,0,True,True,True,True,True,True
303610,3,839,8390,8390,11983,753,0.8974970202622169,0,0,True,True,True,True,True,True
303400,3,232,2320,2320,3333,200,0.8620689655172413,0,0,True,True,True,True,True,True
303682,3,652,6520,6520,9079,581,0.8911042944785276,0,0,True,True,True,True,True,True
303707,3,233,2330,2330,3256,202,0.8669527896995708,0,0,True,True,True,True,True,True
303377,3,574,5740,5740,8012,514,0.8954703832752613,0,0,True,True,True,True,True,True
303731,3,568,5680,5680,7725,504,0.8873239436619719,0,0,True,True,True,True,True,True
303470,3,449,4490,4490,6298,391,0.8708240534521158,0,0,True,True,True,True,True,True
303479,3,446,4460,4460,6155,400,0.8968609865470852,0,0,True,True,True,True,True,True
303548,3,235,2350,2350,3367,207,0.8808510638297873,0,0,True,True,True,True,True,True
303532,3,676,6760,6760,9759,587,0.8683431952662722,0,0,True,True,True,True,True,True
303674,3,277,2770,2770,3803,247,0.8916967509025271,0,0,True,True,True,True,True,True
303493,3,602,6020,6020,8420,533,0.8853820598006644,0,0,True,True,True,True,True,True
303516,3,185,1850,1850,2617,162,0.8756756756756757,0,0,True,True,True,True,True,True
303696,3,666,6660,6660,9133,590,0.8858858858858859,0,0,True,True,True,True,True,True
303725,3,246,2460,2460,3376,216,0.8780487804878049,0,0,True,True,True,True,True,True
303615,3,731,7310,7310,10576,647,0.8850889192886456,0,0,True,True,True,True,True,True
303680,3,228,2280,2280,3161,196,0.8596491228070176,0,0,True,True,True,True,True,True
303634,3,620,6200,6200,8731,553,0.8919354838709678,0,0,True,True,True,True,True,True
303421,3,204,2040,2040,2845,176,0.8627450980392157,0,0,True,True,True,True,True,True
3773593,3,572,5720,5720,7950,505,0.8828671328671329,0,0,True,True,True,True,True,True
3773466,3,248,2480,2480,3511,217,0.875,0,0,True,True,True,True,True,True
3773672,3,502,5020,5020,6987,442,0.8804780876494024,0,0,True,True,True,True,True,True
3773587,3,133,1330,1330,1826,118,0.8872180451127819,0,0,True,True,True,True,True,True
3773585,3,519,5190,5190,7444,454,0.8747591522157996,0,0,True,True,True,True,True,True
3773386,3,111,1110,1110,1512,102,0.918918918918919,0,0,True,True,True,True,True,True
3773477,3,484,4840,4840,6730,443,0.9152892561983471,0,0,True,True,True,True,True,True
3773656,3,430,4300,4300,5989,380,0.8837209302325582,0,0,True,True,True,True,True,True
3773547,3,591,5910,5910,8402,531,0.8984771573604061,0,0,True,True,True,True,True,True
3773660,3,574,5740,5740,8055,520,0.9059233449477352,0,0,True,True,True,True,True,True
3773523,3,393,3930,3930,5551,347,0.8829516539440203,0,0,True,True,True,True,True,True
3773377,3,599,5990,5990,8490,514,0.8580968280467446,0,0,True,True,True,True,True,True
3773571,3,289,2890,2890,4115,250,0.8650519031141869,0,0,True,True,True,True,True,True
3764661,3,350,3500,3500,4974,322,0.92,0,0,True,True,True,True,True,True
3773565,3,192,1920,1920,2705,162,0.84375,0,0,True,True,True,True,True,True
3773403,3,515,5150,5150,7362,447,0.8679611650485437,0,0,True,True,True,True,True,True
3773631,3,277,2770,2770,3867,242,0.8736462093862816,0,0,True,True,True,True,True,True
3773526,3,646,6460,6460,9172,560,0.8668730650154799,0,0,True,True,True,True,True,True
3764440,3,604,6040,6040,8578,534,0.8841059602649006,0,0,True,True,True,True,True,True
3773625,3,319,3190,3190,4528,287,0.8996865203761756,0,0,True,True,True,True,True,True
3773665,3,290,2900,2900,3966,254,0.8758620689655172,0,0,True,True,True,True,True,True
3773597,3,238,2380,2380,3434,212,0.8907563025210085,0,0,True,True,True,True,True,True
3773474,3,567,5670,5670,8125,506,0.892416225749559,0,0,True,True,True,True,True,True
3773497,3,215,2150,2150,2988,182,0.8465116279069768,0,0,True,True,True,True,True,True
3773661,3,694,6940,6940,9760,622,0.8962536023054755,0,0,True,True,True,True,True,True
3773689,3,343,3430,3430,4859,312,0.9096209912536443,0,0,True,True,True,True,True,True
3773586,3,752,7520,7520,10769,645,0.8577127659574468,0,0,True,True,True,True,True,True
3773695,3,263,2630,2630,3694,232,0.8821292775665399,0,0,True,True,True,True,True,True
3773372,3,455,4550,4550,6530,402,0.8835164835164835,0,0,True,True,True,True,True,True
3773387,3,291,2910,2910,4048,256,0.8797250859106529,0,0,True,True,True,True,True,True
3773457,3,563,5630,5630,7846,501,0.8898756660746003,0,0,True,True,True,True,True,True
